Time,25W,25X,25Y
0.008,1974.3778460912215,1845.5297805531911,2031.2179321632002
0.008,1992.5715586757733,1650.0939965151235,1936.7685537772509
0.031,1888.1220476556855,1516.0530344797612,2161.8506940489306
0.031,2010.4120437523998,1733.2758133377413,1882.0287132717247
0.032,2095.073467528306,1495.8264000133004,1736.1839123851637
0.032,2003.9313129935856,1622.4152754789793,1932.6021546137129
0.058,1970.346019604974,1614.7455657036721,2077.0879227181586
0.058,1975.7866882784049,1539.8623901779592,2099.6681224838853
0.085,1792.61246860379,1692.7742809307376,1992.0738598548082
0.085,1873.0806690355557,1533.6789155401827,2037.2377466454388
0.085,1903.1917045977568,1727.716805664943,2039.3916972174645
0.113,1770.3704299264166,1583.7609706391672,1836.454014415004
0.113,1992.200351670144,1650.1199666675222,2083.6268200571085
0.14,2041.9288864965984,1592.936657020602,1885.0972117614313
0.14,1772.251979702491,1649.9214734265645,1876.9976921566174
0.14,2027.2216761061345,1500.1728476093192,1983.3099554185953
0.167,2036.2407193272977,1696.7041252354759,2233.315998329512
0.168,2190.8643699597574,1620.131237805434,1949.323715062929
0.194,2067.644910138307,1569.4506062726666,1981.9322135102575
0.194,2165.9372925441057,1480.8990557094216,1902.7198363805846
0.194,2100.913445839863,1620.797722210889,2099.107829308931
0.194,2202.6780027668624,1606.2208786985896,1928.1255398339706
0.219,1937.3306385177902,1656.549558958725,1987.7316162839622
0.246,1929.814955232809,1592.0613168155949,2051.2974641059827
0.246,1778.913922913836,1445.3505111478773,1989.7793101943214
0.247,2170.2418535386305,1666.60772704797,2047.4138840390183
0.247,1936.9520806368298,1500.6012741035693,1932.0055630325235
0.276,2002.8037090248063,1579.9616991621328,1979.8267267477936
0.303,2112.099723316497,1733.32140778361,1927.238658032041
0.303,2044.6399987541695,1792.6300663348043,1857.0740070993857
0.303,2289.3635177279557,1461.0741090693086,1959.6657274593988
0.303,2152.919547375929,1788.6316880776324,1867.9122877763264
0.33,2089.724814498715,1559.7775352376495,2007.8356545092656
0.33,1843.9137200549958,1543.4411198860312,2047.526361826951
0.357,2020.531931520293,1714.7558670364642,1965.902847129509
0.357,2139.6829949323637,1584.4290201877195,1885.3005882154548
0.357,1935.4299849158572,1651.4642153137004,1982.9560883749484
0.357,1954.8869997204247,1435.6271291991643,1912.2910671397608
0.386,1879.883539253587,1710.1016614045961,2066.587341890732
0.386,1984.634544179056,1645.2279346684668,2142.6177056314973
0.414,1731.699380485096,1693.1841570835193,2111.337495411556
0.415,1985.8013948421722,1543.8162816295173,1900.6047443913899
0.416,2113.6851954619146,1676.4002143047364,1834.7072051845412
0.416,1903.4056538406035,1837.8867816057073,1967.6535093245814
0.442,1964.820665096001,1608.1203397123943,2104.1207040148415
0.442,2092.912718718128,1577.0127820268028,2110.560265942158
0.47,2139.651627148926,1423.2810305986034,1930.9072743430593
0.47,2045.4121283551958,1699.8174591714208,1762.9234797229587
0.471,1933.0417510894756,1520.290685233686,1862.4444673789392
0.471,1946.748432968466,1558.8112490272126,1990.6714171856522
0.498,2098.505963823638,1511.8602406389618,1814.8937251610623
0.498,1963.5072649490662,1591.60885959896,2052.313334943473
0.526,2157.0863200593826,1638.6366153337356,2105.1444320404494
0.526,1893.7917084052162,1569.524535265538,1967.9031199425701
0.526,2160.4180047606033,1547.357374074924,1803.2881620766543
0.526,2032.16645950272,1716.525281463001,1926.339679355411
0.555,1968.6089029809436,1584.6135908228418,2154.3569775420383
0.555,2059.914608873121,1582.8622683449148,2152.668454299963
0.582,1973.2003929238165,1602.3154289302468,2196.4831228887783
0.582,1880.7167802192841,1683.6047537935697,1982.6995915876662
0.61,2134.0510419800507,1627.9963208782158,1849.8900091929665
0.61,1826.9221223568989,1663.6878881474033,1928.0203300679432
0.61,2115.2544716404536,1778.0484456075817,1945.5376814938397
0.611,1694.5866184855854,1680.939649962804,1857.8209358063364
0.638,2026.8571524001668,1661.683888744572,1977.741973728496
0.638,1977.4693299248454,1794.201703443593,1880.0558827239083
0.639,2048.3595300522024,1910.5576640640124,1795.1723854900067
0.639,2018.8583853869466,1534.7171765459464,2107.976877855463
0.665,2098.205939431183,1629.7000017038504,1823.6892603819256
0.665,2047.2723938643799,1558.7879213667513,1907.7872753546762
0.693,2146.3473883240713,1578.6255785362757,1857.2785454387058
0.693,1970.4803388262371,1616.817846710776,2040.096632662351
0.693,1901.6600897461756,1547.5355719913332,1869.5966895586607
0.693,1942.6885774751881,1461.3334324687173,1872.9511526535766
0.72,2132.9088191918745,1777.19880905453,2121.8068704721127
0.72,2057.7375154393494,1594.4183925961042,1866.9262017937365
0.747,2022.141897730177,1761.7927833719868,1916.614101466347
0.747,1877.1820047023907,1634.0183426605006,1746.2975746141087
0.748,2036.6322988287998,1662.0743996103333,2030.0336734602038
0.748,1995.818548345131,1434.2949349897717,1596.6200553925755
0.775,1969.6163225978648,1793.0671256897865,2047.0483056623673
0.775,1852.8659380453055,1545.340250474909,2172.322924640769
0.809,1998.1648397401896,1703.402581027376,1860.460312888762
0.809,1835.6063937812094,1619.2553518948946,2039.9968093331033
0.829,2148.9129779346463,1845.1493116817144,1774.1318762104797
0.829,1883.015740791933,1626.5801511385864,1901.0985791857102
0.829,2232.8214160043362,1665.9284580927094,2117.6167966388057
0.83,1986.842275662115,1735.0646506918242,1760.7365480835833
0.85,2315.9054881535585,1684.1317334532102,1941.6055300281162
0.871,1963.1940099581245,1627.259791775349,1885.954598465912
0.872,1847.2511002321346,1676.7851314325512,1909.0940815210863
0.89,2006.4254650461799,1694.5675721243385,2049.828532850942
0.891,1862.98008378681,1545.6536974805067,1958.5639855800196
0.891,2144.0990126268607,1787.1081881289902,1947.7686862703847
0.891,1953.081009934968,1557.3164331312744,1932.9303865726313
0.911,1782.0872218845072,1742.2377221452095,2029.219924827907
0.911,2156.8518191305534,1598.5562557577264,1915.0455617337425
0.932,1925.5854025635838,1526.128543657186,2028.4174481312943
0.932,1869.0575329888848,1793.1865769424721,2000.6563227363597
0.953,2143.720851814461,1522.4079745503388,1901.5903393371716
0.953,1826.920600119633,1528.0921489729876,1974.9985341770305
0.975,2085.3094814934916,1461.229448472917,1722.2758765137717
0.975,1906.7379190624035,1789.871153555472,1940.5054830785034
0.996,2153.7681632749463,1619.3718715030307,1973.643370823589
0.996,2134.145788792755,1602.7202194220865,1968.2077530752256
1.018,1941.4155273051495,1756.86182902957,2056.43272692506
1.018,2112.1478032762307,1828.568632218389,1882.9730382672465
1.038,1946.538297244176,1713.5691699627794,1988.3785190600568
1.038,2046.7257367440297,1536.8188738834074,2066.38921014479
1.058,1852.3770753931726,1580.4590834856872,1969.7089740231347
1.058,2077.6905615161218,1625.8688694008863,1794.064005679627
1.059,1789.7907467461494,1678.783948650791,2089.7202260498148
1.059,2080.8562915438306,1445.6514094110669,1853.4169284991751
1.08,1943.6256707842567,1632.2166345931741,1766.4548668224065
1.08,2069.0797000910466,1641.8435514455548,2163.960900581052
1.101,1849.2817769116646,1743.6114922129316,2026.1247135010087
1.101,1874.8200461050444,1502.7403584698286,1762.955117551035
1.122,1947.6745682293074,1630.1248867950192,1896.0328345640648
1.122,2294.756243447765,1767.2783307185252,1745.2734211217178
1.145,2084.046509747034,1419.3160831263933,2014.8704957652512
1.145,2041.1952629732887,1567.1047979033472,1873.072901435697
1.164,2045.249598049014,1605.2346070427902,2148.986268536281
1.164,2045.5122713275248,1746.1567570529844,1885.7170087732948
1.185,2001.6324939585288,1659.1657315202062,1958.3496408391939
1.185,2163.10261868487,1534.81931442863,2058.2042721099874
1.205,1944.6881302544252,1515.4505606584523,1999.1405199138985
1.205,1874.061217160398,1728.0501863157772,2059.4557037430322
1.228,1926.5750081798167,1564.3676414877973,2038.4740961256668
1.228,1964.5339868033652,1443.6759655134965,2030.2943460819229
1.229,2070.0696000904522,1640.966190707989,1947.9041284063917
1.229,1919.3331675296895,1608.2762848196303,1951.711865834492
1.247,1995.0244943580915,1594.87238851551,2001.6408298293945
1.247,2061.002939386959,1679.3252960485618,1939.0401146251784
1.268,2007.650274556681,1648.1569785086524,1965.6746603901354
1.268,1902.2583886898112,1528.2156040371915,1797.834563630969
1.289,1886.7163934332523,1643.284126802106,1750.6426346794408
1.289,2086.1271035277405,1519.7382734850792,1820.8680652518
1.332,2144.129466167794,1643.6435078013922,1920.5262508471171
1.332,2008.6558675956153,1547.7527918690264,1913.6374131814869
1.332,2058.878555118695,1650.7811727315054,2123.4112724931756
1.333,2044.7943132623454,1588.9800007869746,2018.907081909994
1.354,1912.8862532553055,1768.917483442409,2071.173751255642
1.354,1980.7392440242654,1701.1191416605714,1936.557978119645
1.372,2109.7334167468357,1642.3174989298727,1954.670085280258
1.372,1925.9282938763754,1582.5866049781575,1710.737822689402
1.393,2026.9823312287883,1462.213884794609,2066.5703256437405
1.394,2143.2448519055542,1499.8329748822666,1875.6364556350343
1.394,2094.30122815439,1675.1503028227173,1807.5610560846073
1.394,2193.1473836861574,1759.6108820684826,1927.8584919890286
1.415,2257.7006338192464,1545.3244879288327,2053.8207275160566
1.415,1979.4886814571023,1809.7978022843538,1982.7175682458071
1.435,1838.5606528083188,1683.2178841465266,1857.5706306763184
1.435,1785.6869792548273,1719.7746837169525,2047.5479083790162
1.457,2119.010717579117,1668.089592236547,1960.9530926135826
1.457,1668.6704428948697,1551.9587093012283,1862.9713810244646
1.479,1894.274915013183,1689.434288284742,2073.4883303427255
1.479,2060.5520954799335,1685.8541923663713,2169.9610073258214
1.502,2142.824363683362,1580.1892563790072,2135.684403191867
1.502,2129.01548275774,1511.4403161201126,1966.0802798241752
1.522,2107.343142016526,1827.692254963592,1904.0378393556712
1.522,2100.7478459877484,1716.7755816168246,1793.4537182460049
1.542,2040.1585855517426,1705.6169852528358,1711.806483978799
1.543,1900.3256213882416,1605.3070602046218,2139.611698936171
1.563,2173.5563538039846,1622.694235817139,2022.5581682145798
1.563,2012.8624602403352,1683.4525958788247,1894.9777404011527
1.563,1854.0957151295509,1756.2717365444773,2125.810405225455
1.563,1967.6018460220637,1611.681425130777,1807.7714583053992
1.584,1853.3547982328228,1701.2995984455101,1970.9213029451407
1.584,2002.3556502593267,1704.1780648400734,1971.905525533513
1.605,2094.0990480921128,1425.8477346230914,1947.2476715459882
1.605,1817.4521314777242,1517.1214686995672,1867.1229646078582
1.627,1923.0215294522413,1557.4576878086482,1860.4826216797817
1.627,1862.275649875383,1703.595480168604,2130.416198235726
1.647,1991.0588062100692,1551.3477186641937,2096.5001360949773
1.647,2151.014748048522,1691.3390477841056,2208.773492057813
1.668,1819.5376658507416,1577.8559488430494,1820.2078055940412
1.668,2057.2779044034264,1461.3637759019693,2095.193239841201
1.691,1963.6809455229618,1673.044586214781,2035.0874662503527
1.691,1975.5117819354643,1678.456090336063,2090.4587724440944
1.711,2060.11695137497,1492.1435208684834,1887.0953814033119
1.711,1770.1506803176449,1665.737131669431,1833.2444424856335
1.731,2115.6449003890248,1548.2737903873015,2288.8078334980805
1.731,1950.7506004291808,1563.4110356029723,2089.33787076669
1.732,1903.4578655002078,1598.415530532859,1838.4512856422662
1.732,1949.28376438318,1708.289971866366,2217.2505823839933
1.752,2268.8106884751733,1493.5192115301147,1954.6405951362333
1.752,2098.2014885597896,1699.8876041640135,1907.6397599577083
1.772,1978.627560161204,1738.2794282165382,2061.315182712814
1.772,2099.002907541488,1829.2154910025972,2025.2650713094556
1.794,1950.4053794909469,1710.051103800925,1943.3038269911647
1.794,2120.8861437814116,1662.3250636166727,1887.9805062211888
1.815,1764.3946151473904,1482.3002366061387,1793.7065284347798
1.815,2106.5986550639036,1552.8499627495407,1904.1655629878994
1.837,1992.7882897189627,1763.3010515354797,2264.4856508568455
1.837,2087.6384459194473,1729.0053820813798,2035.263282191513
1.859,2193.5952411549224,1681.1931099225872,2056.6242391074193
1.859,2185.9195386448314,1623.882990235631,2179.8001872456116
1.88,2034.608498754182,1690.523626377866,2010.3442851020832
1.88,1991.7439915004773,1517.6693904122308,2033.579888899364
1.899,1963.3436857150748,1624.5909820550182,1892.6474818401891
1.899,2204.858752850242,1768.7249419807047,1993.9178711613333
1.9,2128.8846574825125,1600.6484750534078,1860.9645034613936
1.9,1766.4062047325644,1704.5938542183535,1966.465620756983
1.921,1931.2852089847224,1690.7478571267377,2046.96166141969
1.921,2221.2498859584107,1611.4563818668307,1984.0586136517688
1.941,2005.731243891246,1488.4409345352158,1810.979520732751
1.941,2030.613017184517,1792.2101024543865,2059.0732376257847
1.962,2203.2528384413094,1720.3107114255026,2110.3609632403177
1.962,2127.0547602562856,1682.3384740798042,1974.8157342728866
2.004,2110.733725711592,1757.6595882685183,2090.1692491624353
2.005,1918.0349538942553,1642.6220993028492,1764.596714007799
2.005,1860.0448049423255,1458.8200836759254,1730.4095781270503
2.005,2068.2445735975884,1712.976926832735,2038.2565526402088
2.025,2029.1564444410787,1765.6029015103832,1912.2595732633047
2.025,2134.3105144024616,1600.4155019381765,2098.571969315862
2.045,1691.0702372774017,1590.7675144306938,2014.6319643156937
2.045,1837.1877313759824,1749.5682013501862,2148.6577180934632
2.066,1942.491126836079,1732.740455770238,1760.6970885003404
2.066,1996.6061555075232,1701.8496098123185,1949.6214344168488
2.066,2029.6401843036326,1685.349424620905,1950.8758276909884
2.066,2178.449518441369,1622.410696115526,1896.7656392859126
2.087,1998.023634162243,1855.8221088099313,2182.6947410940866
2.087,1810.450740046495,1619.138201281447,1876.1236283967926
2.107,1959.7964185878832,1529.2039859145232,2076.81766890063
2.107,1926.8182109091977,1522.4860211124403,1923.9881325835004
2.128,1971.1092211047398,1667.6533482263953,1896.1788511256232
2.129,1840.9928374974447,1642.6197983700768,2378.126033946809
2.15,1876.8300436287354,1665.813303472477,2084.9589927740703
2.15,1857.7110543251356,1606.0697889633839,1824.6821042246122
2.171,1866.6114956024421,1527.887259872719,1827.7443765640164
2.171,1967.8506795622502,1733.2212977064335,1867.743557736985
2.192,1828.158140919411,1553.0190549749907,2038.7716779382522
2.192,2065.1363897725064,1610.8295590298962,2016.0971763228554
2.216,1817.114468921507,1701.8458110350873,1916.2876261631536
2.216,1916.4673683360338,1601.6036552072512,2011.888859262211
2.234,2079.663741664599,1476.6886296175057,2060.118657863934
2.234,1976.8386310935716,1696.0261962506684,2026.0652898536741
2.234,1891.9456721520676,1446.0019315174147,1880.7711279585299
2.234,2124.555610768448,1673.8528571049999,1948.7267741735236
2.255,2180.980371097942,1779.9151771739496,1992.1254053505852
2.255,1923.2096515865644,1618.3090352413667,2115.022217662948
2.276,1990.637715148434,1752.3120788409858,1928.9551862970752
2.276,1911.45500565259,1479.302163118815,2034.9347499339112
2.299,1876.357930111865,1750.8974768944245,2031.7957510483611
2.299,2005.1370205813678,1510.6326358545048,2073.2659581398107
2.322,2077.3421475911937,1548.10749318134,2019.531268562852
2.322,2038.4671236532554,1588.2194206933161,1946.2826493801242
2.342,1753.561434818695,1783.674240022223,2000.7137834366088
2.342,1940.9564823498272,1585.0560082485904,1931.514505838983
2.385,2013.5407723716933,1712.355305575611,1931.7007669999107
2.385,2058.2669179992627,1551.1126399671823,2160.827680885891
2.385,1860.1070647117056,1660.2817150792343,2036.3338622663473
2.385,2008.0079541945859,1704.0191979666743,2263.5366796910826
2.406,2111.680320719357,1617.9063663604431,2035.6385558689235
2.406,1975.710529887327,1759.7510737236105,1888.64494163151
2.406,1964.4357477343754,1493.7155888561267,2052.762561807828
2.406,1983.7178905774633,1490.6278825211828,2102.5513314009663
2.426,2066.6346164812735,1654.6769784248502,1945.6585694729856
2.426,2042.8192725643205,1721.2035078592826,2138.611543937055
2.447,1974.3656241632405,1649.4758373406328,1937.1557887660074
2.447,2255.2202193398502,1682.3683440995005,1925.3725753172837
2.468,1971.3223449235766,1694.9575628192636,1979.242456031872
2.469,1913.1711780301937,1500.546485292522,1801.8172341102816
2.489,2074.2360313673908,1730.7236602504677,1968.6303268738636
2.489,1976.6654267362392,1547.6059610402629,1878.6610850134534
2.511,2178.2966579518006,1494.89763190814,2001.11344183443
2.511,1891.6100278734275,1730.1561326881297,1766.9541172729807
2.532,2188.922221878558,1747.0632395228777,2062.6229114681964
2.532,1832.0551363552145,1544.492608401796,2151.116704865686
2.553,2185.4598022563346,1540.8779078792295,1911.9410588695748
2.553,2086.60262744444,1726.3295981975,1908.5007881351353
2.573,2129.153701134681,1805.1705562550922,2069.8425840988243
2.573,2001.484112285554,1682.7288011105056,1904.5972585079226
2.575,1986.8778691528114,1591.1513790857884,1955.1712826516577
2.575,1830.3464111196802,1567.1669262802914,1967.1581750371627
2.592,2028.6073306582996,1676.4079390040338,2024.5844875464459
2.592,1954.5012323358203,1717.599613452675,2248.477270649213
2.614,2145.094781624453,1635.9575244325736,2021.9982273125365
2.614,2042.9614241533563,1478.6360687606343,1984.4181544751889
2.636,2114.04633996145,1594.3722665672863,2088.031502128447
2.636,2084.4295558359404,1572.7764109915581,2067.5294375342887
2.655,1930.0890786469176,1581.7364710209945,2115.0881032859356
2.655,1871.0055149122875,1675.1283362848703,1822.3569408735589
2.676,1837.7183964362216,1473.359626613588,2100.7502986210166
2.676,1939.0190572675874,1728.543611825993,2077.599790610193
2.696,1819.3605893915596,1587.8368985560091,2211.4902009081925
2.696,2218.8684842309503,1588.8526335961008,2086.6974379133962
2.718,1953.848604244411,1625.580577871136,2173.521292440528
2.718,2172.1177652232705,1584.507972849621,1980.0234917911116
2.738,1973.7973962439535,1686.4841909846086,1888.5185951056785
2.738,2294.4594250250448,1692.0641423072614,1955.1951063036245
2.738,1826.0831929006893,1575.1001245587745,2041.7387585087668
2.738,1906.2977438499004,1674.1379574550751,2035.28230141276
2.759,1940.743301829065,1787.7783461365339,1910.1638208218035
2.759,2005.6954440993734,1522.3822438992306,2025.8069334008817
2.78,2119.981168270111,1775.0744971017875,1998.423304022691
2.78,2194.9012431435317,1661.3809152880763,2166.782345405244
2.801,1909.8115999688125,1566.5168817438612,1908.6532585059263
2.801,2097.8367967901686,1641.6606785119802,1924.6507909405693
2.822,1847.9815753453647,1603.5483712516493,2085.81040271064
2.822,2135.3647949340443,1739.3261091933382,1612.8879391913938
2.842,2024.7438995745313,1785.1135329371568,1967.8255117581623
2.842,2060.6227667010935,1880.0145690767379,1915.438095526184
2.863,1892.4560980294013,1702.2530965539106,1731.9512047893331
2.863,2127.153770387493,1402.2363423114498,1943.435816091574
2.884,1996.192223161984,1747.8438972930376,1926.2905717386764
2.884,1759.8359380023553,1739.8834154768288,1880.3040194591892
2.904,2030.8351748778464,1563.6338960115172,1938.6131132234434
2.905,2220.9847456254606,1572.8477881332485,2133.062983773971
2.905,1915.0888069570228,1556.9314814236066,1791.0055185615358
2.905,2128.7127093766367,1655.5382058824873,1837.535626985894
2.927,2017.285716490756,1783.9889435015448,1892.9888058350684
2.927,2143.9922998249926,1654.5054493806622,2138.621158408627
2.949,1892.5094507209164,1453.7005496851575,2069.890106456536
2.949,1862.5570160077098,1640.909921748875,1873.6432514690086
2.969,1701.1210491274956,1636.6534685877707,1856.2135643904562
2.969,1812.2637683639675,1481.323252547675,2000.897231917386
2.989,1947.4572049732908,1649.2124275417964,2080.86994565319
2.989,1980.7403345216046,1829.5680490775787,2056.5081035220414
3.01,1995.424103625683,1816.356567552177,1910.6833423999951
3.01,1888.520524214526,1555.242019962035,1934.3927291933064
3.03,2060.502584030024,1696.373497676775,1866.2617436726048
3.03,2014.7614418253484,1575.0737655118974,1899.491370368214
3.051,2040.1266310216567,1516.7933425966148,1957.9096965596896
3.051,2037.284732792374,1688.1788614016139,1930.332595994684
3.075,1967.8592816589014,1818.3601728462145,1977.8624462329678
3.075,2091.1617414544376,1555.989042238608,2065.4037045406126
3.075,1940.287607916774,1685.289112633739,1963.3309212001202
3.075,2071.6791373401416,1571.968430909673,1965.3068565500803
3.097,1981.5135135684295,1709.3799515138282,2086.104922555115
3.097,2175.6511829813867,1543.971079579204,2090.4382950798463
3.117,1844.5357911843082,1584.6809106600701,1973.8630222830411
3.117,2177.519743621008,1705.3904372828633,1817.8722159313302
3.139,2134.4715013405958,1570.1059789418757,1954.2384820692798
3.139,2022.0730355323665,1400.353832829123,2033.2960889338544
3.16,2022.7235324939863,1672.1339917805215,1906.4668158992063
3.16,1790.4945156340762,1490.5459968652042,1900.9322948082527
3.18,2024.7543901349707,1541.159897618623,2141.4818765272707
3.18,1983.0107833567738,1535.5514029257158,2032.8943110178316
3.202,1889.1049354916106,1673.9137850287018,2076.434272045101
3.202,2122.7747774341324,1626.2008098162794,1983.7702897036652
3.246,2097.95460751649,1742.9101117908374,2005.50025264264
3.246,1883.298750262598,1742.3338329263022,2034.8302281800557
3.247,1915.8040751290005,1535.9065275183184,1876.9353305940328
3.247,1993.4999815748565,1497.1491325076834,2010.28804434408
3.247,1619.3124143774387,1593.813578982603,1963.8752100025006
3.247,2183.3823846950922,1594.4564041626872,1856.1605480053186
3.267,2120.3006570524544,1629.1072871653873,1829.1137406232642
3.267,2167.282066057082,1567.3586104962096,2171.762800785757
3.287,2181.758728190305,1726.225956452928,1922.9010377299164
3.287,2014.0191660485057,1591.28116394221,2095.277145181032
3.307,1843.1878028132196,1557.7924025930213,1844.7815541487878
3.308,1759.7405584754413,1618.8333137511177,2055.3135701446195
3.328,2141.9433266847227,1693.1450359167925,1968.9432092528486
3.328,2175.4848210111613,1706.338841272105,2021.5085682210001
3.349,2082.719612210752,1570.470112428868,1934.6982697453452
3.349,1814.5556927114578,1602.1245896097375,1992.3928279725412
3.37,2052.187155503118,1585.6109821359885,1895.752937924081
3.37,1846.7215762885355,1444.6302400975092,1869.4181238041297
3.39,2168.8349322634053,1605.8506678436295,1797.6325897385314
3.39,1894.9715141313284,1586.3996200095887,2166.5477374680354
3.411,2144.9750564193937,1640.1782832551983,1912.580377371664
3.411,2149.139042776604,1643.365821480618,2103.4102708398295
3.412,1956.6319129793715,1680.1811410478438,1831.4112563996364
3.412,2047.1048713544305,1819.927487241545,1969.6172207168545
3.433,1939.5997148639735,1511.4371281585277,1978.486567497412
3.433,1917.3985786478338,1735.5176617606974,1808.9208118003282
3.453,2036.6407913965106,1634.5196131612195,2007.3218751567222
3.453,1729.2582486594201,1502.4350762700321,2174.6364131130363
3.475,1892.9934988844093,1438.1771424063625,1870.3341951308507
3.475,1990.5158473464082,1644.5211988577685,1984.8315083967198
3.495,1878.583502048286,1717.2333259439479,2158.8730433386027
3.495,1910.6905241333443,1652.3667805336147,1768.6984241747136
3.515,2083.6850436410623,1788.087183942792,1895.7379088442096
3.515,1872.800865065089,1735.4374353008782,1926.4022232950035
3.536,2036.4724126706462,1479.5671410336383,1815.8548573557357
3.536,1850.138678801521,1759.3817490723834,2082.356752240482
3.558,2007.6286880730913,1663.0650702572386,1973.99283562129
3.558,1836.6358234941706,1675.5053490241432,1813.3520883570322
3.578,1858.4188387479583,1664.2924702427003,1977.7321829141456
3.578,2009.5272897912803,1612.977330140408,2094.587067923159
3.578,2002.574786843592,1578.8678455752683,1846.2758355206013
3.578,2330.9880038743036,1559.5316578213806,1937.2888149282724
3.598,2052.4219853260124,1710.3777382267644,2046.9433186563745
3.599,1964.7560145453715,1479.82647315536,2095.2771360499855
3.62,2011.8003596533035,1520.4320856741083,1883.8628843243805
3.62,2154.654731880477,1656.777945644712,1856.2703777579443
3.639,2040.6147299286406,1648.9785460816142,2189.7022057465674
3.639,2163.758113673181,1370.0389700883964,1968.7774680578484
3.661,1991.147784301395,1701.2255085279212,1957.1445374106295
3.661,1904.747135545295,1669.1901550276252,2065.993464567442
3.681,2252.767287861525,1560.081895617357,2020.5820950616771
3.681,1990.2103583123628,1685.119815845508,2028.822228535778
3.701,1887.0267271584762,1622.4622018662112,2082.26955254432
3.701,2258.0661413641246,1692.968864338446,2220.494107080506
3.724,1924.7206725703168,1454.0889003293103,1863.8856652347426
3.724,2140.966425920349,1548.983663386909,2069.2652184094777
3.746,1975.1291575841592,1721.8525375796426,2051.5595803823385
3.746,1896.173218560606,1758.5892482008521,1945.0475819596547
3.747,2188.3682228327143,1619.2800056065876,1960.6722510189352
3.747,2109.9938881297735,1606.823044581353,1734.2142557271611
3.767,2040.9874793683346,1637.6580915143375,2015.2835677708786
3.767,1931.7165939988129,1566.5608924998733,1963.1832162350977
3.787,1953.9467632035626,1617.9586694951195,1742.3191950412402
3.787,2148.3172812393473,1720.270216724846,2166.0293825097287
3.807,2015.2114607631165,1624.92986696179,2054.603886662314
3.807,2032.9720407825575,1727.5507424877992,1930.779702512697
3.828,2049.303651724337,1563.2717843590988,2231.577265055739
3.828,2161.7388705179865,1611.8518544946194,1669.8862878282744
3.849,1897.844419373917,1741.0690066147677,1915.3337316388636
3.85,2049.964923316015,1682.5138996769867,2028.1119476454028
3.87,1903.1307629079777,1590.7737841703633,1982.320149290663
3.87,1942.9916712162571,1493.1257356406516,1991.6232284522785
3.892,2224.6132908432437,1883.4318896730035,2029.5659204334324
3.892,1774.503309631637,1534.0750724086647,1850.7063683062363
3.916,1876.4563571093322,1742.437043951335,1934.0472725678449
3.916,2099.1493954344146,1708.3252358343439,1935.5834838692433
3.917,2043.1490373995457,1588.7989509748436,1748.8358950329007
3.917,2153.7810389716883,1803.0553121269893,1868.9829585282516
3.956,2159.179989793173,1551.9436682338824,1942.8919528580004
3.956,1888.900339334175,1750.0636418026943,1803.3322519513742
3.956,1960.052142578108,1795.019385529944,1941.5639386829312
3.956,2018.121095389533,1746.6706251053042,1968.9604221391667
3.974,2215.6222348372717,1616.285819274077,1786.9205525478837
3.974,1909.8984896313693,1635.9499956922475,1515.2288305740224
3.995,2102.152822315359,1804.4385910003978,1992.0336548268183
3.995,1975.5678046116755,1402.3507927836258,1899.2405971094597
4.016,1700.5201491618063,1619.223140655757,1813.3280519577972
4.016,2115.1777113997878,1557.7068189275492,2074.229773421706
4.038,2144.434019193503,1578.862274519925,1916.0092467917102
4.038,2024.3323678911725,1593.901749487546,2231.9247891244363
4.059,1745.7040345539374,1850.4018508804177,1793.4542966238087
4.059,1973.1786188362244,1629.2262610711155,1809.9604210516716
4.078,1941.6799138331314,1765.5766224358376,2041.844009207304
4.079,2251.910303036536,1609.2513293777174,2035.8578687657985
4.079,2167.7293621429626,1433.701940487094,2096.573647529605
4.079,2077.9369922286546,1463.2574904037274,1947.3118297869987
4.1,1821.6321541629577,1719.7300944446108,1942.4788042249409
4.1,2090.971266310439,1605.8199554248988,2103.5488191757813
4.12,1961.272528824191,1552.4287028419571,2054.0663036714795
4.12,2064.790027591103,1713.617849816219,2005.114369684605
4.141,1916.4772475463592,1548.9494858971975,1927.3079494868553
4.141,2073.687692576908,1652.3148500888306,1838.012510719573
4.162,1966.7147730706586,1714.3245252915497,2123.585213630732
4.162,2040.6954521507898,1587.2284883798168,1837.142517050487
4.183,1986.2426444665668,1618.1535712049063,1866.8657287641704
4.183,2224.3405855552705,1627.6344693139872,1655.345475033796
4.203,1892.576748372094,1808.0068843865301,1860.6611889658518
4.203,2090.115289687643,1630.9591161050153,1961.4868304097622
4.224,2033.0585837170004,1746.585015402954,2248.520788795433
4.224,2087.2246359577175,1652.4760181651918,1924.0770509972567
4.245,1863.6792234565364,1580.1555985392395,1847.1623708946581
4.245,1967.0853137370075,1748.4733458359465,2002.8253851881348
4.245,2053.7020312664845,1570.6048847146237,1924.0592716190683
4.245,1964.9641520293612,1665.389250810729,2217.1079123869604
4.265,1922.6775274251352,1632.4446969112066,2062.536183340638
4.265,2225.854393466438,1707.2404466308365,2128.5798601037336
4.286,1994.6796502283769,1465.038944508073,1995.9087213063378
4.286,1818.695862718892,1605.3609951793364,1918.1602807337129
4.308,2111.6798048533483,1574.1199017984388,1872.7191331395848
4.308,2225.187011468066,1756.4112064917665,2022.5960700941328
4.328,2235.5679488251208,1645.9074632582688,1715.9577892239372
4.328,2160.1016048531974,1671.8314090912334,1895.891344167072
4.351,2198.5381036891404,1737.5078365412883,1964.0319125994242
4.351,1993.0777974179496,1620.5766557720633,2016.3012203770438
4.37,1939.097333698563,1607.6200708312545,1962.0098221776504
4.37,1882.5876255648775,1618.658806620173,2040.792678001912
4.391,2057.870261902561,1625.7255137725108,1786.1066281504918
4.391,1925.8591864917846,1543.948433832959,2159.7728181541024
4.412,1897.265612600654,1433.9774622986365,2033.4363592596578
4.412,2057.9393744407043,1699.9688808796452,1992.3358922060356
4.412,1953.3744892059426,1609.5264016838025,1818.222892637108
4.412,1949.3823763464925,1729.893257387036,1922.8131131299538
4.432,2069.969552421435,1515.97240144102,1937.8394217013106
4.432,1962.7392564917889,1671.7618843999087,1910.3953217298044
4.454,2071.0943329517,1496.1083206433761,1864.9409980530777
4.454,2051.2630187724035,1575.8834567278448,1890.2419225189878
4.475,1920.601347896152,1589.6940791662173,1880.0783526110167
4.475,1977.3355780825968,1631.9417545119943,1848.4495461508557
4.495,2010.4137541691646,1709.7316906086044,2088.132215858028
4.495,1808.1468756741915,1553.9644099647808,1967.7337416957705
4.517,2231.8665963181998,1528.4753747988632,2118.603042503546
4.517,1865.3272599646027,1532.8079351309273,1781.1909691750586
4.537,1988.4374076059362,1693.8186296103947,2111.7696448243782
4.537,1867.360189298189,1520.6441470006466,2003.8966507965063
4.557,1790.7696764036095,1543.9698328536929,1800.550582155846
4.557,2165.616729398199,1602.8503056508189,1862.968306166031
4.578,2101.1771857535005,1443.2491365856172,1779.4760846989552
4.578,1994.5548795743955,1640.132481270516,1800.5004205995874
4.578,2001.0068164328134,1761.0051365996344,1899.6695299319717
4.578,2078.9243663076722,1491.4384703294406,1973.9312190457294
4.598,2062.703780246384,1631.9263051265627,2090.904096831626
4.598,2211.3809600960744,1719.1812788796021,1962.6177165530037
4.62,1932.5475675113614,1533.55700855032,1914.515074586679
4.62,2116.160068484246,1549.4757898732596,2068.214883995236
4.643,1988.8400841202802,1729.4457663295548,1959.8615115533014
4.643,1913.0359928041123,1520.1758402722803,1955.687341225816
4.662,2016.1525258606011,1684.1640227497287,1834.7503955905747
4.662,2185.153167144283,1729.0502664238948,2009.7867000641336
4.683,2056.588297717721,1618.1752621951307,1900.9633588678876
4.683,2064.882636516626,1642.6434387086945,1783.4209728438768
4.703,2059.631959885151,1629.2365164256212,1931.4039356950063
4.703,2017.4736485188891,1560.8166253270201,2073.144667743334
4.723,1811.3007359533524,1828.882491519208,2249.5187276751017
4.723,1938.3801797093784,1457.4646087294584,1844.5543357820065
4.766,2084.3333100470236,1605.9437873373827,2022.0219517053436
4.766,2093.9702215571915,1573.3739034789894,2057.0556444431977
4.766,2127.6632259211615,1612.5914996191211,1903.0571905919976
4.766,1941.733178201108,1537.2145302497797,1967.4089515193941
4.767,1996.1340521588875,1502.8826544298415,1836.4990413499356
4.767,2180.785443158165,1672.794401344081,1895.942910670689
4.785,2139.8255529986545,1736.6104832980225,2032.4782997883751
4.785,1871.411047011594,1403.6395787552779,1879.7923904314464
4.806,1902.3633440971437,1749.3597152480354,1974.2297957538183
4.807,1950.7436098499547,1581.9263629338895,2045.7824818858578
4.827,1898.245778832638,1706.6202352942964,2034.2704486553655
4.827,2023.7655921750918,1842.9049416088997,1920.738847974804
4.848,2080.4720609707183,1704.0005089153697,2097.8521706923834
4.848,2456.053555674837,1487.2979675117435,2223.36897028056
4.868,2066.831962078713,1608.922372586952,1955.2034275682552
4.868,2085.080958827612,1676.8692586424372,2129.855256306023
4.891,1949.7529486665292,1595.3138401780607,1943.8464140944218
4.891,1844.0415605726707,1521.431871631029,1926.4923030210782
4.911,2176.2935751427763,1613.14136207632,1984.2449428778189
4.911,1903.470640647169,1584.4672142026918,1868.459611668429
4.912,1922.9941361272447,1713.6234250624323,2092.2020694313624
4.912,2028.3724982473302,1664.5766390080205,2064.6179267817643
4.952,1931.8053087597157,1664.7048522462487,2018.7194045075023
4.952,1964.8305241360495,1752.197005521764,1848.0232579289518
4.952,1816.2314533170784,1484.1482767886419,2236.120661216062
4.954,2000.0958730404145,1704.9989863726582,2106.7515187745958
4.973,1796.7717023826392,1788.8591381999336,2191.4677720503873
4.974,2226.484025917421,1902.3431213177437,1764.833575409415
4.996,1830.6622215267398,1531.7342325481013,1964.42791145107
4.996,2213.588653156254,1506.1106348921808,1895.2225952298672
5.016,1933.996753375609,1604.7648075192496,2012.9391983366838
5.016,1905.69952786236,1663.0289539136304,2034.8350857616376
5.037,2039.926509719561,1533.3293794255403,1933.7256353155874
5.037,2158.6916844854313,1545.6948754258372,2047.3596448888277
5.057,2236.0251845831153,1619.298129689129,2074.342047713577
5.057,2013.9980309312587,1590.434400988982,2081.966342098329
5.079,2063.146091610205,1681.9972690245295,2007.2584643391624
5.079,2052.2859663635313,1586.1048967494628,1931.7149363287363
5.079,1983.6197194307272,1680.9815576719798,1880.177138068343
5.079,2050.719341828943,1556.5380025402924,1953.6909262401145
5.099,2071.2065557665114,1676.6822809002203,2104.492801214018
5.099,2141.510894238958,1677.9041745443437,2100.7389502606325
5.142,1964.4953506001993,1420.679256261654,1976.259949719478
5.142,2099.3212229805827,1563.0591685708516,1891.022701710892
5.142,1916.1871115660817,1615.195215002153,1862.8377858140336
5.143,2164.416852378694,1626.4615034851843,1885.311504654413
5.162,2006.7615372048328,1752.416425041462,1951.56181833162
5.162,1827.4533026670595,1650.6426403243397,2084.318513066085
5.183,2186.4810601368026,1651.5057686950101,2142.2021160092877
5.183,2201.8839327030964,1647.783119006456,1953.4167910814576
5.204,1909.6554057712888,1698.4565885398608,2145.1837086699124
5.204,2066.6911362114683,1636.4942915810864,1940.7024134724159
5.225,1952.209202419244,1469.0954846775944,2028.6394900320095
5.225,1968.1323820417622,1556.7839577558148,2106.5144513742644
5.247,1976.9429582720113,1683.555768120274,1896.143566199154
5.247,2114.3698405870946,1665.9092887688994,2062.0321921231803
5.247,2022.3792606542988,1512.1649799571226,1961.2740420962696
5.248,1981.6471584462236,1526.4608584058233,2009.760411721221
5.266,2036.6033266047582,1569.6494572336267,1931.2169105994185
5.266,1895.9640725631425,1910.3382804069126,1941.3790676206818
5.288,2232.4278162197543,1839.0452496038188,1978.0261544786918
5.288,1965.4401350174512,1635.6909491895783,1969.2629716202373
5.308,2003.644505867029,1710.4370751740944,1958.2970647421228
5.308,2006.1600388888642,1604.2549186541544,1608.7209607051075
5.329,2266.366714728242,1691.44682817286,1909.3270982345746
5.33,1977.3641370883417,1414.9287072431941,1899.1436026664364
5.35,1795.549310195835,1715.0827653669846,2083.403545412812
5.35,1888.152478300759,1466.7894245578661,1790.2639415653068
5.371,2084.983185560712,1477.811930387794,1882.3422241808214
5.371,2064.2399977333544,1765.8105245167956,1742.1300409958828
5.393,1999.9949788916633,1567.345457914508,1912.2605923298804
5.393,1919.1351630966976,1554.2020400901179,2068.87976529863
5.409,1886.470381364683,1521.625740268607,2071.2254248772765
5.41,1908.6649320420265,1596.0441119191682,1976.815116479319
5.41,2172.451041738852,1637.726324791704,2129.231408870744
5.41,1961.3149842964115,1526.6347857370972,1994.101714240177
5.43,2135.8516040933177,1721.710255530413,1944.1987801943708
5.43,2166.036700529359,1664.2980633646914,2094.3444010001112
5.453,1889.935335130946,1669.6714365503992,1895.708459132929
5.454,1819.2846577853431,1567.7796648209587,1745.4031479609525
5.473,2086.767929590279,1595.5729871166673,1933.3846488611375
5.473,1950.1619902007503,1485.1446589274397,1917.3568279308708
5.494,2111.6059640517037,1559.0518916975764,2015.7495170072236
5.495,2125.571029590466,1568.7450197810504,1873.9625125875425
5.517,1934.0336361352286,1668.7894204949205,2192.4148479277515
5.517,1908.6281376138002,1877.5488588474127,1894.9004600661942
5.536,1992.6487128458364,1557.5602470585613,2050.917714876595
5.536,2005.6395372602733,1820.6547293786016,1785.107573545704
5.557,1831.5621735981938,1538.4822224836178,2181.1882026205376
5.557,2078.712418249951,1648.7254216487167,1825.1664479544513
5.578,2090.3413152600924,1662.882099805939,2073.724158493051
5.578,1896.7982048558567,1646.5648037374629,1882.9856217506122
5.578,1973.4998038836266,1695.0536413585758,1933.4478392641176
5.578,1886.0731274128175,1459.083595746,2117.2117146012097
5.6,1917.8322563857575,1793.3827043521185,1844.0807541108381
5.6,2029.8682872104355,1582.6922976508208,1927.3742758293165
5.621,1731.7308519586577,1763.6895256880791,2003.3450567079421
5.621,1838.9109148319553,1672.9524613153972,1990.0106617582906
5.641,1829.0595992142785,1536.5258582678912,2012.932269454368
5.641,1878.0553803570606,1586.2794275775736,1974.6900934845874
5.662,2184.855159181539,1780.0713615943566,1874.1292384022152
5.662,2118.909677891095,1455.928311122113,2119.0207772214835
5.682,1943.5681422742252,1542.8636027296238,1955.9520234396878
5.682,1849.7253228615427,1535.6266337326474,2005.346221405317
5.704,1761.930599274571,1662.2583485113257,1828.1929826853043
5.704,2058.3092330193854,1614.3014584641187,1797.7465678207877
5.724,1905.877739644188,1720.6022280450152,2069.8400832763364
5.724,2024.9002236772421,1664.729547025427,1871.7268194780074
5.744,2032.6316438130275,1570.5176023370188,2067.3311463979485
5.744,2067.1284156710176,1452.570895893738,2105.1419191306486
5.745,2142.578034636188,1823.9743699292148,1942.5308698226038
5.745,2199.430312381825,1707.3069782434675,1731.0160887132436
5.765,1780.1922762114968,1623.576355882708,1895.4519600125814
5.765,1790.0521637824459,1643.9627628173716,2136.4394859379
5.806,2056.2527563862755,1549.2012700628122,2000.9676498766635
5.806,1965.062441231596,1559.5009969775747,2120.713078434366
5.806,2091.4392973970052,1431.0721034983735,1914.370257582273
5.806,2005.0706794711036,1552.9618397096351,2087.6535659974957
5.827,1955.096732869755,1587.396540311166,1791.0135288108381
5.827,2018.2988494577617,1674.6319224262973,2004.7799808558245
5.848,1817.4493824146573,1758.744219190423,2171.093064818602
5.848,1941.4975630794904,1551.3069751752312,2064.3027836475862
5.868,1983.9373660108656,1560.08735652052,2098.732841626058
5.868,1843.7779407072878,1769.8249821762997,2138.7426650932957
5.889,1730.9862455792725,1527.680932831602,2117.140967628664
5.889,2107.916212929798,1566.4316583017073,2075.244522700259
5.909,2109.3293316688605,1550.540751038843,1947.3824203246156
5.909,1987.5485049181827,1741.9168491877635,1783.9048114319894
5.909,2078.3469518049733,1629.883905432975,2018.8834799720116
5.909,2061.3917161284894,1590.1381643974278,2036.817417415625
5.93,2116.471378769711,1681.0469782513019,2072.642976418963
5.93,2080.240118661708,1825.131653917606,1917.7656857340944
5.951,2007.521095569861,1645.2965353385566,1876.0253607311297
5.951,1872.5057958007878,1724.6526624829037,2030.5016537230088
5.97,1814.562679308286,1585.2616043530836,1879.50006321378
5.97,2059.727623779576,1796.936651497067,2048.0670143569264
5.99,2121.2314962103483,1451.2627164741175,2044.8708141501656
5.991,2111.065044063184,1823.8277855893157,1682.9886731699448
6.012,1883.2860428796694,1709.4274517520835,1990.3004315715698
6.012,2032.5735940593718,1645.9726457535394,1690.892226246016
6.034,2073.4588662343554,1760.5726909730104,2055.591861258321
6.034,1905.2971596766222,1720.323690608189,1964.3119780102986
6.054,2149.69460613314,1576.1420829881517,1753.3209164882805
6.054,2139.9475312435848,1739.8997235391648,2153.1605213060275
6.075,1899.6260260545919,1631.5510264613208,1848.881091421054
6.075,2101.604139666592,1675.3761349026765,2197.7239789269374
6.075,1973.9815120446237,1707.2334675010225,1997.1791669704596
6.075,2020.8340022267937,1420.4921676515237,2183.743646153122
6.096,2077.570210677074,1551.7802645372594,1966.1113999588642
6.096,2004.7402229515442,1752.968030746052,2184.8859229521845
6.117,1885.5198925297989,1650.28093760945,2008.8714119837798
6.117,2041.30429595661,1748.0489033199462,1872.536479565095
6.138,2100.8904354153738,1727.3358332619173,1842.4287731568838
6.138,2195.9714221980116,1609.2547425904268,1970.697044856627
6.158,1936.1388147882492,1440.904914786935,2153.11160462389
6.158,1976.850108397769,1498.1325189976878,1912.031143859129
6.18,2244.860882098159,1580.2304435260507,2042.877304406323
6.18,2173.0064853221293,1528.6837056471563,2011.3525433625607
6.201,1951.5447505619745,1632.4662754988256,2009.982229137895
6.201,1840.7338417480412,1686.224946459184,1883.2851559302485
6.223,1977.3935023888066,1534.3447456836984,1988.3648038989415
6.223,2085.1114301118573,1594.6008899454537,2108.5738115299114
6.243,1910.7214783570269,1470.7842710537723,1922.7006690526116
6.244,2197.480718373572,1680.7224809257825,2051.7061591962724
6.244,1998.9866154726278,1668.6055059916812,2007.8367394209017
6.244,1965.5982386915032,1551.053353100045,2128.3166494280304
6.264,2283.988503602027,1468.9100173437203,1814.6868191071796
6.264,2103.474981695156,1893.4312463783592,1808.1955425216381
6.284,2122.2249969160507,1640.2944212308196,1905.9111407352882
6.284,2113.312294246213,1514.783854782861,2036.572533791611
6.308,2006.6058601627547,1747.5647592773767,2013.605221759255
6.308,2131.0841568300943,1938.2632735788957,2087.693053815207
6.326,2030.3978889276648,1572.3327860828501,2224.810000193807
6.326,1903.453296636169,1653.7261196119014,1893.35707137106
6.347,1994.5323350476972,1713.5528185884182,2059.4899261047162
6.347,1917.20899684481,1613.2816693311445,1985.772199339906
6.368,2006.8289275851325,1654.1309207190482,2022.558149758956
6.368,1889.8102034083367,1482.5669166942166,1954.172156258465
6.388,2056.9358889952364,1552.2942554723586,2119.187870024511
6.388,2008.2700683094233,1582.0210519749178,1994.1910237925947
6.409,2022.0560330284002,1577.760712240687,1909.395054557068
6.409,2006.5989173557816,1497.344541935934,2117.533226382839
6.409,2080.1305376174346,1563.3592658745467,2111.5259524688868
6.409,1867.899888836825,1632.337426419671,1896.257986724533
6.43,2003.2644902564623,1750.2675443749786,2086.006305804212
6.43,2066.6257384087376,1613.7378530508317,2068.7413498958085
6.472,2074.6624814844736,1780.6487897649,2138.8370795757637
6.472,2202.70446206965,1728.7569408241918,1981.3513633928053
6.472,2001.449696652969,1758.678888611917,2114.4843755425763
6.472,1999.3783237698465,1584.3928929660162,1883.5253578510988
6.493,1841.4463797855533,1849.2631494358347,2082.447086912283
6.493,1837.1009775580183,1829.3187207225292,1821.1468306997901
6.513,1964.94450342114,1598.4050894086413,1912.121475472918
6.513,1952.337630454855,1523.860918803418,1802.4404969414284
6.534,1944.0815528260614,1753.2665345456344,1913.7288093067377
6.534,1880.498016234468,1628.317156026768,1808.8266676689627
6.555,2074.82101352639,1614.3223796205673,2045.6692884999868
6.555,2211.5726498919144,1587.4800569835002,1917.9215249690747
6.577,1862.1703704393976,1671.3566021670913,1786.4885935090924
6.577,2058.645314400318,1866.308248098898,2257.232652417551
6.578,2053.9983545550053,1915.7665052405596,2276.968917180998
6.578,2056.3875262742017,1778.7568886664865,2157.943746717364
6.597,1872.324725951195,1758.5762650330466,2171.295165306947
6.597,2141.461685950044,1763.0853716765384,1965.3214855101344
6.617,2251.620214724674,1764.4353784413536,2032.736086104345
6.617,1984.8479160779518,1711.4185231876293,2009.5424600843464
6.637,2090.4651135877243,1576.6263643999268,2064.754418090371
6.638,2004.0225273988224,1960.6455940017702,2031.1222746291967
6.659,2188.191520652598,1654.066681945,2071.826787513101
6.659,2038.8050018099805,1626.1192237143487,2126.7265156649864
6.679,2086.381050212769,1691.0414560562594,2060.326507273774
6.679,2016.0401686737855,1870.3137634938842,2100.307901734179
6.702,1958.4671259596205,1767.913241855407,1979.8149830885047
6.702,2050.83862447936,1660.2677234873236,1990.311120317247
6.72,1986.387791273365,1851.9152354152022,2054.2604943262036
6.72,2026.9565597883472,1975.3862224300651,1891.9752051030725
6.741,2046.0652259036547,1690.1941852272728,2000.914977970646
6.741,1850.9244931072715,1730.9711813791976,2032.4510914772895
6.741,2074.7326442791687,1991.5268664615635,1896.3493212711476
6.741,1879.0158929718414,1774.5630604615783,2091.251536233131
6.764,1928.725592186379,1732.5136394764172,2125.6052158277976
6.764,1952.8662472195895,1820.8208700970758,2144.911722163259
6.782,1632.8716052676587,1830.7870428535805,1850.639913524003
6.783,2158.896705140799,1778.7696490814028,2125.8983766769124
6.804,2071.768568799598,1662.985754236059,1887.940849188972
6.804,2055.4716394773272,1852.0971820811412,1968.0356957866225
6.826,1936.1081401669896,1817.8052690342452,1927.8126700224457
6.826,2042.2379014326273,1779.772238098581,2098.494807370394
6.846,1936.6541707014073,1642.351157039904,1739.643716147965
6.846,2140.191150715655,1906.887088041246,2117.3374434510965
6.866,2292.398059690775,1740.7282375161008,2241.827960578109
6.866,1917.4976910429123,1851.37458233242,1954.469789110422
6.887,1895.8132478370069,1854.4466636913244,2022.3995725074458
6.887,2105.070647018747,1812.2219787222382,2040.2314643958669
6.907,2021.2112177285387,1825.5563566151443,1957.935905564061
6.907,2011.5055475549952,1873.1130934835642,1953.3881518294404
6.907,1976.5185044703312,1891.3337344173854,2194.712460910051
6.908,2127.2439699661763,1707.784001013897,1900.4044925513053
6.928,2237.1966741246933,1728.6949647488552,2083.570576982585
6.928,1909.6913032511925,1923.9581852890872,1790.6312536231098
6.948,2075.219269985671,1580.107397265423,1789.349997573347
6.948,2030.3680128737765,1832.4448695746466,1873.1589018359323
6.968,1873.5384222599832,1791.238309515385,1839.8280778818093
6.968,2010.5397581379643,1851.8125101439052,1953.5257586360988
6.992,1775.3253988635506,1885.7021430235022,1787.3741252253021
6.992,2067.778588782432,1829.3386353989624,2197.6932023051913
7.033,1793.7426747130053,1883.0389694974674,1990.5637103766494
7.033,2058.8548722038563,1718.5427100576308,1929.7758584823155
7.033,2128.083168396592,1892.4909177123402,1849.9605767246694
7.033,1999.769651832277,1903.470923312472,1920.8664729418838
7.054,1916.9575151761135,1666.3766390346743,2113.395314126224
7.054,2051.454330968736,1930.3954509199164,2080.317373260008
7.077,2112.712155018498,1633.5466033706343,2012.238164601105
7.077,2148.5394355696776,1844.9041375514892,2281.0362331166843
7.077,2067.379603986218,1688.9877319196582,1987.6237774353885
7.077,2085.7371441048776,1858.2961081255205,1927.685619869075
7.097,1773.972677832556,1848.804084150809,2170.833962422802
7.097,2031.8727733155056,1855.4033538819826,2002.8036975168889
7.117,2168.311018533861,1701.2002507974398,2005.7749407912838
7.117,1864.2739621623919,1858.6345009961299,1877.512797716748
7.137,2111.9394257608055,1769.5040602340025,2146.7462682489804
7.138,2048.2713244078677,1720.2971902210288,2054.4404364223756
7.159,2065.2460701589657,1783.7887137054513,1880.17086174556
7.159,2092.090143447898,1865.2002033485053,2001.2215988177534
7.179,1918.321590760678,1840.8918335030326,1978.523403793367
7.179,1812.2048344337065,1816.2571811978241,1984.3605629826723
7.201,1986.5698256901642,1744.9679979602276,2160.2515005337823
7.201,1855.2052657675556,1689.414175331415,1925.6939195216237
7.223,1843.843714947468,1783.3783191792268,1921.5958161496808
7.223,2044.781055628468,1486.7494900901058,1930.2149510371983
7.243,1907.634612584671,1691.0145513825628,2012.082584868625
7.243,2146.391035346827,1770.629647440731,1934.2339042841998
7.243,1755.8652715024723,1795.7745989761981,2143.1998497748914
7.243,2016.6208962026014,1760.5723289301247,2050.066075920195
7.264,1891.9914292021394,1583.9568599335387,1856.0819776197584
7.264,2088.4103311430176,1825.7268725613972,1841.0292909890923
7.285,2084.8524905728145,1429.7608082545426,1768.5873035427742
7.285,2065.302023073071,1713.0259310421495,2092.7430814664567
7.306,2098.6924408407453,1545.726422255528,1969.0984398799976
7.306,1934.3958129895418,1750.148719005283,2043.0870710943793
7.322,1866.9529238066034,1764.5341258170129,2093.859132981737
7.323,2074.2813813763933,1679.9522017153902,2083.8679816476333
7.344,2001.1373565056253,1712.084497351471,1853.6284360467612
7.344,2008.412439223396,1655.4793109007887,2243.3441107752387
7.364,1957.026521464965,1751.4733314316054,2153.896674024101
7.364,1980.6035618257922,1722.3126538183574,1978.8110720992029
7.386,2048.5460757997994,1571.129441491885,2041.672903707174
7.386,2069.2629566391306,1738.4588397758055,2005.304000621874
7.406,2095.4421274873316,1692.774029532554,2068.6926429010105
7.406,1841.1919422712701,1664.4537948966213,2117.046308157701
7.407,2095.6362485774994,1652.1258878659937,1913.1179539442192
7.407,2065.9388399160543,1569.293242394323,1926.3393495524656
7.428,1830.7566359533355,1725.2835270603089,1949.4333325098723
7.428,1684.9683007914923,1664.3524163572943,1965.7731551343775
7.449,2029.2388031966782,1765.2360313484753,2048.1804300625818
7.449,2167.1979866491047,1623.2629327750662,1977.2324721897103
7.468,2011.062973527858,1840.458570078808,2079.927693752409
7.468,2316.3890885448136,1692.671322040771,1888.616440885846
7.489,2237.6537332428534,1765.8662595400344,1908.8198462473563
7.489,2020.4713052826742,1754.7618000673758,2123.951693085883
7.509,2071.4741684022733,1797.2292923306263,2109.741895053155
7.509,1980.6232778247856,1847.7439846841373,1983.3108866266534
7.53,2246.8300485927202,1753.2920637581763,2016.9506407819467
7.53,1934.3176004440827,1889.5465454444695,2175.1965952066944
7.552,2197.921960709444,1623.7380602782023,2141.42717413995
7.552,1787.4607125689363,1751.782434566117,1823.4649495482993
7.573,2166.639424555851,1640.8669968495979,1873.0014925572254
7.573,1971.792041250177,1687.2481065206007,1860.025482045002
7.573,1964.9406922051355,1669.3434152543539,2085.3261805109028
7.573,2013.4388105010003,1765.0178124824968,2049.772631536987
7.595,2217.182972253442,1748.3522840243468,2034.7916115749547
7.595,2021.1214429655518,1589.3716904309508,2205.1192541400796
7.615,2106.4941903610315,1790.106665391752,1993.5801923923118
7.615,2025.3293129680442,1659.5840861631946,1904.5620591150166
7.637,2087.334981496502,1744.1740475706422,1992.5750718851618
7.637,1906.3632890136657,1865.4723458471933,1735.4265764447262
7.658,1866.7201429192364,1606.9766631749233,2001.9915635730529
7.658,2133.862426586686,1835.292780757002,2044.0415702157159
7.678,2088.1818307950275,1788.9052164688655,1861.2509803360786
7.678,1833.5241798082934,1870.634692610706,2081.7447159269386
7.701,2048.346748327845,1803.7890656818008,1869.2584932009347
7.701,1805.6827115540957,1713.3224143075583,1749.447555336321
7.722,1879.5743818700298,1788.3568624227491,2203.3406543767023
7.722,1929.4219063669223,1730.8752415015924,2190.4979784829634
7.743,1848.3713675622346,1745.3154873233098,1910.9916364956011
7.743,1951.2643480189697,1749.1714485271614,2259.491528455056
7.762,1897.0150348442935,1832.0474065938731,1920.7700254886468
7.762,2255.0258425783577,1816.1289110069242,2076.0538283806977
7.783,1962.6797613860033,1820.1306822533259,1985.477967566464
7.783,2077.119577541921,1711.944194108182,2055.566691120475
7.783,1981.6355358145304,1928.573372685388,2045.772605851633
7.783,2209.2068079824735,1866.7973593421264,1702.431911359714
7.805,1996.6495440871856,1865.2629946041332,2166.972629967308
7.805,1990.7772499183839,1932.4515533677925,2032.5180102103916
7.824,2040.3258669389256,1628.7530911896397,1909.2857760666475
7.824,2025.3830899799445,1875.8917650460758,2036.5073377597416
7.844,1953.0381345564501,1745.7232106750807,2202.859578025462
7.844,1985.8362840910818,1840.3216158482985,2099.351153727354
7.886,1951.195039120984,1825.1553453333993,2051.079923288974
7.886,2025.336481081535,1714.5277416125134,2228.001212068727
7.886,2211.867069750407,1783.289637794225,1836.6664504097398
7.886,1900.1653703185493,1601.8197532681365,1848.2106262706368
7.906,2125.5477092447322,1654.3590297939274,2048.3403081127117
7.906,2015.7053622701494,1758.1154380997932,1924.615852686863
7.906,1890.2862680953576,1763.2993126650367,1891.70222407308
7.906,1994.842180220055,1779.9879250208894,2134.776380220981
7.927,2049.8850492889546,1601.7359740257943,1948.461237760416
7.927,1832.196475240042,1750.4849264224272,1993.9622927295275
7.948,1959.0714459740527,1578.3089863797081,1986.4413629624848
7.948,1871.2565666310502,1755.4586609854764,2092.58272231013
7.968,1889.7591597350242,1679.939156966696,2036.8986193807007
7.968,1994.7881473527966,1811.8505972676296,1821.329939235006
7.99,1995.6719871071887,1620.471090195353,1892.3544603979124
7.99,1916.5121935554323,1796.3295982193958,1891.9308181706883
8.011,2035.005190524435,1972.17667058909,1837.872512144269
8.012,2062.9100138877484,1615.5293127425537,1944.1961734876181
8.033,2025.7403414781472,1797.5715141395897,1819.649507100207
8.033,1780.6112620131528,1643.9199840072256,1951.661111591152
8.054,2013.774558894677,1893.3909917938274,1860.3164300383414
8.054,1992.2696632030406,1695.6941938073167,2017.7766838616744
8.075,1921.6131915566725,1726.3329835243023,1993.7156342519663
8.075,1792.7460097618196,1883.0670494957033,2105.29355814391
8.075,1901.3625482194532,1749.7408834912123,1897.0722124755725
8.076,2134.2223664118033,1959.0391804922847,1990.1429216461142
8.096,1861.7004003927766,1715.525918931285,1953.4040253048634
8.096,2190.6777759178085,1634.2094495063375,1916.0927291749485
8.116,2145.2311615400126,1804.9805825055762,2135.178981091104
8.116,1996.3769727696506,1875.6514974952731,1991.6482552025268
8.138,2213.989192253015,1877.7912183420017,1999.7286041365942
8.138,2186.7081012363096,1921.2373083336438,2068.7283884509093
8.179,1969.2174501904879,1914.1346834660437,1973.5585930969648
8.179,1938.6085178104447,1644.2753118542332,2005.8541457950319
8.179,2164.512008028875,1709.5232092620859,1912.8731447600449
8.179,2056.45011589521,1787.5944091581391,1918.1910059687318
8.198,2024.8986277319507,1574.2571571177045,2013.701470260041
8.198,1953.3524866746109,1880.2085870321207,1941.545953744251
8.219,2230.3216285293965,1783.5143112133496,1865.9604138048828
8.219,2168.61296062519,1821.114012939472,1922.9566372989539
8.24,2340.5394631619947,1787.4354815939723,2017.5396513156643
8.241,1932.5610048910091,1784.2950793552523,2040.7306488870472
8.241,1937.280453475259,1871.6990909678295,1935.71861678625
8.241,2006.9973462999544,1813.5190662159796,2020.6077349984294
8.261,2084.3872746426728,1663.125752451754,2143.941466496948
8.261,1877.5601819357144,1639.6319171637458,2022.8052869680566
8.28,1934.7788831281023,1722.8052234716092,1892.1822081657883
8.28,1896.11181313828,1754.101346387222,2177.6476143131367
8.301,1916.3718396243103,1664.0662826184646,1741.0514062416719
8.301,1984.5104847515845,1870.1967252154327,2002.7251026951349
8.321,1991.7033734799331,1898.5941780634294,2120.789433428284
8.321,2157.264499244959,2003.1228906455613,1895.8290167060031
8.343,1741.2475530098227,1730.6111868806815,2398.367282310565
8.344,2085.1954266708744,1908.1836526531274,2105.847094298473
8.362,1795.010361147788,1857.91116100321,2188.203531608536
8.362,2150.2637227081245,1750.6629510072282,2082.7237640758317
8.382,2028.4416999865518,1861.582651841342,1707.3917467168199
8.382,2084.2035012639076,1879.5707715647143,1929.4005389845984
8.405,2052.3559696756347,1890.435525575847,2057.652510019313
8.405,2046.872641475319,1710.4282550228327,1902.8647875627366
8.405,1961.901728086732,1948.0563264012649,2207.580809640801
8.405,2273.212286248184,1769.1141845207615,1952.002649936462
8.425,1993.129901286451,1971.3787450221182,1939.60343718377
8.425,2098.138082799889,1842.1131714817407,1930.2202566900237
8.446,2039.0819854761266,1772.5967678459533,2168.2136161356343
8.446,2122.082839874972,1901.7459480295001,2058.951017837878
8.468,2005.9554146543974,1815.0170761699424,2172.2031071658093
8.468,2147.579151088207,1935.902305423468,2039.2736545285884
8.489,1981.7682233423702,1948.0878486063234,1844.573350011503
8.49,2065.850461395632,1787.9991895003636,2060.140240583349
8.511,2085.6531036798606,1792.9851337591992,1976.8219824404243
8.512,2110.994411233526,1738.6234321020618,2216.7964519129773
8.533,2083.635283344149,2055.862996507894,2019.8211734358692
8.533,1935.655994487387,1751.7051870364685,1864.3524491393973
8.552,2066.070977095351,1736.997815548671,1913.2394844962453
8.552,2194.7091417255483,1658.3535984943726,2003.071190653526
8.573,1885.133962544886,1645.2485742523013,2076.263270020956
8.573,1998.5807110356577,1771.2939994026199,2337.6032566656245
8.573,2132.3966266784782,1856.602312369058,1941.9198787803534
8.573,1978.2861609956553,1908.838447394095,2006.5767804291443
8.592,2255.771069617409,1858.08337272559,2021.2349213788063
8.592,2059.0223823507645,1713.5699703526698,2191.3455313174213
8.613,2076.3964833739938,1888.684130468981,2234.8118165549645
8.613,1881.9540622860575,1864.7477940931583,1848.492668478401
8.637,2012.935542054744,1983.1203631841997,2020.3898594572447
8.637,2127.177425262141,1706.67611449199,2123.449068459739
8.658,2143.4908819357315,1868.3469987737224,1799.5344569603626
8.658,1963.4715130137104,1947.6346871685316,2033.3552571876878
8.679,1878.2487716622911,1811.396162124731,1841.4156784441057
8.679,1864.780380454549,1740.489942496627,2074.2375518938293
8.701,2019.5889027641676,2044.128300000745,2104.256500828744
8.701,2125.694662838566,1674.760358844821,2162.0564922571525
8.723,1983.8964972857136,1614.634358664967,1932.1047901088987
8.723,2049.6698463979756,1817.2395467428862,1886.1430136550212
8.743,2126.8228282657037,1862.345493141888,2085.1899381838493
8.743,1940.2377542206398,1777.6406684377312,2054.6656661335846
8.743,1890.126118811802,1788.7837228425183,1970.0503185170828
8.743,2034.8581451318696,1796.0279276299555,2105.727670233228
8.764,1973.4071345792706,1839.6859721445398,2107.194060110084
8.764,1801.6897225882017,1762.3990997074052,1948.3680064747377
8.785,1922.3852815678163,1793.5571363829388,2247.3188964410647
8.785,2245.924792521371,1798.687036247621,1936.5106465560716
8.806,2070.060570386613,1758.142547584021,1856.525515126978
8.806,2032.3900095061647,1702.5230733455558,1978.8516405088164
8.826,1939.9799400750785,1939.204309458744,2162.69963287799
8.826,2002.4475670365937,1681.4574528254946,2119.8849557304457
8.847,2070.3262754216903,1916.702320855115,2103.735643180339
8.847,2143.260853273051,1869.759921572937,2031.1323907712176
8.867,2076.0961564719046,1627.2905382921142,1986.867062206591
8.867,2043.337083899919,1934.314719974079,1954.787174362612
8.889,2132.9435726598717,1951.5073956489205,2343.2729502745474
8.889,1947.4758786466443,1935.440145520598,1981.7801329363147
8.908,1965.9899954382101,1855.574189642274,2101.044708017598
8.908,2031.3993469207755,1857.7586979835105,2015.2080689477207
8.928,2063.0546562756185,1879.6420982815998,1968.942445385517
8.928,2107.158801677311,1597.80347251598,1831.333092871794
8.928,2061.0396571473134,1722.3806706102916,1963.711769294878
8.928,1832.4478253714142,1714.3439426977168,2034.226775083636
8.95,1899.2068789261245,1984.6405958329594,1981.797037044854
8.95,2015.1384887162317,1952.2005970234272,2029.1605631321188
8.969,2045.6901943735538,1693.6016947999315,2005.4755777034716
8.969,2054.1401714509616,1761.4366210470916,2149.6443727389224
8.991,1948.3120661330202,1799.0625654818275,2075.974829257931
8.991,2140.357667061765,1824.8255451310613,2165.8006325280558
9.012,2028.2260358581202,1707.0665922016917,2046.0923841571716
9.012,2111.2911051079577,1742.251799896098,1996.8436070538312
9.032,1958.0587475412337,1752.0254655458818,2083.0000211290017
9.032,2141.403979943395,2060.243642399722,1860.885684870673
9.053,2184.4695824117784,1863.1648449983063,1936.5695443854504
9.053,1881.730745497672,1891.1589908591673,1997.5146255031866
9.074,1984.904202194854,1719.9347059414329,2081.7158508623775
9.074,2294.7971951711406,1786.386010959639,1943.9181692268671
9.074,1757.9146094435318,1916.2722413242402,2006.5498768974594
9.074,1759.819007534495,1762.3591932499692,2051.1757240584393
9.096,1850.232320870265,1756.80147829221,1923.5210792116484
9.096,1932.209258172563,1935.4432781982066,1617.14049144963
9.118,1797.2033877887554,1681.0127810415804,1998.572937933071
9.118,2056.110134098955,1969.668516869696,2247.317529725751
9.138,2138.6566748022733,1779.8054099056044,2138.7932518058856
9.138,1941.214750033556,1869.863239951118,2013.5282417160345
9.159,1782.9430460824854,1788.200329167018,2066.132451314967
9.159,1735.7264878819842,1662.0614854838957,2031.8807036533174
9.18,2009.8728918599493,2040.1591287248004,1816.3532630827694
9.18,2231.5235293258743,1923.2313444620718,2028.3738897539345
9.201,2128.824156198335,1815.008856650361,2029.3293643866195
9.201,1814.3751405428864,1817.6897105607864,1828.8415186424793
9.221,1937.4732232229824,1806.5339033130117,2145.262703503346
9.221,1957.6789131255982,1777.4939127599807,2182.9011460197485
9.245,2045.5718128089782,1800.4135272882081,2120.154904063187
9.245,2140.795311999142,1884.4459206235551,2061.7963970381074
9.245,1985.5023769179015,1938.290489887032,2049.357701829916
9.245,2251.122370965683,1807.5473307306718,1904.2247365077585
9.263,1972.5415642853875,1959.3600656493556,2094.355768379246
9.263,1775.809660906194,1874.3547877998606,1945.2706529576237
9.285,2119.23969309646,1842.5174288238593,1902.5177122464281
9.285,2152.450803037156,1662.6687865138995,1920.9390450964715
9.305,1936.0918612648663,1933.1874121214526,2092.786715885653
9.305,2020.655743272592,1848.5523357818506,2058.403367858335
9.325,2031.5472111742356,1904.521251413076,1952.8870839406775
9.325,2079.284975555917,1833.1730925671434,2221.7892597045075
9.346,2116.9751719743817,1717.7378546989305,2040.6287503445124
9.346,2084.9095925086995,2025.3853431219545,2098.83015854469
9.366,2026.8426971543731,1708.7086608019092,1878.6139779858863
9.366,1812.6850192894476,1942.5087446126577,1857.5490276236308
9.388,2097.5831261572916,1930.8416114111533,2075.2353648514068
9.388,1957.9843813159598,1803.9898124269807,1986.483559195776
9.408,1986.5878462395624,1738.1673153674633,1983.9611528928
9.408,2085.945523522644,1767.688585153422,1979.4196748822055
9.408,1839.819073990758,1983.8291802876886,1956.2587869369731
9.408,1814.610924282988,1831.641447837728,1969.2771949915377
9.429,2116.734220304193,1732.8161900738635,2009.6823073081418
9.429,1887.5772600827604,1974.3583688304316,1710.8946098446877
9.45,1994.0549970330467,1761.6691103472401,2010.9581282544355
9.45,2168.1339027392723,1602.7792719040451,2117.4483110311203
9.47,2095.3920842355483,1518.0017226169216,2198.3034815915557
9.47,2090.1166495144985,1702.9591172975374,2162.047502799369
9.491,1968.2498586861898,1747.4582265280924,2047.106189304355
9.491,2105.703091086523,1911.4078145461026,2146.4850261531674
9.512,1883.2513469835162,1782.187941949757,2090.636844850262
9.512,1863.850241540664,1738.0854767250064,1936.7884532993746
9.532,1972.644838277299,1905.5287248395362,2160.96019435678
9.532,1964.5861262913627,1897.7448737136772,2113.0875263352063
9.552,2113.6159521134337,1811.1164632596178,1871.749747107475
9.552,1997.3487797429918,1924.550762691731,2013.9334604299481
9.573,2006.5611561222208,1682.9377392266326,2065.3662548935467
9.573,2043.4990046839378,1842.8910500905215,2020.676999571027
9.573,1845.8960077495003,1859.3975683583496,1971.760058042909
9.574,2084.881572259646,1946.780207970108,1723.5431408284055
9.593,2019.2355555046938,1909.0948698689403,2146.169171010075
9.593,1776.7906593977773,1792.3788712927158,1977.982169496151
9.616,2102.2747575593585,1822.2750878054278,2061.1675352300044
9.616,2012.9931105085557,1749.8699765615195,1905.1416510800111
9.635,2125.7796180416567,1806.0307797435848,2077.7274804205044
9.635,2053.1142774099903,1786.5807954735772,1972.6769311990504
9.656,2134.397161197765,1793.3015060905734,2068.867146837931
9.656,1946.229882058078,1744.8103815507595,2066.2914721850616
9.677,1941.3869358511022,1776.8087071032126,1858.9607588506833
9.678,2179.1501659438873,1704.2793936387789,2038.2624450571132
9.697,2058.4145649571183,1849.8668701918102,2030.2222631902348
9.697,2065.8507140810025,1917.2281205916001,1682.7448532040319
9.719,1961.957379030454,1790.9461603572965,2054.0877959033605
9.719,1874.0535223658699,1967.6225890132846,2080.0183874227114
9.74,1958.9761141271392,1811.6450455681627,1955.4534165005036
9.74,2146.9626906902427,1786.9648038490943,1906.312941645707
9.74,2061.672153366443,1814.729103661751,2019.3841510386153
9.74,2038.1730716752445,1821.1417978495094,1929.4040700243436
9.781,2124.4636381578216,1837.4217200322537,2071.53320026022
9.781,1891.7228998246862,1760.858170951336,1870.4833436112697
9.781,1941.5439236233499,1979.2325203632893,2054.146314939069
9.781,2288.5299625012926,1851.114416781593,2017.1729672816389
9.801,1961.8173036405074,1682.9855440750957,2141.534868353975
9.801,2079.0698642173484,1772.4299739383198,1978.0852798925823
9.822,2090.242615300935,1814.9233685149761,1840.8027019609801
9.822,1934.3673401955602,1685.2066955548587,2102.2304432624687
9.843,2157.3331938952524,2020.6985400375024,2258.1990467257665
9.843,2020.294497455591,1762.9265280071807,1867.941987533147
9.865,2055.0288907296444,1702.6919324042008,2094.3720430821313
9.865,2064.1340291278707,1923.4596594024738,1987.758029886893
9.885,1861.6883474267624,1738.5804578503883,1865.8098186307825
9.885,1912.079225955098,1824.4797221664774,2145.957640037138
9.907,2001.3192236812451,1775.0218902963252,2045.032430374886
9.908,2179.60357189192,1731.8710878676866,1854.1300874552194
9.908,2176.7957943968145,1697.6265466815016,2280.260283405479
9.908,2106.842137059686,1752.368267381986,2050.3909294958644
9.926,2000.7185581113474,1798.7307313929819,2104.5212597842715
9.926,1820.6887832984817,1929.634132830386,1960.2814516517822
9.949,2170.5221353166844,1830.1732550547877,2036.786389291835
9.949,2039.072833340825,1692.4938483838707,2032.1139524192606
9.972,1993.878046691245,1832.8043785450086,1879.13625317635
9.972,2061.3329581416983,1858.6739426999836,1859.6591390089482
9.991,1877.7044254869932,1872.6049055968808,2068.9030618389183
9.991,1760.3708951247302,1976.5409383043818,1999.9507218499775
10.012,2091.849051887586,1907.4902693066945,1930.4052174692174
10.012,1936.3646950403,1848.3884714078886,2275.9562812429053
10.034,1835.7653273575206,1870.4146043033782,1943.7283741905303
10.034,2027.9657660306343,1698.9884634318587,2006.2111157316697
10.056,2034.9262102963582,1858.9129105275686,2109.2509901216354
10.056,2099.602753159682,1982.3020734711338,2045.824228428077
10.077,1726.6194376906253,1963.1132128582835,1995.888908862686
10.077,2036.7388294404689,1848.8833658423118,2008.4940334433431
10.097,2021.1494272848872,1872.0506596741225,2056.3078800849553
10.097,2019.2316220648115,1617.4510363341064,1945.6294621231766
10.099,1895.1125191257318,2098.876072537788,1946.6167298600546
10.099,2170.471593482544,1743.153714066183,2142.6690974285975
10.118,2162.207795057334,1861.970910091969,2044.6482416951214
10.118,1889.468855066892,1765.9727615953004,2069.109180191771
10.139,2135.435157655254,1745.742266407786,2222.209960595721
10.139,2055.2093372071654,1709.2289722861076,2209.243513875678
10.16,2039.090703650812,1786.9406913778269,1886.99264688023
10.16,2285.4492041606,1997.6750746332477,1918.602527344151
10.18,1903.4995524150524,1857.5358714497836,1995.406181697268
10.18,2010.6009475653057,2007.1770288957368,2093.0081639696064
10.201,1838.024232076984,1874.847590271879,2051.0981771964193
10.201,1924.3433398682128,1920.0337446927272,1983.4981791874286
10.222,1949.8191784477167,1756.5246955863804,1906.2218025982122
10.223,1965.0307816662682,1779.259123968614,2146.2091489269774
10.243,1939.9038153459396,1964.7302632923884,1936.9709102804886
10.243,2031.2620786232028,1705.2679749747006,2050.5532194668895
10.243,1742.8032924229715,1720.2071842861653,2022.160212245197
10.244,2106.326548583759,1950.0237212412515,2039.905625937166
10.263,1884.0339816986243,1838.1217196984176,2205.6503346259597
10.263,1981.5131415725207,1742.737164334092,2151.142262489822
10.288,2165.8068143369233,1820.359925150102,2148.8247227875686
10.288,1999.8965218932487,1986.3603236829665,1989.667169150334
10.307,1951.3744264862464,1670.7239051142635,2290.358242448726
10.307,1722.0244687040947,1751.3135764270883,2034.0270230961496
10.328,1931.9910306776214,1652.1739749512544,2148.4293146538457
10.328,2156.7784249805222,1800.4385049545651,2136.45882892723
10.349,2093.6669290969094,2034.5039866599914,1951.944198275723
10.35,2092.5612602168835,1994.7170391931638,2085.891720476659
10.37,1953.2130539740567,1786.228358614033,2122.3769160675074
10.37,2187.6783761513734,1796.641703807209,2082.076601533489
10.391,2115.914747938596,1736.8703459766218,2060.853082198162
10.391,2234.008602084511,1953.5272301232192,2150.0311538340443
10.414,2017.7817513005425,1856.3652975322912,1972.2899623723044
10.414,1877.9649579734098,1888.2129719314642,2082.149702087241
10.415,2153.9650294684047,1807.2084613006684,2185.79662142695
10.415,2109.395022217646,1788.104663963196,1968.7480343681816
10.434,2062.10120125704,1828.6271491482169,2073.1949354583116
10.434,2089.2695091428664,1821.7861353728179,1908.673698052001
10.454,1896.4347202271836,1637.0222335597366,2070.506218251845
10.454,2155.6414541088193,1722.270257314272,1871.4456511826534
10.475,2186.7072556097564,1858.9427471952697,2234.9016935949035
10.475,1965.2616248138306,1733.0266146460797,2133.3906452414994
10.496,2129.3707739998254,1928.3239989285462,1907.1149041197114
10.496,1961.9337280196107,2034.0642903996084,1960.5905960251678
10.516,1785.7153796510204,1761.2703986775718,2056.9648311167493
10.516,1902.9420295064676,1878.283730661072,1962.4187783713983
10.537,2061.2414362262734,1759.0510848886606,1889.7947933424125
10.537,2113.8881859886337,1799.231439926391,2072.874211367825
10.56,1957.3654868272988,1881.2544256517326,2132.856604304902
10.56,2043.4581163403036,1763.605513054643,2037.1958320414508
10.58,2124.4496568377645,1780.3639025400041,1957.7439258293055
10.58,1617.8229357171517,1781.5554539522948,1904.3103000367448
10.58,1958.4408563693423,1730.3848218294447,2113.6198048388383
10.581,2016.1601505844933,1695.6208682820848,2026.9996847280286
10.601,1940.1918226418877,1720.2069039191956,2146.036774766563
10.601,1892.1294244000308,1961.6905565765119,2189.705513676178
10.621,1979.7102325028325,1705.6894621095976,2120.8693478910836
10.621,1923.2389833329544,1699.0105826804893,1966.7263031029122
10.643,2085.3393609684053,1799.3213185105956,2016.551544279855
10.643,1947.4836875731248,1867.5102829480118,1953.6379328689902
10.663,1783.445782118854,1749.7961439417675,2073.7258804486555
10.663,1952.1848118521457,1650.366084306867,1770.5367062286955
10.683,2016.7390448046904,1797.3675921991355,2001.593162455676
10.683,2079.2271125908387,1786.7344746478668,2036.9589848844248
10.706,2238.6866675456477,1599.281097203618,2259.6243234353387
10.706,2034.156271671137,1871.5704201393085,1971.952476395125
10.726,1913.7318293731237,1952.2834835992799,1954.9006399853909
10.726,2008.598317058943,1844.7764126571901,1954.6597164231302
10.747,1937.975752619284,1684.6841773663316,2102.297417248149
10.747,1919.5434518992465,1795.9140057260902,2095.3010295744575
10.748,1944.537551528956,1680.0323001361237,1780.6351494460669
10.748,1944.1719097139835,1860.739280793077,2057.9875125916133
10.769,2223.6430363284085,1813.4116002349942,2163.594891585783
10.769,2007.2839772830614,1738.408629074057,1785.2286028138706
10.789,1995.312457330285,1720.4239213526564,1971.401529213771
10.789,1924.7892586921814,1760.930192623989,1898.3477982146787
10.81,1895.5680860290913,1961.3437442458403,1966.4720943408072
10.81,1810.2590016675467,1878.589280659192,2107.960699566319
10.831,1751.14258944736,1909.59223095283,1926.3522761293898
10.832,2110.7469520441186,1860.3330569062427,2116.4050248683952
10.853,2048.5521743444,1669.2640606051277,1911.6589970737457
10.853,2134.892518946711,1772.928260174076,1832.4147539769929
10.875,1973.6373576902045,1952.8031317293871,1872.0215710873615
10.875,1902.359953345872,1816.1041852801234,2017.3099213757762
10.895,2090.229507283805,1814.1010648575684,2129.231376710442
10.895,2139.8311496583874,1880.8270563890362,2113.002414701643
10.915,1972.554411254785,1819.2813989066121,1891.9168464672748
10.915,2026.0370831431298,1594.5383655902087,1994.8774480913478
10.915,2044.8944526416014,1796.8971723095974,2065.163513472471
10.916,1900.3489384638076,1568.0339908606088,1950.2756688430666
10.936,2067.0616224005735,1841.2370347335898,2009.835433258909
10.936,2051.6530496009555,1608.9512463333824,2062.935547850798
10.956,1932.7892438411482,1668.4193979367042,1714.3261323901731
10.956,2035.340945910666,1520.9695697484453,2094.2821686590246
10.977,1816.3719686201337,1691.0714868881093,1926.6225928262386
10.977,2131.1068012026017,1523.8864922159255,2126.727217734576
10.998,2132.4230052884927,1615.6357982555746,2187.5459736536263
10.999,2114.239569418758,1677.7574004882088,1794.4445106126993
11.018,1971.5953200841902,1632.4638288779013,1864.1584514785054
11.018,2038.577719568691,1568.29131677232,2024.7359833873309
11.04,2117.875182950058,1709.048501075052,1958.6947297386105
11.04,2017.2722399690504,1572.9562518183557,2054.9843440905315
11.06,2039.4306510881129,1513.9646104330618,1850.3239887774328
11.06,2105.999455261988,1547.9512786210269,2122.581003462144
11.082,2038.6443608659406,1801.98059439798,2112.7612530715382
11.082,2180.4424336437255,1558.2328706992419,2086.076422414378
11.082,2066.063755099387,1566.9742982826424,1834.1829735929646
11.082,2110.9064972585975,1756.7747145604253,2046.6210378810176
11.103,1804.5203033764064,1780.973407346,2175.55784979389
11.103,1943.5552197284123,1551.179609114693,2078.5192316785697
11.123,2027.5106764347088,1633.4508731750998,2159.8773081552
11.124,1850.2870039470733,1660.4629400374397,1856.5755917902084
11.146,2255.999584711014,1533.1059536866949,2097.3683652856507
11.146,1941.2782817766501,1593.560242864352,1739.906273290219
11.167,1853.5627213010762,1554.2774558475933,1921.028624701718
11.167,2047.340350014269,1661.7327050357108,1964.9995826637198
11.188,1969.4320823376227,1707.0777827851327,1994.9500331729662
11.188,1821.2986650101411,1746.871712114864,1821.7472141986707
11.21,1968.0793624115008,1727.0997921442925,2142.8407582042914
11.21,1986.0076653608637,1451.8505232452314,1786.7107849703311
11.233,2117.9940070081975,1712.813662192275,1932.4065424466053
11.233,2172.751121502616,1592.683319614512,1610.4662423482412
11.253,1843.1282892498716,1721.706258276627,2076.9889974279936
11.253,1942.3830891488412,1680.7692043828242,1928.6537945048753
11.254,2130.7532400191094,1562.0260928150387,1988.5845163575523
11.254,1845.8361141410508,1707.9233848395222,2000.9647608823325
11.275,2086.1369289094664,1513.301579631838,1893.8124308183776
11.275,1740.5121367028983,1768.0574385505884,1946.4569810068572
11.296,2059.166854187059,1640.0356311490352,1960.4227605545182
11.296,2064.769594993332,1697.3767809359972,1967.3740325466215
11.318,2043.0222739521907,1651.0897970340245,2083.6714776657996
11.318,1953.2419923007053,1731.442564334124,2012.8614797588807
11.338,2239.7837783683103,1699.9502236153205,2181.3625086091356
11.338,2107.5877237026116,1718.3326906818224,1801.0439160772275
11.36,1992.498436160828,1743.8375509205218,1901.374808043556
11.36,1915.4713006831248,1764.2344185975896,2030.0145758848369
11.382,2074.995906558137,1761.5440416086606,2069.3551448675403
11.382,1986.759796210212,1538.8610567074736,1915.8913809590565
11.401,2076.6810697683945,1581.9469863260333,2157.3814848087713
11.401,1674.2380912092776,1709.7458546530988,1868.37063127238
11.422,1986.224197600336,1598.559228135884,2024.1460380805106
11.422,2158.763204903133,1751.1157690057814,2033.3219271079388
11.422,2093.363169141865,1787.7217654981614,1940.462740507555
11.422,1695.8369582834916,1672.0301751484128,1798.9306810470355
11.443,1933.6812625525768,1665.8099473630268,2098.0420538575495
11.443,2054.9872904622616,1698.6274288006741,2101.316633519173
11.463,2162.3602317051873,1714.8529171722605,1999.8398019003914
11.463,1859.9079555489448,1650.6716744250357,1965.0634682795596
11.484,2103.1603752328433,1708.2964010186245,1923.169518381585
11.484,1821.364251166081,1727.1432110659673,2031.7155425830456
11.504,1887.982439884282,1568.2314478059209,2017.8522744710249
11.504,1630.8442941345088,1721.0733970315778,2017.8508943374752
11.524,2017.8267173025242,1754.5078614613885,2022.1723007795188
11.524,2135.6331994482675,1583.5708337229428,1885.9862857734813
11.547,2163.4343448953036,1779.1511202693466,1697.9875651280495
11.547,2185.0073246415855,1641.585804396063,1865.250760890168
11.568,1936.9527538004284,1774.457393131455,1902.3235591381613
11.568,2194.346916404735,1578.0617297504373,2042.3029231060866
11.588,2116.4196654177135,1674.7585928116825,2007.4821139038263
11.588,2014.4221412420218,1678.6718728361168,1762.4984198017792
11.589,1949.8467869054273,1797.8015193395195,2065.1327991681164
11.589,1947.7245701920338,1676.937639070571,2200.293596782736
11.61,2045.0921787481418,1696.7156575415772,1952.1094018369972
11.61,1901.6513743589508,1655.6753911460535,1856.4750344101333
11.63,1874.2107795410673,1746.5768814573994,1870.9390920798726
11.631,1917.3936857276972,1726.0878432940494,1821.3010647018468
11.651,1833.270899273415,1550.788841683099,1976.6943745375866
11.652,2002.3452631461796,1734.6274511744602,1854.6965592695478
11.693,1935.313806167579,1457.7900914044458,2007.2945694417847
11.693,2177.5499206671175,1697.8485179343395,1831.7265737262987
11.693,1923.1979245438802,1874.3159909584544,1825.6927607240382
11.693,1902.1617326496698,1631.3820780447447,2063.7267029705863
11.715,1805.1748396991884,1639.377909499753,1846.2422161527197
11.715,2143.11809843063,1463.540008758004,1905.9812662457246
11.734,1858.8296210189387,1727.0268631660485,2059.0085543276846
11.734,2052.7677107576255,1733.7833816840841,1987.5963852444006
11.754,1943.964325902722,1659.117239919411,1802.7929095826687
11.754,2255.8501059118835,1534.1590674356505,1902.1583964472504
11.754,1747.0302053664775,1623.8430363995744,1914.1429880548703
11.754,2057.2211842223205,1495.2126930782413,1965.5865226516846
11.775,1865.4627878667368,1524.8693303384327,1963.8059219594247
11.775,1913.7055144207868,1600.2032705208674,2005.5959522802957
11.796,1973.5616518606498,1570.761842537166,2064.0236554436556
11.796,1852.7167323704994,1634.128732286658,2105.6732876003607
11.817,1987.8103991430569,1841.5243293509986,1918.7924883423607
11.818,2010.4623054129154,1763.1587579194936,1882.2821565027416
11.84,1831.1209929624295,1717.5989012073492,1885.0252628972678
11.84,1853.3642844629326,1754.823432150347,1778.6149949955716
11.86,2005.3852268432884,1790.7449539824943,1932.1688325403895
11.86,2078.1181783481347,1660.0785508962508,2074.4883338397644
11.882,1951.3574876662497,1633.3177166282865,2070.9900750740503
11.882,2014.147462966163,1511.8339410374695,1953.2372537126641
11.903,2028.0486532529312,1532.2873497956205,2027.6843471051156
11.903,1967.662114592048,1595.258497195157,2153.20651730409
11.922,2200.543694595013,1677.6643767065127,2061.29590983463
11.922,1845.2260282539228,1680.5372087033293,2011.4264542827912
11.922,2049.717074079468,1662.5985783726562,1839.7381143861614
11.923,2004.8639429620416,1638.7793950815328,1994.1673732754446
11.942,1853.0148772516343,1625.6036852994687,1730.3252429650895
11.943,2037.480369900659,1573.88362104556,1889.1955649878978
11.963,2013.7236826716999,1665.2389483372224,1748.693856616198
11.963,1979.4877299053726,1660.982805724501,2042.5616177994198
11.975,2162.5157329799536,1554.2306909208403,1959.5940598295476
11.975,1845.542140504926,1571.2673987572161,1799.7829592851456
11.997,2078.627947762241,1382.9239528663497,1968.4076416669288
11.997,1787.702533884083,1609.6080167265486,2004.519215230671
12.016,1943.258825521513,1645.2059759085719,1810.2557762162119
12.016,2018.436731056102,1384.7740328214447,2075.5179487388928
12.036,2026.7127422853087,1615.976902905877,1991.4838692782503
12.036,1872.261628659891,1755.1483332228138,1680.2708344205741
12.057,1948.4303739017914,1469.8459058191331,1734.0645855247683
12.057,2072.576085038336,1520.06354778101,2178.3392207112565
12.077,2115.6932403066457,1758.9257639063778,1825.3177507338858
12.077,2068.346020980555,1679.3619466503499,1878.3361342812739
12.078,1915.782669373736,1570.6730226958355,1938.4771686109425
12.078,2203.2536680587473,1702.852830195361,1906.92533546165
12.1,2084.3091906913596,1708.0748535654573,1970.1854873794298
12.1,1902.083324218168,1544.3542952622347,2052.142229866455
12.118,2119.6441057870115,1635.1353299659659,1901.9340365850983
12.118,1982.5273853758226,1577.5567518837568,2142.7002360099727
12.139,1837.1550733730019,1688.537405838304,1868.6105793845318
12.139,1889.2970243878424,1670.3548167211968,2015.3195659186104
12.159,2148.0019474641595,1444.8401020845408,1883.5427516953387
12.159,2238.5158876663854,1497.7868388526356,1787.0276381148722
12.18,1896.8106439930903,1781.923335421204,1974.013720941184
12.18,1944.0401516483973,1658.691386183931,1870.0940431926858
12.202,2033.4796777880429,1623.37954346179,2147.8349513865633
12.202,2246.6687356520733,1727.0080929167,2061.440320782108
12.223,1924.2750316404463,1782.162784772438,1841.9721294817232
12.223,1967.2726052927342,1558.0484526495227,1902.9053745466092
12.243,1890.8530239098884,1798.121021850892,1938.4183632833344
12.243,1901.5786008257144,1558.8864695202722,2086.7165469157385
12.244,2083.6898681290354,1635.1497535534982,1883.8496217978166
12.244,2305.338582007516,1551.192622884665,2142.318663442363
12.265,1920.9377386216497,1700.4607577177132,1870.0426509165654
12.265,2310.125074742601,1791.7650797993101,1953.767701389836
12.284,2024.9452025522046,1708.3871375731576,2119.75219829603
12.285,1826.8964108104738,1498.6789452733901,2170.127725792971
12.305,1779.5805107321362,1573.4720996699318,2073.000355673641
12.305,2071.193348921123,1542.7167177084643,2060.9351603734576
12.325,2000.2105584674434,1728.2806333080134,1891.3074842640372
12.325,2011.9083256779847,1549.5955765541332,1866.3451887051774
12.346,2006.7748832451532,1516.5010981789255,1908.6728282331856
12.346,2151.663304502569,1648.7105773413543,2075.3930362063666
12.368,2229.827962594687,1546.7171340540604,1888.0090537769745
12.368,2114.2463926638516,1526.4326156750433,1980.3031868398837
12.389,2028.2948897278825,1705.5846710064259,1819.3501592430891
12.389,1977.1898835492213,1454.3942803788207,2041.112316310666
12.41,2077.6111456668496,1741.6479901486723,2145.184641797506
12.411,2125.601317746285,1550.1505172272234,1877.0442775184335
12.411,1733.4853643817917,1795.1833531346665,2055.3819209477474
12.411,1954.6046359880786,1565.230710966974,1838.7627457019323
12.433,2238.532053820652,1609.5100633945049,2070.152894975031
12.433,1877.2235740299852,1643.0705034471143,1781.0613987301306
12.454,2083.3199689891253,1595.0247526811822,2069.9701743219034
12.454,1845.4409935276171,1576.0522906558901,2018.307836646417
12.476,1895.0705763171886,1524.398400480605,2104.143056719125
12.476,1888.685424918317,1622.9288276589402,1976.7564352039103
12.495,1965.9767434305713,1606.5537062465314,2273.105558550736
12.495,1918.8861539319976,1663.1977303413146,1700.6904932374098
12.537,2064.134561320419,1671.7488340271427,1970.7060758975476
12.537,2393.751599829228,1422.7793757441793,1947.2078077781575
12.537,2060.614193449123,1673.3403168478785,2199.2868198801148
12.537,2171.1543310128704,1480.7511008368374,1983.910745398239
12.558,2244.4815076486666,1496.0608723550772,1868.8416746221542
12.558,1825.8057814841743,1637.4277755622518,2077.039677456018
12.578,1818.8018173851056,1669.2280869592623,1885.4475819010743
12.578,1824.936315143173,1699.1416263341719,2058.7330094082945
12.578,2130.8727541447365,1631.2885673488868,1994.3621625836818
12.578,1898.1964985868979,1679.164783093479,1838.7891521412375
12.601,1980.2774180637775,1768.5915858607877,1966.361534359573
12.601,1835.9688262287928,1700.7689321913874,1990.6521765933644
12.622,1733.5233969740523,1757.5078209600595,1953.4367406738938
12.622,2094.7030307683904,1717.400290742145,1859.8527149489987
12.644,2125.7891756540193,1846.9003632821818,1895.408221788032
12.644,2039.6193633875666,1630.9820761447265,1931.8779961827527
12.664,1886.027340142296,1485.2408681589507,2000.6085632934382
12.664,1901.2039212284665,1438.0531519588385,2038.005619930581
12.684,2128.7260682258798,1640.652687308687,1853.2156211207841
12.684,1945.1822871778038,1661.749344849645,1772.5349355066094
12.706,2162.7347369875006,1579.7109968167642,2013.9663644158343
12.706,2034.8168828869,1630.7802969755974,2115.5622895251818
12.727,1957.4114885530437,1579.077378995075,1856.6564611511283
12.727,1764.3622678399454,1696.4572523040697,2032.6055570874307
12.747,1955.2423185113987,1604.6342116391575,1769.3570557700273
12.747,1754.1280291411397,1598.4381850220454,1939.5525067158078
12.747,1889.6466578219756,1588.587060940902,2063.01239712644
12.747,2120.37826709951,1585.652815352377,1951.7722619881404
12.768,2170.6952802557994,1599.7976447628585,1866.2309588599142
12.768,2216.1711448634037,1514.1903315942322,2021.9611745605414
12.788,2003.690885799624,1623.5575625140207,1850.6177626694328
12.788,2166.463248380604,1750.2964831684678,1747.880695623642
12.81,1911.606345090562,1607.3018752701125,1899.8767431622362
12.81,2202.5073491012313,1330.2626896267154,1995.7619448314802
12.829,1971.0665185103217,1585.6666875344088,1957.806054974317
12.829,2054.5208728771654,1708.6418010064854,1840.7791763715318
12.852,1904.6704183117579,1674.1186838021179,1890.1241407021491
12.852,2082.776208857131,1682.7018220293735,2063.230393137477
12.871,2208.979500746796,1793.483302419243,1916.600711003762
12.871,1936.403875918081,1588.1626400250493,2064.0296082001855
12.892,1866.856889668164,1390.7772745035438,2023.59010602757
12.892,1845.5858699229284,1765.3329860368058,2024.1499846496658
12.913,2077.9437269414784,1724.7421649585278,1844.8913676093969
12.913,2140.177337663201,1628.314279575703,2086.82173474811
12.913,2224.846983815336,1639.9912308156684,1880.7000374483907
12.913,2052.755695187472,1629.2863555302865,2159.9718944453844
12.934,2370.2565187242317,1740.1448679109803,1894.4047691085068
12.934,1797.5336090529163,1715.2920387378504,2042.6490006631998
12.955,2033.8245742501292,1691.497782261711,1713.1394262633935
12.955,1927.1790540704694,1524.2780933313868,1997.6999117226228
12.977,1868.4722961312398,1764.5786792565243,1901.1076680912945
12.977,1834.4580273976007,1679.2056287007083,2070.6953103144997
13.021,2004.7782985808965,1670.7728493613708,2184.9884333001464
13.021,2187.1734791530116,1642.7085101574364,1932.0935104100972
13.021,1943.1744414209084,1655.1515915192022,1985.5203323463911
13.021,1901.0735423581823,1748.3558336067392,1883.170224114313
13.041,1976.8256507996637,1570.8917090736204,2080.71888799947
13.041,1667.1055830046512,1718.4812597357127,1936.3305738974086
13.064,2222.377836776066,1546.4681394813467,1945.9915774845085
13.064,2078.0657261919073,1594.885732969787,1918.6042107558717
13.084,2086.3670178733473,1550.1190985092803,1866.7043823555491
13.084,1838.0872662068023,1564.5635606985002,1845.6791298022383
13.085,1765.7362539141254,1491.909640566145,2083.7013232314603
13.085,2066.708309819758,1747.8246779968315,2030.7222098703412
13.106,2095.5453880906416,1436.3119665776692,2057.443068591929
13.106,1903.47684036366,1698.0056433138964,1942.4152191029923
13.126,2137.965769385767,1654.7344873206812,2169.522036003705
13.126,2042.767607714754,1541.077091015182,2023.6146046381718
13.147,2062.612422852856,1621.1743719518633,2001.8650754473103
13.147,2050.262615854486,1558.5029459023208,2002.580961270225
13.168,2352.4599752477393,1803.6956545051469,1995.5655750688024
13.168,1929.0982163191961,1705.4765276542985,1892.248479003361
13.189,2006.980345259544,1590.6287756203346,1924.4573204503824
13.19,1858.3247503290804,1861.664742134749,1977.988825212207
13.208,1923.1851654721129,1857.7455856704112,1732.3715091788329
13.208,1950.817699810871,1644.6774426455474,1953.692719029287
13.23,2062.3091914960055,1753.139720312588,2057.412741981007
13.23,1865.540485553398,1723.5654582989775,1836.7454858964416
13.251,2000.2964831803367,1641.5736565939492,1946.9695331501207
13.251,2089.74468298269,1518.5682938450934,1999.4256687629945
13.252,2210.896260258297,1688.7332050808673,1876.725130376196
13.252,2077.5648475310604,1680.6524360950314,1963.0869793464888
13.273,2166.2334419178974,1599.115858322273,2163.7860106582034
13.273,1978.8489345260684,1912.9149452880854,2060.01991764654
13.294,1946.8269264625806,1707.17775991147,2331.1196761266583
13.294,2150.7697517335937,1566.7196096836174,1849.5452415750835
13.316,1942.1750435582971,1637.6476636449113,1987.7136288983716
13.316,2069.256547457388,1526.7745322834883,1952.9863719244245
13.337,1846.6284192100986,1723.6792425052256,2198.4858068798803
13.337,2143.2501784612696,1552.9249163182208,1998.9633363168612
13.357,1995.7419751473997,1554.4242681851554,1918.4694768291415
13.357,2069.8602017401518,1617.1871425416005,2017.6041774799564
13.377,2184.334531987052,1588.6870106592876,1883.5705720528676
13.377,1807.7241902212725,1707.177285122415,2001.0630921515733
13.399,2104.2101529629135,1594.9113959405277,1966.0226239834851
13.4,1912.7973822863655,1646.3641008467937,2006.4490058188387
13.418,2032.529005251347,1684.3853914704844,1809.589529440462
13.418,1926.164236263769,1634.3855931814198,1910.388035629012
13.419,2018.5951293829937,1645.1799852566253,1914.327672549505
13.419,2013.4599051274984,1556.5922533651137,1861.6287927106905
13.439,2060.8788838416876,1645.5247039773815,2004.342125495063
13.439,1990.711850990648,1403.303617675767,1942.0290243146458
13.461,2013.2873554247067,1543.4901444014597,2171.4578549315775
13.461,1999.077216166179,1885.7784267317825,1952.834624711899
13.481,2091.1109979216003,1650.4765367961243,2073.1338083906703
13.481,2041.7540779519247,1736.3969795483267,1936.5336525035689
13.5,1929.0157987391767,1776.3760603850205,1917.2811887963558
13.5,2010.9754166736566,1742.5681772430335,1963.6232554445742
13.522,2111.847005916564,1686.0843996094316,1956.082128474705
13.523,2035.6241114569088,1502.2941073696377,2101.4141249705663
13.542,2052.3410745551746,1663.5478302719312,1977.730959833068
13.542,2078.8887120190434,1666.206216080266,1900.6107380074413
13.562,2132.3931816873865,1614.6844437882094,1868.0621491163927
13.562,2164.6527129875662,1727.0880169830143,2140.166738848794
13.585,2014.5267568518666,1754.8542014842074,1960.4597930179784
13.585,2052.930834414066,1559.57064142769,2068.4149152477785
13.585,1928.1306629659646,1654.6508853793518,1895.5918421743386
13.585,2166.942902017876,1665.376548163752,1901.119163026988
13.603,1997.8549825556527,1587.755922954544,1967.7299299538897
13.603,1964.1145569280256,1587.446033512194,1964.4978713493376
13.624,1945.2982661647459,1570.203518987621,1780.872787449322
13.624,2081.3967544064417,1559.0500028909644,1901.1134380318924
13.644,2031.5769797180078,1575.5890648309169,1724.9096821106293
13.644,2073.401909193253,1616.30440541857,1980.3274912570982
13.664,2014.104543276143,1622.7167099832163,2048.3519902972967
13.664,1828.6027593863341,1639.8026371263634,2056.4512775351564
13.685,1897.0887007395252,1610.7288536245164,2116.811941626702
13.686,1878.0624700747999,1792.5836095099364,1961.48665145104
13.706,2029.2716959120576,1653.0851224285525,1612.351201186854
13.706,2080.8906463106932,1675.9831004503594,1915.5858848519276
13.726,2095.4694233679224,1900.995746659481,2040.3732981877572
13.726,2146.288062558999,1649.5212186440172,1834.5055756019317
13.749,2046.5946774731806,1505.7117498343855,2095.1195900319553
13.749,1901.2801697334344,1653.0681539950103,1651.8700563471652
13.749,2010.7642744213629,1690.5376795510392,1938.923381373824
13.749,2045.9770893914513,1643.3518249684723,2082.086769973438
13.768,1928.8593553489425,1597.7369471347354,2152.813935273741
13.768,1826.7117776865182,1715.004544005671,2225.9326774836572
13.789,2044.7905704088032,1749.8905392742702,1904.725390796645
13.789,1997.9424773757833,1556.9200581888012,2030.2114750210014
13.809,1934.989497971794,1656.639877374141,2094.919601905444
13.809,1912.0108954682005,1552.387652238833,2054.945215469856
13.83,1930.0240782450724,1617.8375025559528,2010.1354165676998
13.83,2029.3233505178416,1472.935368354382,1810.611421451592
13.851,2089.205112275368,1838.9859040491904,1931.2601499532923
13.851,1871.8952604678307,1624.3802863153373,1976.7407202415714
13.871,1785.0918413999007,1369.567413379162,2109.6065562804674
13.871,2121.1202187292415,1698.5559727335117,1751.2822726545664
13.892,2187.7118810452966,1481.5404761358354,2032.756017331435
13.892,1916.4705434334096,1602.9902054628028,1916.8622057536857
13.914,1981.7545342494473,1783.8180626327994,1979.3727064325935
13.914,2179.057023005177,1707.7766386828885,1772.6177282372914
13.914,1912.140685458149,1721.5727416173038,1822.636349131724
13.914,1832.4786504460026,1560.5248367177498,1892.4323861242588
13.935,2067.596254764097,1558.5879653381521,1980.4693696920735
13.935,1874.3554804825876,1676.5464550505346,1869.5994736389964
13.955,1986.4467900637678,1689.8448670633136,1891.2041219272987
13.955,1843.8959809662304,1663.8026873599276,1692.476584840044
13.977,2053.5916265361657,1684.521844567731,1910.9794158070306
13.977,2034.2920003790448,1710.4445001394274,2041.278765111134
13.998,1900.2129250421328,1516.5679147165297,1876.1223118688056
13.998,1946.3255535301346,1712.376040859858,2148.3969668305485
14.018,2177.356582386561,1698.0316091751397,1882.5765536426338
14.018,1970.3758126114603,1411.2194730748324,1942.326385612377
14.04,1716.2531610086533,1597.3963553302103,2108.376881801739
14.04,2113.7978086899434,1695.588103395743,1971.8907421200092
14.06,2225.7411156640483,1425.6068040183322,2180.86052740139
14.06,1972.5557818661405,1731.9650720270565,1933.4708916686718
14.081,2037.325231958396,1506.4991094736101,2150.9566599062564
14.081,1940.353519719878,1522.4575897165057,2034.8047679781678
14.082,2071.583577457258,1649.1165348003283,2009.1038043773779
14.082,1957.6967000424245,1654.5189154773036,2077.3287198710595
14.103,1860.9177067960993,1573.2168733501578,2001.7059746442537
14.103,1939.9375827833114,1728.574644476628,1920.7152787659375
14.124,2116.9210512790632,1575.393931851762,1759.8220078091135
14.124,2041.5274371920966,1597.6509416571544,1907.8520886313554
14.144,1727.800877484937,1375.9318183871665,2002.0108220103343
14.144,2037.7054820875785,1730.9163747849266,1917.4381700695694
14.164,1953.2253448381186,1656.8109109363436,1942.32204385349
14.164,2018.5136599581742,1550.033838876933,1973.0045368475846
14.184,2115.0794685701467,1592.4178679019722,1942.4974880339798
14.184,2329.89862272418,1703.5398367880168,2042.344051274897
14.205,1936.0558388270836,1708.707460694568,1870.6882714190087
14.205,1882.5477482682734,1773.0960322034398,2091.946197915458
14.247,2222.480713885645,1526.0322111094722,2161.440241009649
14.247,1962.0441096807028,1657.8939289628681,1975.2677855609463
14.247,1985.3934560110124,1534.767559667744,1867.59398377579
14.248,2257.586715547502,1568.6199211281826,2219.5884259614895
14.248,2027.778781492603,1480.249947720601,2013.5834023609868
14.248,1987.7691273426453,1633.187280024938,1949.743504629035
14.269,2241.5234168808774,1762.353870799834,1970.2318461320729
14.269,1927.3875290849476,1744.1780148349146,2085.741045108241
14.288,2035.2470585052029,1710.6572301838473,1909.3791092460024
14.288,2097.912307346353,1774.5337525085563,1911.6887372017081
14.309,2029.035042369514,1436.4835230059623,2089.385564725903
14.309,2102.27821117641,1791.9481241711987,1967.569431045547
14.329,2087.2005253296034,1825.9185463402935,2274.249625287656
14.329,2242.4221695704914,1881.146274623388,2067.1690475966943
14.35,2199.0007081779513,1617.9461357261741,2085.4481049727647
14.35,2063.7768661790897,1682.3504043060716,2210.2363059230393
14.371,1933.3232443336833,1574.2459828855795,2079.8017828112793
14.371,2190.10406258578,1651.726663473013,2119.0754036829717
14.392,2018.6568615788228,1761.9363193084114,2088.9179838301357
14.392,2052.619306323832,1662.6619712839706,1880.7025665153328
14.433,2173.6568704070955,1567.345277867145,1846.0113405722445
14.433,2002.5379959244942,1501.710118015554,1764.545500146842
14.433,1998.1358119741342,1549.7911569455175,1843.312755963373
14.433,1972.549895766409,1469.9211419497033,2185.361484560195
14.434,2163.1775426473896,1763.3649296362582,1892.9363430851329
14.434,2164.4241945290096,1685.9083787231675,1853.4578039907951
14.454,2139.948826916633,1760.1515778419698,2125.2865012091434
14.454,2069.3826307977315,1703.8210237242663,1915.7291049496484
14.474,2026.4740987750295,1747.364901420255,1801.622976266374
14.475,1980.242689841428,1658.4511249851291,2045.732856360097
14.495,1937.8078864984966,1734.0318220291208,1974.0353808261539
14.495,2249.7535804696877,1515.2758673595067,1925.914452642439
14.515,2167.625117446472,1660.80934224183,1968.70446301182
14.516,2085.3485787275094,1673.4551224901008,2040.1618322534282
14.557,2040.1281899717844,1588.05851159251,1932.971405076589
14.557,1816.1458522914559,1733.2342520853085,1800.1290627242004
14.557,1980.9406792518207,1519.101453772602,2034.0857424401047
14.557,2072.8382556336933,1831.9842528018487,1880.1944568987487
14.577,2144.800425539587,1701.0834904765966,2050.1820857990756
14.577,1811.753552485962,1619.034581235718,1874.6595111278984
14.577,1838.0101004920468,1841.0048938539373,2002.2972767604128
14.577,2229.5775416070464,1690.2064356516694,1895.7893971322417
14.598,1702.824167349651,1592.2930976911557,1997.9716166199728
14.598,2103.6767205626297,1739.4332832032333,1853.5067022347578
14.619,1875.7267285483483,1627.370982438129,1923.300955265584
14.619,1961.5247943211111,1561.2169338265428,2044.1279207414545
14.639,2097.1265014466026,1851.3794969116734,2001.696496663421
14.639,2081.4529750040683,1674.0529701788234,1772.6802369860138
14.66,2017.1969330178833,1678.5420700979594,2123.265126190583
14.661,2067.182124884307,1562.9353327693395,2057.216836599083
14.681,2038.9216747595688,1510.8146158624766,1891.94320879798
14.681,2129.0069266563114,1504.6079393914847,2025.6028528494892
14.703,2029.3690019577882,1749.7472594960245,1794.5036587197478
14.703,1843.8227163498918,1604.8712176212046,2006.8555088245723
14.723,1979.5108866114538,1748.9514492985923,1973.3562586170392
14.723,2039.5534124309033,1529.2148505999241,1837.5168676490237
14.743,2129.6527839725954,1759.647760400162,2055.761661254562
14.743,1994.901654164329,1491.8904028545423,2183.092984015068
14.743,1917.5514980552114,1759.6790571627291,1849.4695476411778
14.743,1842.566726022119,1759.9609152112268,2028.850509694499
14.764,2124.316240817268,1691.4740565319648,1885.9084881779306
14.764,2104.170752539082,1583.6306837355708,1999.8202467234557
14.784,2277.1307391365403,1630.973142367103,2085.4525905770356
14.784,2058.5930165755535,1757.890999449644,2186.049340113869
14.804,2008.5665479293984,1505.6626011982512,1948.1697890710966
14.804,2063.0337161546413,1547.146112821039,1898.262736853166
14.826,2093.5367320000314,1692.4664359431729,1770.0529453903591
14.826,1924.5091455623606,1559.7765215093523,2074.7868766505962
14.847,2308.0997989382786,1660.8058330241474,1829.5048045151855
14.847,2127.8684988373743,1474.4645927479387,1904.509187622229
14.869,1933.7471009871174,1428.908597793582,1917.1533336056784
14.869,1897.1116894152856,1612.8671301802733,1854.469785176096
14.889,2051.350737653589,1698.4060021978562,1829.8128879459755
14.889,2038.5128217671115,1824.1437481832845,2044.549790094938
14.909,2069.3897836709557,1736.9069015053137,1900.0752627192892
14.909,1900.6653796234332,1448.7189366016687,1884.4133831978688
14.909,2258.199909427487,1746.9630367113389,2095.9887863482977
14.909,2082.2627359620587,1469.653913229437,1633.1720906118337
14.931,1958.2604060463245,1790.6210147458592,2142.6509912743004
14.931,1928.0412937760343,1730.1309667668236,1890.7014886389516
14.951,2045.2341801566636,1552.1476007876242,1951.2798701813917
14.951,1995.489036500077,1669.2017585967571,1922.058242615459
14.971,2111.9919854090044,1535.6263365757407,1966.3658792532437
14.971,2131.9677881199814,1633.7258284313752,1801.8877990470476
15.01,2078.3414970550793,1624.8808047806724,2017.9157539984765
15.01,1890.6207082264705,1767.4681393628778,2022.1832097426952
15.01,1891.3821277380307,1653.4158816994302,1865.3021199252876
15.01,1884.3990616326812,1553.9352517962755,1753.3924623081036
15.028,2037.1248496353116,1647.1569329644922,1882.2256129708644
15.028,2050.584627591225,1713.5899812147911,1790.2934594778478
15.049,1844.6730109442415,1610.9586019398218,1874.4721194281094
15.049,1917.0813273785525,1542.3346837044724,2025.1908217825392
15.07,2182.618441672374,1585.3724896867625,1889.1697581180101
15.07,1861.6520351993727,1539.7311656287225,1861.7342374703726
15.071,2066.286619222693,1821.4491401472023,1903.8704322323188
15.071,1895.3453927268401,1637.809612579617,1982.4769963927345
15.091,1911.6785465764929,1601.1392871263502,1989.3545575100475
15.091,1942.579821096599,1609.745251196664,2114.002367980277
15.112,2111.9087802649956,1473.528084433645,2064.6700974235846
15.112,2024.8271050099295,1555.3752681958376,2009.2434671771257
15.133,2012.7022095027664,1513.7138178158136,1982.7536280484824
15.133,1912.5249412271478,1662.2510672051676,1802.5516569512636
15.153,2064.8459544411135,1737.7442685819967,1962.2191944241117
15.153,1984.3692842188607,1575.6163333091479,1958.877226016949
15.198,2220.6276093472907,1750.9034088367973,2040.6678614802452
15.198,2108.3876305241047,1799.4699467935839,1564.1745428314841
15.198,2072.7158727732203,1663.587380728112,2050.2202096408123
15.198,1803.860094739346,1568.7888026756223,1996.7980204138014
15.217,1963.7561589750078,1829.8657656919852,2203.380455238741
15.217,1754.3430957225153,1590.6922325785683,1986.1568914197826
15.237,2134.3466458356515,1628.816975202715,1996.925080912817
15.237,1881.150788454125,1767.61905209493,2153.256507595392
15.237,1956.119733129917,1582.26136875379,2126.083621338425
15.237,1911.905087191344,1719.6065387105407,2154.2015526950613
15.28,1929.9986055193915,1716.719381159051,1916.85338908183
15.28,2094.869957233459,1780.6396748663822,1819.3255593797098
15.281,2042.3617561700019,1516.5062315190012,2010.9887905451667
15.281,1900.5057549391236,1369.8344504707213,1810.6405217626607
15.3,1918.8898266859107,1622.4421272571662,2147.2430094428037
15.3,1926.7306850755404,1761.3747736591467,1899.890555772899
15.345,1973.7234657635545,1628.865548861309,2005.9323424139839
15.345,1584.3177670914902,1594.7646919300907,2002.3039611044826
15.345,1991.331248229959,1453.0871217779618,1781.938443645529
15.345,1695.7628646836179,1544.2199439334101,1867.31646283371
15.363,2085.1621366637587,1738.393019125058,2050.849312517434
15.363,1906.2569177061373,1601.2579819077139,1909.6231174823574
15.383,1889.7320098422385,1485.532495017221,1960.1170627595707
15.383,2010.2918486038693,1528.1383725100313,2173.309122346995
15.403,2129.369934901824,1617.2326522932096,1910.1238189149985
15.403,2117.7404132064744,1577.39457315661,2044.595946603592
15.404,1901.5354028363342,1534.0280356111775,2047.260273276742
15.404,1934.6063660761868,1717.5117965252502,2037.357362570926
15.423,2177.1682478121456,1561.2648956032297,2142.3248926986917
15.423,1815.3693866036535,1518.594167979435,1865.3665322186582
15.445,2062.25177513847,1708.1828163014889,1808.134011091658
15.445,2055.80847808556,1533.366048893177,1894.8871269893834
15.465,1964.7132521662184,1719.3753586632843,1912.03726423581
15.465,1945.7372662248863,1597.2418291214829,2172.7647755692856
15.487,2061.8984304613564,1631.9458014888705,1919.0713689664208
15.487,2055.465471608855,1545.8675941256756,1851.040492611673
15.509,1956.6178295956634,1613.104906487832,1906.0203408523862
15.509,1992.478766979403,1640.540195564461,1968.5728747644584
15.529,1916.9140146165669,1345.9493653160146,2251.3852725497823
15.529,1886.5049233168204,1496.0764308581593,1914.2939140314268
15.548,1972.5262845341394,1582.2785137691073,2009.2308842575105
15.549,2056.0053854066,1561.5411362382617,1897.5972660492607
15.57,2028.1761211875832,1506.6964118675864,1997.3566167609513
15.57,2076.0127884723197,1744.009263351699,1787.7180514224199
15.57,1950.1698982632365,1661.7211895681412,2058.262754444177
15.57,2113.6900179680633,1543.1598182401751,2009.522023008134
15.594,2010.6409599558676,1541.3234863371301,1885.6158707221173
15.594,2046.2095345345713,1560.7747492568976,2001.1216442684881
15.614,2012.6645472698497,1638.0879120812872,1909.0128722347943
15.614,2047.847405525869,1605.9521766445641,2100.9043500863913
15.636,2042.536877295281,1617.8023953979089,1923.1358538938734
15.636,2155.923982803275,1743.945739010285,2150.1354565139054
15.655,2011.6826567747476,1627.2276452622941,1787.2652279254512
15.655,1732.1110399912225,1526.1256045091968,1963.7951884836632
15.677,1901.031441771811,1830.6136385288112,1752.2019836970805
15.677,1749.4724110276966,1511.3048646622244,1820.3795832783078
15.697,1958.200280540824,1721.864466717865,2104.093291514029
15.697,1779.5851989307807,1556.0737428343434,1914.050898002158
15.718,2095.0451252215585,1649.6326708864738,1894.1782612848026
15.718,1803.54224462734,1680.7184368956393,2037.087218300113
15.738,2115.524790958707,1643.2860042840048,1958.1444967694185
15.738,1744.0667528521303,1675.8085297794707,2094.9591285331403
15.739,2143.3511680317483,1578.7130655431204,1956.9685270860039
15.739,2034.0141963031012,1685.6226778114938,1897.2904507560036
15.758,2050.056152328488,1490.7740480170746,1826.6635077111262
15.758,1818.1175054897653,1448.2524759621385,2103.872898656527
15.778,2051.619774117765,1549.3512834978737,2023.4439100833622
15.778,2094.1498800796007,1550.5762573003726,2019.8284074273793
15.798,2080.2269871086114,1655.5801792014909,1998.8159926785222
15.798,2123.8692393138376,1774.7232625147583,1956.364409695812
15.82,2037.1100744926434,1607.3104909402814,2048.918724457695
15.82,2091.2212533082693,1658.136630597754,2176.146361121439
15.842,1950.1180143401382,1732.2520277985127,1762.0431547945163
15.842,2075.8008051918887,1829.416127882907,1883.486023411524
15.862,2176.1256832738845,1608.4697877644642,2130.18650384527
15.862,2211.1291463460107,1482.7812565103216,1819.2856439815682
15.883,2056.6952293568515,1810.6780895306433,1940.3096905216453
15.883,1907.46646078043,1453.4959557921827,1883.3271958696444
15.904,1949.0012656347699,1622.1113511018582,1914.7999604687175
15.904,2102.631863559007,1669.9584620654375,2093.8725120142535
15.904,2013.9290503196148,1668.3344470203563,1946.7560447095034
15.904,1731.4177705385769,1589.0531235397189,2111.837243414285
15.925,1953.0639608351169,1753.1321332584973,2133.326575430799
15.925,1836.079583612295,1535.723982316543,2132.4693908430563
15.947,2001.584319245218,1732.3292214112894,1874.2293236566068
15.947,1961.824822882139,1812.8513855692267,1954.8699572932098
15.967,1990.9149987926073,1681.7140227134385,1786.4104054250795
15.967,1982.7459339485167,1657.1487416565465,2079.842616803282
15.987,1937.32910656228,1591.2343480743284,1853.7400150003323
15.987,2114.0258849055567,1783.2119531445835,1954.0536505269845
16.01,1871.6544719544258,1769.5713139428235,2020.9620339100106
16.01,1896.0369903190071,1695.236511227752,2130.500732686822
16.029,2131.424210633847,1755.414584043697,1923.2881392419556
16.029,2007.3933462842783,1639.4244476927379,1899.9236272854162
16.05,1991.2409898490978,1519.6299110393436,1988.7483262899718
16.05,1955.9931942389712,1427.6916266117264,1866.9537169691316
16.072,1881.4659976966336,1513.75171899768,2120.7972823000505
16.072,2085.5360452296754,1606.4322282088021,2160.959345148075
16.072,1940.596569953685,1551.755182817881,2053.596876915844
16.072,1901.119664928419,1883.7807005151826,2049.4507915915824
16.092,1915.0298236952326,1615.1177783494086,1909.1730001532817
16.092,1926.7887269493565,1583.0871494379242,2025.7040776787007
16.112,2134.7772580565256,1614.7381158502635,1741.4537624015134
16.113,2199.494713335429,1707.3420333015997,2004.359407261275
16.133,2029.7924871839443,1617.705005208949,2040.8623716104858
16.133,1945.2831018484842,1537.2120679958543,2000.0089948439932
16.155,2040.2457349246076,1572.047298817531,1886.7071892097802
16.155,1924.5816562053865,1718.0851373523863,2114.521766081112
16.178,2126.1693260285138,1721.0596704268305,1979.142172935526
16.178,2303.26023414257,1788.7702024946598,1917.5912299736547
16.198,2073.813257178237,1704.0829139737075,2185.877780892073
16.198,1994.5200281370094,1735.7170059312375,2078.479622017537
16.218,2137.039919850039,1827.3983182858456,1896.48694505744
16.219,2026.5310840925129,1634.018117759114,2011.9246180837588
16.239,1902.1459325616877,1642.6866336613505,2158.642347581724
16.239,2028.1621116449596,1672.5823647320585,2156.0722727639195
16.239,1950.2932136664929,1744.3981722671083,1935.8671506338826
16.239,1837.1450211426345,1720.9926937254927,1947.0879987560425
16.258,2049.466882423686,1520.6416315387569,1954.6443408038954
16.258,1873.3502415703067,1683.6070938402675,1959.9875665520137
16.28,1880.373107413541,1484.409800201038,1952.5654938694192
16.281,2024.1249852035223,1588.6376888075893,2044.0783591548832
16.321,1925.346034082849,1667.6174361926185,2034.809201274605
16.322,1682.8539834764927,1601.0910902654225,1809.0069867544198
16.322,2185.6553585060465,1513.3774577027953,1976.274600013545
16.322,1903.8750642767172,1647.2379603045367,1860.6505889787213
16.344,2034.4596334602475,1661.616950061425,1851.2705399935987
16.344,2234.9479739809235,1553.1111180763753,2024.133672024494
16.363,1826.2089012402957,1834.087592970607,1950.0953595107114
16.363,1997.4544424038556,1519.4922151633132,2173.655876134114
16.385,1986.118537232985,1719.2437686725452,2178.7346976520757
16.385,2027.219525404043,1651.803162962155,1962.8784195024248
16.406,2108.0913978749254,1704.7593164520415,2140.245097019989
16.406,2067.2059119364717,1568.3922687939069,2062.6142480851786
16.407,1971.202749567933,1608.973648069391,1807.0843403367426
16.407,2123.336650356384,1557.2498530353917,2089.3464070202763
16.426,1917.6336566680334,1860.876944568197,1973.6136692654318
16.426,1977.4895751596014,1551.0550247410742,1866.520763005939
16.448,1963.4966842127744,1549.2598485849107,2205.3981804105265
16.448,1949.9594152118023,1500.2292985270662,1862.1152201957848
16.468,1970.0457540268897,1674.6095677997369,2088.8505863181826
16.468,1863.102765750922,1528.204204481036,1742.486381926637
16.488,2082.720700383637,1591.4407532678574,1950.830284404627
16.488,1702.6816055080944,1434.7900934642828,1927.4900949439118
16.509,1971.1217167926825,1709.7624964844936,2054.272040877817
16.509,1868.6873338219427,1790.6493929594399,1648.2787488759877
16.529,2138.0652318966927,1559.7147093434605,2040.618164602313
16.529,2046.4900698598772,1468.2575451795606,1822.8212491033753
16.552,2089.963227855262,1746.4429605832033,1809.4344868443136
16.552,1903.601209088586,1582.1283340900743,1870.9066265864633
16.567,2080.0605163602404,1700.2091259531176,1983.6483745317432
16.567,1905.9048606335016,1579.021118295322,2111.9020937215128
16.568,1930.8605024007718,1501.9998614786698,1887.9859403401426
16.568,2189.7547614846003,1641.705230316805,2090.3133242690405
16.588,2113.9852590242176,1598.2093894397096,1950.6160594190649
16.588,2104.5111192216277,1572.4310902952932,2145.6676641663935
16.608,2116.7934271397216,1692.3717754961567,2005.3884870244688
16.608,1978.6870177110707,1673.171273442458,1871.597341724348
16.628,1825.1505672390983,1585.4257168436604,1794.190201894207
16.628,2128.924830942139,1505.9472910010113,1841.4045701647115
16.671,1797.21348426846,1668.2211443934602,1942.7433233941842
16.671,2090.7158838286955,1699.3151628261812,1938.3095600883235
16.671,1846.453432083274,1673.6929635799597,2117.347942403439
16.672,2206.3798231941114,1719.9302916408167,1838.0150126210328
16.692,2226.795484746599,1527.651470367107,1918.53660064325
16.693,1937.3430961159763,1665.8348475419468,2141.8543782396296
16.715,2030.64339910245,1754.9232296716639,2001.374322914951
16.715,2089.82105243842,1686.9468112313489,1931.6438953439965
16.734,2088.1903148928413,1560.5195865400392,1961.451421986067
16.734,1988.1365987761908,1707.884678750192,1916.1606063602708
16.735,2025.0667832757556,1671.9851604001124,2003.6243578129267
16.735,1917.4131032320868,1520.9088141211023,2132.6831594620226
16.755,1997.9544048623327,1655.066043638305,2036.4926062586458
16.755,2132.718565891483,1496.600121054322,1931.5543171952147
16.775,1883.4979697975973,1757.8733635753651,2059.791466701686
16.775,1901.5062893604938,1493.3754077110323,2138.012911947238
16.797,1812.6526379531267,1681.8145194988,1912.3521018703502
16.797,2056.0685631559686,1732.9458954984814,1987.4007357648688
16.818,1988.0972156257772,1631.768227320075,1892.804147879636
16.818,2187.6129976002394,1657.2625132133917,1765.1561619963252
16.84,1956.8194829475606,1664.031381636539,1814.2209095489904
16.84,2205.2568311691853,1639.519348260059,1652.2022483987625
16.86,2057.9440759892746,1406.386207650621,1921.0916394247047
16.86,2121.240009227828,1588.9509730129669,1924.5709127178613
16.88,1831.934604128237,1526.2422422624604,1964.9172967894183
16.88,2000.299608508584,1521.8115430561309,1975.42618036193
16.901,1953.1151394255187,1632.9000828523206,1871.3429813946607
16.901,2109.442601806199,1538.7130135102323,2129.682620511215
16.902,2010.3595602605544,1509.157388104495,1643.0443367676446
16.902,2138.6094209707016,1429.7424953696902,2022.9589987044653
16.926,2089.8989503746843,1479.2285773990475,1907.2160422907818
16.926,2027.3462050355595,1563.5675454089326,1821.3570399824653
16.943,2106.7067622039694,1842.0619509461517,2116.3352162968554
16.943,2027.4518835590404,1549.7072614245517,1845.1073113143502
16.966,1997.584758321131,1873.2690630266636,1968.91875121647
16.966,2270.2726679228376,1722.760076563687,2115.757117711816
16.986,1927.7420990503438,1680.9221397792621,2003.9511402429464
16.986,1803.9309221091216,1702.3141857266048,1994.9476424106704
17.006,2038.1068152951016,1628.2781815429128,1984.6518478801038
17.007,2003.1239278618154,1441.223261684292,1994.9798264030464
17.027,1999.9292766088847,1615.7501123808668,1994.544786971718
17.027,1965.94929070028,1566.2276997551783,2071.1765637664726
17.048,2051.246187308136,1783.3357268121815,2079.8772431618945
17.048,2099.7437555161273,1526.9861828686333,2059.926547404403
17.069,2017.1533288335447,1739.02959433028,2039.7684689918028
17.069,2122.947497076861,1673.817369178192,2113.1989191787748
17.069,2094.7220115494665,1684.746837021816,2034.5796541266945
17.069,2130.8625235200825,1626.255051463275,2092.5226636816597
17.091,2167.8813688298965,1632.1599750786934,2148.5469976258682
17.091,2051.844549712387,1539.691810473877,2087.865131559063
17.111,2082.728095076969,1650.6379577531845,1761.0579510025893
17.111,2152.227551117347,1489.7738745960526,2138.296742570775
17.132,2076.5699070943665,1535.845358428762,1827.8345551977957
17.132,1840.832050890012,1700.1060587238649,1798.2080984991508
17.176,1786.3844148104188,1707.3342610693423,1950.724594640053
17.176,1929.6057440096904,1511.8739277422744,1916.097083942107
17.176,2122.002854561074,1598.691505638867,2034.8686896420031
17.176,2041.8022154381474,1624.9688039323307,1973.873414884115
17.196,2000.033718743587,1462.2163744751472,2053.9937378573836
