Time,25W,25X,25Y
0.008,2281.5577082543714,1715.440636819877,409.46959115176276
0.008,2051.406053286099,1765.369727845528,437.99252011969145
0.031,2161.9877255786428,1821.8947277204752,445.8875902613624
0.031,2172.702896179028,1633.5449663747024,454.8133951555453
0.032,1766.8445100431295,1652.95851117041,419.4302853935955
0.032,2258.1833379005034,1641.001195588972,440.0778885987628
0.058,1968.3288114071315,1841.69296648672,482.31150625538504
0.058,2065.117379957414,1725.019040946916,443.3596857547264
0.085,2242.6627128143236,1678.9906262368543,436.724708630755
0.085,1937.691735976115,1720.4514377154862,429.0884812969847
0.085,2143.303822477424,1632.7514474394009,447.64746768930974
0.113,1979.7850526368377,1733.375113725792,426.1189226494609
0.113,2172.2180209306903,1689.7505664980042,452.7038000351673
0.14,2230.925229159715,1832.448362352232,461.94109129473134
0.14,2039.9193962891593,1769.114850697042,420.05947761943577
0.14,2184.1827446221123,1769.5224200993357,446.9067133714354
0.167,2086.7894931426786,1666.0616022887493,434.24051332057365
0.168,2024.2250470000145,1781.3257832041,447.1643193313906
0.194,2279.292988882462,1713.303484006323,439.69012099043283
0.194,2302.473585833244,1736.965896734789,409.0250601533991
0.194,2113.789503195176,1641.5613875596023,447.59190037285026
0.194,2025.1975030112887,1653.2383667891502,435.44000672586213
0.219,2242.982150765822,1704.2001117684883,483.98888918479497
0.246,2356.0481861009007,1597.590062181357,411.52810614484554
0.246,2258.9804457373634,1874.100252268406,427.5321733457521
0.247,2219.23821997789,1651.9598318484996,431.7271144944107
0.247,2076.3355712183047,1790.1525602258473,433.15989869115975
0.276,2064.2052882493035,1794.533198709332,418.0695749268868
0.303,2141.476902552443,1676.56969285884,442.3918878753081
0.303,2313.077634959191,1780.2931374376988,426.4679929777867
0.303,2135.840240599143,1732.4408723655793,444.9070745085322
0.303,2269.7278787044725,1680.7433959696882,419.247998233821
0.33,2071.783766398652,1649.31942871374,435.79244310025086
0.33,2195.36627998654,1706.7043560950385,396.9169643112034
0.357,2222.517428946455,1901.6304615717477,436.23663769765045
0.357,2354.6005921732094,1593.2113676366098,419.9438523508271
0.357,2002.3723962136607,1607.2700232865175,422.93690697718574
0.357,2075.3312674843814,1590.775951154532,392.191624623472
0.386,2398.2752431108474,1695.8193633192889,422.66900936975924
0.386,2313.2378324734227,1733.3399536464472,435.11888813646624
0.414,2098.14503870118,1676.313598214135,413.1934661777899
0.415,2190.0064902369777,1705.8833897310017,416.90659741205195
0.416,1975.7176416472444,1936.6182326683765,408.3831662834257
0.416,2306.2197583877196,1755.319915469261,433.16138254535616
0.442,2071.8990221392937,1678.893730999654,452.8600275691825
0.442,2063.552259446345,1680.5563796126814,419.3522244438346
0.47,2167.4144721719404,1633.9364330833466,457.28355115410386
0.47,2106.1045540823156,1724.1610862160744,481.43652495013475
0.471,1894.0799971493805,1672.1649210677265,490.18886411106934
0.471,2093.036163643876,1788.7171825548826,456.2528748082323
0.498,2075.9632973543467,1788.1698931053368,435.44520738615427
0.498,2127.5044191228435,1817.2743568579929,426.6058478175736
0.526,2129.3686401546634,1670.6153160410777,422.370373988518
0.526,2350.52964028818,1710.8437973145944,433.19895392239044
0.526,2242.6125696099557,1791.4165039106558,429.93464531411024
0.526,2165.5870081652815,1732.1259282715837,391.5217798265407
0.555,1877.0291238602467,1767.4255880168175,421.7485665233771
0.555,2146.4223484395006,1801.4293915933506,446.9679492569545
0.582,2047.3255026552415,1776.3609926451115,419.61969262113746
0.582,2092.7089996885397,1770.0250622897793,456.529488966682
0.61,2089.3634501607066,1723.9074153429422,456.5232476115841
0.61,2048.5673614232355,1720.0131206982073,424.2247610572438
0.61,2297.955483027083,1670.6517192637214,423.2331543151157
0.611,2106.343106456841,1773.1222717261128,458.3448091869746
0.638,2015.5019517533963,1671.0652477761714,383.82035700959176
0.638,2287.524664230418,1668.9665420026406,396.7156597829083
0.639,1997.0364018659234,1633.7614493572437,427.52194383977223
0.639,2102.3827744698956,1682.775578573325,402.9190381902811
0.665,2059.136540433813,1724.0436000982934,432.8321072042803
0.665,2217.8185746268614,1731.5296069321896,404.2601928260916
0.693,2213.5542203887007,1699.8391259733362,413.20955613036364
0.693,2108.2360175187796,1830.542800512578,439.2350373061505
0.693,2071.8792488222316,1650.7219945525226,447.97769538017667
0.693,2192.9111511354254,1772.651632963471,426.305601425204
0.72,2051.309064303635,1621.8499316231562,424.083746990239
0.72,2338.580054038257,1861.2433934428382,426.9953462923222
0.747,2205.5304827337,1528.7772550866991,434.43303098968255
0.747,2192.1866605656346,1840.3834899347255,427.51009104085756
0.748,2141.400516174567,1618.544403009443,462.3097752672803
0.748,2028.17633704595,1548.9361045742041,446.3807577230876
0.775,2227.854887312498,1595.4457143674385,451.57405490327704
0.775,2159.605162334921,1605.5816850269216,410.60885912298744
0.809,2018.0055569165936,1783.140790684781,463.1540272492806
0.809,1855.3174006002766,1767.7977686171778,455.92599351410746
0.829,2034.9888156331283,1643.4234451732852,439.75997374585603
0.829,2268.450440642797,1594.1152047651183,396.8475824295169
0.829,2243.835927182259,1778.738904889674,423.2950827050503
0.83,2041.5971695509115,1605.9477393343968,424.2648058788137
0.85,2266.4326209891924,1688.8463302408124,452.4984772457226
0.871,2108.9956693454496,1795.9568491719224,470.47178864011744
0.872,2059.4522230880325,1806.5580460755975,486.88671937290354
0.89,2158.2674929228815,1831.5833776531886,437.956365283401
0.891,2078.3995676908457,1813.737552482763,493.8913130945859
0.891,2150.773174814937,1691.591358506379,452.07873719356417
0.891,2197.155510180475,1696.7943840669907,425.3462679076246
0.911,2312.627247478838,1886.1805413124966,430.24761703519516
0.911,2003.0285948276528,1733.9188422096188,460.6924735554546
0.932,2191.7079219732536,1663.5765537942127,438.6863783777189
0.932,2087.4553810904713,1765.9952299366362,469.39786461666637
0.953,1941.4764065116783,1809.6260599512502,376.8627604754338
0.953,1914.4234391655425,1831.7781537602027,431.2318261833628
0.975,2424.748200914627,1717.4840149297916,393.2542914605543
0.975,2177.1551842032563,1756.6784285875276,400.3917076343771
0.996,2097.237877924831,1646.2422923948711,471.5153885047554
0.996,2099.322920948397,1740.5746928439498,386.3041183193878
1.018,2234.2724402563945,1855.4356780660928,466.9493539656719
1.018,2073.32645593132,1688.1229942018285,407.05121248970994
1.038,2112.566199295369,1685.6554705889898,462.2228215371997
1.038,2114.264175158829,1674.6597600757013,383.69303607186623
1.058,2186.502915198704,1670.8001337739706,439.87097171988563
1.058,2013.0909303643587,1613.5213462011118,441.31945962169414
1.059,2136.5600033638034,1759.7045177010493,430.06297356134263
1.059,1929.4133080351774,1747.7146203541806,423.47603665915926
1.08,2295.656569211945,1648.3253312037946,433.9734657082465
1.08,2162.315565285706,1612.0671907456333,431.5449261160008
1.101,2193.387802832656,1782.3489577204155,476.9935534692235
1.101,2061.3970247515385,1654.8602006783697,455.48505686755453
1.122,2162.0902794525236,1746.3506038805717,465.48025175163656
1.122,1925.3827062674263,1695.7319687133859,458.88417718395203
1.145,2082.881975258018,1735.6900788918665,460.73802362891286
1.145,2163.779049291688,1616.0844933630162,455.1708412853995
1.164,2197.377044365912,1670.9480017459582,477.3992316618728
1.164,2379.786411178405,1851.182634304934,437.8818297214438
1.185,1860.7412981307084,1801.3343501301015,427.17383465147054
1.185,2260.3351380031704,1694.226186273508,440.7137146316095
1.205,2008.9821302447556,1676.615746300305,431.605158480791
1.205,2077.9814962818573,1655.4841113769558,421.13061351187554
1.228,2233.4459116363846,1803.022665879557,476.00182879191067
1.228,2057.398672653292,1736.4427254297805,415.32553673751266
1.229,2166.4911630650467,1827.4027518040737,421.765911875606
1.229,2211.1290976973846,1678.9893215728966,434.5898212932158
1.247,2029.423432870935,1690.9623041556044,385.6117852870409
1.247,1987.210266401487,1679.225468882411,351.73907033478383
1.268,2034.7980525908376,1822.4489280352557,451.17726352303146
1.268,2011.3067562724225,1517.2544501015286,475.073904597657
1.289,2164.4025714454565,1840.622671225063,409.0069935892805
1.289,2476.401152928123,1579.318251277849,412.5433603258914
1.332,2097.392277325451,1577.5604603005506,416.39357231274556
1.332,2239.793377808438,1607.3973603622621,446.5452385608925
1.332,2086.02205369076,1731.8315622309078,412.811944229669
1.333,2157.7912379327704,1602.9818989270525,454.77541244412186
1.354,2092.6970373108,1628.0920354486857,450.56201877585124
1.354,2367.66443455557,1707.3482698207647,441.4619245169417
1.372,2230.1151092117557,1754.336464913928,398.28639035279525
1.372,2016.2397764244038,1682.6461654502605,442.1404295903122
1.393,2241.8688351751725,1891.2951740589806,461.31366091329136
1.394,2103.7105403040155,1521.3658515997076,454.9767615827039
1.394,2128.5253476471544,1656.5118200361148,435.4144010985361
1.394,2317.7068696282295,1884.8622770973277,452.66858014728075
1.415,1989.5642358605,1508.7338695298167,434.49195705653915
1.415,1950.4664287446763,1634.0256994014023,419.609489355921
1.435,2286.979538629146,1692.7829036178832,477.2673808100658
1.435,2082.404434897956,1716.8676906224262,428.1204175712817
1.457,2155.9208948342457,1712.9034348635519,394.77223916914517
1.457,2353.6197766921,1746.1755284216033,388.39454021627984
1.479,2039.219522542025,1766.0425395283048,410.7906432887351
1.479,2275.345919459869,1881.1102919433217,447.29266827804656
1.502,1934.738061620712,1713.4279595370242,438.9524339133637
1.502,2191.3825426383455,1739.1138432737262,423.0141817667987
1.522,1910.9621968076235,1680.1890977896728,457.00035502278143
1.522,2116.9222658933554,1891.3239920004885,395.1055401037672
1.542,2097.290968899723,1746.871460996917,402.10337514524787
1.543,2321.463574188639,1764.4884513169718,461.9552892810247
1.563,1954.321004050389,1748.1270787399433,400.7278552004808
1.563,2150.658628583696,1663.5726597576995,381.71049816540483
1.563,2145.701434269466,1751.6566183811462,387.1755055152792
1.563,2246.9103171492206,1633.8573606857638,454.0239593200754
1.584,2090.92647577805,1655.1979032302065,444.9110482282514
1.584,2154.067329078671,1766.1557556547518,397.347884059696
1.605,1818.663267908841,1561.3955021464503,444.8727554440001
1.605,2061.2011503864037,1655.0514316286792,420.4549917736983
1.627,2307.4434253775257,1671.9708960119176,435.37729134865657
1.627,2175.817006782424,1848.4049290818316,455.20521561361886
1.647,2148.2853686200947,1722.9329943235546,420.7874135291445
1.647,2080.276797101243,1603.685005047268,431.7394087397278
1.668,2062.463763088367,1667.4635576012056,447.625584276628
1.668,2146.025775345585,1619.3226383605765,437.2977096152592
1.691,2144.7699272232076,1730.983010878101,489.9953204898678
1.691,2117.2603796095345,1662.1856378634961,432.68984386825497
1.711,1859.316661849312,1766.4842299141221,432.8562412666044
1.711,2258.910739119134,1668.2517940805956,391.6277786254261
1.731,2095.9949631529853,1525.3710760012873,432.26644285108273
1.731,2125.376123443544,1588.2473211204533,407.49601484895754
1.732,2272.700120706552,1698.589572604816,426.0488500026965
1.732,2241.1510476028398,1525.6116494423109,471.25945391945
1.752,2107.514106689934,1711.7133117459261,438.317792433501
1.752,2052.1419662931285,1716.3000355231532,438.0823764365892
1.772,2046.3075247294219,1895.605159108182,459.37982554835355
1.772,1946.2951692879487,1576.1359137130908,452.4894377687906
1.794,1901.906673771024,1803.7679231872958,437.8377468992423
1.794,2218.49756124561,1588.3138490351037,411.2744838988948
1.815,1990.2281181688054,1807.370135633296,442.38090345588046
1.815,2137.084196106425,1673.8693093407646,430.6533254873301
1.837,2261.163048197086,1714.3305674954006,442.53532743080495
1.837,2200.0234344244204,1760.7002654311873,452.5000722203665
1.859,2095.362842940147,1783.5088623940242,430.17302587775686
1.859,2027.0148493039171,1695.0904962471016,423.31304517786054
1.88,2074.970890226948,1811.4868846035288,436.8794516444855
1.88,2141.3870806620207,1614.1016489832093,423.7665412566957
1.899,2023.8164215315514,1555.570721080288,455.76982493404824
1.899,2258.638864712559,1740.3965862222149,426.80072983161904
1.9,1990.2361443980813,1792.468430276852,426.16216318440564
1.9,1961.7929054920837,1845.6454803210613,415.9581866082366
1.921,2229.4185576413797,1703.9586795570497,484.9252487644438
1.921,1984.2205275615402,1595.1251812706105,430.66812880124087
1.941,2221.3999966133733,1662.1878682191539,461.79560990552295
1.941,2070.92975629387,1492.5829157777032,386.0430684307362
1.962,2011.2459550755382,1705.0778051187424,454.9590956973383
1.962,2268.3644413585967,1673.636083391061,469.83676168980537
2.004,2112.2556306477113,1657.1473117422852,404.38842146340073
2.005,1909.7965934364713,1786.3527410879447,426.1765942818331
2.005,2098.3569947206875,1631.7416304627461,412.8437436758328
2.005,2419.2213167744403,1705.8888648046268,445.658390186554
2.025,2064.369467840112,1798.1231375152752,454.4844568780699
2.025,2033.7278702297754,1770.8108380568642,431.7961353900961
2.045,2167.952573373193,1719.0646799468968,414.266409908796
2.045,2080.9989511496524,1700.2501434455319,442.37239898307587
2.066,2236.189124428111,1791.7790691717998,409.5141427225779
2.066,2131.651565155761,1795.7721602681745,452.6548567812293
2.066,2083.170245634037,1719.7825058130131,416.17943006194173
2.066,1993.2712103792592,1772.6813447342597,418.3799724341189
2.087,2108.794429648689,1781.262636686551,398.7094989387118
2.087,2024.8267725350263,1657.5705735379524,441.9318675531272
2.107,2088.0817627964716,1752.3684761485597,395.50477067857
2.107,2079.0778283396407,1736.8038327239965,382.3873018063485
2.128,2189.1760243576296,1886.970907497594,431.9817160750613
2.129,2252.96009587469,1836.5383706932048,461.4953662094095
2.15,2179.622317115615,1689.8290780122531,403.9593439343793
2.15,2222.779478222156,1781.6111263914258,455.71357620662286
2.171,2287.7682902422407,1815.9507931314747,485.09747685947104
2.171,1906.9164041354295,1745.6291025791443,404.77103525597227
2.192,2005.023330993201,1691.856921812949,421.01650118757357
2.192,1917.6452410554912,1763.3600727236187,472.34484244248677
2.216,2075.388023564373,1623.380982641676,402.05398038574435
2.216,1941.5981262857601,1655.0967865899925,426.86588641939727
2.234,2233.458778253467,1676.171943306815,409.3365544842141
2.234,2083.258538621038,1471.7199482868837,470.64970940226885
2.234,2082.3137096898963,1658.779882031793,401.4285933809432
2.234,2371.6135864623384,1866.2940364617539,433.5971216386964
2.255,2194.3440517792983,1717.0062324800545,391.1564819979771
2.255,2016.0694238984663,1772.0842260124311,408.22264322847514
2.276,2228.917763092686,1657.4201386015463,434.34512815295136
2.276,2013.7594887819062,1687.887633973317,413.41266181412
2.299,2110.9753226160697,1711.6749723132089,452.6335166448161
2.299,2098.1612260914058,1719.6288972875557,472.71846769773566
2.322,2077.779864006452,1651.7792356144644,471.8409728216713
2.322,2129.886953393854,1637.8317068642673,462.84682205734345
2.342,2131.2437335009604,1854.194970981236,439.19553636930624
2.342,2004.9894290394996,1784.9145964320794,466.1535397741052
2.385,2099.9921576904776,1758.3374522205127,427.7562912892505
2.385,2284.727143956651,1675.0782537469122,423.76682695379213
2.385,2108.3195808228525,1745.1513447025266,442.293896762259
2.385,2329.7030548692223,1642.4588608205763,411.69914744261314
2.406,2074.518341634281,1858.515482221056,418.34192982740143
2.406,2207.102775766339,1791.3530357701345,449.4928763231266
2.406,2071.722685613432,1736.0764853905437,397.3260299789659
2.406,1970.2719468592545,1685.0027836453255,413.39566956035924
2.426,2180.5363594760734,1632.7816391747542,455.3941049651216
2.426,1996.6819793790667,1733.184067361576,413.67259816404686
2.447,2085.4789169859405,1717.2756919958333,442.3786090269402
2.447,2180.4631297004066,1802.1788304744923,447.7009380032542
2.468,2168.924393681855,1652.219195001191,444.7220038846025
2.469,1914.0313868684448,1759.7250046300535,429.2160361625608
2.489,1981.472136205159,1646.4002310772792,441.09546343720075
2.489,2283.970444730468,1672.6637747063805,471.5110272588881
2.511,2219.061192948925,1713.3475064389875,438.5219698656903
2.511,2225.511490315415,1841.4572014256757,424.57756796743547
2.532,2095.276345369594,1575.048377102685,446.3117785548455
2.532,2318.0291136067003,1827.1898287362515,426.20686406800866
2.553,1983.2254193168515,1762.6703474506091,410.96878246011056
2.553,2328.881181447711,1553.7757939329504,423.1544558859905
2.573,2200.7083767609397,1764.5201911450163,419.8369189938548
2.573,2040.4242081151024,1663.4418485566898,426.98164840846744
2.575,2091.347650474355,1543.1839362646756,417.8466440404431
2.575,2259.199842485507,1840.7390275570403,442.57619879264513
2.592,2055.7317796421466,1849.424805587695,411.2049887327247
2.592,2044.4171640390525,1688.8942518322372,432.4161035972489
2.614,2241.0266874866547,1577.1588540320558,423.0972776743839
2.614,2172.408465544345,1681.2639676554088,418.8300350821231
2.636,2354.609761216546,1909.3084896312448,437.70013223321047
2.636,1958.540763127053,1727.0829287186223,442.1932991298061
2.655,1936.111497725509,1853.6730845593868,438.71582173370825
2.655,2052.2030469514175,1830.6316364226082,442.26976886218176
2.676,1931.5920579248,1744.2358828773727,383.94070077992575
2.676,2156.2954877097245,1608.383406965404,413.6338841945736
2.696,2005.0316504393415,1778.4417899878604,441.2336849201405
2.696,2059.622275376512,1919.5466045310297,439.69261957128145
2.718,2118.8732555413426,1529.698943711965,402.3301681484441
2.718,2173.4710265284693,1653.2027429912087,437.32805896546745
2.738,2017.180672851045,1795.5403640377822,388.6463726350198
2.738,2362.44311861706,1797.6189829832713,437.0821982386232
2.738,2138.0226221941707,1772.2721847529308,414.8655721175717
2.738,2128.6094993234688,1760.9060875120638,427.51882300507117
2.759,2359.17426735085,1743.0947361578317,402.2488700951791
2.759,2184.3620997753387,1803.570360996381,435.5476152452356
2.78,2016.4718584990685,1582.711842471949,420.1228579242723
2.78,2033.4159781050103,1661.9439821579938,383.57625675434315
2.801,2102.9030880026244,1758.2709172277946,463.04623227688194
2.801,2040.0785286479252,1680.664537299846,421.8293921657703
2.822,2207.063636006112,1862.9626297302914,374.68897281348154
2.822,1977.4798281597882,1776.366332710376,420.92030061757833
2.842,2365.904797554403,1690.1549713849051,438.5480598292533
2.842,2170.5656940734802,1743.1969876881828,426.7889426191552
2.863,1935.2835159324243,1876.7335168788518,377.82626607179856
2.863,2113.409972285608,1718.0865673229032,434.4043718338281
2.884,2153.980469407629,1621.4773281601324,398.89035082974397
2.884,2426.7103985272156,1678.9765075995217,416.96744236034056
2.904,2239.730600951902,1677.8821260072389,445.8133534197522
2.905,2183.6272257828855,1791.3173535723427,426.3060518323549
2.905,2168.102084398685,1727.230806624876,427.2785094336993
2.905,2138.47540343326,1650.948591466505,432.3895845978583
2.927,1889.7274344556713,1716.2503372123745,415.4775578181654
2.927,2015.409864448638,1608.8321727437137,421.61196020876116
2.949,2104.595845452021,1628.9262044886402,419.4646791847876
2.949,2263.0675161126915,1583.8617481753674,433.2271823461808
2.969,2379.745708709277,1698.9915603163163,465.2173779884015
2.969,2154.4149600527444,1783.68906167059,460.692319275181
2.989,2237.627943307419,1638.407490793488,388.0134349330437
2.989,2312.9240074266045,1603.1635192872498,407.9060482277596
3.01,2249.786445652833,1804.3117769227924,438.1616434114833
3.01,2042.2194860261156,1754.7687756957018,456.37690637985065
3.03,2035.4515376393995,1689.7759447183041,445.41644210004597
3.03,1999.9853129570301,1525.9406588063428,406.1786784828487
3.051,2126.2005643875445,1660.0646452003273,429.2387378558402
3.051,2000.127262092671,1693.1985941041505,432.3163662992852
3.075,2223.5819908952667,1504.8895172310397,448.32519010091613
3.075,2263.636952522919,1819.4562703044082,392.74500752461483
3.075,1999.87779551962,1837.268641226791,436.0602922736385
3.075,2128.453188319236,1731.9400917277399,467.71615807542395
3.097,2187.5205602813844,1525.7257508297553,406.82903152281267
3.097,2223.2620088811805,1770.3833842680224,453.1815393147447
3.117,2116.6848301121167,1735.6726619307751,423.2533043138826
3.117,2214.2277755172718,1577.8014811519736,419.85564265831584
3.139,2166.9899963584194,1753.928562664743,421.82964491093514
3.139,2341.325855210464,1697.901359234798,407.54657895481984
3.16,2137.741978861126,1845.6160970580554,434.58639124997205
3.16,2141.482987188395,1718.4439108069766,432.0645380375826
3.18,2219.665566200967,1683.4699664920424,440.55174752259546
3.18,2015.3449595651666,1619.5957497660997,453.11869542456475
3.202,2048.692404661638,1541.37589340878,440.1301292491278
3.202,2084.530777072939,1720.6919827432166,413.78288750859963
3.246,2269.819316038956,1661.4508423390682,454.31605884395384
3.246,2227.1280128467956,1693.9768557825844,433.03229753390116
3.247,2165.517524894676,1818.2978973960178,379.3357482603514
3.247,2094.566289324864,1878.3705036683682,449.0186156708962
3.247,2094.6981538730734,1761.4308822432386,414.4304932426238
3.247,2298.062157000772,1768.6033329407385,454.7604045272002
3.267,2167.4997504903163,1736.4902532522858,471.6949386609971
3.267,2149.365648492137,1654.19337332288,442.2357301889143
3.287,2208.820284268084,1669.0200058306593,413.1295587094885
3.287,2118.1405130059225,1730.5566225119412,444.4836547198249
3.307,2032.7556345215328,1791.3827370075346,459.8598894901921
3.308,1945.4203459282928,1649.6973107103997,444.5599333116985
3.328,2160.3624827906406,1636.972308004964,458.6579882500939
3.328,2212.6282969285085,1746.3718089755894,420.3173444237446
3.349,2272.5915540956426,1675.5205406742793,379.6395676814
3.349,2124.6289349123017,1739.9916727819857,451.52968852207636
3.37,2125.9917840975013,1738.8326444453485,411.7758940536731
3.37,1930.5905249170091,1842.7848707641263,465.702413761645
3.39,2030.112520703869,1637.1571099829619,441.41986917627554
3.39,2228.941742795181,1681.9642941564673,424.6143643845538
3.411,2039.485365430591,1744.9882241743676,442.96803663802496
3.411,2166.034405916748,1623.86431889903,423.39259738701736
3.412,2073.8713055071307,1640.8278205274976,414.8659459809915
3.412,2109.1837222868576,1932.165398468476,389.39023725414404
3.433,2413.0838941806883,1654.5266401960391,467.01945425371815
3.433,2053.7189992966737,1766.3202081077877,457.3180246283246
3.453,1920.1634498321164,1641.0665952466181,461.29877042412505
3.453,2127.7812671266697,1703.554157756843,414.38728153992736
3.475,2291.921623300097,1750.2750981308936,455.35478010905865
3.475,2189.5679046413106,1788.045710187122,476.9013449564231
3.495,2145.409748852051,1493.4204238043849,454.35792735475263
3.495,2071.8478416041376,1618.407740277816,422.25326615210616
3.515,2263.2825004166248,1737.0286088387502,434.8460781584519
3.515,2152.0784321147444,1663.5212487389722,426.5597649973829
3.536,2148.8743276001674,1681.1446866208823,426.3784608341112
3.536,2170.8365687587034,1664.890352748727,414.83321685582433
3.558,2100.41072436008,1771.2141118386487,410.8884397042798
3.558,2191.400273396707,1532.537142591916,431.1016940451159
3.578,2165.7280951700295,1627.963156125611,480.65280048868505
3.578,2314.257452343493,1766.3267545260605,418.4924950628715
3.578,1927.5399019493957,1764.5273255838447,463.3507827434806
3.578,2278.897521980667,1743.8379867675874,407.6109623076019
3.598,2226.6586184376756,1704.4121418800023,427.45486673820596
3.599,2429.478887838895,1727.0605250739184,398.04533031497266
3.62,2090.9483146824205,1697.0166220295343,466.28594034473167
3.62,2020.6871116472876,1724.9392045309698,435.4328579217698
3.639,2145.5289919020547,1779.4057755481447,401.482518804945
3.639,2067.4443179280984,1715.7721127240127,441.33290555281053
3.661,2052.126011883331,1637.8298425345026,424.55296918008645
3.661,2166.1516825127287,1783.5457814749225,426.8339177076166
3.681,2269.8386768015307,1742.4858635730106,382.8612760930669
3.681,2173.1001133815207,1728.6808499474453,434.84890480329625
3.701,2286.649127821951,1654.8055639068668,461.67505092552335
3.701,2178.5094404591414,1924.9653616488501,430.712472031907
3.724,2109.213521342324,1818.1362575644835,449.9255489261546
3.724,2064.2115724688992,1840.8439225064178,438.2092023972562
3.746,2078.3193172606134,1683.6404373909072,442.7821058994976
3.746,2256.1867674159485,1751.1620831913447,415.5241581270768
3.747,1963.4755776158265,1623.2443130538165,461.07756651774855
3.747,1990.9329078000767,1790.0538171916487,446.5445634981659
3.767,2072.6842813508533,1719.973002902413,414.79968164295104
3.767,2146.5965225641203,1746.4686940431775,393.90148727933314
3.787,2191.2539916407018,1724.7441815326213,416.9665202760646
3.787,2241.070352107287,1596.9846860087105,411.4002093156042
3.807,2214.0022159320224,1732.9836136709196,463.91703532311135
3.807,2103.367688376727,1883.4686667143437,431.33624305603934
3.828,2104.893400344468,1658.3778876145927,427.8852301325358
3.828,2073.1667772338005,1633.6042309395184,432.33507796807305
3.849,2185.4583559485513,1561.509709662933,441.3061539441387
3.85,1958.9366184381984,1560.6596259466544,424.96675213640776
3.87,2159.3086946853264,1615.0861481851932,384.67766713052583
3.87,2085.5726686447015,1762.568622737376,430.4966268820053
3.892,2160.7215581421865,1376.6457615672164,452.2255654366846
3.892,2088.048331184025,1642.2203935278335,501.5143876036165
3.916,2089.115872300527,1448.6539104861524,491.8174218650882
3.916,2104.3619846941265,1738.9923378598555,450.0817728500757
3.917,2200.8169515158074,1616.1209519842407,478.0725993719764
3.917,2128.95153156138,1734.0842098287158,427.0233761581002
3.956,1967.9777052575137,1596.2548809855275,463.79287964028407
3.956,2115.1451443744195,1660.346919193293,455.1808315982598
3.956,2213.4506487648478,1669.0238869770278,394.1035322913713
3.956,2030.8097793558652,1562.5235505261553,440.4466314529016
3.974,2231.6567203425525,1493.1248228390075,497.79165237017907
3.974,1991.3175138308054,1465.0363628874854,414.9742156708011
3.995,2190.112849270129,1642.5820024229163,448.83057402288205
3.995,2117.1108857835807,1593.317645714941,420.1735936545338
4.016,2001.0958993889196,1648.3717060404783,457.36788179243484
4.016,2193.926734794281,1409.0482439756802,458.4710158650273
4.038,1785.1858203287297,1586.0978922588254,473.07783625618856
4.038,2254.648412754545,1472.5587069608841,456.4622170823954
4.059,1993.03649262551,1415.29387964999,450.17427730618095
4.059,2279.3713697739395,1637.7128059003394,463.91926860050154
4.078,2119.0200882065205,1542.2326191910372,446.95397753366086
4.079,1935.2464707002791,1637.2248819008523,438.1352752271819
4.079,1981.7333792282814,1625.4413737095051,406.6144522603451
4.079,2096.1536198961535,1275.6653404050908,466.3479497233934
4.1,2168.204402050382,1628.9585720135394,459.35484339440046
4.1,2014.6647954595749,1388.1534319635252,454.8800366475452
4.12,2338.5523766412684,1604.003769182238,424.68294852530863
4.12,1972.828491599225,1636.6033128827871,419.8576286496332
4.141,2071.9630810136705,1499.5180505138912,425.50164357597924
4.141,2178.433520343064,1722.7893514664186,452.3803677649522
4.162,2228.980600552902,1520.0611839759679,416.8987223495369
4.162,2176.466636415179,1571.6269712910912,464.11735809414927
4.183,2139.024845482834,1559.98611517025,477.0690575469729
4.183,2165.5672960389775,1611.0453263040445,464.86728733045504
4.203,2155.2357742030404,1682.8302775559791,441.0531151233104
4.203,2040.773352444621,1556.5299065765018,456.6695224302493
4.224,2439.8462950898397,1474.9233754362995,481.6702584103139
4.224,2061.5094856608575,1574.5831759572854,435.87887425936833
4.245,2318.292920087775,1614.478303884977,454.42375288087663
4.245,2102.431346059346,1512.7080748959952,449.3607498436627
4.245,2069.8892348004742,1450.649523323638,500.3202216794797
4.245,2194.3026400842723,1281.7410252833201,439.19281538946774
4.265,2170.8230759906614,1390.0440249886349,470.649739738696
4.265,2124.7174585790126,1659.8158695775282,511.15679989948933
4.286,2043.1801221582446,1551.824882378379,463.4732798947471
4.286,2144.4928835218816,1404.6315449791482,416.5234086738216
4.308,2180.200307549669,1652.778980626969,473.9588496223023
4.308,1908.0940981060994,1522.4706288013933,488.379405666632
4.328,2160.368456257275,1598.7359710794221,503.1196237979964
4.328,2038.8871530317883,1474.8681617353386,420.144943840442
4.351,2064.039090104017,1350.083523311031,450.9666373314697
4.351,2260.632353787427,1440.8509681291935,457.0057092657852
4.37,2086.3621280380116,1511.6238423250534,411.3550556584368
4.37,2286.0997959269325,1488.8756800293204,456.54743604478165
4.391,2047.5006312325136,1557.5809178854824,410.9359996998634
4.391,2037.0622110067313,1612.3373763139564,413.09274468486433
4.412,1996.5731260939697,1629.7707803531675,419.62395926491405
4.412,2183.0021946860556,1618.1075669200445,445.30997344294576
4.412,2205.694895784851,1671.4384529144484,470.93014287225503
4.412,2152.2989087811607,1688.3522328902504,482.99650934274194
4.432,1996.342956914957,1538.5067235882968,422.66817682919236
4.432,2005.5290753880975,1453.6338824677025,447.94350146721445
4.454,1991.779823553576,1615.765306669186,455.07692027023927
4.454,2053.241286367609,1690.407100416583,441.89897315054395
4.475,2222.557796258015,1559.4444286555695,484.7347705768026
4.475,2363.727208784986,1471.1930143630584,462.63164180604934
4.495,2164.788442861003,1676.1558162963613,495.059360651769
4.495,2154.722667111725,1651.8441458074876,413.48615610413583
4.517,2071.2197340402417,1526.831862310267,483.7657550197999
4.517,2273.3074143090303,1467.4224122527999,445.47967284857486
4.537,2025.9937772068752,1412.8162147759936,484.7361443932308
4.537,2117.8068853299224,1566.2060122137764,448.6047078489246
4.557,2111.910680658497,1495.8115469239883,472.814312841768
4.557,2204.675391437632,1620.358376343882,457.16229533952435
4.578,2119.09378259566,1411.8523640367112,488.82468055885937
4.578,2100.1121827841407,1543.0532757961194,503.96592655442987
4.578,2275.6988149796875,1507.4047596441908,430.55515054144865
4.578,2222.119408204584,1655.3752388835392,427.09526131477253
4.598,2289.5408380028994,1493.1762230915992,426.42920618368345
4.598,2112.9013528097785,1490.7715153571864,486.73640873516024
4.62,2097.312221540701,1314.4685686596847,444.85588722717137
4.62,2243.170704585633,1492.8812153727256,429.82055977258443
4.643,2182.9307994854325,1553.1872054022308,465.8756405973028
4.643,2014.3078471319232,1610.161770896584,473.3634834273196
4.662,2366.5749464082246,1358.6057372381458,464.8372168128466
4.662,1998.465852065941,1522.2983998066486,477.2815750692298
4.683,1963.7959005022733,1606.680556019085,494.3289159889348
4.683,2202.57865135603,1427.9052043647778,430.3105074579477
4.703,2312.482998720527,1601.5996139925192,481.49593570863834
4.703,2042.6459425909866,1332.4353576841568,517.3669919706323
4.723,2185.988345824007,1457.4318216190252,459.7378766773174
4.723,2431.964919820313,1437.7851008434673,442.1491909235064
4.766,2187.049121209834,1413.3447753734877,461.7517601746025
4.766,2058.1712838566978,1614.9348475384372,426.7813371736723
4.766,2356.6914485956318,1465.105104387093,456.40976358466764
4.766,2086.6102186202015,1601.598783327851,440.32329966845134
4.767,2121.1179804314143,1466.6307604881454,462.3984407065903
4.767,2236.390690491051,1578.5692023124711,469.24811583367205
4.785,2193.178883758532,1486.3251369390887,491.90500627441395
4.785,2087.917171248552,1425.5276002168484,478.47673961995497
4.806,2191.8644940837794,1427.3316357500246,464.13635723610287
4.807,2089.262337641402,1556.5419801759206,446.3382751673561
4.827,2229.033170121064,1589.693045150402,398.4685558380309
4.827,2269.24518035623,1502.89464871188,434.773356162434
4.848,2084.4132836109798,1489.4858833022433,433.4254314723022
4.848,2227.7171997160476,1580.548550906759,472.5570413978223
4.868,2284.3331147902927,1368.5263094296224,488.3472620821502
4.868,2076.028956397258,1438.9197120634994,515.5540435387809
4.891,2094.0444841071903,1559.843845310377,458.31483509627503
4.891,2069.3522095392914,1439.147265890526,432.7744171510372
4.911,2070.672806883637,1604.7471652822294,465.3223865825086
4.911,2120.0050902699645,1415.0772002034605,429.47905588740394
4.912,2318.2529081639814,1541.3642233354408,464.93394770408156
4.912,2103.448294029218,1608.2917542190658,477.29347071306825
4.952,2096.948601059229,1380.5366179204304,448.56897605747
4.952,2154.2347903844575,1512.5246610114968,420.7458878486884
4.952,1997.8430258819008,1454.2966983135489,438.7820942788742
4.954,2093.112910535827,1562.3608114970625,480.80143201454416
4.973,2184.221942638289,1474.784302873497,495.1643662128473
4.974,2078.9479856222674,1489.9353981022919,434.08189842649193
4.996,2074.973147658574,1492.7047000254063,458.41769021010725
4.996,1961.0611807395862,1566.035867210392,404.2321845383166
5.016,1905.7678288036263,1646.656791755601,453.29258673855463
5.016,2099.877554218371,1398.8961496975985,461.40289285507697
5.037,2257.1867149552468,1489.216945893133,444.6812518510818
5.037,2231.1406397373134,1637.8251047577871,471.79749878133225
5.057,1912.8703698584502,1513.0035794996,461.59930607224754
5.057,2151.763497205733,1529.087025295609,539.9138569341527
5.079,2033.304849050941,1431.8231019147015,454.5965566935663
5.079,1961.9341579383972,1538.064209161077,483.1631698535816
5.079,2001.1601527002078,1477.5699368422936,463.23462576724035
5.079,1968.1320421149062,1429.0120385468258,433.7377687895386
5.099,2381.852313500201,1553.4608707564055,476.6549427819053
5.099,2122.517874945707,1698.3960642958518,461.9504001863894
5.142,2215.9391708809103,1539.758011431531,487.8440283345687
5.142,2053.2826980765853,1505.3300877681554,505.03173668890963
5.142,2026.778112230925,1474.9678941495154,476.85644189837507
5.143,2212.0429776721185,1453.5766607640046,431.9801107079914
5.162,2088.230090720619,1611.0084919741528,454.102008227482
5.162,2128.9389846479476,1385.358602106525,454.6463393832579
5.183,2098.0960047817766,1470.6350239771025,415.7281351986821
5.183,1938.9142746188686,1573.6770194560434,459.37050470231185
5.204,2061.941918620337,1473.0684961554769,494.20324372876325
5.204,2119.316311275517,1674.4158270276687,458.88924823346014
5.225,2115.977181655895,1571.4746867354525,469.68390341945315
5.225,2024.4261478064798,1325.760719352146,512.5397954445492
5.247,2080.3220520812934,1471.7505695925224,442.43491345144383
5.247,2312.7236549683153,1473.5437385285416,459.84374059570547
5.247,2026.82591457932,1654.31807236316,442.631287205996
5.248,2155.1677531360438,1374.8113250895938,466.52953524675206
5.266,2193.1839903140026,1548.3834816752576,464.8380923541419
5.266,2041.467066527982,1492.2248531006421,449.45771473454613
5.288,2074.2637133681365,1615.0184862940207,518.2058455683652
5.288,2085.4964430306372,1501.00006058509,468.04834898350686
5.308,2144.393741817404,1787.1095484908317,503.1733415398348
5.308,1911.9285264736463,1398.213732571555,481.44833983183
5.329,2116.0824902544446,1419.9191960171356,491.19090000287605
5.33,2115.6728959305833,1443.6171144733892,499.40596722180265
5.35,2334.4515105577752,1450.19979622511,513.8824180565026
5.35,2181.4298740707636,1569.3102167186075,467.31053060455247
5.371,2255.1092236974864,1668.2767234631428,456.9693338629351
5.371,2184.944058855936,1634.3532716469103,470.1805092960767
5.393,2253.377096486103,1587.301113000405,515.0547694194038
5.393,2063.257873027619,1564.9274067536464,459.4454648468369
5.409,2175.4605721978915,1416.619874741901,451.40929758130517
5.41,2152.6166818629954,1531.0522275022624,456.94835242720796
5.41,2046.6414912308599,1576.3227192355532,445.33273961974544
5.41,2172.3586932505987,1502.2348141965638,519.222189003685
5.43,2100.733178586339,1540.7814035226804,454.634128572691
5.43,2150.748790811331,1491.2197193870454,451.5099591406361
5.453,2229.338252967531,1588.1675105744137,502.32935500911714
5.454,1996.3881679278356,1431.6639519680339,450.36206913864845
5.473,2021.0950374403699,1516.1082305757166,509.844432012875
5.473,1955.2506675314435,1579.7950819610269,442.1109808135532
5.494,2183.1446518120842,1536.509045543238,478.80620490872104
5.495,2001.0851159542167,1467.720579571541,462.75105354350904
5.517,2183.0314110941686,1879.770932866942,466.9909359052475
5.517,2066.759331312986,1407.929196035189,447.5335001720974
5.536,2132.9412616828454,1427.0888836492845,479.0671892724539
5.536,2326.9163437155494,1528.0148748127021,452.10209773835805
5.557,2269.0345661046704,1642.7969730849807,424.9194765545314
5.557,2020.3461932299388,1461.2690258416665,469.58027175137505
5.578,2336.734370481964,1468.3396229650139,458.042901170107
5.578,1995.589293635536,1548.995527542729,461.63018511825555
5.578,2306.4601990456326,1518.6398966589056,474.56063300944044
5.578,2423.6601830454356,1679.6607378882425,459.94599731875815
5.6,2233.792013236715,1526.6375644513691,452.6104775179617
5.6,2152.0452488555593,1599.061896963928,437.35652847219933
5.621,2188.7175612638957,1535.921035560245,432.69283648441575
5.621,2133.7722986046224,1512.4448981314051,454.33958327987614
5.641,2155.154172065389,1492.2374180523027,483.57699748141397
5.641,2063.603427157091,1513.6923236150894,458.3241734379688
5.662,2289.5037952511307,1616.6116354832031,464.964912525481
5.662,2239.599402450578,1490.275510568063,482.1355065163997
5.682,2194.1170433174348,1545.7884210925447,469.89665578600136
5.682,2092.390853456768,1444.4421504857116,483.99688834351747
5.704,2183.9704925208825,1650.7369609351108,439.18036036112665
5.704,2047.8799751568456,1528.9747802332374,483.5466959161343
5.724,2147.398775274654,1474.7308916932568,483.255807741615
5.724,2110.716798431221,1580.3947757339745,516.3252472923123
5.744,2131.4941139419852,1542.3825926726604,466.6012757011463
5.744,2059.2433698781188,1632.0442256586498,441.08836633891633
5.745,2104.014652952958,1620.9541821846374,469.28684995699496
5.745,2099.3982302176437,1532.4675417030326,462.6366625577026
5.765,2021.1040829659466,1475.9342164113182,455.98611899583835
5.765,2265.6531539790153,1508.0681069376324,455.6652891998417
5.806,2335.9501364331722,1589.2495319407362,461.1789855954663
5.806,2244.6362565544564,1466.952659083364,439.89963585317804
5.806,2204.2484986843087,1477.255131610934,481.9836430385603
5.806,2183.5635222284027,1528.1973575186184,488.0106568443666
5.827,2216.333372946182,1590.2615827746033,518.2998366642629
5.827,2118.6937656549785,1452.820610498627,463.63650534996924
5.848,2182.921569993188,1436.9760032818601,424.01192735415214
5.848,2060.2706665333794,1607.3132078585502,478.68476291325163
5.868,1961.6592311383802,1563.412500947883,465.7213153100237
5.868,2348.7504995690474,1691.8517560256623,490.9948630584409
5.889,2135.369762223268,1400.0794361481494,505.20305309137075
5.889,1960.8604218817886,1475.4135279148345,492.917290329665
5.909,2209.8576275339824,1385.612228061809,459.33083335816065
5.909,2325.0011662028573,1693.0339022440778,485.82889402662084
5.909,1964.75289133389,1618.1590046630997,399.38329683692217
5.909,2309.461952454095,1496.2420583704097,448.8719268336832
5.93,2109.557305193219,1419.1789830594,499.1737650170013
5.93,1987.2174777989335,1528.5538735312462,469.5981775917619
5.951,2148.121164400874,1458.9657925068109,453.6433902564489
5.951,2149.780749699554,1450.733100472975,467.342772765214
5.97,2310.212236519207,1569.9306511154186,460.94785264810935
5.97,2355.052338072583,1515.6320659619566,429.96042478282516
5.99,2103.429549266293,1584.078067487865,443.53072231358595
5.991,2065.200130357472,1613.4603701967806,425.2759441279213
6.012,2207.4602782015613,1368.1544371941927,429.40063936634397
6.012,2146.819485972567,1544.4314802706783,457.4666598625708
6.034,2019.2849350840854,1667.1498584882397,473.9649211315985
6.034,2267.6834043891913,1493.5504093294148,445.63094345284816
6.054,2007.4447280811366,1416.121195009106,412.3128219560072
6.054,2341.9138967976423,1477.2838148800486,479.6481032476907
6.075,2181.213232966418,1469.884646792157,478.56865985681407
6.075,2189.8729312839064,1598.8045082228928,427.34810006237916
6.075,2056.7931459150736,1492.8529533442854,501.8887566447321
6.075,2188.4793596059185,1499.4277589176952,452.81778181241026
6.096,2143.496061665907,1463.5116365671356,404.45607852647294
6.096,2278.0530310019394,1609.8496756279292,442.94097421350955
6.117,2154.30353858259,1572.4027800528513,466.37932544099255
6.117,1914.0460651579215,1621.3668727562945,535.197828148195
6.138,2184.8219223958768,1375.559087224792,464.447059996293
6.138,2132.1414861875005,1532.3790601684727,493.6514243414417
6.158,2048.335588430879,1587.1097273249688,483.9636326381549
6.158,2139.7998481245168,1620.288915688127,492.87908118061904
6.18,2035.5210920719974,1524.2831394157056,491.0810301496497
6.18,2199.591317272392,1543.2536816124093,482.9764174235952
6.201,2169.026563896756,1718.2705343091282,410.3098951565351
6.201,2187.9337999881004,1547.2534341319365,409.2215200059258
6.223,2140.116395473339,1438.2705073774648,424.130668945779
6.223,2264.6893034468408,1537.4972609542103,438.7133126364189
6.243,2099.753873581602,1592.4086500967624,509.3501286355493
6.244,2123.71643816358,1691.0014112384354,410.7529856889764
6.244,2257.399874251491,1495.90203818717,447.0793890829931
6.244,2226.1076044254223,1467.3879108256158,484.7295695426166
6.264,2259.556256210222,1523.9633151053092,425.42077457098816
6.264,2235.650852645988,1651.9275414168092,455.233745577284
6.284,2104.774365851902,1516.6865375625475,421.95706320568195
6.284,2053.069715135046,1443.2133648446859,477.70534970024426
6.308,2232.8329572613834,1561.507886717834,474.57403899031
6.308,2242.348356561321,1415.8354551768107,425.00968529845323
6.326,1998.732984120322,1429.1319355517594,459.285791471336
6.326,2113.1521264892554,1518.0657041342645,445.5915484981916
6.347,2130.7745857918067,1497.93964219079,478.68113127375943
6.347,2085.439252846626,1618.0633929450687,494.5947399218024
6.368,2111.424884696587,1464.6827306012053,433.97033777139643
6.368,2144.1352005583713,1595.9526171500631,457.5119564414747
6.388,2170.5039296384857,1476.6572363398034,450.1651400250608
6.388,2052.782169850118,1457.4201588862318,478.7399554809766
6.409,1896.831939675996,1585.7473118777916,478.1644903643853
6.409,1932.2724793637492,1509.5584416377278,455.8322676901384
6.409,2049.18941180343,1405.0333168072827,463.9549212146456
6.409,1975.6391834472142,1507.2639087367209,468.6320686511475
6.43,2259.967074804484,1588.2359489293806,484.5170639442179
6.43,1952.6002825046442,1656.0551354070067,465.6780138164798
6.472,2149.230247636021,1427.273392212055,470.90788641480117
6.472,2215.502792372816,1424.482937433315,481.6099707334774
6.472,2119.578162812698,1459.9857623194296,443.9824892360424
6.472,1972.369341408781,1421.8046137215927,391.6387360049788
6.493,2001.3399431948353,1577.6854485292304,424.2963216775574
6.493,2261.3340797734245,1515.6059571314395,464.6120305664011
6.513,2024.6669286581437,1459.3610685498923,401.77358666962834
6.513,2090.805796065426,1519.2605781571096,468.35786096556285
6.534,1923.8615176955864,1407.8425946020716,447.8395446647795
6.534,2088.5731491329047,1454.6816919477424,490.26394857150325
6.555,2121.0629995467625,1461.143909770732,471.82410883866226
6.555,2240.346628367916,1585.6597136857733,499.2554798538098
6.577,1992.2443320818438,1458.7697313535734,403.85206504503685
6.577,1968.5239919696517,1375.2821293795487,447.10469819905865
6.578,2213.561433628479,1575.7139807669032,443.75504546081703
6.578,2278.607607474951,1599.505065918222,463.7437525651215
6.597,2265.1445588450138,1563.004543692845,519.5983432640718
6.597,2212.507578500838,1596.9119156796369,465.0787947878906
6.617,1938.7585335597953,1241.7158279797472,462.1859862963572
6.617,2032.5614565016351,1280.0600499257816,446.44772412460253
6.637,2188.8675621201482,1663.8324051338589,475.87717916322435
6.638,2228.6196420088004,1644.6365431270171,406.4618675540466
6.659,1965.5900837071285,1582.0900980933711,418.715485969072
6.659,2222.6739000471252,1599.1144806516324,468.1641310605675
6.679,2225.9326231852297,1621.9149108520517,491.60330265409084
6.679,2102.243369738691,1566.4721980990535,390.68559760814213
6.702,2035.8127575522797,1664.1576095994783,479.00728859499765
6.702,2304.8807329356914,1640.7102067632622,438.2986984024779
6.72,2092.407232522937,1383.7578317481734,462.25452391792027
6.72,2073.405735693861,1465.9642231918606,436.3217123264685
6.741,2051.4196091821436,1596.912987123717,467.81557636871764
6.741,2138.3766506610687,1604.782479968581,436.4141537856989
6.741,2136.663544879671,1536.013703948172,451.64998767652474
6.741,2105.937123227981,1483.9790074872262,414.2592838760675
6.764,2193.840883439477,1579.0738928497674,462.40350713321993
6.764,2213.7169275683696,1469.0536536344391,474.0930153415753
6.782,1996.938090317447,1552.6021940496737,455.6758311998144
6.783,1960.5943293965636,1581.6998520538043,482.2966563875427
6.804,2185.262171197809,1558.9221978338237,448.4876475209041
6.804,1973.0785920953654,1532.9691434080428,503.51165378519505
6.826,2265.4737408419483,1618.0530459761444,418.18981626758665
6.826,2089.183505886727,1474.3926066094182,447.54125233667696
6.846,2308.8639799712882,1459.0984437627453,464.8478323069236
6.846,2222.2253547663086,1501.3513555322413,391.6507236125903
6.866,2102.2459616320707,1418.0852398943061,494.4073000526504
6.866,2186.883635472961,1521.9646889097976,456.72067084077287
6.887,2150.108412522233,1475.20127892171,465.3416274577355
6.887,2071.4861631372582,1539.3793191353377,466.8462500393773
6.907,1916.1900063827904,1651.7327516238615,444.95875045571813
6.907,2269.279047591159,1555.824938900991,498.31013122784
6.907,2238.734010284349,1631.8017887944281,475.1447523557151
6.908,1954.4275325366177,1486.8629960571,415.2167809975889
6.928,2262.4727161656297,1415.5458412656112,468.0834055874069
6.928,2264.289774504872,1700.832860004516,484.04548989206654
6.948,1870.4970926132441,1467.1590920078886,431.25206983929826
6.948,2042.6069280687077,1474.880739356066,457.4756362312976
6.968,2011.8735928069298,1629.7338956195342,429.2315443426981
6.968,2260.740410615972,1658.3516631524228,466.1776046245278
6.992,2256.7151311945754,1498.52161963334,449.75497960576706
6.992,2115.006158043605,1495.926117916017,445.81637399636156
7.033,2067.637479680323,1547.5550204326328,465.72294314071905
7.033,2202.10469101207,1669.7547250928183,466.20492867320945
7.033,2186.170670470898,1492.8968990423612,433.9954555640227
7.033,2144.4719899461375,1625.3792784438235,499.80777490082323
7.054,2172.8710971122996,1660.2512626256614,456.92602221454376
7.054,2303.517412523537,1527.571343235963,484.60093364440684
7.077,2264.513038013981,1373.3791750030296,470.78797279002055
7.077,2088.806330583909,1499.0983150407644,440.46563282955685
7.077,2204.456106716036,1625.2613503281443,436.63096209876653
7.077,2080.9518202183394,1557.795411373807,472.64813455313134
7.097,2163.751010671911,1611.8566732021363,432.7291219057037
7.097,2229.533957970507,1542.788274178372,442.90016175362473
7.117,2247.1183669078355,1531.5537558125839,440.6024442536273
7.117,2244.6917366525718,1707.0720341141323,437.54080560105683
7.137,2095.363695582522,1507.061565361449,444.99802315683
7.138,2194.6698844106404,1503.1958741481462,425.6062339084933
7.159,2184.82989193325,1579.3854431251245,413.11248698621876
7.159,1922.627967983076,1321.0518915609796,423.12380972158604
7.179,2222.460620448953,1434.6226524235774,468.05128154728055
7.179,2159.65434653402,1422.2273874259015,452.8384050623073
7.201,2240.631158310473,1545.34160931239,406.53600220767316
7.201,2206.531228088147,1414.397162839662,434.71728770090573
7.223,1994.121589564428,1566.6022682187222,476.61461953796544
7.223,2065.904539588384,1490.182885521379,442.7665625484146
7.243,2204.4453972770857,1581.9245646888978,408.2939546665565
7.243,2056.1260149937907,1619.8029487970337,463.7083452912084
7.243,1952.0511414391297,1597.3976088640054,472.4475488533373
7.243,1952.938976723111,1390.0290479826442,437.4022507550104
7.264,2165.8111473324757,1507.1283051151856,441.7675528812736
7.264,2091.980488384123,1458.0868469700026,452.25860677188393
7.285,2318.1402735192764,1669.116137564839,509.0520820777896
7.285,2035.2993093277464,1653.8364980791685,449.9848169457307
7.306,2204.258148264966,1591.8705615212773,425.0332900029507
7.306,2237.094547036403,1586.7010541777895,425.80505112103896
7.322,2282.0794369402506,1524.8629348814013,499.26147312119383
7.323,2146.539475067753,1570.037585123993,470.76311735475633
7.344,2112.3534664324357,1609.9615997752458,455.85116918317175
7.344,2213.143052894754,1654.73561921818,446.25368104705024
7.364,1979.3727692563639,1582.7237639277187,453.2200685490608
7.364,2150.8829817003952,1530.7741928236915,469.0010041493606
7.386,2217.232259695471,1436.0481739965235,537.6610335702021
7.386,2060.8605945853483,1534.6450599298703,502.3115260118624
7.406,2107.580737174083,1429.0768711509281,436.6073037348627
7.406,2267.074414061225,1521.5493621374144,423.48447915722795
7.407,1955.9668321947668,1495.5450081465972,433.5911203456998
7.407,2011.3072765738457,1549.8137886078298,448.46229406696443
7.428,2066.14714387048,1648.6168769580336,452.627107138748
7.428,2076.6526737030154,1497.904071910211,452.5847756775005
7.449,2195.0164929149837,1593.9413497393675,432.6250802731305
7.449,2247.584300206225,1568.9996584622293,463.56439647309526
7.468,2062.888679725539,1557.9704367553652,483.01149845918553
7.468,2332.0806010957526,1473.1246463317998,475.44601119857765
7.489,2243.740810959647,1424.6465083463129,462.59917223994483
7.489,2078.663368986239,1541.9485936100843,462.73697675944146
7.509,2097.342282782307,1530.5929347983868,441.0495520155912
7.509,2205.838701565898,1469.866978745061,471.54268571098754
7.53,2461.51109526477,1386.0820845551596,491.61893304082633
7.53,2078.6924793544845,1608.7252835092486,483.0906991367443
7.552,2237.855188902734,1577.9919777220243,459.0244166153476
7.552,1898.3542374879917,1562.8727707306407,439.2118860978499
7.573,2231.436702689977,1570.8045925935087,460.0593471279713
7.573,2192.3914982275073,1681.9357589553183,503.6649174369005
7.573,2177.212101312659,1454.43344273731,462.19783179110397
7.573,2171.481845476181,1546.3183135139861,506.9416195920447
7.595,2081.523785442924,1518.1201921379354,447.5317252170803
7.595,1960.8023767420154,1496.240432837414,480.9832486863583
7.615,2104.182083873817,1504.2278063864187,438.3926169953
7.615,2083.3514865169896,1500.5703100871328,425.8576597590943
7.637,2263.6215888257393,1635.8994953696358,469.606814987267
7.637,2178.077169819439,1555.5520686375048,440.19509403797815
7.658,2180.721465322615,1463.60627315737,423.52237569047935
7.658,2192.117442924956,1577.2958780619658,427.5449295317028
7.678,2196.7928028040674,1662.3264453728134,443.71991426740567
7.678,2213.770938939864,1554.196907140383,440.0369964188641
7.701,2232.6133230001515,1471.9933183721705,455.62207553672005
7.701,2200.5108137639154,1471.9708933889501,412.0323446474837
7.722,2169.536755138239,1501.8837012502606,462.1734314756207
7.722,2150.8901224707915,1486.0099422214278,438.93309434596233
7.743,2250.1954344269384,1498.4889537618774,438.62046617265634
7.743,2217.974856278505,1487.0959137976815,475.16409940396557
7.762,2471.807593933062,1498.9723185347427,464.2990919330028
7.762,2269.249532360324,1537.312982923815,448.5356207985538
7.783,1832.1219097192593,1520.130371931306,419.20738342524794
7.783,2049.654369277969,1429.204087654362,471.92789281730796
7.783,2030.176233150654,1490.1034202173885,421.9050334024925
7.783,2251.4493747350366,1455.1703749566632,430.75195897747216
7.805,1988.2960104101794,1622.2203616078461,457.9089231462633
7.805,1977.287577100788,1434.6087639256173,467.41332465638743
7.824,2270.75832376144,1686.9320728550058,470.6757436255722
7.824,2061.3829729199183,1449.893570064919,463.969004625903
7.844,2238.2428497615533,1587.1523944098528,489.7655029862464
7.844,2170.332507749915,1571.8953280673372,461.5730972519832
7.886,2241.489475138663,1647.9320847209192,460.50691503443187
7.886,2556.7055824293707,1611.337269298982,425.2416939724646
7.886,2072.0341458430885,1345.8505137839088,430.7033025583952
7.886,2368.3461364503146,1557.6367085835084,521.6181245458299
7.906,2120.298832034255,1736.0864696630535,478.4488553176636
7.906,2172.6847057751093,1433.6358865911016,416.4925269451046
7.906,2103.441907340671,1551.994493784902,469.00515565259514
7.906,2115.3030508288502,1382.0016367791927,399.1214215850044
7.927,2248.7067857010447,1517.439175434741,454.9243249590423
7.927,2199.4234001942636,1754.892010707195,508.69915101085877
7.948,2177.4017018983,1669.2331640975365,410.225523663474
7.948,2127.3714221512305,1488.8334561597383,457.883881667543
7.968,2125.6874908733275,1666.1959678565156,488.0214084168282
7.968,2053.113851230257,1495.4127563131933,437.4421031886818
7.99,2265.6083647297214,1626.9555282625358,445.42906062442773
7.99,1859.5333534772485,1592.911701451483,476.0369180570324
8.011,1989.4031462368175,1617.1472044891284,468.56536933450684
8.012,2006.643288054489,1509.552584751688,458.36328229618533
8.033,1941.584310309436,1576.260294477755,443.34293827874154
8.033,2043.0939466000086,1521.3368862796874,468.99762014325376
8.054,2212.533429275115,1634.5449106825454,445.2851582285495
8.054,2187.7894282714287,1423.5312702815713,446.3906971177228
8.075,2020.5232061697905,1617.9588045229918,432.27859991660176
8.075,2270.4758641670887,1515.1666342594337,465.4823780120292
8.075,1869.284877987279,1447.2325314775492,471.29337659584974
8.076,2103.2610837339143,1382.8932668095717,424.0628528594008
8.096,2097.3921649658123,1541.8856211525754,461.48050970239683
8.096,2097.8890081806144,1454.4414665717402,491.9573752441611
8.116,2204.0461820233504,1531.7949649447814,465.44162088431085
8.116,2400.301635751417,1591.4675055866257,443.5097119697626
8.138,2201.1494656018344,1346.7858416542347,480.900953777781
8.138,2314.6250582497278,1576.7512218537806,441.22444196614913
8.179,2139.9625996537084,1477.1267748860735,491.225138968384
8.179,2253.5561158439255,1515.1746162489978,461.1030201143727
8.179,2010.777628028706,1567.3494767813906,458.50467172563475
8.179,2119.992129298317,1703.2432228331272,480.2227391738525
8.198,2166.013464484145,1599.4229137321672,458.37971041175086
8.198,2371.9230136162687,1422.1865351459155,463.24846301541913
8.219,2098.8832227953667,1660.1771034144733,451.03136922252446
8.219,2167.3137651422453,1614.8433706729836,461.14254331342136
8.24,2100.582501746252,1614.721077858579,504.7840171922945
8.241,2108.6637274973477,1560.3654351649514,468.95411398523845
8.241,2218.0332042728032,1644.913832297273,448.69856002578456
8.241,2240.169367655678,1634.3785673766963,421.75222025541825
8.261,2067.21539310246,1498.6857607512336,464.6450506836115
8.261,2326.036431043499,1460.5977622608589,483.9605626997547
8.28,2263.1611488217873,1526.695914654597,464.6620660419476
8.28,2053.034698826327,1391.855202249269,495.8018090883576
8.301,2241.8833417693863,1428.363535193656,466.8010321534119
8.301,2156.1904075697703,1402.215731573469,427.7020834162289
8.321,2160.303410373876,1586.9167742701534,431.0714687958509
8.321,2295.0851050223646,1504.367445520367,449.0533735562256
8.343,2086.7643385101483,1522.8929555780708,464.0638142049069
8.344,2014.9984476702373,1515.9716488767756,477.2092018710517
8.362,2134.151002910992,1449.4490043157573,455.4468583961394
8.362,1971.3545323824949,1635.9066626100848,458.64151686666435
8.382,2049.4810899707736,1472.710174031885,437.94375371623937
8.382,2072.2457687690035,1401.2413996631692,465.75666608258393
8.405,2273.287160575159,1496.790132891614,435.05312855669644
8.405,2398.0890149461575,1491.1325319085681,450.30560921335245
8.405,2147.437854859782,1497.1721843038392,486.369901796937
8.405,2268.0519619488614,1392.2800127638106,431.3047004718129
8.425,1851.8255378687713,1518.7966660473423,435.9965087408746
8.425,2060.26210206154,1510.5517952281027,455.24207292767824
8.446,2297.972856726024,1510.46700784056,444.30329487921307
8.446,2192.409280694507,1577.5486011100647,481.29177238574886
8.468,2119.50558658387,1491.1511678121228,485.92789742527447
8.468,2146.428168254019,1434.2876180572207,442.7790849844362
8.489,2108.789772567998,1450.1349689954554,466.7250814249491
8.49,2355.3754298591166,1530.9501591119779,468.3095053184944
8.511,2302.559082831697,1598.6510338536045,465.6262069428361
8.512,2134.6075580235492,1568.6604996639228,448.9297815892282
8.533,2162.570820411085,1725.6386154250213,493.4519495272043
8.533,2104.158483619345,1413.3507999213039,477.37617431954914
8.552,2062.684326621075,1431.4445496862254,459.4418434183425
8.552,2335.9727074964335,1564.066507669635,385.97885111373046
8.573,1951.5157290895447,1589.9461095466497,441.8057414274571
8.573,2036.4452072333256,1508.2456496700947,427.78160409191037
8.573,2070.347754801208,1513.6041547671516,471.580061003609
8.573,2138.159604088735,1312.9294397464387,463.5068047185313
8.592,2208.3154581857634,1558.6914989543452,463.89293586235897
8.592,2029.8305144566527,1633.2434453095307,436.80678779602715
8.613,2044.475397441608,1466.8859126002872,495.7156004024536
8.613,2071.8898821738862,1509.8452641851386,503.453195542558
8.637,2143.99687512201,1580.5646971593187,445.0978323952558
8.637,2001.0075762748306,1500.828580355326,443.71218751068176
8.658,2177.070880641933,1690.0243222834513,507.0168854486269
8.658,2167.6098922455158,1766.1734450255567,437.230559443222
8.679,1959.7687904687575,1699.96983259154,445.55004664696554
8.679,2169.150684850356,1559.4009154131722,468.87122196415277
8.701,2107.513174972104,1410.3325411098292,423.13807089975467
8.701,2253.754929971414,1482.0689097397621,407.9532191808781
8.723,2155.1647697393564,1626.3793499603032,414.87864426949375
8.723,2267.331498581876,1579.090354182282,479.3810562858921
8.743,2215.5001562784423,1624.328466307778,424.80929185550696
8.743,2283.2783881314563,1636.5719037478457,491.9765090131713
8.743,2095.6001810027606,1455.9218512384614,433.0615559702577
8.743,2286.3209283811025,1527.546077068206,392.34845107797946
8.764,2053.1789727290416,1615.506205051133,453.38335934272123
8.764,2414.027069960984,1472.8752210232876,396.41045304789225
8.785,2118.303778869907,1716.6633882572532,448.52821662109346
8.785,2220.634013051361,1589.3480581315225,441.41838208367466
8.806,2049.9370168849773,1702.382774734464,422.87920596381707
8.806,2180.7785229558694,1417.4390112915412,393.7978994996228
8.826,2130.892995625128,1480.4935827190466,426.9216854645064
8.826,2190.090882029978,1587.3381595556143,438.7321959433935
8.847,2098.5113854455462,1383.8168913407374,444.2172746014583
8.847,2138.561282702023,1635.7686436703555,463.604383765091
8.867,2062.174335550222,1631.1239776146178,449.64285654331366
8.867,1950.5861426308286,1647.1614219097203,493.92467292519837
8.889,1864.7532407545762,1394.148162824293,422.4401208923916
8.889,2048.400689162863,1482.1869117420572,439.0008535160897
8.908,2029.834682781446,1497.0042147680426,448.84037550744125
8.908,2154.3519198280487,1692.6520929875223,414.71372841139834
8.928,2290.4533928043265,1422.2027520021031,376.2686374383362
8.928,2040.0280574617411,1573.5041314830346,416.6102306970499
8.928,2196.3248801800733,1802.284336014883,447.5799847757678
8.928,2178.3188515255742,1851.7263917634314,421.4248477621076
8.95,2253.569479152829,1905.5380031160662,430.467188484286
8.95,2277.652743100773,1709.5726492544572,469.5022640815234
8.969,2121.2953104431235,1751.1637472826992,422.5996307935367
8.969,2084.6707928513742,1643.5532119902302,431.45978594718616
8.991,2129.2437886144257,1796.8144093634644,388.8757233831957
8.991,2038.008295967965,1688.2513062483615,423.4603269975752
9.012,1995.6442783119144,1704.2716257645845,420.33259758104657
9.012,1971.7891941823632,1655.1376416221626,441.0952011508998
9.032,2425.296725481243,1815.3980380638034,477.5807416564816
9.032,2175.1700069578087,1687.3346998438708,438.17252988433364
9.053,2231.1980848629682,1779.3204435523367,440.6818660471248
9.053,2089.5317983790023,1599.094606301418,467.7018012690134
9.074,2126.6411794489873,1699.1887662589008,455.3471639441024
9.074,1957.6882685428686,1668.2919054877523,415.39119047501555
9.074,2151.738732075083,1541.283663214525,426.8428336846691
9.074,2286.3960476795114,1744.2389468372876,456.62589499195377
9.096,2165.9820622057446,1546.4704310192742,382.4821556612254
9.096,2026.7424836867024,1706.5550181946135,376.35670450772506
9.118,2074.3255355866295,1714.328854769062,418.2585288535906
9.118,1906.4431925764716,1610.8701010094178,425.7850580067302
9.138,2002.0789167163725,1835.02880723872,430.27246878678477
9.138,2241.0007258416813,1541.5551811628159,443.93089882722455
9.159,2301.062454975804,1600.5435292131442,439.77564140893014
9.159,2117.135202107009,1639.53523539242,426.37970427961113
9.18,2076.2323600195255,1683.0904044390995,418.63115158597316
9.18,1981.7575337453948,1731.5235720291862,456.8990105261767
9.201,2253.8105296679873,1666.1347864092284,484.0041752115783
9.201,1979.9364951307239,1538.0604411782938,456.63004895047584
9.221,1993.5427148759245,1674.3479538721062,408.7577518749466
9.221,2135.8180264664365,1675.6757916308532,406.69150811203957
9.245,2345.2512514520286,1765.7846306729473,451.2740015417467
9.245,2056.372599445647,1725.295349636144,446.2815538296369
9.245,2190.1114968076677,1808.7906008007246,436.192029680916
9.245,2079.760367346097,1625.2288944023248,417.15025754413045
9.263,2213.4573239573365,1726.811068654695,431.9936995880922
9.263,2027.3803904853653,1732.3543237293804,443.2471884168317
9.285,2234.316040775324,1721.1875282131862,422.03583272932264
9.285,2390.2132235875083,1624.1522693484449,441.2367295173339
9.305,2050.195670313161,1668.8605575663928,446.6956104144052
9.305,1953.3618145541693,1730.8319770021376,390.39032649682554
9.325,2216.489312283134,1568.3687388632477,463.171622588874
9.325,2153.5734417808694,1594.7819370065365,454.0325736574762
9.346,2177.3104278811934,1735.6751865846263,423.87163474389155
9.346,2274.7558676593076,1669.8782309423016,422.41997351484827
9.366,2154.76616499085,1745.480756690368,433.98085689857214
9.366,2344.6634835692767,1704.9896141738511,432.7315778630657
9.388,2046.7941662649534,1696.2861072936798,437.3114326709099
9.388,2185.969198042999,1550.2372938839924,452.9578313909489
9.408,2156.9012304533076,1594.8160241569099,432.4682289570756
9.408,2127.872714223769,1689.768685543167,475.52214683358477
9.408,2228.659424998917,1717.2629221790367,426.59632474089676
9.408,1881.9009253124348,1667.255665285508,493.36203448878837
9.429,2136.60396089214,1506.7358572455475,427.5774934292884
9.429,2146.988475066659,1673.9936178531889,377.3194226200987
9.45,2130.1655974371574,1741.185359209938,456.9894139649851
9.45,2168.653974663836,1774.2762400746058,375.82973719823417
9.47,2097.5675956820073,1589.855279043095,411.80293090180726
9.47,2368.6447598828668,1592.6526981251839,358.7741581472549
9.491,2193.1703884126364,1658.7540484622339,414.6511765140728
9.491,2221.6721271536685,1674.5562938022722,432.4417095741448
9.512,2356.3745131526825,1579.5256302411433,410.1770212712576
9.512,2158.714276195768,1724.8537808638866,428.06887828338824
9.532,2152.414006219089,1712.622745811253,430.4154706698342
9.532,2314.2938634278685,1605.7820503452024,421.1589771369918
9.552,1964.470283877828,1701.5233920722753,432.6149808170887
9.552,2172.5871935146574,1791.4274097242494,438.69970730193586
9.573,2122.29777393703,1813.9751449636428,440.3489934807613
9.573,2105.776402456359,1637.1022017789983,436.2302430832855
9.573,2191.242486795439,1604.6449317408367,442.81986297139395
9.574,2172.418486969477,1744.7445103219252,400.21700415217373
9.593,2092.3319101030006,1602.4876798803036,436.6626885377462
9.593,2032.3072206631587,1674.5282761429046,443.1530981909104
9.616,2075.138287007576,1624.4917553090588,469.58073600775066
9.616,1853.691190214321,1723.1434945930052,413.13974426027227
9.635,2322.2312940209936,1696.5478756397515,409.94796339307254
9.635,2366.2537859446556,1664.7800075956766,438.7008105521221
9.656,2127.8705478066177,1785.2477860359481,422.6199162777121
9.656,2274.661566931252,1564.5900885962162,455.28334552863083
9.677,2046.7424066517617,1743.0774769875482,386.5988081083623
9.678,2141.9389030402654,1720.5774940635838,423.54896176899655
9.697,2178.2037823081564,1696.4603614666794,402.3007934318934
9.697,2094.5062738816705,1754.9975635716555,408.9154554118269
9.719,2081.7833798602696,1756.202321980075,399.9292693109194
9.719,2219.4168454455416,1586.506246291533,464.09625229359733
9.74,2198.583225067426,1643.6415097253816,417.48317765238846
9.74,2080.7446948554248,1704.8226314610113,444.5550855861169
9.74,1928.6100248874536,1703.991866646092,429.6591130273117
9.74,2180.6060866741113,1753.6147180195328,470.22289015642633
9.781,2150.3969183259683,1893.1714151198714,424.0365626321165
9.781,2108.0699113799774,1533.2129374081717,386.5170029377749
9.781,2258.881014978494,1618.9533112208694,474.444134240874
9.781,2232.2182264855105,1660.1775916628158,450.48431061225415
9.801,2119.8258678258685,1860.6442048003496,462.5755370520619
9.801,1986.7634221327428,1700.4527117835187,442.8297056748011
9.822,2338.597562370918,1735.141780005073,414.2472146950288
9.822,2195.9636135117494,1721.2385483256037,415.5288535868124
9.843,2097.1727815006802,1758.795925101368,404.2822567444465
9.843,2207.638515060396,1658.1732478447288,412.11928833322554
9.865,2210.2833490794724,1759.5251846320762,431.8181021918013
9.865,2079.7581196789165,1791.306286425569,417.8928808924186
9.885,2188.3058340478296,1651.4524975703212,401.7496606676756
9.885,2173.5374496979366,1684.6071271366775,413.39725038978776
9.907,2070.0986625670607,1685.2612807014464,408.24623545258453
9.908,1971.6418620447257,1740.1796656288593,445.0578510369216
9.908,2150.0772952524608,1702.0520942976982,444.58598298624923
9.908,2194.0172296131445,1633.8639973156933,414.4839892214774
9.926,2084.900892497339,1691.1016402979226,435.63857644671646
9.926,2104.99773283491,1704.4512496829957,422.97184526264385
9.949,2264.699835729539,1780.6072138891689,400.8225557976384
9.949,2154.3241412606762,1820.6677153172147,476.46550112482214
9.972,2091.082850853758,1647.5917254142205,394.91520516421514
9.972,2194.707871241787,1708.24692616009,466.37554744479087
9.991,2102.489997732229,1861.6699713708456,474.2272958284272
9.991,2300.400892049573,1840.1567415678505,438.4307972612301
10.012,2151.7717483573415,1836.719908114414,453.7210697690444
10.012,2206.853306523032,1635.2320384600985,447.02768817229895
10.034,2102.260662044601,1437.9226463068608,438.7473120442695
10.034,2088.6932160680603,1681.999934185137,464.1504693596229
10.056,2277.929285286501,1713.2774984008818,415.29572709587933
10.056,2275.4550137525866,1799.305240942824,432.63019580888096
10.077,1886.1564665218573,1920.5905496571804,403.76297418046346
10.077,2129.771061654861,1664.0599461178895,430.39922931998854
10.097,1893.1429383074317,1686.578858702356,412.1897869550217
10.097,1982.3006090035713,1767.2784155524046,442.85167968931563
10.099,2324.8263132784696,1666.1524049364482,437.3985893249154
10.099,2241.720965213191,1691.4565203152952,448.2826884254568
10.118,2169.4482516163303,1695.893600922831,424.1262982952655
10.118,2150.084431314228,1781.665311751374,452.2146068698371
10.139,2270.8477930084414,1800.686301862495,384.94414247653003
10.139,2133.339621313437,1716.620343581995,449.77443409884876
10.16,2043.2353846736655,1822.194953999694,457.9587410632557
10.16,2136.7205293979223,1779.5687929546546,404.6794544491685
10.18,2062.3044387139707,1699.6220897281135,446.04843233119215
10.18,2086.465304142612,1872.2627514683022,401.0600092020607
10.201,2124.312746228712,1678.3995215188495,410.6957352436894
10.201,2154.321372433851,1700.712806353382,448.8453264908809
10.222,2102.084000982394,1697.441987506958,438.02311492869774
10.223,2035.1091069167799,1662.1054446654102,451.199257045712
10.243,2005.931404840007,1734.2752985404716,443.48508498411485
10.243,2028.2018092883998,1737.00471727274,428.99988591709246
10.243,2070.94104923988,1742.3982527265246,430.8132538864137
10.244,2090.4611791394523,1612.7454314023337,404.3460997198679
10.263,2287.811149547789,1723.216424036453,429.3182197894017
10.263,1985.488383004811,1697.3025789049625,465.7499309710527
10.288,2238.729246783887,1559.6952749820616,425.1164279328952
10.288,2173.3459336517894,1581.4253505132208,422.6955283904022
10.307,2145.3340768498406,1677.7350786416598,432.9723772309075
10.307,1974.3029749131065,1914.7760111137238,461.378861962517
10.328,2055.8302639763288,1708.9436372275138,383.9016295790954
10.328,1981.9205348742985,1781.6405475648808,455.2989973764273
10.349,2240.1259792540377,1788.7480769035446,442.0428961591212
10.35,2046.0877296920044,1759.844224232767,397.0599510200315
10.37,2252.6576949893647,1425.1130629917513,444.11477956321374
10.37,2244.109842360871,1586.511817943785,402.1055445954532
10.391,2101.4374229775153,1696.642995167282,410.1380213158337
10.391,2137.6823086873756,1699.2355170653598,375.77344101149106
10.414,2173.456511407651,1561.721759554928,437.4734810394633
10.414,2368.4070783036796,1694.695259333088,426.4910049559855
10.415,2111.426390680628,1697.44351385598,434.9680387316408
10.415,2233.2792683727344,1643.8631950541055,434.9211817950104
10.434,1942.8970002644053,1844.990899023234,462.0529279205334
10.434,2231.9117054234835,1569.3164191614812,421.3130858757322
10.454,2302.7094530544514,1543.1171870316566,439.21321104464255
10.454,2202.509078777279,1578.8898975857103,470.4348821739699
10.475,2062.2009557220836,1757.1458565507703,451.9274933568622
10.475,2020.727888489888,1783.4863866034925,461.7370866262961
10.496,2009.0281348890749,1702.0174422705045,456.4284133645005
10.496,2067.553668096815,1863.811770835058,427.2800755649678
10.516,2196.392105388498,1762.6447779831321,447.620806772124
10.516,1929.848757462019,1793.2918323689105,401.29829398133995
10.537,2207.184714477849,1664.1558140418622,446.3822806416187
10.537,2095.9598923845842,1659.7253668287997,432.62149913177905
10.56,2074.5749970201055,1750.0185412187195,449.3258471502304
10.56,2163.287512397953,1623.5622314230122,424.3753581844009
10.58,2168.889158780271,1746.5064030575425,424.8848286155161
10.58,2248.705110433716,1694.3169080751577,446.8229650614912
10.58,2274.8642827030585,1720.105587932095,400.8902183903417
10.581,2030.646542104195,1755.6748762992968,455.58844196122715
10.601,1970.9451547644844,1545.0428635981864,431.80426557147314
10.601,1911.1224158402647,1700.9594459032674,457.7783915182734
10.621,2129.195554894881,1745.346059979778,443.5522144524864
10.621,2107.2208960478324,1845.1142001814032,416.5375232432801
10.643,2068.8056563213927,1510.4217317766495,437.59568960026604
10.643,2184.2883551989603,1712.2497111657406,414.38878823315815
10.663,2032.128395620975,1610.900689235155,402.9845621231881
10.663,2016.4616715137065,1696.1068424692048,451.260613546818
10.683,2227.410007606914,1828.245709611404,445.932397590969
10.683,2144.3870779262757,1720.6922449877993,468.7621796950255
10.706,2061.3434234976794,1736.7155570299822,451.3788089067206
10.706,2121.7671308746926,1744.7397326265725,459.56051771887275
10.726,2205.9276522365362,1705.0536517276396,422.9851544573795
10.726,2151.472585898084,1645.4045262160657,405.9039381800412
10.747,2075.1017425329565,1594.3727729755878,457.51710275566353
10.747,2145.9766665323837,1675.541546800594,445.40781176321644
10.748,2369.6958706204664,1693.028601210968,440.4288448578573
10.748,2169.5432350479055,1752.2834411485476,427.8634340669661
10.769,2313.595615563438,1738.2526133044082,417.74849117166275
10.769,2074.1325358814483,1768.7634924160038,443.1767695848599
10.789,2193.2886426230216,1772.7138701673214,428.85613893774496
10.789,2056.9339660565734,1800.6304168031504,447.6604615708402
10.81,1897.39852624299,1649.9702159786752,461.558980328429
10.81,2017.924092421078,1792.381586618592,430.265697315909
10.831,2166.702790394236,1575.39047278748,433.1046842111813
10.832,2216.7273029378775,1755.5050850073396,422.61034982593355
10.853,2007.6037761285904,1565.1296288224682,378.3671637177872
10.853,2282.3122924249283,1936.3468037324988,430.8128818666459
10.875,2175.539227140273,1794.10137111558,432.3393004361927
10.875,2064.362745116797,1709.271981332422,427.2205179128103
10.895,2169.0424335949338,1822.4825760046765,381.9720451023475
10.895,2143.888100254026,1909.0012676168258,436.2456852640023
10.915,2079.9764347662394,1850.6214325649903,448.16228359727074
10.915,2107.3765247311826,1520.2377997934655,429.612953166866
10.915,2024.228920038403,1605.1911080734546,421.16577674495375
10.916,2231.783505041349,1555.9680235623268,406.14931892896897
10.936,2054.1402808024377,1654.4831942874412,385.11307954449495
10.936,2053.519183392275,1556.9623400420633,406.1096947658354
10.956,2298.277831607358,1828.9677396319028,478.4300274458867
10.956,2123.1096487398263,1512.430176867054,428.5847614358325
10.977,2145.128322321213,1581.442046110205,394.8210848150954
10.977,2182.416610878474,1528.1630069839398,418.6004784488784
10.998,2129.425607071205,1714.3740057960933,426.2190436087768
10.999,2336.9754619261416,1777.6587837955165,438.91771480899604
11.018,2060.2709282035253,1717.3411583218333,429.803040755212
11.018,2046.8104091813068,1707.6760054081606,410.3287687352827
11.04,2168.487051773795,1765.58861756944,422.56482944627
11.04,2016.0201234059653,1612.6727740451786,413.74840688243523
11.06,2034.5841881367692,1642.7071211858506,427.55512770642724
11.06,2164.884378953801,1796.2695115052782,416.1778184663042
11.082,1822.7079998960194,1789.9796865415829,426.00781642016096
11.082,1806.5028024465064,1752.8637225327761,424.58016008099946
11.082,2351.466108179762,1817.0242016079203,435.0426824866198
11.082,2157.114867186871,1631.6369234458577,457.4797018683485
11.103,2013.5580778412643,1739.2139215830894,421.73493559637535
11.103,1948.241311277903,1566.279764504349,431.0562237957919
11.123,2354.31842624936,1598.2865489342553,431.8876088141024
11.124,2199.596857061328,1795.6315061406603,418.9124366337944
11.146,2031.9254235647318,1717.2717233417563,441.2376833034306
11.146,2189.813488816762,1769.5576533058932,463.47199021329425
11.167,2080.0307268631364,1655.685224988863,439.16611993910306
11.167,2114.426491239673,1734.806760572503,484.9648623879161
11.188,2270.4115899782396,1558.3329356436902,427.3926417809789
11.188,2078.0406027614677,1807.3471597324208,421.1639761058086
11.21,2231.6274400167845,1593.8437282180166,463.79817913804663
11.21,2299.0301283499475,1850.107113332849,411.6626738942261
11.233,2097.3093758788655,1648.0648986611604,417.97818524685664
11.233,1919.8447548778925,1646.6939780874532,420.13918874737664
11.253,2110.374019427261,1714.0267404688873,401.47847203624485
11.253,1900.3018903129746,1741.981484378538,448.2324869567216
11.254,2031.5345427469044,1728.3723482236155,434.6083909156156
11.254,2074.842658025473,1559.2882117693248,452.4694131280451
11.275,2135.0488165423267,1689.4343780807526,432.7616709146881
11.275,2152.7612356554882,1760.2394589155754,435.5485727315773
11.296,2064.937723684415,1648.1611373331334,414.7502821501969
11.296,2106.4566354166313,1614.8613526439215,416.55486976687286
11.318,2077.2571011314963,1757.9193636643913,399.48119538380973
11.318,2121.0197080601683,1663.6952714626211,434.19236318952534
11.338,2137.8454225116266,1660.0249613542612,418.07824718467486
11.338,2097.0570013508805,1685.4439015224277,451.28398969435955
11.36,2115.452629868535,1690.5557933604046,424.9861856459014
11.36,2017.48686625892,1718.3504981342019,435.13138533946994
11.382,2076.2830478444453,1709.080512866457,485.94431268385426
11.382,1999.6595947321211,1539.261950365753,418.2003147769909
11.401,2089.0101851940385,1735.5750601799978,426.97129066620505
11.401,2112.093866774459,1776.1620780453766,416.6305134920385
11.422,2052.6511565823557,1656.4348785667285,445.0089021424715
11.422,2067.707904853544,1746.582245981077,479.9788255033506
11.422,2192.4026489609905,1751.4073181082279,402.07009857484286
11.422,1967.3764972451777,1594.4950515011824,410.5817731513203
11.443,2095.896535675746,1654.8112695408574,425.9507614150329
11.443,2059.239145497653,1565.2262591268793,422.50232200966184
11.463,2286.2638800719287,1512.6629384099067,475.0189556876233
11.463,2075.4551681500952,1527.4200903067156,451.59489270091433
11.484,2265.0498101460175,1567.3115355527118,460.5172510435575
11.484,2248.726465680496,1676.6656816187406,393.13512073064777
11.504,2037.4490031297398,1737.2711168541116,465.57278049223925
11.504,2042.4230150255817,1805.567549733511,477.58806609123894
11.524,1956.6208130922075,1580.6841718178644,459.51175722054785
11.524,2040.8142441841844,1678.125551553492,427.66700195167965
11.547,2147.8259605070184,1804.2384409720344,445.9704784318329
11.547,2216.419042621989,1692.7824248296176,463.3826391955268
11.568,2095.603744112873,1748.5873378840658,433.7824966150738
11.568,1928.785518416378,1713.735766170542,399.0370495238765
11.588,2168.938933959776,1707.4075498121938,456.284986793061
11.588,2296.695081829917,1645.7330186456625,404.70828150670656
11.589,1931.4092148815944,1683.5701655603173,433.6535688205596
11.589,1980.9921507544386,1595.823517163424,405.8241075872201
11.61,2139.597503344214,1790.0076374481112,388.24492818797074
11.61,2044.1148131580253,1622.350513651944,416.044044980906
11.63,2441.166369827271,1686.8578284793412,423.77413981346035
11.631,2211.391950140844,1753.644110505433,416.20402427984766
11.651,2289.266897819962,1652.757906174042,402.886022061972
11.652,2037.9837661102058,1621.5485325620705,420.9096899190993
11.693,2002.9197097809533,1798.845563951571,412.54265573925545
11.693,2378.723291764647,1684.0357916011194,427.8524911050902
11.693,2020.8556248766856,1815.7060694528302,422.7900843053003
11.693,2290.0873211453277,1733.8089546887127,425.74593987702013
11.715,2138.855002552576,1763.1643986226425,474.27775984592506
11.715,2158.8187356053577,1664.4171557358623,427.83029433585324
11.734,2125.3928112723866,1609.6995690697265,420.41510153354494
11.734,2238.104063323184,1620.945757972034,448.82870895032227
11.754,2067.130344057086,1632.1956962553495,409.25814825357725
11.754,2271.5898988971403,1750.5462834331577,419.08935249873196
11.754,2207.1016095132545,1812.5789962255233,447.83981324881256
11.754,2213.020274919388,1628.3975358558882,431.25112516135323
11.775,2033.7706330423284,1746.5686453410972,415.0501925669382
11.775,2108.2065384642474,1753.4848815075263,411.96152152026514
11.796,2018.4026961782993,1790.7976225882585,403.7367756496868
11.796,2367.7709536564385,1697.280167039892,393.93121241212185
11.817,2251.1726631648085,1592.7939711100473,428.41252462852316
11.818,2023.453458642474,1752.7199002947068,423.87667527773925
11.84,2452.12895315404,1698.1731609283897,407.50433387311966
11.84,2264.1523016919464,1763.2252688807966,456.61832547963525
11.86,2065.405995656518,1663.7501253790228,408.0162221504522
11.86,1928.539527366991,1759.0349261298097,387.6148512126843
11.882,2162.214123168996,1650.4936513644984,474.3015214390081
11.882,2167.421258654731,1588.5303146743308,435.73236829998206
11.903,2121.776646155516,1579.0646992430497,454.2433451700821
11.903,1927.0222208689534,1662.100860097286,409.58057125778254
11.922,2214.105425057885,1667.349386147971,401.3121230292616
11.922,2077.331710325004,1907.2090457921454,425.80530728585484
11.922,2126.982744713574,1715.9069241992509,379.43421731949365
11.923,2097.475890173521,1644.4784424150303,401.07241792861504
11.942,2184.285575247655,1565.2844220397717,424.21566313044195
11.943,2248.218463141188,1769.9857000193833,437.6000211349547
11.963,2018.0500830129145,1619.0647778461357,409.204890823575
11.963,2047.595275003831,1502.1451405852642,438.60228656278815
11.975,2059.103644345918,1881.1634842389071,438.0595128273356
11.975,2041.8953578980763,1674.7841152085148,423.12687915572013
11.997,2052.4139438888665,1773.4336921235079,437.25002708179574
11.997,2258.741044006209,1690.8267107527022,416.1426070166931
12.016,1990.4057202151969,1629.5717758394544,415.7035970628527
12.016,2109.293345782736,1777.7982163918098,412.43721510628154
12.036,2112.270455535304,1841.795870596887,461.5587479709827
12.036,2108.554773213265,1529.6004247891917,491.66139508158506
12.057,2112.471533292415,1577.6037605425356,422.15180591704564
12.057,2123.325000108032,1647.0082614033918,434.18005249131545
12.077,2011.2508267481408,1686.2944282402518,362.00800369071754
12.077,2120.2521684251833,1744.3971564167055,431.28572942441974
12.078,2109.5614520990966,1713.9849369750982,442.0746948029405
12.078,2019.9879685975832,1563.758064269313,433.5415075306238
12.1,2157.7992275247234,1824.635967451906,356.6072092546857
12.1,2056.0554328632006,1699.250602656851,416.29046162760875
12.118,2323.232878578484,1858.6369513809377,424.4458637803036
12.118,2208.755044451898,1707.0388872057986,373.4577484604647
12.139,2266.536879835879,1685.8652658848819,416.3142095116505
12.139,1907.0363898028904,1496.1415582267994,449.185380143513
12.159,2069.07447852667,1756.3261824112553,410.96875148985987
12.159,2116.7574854480204,1619.345788419893,473.30453222536136
12.18,2143.7958400817497,1777.2985174665657,432.92770424269924
12.18,2201.052836511784,1698.9574093145156,455.7771294262923
12.202,2243.527621361413,1766.0414846886365,419.20205765644727
12.202,2250.177196288903,1635.4860880108147,423.8660940743724
12.223,2115.6823276259697,1729.5045329691675,399.5472857374976
12.223,2061.805920915455,1759.5565953331918,427.18658486520246
12.243,1890.1168258327123,1701.0101190978166,437.0826024782349
12.243,2107.180373770893,1503.2726178743405,400.496097282085
12.244,2191.6328437039915,1873.739196714518,444.39506281834423
12.244,1935.347283003586,1682.1123710858512,437.79597952074965
12.265,2068.9091796342577,1640.8101382976645,397.3985587638734
12.265,1874.2143621672549,1681.1754729078978,408.85679015331885
12.284,2350.701900131717,1688.6523486497442,466.6861629698451
12.285,2187.2334861038516,1693.0280509815757,430.74773882635935
12.305,2379.968688220272,1722.5563939973092,423.91354328624806
12.305,2020.8811055414492,1618.4759891979788,370.34003514226356
12.325,2047.5201243090444,1737.692350671166,426.6648748893893
12.325,2262.2421206918802,1715.426111112658,423.87084387635434
12.346,2112.973716128426,1794.416033677309,409.7326384677629
12.346,2096.1838626288963,1660.8221795782806,443.89601962709503
12.368,2186.678444483825,1617.5554948738877,427.6562357414543
12.368,2331.9895530575504,1638.858433941582,395.1107584147887
12.389,2231.098158048074,1707.709099626707,427.63450686791884
12.389,2096.62627498156,1813.1940835809514,420.93520384339365
12.41,2209.4621367837944,1663.4545974526263,404.5237166384701
12.411,1972.8800214918097,1575.2273394925166,470.48361466845466
12.411,2308.856974229186,1602.1351420192798,383.50731206710157
12.411,1917.579469125158,1733.8066485894356,452.83196089101784
12.433,2009.0567541494604,1693.813417657839,455.1129378231815
12.433,2257.00377658423,1654.5004489945725,431.32682203182355
12.454,2176.8958718800513,1642.5212716381031,452.86598433301987
12.454,2199.6713721748256,1707.6853903355193,416.1429569624347
12.476,2255.898834597953,1682.950651046474,398.162843805927
12.476,2073.2741727400858,1796.2404195495913,363.83928283386336
12.495,2154.7488924607987,1707.6381790600487,440.97329670203175
12.495,2149.0963476608363,1693.4725477071606,428.66857874882345
12.537,2181.880361431084,1745.1575033012932,425.5277927901459
12.537,2138.8159346303546,1601.9585121310533,403.73064723388114
12.537,2175.088545382976,1807.9049851187383,400.03097631084927
12.537,2111.0088609310314,1628.6578801922183,464.09680634270734
12.558,2229.011766629902,1655.1346374406737,465.8425296719544
12.558,1853.4464904220763,1758.4118598724876,418.14385935162653
12.578,2159.2017830002496,1872.4437065851564,438.94380716979197
12.578,1863.7988288734427,1550.095935958646,464.15610719655115
12.578,2302.868442421118,1694.39644790278,417.2604623458984
12.578,1972.8532172037017,1691.098247473926,438.4755339041697
12.601,2025.2755895619996,1786.9649070786854,417.8570621438961
12.601,2250.7516025306722,1710.2501568390676,409.19588557523394
12.622,2008.5291140873146,1560.5678115172109,448.32593792315134
12.622,2139.5043009985625,1698.3508877444167,392.06784322782835
12.644,2175.2436372230263,1840.30628014879,405.8596852073091
12.644,1990.2208176410406,1772.9344316706436,408.78110100106966
12.664,1865.3768149862276,1627.6533318760949,394.60540767977045
12.664,2445.5768762362823,1677.614820056878,429.55751136119994
12.684,2183.781431307952,1639.8057508463182,427.2872990184951
12.684,2024.2827940574539,1753.2589414893453,394.6788785624644
12.706,1951.6935681716782,1746.7833104260023,394.75016190242786
12.706,2027.8623730103352,1509.170742679276,465.0780235400398
12.727,2065.2015058511824,1543.3964157993096,437.272099194018
12.727,2174.2615081583904,1695.530912178665,469.2334157916838
12.747,2270.6998612592442,1676.635876527503,435.8840902437756
12.747,2065.9587672022258,1693.199755601915,398.8431418988816
12.747,2077.5778942996403,1533.322103621245,448.4107099880999
12.747,2177.10278645638,1580.0082236899195,414.27526275578606
12.768,2111.686944943492,1742.8442974244167,431.0147801520829
12.768,2183.485217185122,1544.05773911839,483.1721162363523
12.788,2147.8443462355185,1846.7360733216383,383.2336243857712
12.788,2380.762676105393,1612.7239911161832,457.6001756856402
12.81,2038.096648011325,1487.962729512424,429.54374957729686
12.81,2091.0024143911496,1744.305046773428,470.3885699788743
12.829,2124.4756176477754,1770.7202884181065,466.5729351207584
12.829,2034.4709403261047,1824.9947120277984,497.64556035828025
12.852,2219.756742931222,1790.6382388574975,433.0609151077225
12.852,1904.6799121912936,1802.8658361974285,402.44564498077204
12.871,2046.9751491831582,1710.3258711773526,366.36552623854965
12.871,2212.0978097452435,1782.3133609564632,389.6922276966252
12.892,1988.7640859866724,1663.669085699116,434.9680660936903
12.892,2283.706738812879,1725.6769544307579,444.1889711417911
12.913,2232.6467716980233,1728.063603741019,408.04522329064014
12.913,2212.525893654191,1724.032283312588,439.33522358607644
12.913,1962.6142666324627,1571.623635838327,406.2373613166141
12.913,2084.5164753019917,1764.9975005553158,421.0807682853843
12.934,2244.3601561306155,1637.476596685047,440.64998511665044
12.934,2156.1472487618466,1615.0585822516837,369.524265459554
12.955,2243.5765696726735,1703.7639145079536,420.22986548943743
12.955,2115.119095412704,1772.9716692182326,437.14203323786734
12.977,2098.049498456251,1673.036354129078,419.22223051485
12.977,2191.641058570124,1607.105043315892,447.16297556861946
13.021,1969.484929030399,1750.3518605319384,406.9873299081185
13.021,2124.25484293938,1689.1885402397183,415.6803631029533
13.021,1983.4139592947674,1682.9192681947934,466.6971579687227
13.021,2170.821062588286,1795.7741019804248,443.0794922263228
13.041,1993.418201426487,1836.1996150547886,454.248564264839
13.041,2139.1411469151617,1677.481865369102,423.8874136264429
13.064,2173.2406524309176,1501.3530350049002,412.7934640506057
13.064,2109.912543465535,1691.406994498721,459.1230164524933
13.084,2035.4121051155837,1675.885317612876,428.2649824028909
13.084,2105.561238765025,1527.7938221756572,427.75790720543245
13.085,2200.0042447951732,1563.6345661001121,416.16124665726164
13.085,2196.6896264201737,1659.8253920024256,433.42507256626436
13.106,2203.670613727873,1732.3723153023275,410.8167583416158
13.106,2156.9485866836226,1705.6569822034512,426.79835578413565
13.126,2277.456792880233,1661.576930111317,432.5656549736898
13.126,1988.4843897348053,1669.9930825570539,428.6879979670725
13.147,2102.400172992122,1423.2542908252726,418.3270230638759
13.147,1901.5320781836588,1514.0927585694383,436.33777001469406
13.168,2412.889821524077,1583.2911633269605,418.154490757842
13.168,2221.264047613303,1858.813682215624,439.9805078208017
13.189,2135.21756505317,1692.8195844591291,417.86686397349916
13.19,2026.5952520303094,1658.917505820634,413.13657089118965
13.208,2064.772543174317,1778.4714800182762,429.289863651407
13.208,2157.671896658212,1742.1872378601029,466.78394175399967
13.23,2216.366095424924,1603.2013347177958,405.2664070551982
13.23,2134.838209798415,1826.1403120559094,481.4875938327996
13.251,2235.7380122740224,1644.0378876845484,445.1522821861751
13.251,2072.689727726102,1652.97353577167,376.88372865003805
13.252,2271.142273406143,1701.849854522996,409.7835995040337
13.252,2201.9381832179497,1594.0735350766008,399.3166486361109
13.273,2066.7898986455452,1643.8978013673768,405.8002868574544
13.273,1998.0825990798367,1737.3554667467079,431.7180656724816
13.294,2055.329715672926,1707.0886611102908,388.30092143000246
13.294,2099.778649475511,1725.3417023266547,413.0464816329037
13.316,2011.1436747824325,1686.8503612909385,425.3156067124368
13.316,2336.110004986117,1738.4209945864734,443.4371797518311
13.337,2021.6573124621136,1588.4199114855662,451.66595214193654
13.337,1920.8389471918038,1743.1022394746954,428.24703868087437
13.357,2239.2300660069436,1748.55046012957,410.19497914078033
13.357,2050.605716901566,1759.753397205882,391.62697529951265
13.377,2412.1073591587165,1720.0644124036378,413.609585821045
13.377,2186.5837904899818,1664.9532853698508,417.57836229247914
13.399,2031.1318129801477,1665.2810255383695,388.7410306209556
13.4,2048.353023271215,1743.0791666219634,447.65070828948785
13.418,2322.313978697971,1604.6206869967696,411.7328174843466
13.418,1943.5807792014034,1575.7655063208583,463.82321090060475
13.419,2236.080507190142,1569.7415136935772,427.53909144573345
13.419,2348.9504740911657,1718.598709108041,452.06056012661685
13.439,2042.264008296989,1884.542971775096,394.8991479743656
13.439,2078.6336698154446,1779.9911675705275,421.2996802557627
13.461,2188.631811359767,1655.053837274275,430.87645941767755
13.461,1927.0486691238161,1561.8401305014681,408.6708389781354
13.481,2264.3699191217074,1808.869530491528,434.98444760928743
13.481,2026.955453103816,1621.6125445513933,420.98151696889016
13.5,2325.8217030148444,1646.2970071117898,397.049561016966
13.5,2244.4288738498885,1768.6705542186435,422.4241579382754
13.522,2210.173492779184,1741.8822832960711,403.23188657391916
13.523,2180.0155666623727,1705.4658131791034,423.0231640272366
13.542,2110.329942728043,1635.7958054425194,406.7409523077656
13.542,1939.160330239644,1653.5792321870986,422.01139240518677
13.562,2011.945557754622,1565.4323680934535,384.4321929030114
13.562,2006.3056443603361,1715.790112125026,429.070692624294
13.585,2186.0590152152763,1807.8015992686749,423.0136069245158
13.585,2131.182196838657,1593.9147612376496,402.9375675513761
13.585,2102.067026506384,1722.1359008447398,422.01918570885425
13.585,2018.2897372707482,1670.8866702145056,429.8492538249009
13.603,2035.7248945119484,1700.5719866798956,414.12617394934574
13.603,2134.4864527203017,1493.0908462347766,434.90850130313504
13.624,2386.6861485665577,1710.8835099690248,442.49663710817356
13.624,1972.9822898767798,1741.2307976241195,442.5451919944467
13.644,2218.357605121867,1677.6215293295843,448.0635959215952
13.644,2147.797819464619,1613.3679973381109,456.8657841298341
13.664,2018.1418890819084,1611.1123733861414,362.2622251146245
13.664,2119.2214622696843,1753.3283522363872,383.9961338219121
13.685,1958.4934448689332,1714.862459359691,435.7314698723992
13.686,2240.443110518578,1841.184458098538,444.15756150175326
13.706,2202.4966642870586,1673.2736875644232,417.4837897684336
13.706,1988.7761348027143,1805.1843067296331,385.5012391429714
13.726,1985.4707789442389,1785.8620484183207,419.74961101038235
13.726,2186.256390073775,1797.8701858693219,412.5949160612509
13.749,2127.8237398031256,1648.6780838925065,451.1705355483323
13.749,2289.0098906525823,1684.9195769876571,411.43285607714466
13.749,1966.4807458548257,1793.1701274368697,438.6186826564352
13.749,2157.7219309288243,1544.6808512678306,427.89131888652844
13.768,2006.9209877549283,1775.6707319485122,412.0567476712011
13.768,2108.5373641320257,1613.5763013869457,415.51594041028227
13.789,2016.5127665087923,1705.9338657008407,405.1335189169225
13.789,2355.1953972362667,1685.7027013307147,482.3287297975335
13.809,2036.942355830204,1842.8363819894703,399.753984320357
13.809,2049.738390391384,1767.5971678639114,419.19970802968703
13.83,2154.322206794426,1804.3324671745872,433.635346940109
13.83,2256.852115170414,1643.5375777977824,378.8777410683216
13.851,2272.2625737383573,1897.9158970766932,472.8858762417374
13.851,2075.2084017733305,1601.1945134180178,439.723206756621
13.871,2180.6731398938005,1748.387992661416,468.783984480392
13.871,1921.3448236794538,1574.482793028516,432.5218045423664
13.892,2046.904526742778,1618.6928436352268,463.67823605239056
13.892,2029.48876336492,1666.6437795967931,410.47943628746646
13.914,2171.052875784254,1562.2310749497408,485.82831926089125
13.914,2032.4513611318207,1655.6016548988123,430.0652593307759
13.914,2088.997682331816,1570.8885591707,426.4360141114682
13.914,1933.9098694606516,1773.4013408531155,423.6297463536104
13.935,2431.923015954283,1732.3220026890642,458.79597489570676
13.935,2156.5565661787405,1847.1443824032115,407.95402681521955
13.955,2182.2408439199803,1623.003807896936,442.9059595691218
13.955,2228.4146786563138,1648.2338092008033,398.3824671653213
13.977,2180.0165451726757,1829.1731871184245,434.5300390880682
13.977,2196.4829686748135,1584.7960342134143,394.8876372721275
13.998,2021.2375993199335,1738.3020401336169,444.68733824168936
13.998,2072.017737832639,1761.8838952858653,433.36220604980554
14.018,2284.2907320607787,1660.8449041605243,451.74823099118635
14.018,1966.4936549074457,1796.3478181996456,405.64768640340276
14.04,2102.134274456614,1544.7158682986205,443.4574553201214
14.04,2029.9645071453565,1648.0232206144626,450.097477319368
14.06,2029.824116943056,1626.4911612573421,456.5132045785373
14.06,2038.4710679190096,1573.4534632809532,438.29712936010054
14.081,2125.717788221741,1780.8144132256384,411.1097236249217
14.081,2124.7199810946922,1655.2243663740421,411.990509871553
14.082,2224.183826564754,1652.9519880543917,386.7073105640323
14.082,2143.2772704839977,1790.1824147274215,439.70476280447105
14.103,1829.3399651610828,1741.1178425955281,456.394128128005
14.103,2182.917335143173,1668.013490973458,402.4117796186672
14.124,2272.1174591240942,1771.1443002462713,384.719779612237
14.124,2142.222618554699,1842.1594497477606,466.51021317630665
14.144,2185.2079177587643,1581.067192234651,378.73620011321793
14.144,1955.3704533133373,1642.9055588609651,443.82813630273733
14.164,2119.039116989306,1718.7723456844576,430.3229424467551
14.164,2029.008644393691,1755.627017004395,428.9286978087853
14.184,2190.963758918242,1801.2103077860384,456.77073623603115
14.184,2056.2498449752675,1776.6960403340047,389.5634601124225
14.205,2129.3514598270503,1784.7959458155242,415.22420174598665
14.205,2152.2076676033575,1876.3869326460047,423.98732408768507
14.247,2315.9039780903804,1750.4337690747373,417.33868618084784
14.247,2197.667666475672,1776.2002131071106,456.38296308901613
14.247,2152.688116356233,1572.37168315096,419.99316783075983
14.248,2090.049249552974,1800.0942086523821,432.6986257164875
14.248,2130.0198872085575,1677.3504866604171,466.85559673871126
14.248,2084.3745589643368,1573.7967443312157,451.9178844285588
14.269,2055.9474287630633,1672.1990265152142,470.36314646594974
14.269,2119.14092060571,1602.1744523370405,417.7312665224362
14.288,2011.1587234812112,1623.2092656869563,425.03210852316147
14.288,2153.797578901167,1740.1677997607856,478.72790515121693
14.309,2248.6837453780645,1585.8100817617346,450.78620159572347
14.309,2240.0193292964927,1634.9331247767093,407.00363034367086
14.329,2125.4859493621443,1623.4247533822208,473.7144037617226
14.329,2362.7748471902732,1752.6409013515454,387.4400189761147
14.35,2078.948663310032,1637.465070288079,466.69384475120074
14.35,2049.0116949237768,1734.389685046879,472.8049516985811
14.371,2006.7549883299648,1607.3122250562453,420.41086144851494
14.371,2357.8666424455246,1770.49802011626,408.83273836356676
14.392,1970.0216012908174,1531.101251397471,397.8573863646181
14.392,2174.6980674320025,1742.2576291361627,477.4349480855914
14.433,2268.850839476069,1485.0232001429606,425.9739855393134
14.433,1973.1122566470294,1953.7055941004444,389.9605833560329
14.433,2287.0803139722766,1755.2625562923115,439.95772707409446
14.433,2088.800276853224,1877.2692747621631,422.70066317372067
14.434,1838.7017480126572,1772.4186256875093,432.76754533832025
14.434,2010.526202430431,1864.4577941888135,405.582953724807
14.454,2120.1008154016326,1734.7726048754405,472.1987943968847
14.454,2200.6030437410773,1684.8394488332963,472.573499832775
14.474,2283.1448241317853,1703.2172577306121,424.30004189574026
14.475,1927.5009536190216,1754.9993453500433,382.56548605989207
14.495,2282.415109802847,1739.5429929703873,409.05361637086304
14.495,2054.2894880586473,1618.0272787678095,470.1606394636549
14.515,2099.2374575534677,1721.8248055718564,414.99891252633165
14.516,2064.6102354375084,1595.6141867202214,408.36874628646495
14.557,2212.868002844303,1798.9566504752215,433.19226237028255
14.557,2148.2210126698305,1596.0590235316013,451.51901420634033
14.557,1898.7846758811904,1636.7625940140938,426.5857007995659
14.557,2051.8874894001697,1612.4646095609248,444.040539687772
14.577,2153.763747625007,1631.5258641076907,435.46321061769436
14.577,2185.7742751281885,1667.2084441368147,437.38743461640667
14.577,1918.3451948823297,1773.738917085156,449.18618556604883
14.577,2123.5736369562023,1533.3146949981865,423.18536763565294
14.598,2103.6765401639295,1989.2608163213574,409.9814653018536
14.598,1977.60303133228,1646.7597332394373,492.4678940903806
14.619,2276.593447376229,1486.0921280203643,441.0841757252331
14.619,1974.3831852572011,1722.583789763173,421.9639974311542
14.639,2001.2090921990732,1748.8669262323044,413.0906371714317
14.639,2202.666213729807,1689.351839716117,401.50392748074586
14.66,2119.0592470882434,1573.259072061595,467.1891234636963
14.661,2048.417602039348,1579.532694441664,434.55907104855163
14.681,2248.351918176397,1703.1906721501252,428.294942998732
14.681,1833.9330991198638,1727.1361679067463,472.86648682120733
14.703,2191.5782015831705,1802.4466805871116,432.4298346139179
14.703,2315.333079698968,1824.3771416865382,498.2520671480698
14.723,2120.8205754526357,1653.4631637524824,412.38809857197555
14.723,2145.4238588823832,1818.2801040630093,428.6868816755323
14.743,2179.5762579806246,1718.8884110237288,442.02547176040457
14.743,2082.814530785289,1639.8540564007967,456.93566648697026
14.743,2109.831177806163,1709.9027341450544,410.6165713962839
14.743,2125.4927960452233,1577.8525625679877,476.022932214056
14.764,2047.8389789639411,1746.7346933516155,390.57786437233943
14.764,2308.195749024062,1621.1621340636868,418.9078980773805
14.784,2223.559364772567,1844.4347350125015,423.46773998264564
14.784,1994.7329014832062,1786.7996704085497,441.99399792736546
14.804,2108.103077298846,1801.6865916558206,438.65861233491887
14.804,2271.9028679235416,1573.1492134517634,440.4307277911146
14.826,2186.5295399928955,1795.7274944554897,468.8825805193405
14.826,2191.9247003182577,1706.3442776096838,452.57343035256577
14.847,2045.1750637617092,1760.309581328888,408.51496371397997
14.847,2062.3158157191074,1677.1152962313186,444.75031206481293
14.869,2240.8708541446867,1613.9053296290163,447.6222899891465
14.869,2204.534155825851,1914.2623988320922,432.763799742544
14.889,2217.814745999634,1645.4580510166434,402.54002298718945
14.889,2107.1088813500705,1863.16135722943,373.13715373735465
14.909,2182.8896897560544,1868.3007600777216,433.22031060902367
14.909,1935.404872991842,1636.6487237091478,446.45093492175215
14.909,2217.4654213781164,1908.0020770605574,436.9114736968806
14.909,1964.7685734176825,1688.7712470915699,448.97376188150923
14.931,1959.4133880031409,1662.228299235034,464.6211552315113
14.931,2086.6711648786772,1646.1611328100214,459.48442508679574
14.951,2074.02888088164,1700.9435757034853,466.5670996856798
14.951,2163.324569702638,1678.8901904848929,419.8906350534258
14.971,2162.23606558882,1776.901162895077,379.82214265876735
14.971,2202.294189019438,1671.2180710018613,426.68874844886176
15.01,2350.24106593443,1652.0351447744108,392.1797768640994
15.01,2240.8830060620116,1819.5633376505814,397.2649333779933
15.01,1927.6142694009259,1595.2140459134391,470.8954460533238
15.01,1957.6207915033056,1799.9921666371667,407.79703479754266
15.028,2120.1578263879724,1888.4937051070688,406.18805917327495
