Time,25W,25X,25Y
0.008,2260.422277805957,1640.051035467434,430.3650874583164
0.008,2055.4919643148733,1661.8776047709248,452.7904657798408
0.031,2255.437798175026,1648.1423541622162,388.70961360386036
0.031,1948.1528189822875,1624.9044825124454,430.6990888860112
0.032,2244.863173823768,1784.1183756433988,449.55507805591
0.032,2181.997483935597,1765.8288299084477,465.31775787615715
0.058,2199.2576174070286,1820.5471833320312,474.8600060583793
0.058,2180.9289542129786,1600.128418658519,426.4798632740581
0.085,2222.0728501101576,1760.4696119709608,417.56529853535113
0.085,1928.6397964839841,1692.3643381354045,474.643942967374
0.085,2205.543990420807,1761.7046339204069,403.19920018068433
0.113,2181.5008970439685,1953.3054915555006,427.23371220436417
0.113,2017.3713709408341,1823.1255139395405,462.8203463019981
0.14,2060.7530837070153,1685.0913682044777,394.8884819138913
0.14,1865.5057411515486,1619.2141518280996,449.84941677350866
0.14,2372.1079802765707,1862.543645915012,457.57204979904606
0.167,2042.3929900385526,1753.7956725984761,462.77284307197067
0.168,2218.3318560881644,1671.1214744961733,405.92346527096436
0.194,2120.7268312489728,1523.0688885817729,409.01105890840023
0.194,1857.5635694045502,1685.9839094695753,394.35698277830795
0.194,2214.4188541599347,1639.851650601644,475.8818447052548
0.194,2038.5760861991646,1694.981703569683,461.37456037502517
0.219,2101.14863938976,1784.5323359301526,489.24518404258737
0.246,1843.2081443433965,1803.4652446553305,450.40872910874424
0.246,2028.815198271344,1480.0036952679154,453.98381910280887
0.247,2040.7155887401007,1736.3217879905467,423.49015727253
0.247,2265.0311701354076,1567.1749585224275,416.2551356800879
0.276,2144.77339321199,1829.2287043862061,453.9942644518078
0.303,1952.5708337350375,1738.3255750507724,400.00343775137515
0.303,2361.749392742189,1639.661043028276,427.37928353961547
0.303,2118.62362277839,1915.6829067872452,405.8979528797683
0.303,2056.0844486890555,1891.4008479450686,420.3429615711163
0.33,2358.663796713226,1514.4175860252428,408.3531331796877
0.33,2199.1509806466615,1516.1826657530482,422.9567274147836
0.357,1960.6701834778737,1482.0664077291349,429.5181700296142
0.357,1697.6151308836368,1678.5956234684247,419.9246543926081
0.357,2275.2954228983176,1661.6225595391807,441.44593478359155
0.357,2094.0429417831456,1817.8984570028138,436.1712404101825
0.386,2092.4699042268953,1620.1879786209668,443.8680355625122
0.386,2107.3675833238094,1763.0792962364294,415.2813026573226
0.414,2182.5587442784886,1838.2133557652821,462.7974196820879
0.415,2125.8670664794513,1502.408471390439,440.8361597418917
0.416,2237.750222054199,1797.778683671978,425.78383350023296
0.416,2086.2094946069255,1703.6591723413794,393.5529589124963
0.442,2093.7131628757375,1687.5706594574785,417.444385504244
0.442,2066.5653900782595,1692.8202172202725,456.3418779242913
0.47,2241.0835894367588,1725.6401942758816,441.2624324466245
0.47,2016.1632791988882,1629.4187616444976,433.2314148387791
0.471,1979.477537912546,1685.16286169403,413.2819503403079
0.471,1867.5770342208502,1353.7638552909202,457.43796168962194
0.498,2264.386704405936,1537.0783029352622,354.9053841681696
0.498,2256.07942647904,1774.8606314957563,403.66597901724555
0.526,2143.592693928004,1804.4522774698962,404.9295417870957
0.526,2314.998418958845,1691.4610393931484,438.3218818110591
0.526,2047.5287507420942,1671.0788062941133,465.5004857734218
0.526,1920.5324411521256,1655.9011389586653,458.5164549457743
0.555,2018.5753928448214,1823.1577102116353,455.354431001148
0.555,2120.53897033536,1760.5805222615725,444.3271960322389
0.582,1938.5913884302993,1657.8320285500877,429.5677163181379
0.582,1993.7205063297222,1795.7254841214922,430.02670257434147
0.61,2233.192656547509,1819.6209078495135,418.38580227469026
0.61,2129.0930427049334,1764.5078774166761,461.49718982072534
0.61,1992.1415115693187,1846.5836056344478,441.4762591610565
0.611,2181.082215294893,1844.5964543544044,474.4517618490598
0.638,2069.332098716676,1582.397974542524,425.54836572934863
0.638,1888.2702604721608,1662.5131318984495,413.37080922301277
0.639,2298.366532428908,1461.102747784096,384.72630054294217
0.639,2220.2412583350874,1515.7154188301517,456.7897147607228
0.665,2357.4926791311927,1717.5464955462253,452.48224545826963
0.665,1873.3735174472913,1664.9731529537974,409.22503849527044
0.693,2013.7295573845154,1785.8912530468176,443.08200647158526
0.693,2141.7578616483192,1699.9379555953465,464.1004143969951
0.693,2317.0213394451107,1771.7855212691295,420.2077832425208
0.693,2343.5692011283336,1710.7453685951348,456.4422510691117
0.72,2123.8485880029366,1621.711001634814,425.43643257050724
0.72,2241.841194080059,1752.0948966337105,416.1262839655512
0.747,2181.953743788677,1791.981796587705,434.2538174781479
0.747,2233.4856310051177,1773.8799258916042,438.14685564565576
0.748,2164.9985035423497,1629.117789256228,391.7930160891085
0.748,2289.8703410752464,1700.2914950693544,408.6852410140068
0.775,2140.5918531673287,1749.4094641700394,429.51098817805473
0.775,2320.9626998481876,1821.663039649859,475.94152257179746
0.809,2244.760226968564,1776.1341841327067,421.066660836796
0.809,1978.2250619573863,1807.5362243680759,480.6214479509324
0.829,2314.5014174501835,1625.9340700263142,405.26494119381556
0.829,2214.953062587221,1611.6645554421693,461.02125050900156
0.829,2048.9403750559786,1714.9337887570152,372.7147089755108
0.83,2132.8251757643393,1684.8160729574188,388.97484611928144
0.85,1918.5024138257218,1776.406294854287,393.61128518758727
0.871,2301.571165671697,1470.6421503531876,427.38121757562396
0.872,2173.433722546428,1702.3087660211438,393.59499897835235
0.89,2080.017113437866,1832.1698304497918,422.9948939711712
0.891,2153.385616143143,1730.0129966882919,389.64671219056845
0.891,2016.1698741547732,1676.5075787958378,395.99974398953407
0.891,2017.8165035251832,1511.5373595706342,463.8526886130787
0.911,2207.200024376168,1736.673570567397,417.18231103889946
0.911,2314.8669017465677,1683.050947263404,493.4991237911536
0.932,2081.188018961234,1660.2408755854433,399.9197256238098
0.932,2238.21244308319,1807.7220124356,511.3797571403122
0.953,1981.2693166862807,1705.414995011631,443.90683907554916
0.953,1852.867245427474,1795.2689156542656,436.0034928405717
0.975,1827.7138227944567,1677.520753659781,434.4206637317918
0.975,2234.5179870059733,1633.5981432141766,424.18268108694303
0.996,2151.024075924858,1618.8220014264439,452.12006759999554
0.996,2131.9387056486203,2030.1407521471924,406.8134667766147
1.018,2016.5341290324343,1530.8375037537187,412.4682428493395
1.018,1926.8785464429502,1701.7656404224172,423.3909222877935
1.038,1972.4910319246305,1684.5281771392843,445.41024429784346
1.038,2123.8422583822685,1674.4781601991065,445.62711888543737
1.058,2298.150850862519,1472.1768172925956,456.37216724675073
1.058,2201.4627544783384,1545.1766463628096,437.9365753496839
1.059,2527.7605195126152,1719.7918539345442,397.1949644736382
1.059,2052.8652174575,1570.1882048108016,426.7416154678789
1.08,2510.123355634729,1711.4968210483041,456.92846004265243
1.08,1780.2100744840657,1754.2085735315366,436.2831362958116
1.101,2304.998167572132,1517.2650484847336,448.7955241114447
1.101,1741.3953791394397,1625.6582773801974,378.11965512817227
1.122,2400.6327141928227,1523.7836139514118,429.54552946211567
1.122,2034.9899758706501,1602.9977902052462,408.2841725629923
1.145,2283.5171156161778,1587.1286133681335,398.23543051933535
1.145,2123.739502276754,1804.4740100452905,410.78095869951585
1.164,1819.5264648938419,1748.6771548949152,423.3405120639589
1.164,2117.2026321890344,1770.8169398605364,395.60743611813126
1.185,1978.4859117783521,1740.8831422673456,459.3667605040941
1.185,1960.6078213763715,1559.6675210006892,453.86333484111753
1.205,2092.9989125460897,1617.355378589614,366.1382288837209
1.205,2064.809205951742,1614.1236287209897,385.57398491324426
1.228,2071.14654553419,1706.246722498677,451.0850035788863
1.228,2012.234830818587,1817.1695519487769,397.2290897350874
1.229,1709.030058327823,1677.390328647542,442.4047510151118
1.229,2092.3805120473116,1631.9916238551396,493.19362228797803
1.247,2349.0057824626783,1635.216445709886,334.8838055296951
1.247,2215.534893520972,1590.8755981435997,508.83818182867435
1.268,1981.0085521378523,1736.7939645253525,414.48833603630845
1.268,2031.4116540087323,1657.955025526878,365.85459235600314
1.289,1928.4361001780621,1385.3671135545633,416.1724080374482
1.289,2002.495404428576,1772.328550092471,431.37938340694046
1.332,1911.9932961509526,1843.3178273324015,448.760912002938
1.332,1927.6603988419752,1737.7545451497163,451.12898847086103
1.332,2485.6193534307426,1736.1351544117997,413.92588744436455
1.333,1992.642377257751,1770.6284388177103,475.500089755961
1.354,2111.4930564990054,1898.0133931569849,404.4133712997361
1.354,2295.379046256541,1790.5918865404192,406.1379744472339
1.372,2202.8807973671196,1678.2793378414071,470.39145475420975
1.372,1922.9737734360576,1935.055926976154,434.8888029569967
1.393,2155.4555408471115,2070.907019384369,432.88318806449485
1.394,1982.345027454832,1591.5541804206885,415.599528220436
1.394,2059.3255422767024,1839.8086045889488,461.0675329966507
1.394,2182.6319975478,1886.219841522306,418.7397347047766
1.415,1920.2343619770586,1641.4236221567276,433.54772736492725
1.415,2127.318906168003,1896.3919752791435,472.3442044872986
1.435,2242.9381463183863,1652.1789947674736,438.7613392007759
1.435,2295.828100933526,1650.7811141347293,377.9971429997887
1.457,1930.5480571282865,1588.2726845829247,433.6774093942666
1.457,1946.1094141538692,1727.1202427187409,446.599947895414
1.479,2162.972796559981,1877.8413036945904,423.4254471103451
1.479,2239.1140647778075,1564.4488414484636,449.82357752387526
1.502,2182.199184105594,1823.7353010739707,406.3889875697843
1.502,2076.153873974277,1718.5973829375625,411.206586217446
1.522,2200.7986537764327,1599.330316648448,427.18671781769933
1.522,2307.181997334749,1802.5644650329127,405.2251005412127
1.542,2269.028500485254,1779.6691003040335,371.25626456201877
1.543,2185.06983755392,1570.0730074446656,404.08115935630815
1.563,2243.3547078842416,1687.6987147837986,456.0917625650143
1.563,2091.2535308528013,1564.2949804706338,371.63402944884245
1.563,2007.7944454071394,1594.4246667535308,445.1355551436437
1.563,2269.8988746489313,1657.9931510912538,411.4449376004908
1.584,1930.806349250006,1607.3447884067875,488.2457423153834
1.584,2187.0207111874884,1761.2723865743599,431.72660876217225
1.605,1908.6852392461494,1725.7632887136124,416.7033933214294
1.605,2344.094511109404,1608.7094299863752,457.3365516346413
1.627,2165.3790397518483,1697.0091701064807,408.795461768853
1.627,2289.6951916797757,1733.050742324331,433.3540391620158
1.647,2197.7024810870043,1911.294285106751,406.87488740974067
1.647,1886.800672554169,1665.6376891423083,430.44090354613286
1.668,1987.053635721277,1662.6228719581807,472.64170876327387
1.668,2023.1245819419617,1841.226148379157,478.23059423776516
1.691,2234.2742069181545,1608.8944081505895,400.90920534361317
1.691,2021.1618767393195,1588.0112890096098,414.6829465906482
1.711,1865.8090323859592,1792.1828045884517,417.92212540051406
1.711,2157.8214744494576,1664.0163961053424,433.81962388501233
1.731,2091.643508092607,1489.5022177473852,374.2950164618138
1.731,2417.8656540103725,1739.8814844330243,372.17788588451174
1.732,2147.942378375681,1650.861411993358,476.8274020564629
1.732,2056.2354093922495,1620.5658220196656,412.3134326756072
1.752,2158.8553270090392,1592.6880902115738,425.0022710525799
1.752,2176.4758795260122,1907.9754050406082,358.49945494948753
1.772,2100.7369302697984,1793.1466954269144,432.37785463439127
1.772,1779.279755219341,1593.9355022424693,413.1463851089613
1.794,2278.2259988880737,1416.8458026337748,445.6216637735584
1.794,2233.3638231474315,1710.4627417084857,487.18518536751594
1.815,1994.5940299435656,1915.7009422641024,356.0761592019387
1.815,2451.019421162335,1597.4551919718715,449.6466180945976
1.837,2159.93014300161,1636.1710015535623,436.0992186125899
1.837,2157.2661406509196,1813.171018802444,436.07762836064757
1.859,2227.7216209855505,1789.498802130035,436.1491581576373
1.859,2030.8802130799754,1705.6914776472388,486.94229326084957
1.88,2201.8914706969504,1803.3974648549006,460.39360112097035
1.88,2154.6194693696025,1661.05600488693,493.6797526948807
1.899,1995.3452270432492,1841.9543951720054,388.22376879652796
1.899,2238.608055516312,1753.4270659873155,423.33375869708965
1.9,2147.9374525261383,1525.0669875376614,432.45320017713715
1.9,1981.1474843040216,1609.052190065597,441.1998972466226
1.921,2257.396795680624,1595.7318263892587,406.82934451012784
1.921,2055.6078277299052,1910.2700484210752,404.6319870847453
1.941,1974.6422985435433,1669.1502863049852,377.96690486303027
1.941,2344.711752917754,1641.7351203177666,434.47980336581907
1.962,1973.8110629455539,1806.8219934594247,433.10935067608176
1.962,2345.5354390401944,1775.8096277247043,401.327318803206
2.004,2283.86205713531,1799.5453511747785,439.1197315829379
2.005,1924.5761415290551,1804.1027112463646,430.45553248649685
2.005,2116.4175967765777,1901.8465585887757,341.9149243715822
2.005,2414.416830692829,1659.6528722039814,402.1696356754069
2.025,2128.93570359896,1638.1884503001966,391.4226155512981
2.025,2035.0877161484545,1621.499134593203,421.71738171475204
2.045,2043.3596841927813,1586.7123700443692,406.8533001739898
2.045,2152.766754468322,1657.3863510965584,403.4925244710144
2.066,2119.9384058700884,1727.1469773416197,423.59322165163525
2.066,2332.560318698665,1655.5214977910523,465.7059282769352
2.066,2176.265630349602,1584.089505963721,407.83156067364223
2.066,1988.5997335033544,1598.2856855732894,415.558631686398
2.087,2137.3416392787126,1507.7923638476389,492.385407288061
2.087,2195.2368929511345,1582.684683382041,426.37901192009167
2.107,2019.831896441639,1574.6868709611965,405.09349428534824
2.107,2179.3550252273653,1515.6179936259423,417.43433652398886
2.128,1915.9211655667316,1649.886124496081,487.75183138004655
2.129,2014.8019480179776,1564.2214022017097,485.5349979968194
2.15,2128.7979377834613,1557.6117390736392,439.5035356146571
2.15,2099.7865737863613,1607.4754765902471,413.95170766720855
2.171,2167.6815319090238,1816.9675706408593,446.4690888678956
2.171,2263.9343767267783,1616.0301366017477,485.8250479623153
2.192,2293.7159842752058,1542.1158716166733,383.18680411272175
2.192,2290.296520825533,1720.8207369146608,474.94391798114106
2.216,2099.430257595611,1761.992300801099,438.516875783188
2.216,1886.0057927959149,1586.77854419532,410.02882290184465
2.234,2052.414477347543,1526.1658332789054,493.45774423322194
2.234,2247.2970716728405,1566.1758632514343,421.19727210847554
2.234,1986.2702095448162,1476.1078871987345,461.51622297419914
2.234,2233.6205047096173,1532.1072651825705,432.524532421964
2.255,1976.4068304978432,1566.9809010359397,400.271593403028
2.255,2232.7370516734086,1599.6452612703802,436.8879540209234
2.276,2171.746669831085,1648.6215131201536,468.07969800180507
2.276,2083.856521998585,1693.322183957287,424.29829912077327
2.299,1938.4024106725162,1560.6271995119591,450.64794388152666
2.299,2189.3891430981184,1518.8835141680788,390.10055558947465
2.322,2389.6944480863885,1486.0343203679197,463.82315787278776
2.322,2101.405334108845,1439.1972828760959,513.0785430653975
2.342,2086.710124695804,1616.8118900297418,444.0630272181674
2.342,2190.607297598356,1435.0890666058808,474.7424504666801
2.385,1981.5453287695482,1574.9683035684372,440.5994138040918
2.385,1997.389155292587,1407.5623014806888,362.17575430678284
2.385,2095.451552802171,1569.3838005149223,493.2228277447273
2.385,1893.1500566181699,1592.001603549691,432.2742484721654
2.406,2043.491579276558,1340.280137843556,437.8420477117933
2.406,2288.7056775630253,1512.9556257556137,444.54823426662455
2.406,1866.0877769035258,1488.777005156327,411.9708291886427
2.406,2087.9319908469706,1659.0445737668379,395.3284544447101
2.426,2151.7808837341663,1385.5706407192674,462.6960042715376
2.426,2173.3067048136368,1488.3545350965408,401.63239256413107
2.447,1739.4121065516263,1384.4587540296654,438.418302280926
2.447,2240.5674897803683,1569.3110178262186,460.19819187018726
2.468,2373.292936587944,1454.206363508473,425.56807620362497
2.469,2031.8012770278717,1541.0598606743438,476.77202640711903
2.489,2147.6321677504366,1552.1599298031183,482.0161322582751
2.489,1930.3999044172801,1631.558918029849,454.2336134917655
2.511,2032.4886576227752,1549.304212993532,472.4710729676401
2.511,2049.9526067175834,1498.18295030128,453.3284317496504
2.532,1942.974685375711,1702.7496058860609,434.6913719876233
2.532,1978.9410550207883,1530.064405655631,460.1412781184345
2.553,2405.183233489208,1479.3411560639415,467.07470496861856
2.553,1986.2874411932507,1580.333290662284,451.2650020443099
2.573,1963.5022417422624,1615.6833135191748,468.3989883556611
2.573,2056.2224060117464,1758.5277590780788,454.6752694399047
2.575,2310.8526547183187,1451.2405518393555,432.9036903088287
2.575,2057.0583232863964,1535.2704361508663,481.73782028470754
2.592,2085.8300218692625,1504.0758886579815,426.59523522920017
2.592,2465.452046716276,1656.5998926117059,384.0822538493659
2.614,2093.1458979778135,1739.2384284333398,381.6271188915423
2.614,2316.4770971573375,1679.283245831528,494.39143317730037
2.636,2443.4302633737375,1593.0595241160527,490.1586173528211
2.636,1914.425145968676,1629.0164011110355,482.1732896070551
2.655,2011.6005710454008,1467.4949198999475,533.2823088987714
2.655,2146.6538215614364,1655.4859685032866,448.59121970628746
2.676,2153.3060354175236,1290.0046907734295,510.3642742746785
2.676,2349.900000460434,1631.2817954160892,422.408888670367
2.696,2364.3399734816417,1611.8974398175424,440.64523965125295
2.696,2116.2241507900267,1624.8367897333005,496.6559262414777
2.718,2176.27519932718,1725.4388865498777,432.44357861504346
2.718,2110.125264276223,1500.0012557126731,485.39429460256815
2.738,1921.323824539423,1648.0190254762726,471.545305522556
2.738,1906.857208901852,1523.015933581962,458.1638753439762
2.738,2161.821683988867,1470.0641347820458,475.28557336584777
2.738,2107.1936220112716,1750.7247655505391,420.1211984836011
2.759,2330.7323947117125,1490.2336682919847,480.6835998975979
2.759,2134.3810979138984,1531.8105436129915,395.04224576650967
2.78,2415.4456972749413,1745.271470951344,406.1647960529348
2.78,2094.211623597041,1552.6957239151402,496.8278120806204
2.801,2322.946198253508,1800.6416165956653,417.11590898368183
2.801,2296.9120669837316,1528.7967891448689,487.54382298576303
2.822,2217.1970686864142,1622.716704926896,440.106839252035
2.822,2085.7582315400705,1450.9289800598324,400.3600056306771
2.842,2095.4310086211144,1439.23706234872,397.6497248970057
2.842,2037.795411278641,1640.9249704535955,409.3081100022292
2.863,2368.0273522186117,1596.5477653556889,434.4893683587709
2.863,2166.546623915328,1699.8399656269335,423.2496531588784
2.884,1972.940703247809,1461.5510364901713,449.3494816306462
2.884,2083.8530241422563,1456.6570678625235,453.1761311164979
2.904,2346.1428795353268,1643.3307748054829,475.37751505159497
2.905,2234.5489638634836,1469.3414098865292,413.5907638496498
2.905,2275.053727273361,1448.0262153635738,479.16629803768325
2.905,1982.234797230365,1267.0356610756248,438.2904101054284
2.927,2010.7858821277134,1465.4213533452057,502.3210084055586
2.927,2045.349196201753,1321.033315872291,482.1051831845439
2.949,2300.3004705330027,1757.4458826805715,459.5256686431481
2.949,1891.4591905605764,1408.955572837053,454.8757917149397
2.969,2269.739205413225,1779.7967131521596,492.63424880073256
2.969,2061.116699672301,1340.853961132147,425.0348004889098
2.989,2019.268399096203,1505.0121468553104,478.78078125510774
2.989,2388.448212971596,1722.444105653435,492.1825842074615
3.01,2114.950047316228,1529.930307940739,470.6352541014626
3.01,2101.5568077825783,1605.3775995009262,478.3987944567793
3.03,2249.3063382620603,1402.9823363039302,490.4369148025735
3.03,1923.1882366500738,1464.1007636277711,422.3168789231322
3.051,1952.072863369253,1432.4343602318393,506.1539429075052
3.051,1995.0575017652834,1436.0282300701404,399.12220604402387
3.075,2237.0572437386813,1523.375118598027,456.2412025541284
3.075,2139.155936487217,1316.463286026922,476.59700872359184
3.075,2221.586331912357,1534.8716616220177,442.25548213778103
3.075,2121.1500728969477,1469.3423872130254,439.69048229064833
3.097,2096.033799558714,1450.200952175471,485.4490347422906
3.097,2242.1960315480815,1246.5578985166376,425.4484017451729
3.117,2164.32374688736,1469.7204156792332,487.5590068731914
3.117,2143.3708374252737,1377.0616393947678,465.54878211766044
3.139,2261.696056254641,1558.228705535297,474.50495644644775
3.139,2061.2639759652448,1525.8762464643862,477.33056938605324
3.16,2400.426820778631,1520.230615170121,437.31591115270794
3.16,2119.506366122633,1501.9857768898903,495.99927445562025
3.18,2053.732400704508,1834.4750924762493,488.6833508866542
3.18,2215.2515275360433,1590.1923659920567,497.0118633737925
3.202,1908.8853983567274,1488.859942374637,422.1885143916388
3.202,2003.5669593732728,1618.5004679439705,446.3010289428576
3.246,2319.929422040346,1435.3716972306581,400.27586317126014
3.246,2293.535017117318,1767.7604625369547,442.64729453452395
3.247,2191.6873324989383,1507.9651215659942,374.58587631062636
3.247,2109.291456384775,1619.7805934882253,426.8819619389318
3.247,2133.120961138216,1467.6335819752603,510.2351021710376
3.247,1993.0574505880234,1554.1843779099672,474.3746972127436
3.267,1941.3975453560702,1287.146255197388,454.9863687440175
3.267,2206.8240006400956,1628.436270943266,444.91116536945555
3.287,2365.9016088177955,1677.538640429069,449.8761389370601
3.287,1860.0264104773405,1543.9881431327985,530.1305702218331
3.307,2326.3147554233065,1202.5270811605753,468.5325213713645
3.308,2658.738942431586,1470.7236489034508,434.30682191465974
3.328,2183.635968507523,1597.3344482334885,454.6227227997678
3.328,2187.5021934083943,1481.7968971077787,444.34399778903656
3.349,2051.5973964823265,1582.2118308308395,437.92150707569976
3.349,2036.3575643590298,1690.416322212331,453.03169620489615
3.37,2232.277578907449,1457.2373655135132,471.1319779392602
3.37,2088.199796464559,1494.9391663672561,450.4702956987359
3.39,2124.1790550159085,1546.5557124330676,408.3321004965421
3.39,2172.748621972927,1654.131869693835,409.68147906048887
3.411,2277.9033248698424,1596.045629834128,481.3158309641803
3.411,1790.3607025482434,1378.9791232970888,457.90603645003966
3.412,2217.6627188885595,1493.4361522323202,422.9045797567957
3.412,2175.3502571462095,1394.8545689576545,517.1433201098624
3.433,2024.6351405289417,1495.2698678521062,451.03696245061224
3.433,2292.401268679143,1530.1971309448152,454.3754395265273
3.453,1863.6361035785742,1507.8216678891895,495.4146266118427
3.453,2281.963628235983,1454.7953869878054,492.54856157267926
3.475,2286.2444584429295,1434.760242724504,482.7503176305679
3.475,1904.2007434140592,1498.3240534735264,444.54934535099517
3.495,2345.5710480779508,1339.864103848859,493.2348433977755
3.495,2115.14176382911,1631.5771477504875,411.52312653545414
3.515,2382.439188588479,1403.9334200221872,480.9780193586
3.515,2136.4423244045647,1529.1430818871227,480.63932713716866
3.536,2192.5316111015304,1546.088810463986,473.50889652361326
3.536,2074.742184926826,1668.5258658041867,466.311663902229
3.558,2054.3139386043517,1391.5486192478954,397.7071562493454
3.558,2303.675003066847,1445.7819719029396,462.2468757685792
3.578,2221.620887723926,1617.127222128581,441.4447449663124
3.578,2415.2821232456795,1383.4961820350868,447.7466830484629
3.578,2154.0710791397214,1478.7676010703585,507.97341264224485
3.578,2360.258056716629,1271.485542334738,439.067073125632
3.598,2154.9097942694193,1453.295393801737,466.13529622318043
3.599,2222.5156614084217,1476.5109937748687,432.51173836906713
3.62,1899.8654344455053,1596.1521888990605,478.95873700348784
3.62,2006.6634662351337,1486.6465038104468,507.3152048206652
3.639,2223.371038117231,1261.4084058933747,423.1643224943213
3.639,2191.1611947861916,1389.586384857755,464.2488174012876
3.661,2241.1858456129435,1649.500016889834,496.135479138068
3.661,2228.2750809471286,1691.9843469162756,436.02642986090586
3.681,2186.325756837547,1390.82344768356,454.08129766077286
3.681,2016.5144868254336,1477.2583816520616,512.064398495802
3.701,2105.125601381122,1509.977228672664,406.72646903311903
3.701,1909.2476045212807,1693.7226724538482,438.9587002773361
3.724,1966.6537141344197,1616.9562492154857,489.3772585286761
3.724,2131.428929768919,1551.1260087829437,518.2625055624429
3.746,1813.497033366266,1469.7299896292654,481.09114711008465
3.746,2393.8023491662784,1572.9905791274466,443.77941840374336
3.747,2517.676436631899,1659.5999675390958,468.2434582699698
3.747,2064.0384552920063,1650.87185107616,465.8633916339688
3.767,2164.9124919568526,1502.9985371338996,474.9395007790489
3.767,2243.3777382802077,1348.7792734498967,428.70241917964347
3.787,2240.579567611324,1246.2229892280195,433.5570114504581
3.787,2319.141357973519,1624.124157760987,464.04090148025654
3.807,2234.821765604802,1562.729323263707,407.22334444461774
3.807,1888.329345758865,1546.699835026368,504.41800802829596
3.828,2376.930805509651,1455.5683095455663,423.86951646015
3.828,2429.060770773737,1557.703368723099,497.1714455936548
3.849,2291.342181895691,1403.1034453143727,418.93182951224316
3.85,2353.2886409395373,1462.6192080977019,436.2660310334054
3.87,2247.518689318193,1573.2050491647565,462.54859500626185
3.87,1988.0732409543418,1502.3154789129296,452.7092637133393
3.892,2117.4012248884096,1429.720291148835,508.88154671827255
3.892,1895.7494120653712,1244.2613389962507,479.93533480718395
3.916,2172.188673137366,1579.5609630085523,475.5269090288561
3.916,1966.6237610529824,1452.9240127725225,428.29214242312287
3.917,2083.040346358054,1445.756642477249,470.8225711188619
3.917,2233.6306189860084,1475.4308966030192,426.4711271866664
3.956,2230.2146545559444,1394.247919345613,427.338923899179
3.956,2226.1451158964246,1631.938870433114,457.83246696820294
3.956,2213.49288659019,1494.4915946257422,455.986450547397
3.956,2071.709681314857,1448.6315935665893,459.185377251352
3.974,2173.2353851498838,1524.2314015571155,427.65614291209226
3.974,2211.6650617465198,1453.090953961733,489.15212297625834
3.995,1827.6630673074578,1584.1217901902812,418.86991087713034
3.995,1992.9190613141582,1463.9846727448105,482.68066680541733
4.016,1861.9153637010386,1632.9328661393297,458.32891868399054
4.016,1773.28294580097,1386.2685129808303,421.10004142003396
4.038,2202.8013822396188,1587.785313327262,469.8437569538556
4.038,2056.1800787381453,1461.2710098555513,431.01899695153
4.059,2196.697476324471,1402.668687128783,425.28785547060136
4.059,2286.6301255780227,1449.1423014795034,462.04197442415375
4.078,2222.931030220315,1456.9831718841972,491.2341113979625
4.079,2260.246914770152,1553.2514541146875,519.9799934525421
4.079,2017.5714785558905,1374.0152109289188,497.55673567224534
4.079,1970.6975346755958,1512.610041392956,434.52776213227156
4.1,2121.7714042075722,1651.113747634943,465.1542883616697
4.1,2044.8284872271272,1473.9061261086235,512.9794185054163
4.12,2198.629270701274,1471.4743948240662,455.3318081663459
4.12,2414.5093374091975,1634.455888771268,457.9883702313822
4.141,1963.864832972546,1680.7283478688237,464.2089569129394
4.141,2041.1098751964612,1204.8686175558787,440.4251269486252
4.162,2115.1270794726856,1230.4706826635547,492.8291177781285
4.162,2073.959864979977,1508.8206187690007,533.5364429591043
4.183,1939.0303234272815,1536.4827492502923,479.56941131405756
4.183,1892.7854506888584,1363.6944429238363,457.41856566388225
4.203,1765.9708520604345,1572.5451299727606,500.3319566835217
4.203,2179.5417306628965,1470.5874014132567,530.5925151413018
4.224,2205.326018717022,1438.5977422830997,513.808379066923
4.224,2242.7679927164436,1456.300841252286,452.5379475323439
4.245,2238.7277765008816,1368.1302406013995,474.12869342838763
4.245,2441.5270328223637,1511.5160873794166,440.1579707730837
4.245,2042.0354561260046,1449.077363935052,463.25322853894886
4.245,2018.3358076737845,1726.606739848423,459.0479070179167
4.265,2181.6750381303987,1299.156088082682,469.635393835809
4.265,1797.2127449617535,1526.4366260280287,455.22315701363425
4.286,2273.1964597789142,1592.5200197460854,501.28028686127016
4.286,2197.201374032551,1572.6965560693811,480.00480118159106
4.308,2107.106769506222,1531.7210786998617,423.1510757796425
4.308,2056.677485408018,1328.8592783835297,422.44856889279976
4.328,2237.185222597923,1472.0508321505038,393.19782554182825
4.328,2336.7174236628966,1878.133673259139,468.95619330460806
4.351,2077.6948826470584,1410.0846161219076,468.4656069837578
4.351,2017.644103413976,1364.5077928497246,455.4177657164145
4.37,2096.97904337728,1337.6029491451318,486.317493484066
4.37,2410.3866813178724,1532.1719610269536,447.900625883178
4.391,2212.01527085439,1632.20105782086,478.01360433653144
4.391,2137.0176443683818,1475.9366294512074,415.75815397975435
4.412,2046.5054494421631,1585.6354481640706,463.8027982399495
4.412,2041.5379233825934,1521.6244651717764,483.98186897456463
4.412,2290.919915513638,1350.7530341864635,438.56261775342153
4.412,1782.8248115894462,1321.9175561832194,503.4802094478063
4.432,2302.3967018659923,1656.4813746470452,455.154477323869
4.432,2245.3265143379103,1525.485384839722,418.31153361024565
4.454,2180.7661067112767,1663.0847287669471,442.39701381262046
4.454,2293.8045139887,1629.4252961693512,545.1165497565229
4.475,2155.6613475156814,1691.5101644913175,443.19803853646533
4.475,2028.141030297709,1632.3024368394963,445.1803965126799
4.495,2124.5819341424594,1570.9563891971463,457.5449066277413
4.495,2010.8466816324997,1504.034181887011,496.21072663195054
4.517,2467.0892486740104,1583.1540850973724,468.049211363257
4.517,2181.5219359958523,1398.893094536088,396.11435085964206
4.537,1987.2207703860347,1640.0872684896608,476.3936395037874
4.537,2380.0636785539655,1430.240621426039,503.5234695805384
4.557,2285.776526636554,1422.6889441715327,435.1073584925506
4.557,2112.237242298785,1289.3910292031064,472.016847890156
4.578,2259.142527490403,1388.006982233679,458.46848025202024
4.578,1997.574022055589,1444.2883394196945,425.1846359259835
4.578,2480.23695272757,1549.2998693674801,445.19629865022165
4.578,2150.1303344864505,1620.6573971295381,454.49355394748534
4.598,2086.5661596733653,1654.906649121712,477.1025003950065
4.598,2131.04394014045,1696.5325912897672,452.65016389087305
4.62,1838.5652845786453,1659.4961361921667,469.59523424292314
4.62,1791.775783915531,1444.944425793381,459.1691447926688
4.643,1957.5981470837037,1533.1727736300168,420.4524805666061
4.643,2119.9155444811568,1777.9463219995241,485.7329767238174
4.662,2112.3532218811188,1274.5352956084741,485.4993657215033
4.662,2095.5947961046736,1430.5092870775616,457.92459905036674
4.683,1838.9971413765866,1576.9721368839666,501.1888614827282
4.683,2040.6922117411461,1653.0246786651983,411.51654735741033
4.703,2135.1747269190723,1648.3301723491295,496.0948051658772
4.703,2068.585658404584,1420.9166897139426,446.9768129029623
4.723,2243.3176766563356,1649.9318495132313,459.8063434649688
4.723,2186.130313088699,1509.536466033003,471.9094743867563
4.766,2133.5647781349135,1526.3193575996584,476.3067085401694
4.766,2403.389839575455,1540.5932998283758,483.13127069756604
4.766,2035.5852839726376,1456.2756028030446,517.343339548193
4.766,2066.351187592677,1554.0922189821863,434.89694777225793
4.767,2009.5764060481729,1667.7675833201497,460.90185187465164
4.767,2260.1222108776983,1415.1335827100966,488.92076146122065
4.785,2121.5200226294232,1554.840210442535,486.6349933546286
4.785,2170.4353563379077,1389.3132840975964,482.99690452803674
4.806,2097.3628728697654,1531.5243880402995,420.5393821748678
4.807,2215.2498021994497,1549.0515497770116,467.3813690239567
4.827,2217.7069640286336,1551.3661618238073,434.93995205723627
4.827,1933.8509895517436,1416.222612017866,492.15945946282625
4.848,2122.1274194508514,1370.4316752489185,467.09466941165937
4.848,2210.2961117818913,1434.7722641104972,424.44199911869583
4.868,1895.8907027857952,1630.5075772369353,453.1924902366655
4.868,2201.700828613079,1688.3765728107942,398.81772196356724
4.891,1927.1771321663116,1667.0508944391784,486.12197644704634
4.891,2389.633689163506,1633.253965963537,466.1435172200237
4.911,2246.3305026335033,1516.9303772292365,435.2489117862401
4.911,2222.865028027399,1543.118337847244,458.58107976865085
4.912,1899.8288372977806,1493.0415039329187,414.061350956612
4.912,2233.986339169951,1685.1854979548734,396.67502318745795
4.952,2125.8062345916187,1508.883805134828,406.4858988034497
4.952,2200.5036775473313,1449.8783221003348,332.158958403906
4.952,2086.1017206272095,1510.3960325360083,425.77002971262186
4.954,2356.7248773708975,1420.7343852554566,457.9939339858595
4.973,1835.2854648165915,1470.5764169700803,532.8171107073609
4.974,2072.003547845018,1579.008495094692,481.58610946450705
4.996,1879.2559735143304,1576.1953339036647,488.59515913371723
4.996,2074.9348111301647,1721.3855760695392,453.0147185809419
5.016,2221.9057082588292,1566.2214164374254,412.96265196395456
5.016,2141.3602691213723,1482.9686799696537,459.311813257274
5.037,2227.8220250279437,1496.8768005245304,476.68284994439887
5.037,2166.549707213898,1609.3054995472205,417.48543925957466
5.057,2206.3309420429946,1428.5592759692759,421.77811692651665
5.057,2058.522886539203,1537.22836174651,434.5390659070493
5.079,2492.499925878597,1474.5046602996151,515.8970453315704
5.079,2188.6851621861933,1494.9243870485782,430.5819626468878
5.079,2276.0258163558537,1517.975801161062,423.74387195812136
5.079,2255.9323267076184,1455.510701045987,496.76631665188324
5.099,2378.2425035070173,1619.869234871634,513.9164043772372
5.099,2363.904075971524,1534.2312784482583,437.58930301624594
5.142,2225.874610929368,1588.0625597759783,464.33599588670603
5.142,2214.896108621211,1542.6773607089842,428.8302026677844
5.142,2306.410871117756,1532.1660336981604,473.6681939968799
5.143,2049.1369760996154,1359.305679129481,472.4456081880659
5.162,2134.546867094623,1348.1088743191385,457.24251132071515
5.162,1995.2261685024312,1256.3488442770472,499.51215185779773
5.183,1953.3283195737715,1655.6507382958243,398.1115927638859
5.183,1876.5499643736125,1624.9734535263833,462.89521076484397
5.204,1988.751329958881,1543.3521888719843,472.3538284363095
5.204,2222.5739859483506,1454.7769180218104,444.84440895712305
5.225,2171.734065068167,1519.9182564107678,442.1832243797496
5.225,2186.690846975185,1640.986224566769,482.5150788996498
5.247,2095.556955656977,1547.7995885615703,436.8790790014277
5.247,2171.2159098277657,1587.105786564592,421.3182735035917
5.247,1990.7567695259138,1583.5842847991378,445.26135794473146
5.248,2074.5392538261335,1104.950483149246,461.74078744368416
5.266,2118.8562217387985,1679.4506071531255,461.3601242039603
5.266,2155.895006398998,1460.4327728689243,447.29079667022285
5.288,1899.4133953720673,1508.9773092291184,465.75549867560477
5.288,2144.3229498165,1380.8643057920033,447.06149156234864
5.308,2133.534305254962,1594.6591163540613,451.04730031709295
5.308,2053.2577312769754,1537.1689052431418,427.11222710703527
5.329,2284.7624121246595,1379.8143256296516,491.5680385282833
5.33,1996.0132898549446,1790.1989316152487,445.8474660999268
5.35,2170.1486954979287,1453.9955588116818,423.48395388687436
5.35,2128.9028868601317,1635.6410377307382,464.3826896629943
5.371,2213.8288775538635,1577.8037500742023,446.13835163372124
5.371,1953.2134988873038,1528.2659723547033,479.07166361223824
5.393,2014.4439420200629,1538.0083108701854,443.58511244517985
5.393,2320.7042779770636,1448.2932667758344,472.4742562991885
5.409,2269.4784912450336,1651.6585178813352,493.19292638463503
5.41,2323.6914739560434,1421.342933394439,371.60464151862436
5.41,2126.109362062129,1499.515975798529,403.2726992667381
5.41,2215.849026499625,1461.638935825555,460.38525516891593
5.43,2166.428187448872,1764.8640456861758,414.1126684367454
5.43,2174.158384223223,1597.240333333826,441.09863103506314
5.453,2112.973380917777,1342.3168184707267,420.8985569548482
5.454,2228.4284417967606,1543.4079943901252,446.44164064035516
5.473,2083.9180943327056,1592.3601746261158,436.8877736760408
5.473,2071.5126789734773,1505.696916681153,403.84697445197185
5.494,2207.235615800976,1401.293191930024,417.8521188513347
5.495,2191.4406912192344,1418.0603554939437,378.09475432422664
5.517,2405.0916768523607,1724.2626579597195,408.25686864728846
5.517,2210.1777632290964,1594.4403769111848,427.1112606159755
5.536,2540.199526258044,1443.6024021796215,428.2891366622765
5.536,2295.1994081831645,1592.0495076125958,475.0629996048643
5.557,2085.261990913723,1541.6786656920535,451.9752860625678
5.557,2091.7942039131217,1409.279094612854,415.0749227953685
5.578,1907.0084463050084,1601.635590361413,440.0939590165503
5.578,2191.5186278747815,1350.7595549718812,451.0909459196061
5.578,2186.291781310719,1444.1008559826014,456.24767122905786
5.578,2180.08396761248,1631.4915236593126,450.93651658602687
5.6,2302.975548700792,1576.3980464062304,420.2278102010323
5.6,2007.7622492927267,1783.461801504646,446.56634387590407
5.621,2188.6783413722233,1521.86700045982,489.1794969888846
5.621,2200.6190263935046,1610.2585863001395,410.4718692939384
5.641,1951.2799629894655,1720.4923127332263,456.62192561058845
5.641,2186.867578421295,1365.4971194790444,438.06486671018365
5.662,2156.273407211076,1390.557168456511,416.0744259435107
5.662,1926.8338213184138,1541.9597514744491,407.2664831510937
5.682,2417.089299784471,1602.4883294716665,448.45555212094814
5.682,2334.493703829923,1444.2528643985238,409.8822094545409
5.704,2406.1769984089815,1553.808535642313,401.8463283954659
5.704,2268.2389756251787,1582.9894582574614,474.2331012782046
5.724,2111.78000057254,1615.4524745645979,500.8994633171079
5.724,2237.814475505975,1552.6917745264104,443.83920414036345
5.744,2075.5925689623273,1448.3545011181798,384.31339698074123
5.744,2048.0463679988534,1600.4044483626483,453.5877335155398
5.745,1892.661885152473,1397.136060876477,410.240906401588
5.745,2186.0300978769765,1293.1454831744595,447.20752016317
5.765,2207.684250335833,1316.122777349624,374.1815026706491
5.765,2517.98275058114,1309.503054052661,484.0211739588867
5.806,2189.231503123873,1823.8488703500122,432.4922438138894
5.806,2042.034590854479,1616.5309397744215,514.4305004733276
5.806,2134.468910984425,1290.4185292402906,498.31279765939445
5.806,2280.142494121607,1543.7783529852743,444.90936131764425
5.827,1897.936363622069,1668.9493030429821,460.7198612568597
5.827,2251.6463397717857,1494.3660144076318,441.96784809892364
5.848,2121.4363820174126,1522.4458472653207,461.34535457010617
5.848,2034.1754577891963,1631.911813653285,435.91491735270193
5.868,2078.360612617749,1328.6208891483477,469.37860096642186
5.868,2251.770320815921,1652.446451301835,420.095908079052
5.889,2393.657647248457,1371.4758516657134,512.812291054328
5.889,2158.7249955143866,1634.268694515054,366.94291089877936
5.909,2104.1271123186852,1560.9837650285854,477.4243488100341
5.909,1934.7188205873233,1880.4927121549983,424.6987548619179
5.909,2347.415284506723,1287.6701401177013,507.82080197861876
5.909,2024.5199554870253,1691.0124942054526,455.47844684790255
5.93,2166.568162320565,1549.6800783448193,442.143315876076
5.93,1978.4143669848343,1489.0205980192702,439.9319190426934
5.951,2105.8631928961117,1409.3847628598437,451.1592697349825
5.951,2129.273409095549,1728.1952233852776,437.31323458620795
5.97,2152.9014929670334,1466.6553045810792,471.02918302394596
5.97,2257.6451001669784,1431.6832106145916,459.9330613196115
5.99,2443.056016438293,1458.7431218898525,407.9830055505214
5.991,2154.8358101123313,1313.7848463345458,477.66997720072516
6.012,2291.4185377288627,1371.8970353595637,384.2446309936841
6.012,2236.6479136964626,1423.850546205782,487.7306214763692
6.034,2049.8042671964668,1464.266508631128,436.76417994007465
6.034,2024.1398467080282,1251.2947125614328,427.7506707137665
6.054,2275.0031235520573,1261.805296666413,442.51724972020514
6.054,2100.208557501663,1537.7037680001101,449.3953313081959
6.075,2061.44731507165,1266.3344955384416,418.01960003719284
6.075,2345.0181169358625,1436.3097470601615,458.04146170743235
6.075,2347.959502120706,1312.560008821724,489.31299936253316
6.075,2216.4960400874934,1679.2563827470692,421.1116996461073
6.096,2000.6464477018317,1520.4968496093481,409.79317690348324
6.096,2093.072845267764,1607.3730184476901,493.7956865848933
6.117,2390.116550020053,1292.1139232464313,442.7987688896985
6.117,2050.2205207019674,1680.604124719547,462.0791544216622
6.138,1883.0571796082784,1668.8558613559396,485.1503848881953
6.138,2163.8347026426195,1397.5153869634833,431.0062575941789
6.158,2372.3658658122404,1603.5308904094238,447.91026826819314
6.158,1922.0508188001997,1416.8675773214156,492.20799390236255
6.18,1996.5773995263335,1534.8629550364144,391.39817612301226
6.18,2120.880512397929,1622.5809233303532,498.5427899150955
6.201,2021.0351936431841,1627.8907270839904,407.1328663595647
6.201,2102.20030555683,1623.0935602980187,470.6452712907408
6.223,2208.2469798960287,1412.40061844317,443.3169026484821
6.223,2074.4080605537138,1383.5096395028818,473.696321865335
6.243,1936.275845949914,1321.762514902271,391.25828507056343
6.244,2007.9308101685951,1312.607526387809,365.70262337836516
6.244,2035.5327576327106,1352.0593484404235,460.33792245846064
6.244,2053.810626590054,1525.7210101971746,413.13652115255155
6.264,2148.2358598298033,1673.7775576785523,482.76286343519826
6.264,2189.8057256802026,1596.2910141616794,446.58204899782095
6.284,1912.4677359426776,1640.8206360885476,452.9176738790302
6.284,2118.1218804625187,1673.7034486352545,453.3795629787384
6.308,2131.035253805119,1844.9188649982646,437.0192233997026
6.308,2254.8820143660287,1589.7475199690641,466.72239321471386
6.326,2174.1539458129464,1649.1779125368885,469.1647622486531
6.326,1927.8716272642625,1589.9221650609193,496.7759571621833
6.347,2294.9700085032327,1440.8777395090322,443.2244375914595
6.347,2221.556267714812,1495.3442463129538,470.17416772100165
6.368,2006.674190483206,1425.9763173172523,473.6414990763302
6.368,2148.224137766448,1638.6213102192382,486.22397053220726
6.388,2245.1274704999364,1760.1634328664695,464.27632984997234
6.388,2187.9928774449672,1446.8809623469758,409.0761333099241
6.409,2037.69321683016,1659.801803042884,456.74537372548906
6.409,2319.5751603766803,1662.9823520129612,476.6622336789687
6.409,2053.379006569619,1401.468215639747,417.6023295092132
6.409,2326.2944606507754,1524.9988911996134,421.02839634524236
6.43,2307.292408565831,1295.8357975308982,485.2601662034895
6.43,2407.7917620833687,1646.421648919479,409.23093881830897
6.472,1903.9261402691782,1590.4666053935005,526.143810013671
6.472,1978.9952631973422,1543.1961578532976,499.95400796114535
6.472,2248.4362710212367,1494.4989209260273,494.9461653026686
6.472,1821.615326724091,1622.5380287196292,401.780550888417
6.493,2212.5694327317206,1598.4408244364236,396.30713557452583
6.493,2125.7389343149953,1558.275042552402,434.6332297866719
6.513,2131.9843755903057,1486.2776432695982,442.9483838244936
6.513,2173.995944794764,1630.6250930030383,444.09805414009065
6.534,1932.4726252737582,1416.9717488576005,396.4630044123174
6.534,2306.4959801564146,1347.9163218380068,567.0029797918231
6.555,2163.921149419962,1630.9621611671607,384.44174246573306
6.555,2090.880735209772,1648.5647244043696,407.1774190147811
6.577,2440.7136937953755,1492.9228668273013,417.08406517906604
6.577,2044.083887822345,1326.0648696463522,451.82800198185663
6.578,2215.761504879134,1538.8427322292855,443.66608558547557
6.578,2160.6071416284326,1421.6576145612885,416.36729087709756
6.597,2124.908120652549,1599.6801154807488,448.42625226051126
6.597,2154.2259453351803,1632.0895481082682,455.999841373304
6.617,2085.9628204182254,1754.467726787463,449.7099479319217
6.617,2230.2546850569843,1551.5904094603695,457.8714229538498
6.637,2058.4723954945666,1449.307826393086,430.51693133357946
6.638,2248.1033661702863,1354.0908182477224,420.79488228349726
6.659,2101.240395429035,1445.4330808803195,421.70302636350766
6.659,2115.4350104873247,1532.1638062841978,438.4783463202918
6.679,1900.76811265358,1558.675109249515,441.1246363388424
6.679,2188.5255771001653,1538.778771554142,461.26811262800925
6.702,2177.7617687117367,1400.6905203318925,415.5555416390595
6.702,2019.46636966593,1585.3215912097278,529.0518823682061
6.72,2094.833833975544,1505.1366574401995,429.670683736202
6.72,2313.2132563535397,1603.6265572402908,455.2937385668756
6.741,1909.2295006866127,1418.273326522002,443.61303697994686
6.741,1842.1626108496694,1709.4173816906523,485.88386290015285
6.741,2068.1346610334385,1424.5222725332603,464.09657685787937
6.741,2092.948951480452,1709.4811721521348,385.32264092489174
6.764,1908.6245989125055,1630.0658649667137,432.2666439241195
6.764,2394.050826244346,1376.6893189545767,422.29608178140074
6.782,1890.9221308633284,1871.0067061751924,415.13883988851563
6.783,2413.7960562205244,1545.4744857177166,487.6629207891169
6.804,1869.2559343173239,1530.5446750461153,470.41814142412824
6.804,2453.1805215452455,1346.2726287722624,502.07751227636084
6.826,1932.5361789860901,1569.7808134192885,427.79423377323405
6.826,2114.0163515676186,1552.8204693090017,457.508240592311
6.846,2027.401048474285,1401.4648376194991,471.32588722993466
6.846,2037.9534286277285,1337.0878664341858,440.67923904237267
6.866,2382.754667992216,1476.3649468190094,425.9190222280593
6.866,2245.153926650018,1388.472106729818,480.9374137977846
6.887,2141.23041856782,1651.1577327867212,432.095779156398
6.887,2316.835215167781,1593.7892681029684,439.0884434361492
6.907,2086.0496477978204,1554.6220972078345,504.09212755760325
6.907,2179.028833744966,1646.9825794689245,406.0427386406195
6.907,2022.5982323806409,1371.1339256589276,452.2499247811443
6.908,2036.419790943123,1694.822719867627,442.81773591579537
6.928,2187.2816530785963,1668.6466496548132,390.98814608381235
6.928,2189.0545588593113,1592.978354087226,463.1022974309405
6.948,2103.9099535555383,1676.0045926568905,478.56305898420874
6.948,1891.4444636138087,1695.751928999985,470.8226316495694
6.968,2312.422826027911,1642.7354618149855,470.3668773044232
6.968,2449.8394410857177,1295.7875671570564,393.0662120933231
6.992,1981.1728103961161,1676.9832621428595,490.55261338769435
6.992,2425.188742814916,1479.0519090746216,439.3458506115878
7.033,2484.1433481345366,1408.361485452479,372.6704528274374
7.033,2187.4902520508126,1427.4487477624596,446.37136069652644
7.033,1780.0315797981139,1508.1235884192297,429.30875960483485
7.033,2317.0394762982887,1589.6670276696557,432.57726801030736
7.054,2021.3411382446702,1645.8897308676776,405.79085358876
7.054,2018.694773131389,1417.0637082941441,396.9912904011013
7.077,2033.0617919955153,1383.9821579888944,435.372066515412
7.077,2077.9765174314693,1730.1259711541677,449.9011866103327
7.077,2305.37726745143,1505.603109245799,466.9375769799485
7.077,2161.336396137573,1616.032182865538,421.9024235325317
7.097,2088.5422986710873,1576.7406023423498,458.30575281670906
7.097,1966.1844675712248,1653.6431286533216,406.88750218030583
7.117,2284.757203965733,1650.3671905592898,390.58154664147384
7.117,1900.5096865325365,1391.3392921854295,414.66223334056247
7.137,2386.3590903297304,1280.2597849875176,435.06285277853584
7.138,2313.0568258540366,1383.4121865577633,387.69706237351767
7.159,2131.92198371272,1500.0243307176136,440.3228432332296
7.159,2085.049118567398,1685.1188764030867,438.09013191275346
7.179,1993.774455049688,2118.30209605877,419.10002013603724
7.179,2047.0285991363046,1790.2240162702617,403.06383007049743
7.201,1740.4020383557565,1759.7843660466895,410.86424026182
7.201,1864.531117859437,1770.1569697924494,299.1541264295778
7.223,2301.181245244718,1734.4888774962587,398.23579397889034
7.223,2243.8158799681332,1680.788119735523,466.5388375021954
7.243,2240.4498575569555,1707.4933239181812,442.44685926516183
7.243,2069.99008488264,1765.2523380748999,446.3668774415305
7.243,2261.6184335617418,1814.208440909981,432.5189762051287
7.243,2144.7590718680003,1688.1913701816634,437.7923694819603
7.264,2127.799887444192,1645.6574921824315,403.9096289974377
7.264,2055.98936044722,1753.333982637513,380.9870612647343
7.285,2148.483228507305,1813.4561870339815,443.35016909103547
7.285,2122.1580769182974,1688.7185291062033,387.83398931535146
7.306,2210.9156901338647,1734.2977157131456,391.03435241194853
7.306,2156.0213243602175,1657.6116875413468,415.1272957249587
7.322,2182.1941559739034,1647.171340424854,416.53467418114303
7.323,2354.8517124158425,1711.9103674572195,479.27380807536434
7.344,2091.1747713279856,1698.7674637315522,466.17977615831796
7.344,2046.0259712062712,1536.4876507892736,417.67058696563623
7.364,2049.1767443089525,1678.830492266875,414.108236709856
7.364,2045.5749522795481,1656.6505343980918,463.06634254698463
7.386,2219.4788214636283,1638.3201963421943,428.4980538375253
7.386,2318.1576877717866,1461.888204730576,396.84508296291165
7.406,2279.002446149031,1531.2694801719722,421.51088262244457
7.406,2382.7062835577917,1670.7915894787693,401.0104847626084
7.407,1985.9819506347787,1595.4684149605562,457.37122825929055
7.407,2154.531357128101,1598.2858723588015,426.34859295523995
7.428,2199.055057365657,1559.260012262691,385.83642093185347
7.428,1917.4679494249558,1572.2752676777134,400.849592747648
7.449,1962.0426656743866,1710.5132089563974,407.54158950757574
7.449,2210.905303397989,1577.3216074275144,417.78570280314227
7.468,2429.6127474445725,1817.3992439187614,435.7523297557439
7.468,2135.2377621927635,1608.7017881385686,483.0675699550734
7.489,2303.1180792179243,1412.8596761329727,472.9169176788688
7.489,2102.48187811827,1926.8563537008476,398.6113279993338
7.509,2240.9486547011566,1654.0456697265188,457.63665808318797
7.509,1944.080900352052,1851.1742009036514,362.17966131787114
7.53,2057.6635441866606,1744.4338841743875,439.643974586986
7.53,2001.5224462331205,1597.3566725906962,412.24257817747196
7.552,2133.7980247373016,1589.8195508608999,466.41934321316546
7.552,2031.2318927565552,1663.5626328429396,415.5273570682406
7.573,2012.2700073354686,1919.9016145697854,448.6602133747794
7.573,2083.7693910491403,1722.2766507993376,468.85184720794086
7.573,2007.66902944287,1751.4743526506925,404.8473463384025
7.573,2231.4447900107834,1819.5650875147116,458.6126062565422
7.595,1913.8049812392364,1709.1472672562754,391.54820682019584
7.595,1948.4182733249195,1833.7663143159339,437.48771571967245
7.615,2163.3106765976513,1417.367680528152,454.69096729374655
7.615,2261.3207229796144,1604.7181564332186,426.09530902616103
7.637,2081.526429066959,1633.6977820764293,467.7964098420309
7.637,1796.608633258578,1607.0531193811796,389.7814138479021
7.658,1775.0071656285209,1605.6673759246528,446.7413169194898
7.658,1964.9129391084125,1773.5149787265696,490.87098654936943
7.678,2074.1410230171036,1509.6740530541765,456.50941449003096
7.678,2166.5361015444255,1734.868149127299,428.32239914721623
7.701,1964.0491347857765,1469.8434370702764,459.60863644378384
7.701,2065.633776543732,1571.3374130968216,450.18916997134295
7.722,1976.7097632824302,1694.0063429546742,401.3400022520593
7.722,2352.3626361408615,1816.0510218615111,466.63443540531244
7.743,2066.9704367476356,1604.3584784156214,463.5731701117007
7.743,2134.7141994289177,1617.392980357411,457.11597311693095
7.762,2213.495825120913,1677.2944107011654,417.32321487567407
7.762,2206.629698434948,1682.1348748505288,429.427885017191
7.783,1940.7518428085757,1883.5013862998144,501.934823429141
7.783,2180.71391740358,1742.0916570802424,403.1948791798532
7.783,2414.3385314670372,1762.0695666195734,435.79161958033865
7.783,2137.491690638143,1445.6644549067769,455.3820507442282
7.805,2023.630815380106,1522.2775474965354,431.0755685015992
7.805,2030.0221968595597,1675.127039378655,432.5273902037172
7.824,2132.235325600013,1670.8310125513676,425.37964418570374
7.824,2032.1381920034228,1583.2310765094526,369.21764460257737
7.844,2266.9745190567505,1949.9732413412783,434.1125040280183
7.844,2086.9165558923028,1690.0701728387253,435.9341253390343
7.886,2227.0986102131355,1747.8876812470062,425.7538969878952
7.886,1986.5460198830024,1537.3741038801977,396.3288353668151
7.886,2329.563008391493,1888.5875565273195,448.926480270656
7.886,2200.9291150777085,1816.8241312074133,525.0601961658442
7.906,2312.4120553199155,1701.426451777116,393.6193497327204
7.906,2285.860585761753,1763.1705398609865,356.92863283920093
7.906,2164.2624251486,1782.9762315453893,456.7438240865914
7.906,2148.5793965598514,1717.182969326648,427.9077457041944
7.927,1878.9846395243742,1692.1940750608042,404.03517929161274
7.927,2272.6054534442806,1549.9560654644515,431.3491629460748
7.948,2285.0983351493173,1805.0479883896003,447.7548979799387
7.948,2071.172193407047,1752.1072188217763,406.84217077977377
7.968,2342.3450028932034,1874.0989124863565,411.7811662466906
7.968,2201.892840021286,1538.1031696976006,442.5810026697714
7.99,2152.3966575617624,1742.1235544169815,392.00266413084836
7.99,2502.24483233268,1927.974153078851,429.4413716771622
8.011,2103.965394433317,1708.5629074299093,419.35795499522675
8.012,2370.52056595531,1650.6206607030563,492.1684184413641
8.033,2169.5483132701243,1647.263260161509,474.02027719220973
8.033,2207.3034337190265,1648.9290280192602,451.99077021507236
8.054,2022.9704133916953,1761.3805439010641,430.05808621195314
8.054,2063.833426325598,1727.7286565214997,429.437927113008
8.075,2224.635513093825,1731.6992808431758,393.5829520373313
8.075,2423.780772160956,1551.086399125947,423.9331302141491
8.075,2230.7340653467536,1875.7908720392845,423.8702541681675
8.076,1951.0754375549182,1891.3883204806361,398.86361033818787
8.096,2055.7603088362566,1709.352584763205,492.72804797571627
8.096,2171.286095000256,1652.8671031024642,460.1824785545226
8.116,1725.7609654446005,1716.871255505543,395.56208680933435
8.116,2015.7328874426091,1890.6787132518689,388.48759319892133
8.138,2178.286166984937,1711.9536566386003,436.7822150785935
8.138,2168.130896522658,1581.5782795695047,357.2908506688205
8.179,1994.9328861368824,1905.0801084906882,512.7253754017014
8.179,1750.0230943197612,1621.209980168,473.79267650527044
8.179,1952.8013301437854,1733.092582950309,380.3027638487638
8.179,2033.6033569631281,1666.0348568999214,439.42326851815295
8.198,1873.725893795936,1850.7601386518086,485.27044885344867
8.198,2303.829266947647,1588.531652185352,435.03941309849046
8.219,2416.242814630722,1750.0138355365523,417.1974465554965
8.219,2279.786115042547,1653.233189915658,432.93583411352233
8.24,2383.034933800368,1792.531512091232,431.3234357995
8.241,1711.292742507299,1742.722032457165,396.0386370746685
8.241,2108.441876852039,1526.2674116378628,365.5285743081653
8.241,2203.5268328223974,1847.623493092942,447.83119888798524
8.261,2190.7721566424893,1830.7503620547568,415.5395238529113
8.261,2062.3737369627897,1743.8592882293278,438.93044746168636
8.28,2056.9203512824806,1589.0722283640262,446.7595453846751
8.28,1833.6275207492604,1679.5228540123142,419.8023696596587
8.301,2102.022530823368,1529.927491371897,434.70277446481106
8.301,1922.080983572997,1785.2837935177806,495.6672879023147
8.321,2166.101728130952,1741.4073405243807,430.652030278822
8.321,2288.491789572664,1701.4465077456982,384.69261407336796
8.343,2093.387948134093,1617.424977641279,454.4982227554138
8.344,2121.2389412097814,1522.3212496228623,419.10410847507103
8.362,2251.476086491083,1732.5918245258647,446.77143457538887
8.362,1942.984318050914,1532.4828269581108,445.15534236135295
8.382,2105.707275214258,1742.0304290630556,467.87107115061247
8.382,2177.873183841173,1569.1258128028282,418.2377624816018
8.405,2010.9726446543107,1618.2493944855637,387.6892117381759
8.405,2049.546385738579,1810.039950656452,439.8580087642017
8.405,2098.850188358005,1603.843945935416,471.1697816466954
8.405,2220.7933923213923,1737.8594900825253,409.9589344219708
8.425,2282.319148623533,1523.0174345778487,418.18729176916
8.425,2040.8116101287878,1691.7397724055086,387.85948639787244
8.446,2103.5707822411196,1708.7567389440949,385.6746521874523
8.446,2253.313338106575,1640.1897256195261,392.2786675914914
8.468,1918.1533981250254,1691.8663581595265,415.4606808265734
8.468,1880.9966853572726,1557.3975674579622,383.6627528476677
8.489,2181.8251444736707,1718.5177434294114,402.59613591078704
8.49,2310.5971226095044,1794.205117245451,441.44110454697596
8.511,1998.0381731481377,1800.7450726995942,361.5727472384674
8.512,2071.3009186574623,1741.5596248546692,419.65668619188403
8.533,2091.7747625674883,1602.4069696228564,398.9985097838156
8.533,2073.7039412553163,1739.1239528722554,397.24624598897094
8.552,2440.5621257436596,1746.8941630032632,446.1087642229676
8.552,2318.3486143472946,2012.0953113357602,460.72816513089015
8.573,1865.3253186297754,1695.9841248641897,446.97671733002295
8.573,1815.5194753900837,1635.7029655521503,418.7724594504308
8.573,2174.08422678425,1704.11590383024,433.99580840029427
8.573,2083.4641926824897,1903.848937658791,451.9433870301091
8.592,2386.313600413371,1726.5861573522443,439.6377831828725
8.592,2288.9503733071488,1678.8082782823546,332.4594307394511
8.613,2050.817653959726,1786.5535891670202,368.4855520096117
8.613,1800.6590643405934,1762.7306032023057,403.5005319909015
8.637,1977.9774452981853,1598.8707497641326,440.9986583204278
8.637,1882.4727807648064,1714.4588876851665,434.0449009037109
8.658,2040.600583142589,1673.246541509644,449.10406978480677
8.658,2040.8835622250358,1686.793521382508,471.02391369740957
8.679,2489.3385166245407,1745.3876217466625,462.5565322143623
8.679,2415.7818580858766,1626.8842373859902,449.2515849758859
8.701,2180.331366799248,1689.6301533599492,462.001662690792
8.701,2044.0783427865854,1693.4330889012992,439.20811329479994
8.723,2107.2545628939424,1731.1027085375335,435.5158304410603
8.723,2350.698629774696,1617.0026706271879,438.699757629364
8.743,1988.7714785709734,1666.9061589039886,465.0972581873402
8.743,2179.030732215176,1781.981669634366,395.64651653295266
8.743,2068.01370986223,1788.3892291529817,390.699877464393
8.743,2127.205454517111,1732.024323611817,429.63382826306577
8.764,2201.8657465396077,1754.1860927642522,445.51643246471485
8.764,1953.9564778004105,1656.9494340785918,465.04097220112266
8.785,2228.5340841923557,1500.5599566179067,457.14820838832475
8.785,2062.6419338744536,1466.3725098529894,398.7360585351146
8.806,2115.00240841131,1593.7840031289243,383.0601684085316
8.806,2085.782671591868,2009.2228596437744,416.8579634761647
8.826,2174.3225917336026,1532.1440813425568,397.1062519034982
8.826,2091.3646702915985,1707.9929018813293,407.5091619897261
8.847,2136.0321590723074,1900.7605680888769,382.38084232029064
8.847,2332.0167449514615,1837.9824668864103,516.9672799600748
8.867,2216.6010221867973,1414.8069680492483,439.123458631187
8.867,2132.649683850616,1728.382525500424,422.2111681279093
8.889,1994.7378523036336,1606.540121291147,407.2783962872373
8.889,2190.9008659230476,1767.3184907996158,392.3392085989138
8.908,1995.6629160168575,1542.6870388124878,475.4504211002476
8.908,1859.4046359387476,1705.6721563651859,466.7928418593653
8.928,2108.199448552719,1770.5977930536792,434.19689577580067
8.928,1906.723734653878,1950.7829435760066,428.8449624035045
8.928,2319.0062785528694,1714.0181083794187,460.6426633629903
8.928,2162.1877143838765,1846.087575874463,438.82134009586844
8.95,2118.2284302354315,1760.63250728928,398.97465644322295
8.95,2174.0663484998136,1571.2003944002968,455.77755335553167
8.969,2225.7571260225236,1678.942230530634,399.0320321810307
8.969,2096.7849499600866,1509.0463007312358,459.2722212894583
8.991,2211.560778596557,1663.999008601899,434.3962844681588
8.991,2164.6771709245218,1676.5126614314074,447.3682788628616
9.012,2364.662985018008,1760.8782186988578,424.13781921584246
9.012,1948.2090751162373,1772.3683616388953,398.42877311637153
9.032,2333.0896553891857,1735.9488703224054,389.76675967426183
9.032,2064.8070410418686,1482.1986082724802,431.4388305854523
9.053,2297.4012257599643,1761.138059655339,421.9324117621051
9.053,2222.6506044734197,1742.016083139486,400.90140196965905
9.074,2075.7634907209253,1604.128732877428,458.4474710391764
9.074,1939.8441120440827,1528.889238653336,376.22956207036077
9.074,2166.1428146596786,1533.679015052714,443.2036004320757
9.074,2076.606574492382,1643.088462701967,383.4573534086767
9.096,2177.2288309363635,2013.3509391040816,457.58270759473874
9.096,2189.630635506313,1645.9035651133718,455.9391304918835
9.118,2254.326121704859,1664.7867083660374,409.1082129208763
9.118,1875.1700894012242,1617.0625357576785,441.36917540392903
9.138,2112.7578543378486,1836.2203706568625,442.5799568738358
9.138,2432.913895603684,1775.376979171152,478.6915864625416
9.159,2377.3268866884664,1916.5541641238262,423.1324393146009
9.159,2227.407390975009,1692.1677327129762,404.51955512003326
9.18,2476.054852226836,1356.8886137508125,424.5076002634846
9.18,1969.9510627182822,1791.7233271660778,354.95898497816796
9.201,2095.1364507255353,1840.0065218784648,365.12712056558223
9.201,1918.418005074976,1562.6730625403607,418.18333270744046
9.221,2379.0029470747572,2086.2705216837203,388.4306010340882
9.221,2255.59952062625,1718.6637036716484,421.5213506178846
9.245,2034.1168938699136,1607.5426066581083,452.4851121241009
9.245,2093.797720579601,1515.4119163903506,394.2801900851804
9.245,2210.8822217393845,1679.367800231497,453.7399180320294
9.245,2237.3482048118344,1776.4964418377754,449.3506286937127
9.263,1965.838529386239,1438.665188907152,405.11154103912037
9.263,2200.4813262789266,1628.8024720167002,421.5030043127801
9.285,2142.548765807279,1458.91777059831,471.35270703226115
9.285,2071.152946136767,1763.9968013546015,427.12697885021976
9.305,2355.5811056006996,1698.9102228113686,425.0064230546969
9.305,2284.368569909756,1691.0334331584186,424.9722603795723
9.325,2040.086403652672,1730.457384858864,427.9446287042808
9.325,1954.852252361694,1783.7705268971495,393.3008720035997
9.346,1903.9224020519591,1663.1702024039353,462.4840378660965
9.346,2335.8114066335274,1574.280983244264,384.8529632449829
9.366,2068.902245456314,1807.4879065116506,465.72972006373186
9.366,2261.342898461613,1738.1427934978074,441.14431449031247
9.388,2327.2182767708214,1794.5345423354772,441.12638154836236
9.388,2153.284625330944,1662.5456860490476,449.31852103769353
9.408,2054.8939735182207,1679.7795206344267,478.1317996231347
9.408,1951.3477558376192,1758.137537528366,442.7292961788061
9.408,2198.4496120504164,1826.6610749806605,459.0172691481714
9.408,1818.1339904240508,1844.4754892693873,425.628352648899
9.429,2254.6541389396284,1817.1883531311566,405.24415565061247
9.429,2260.39105035632,1760.220087797927,505.39513114087214
9.45,2099.3440417733204,1658.1381861441553,461.74472392025257
9.45,2226.5978838364786,1680.210615266753,405.0607733061602
9.47,2033.5930761617142,1802.1618588951071,422.6656315456205
9.47,1977.6059283778122,1685.9617831935748,410.58040221633746
9.491,2018.8869938433804,1587.8873405273669,415.4683162917809
9.491,2158.7217848956425,1672.527820138239,414.3851866696817
9.512,2256.1125303513163,1646.8850775820172,408.6392744655155
9.512,2058.101206820424,1837.9742775446728,461.2178400432899
9.532,2021.829598137562,1535.1289232350057,431.0141359420943
9.532,2293.8219769846205,1510.873516717016,503.9407922976026
9.552,2107.4589994849352,1659.9392489031136,453.7593809918025
9.552,2117.254290912553,1495.8656613453472,458.26428630870873
9.573,1956.2896268128056,1448.669451732129,445.87115422670985
9.573,2237.510966974236,1800.7649142786902,359.1291602720502
9.573,2073.2257646884796,1640.999612000416,402.8002073492216
9.574,1924.7442357151417,1763.6871947170816,423.504719926029
9.593,1912.282717662448,1711.0334369043812,418.2521145628655
9.593,2168.956962265368,1498.6695521941379,431.0081705235626
9.616,2066.8512723679446,1576.3452390205487,471.335056421719
9.616,2013.2999671284801,1888.4690367485541,433.53587631808443
9.635,1988.6326526382645,1637.5129102786727,452.56589951690853
9.635,2132.6767204428274,1833.0273126118682,379.6198625499149
9.656,2324.591324086583,1683.6855529574598,377.91649759619173
9.656,2110.243278224013,1596.0163390031953,463.7031093075151
9.677,1946.0362498329907,1815.4026466231776,448.19830578849246
9.678,2232.791316296141,1671.2495569754847,378.60070722087744
9.697,1951.6905382986054,1712.8760756307884,420.5542213326712
9.697,1661.892322276013,1717.1593682187784,394.44143383121394
9.719,2442.733378140324,1722.719329154066,413.56949028138257
9.719,2120.5666656481176,1899.778314572224,462.6171507598808
9.74,2264.6558250661406,1849.5284715742216,421.05996941487075
9.74,2277.053683568763,1637.210924217739,406.8865965646144
9.74,1990.9121043085217,1447.1963377461277,397.6137868466777
9.74,1978.8635797563009,1623.5771294578642,429.1747336299404
9.781,1885.5648019504004,1755.720953112989,428.3934411861574
9.781,2018.6859260472888,1878.5419507072836,385.9323204962414
9.781,2102.8395702983657,1822.1016627981157,412.80802850307595
9.781,2126.533335625944,1740.6022284760516,445.2992396717385
9.801,2008.760362086043,1566.8285368555237,418.7732822605894
9.801,1807.7524198960032,1855.1525415077851,431.9957810086472
9.822,2306.1051889852624,1618.4095759731472,357.81989164955263
9.822,1992.6067927940137,1729.9797796380085,424.44577107630585
9.843,2093.351485848735,1646.3422707354875,483.55589061858683
9.843,2130.92932529238,1715.647966268304,467.92777028716694
9.865,2213.7001154672275,1533.7916400970953,438.6585244026752
9.865,2066.80763490613,1541.8726388834716,424.97007613223997
9.885,2076.1099650849796,1828.2561824972593,405.1521272680913
9.885,1975.1526201618185,1794.4532089006236,428.81385049265947
9.907,2088.2078834055505,1602.9156150073784,455.66596040578384
9.908,2199.8676850688435,1922.7347001535386,470.12834687326017
9.908,2353.947709762523,1796.6269651417083,418.95469678387605
9.908,2096.5220023701404,1676.7208635918287,433.3287547973399
9.926,2054.3405244631363,1498.3197711948865,438.50529104642817
9.926,2430.020950095724,1392.285180978838,463.6659510514473
9.949,1904.971648157972,1826.9432264897828,404.6379856128708
9.949,2007.1470728405886,1819.7562324156268,499.81409228426503
9.972,2330.613188608713,1737.902575473933,409.7237197590676
9.972,2191.032051389103,1808.1907857160986,394.5308606369663
9.991,2143.542429378238,1807.4447457445758,455.21004590199897
9.991,2213.5311271273386,1628.9382612116533,412.183425270344
10.012,2070.604866976461,1668.928749627064,469.6068399382235
10.012,2323.658093183474,1677.7945576868813,407.1941661220849
10.034,2218.394462220603,1696.0615928325558,425.5369585747239
10.034,2082.9788467865123,1647.2779987326996,374.187632217703
10.056,2501.392539611566,1851.2607906271382,445.0340157354156
10.056,2049.94381797788,1770.1988147870613,415.76113333993857
10.077,2349.2333076473897,1599.2883336533723,373.6761179151447
10.077,2080.2090041836286,1710.2676613494848,482.01198351826093
10.097,1884.6367399881115,1694.027790288164,477.3902205524647
10.097,2076.800462658568,1691.934229395652,355.69730091542465
10.099,2028.478370720703,1535.9699740094388,346.9520336688592
10.099,1969.2419335818972,1610.6985856979095,395.65186784134045
10.118,1955.8993093056315,1618.928124752393,377.536173513924
10.118,2248.3682931792546,1639.5208739861334,437.1306053611576
10.139,2232.3819078376105,1620.2438076324527,431.08118068249365
10.139,1913.7318460117363,1813.9017929019878,387.0179607541032
10.16,2012.3732768942566,1547.448736965699,442.50293380555354
10.16,2186.193353048323,1715.237667914805,424.79150597782177
10.18,1885.658085077584,1737.0053491314873,492.8160201742094
10.18,2280.877878141502,1401.799603142561,451.06187618191865
10.201,2115.151483495139,1603.9636933608688,477.66390247008064
10.201,1897.2253313543692,1661.274435902636,443.31494113130043
10.222,2234.4182352443936,1587.811297850519,375.26662279538937
10.223,2175.857159351941,1746.3594551215388,430.71216927981743
10.243,1968.3896435899496,1595.3639489214497,439.76285041856937
10.243,2005.5406634461474,1615.3534280924844,382.487053423129
10.243,1984.8626912447644,1704.5325235473642,460.41415381485547
10.244,1647.5039289235547,1543.0102903447664,510.3099179335961
10.263,1925.9510248975666,1610.5431601978514,438.4072663058938
10.263,2017.7859700682388,1706.2806999623422,421.5249301750064
10.288,1917.6583616513497,1914.106915188931,502.6498101087413
10.288,2155.3867736759967,1548.6416153385312,364.58859650176726
10.307,2278.4009956495292,1794.4718250730918,473.1607147949936
10.307,2114.756048534357,1771.6250535629279,471.9621776912893
10.328,2207.337061165987,1613.4873406112026,429.06822182329455
10.328,2201.659826243233,1651.7130955295963,441.2627760453895
10.349,2129.8041826851713,1499.1181586771154,469.98949881095706
10.35,1731.0486797151216,1457.8302380007437,428.94497478610975
10.37,2223.1894584172546,1550.3585944667343,456.49525516887695
10.37,2246.454700971043,1812.7475069593277,433.8063153378347
10.391,2067.9883873380713,1868.4166052505814,429.9332561894111
10.391,2065.709774673402,1707.7335627579007,450.0829856475857
10.414,2217.209928889781,1538.1184853857992,463.463702715758
10.414,2323.3133580072067,1659.57822633762,430.2946675509687
10.415,2144.7968322490447,1786.8253987949636,369.60295638052054
10.415,2290.0935146228794,1697.7030612540445,448.2813630076393
10.434,2191.1279129166983,1650.0957647295015,423.19324232153383
10.434,2000.105164800378,1821.3590161746006,388.42090918692736
10.454,2222.879257137692,1588.2034245178845,418.6467925695484
10.454,2054.443647520863,1763.0882598141723,422.7034706890038
10.475,1842.7762070929336,1772.2396784574064,473.4366501584857
10.475,1980.5943839913223,1714.5774397900404,474.36143537462965
10.496,2194.2095491129526,1638.8040389611817,420.9366517485932
10.496,1918.2790570388281,1770.9442194594376,401.79671854404734
10.516,2278.639843460713,1431.667567208426,375.89324566827287
10.516,1882.8560467897742,1560.6493054159916,399.87783935198536
10.537,2438.46452379675,1704.5838423280068,420.11122461404364
10.537,2091.554601839094,1680.2558750950814,427.00288580722014
10.56,2100.3151921543567,2001.8381734441164,455.6522076492774
10.56,2035.5252201081769,1853.1200158634347,461.7744090234044
10.58,2000.9880154734526,1427.3556080584178,449.31400817962674
10.58,2032.249054015498,1474.170027180326,442.4776136877666
10.58,2069.4295103136333,1740.972186033687,435.97521298024475
10.581,2058.64802420095,1742.5017366419686,435.4900717279722
10.601,2086.824406499387,1441.1104802511713,465.0524207558683
10.601,2308.240587078555,1659.6687005448755,508.0725919543312
10.621,2430.4386896513975,1632.4074506280967,409.7175550824131
10.621,2366.4097843774516,1507.84546570423,441.4309631771014
10.643,2405.9925044198203,1762.987948401147,442.40746049266346
10.643,2521.145655211095,1749.853759807254,452.4983768341803
10.663,2124.840777222206,1561.4478882459832,413.4099574134803
10.663,2262.4356784085517,1752.6492348489521,429.0276746757943
10.683,2059.6871630463907,1825.6074938597885,401.99328663939446
10.683,2125.0283180289703,1917.5619244111622,351.6233769262674
10.706,2389.8029899890826,1710.8650957096675,407.4357376419937
10.706,1937.2008937915734,1686.3894282448011,518.4018785425187
10.726,2406.03172920086,1588.5024878502797,362.0948842489629
10.726,2227.1624606833284,1932.7962555850336,400.2486448593261
10.747,2507.4573607976417,1595.8282896263472,479.6639154056217
10.747,2257.365816524193,1834.5286728670794,412.41951061674706
10.748,2117.020137963153,1777.7618886181651,462.9168521332192
10.748,1877.0184603408618,1812.6316068485633,402.5812834990037
10.769,2154.943197524014,1799.391518758684,449.52050520449194
10.769,2208.2976328321865,1605.7017664678588,436.1527525528463
10.789,2356.4689634086803,1730.402742287562,346.8917325997656
10.789,2148.6212277804357,1797.3811828076773,443.9691378079413
10.81,2258.160883503157,1693.842703556717,425.03541669315484
10.81,1929.6136852670338,1748.255052661904,395.2251344833968
10.831,2199.4183017636083,1728.8874387681594,423.05981699981214
10.832,2241.0220069462766,1736.381130925619,424.43483153380765
10.853,2152.4814994347307,1688.8466863661909,459.47321048676076
10.853,2278.40888283288,1463.0216650519276,421.11321179067124
10.875,1810.257601659392,1661.8121562975864,466.20130863230315
10.875,2507.3723204487674,1571.2672688359019,467.2167942523068
10.895,2075.717687119643,1872.1259454213,430.92746372327036
10.895,2001.0855579284298,1623.198854022864,453.58324743072967
10.915,2301.620554594028,1787.1274938513175,416.89296829276384
10.915,2033.2450583225384,1740.8954980212122,454.93757745197007
10.915,2185.5344761431297,1580.9112655277909,449.7757112261026
10.916,2206.59858256901,1654.7912882251717,504.52035839098005
10.936,2496.137894573494,1596.9631328859766,451.80388029133445
10.936,2433.74787554055,1697.2642499746557,423.9177740487203
10.956,2172.0910833607377,1435.2275747596177,456.40892368027266
10.956,2028.0866452300268,1515.8250548766246,409.6290682431381
10.977,2296.062059716907,1780.1673202477082,407.11374591406377
10.977,2185.424800836118,1594.679027526838,364.88821246680845
10.998,2184.3437107017467,1489.6650514034766,408.29766945970783
10.999,2003.3190515994834,1657.790252700821,434.300256741823
11.018,2145.535048772125,1611.3541260319037,465.26515267646624
11.018,2169.75117946578,1649.7197316223044,428.62577039080674
11.04,2058.7292998306784,1544.1679483101493,468.2456528764101
11.04,2033.724675123624,1410.2104403141334,396.159907333439
11.06,2248.4306817862553,1683.7722023380486,471.9346417295447
11.06,2097.3989596837077,1819.6951255395506,396.551459986636
11.082,2516.5403826343436,1682.044092209033,468.70774491970764
11.082,2283.2857274813273,1605.9984855418984,464.0561639405932
11.082,2078.3667207510607,1600.040676203566,444.62026136265507
11.082,2147.9902734837838,1702.6460843893976,372.1664448389677
11.103,2260.3550854950104,1633.369924395852,429.4378616404464
11.103,1714.7646913080987,1705.3304280707223,440.86826187678344
11.123,2021.4536370829946,1837.4440464201768,413.11512041796004
11.124,1981.2464725266163,1613.7260928564506,484.61109108047333
11.146,1988.479953392649,1568.9322319998873,420.67231601086996
11.146,2209.6999205229163,1677.1929093780675,433.1983637770225
11.167,2135.53811408771,1699.9976682904205,363.7841022619333
11.167,2163.2653142115514,1477.2237180363313,449.6270524468146
11.188,2073.545169577095,1555.129469963103,448.8680693492317
11.188,2245.131721714842,1812.1596424741242,459.1240473344117
11.21,2384.709080301117,1830.0513279051602,422.02849485078525
11.21,2151.8320257414994,1728.1072873890105,454.5367878663207
11.233,2314.291473448497,1633.2502017628829,447.6309267626747
11.233,2101.6047060343594,1757.5949928220352,424.5544214695854
11.253,1963.5662865888853,2001.169523772323,449.9353910269519
11.253,1966.0061881598651,1446.2908601573938,447.81109684094304
11.254,2327.5256827648777,1580.4830226618049,418.6826330598388
11.254,2009.349780373841,1624.6360075809614,406.2528495834975
11.275,1833.9945513064758,1844.831419257403,539.3566007701808
11.275,1817.3857182544991,1550.0058241476447,389.56963610525366
11.296,2092.1234563927055,1724.1432104189782,438.498131263563
11.296,2116.1508594140864,1739.8034345014476,407.5268230382412
11.318,2281.0911577755087,1540.7620141579412,417.0980604398039
11.318,1904.7385158770346,1693.5045134003544,472.290579769117
11.338,2379.701916264281,1705.7824800834308,436.33198546167904
11.338,2312.1217262547348,1839.188511108194,411.9309044883915
11.36,2286.6941203678853,1751.213532472078,425.2922536818799
11.36,1976.7093240895706,1698.5680946369102,434.1151486940113
11.382,1791.449990401266,1580.7274600523783,476.8194077625784
11.382,2096.7945309408474,1601.1925926400677,424.4684786016683
11.401,2011.4143390603565,1638.272239041512,466.87223198354167
11.401,2295.294646428617,1622.972766648604,409.26734738806203
11.422,1738.2313095663073,1683.7453248715076,436.2777041439829
11.422,2110.6315166770178,2008.624302273209,430.41230632280764
11.422,2044.0719840419863,1637.8671251100106,429.5870635931418
11.422,2310.8379794716566,1676.6558346283832,380.1725860016328
11.443,2362.8162656296013,1700.3459755524516,456.4413906718142
11.443,2295.077432830773,1634.573313751797,483.68335983831537
11.463,1982.9297819966566,1415.668392684828,391.4186949601866
11.463,2027.9199704438154,1708.970822210947,435.6087144893407
11.484,2026.0133094749299,1823.780168322897,390.77524968354624
11.484,2109.786880767888,1592.9657756528898,385.12898229518873
11.504,2351.5286767075618,1698.0677975939016,432.53880655545254
11.504,2411.5534169147763,1751.1561995657798,423.658023694511
11.524,2153.9484102820425,1662.8480536696034,414.5407920801403
11.524,1793.7890240541346,1489.056942842153,410.0730077907527
11.547,2210.7782377144567,1789.6756895939352,467.57170432857436
11.547,2036.1015261845241,1886.8812936459105,425.3575917657676
11.568,2177.4218399223005,1552.8166374543446,435.0752648324345
11.568,2124.802740944115,1613.6630634782791,378.3759735724335
11.588,1981.92321967342,1553.334314589529,426.81515620599214
11.588,1901.4446135618782,1664.7301416141215,399.73971955424037
11.589,2226.1063339244984,1586.1209792209834,464.2168548938802
11.589,2211.448019705131,1574.9115670664603,365.3673106419954
11.61,2105.872894613676,1742.2511369680944,391.8771541858291
11.61,1909.143772157432,1608.4187939443846,419.0567711728835
11.63,1954.460239971781,1583.641150993189,504.4046166676974
11.631,1859.8182428138546,1781.641986262891,435.64113642306876
11.651,2107.8404991562156,1683.6645439763142,347.1062868118475
11.652,1997.2725259059964,1667.3008542701957,440.1790302277145
11.693,2206.7158742981073,1725.0577721183076,416.32269162361115
11.693,2096.5747661580335,1742.0066256983625,421.21174704295424
11.693,2245.8201437986936,1518.4260530168299,408.42871551720214
11.693,2098.222543444054,1574.6544296103318,412.27979787032285
11.715,2120.1131222829417,1503.520585066896,423.77053877423606
11.715,2279.7440701477003,1645.4640894865497,398.2217378678431
11.734,2024.5128167485866,1601.614337582168,448.4444767040637
11.734,2011.7218814200498,1596.726287677375,472.6010566814957
11.754,2146.3371414091357,1914.8218885391757,439.26914507973027
11.754,2257.497763908982,1753.6236731212518,401.460930907509
11.754,1992.9266369220077,1830.6217382367827,443.64041446608206
11.754,1879.59543555745,1349.6403373337612,459.75089495624104
11.775,2269.932925070261,1877.1815552106511,425.7215291780992
11.775,2100.079225761984,1651.8853793107837,424.0897072868591
11.796,2272.5941118731803,1922.8575834589403,445.688394393198
11.796,2231.6905319996545,1723.612886422574,489.93363387373995
11.817,2081.8102610764495,1931.135312131855,376.73368973478307
11.818,1933.2660854039232,1698.5109516366572,395.76951299089967
11.84,2262.2002617957846,1781.229794941855,448.53470464073587
11.84,2042.437283942297,1720.700697297394,439.7065322305995
11.86,1871.9713271986593,1488.5182885411962,433.98563618930154
11.86,2143.4574493950527,1568.4275707689208,423.4593445546547
11.882,2465.227785687125,1554.102066627209,422.9953664747897
11.882,1975.7339373222344,1644.3482117486367,484.1975016613138
11.903,2134.4827508672665,1607.8755001819236,492.029978069093
11.903,2180.061646817967,1705.3233306784032,443.27433435561505
11.922,2015.3916108116243,1641.1684987640974,398.5317847210584
11.922,2120.340097437517,1616.0866974915652,448.4126889239866
11.922,1955.6719108408247,1816.1821210202684,472.20253418717164
11.923,1993.5001494858561,1842.5117045985623,367.86494502084133
11.942,2060.399567600907,1843.8624543742872,415.9402973899805
11.943,2185.4085136758035,1629.8102309057929,397.2176434623761
11.963,1990.424915234067,1558.6113816368065,341.6170971734106
11.963,1852.5426730767506,1742.2394847142043,453.72083044707733
11.975,2152.763953373005,1628.2329023097861,440.1285248356046
11.975,2123.470456707296,1687.5547908421693,428.56404123048424
11.997,1992.6511945307777,1676.332582224289,442.48862346499754
11.997,1987.592618384572,1854.2995224604697,467.6361547819721
12.016,2082.876906886521,1707.819401701191,488.79854814062685
12.016,2195.9082638704053,1783.8916829501409,468.8322673880594
12.036,2121.498312991922,1625.092449614684,423.0292808837772
12.036,2087.9390623070626,1879.1648714646376,509.0638907559522
12.057,1780.8117770323333,1611.5486922481932,441.64813389190874
12.057,2070.348715008439,1764.1737679215641,457.8997567725009
12.077,2294.298290346846,1855.589916737822,415.6318628727585
12.077,2111.4070222140526,1440.4341462434486,422.32786113962567
12.078,2018.7983884437165,1763.9337035449516,447.6752958460429
12.078,2416.3916057964934,1548.3908901388384,417.76027948363486
12.1,1944.0688423602203,1793.9491906456394,413.90270687770044
12.1,2057.5468073894813,1633.13329857362,479.3169865252527
12.118,2310.848995833903,1708.8856912125761,464.2093893212657
12.118,2332.999495850347,1676.2133090448701,502.19343000574634
12.139,2345.7913798586255,1877.5804757592414,434.322432064663
12.139,2049.2608464711516,1779.0396661102818,455.9593473939532
12.159,1921.2617733843435,1616.4361124768348,361.97959894629315
12.159,2101.359224330835,1615.5970747031513,401.87095227282566
12.18,2100.2734064298484,1762.259650050702,437.9793723380898
12.18,2355.8328045141466,1517.2200018942992,387.243781926903
12.202,1965.3364834776382,1693.6802318610366,419.4647711878909
12.202,1864.6393755422516,1594.5579941375677,362.5321487411173
12.223,2210.3587140389354,1661.8498363953315,452.0510035029607
12.223,2007.1532593888414,1715.3966137804512,440.7293242556364
12.243,2112.538191316207,1742.879794419847,487.1989730233446
12.243,2010.5446123774987,1800.1167395884825,407.2169598811524
12.244,2007.9340529684566,1693.0438498272279,399.11780136405383
12.244,2166.377986232955,1688.2492178181733,476.6593447257157
12.265,1991.7944726853395,1646.3401243072506,385.9653274386714
12.265,2225.1486383228635,2003.074660211682,438.01687238994145
12.284,2290.8308011909066,1764.565727935012,425.3881211642084
12.285,2022.4500871157322,1492.6629784520667,401.89559716826886
12.305,2104.838614003741,1687.5053711878015,367.94231646187114
12.305,2288.870483945544,1770.4116286183867,442.09924667872156
12.325,1978.2560012539875,1797.7931231064229,428.76269443329727
12.325,2065.0145270388493,1622.2594551182726,388.01349468030804
12.346,2167.3761804300766,1705.9898065324649,418.5879198686688
12.346,2356.820225110619,1731.7136965327434,397.7308158747784
12.368,2155.560812111512,1595.759800791657,428.1962818907007
12.368,1978.0411406585026,1752.4942005570333,411.595293187148
12.389,2143.196351982624,1745.1013249859764,431.1507278223534
12.389,2180.1450261222976,1649.7003309287445,385.2255122685338
12.41,2265.4258874194315,1607.9954147010224,416.4303698712372
12.411,2267.8168135962624,1552.7767075659212,366.4414044678854
12.411,1844.2441543495102,1669.705428325827,391.9978676537729
12.411,2064.8440388196805,1620.0324247680796,420.3073227787692
12.433,2169.1513432414736,1497.4384488873643,447.86567185301897
12.433,2131.612930084133,1663.0052404807577,452.7325324999268
12.454,1967.6035744860678,1875.4208529780547,473.9520399869009
12.454,2105.797990148237,1696.6915907286177,423.36786913093266
12.476,2222.6700006904657,1692.0640145869468,478.7497198380255
12.476,1849.991877293001,1337.4340037421323,435.5999973987208
12.495,1960.6014745539856,1870.6611730274763,401.79650607464487
12.495,2193.7941195453554,1704.492259218737,400.7101067743676
12.537,2171.978033486819,1596.56719964539,421.28716223898095
12.537,1960.2877478123257,1829.0781253006294,485.244311971774
12.537,2194.517455772403,1626.0991569015753,448.0586946679508
12.537,1990.375399226241,1542.2733644134564,412.3129665357243
12.558,2153.06099729824,1759.9116671001834,382.4434507380377
12.558,2477.400430190327,1602.220707788762,445.4057285089327
12.578,2291.199684286178,1577.1424527738654,442.79423446446674
12.578,1848.0868975572823,1549.4880559493831,433.65927027353604
12.578,2210.2230086567433,1627.3234124868836,505.32553517196044
12.578,2139.3246824566577,1920.8045446547076,418.00278505141364
12.601,1984.7847143269169,1803.4521810160916,451.7284989934199
12.601,2192.6632652591466,1693.0850240899258,357.224277441156
12.622,2023.552755091466,1840.616431613516,408.5092528126731
12.622,2006.9694461377744,1896.2406649974168,376.591050226126
12.644,1989.9137352664975,1743.2759097083413,390.53848959493973
12.644,1996.9448414350732,1555.1813121611608,437.29536358771287
12.664,2034.7765531948367,1529.9242622976226,431.3453178684876
12.664,2166.0787294042875,1734.135230529317,453.4716580545538
12.684,2345.0059247207205,1613.6301045101845,398.1575407719053
12.684,2320.87922818318,1406.8175761697478,439.76378486298563
12.706,2196.0451183502632,1847.1047246240917,460.62395662602165
12.706,1923.7627039900576,1785.0220291977491,457.70241175333985
12.727,2004.7252381836943,1645.649615232676,426.12661510291963
12.727,2223.497014498057,1813.2213284096583,417.8599131943828
12.747,2077.3089026604403,1611.537224549593,394.0500635843782
12.747,2221.706032743953,1681.2771151013774,457.30646689865966
12.747,2139.1518446736936,1767.0300060321872,480.33032851334264
12.747,2082.932625526643,1775.9123618852057,410.81117877290814
12.768,1800.8975742412422,1854.1278149651837,393.818685302528
12.768,2269.1747637223216,1686.5761500312642,471.75475968294325
12.788,1806.8748613187186,1969.8365077895774,371.9567929790602
12.788,2086.792242892893,1459.6287367089062,455.67385881954027
12.81,2375.884624194592,1699.3870826532475,438.58828368325675
12.81,2104.884717522952,1634.6202941925246,353.0470766492303
12.829,2221.7535883048395,1758.4157159283016,406.5048332723267
12.829,2134.281614349636,1783.8976949984203,380.760805962503
12.852,1986.9625918136542,1609.7119680469727,470.995706819288
12.852,2069.6488280218937,1591.811634588775,377.72372080071324
12.871,2168.520495744317,1950.4300920795158,434.6610084078415
12.871,2135.040227862342,1659.0647320091896,434.33963858241094
12.892,2357.7187014157857,1693.1242236048492,431.62926919907704
12.892,2329.0445467317745,1840.1392650957355,419.14418426436464
12.913,2094.9458618762687,1600.606215483587,412.51541078793736
12.913,1924.2281925924744,1585.717752821807,445.02332212971686
12.913,2275.4291427704607,1646.9567942278206,509.38107167223274
12.913,2046.3666405341435,1853.752187265484,397.15129355219136
12.934,2030.559228280492,1650.6264973244329,401.6777109416584
12.934,2075.263644983487,1672.5318599687537,392.099710491342
12.955,1843.3344429479266,1775.380651604234,448.00304325974014
12.955,2162.6394197066693,1699.562281062377,425.9779564601647
12.977,1814.841309003821,1665.245914185972,499.227212632652
12.977,2283.2369774682497,1665.697502276177,379.8545752393551
13.021,2006.9483137909765,1771.3829832136248,392.44148124170914
13.021,2346.899161083785,1682.2498376458698,409.46165752002344
13.021,2134.3413074144646,1728.2778043195406,427.7997164250954
13.021,2262.4307881640675,1754.1799927140064,475.82633803893077
13.041,2001.004743973245,1744.5394435611365,435.5190688905313
13.041,1982.5406267950782,1607.2939844165096,459.50057942716523
13.064,2119.3509898253424,1651.4844789564202,430.3173644868384
13.064,2108.2238712715102,1818.6717654345837,416.66895251897193
13.084,2031.8480589165667,1717.0666184259287,351.5303844557599
13.084,2229.5308218465875,1725.1913200753752,440.67285946737366
13.085,1917.2657221136258,1408.0429198441066,403.48368724478075
13.085,1940.1301570748558,1555.6819484394068,452.88506290037566
13.106,2280.6160846105,1880.2525718239906,443.5102139262673
13.106,2212.157859136676,1673.1224212391064,514.322050810353
13.126,2082.2650461913845,1565.5749157153455,411.5095177154663
13.126,2044.0531262207771,1703.0994989722437,445.3165574571083
13.147,2360.5333157569476,1509.5211912711477,437.208901738462
13.147,2371.0661020519065,1836.6752148906867,450.3901190930997
13.168,2180.8415686182525,1793.749967692937,423.8135352698094
13.168,2346.7750503281986,1861.390787350681,440.11866226076404
13.189,1848.39834947112,1524.7173480987424,458.0444842516524
13.19,2091.108222439393,1751.2410334812905,421.08827305204784
13.208,2164.237997583512,1676.942485869598,418.64494528853083
13.208,1890.7448088325918,1996.1162699006488,438.5035709570486
13.23,2164.311405458793,1813.4691359341641,465.50829704285286
13.23,2070.271496391865,1762.1965093308486,377.21515108818494
13.251,2189.7080573088665,1658.8636544084286,424.9294557079545
13.251,1611.530048860925,1752.299867577333,379.22604576533837
13.252,2228.898820255987,1673.3509213818318,439.9724313707596
13.252,2063.463401426931,1714.8274004345903,369.7544570809765
13.273,1910.2029849150385,1691.6360015201478,398.515004347881
13.273,2034.9754413355827,1598.3080039227486,469.69085423226767
13.294,2049.178601512944,1810.8689353998548,386.73166266208295
13.294,2164.1956704242943,1792.7279021917834,441.78304934890946
13.316,1916.118862803899,1547.2526836377792,382.5592110293973
13.316,2026.7920306749843,1615.04811403023,433.44268622993695
13.337,2306.0209360167264,1767.8254144395712,431.63693466780023
13.337,2402.129734714255,1840.5179569751228,374.6606112167577
13.357,2163.561120040129,1847.123835716644,381.14943282112955
13.357,2024.2205414560365,1866.8716023604454,445.42457084233325
13.377,2142.533421442366,1872.751948338139,422.17874258432937
13.377,1952.0363721837111,1477.1602770952095,539.5845330796383
13.399,2023.5295801491936,1487.504580408353,425.9679852165472
13.4,1909.9867696169315,1608.5662155370405,347.04665366837753
13.418,2042.425876586303,1752.8692510581839,414.4483091712159
13.418,2348.917702471731,1843.9608110470533,445.6652413528024
13.419,2134.136501297102,1485.1528735557279,423.0414857344676
13.419,1850.3998471909385,1585.077588812289,435.6971609619888
13.439,2275.43189439518,1921.1172757655393,419.35855906614654
13.439,2339.0037560627325,1823.969702815838,391.57736082232327
13.461,2092.633843402683,1797.8178184460544,475.9842679633368
13.461,2410.8399269461274,1609.6691287612455,388.2462488453166
13.481,2063.9113597770233,1486.2910447680492,394.465021291917
13.481,2285.6077466208408,1651.0294632384907,449.23037101393425
13.5,2001.0160496996982,1633.3331708499204,426.3097705516575
13.5,2016.8943435446674,1613.2030987190524,421.7704658032319
13.522,1905.8320813655334,2053.0060017233086,480.7548868080558
13.523,2073.070189909973,1474.784613170638,389.3193163709243
13.542,2157.8338396636705,1844.186060503245,399.56524038703344
13.542,2287.173010891308,1694.5571708156403,392.51166697513884
13.562,2057.490484649761,1693.824989666922,400.50090420434867
13.562,2146.772863579265,1486.2516972004746,483.5979659317135
13.585,1953.262611864735,1841.1920962386635,425.5739205171016
13.585,2025.001806539159,1558.8550314040808,454.76226465937657
13.585,2151.2768818966592,1699.177657137318,442.37175938776824
13.585,2057.849214633351,1820.9254630199864,443.6294196078885
13.603,1982.676075020594,1615.2686724378725,467.7632789326094
13.603,2408.360287418667,1558.1044409725216,434.7954746846335
13.624,2232.3834708857744,1848.1310264019899,441.27355286877923
13.624,2075.515565709282,1860.8625615981723,415.4070148398414
13.644,2245.0388263627374,1718.7856578916744,408.9674440297691
13.644,1987.6655615351901,1732.417566276849,451.6272727840376
13.664,2198.2686415990242,1881.5285043293466,408.5627236581372
13.664,2114.4729716416646,1792.3252070344925,419.9897092501732
13.685,2296.26497675018,1650.4475059143676,445.5548318945134
13.686,2040.6868958075634,1661.1510243877317,472.27754146622806
13.706,2122.5719155916486,1709.2236477073507,411.66150915523326
13.706,2146.14091510772,1796.7496084307252,510.421679676574
13.726,2033.675307930532,1669.6963337078741,429.1652345208461
13.726,2249.628891580174,1419.094864524854,399.73113523966157
13.749,2169.92817396296,1966.4110094625466,375.3221999361045
13.749,2206.9037269561863,1770.296806853915,432.45243767752277
13.749,2016.9566598909212,1724.2033788769613,470.3802202193183
13.749,1892.1411326250513,1823.7880645985695,402.290490025037
13.768,2213.9737579101243,1776.7643386466957,404.4445937558044
13.768,1784.2902895707625,1700.3191990685993,441.6849980340259
13.789,2116.8069920047255,1807.671241229172,414.3788078063011
13.789,2004.7326338948649,1617.1342322724067,466.8336920093729
13.809,1954.8947147699723,1853.9095547690952,414.7443231935933
13.809,2462.030110824786,1408.7127784912523,412.524142976128
13.83,2316.259647748729,1760.6814604441531,457.36203752115387
13.83,2200.98159930382,1632.9283292797118,423.6927899568828
13.851,2358.7502894322,1622.7899296851006,417.8743060899144
13.851,2146.7383502266875,1791.334284178665,435.19705263066385
13.871,1745.8818595280761,1604.7287450236781,443.0197784295032
13.871,1917.1606330968957,1785.2651499391725,458.75125945152456
13.892,2198.170669548886,1749.822663773712,449.37152818291435
13.892,2107.9860582823358,1506.630043110022,436.4181413339909
13.914,2137.4377503741125,1421.309111199633,435.9662456381044
13.914,2278.0927427059955,1913.0405060128742,466.3334415142086
13.914,1965.523897630611,1775.2292426077493,461.7832972868905
13.914,1886.9574237280788,1720.037391194563,462.96594040762886
13.935,2067.9174432752534,1481.9701853864917,411.8991251895317
13.935,1892.6095244974122,1710.9300827150053,429.58760679663874
13.955,2084.5303297719997,1559.6991190386796,434.4168888357953
13.955,1907.2665115588118,1787.5789287431865,417.0541039919581
13.977,2082.700159417883,1637.167911163315,437.22558654568655
13.977,2039.6252052037828,1598.9624465157756,473.4821478049806
13.998,2270.8335699331956,1682.9846694880666,419.9167014386106
13.998,2026.260034806836,2031.8153210773166,482.79379877556505
14.018,2402.6407916255757,1844.8670029071686,480.4317799712974
14.018,2190.1316908318204,1863.9366749095277,471.37474225945476
14.04,2403.3304099483676,1757.841773896445,474.0207127260049
14.04,2448.3589811353395,1705.204806002294,447.057963938331
14.06,2098.970620103815,1673.7064578756847,439.3746708400795
14.06,1919.409519172601,1532.791426782497,474.929125897272
14.081,1842.8723916863446,1597.369801369756,410.43824733640076
14.081,2116.7414798219193,1668.9864427549899,470.2292148876596
14.082,2184.45659362085,1517.3010498611957,418.63033710244736
14.082,1965.2643089260544,1675.8024475634493,448.1794888549429
14.103,2327.53659626278,1663.8121605190606,472.4506619453594
14.103,2309.257663332977,1886.702973775074,465.0369014913867
14.124,2476.6569278417537,1719.4256525179082,439.6268631349017
14.124,1935.0625881161568,1629.3934862014423,446.18658929298033
14.144,2454.9461404877734,1801.635190149763,497.5310711589061
14.144,1876.685360849951,1849.3978205419335,489.9577771739493
14.164,2199.1255449520586,1763.9515324265692,414.5919966660413
14.164,2499.72166894117,1844.2885433979463,396.6104903520767
14.184,2175.2442657068414,1716.7985838452507,421.4082521060261
14.184,1979.1104815008641,1825.9372596247101,394.37214214313025
14.205,2197.932215686717,1619.014203702623,327.5632233850309
14.205,2151.9177129890913,1814.2914840340834,403.20830666005156
14.247,2119.579447191531,1674.1744697611393,428.63874179772824
14.247,2179.729731030576,1683.7529317129274,391.3143918236041
14.247,2171.8960317013457,1869.960106909895,418.4578034659095
14.248,2000.1790139739383,1622.2995357649097,429.6319603114902
14.248,2176.2695549911145,1750.9028669141558,439.15128577554793
14.248,2012.9450541113429,1564.1591185797276,404.5739247198187
14.269,2102.2527962528075,1813.8489225718417,391.8935387243918
14.269,1970.3479710490305,1809.804140334646,423.4565605901975
14.288,1866.442096598401,1657.27180709849,432.4527639926257
14.288,2270.0993163872104,1837.2076125830617,426.6294411709655
14.309,2280.4646569116603,1890.3429851004041,424.7273974566617
14.309,2111.0523101505123,1621.8630935265592,409.4041298491885
14.329,2133.9939750662033,1635.6914265313135,424.42594925639224
14.329,2071.134845882201,1883.4422491250486,391.98804012765413
14.35,2208.513328468622,1647.1999308752718,395.0178541714697
14.35,2069.883595952399,1811.3116975262094,424.4118789456756
14.371,2234.2407196033796,1622.2277531441491,433.8363649002169
14.371,1755.048014671745,1540.2465603422797,421.3780430252787
14.392,2104.2891035989055,1818.9567336361451,484.8043835706809
14.392,1929.8991122551554,1644.6335019286141,378.524523364106
14.433,2274.4734780577396,1645.3638869499553,386.43938046914025
14.433,2363.862991579504,1654.8439791304565,478.51827684734036
14.433,2330.8775516954743,1683.9411899597485,452.6545244449012
14.433,2231.8649309123257,1835.1997980764734,418.1901284343841
14.434,1921.614463636133,1707.1362046589536,500.12613104334616
14.434,2212.8118294274277,1646.9595524659721,461.1123228131069
14.454,2515.5567665721496,1971.9327700564372,394.60449642983735
14.454,1848.7579165567531,1676.8344429893473,388.1267186374181
14.474,2154.977803607927,1783.2145635720663,354.5233255425441
14.475,2018.3672852574948,1512.9182616619885,393.12688333155006
14.495,2137.6591202214145,1529.4350511484263,368.45455599421587
14.495,1885.3485861207853,1485.8599302148957,404.9778419817826
14.515,1851.919286997179,1526.3850596787847,413.3056082630842
14.516,1916.7094868680406,1779.557742545384,459.98720899631286
14.557,2203.6619918245588,1613.2296744764615,439.0391962743069
14.557,2227.80124802328,1667.682740951659,386.0688307534165
14.557,2027.0384765963283,1659.9254096878415,442.85585877902787
14.557,2286.8062356088876,1885.675678858906,398.393075279697
14.577,2405.5155860318378,1895.1424919994113,503.00609573386635
14.577,2122.272519567489,1822.3509758404941,418.04957514885507
14.577,1893.668904993037,1614.1658429278455,427.32928611782603
14.577,1902.9237624658256,1624.8321450701892,425.6264116818933
14.598,2456.3669763355965,1776.2411582807686,435.9893441460849
14.598,2491.7708949333505,1608.27960650793,369.2503018111577
14.619,2183.4417235048677,1602.9947503610945,424.2986144231271
14.619,2470.966024706294,1592.3462599754132,456.6994273062461
14.639,2189.3269559099163,1684.782641180137,454.9652647246408
14.639,1917.951868001136,1695.3130960782391,406.0259809339451
14.66,2044.4537296913477,1632.3403534558977,462.3336158575128
14.661,2140.843671013645,1764.7383663692278,460.1116035156203
14.681,2189.548450213195,1526.3005674289332,409.7584526844985
14.681,2282.7204499557242,1657.6962078453648,400.70188037199944
14.703,2262.2142710015232,1701.3410060140318,422.8836287254666
14.703,2128.0475649011278,1588.921674585788,425.3468435500339
14.723,2305.793523818726,1582.5306945356294,459.278759536527
14.723,2141.4376268057085,1771.9483801621834,402.14868916709764
14.743,2171.6386603461083,1855.8571313470934,400.7112321663543
14.743,2115.023183481851,1761.9980588420112,419.5300761517077
14.743,2176.545731211257,1608.2122914617767,472.54126308843115
14.743,2252.6937492774114,1439.5542043113787,421.9281173071349
14.764,2303.0206929049546,1622.0141666411823,474.32594668384223
14.764,2117.0645049901123,1710.1465773917578,422.6413700246458
14.784,1964.4954137917716,1809.294112520542,431.44648558527837
14.784,2078.2777720856766,1811.5701048522121,443.8539940530814
14.804,2152.3642563997387,1619.6340159871497,404.4339599591008
14.804,2098.688159918642,1582.5650912734661,465.36515204335967
14.826,1919.6396452931076,1693.0162907687468,354.3692702269642
14.826,2038.2887671971696,1849.3144926238817,478.9623164396509
14.847,2252.051678458756,1823.3886307604848,454.1610974758937
14.847,2090.1520910790755,1507.3416465200382,503.5853966623907
14.869,1995.4005147883092,1747.3946510319674,421.10259112356465
14.869,2211.4873628725345,1743.0945647078638,421.7934274251377
14.889,2324.0938458558076,1718.1824612639202,500.76425669686824
14.889,2411.421772188606,1838.7528655503445,462.15915185767767
14.909,2058.457946499231,1601.116921717962,436.1334383576268
14.909,2198.5277366009796,1621.330238833401,395.35539943631517
14.909,2220.1278443574856,1652.672988913101,412.16064055082336
14.909,2073.8958726180504,1682.8588092406592,420.59392793101705
14.931,2161.405485815175,1692.687441593585,462.79469765749775
14.931,2045.6182620635884,1778.2749503290045,394.2956630397503
14.951,2140.1733448274254,1673.877819523659,365.0728913250494
14.951,1827.3661423682329,1462.4775948537322,491.3475864201085
14.971,2462.0727427074135,1753.145484435139,455.6299350132466
14.971,2407.7842941524027,1636.054604066136,408.06436795811493
15.01,2252.589094946587,1675.2004025018339,481.7921796307684
15.01,2078.7826988693,1812.5961035793596,388.77631273675615
15.01,2121.9459384164866,1757.8243123191958,404.23326736144713
15.01,2297.9441155176314,1664.8164882038627,441.9009297187254
15.028,1891.5674909518534,1545.2550458974636,361.59577267288296
