Time,25W,25X,25Y
0.008,2227.0141829532836,1795.3737389424634,445.2649925522412
0.008,2221.4398380742473,1783.1220402484205,451.98923245548247
0.031,2221.7694012138813,1782.7753867431961,452.59566925510336
0.031,2229.8330589061,1787.3252218093808,443.60985610511875
0.032,2230.1665566246907,1786.9673853236689,444.18377750879125
0.032,2226.6831703239022,1792.5780278510435,455.1706383905065
0.058,2227.0197649379643,1792.2086033776661,455.7094210835263
0.058,2224.5831178249264,1788.3863003584515,450.9914706053869
0.085,2224.921957021655,1788.0049721436903,451.49273364010514
0.085,2222.4834955240726,1787.3429285376646,453.10986550549956
0.085,2222.8237169867202,1786.9494800340806,453.57148832921166
0.113,2219.3348952141628,1792.596093672864,453.1303949682711
0.113,2219.6756312668304,1792.1904167814535,453.5505335994092
0.14,2229.829078377592,1796.799858054429,455.25056112614095
0.14,2230.169460615763,1796.3819615504833,455.6276623469643
0.14,2223.5331111055716,1794.7071030316665,460.5196253944882
0.167,2223.8722749792914,1794.2771200751952,460.8524388430999
0.168,2220.3858076534107,1795.7624671124631,450.04802608510596
0.194,2220.7228969711086,1795.3206617512806,450.33561414521995
0.194,2228.782453924275,1789.4717680796828,456.3673593131389
0.194,2223.8695679100174,1790.067952128789,456.60910471652534
0.194,2223.5371667232976,1790.5266966568286,456.3904105080119
0.219,2219.6699477464385,1793.2108224778524,457.6354330490339
0.246,2228.7863997506165,1795.7789469584798,455.36407299070305
0.246,2229.112276870381,1795.3046416728687,455.5135864995073
0.247,2219.3442657737633,1783.1908056589828,453.28818223737755
0.247,2219.664812762669,1782.7071334221182,453.39196378885174
0.276,2227.7425063928385,1782.1457209567943,463.8049235142217
0.303,2228.056971551306,1781.653657224198,463.8636655148589
0.303,2225.646996358643,1792.6436202722005,450.18473359907836
0.303,2225.954660081534,1792.144285249354,450.1994507664524
0.303,2221.453010153749,1784.2514994668231,453.3545009993175
0.33,2221.7531881072314,1783.7461557805586,453.3265234556128
0.33,2222.506409307447,1791.5998670547187,446.02937319850406
0.357,2222.7984553302495,1791.0899160414406,445.96033718911394
0.357,2218.313059063164,1788.4533688227514,457.59272242411873
0.357,2218.5963677777922,1787.9403454395836,457.48455872364934
0.357,2228.8117560213987,1789.5037008358593,456.56206244302024
0.386,2229.0857651436577,1788.989267213609,456.4169825292352
0.386,2224.6189567833526,1791.6025679392835,454.48078489927946
0.414,2224.8831491210403,1791.0885056086581,454.3012649931281
0.415,2224.6240445629087,1792.6510908166417,440.854649369632
0.416,2224.877949697352,1792.139291651762,440.6434124564735
0.416,2225.678761041196,1791.599806610984,455.5611755647559
0.442,2225.9219566878983,1791.0922625463518,455.3211715279692
0.442,2223.5854358725096,1791.596903914982,451.37674200964
0.47,2223.817548919907,1791.0956955040149,451.11112602298
0.47,2220.442867115587,1790.5435201158382,455.58595281104203
0.471,2220.6635743434636,1790.050804010345,455.29806215015935
0.471,2222.547498457883,1790.5384451068803,457.69461138817275
0.498,2222.756526939561,1790.0564405476557,457.3879408345752
0.498,2208.9110753539435,1788.433418539759,450.35676833049433
0.526,2209.108202548777,1787.9643929585638,450.0349443527754
0.526,2221.510031360424,1793.6731251714898,452.46177421600424
0.526,2221.6950849054024,1793.2193790138476,452.12852812330425
0.526,2225.7137631385112,1783.1705021186663,450.3672378833608
0.555,2225.886620350074,1782.7343530053497,450.02637815468785
0.555,2223.6210690568887,1795.7537711938476,448.2707771932243
0.582,2223.781656155879,1795.337537546347,447.9261611933147
0.582,2221.5283938399484,1785.2488337099144,448.2712013764962
0.61,2221.676684914663,1784.854817971447,447.92670667435755
0.61,2223.6333598891715,1787.3356939236116,438.8249850109646
0.61,2223.769375613066,1786.9661655126176,438.48448052099707
0.611,2224.688887128395,1792.5696715796837,454.56272165996523
0.638,2224.8126932504165,1792.226849716747,454.2300388276
0.638,2228.8925995207965,1787.30844914303,455.60680503325
0.639,2229.004305147649,1786.9944856950451,455.28570928733535
0.639,2222.6021270168767,1782.0461813512302,462.94550804561175
0.665,2222.701882707638,1781.7631438383808,462.6396707383377
0.665,2218.4103872648716,1790.4252657334844,455.5906587009833
0.693,2218.4983829589924,1790.1751206448378,455.30362975291683
0.693,2220.5150072666556,1788.3092951791755,448.2340882360936
0.693,2220.59147006724,1788.0938917418516,447.9692696989691
0.693,2223.6689119746075,1792.4889177009188,455.56764069742894
0.72,2223.734103809147,1792.3099722456407,455.32826144073186
0.72,2225.773261951483,1785.12421044207,448.2078906801974
0.747,2225.827477132299,1784.9832915043114,447.9969823992699
0.747,2228.92686487939,1805.0434769086423,447.1431746487298
0.748,2228.970427586204,1804.9419912000071,446.9635493822957
0.748,2224.734415049007,1787.1832919966512,452.37361034196937
0.775,2224.7676767555918,1787.1224713750703,452.2278396755756
0.775,2226.8382488640905,1790.3107898394028,451.3063876062543
0.809,2226.8615857306004,1790.2916793996858,451.1967837253201
0.809,2214.25012561934,1795.5366614927202,448.13928849643685
0.829,2214.263935871278,1795.5601088906947,448.0678872384668
0.829,2227.897082486323,1792.3668945928619,448.1195142162626
0.829,2227.9017838001255,1792.433540707075,448.08806025639865
0.83,2236.296766695194,1788.147475857162,458.59309547373834
0.85,2236.2927936096057,1788.257746881815,458.6030297613633
0.871,2217.4115299603764,1789.1749839262993,453.3249014304591
0.872,2217.399331331411,1789.329084977876,453.3773509771161
0.89,2226.86017382355,1780.7577707025491,457.5009673411125
0.891,2226.8402103396643,1780.9556810105748,457.59673744168816
0.891,2220.5674116529003,1787.0324141683336,455.3802841942114
0.891,2220.5401534255325,1787.2738839080835,455.5198531443886
0.911,2230.015583630597,1791.2084460369563,464.80301162102745
0.911,2229.9815078736688,1791.4929948484344,464.98652797442554
0.932,2236.3152806339967,1786.9895127922,453.23755923584514
0.932,2236.2748694443853,1787.3164300160788,453.4648416243775
0.953,2249.9606156920267,1790.1169009625808,437.4746747403802
0.953,2249.9143539412503,1790.4852476093995,437.7452142611609
0.975,2218.4810148084184,1799.5413119648617,444.79921835739464
0.975,2218.429388154196,1799.9499244195133,445.1121835093256
0.996,2220.582338339979,1790.0769809695414,442.6795932629056
0.996,2220.525831364367,1790.524476418331,443.03383739589276
1.018,2223.732831997074,1787.959301690693,453.1535942799894
1.018,2223.6719264762387,1788.444085243774,453.5476654998623
1.038,2221.6360289859063,1790.0401425749621,441.5907911501348
1.038,2221.5712022948437,1790.560416042389,442.0229446028397
1.058,2215.3413435299217,1790.0231326760488,447.8689607841661
1.058,2215.273067183587,1790.5769049415164,448.3371732238964
1.059,2222.6887740067828,1795.2542443571401,452.04941835404287
1.059,2222.6175123375288,1795.8393432796227,452.5514048817543
1.08,2219.541860714879,1794.1900370726974,457.28052216826654
1.08,2219.4680696845066,1794.8041228327847,457.81375500971785
1.101,2224.7900146542315,1791.0282351004391,459.3647401561552
1.101,2224.7141407973195,1791.6688148954904,459.9264693322718
1.122,2231.087360624183,1796.263023701477,458.3021751213986
1.122,2231.0098401180517,1796.9274676816292,458.889450848587
1.145,2220.5939091709297,1787.8568242557237,455.14232954061663
1.145,2220.515167026262,1788.5423825816686,455.7520261847699
1.164,2220.5943642940038,1784.6990964562763,444.63822458587026
1.164,2220.514813658913,1785.4029173493986,445.26706598124196
1.185,2221.644028947161,1794.1357645022401,457.22285820642855
1.185,2221.564070516588,1794.8549131486066,457.867444139557
1.205,2233.1876127532755,1786.7833415124476,458.2657037684342
1.205,2233.1076342745373,1787.5148196739092,458.92253741780974
1.228,2225.8416012612256,1785.7289039451355,456.1620907845272
1.228,2225.761977126002,1786.4696701240273,456.8276068989183
1.229,2219.5448191553937,1818.257163887141,446.71439686377147
1.229,2219.46591006768,1819.0041538853739,447.3849904560308
1.247,2206.951393112577,1788.8716813808592,441.4661571546956
1.247,2206.873545821904,1789.6218290898707,442.1382124836015
1.268,2221.6424971445927,1782.5747784056566,465.6032413529324
1.268,2221.566044233488,1783.3250366608181,466.2731609631027
1.289,2223.7405026453066,1790.9711459569914,441.4691808941752
1.289,2223.6657623599417,1791.7185072883872,442.13341448349854
1.332,2217.4430627049023,1785.7266468686626,461.412150611003
1.332,2217.3703388179706,1786.468163980125,462.06722349619014
1.332,2227.9360598183443,1796.224764587671,454.07212243416
1.333,2227.8656415135015,1796.9575703972803,454.7146633881216
1.354,2228.9842146383507,1788.8842847218402,446.73373260200583
1.354,2228.9163764060154,1789.605611799672,447.36050084158285
1.372,2224.7851804187303,1787.8416141349303,449.8910207691098
1.372,2224.7201819535435,1788.5488133781494,450.4989318783925
1.393,2225.8330792702404,1786.8002181375218,460.3956650181952
1.394,2225.771165361301,1787.490776528287,460.9818156010149
1.394,2215.337335215343,1792.0564911585632,458.3087481681224
1.394,2215.278735621135,1792.728048457198,458.87043903339526
1.415,2214.286185167938,1791.0174133131827,446.7783943329226
1.415,2214.2311144688992,1791.6677775471335,447.3131520281571
1.435,2220.580813846502,1788.9299524078515,465.6821188871353
1.435,2220.529471269227,1789.5571140263864,466.1877154085837
1.457,2218.480056995402,1802.5845958495577,456.25275016236236
1.457,2218.432626203613,1792.6926257522102,448.3319289468394
1.479,2218.478037158287,1802.597720715297,456.2689633994768
1.479,2218.434686007121,1792.6791254085506,448.31533014663285
1.502,2231.0688770162355,1797.3645119492635,455.2364993768496
1.502,2231.029757267467,1797.9120136839108,455.6439519358707
1.522,2224.77024071774,1800.5272077382247,446.8587389365338
1.522,2224.735487715143,1801.0455229079182,447.2308948410216
1.542,2233.16330355786,1794.245699053489,453.17316794082006
1.543,2233.1330358631044,1794.7338881493386,453.5092481944739
1.563,2232.1116103293357,1789.013984207926,446.89492994208837
1.563,2232.0859293203184,1789.4713412241272,447.1944733456488
1.563,2233.1586959253073,1795.3260601847526,451.11091684385985
1.563,2233.1376853601255,1795.7521148003816,451.3737835056857
1.584,2226.8598661234764,1801.6382827825284,454.2774413423079
1.584,2226.8435916746143,1802.0328006255727,454.50381360764146
1.605,2216.3633645508285,1785.912893716821,475.2837491899022
1.605,2216.351873315344,1786.2758747050086,475.474129982618
1.627,2222.657430029296,1795.3732930895521,457.4614622929447
1.627,2222.65075002214,1795.704967858879,457.6166708844724
1.647,2218.457374144572,1792.2405546506463,454.33040968882943
1.647,2218.4555137831794,1792.5413790985453,454.4515749296764
1.668,2228.9490821028626,1789.107506000491,458.54455963366473
1.668,2228.95202969226,1789.378153986732,458.63311070344696
1.691,2219.5019857313696,1796.4681561276157,452.26377124366155
1.691,2219.5097089599444,1796.7095103917254,452.32142599558546
1.711,2215.301970735138,1790.1859407888776,452.2784887549656
1.711,2215.3144161920095,1790.3990821582474,452.30723975017185
1.731,2218.447870769391,1788.1007604407523,454.3909348729768
1.731,2218.464963494943,1788.2869554183587,454.3930332187674
1.732,2217.396170623643,1804.9042879200872,454.403341166985
1.732,2217.417813705352,1805.0649747548462,454.3812782907782
1.752,2218.4433502118845,1794.4223384613485,455.46382931836087
1.752,2218.4694244377824,1794.5591118174239,455.4203168258565
1.772,2215.292951988824,1789.1865954935527,465.9675890833673
1.772,2215.32331557126,1789.3011898473142,465.9055368649297
1.794,2217.3896905257175,1810.1852250412999,447.08630574068934
1.794,2217.424178907978,1810.279496945964,447.00879850410183
1.815,2225.7829887175853,1791.3052505933545,454.4387088858493
1.815,2225.8214144757235,1791.3811599615078,454.3489813063118
1.837,2228.929331862057,1795.511315787542,451.2953318773532
1.837,2228.9714847140294,1795.570906350766,451.19674256676785
1.859,2224.7299084135607,1790.271630769029,450.24906042669255
1.859,2224.7755553471534,1790.3170098815003,450.1450649337945
1.88,2224.728255788856,1795.5249893357009,453.3986793679549
1.88,2224.777141319152,1795.5583072948643,453.2928024286424
1.899,2226.8255621500352,1795.5302058642797,455.49710735026287
1.899,2226.877408716324,1795.5536349266545,455.3929146134918
1.9,2226.824192471119,1793.435511691795,454.445511686581
1.9,2226.87870098212,1793.4512249652325,454.3465811453492
1.921,2226.822980198998,1792.389148698276,456.5403657505548
1.921,2226.879830733937,1792.3992990938316,456.45025910978507
1.941,2221.5748780987765,1800.786426544314,458.6334539777199
1.941,2221.6337307706863,1800.793125971242,458.5556881912428
1.962,2226.8210677865163,1792.3920867256354,458.62598636675517
1.962,2226.8815637724524,1792.3973857116948,458.5640055740823
2.004,2217.3756830768434,1793.441454074505,457.56742112856807
2.005,2217.4374458182074,1793.4473219909444,457.52456921872255
2.005,2218.42460754782,1789.2428158063549,449.1613496166394
2.005,2218.487244122211,1789.2511218726333,449.1408436410449
2.025,2222.621968542606,1790.2903435026874,457.5443086423121
2.025,2222.6850712068667,1790.3028387400757,457.54921329163767
2.045,2225.7701269710064,1787.1393994837388,450.18462808336494
2.045,2225.833274873194,1787.157699779675,450.2178314343529
2.066,2220.523208423,1790.2841719505427,460.6635718429974
2.066,2220.5859694791034,1790.3097423868203,460.72776257071354
2.066,2216.325920966223,1785.0329812070077,456.4494921743475
2.066,2216.387853895488,1785.0671217948784,456.54713841313827
2.087,2217.375914257383,1787.1270866704451,451.18485578714643
2.087,2217.4365707681495,1787.1709196243546,451.31818580986476
2.107,2224.722602405154,1787.1218782925869,436.4744975085681
2.107,2224.7815295211462,1787.1763369617697,436.6454823785238
2.128,2227.871872166357,1793.4127458473274,449.0479531478609
2.129,2227.9286146813893,1793.4785654108753,449.25829148159903
2.15,2232.070781035272,1792.35744225842,455.3241969973455
2.15,2232.1248840825456,1792.435152275031,455.5753019587891
2.171,2223.676978772934,1785.0054839964428,442.71043832783266
2.171,2223.7279904932248,1785.0954028845288,443.0034269558112
2.192,2220.5304577919865,1796.5428532954118,451.0844642071355
2.192,2220.5779320833844,1796.6450848033166,451.4201491589384
2.216,2215.2853338915666,1780.795553621018,447.9146736648418
2.216,2215.3288332217553,1780.9099853302846,448.2935574383407
2.234,2221.583950792468,1786.036620468425,447.89298370223594
2.234,2221.6230490532134,1786.1629243560742,448.31525537853463
2.234,2221.586306761727,1789.1791085033603,453.1183743897215
2.234,2221.620592143842,1789.3167435716348,453.5839089173196
2.255,2219.4900394404995,1791.2725340502316,455.19571052929996
2.255,2219.5191173064995,1791.4207510147014,455.70407054960543
2.276,2224.739842378123,1788.1193529889026,447.8286779975473
2.276,2224.7633381088144,1788.2772009983137,448.3791181904196
2.299,2217.3968866350738,1789.1643661647615,454.10448064859685
2.299,2217.4144484256512,1789.3307015084652,454.69595455561875
2.322,2224.745857926669,1792.308843202884,447.7879790540397
2.322,2224.757159507342,1792.4823399446109,448.4191483165508
2.342,2225.798513150683,1806.9975738525625,455.1146016485004
2.342,2225.803256406622,1807.1767363124939,455.78384757729214
2.385,2229.999540490779,1796.5012363988274,445.65155100731806
2.385,2229.9974579560667,1796.6844133898558,446.3569883814274
2.385,2219.5089287902765,1789.154012353818,454.0295329770508
2.385,2219.499785990844,1789.3394130623296,454.7690259504683
2.406,2220.561947409789,1784.9559650951542,455.0627910700336
2.406,2220.545545030704,1785.1416764821558,455.83397104751884
2.406,2223.7138748132566,1782.8577373051028,438.25731971166465
2.406,2223.6900506664238,1783.041742889801,439.05760503838127
2.426,2220.569400030044,1783.908784736755,452.93555648818074
2.426,2220.5380307994155,1784.0889846121831,453.76217378267285
2.447,2223.7214406521693,1789.1585527235256,451.8740727733729
2.447,2223.6824433946886,1789.3327846424436,452.7240797196178
2.468,2220.577038405259,1794.4094183716302,455.0117619626885
2.469,2220.5303717871748,1794.5754797308468,455.88207136469373
2.489,2210.086760641613,1790.2166901780863,455.00280686673744
2.489,2210.032425891607,1790.372360720685,455.89021175855726
2.511,2223.732929833175,1778.6791912177634,451.8472576832977
2.511,2223.6709713955033,1778.8222562654446,452.7484572784022
2.532,2217.440242600625,1792.328665360981,449.7427972591941
2.532,2217.3707484736506,1792.4569393831441,450.6544235160654
2.553,2223.7404326263845,1791.287453388816,449.7388605968458
2.553,2223.6635343742114,1791.3988037107347,450.65750517241247
2.573,2224.7934832849455,1792.346103469918,445.53898887811454
2.573,2224.709355712263,1792.4384739199875,446.46123023730996
2.575,2214.3029043817155,1796.5539800262302,447.6372932203338
2.575,2214.211764864726,1796.625414321396,448.5597236686996
2.592,2226.8992534098193,1798.6639671443268,449.7372878501814
2.592,2226.8013608787533,1798.712631813513,450.6565402569704
2.614,2225.853108729468,1790.2807032824405,456.03658849334164
2.614,2224.6993508340192,1789.2554984631736,441.20819046641816
2.636,2225.8562114105275,1790.293514223345,456.04103751524275
2.636,2224.696337205882,1789.242329474222,441.2029528458088
2.655,2222.710897099623,1792.4058402093913,461.29410573990714
2.655,2222.5946920524025,1792.3767519453818,462.18441481943694
2.676,2224.812440206791,1788.2222888106155,446.6098508558761
2.676,2224.690900864801,1788.164756516918,447.4844298978828
2.696,2226.913767388586,1791.385099347153,450.816418945627
2.696,2226.787333061338,1791.2982177361844,451.67247785489826
2.718,2220.6195723782253,1787.2023932191514,451.8760806528985
2.718,2220.488710636929,1787.0854969639536,452.71101127453477
2.738,2224.819248685457,1798.7610971775894,441.39344621680084
2.738,2224.6844520355116,1798.6137754081676,442.20484083275124
2.738,2219.5739673000294,1791.4305007091052,447.7025186932477
2.738,2219.4357495787153,1791.2526096675365,448.48818659659383
2.759,2216.4272451263223,1791.4457528025505,456.1114234606113
2.759,2216.2861376484457,1791.2374265340861,456.8694054628099
2.78,2226.9226010825573,1796.7078882562885,449.8294565247867
2.78,2226.779148559499,1796.4695472288338,450.5580372685659
2.801,2225.874154850042,1793.5744122253489,447.7458984792444
2.801,2225.7289111103487,1793.3067697857553,448.44361644846856
2.822,2232.1713099391886,1792.539291218495,446.71238499258413
2.822,2232.02483348115,1792.2433578110551,447.37804012998697
2.842,2225.8752478488136,1784.1576726152564,449.8770176473802
2.842,2225.728097257719,1783.834757705326,450.50967651140763
2.863,2224.8259652300376,1787.3188133224924,442.54790144314404
2.863,2224.678694494738,1786.970524986324,443.1468998562128
2.884,2225.875231757198,1786.2813929152783,459.3554799656859
2.884,2225.7283855222954,1785.9096350755713,459.92042312757405
2.904,2225.874819490895,1793.638202850701,453.0761032516124
2.905,2225.728928282396,1793.245170156229,453.60686331352645
2.905,2224.824737278561,1790.499694007505,443.64845740204316
2.905,2224.6803127417134,1790.087864373821,444.145168518691
2.927,2227.9720536679074,1796.8045461488375,446.8135860574135
2.927,2227.829583857112,1796.3766709959643,447.2766369562657
2.949,2215.3779643157186,1787.3667516747294,452.0772508052665
2.949,2236.226138421529,1786.925843916145,460.9025666716433
2.969,2236.364823978923,1787.3720602399098,460.4887451828787
2.969,2224.684084323104,1790.0696144970664,448.29367090777293
2.989,2224.819728197639,1790.523885363904,447.91149445670106
2.989,2234.1304497542906,1785.8692782168741,446.1794581266256
3.01,2234.2626818574004,1786.328003583418,445.8277396749815
3.01,2226.7864008427687,1792.1649340083366,448.26355810301243
3.03,2226.9148941516205,1792.6243108813867,447.940918089229
3.03,2215.244852253187,1796.363737976122,448.24959111265275
3.051,2215.369326520335,1796.8197813981062,447.9544769046312
3.051,2240.432826523875,1797.4163612460673,451.3846931840747
3.075,2240.553051680154,1797.8649269236557,451.1154002639288
3.075,2220.4962029497706,1786.9275827920321,451.3724630206084
3.075,2220.61200216544,1787.364391208766,451.1271577191003
3.075,2228.89375658641,1795.3303933162772,467.1023626520676
3.097,2229.0050089576644,1795.7510551579828,466.8791062362425
3.097,2223.6489998989978,1792.1919052723208,453.4497421197912
3.117,2223.755642729267,1792.5919479828783,453.24651602469356
3.117,2225.750132407663,1789.0556761613946,443.99579853219126
3.139,2225.85216305599,1789.430571437164,443.81053051663145
3.139,2228.9006547301383,1794.317015045979,459.72877803760787
3.16,2228.998132001798,1794.6622070689814,459.55936903482785
3.16,2221.5570096311153,1797.4818102486947,453.42516780100584
3.18,2221.6500546889934,1797.792744452349,453.2695192278336
3.18,2227.855629491514,1788.0559355754258,443.9743636728314
3.202,2227.944426270229,1788.3280877317377,443.83040495561056
3.202,2222.61060771562,1792.274651588412,448.16692480126767
3.246,2222.695402824148,1792.5035570024954,448.03264087355717
3.246,2220.5136737070056,1797.5449799916125,440.8169379833074
3.247,2220.5947758095117,1797.7262625878775,440.69039650903227
3.247,2219.465973900653,1791.2739280538476,447.11022701202154
3.247,2219.543752569271,1791.403329138569,446.98960508856095
3.247,2221.5663013729727,1790.2520099337548,452.3549668445737
3.267,2221.6411854105104,1790.3254164206342,452.23857694303973
3.267,2219.4687470319973,1797.6273768700469,456.5510803700795
3.287,2219.5412222669293,1797.6408487591382,456.43739527493545
3.287,2219.4697521584735,1787.1646456231445,452.35259818488413
3.307,2219.540358718869,1787.1144425287812,452.24027470185644
3.308,2221.569290784799,1793.494285208472,452.35235744081643
3.328,2221.638619862271,1793.3768917388586,452.2402586508696
3.328,2216.322635542739,1790.3808873413202,449.2043668968062
3.349,2216.3913256619335,1790.1930371409244,449.09158274464954
3.349,2226.8168165933957,1792.516079496218,454.4520321152875
3.37,2226.885549406786,1792.2547777720924,454.337898133339
3.37,2218.4212356725025,1793.6032491608773,469.1446353818022
3.39,2218.490731304585,1793.265793525571,469.0287493647687
3.39,2219.4699850388733,1786.2963626144874,452.35499277669254
3.411,2219.540997007972,1785.880362090799,452.23722923772556
3.411,2224.715992686994,1790.5340755161476,458.65235755182124
3.412,2224.7893024368027,1790.0374675630135,458.5328798084728
3.412,2221.566309210097,1790.5750459075346,448.15894579496006
3.433,2221.642720286934,1789.9961113414313,448.03821555182117
3.433,2228.910332250871,1789.5673316042187,457.6040068866089
3.453,2228.9906641661078,1788.9047073063475,457.4827912013114
3.453,2231.0068842064634,1790.6589849281474,453.406219429632
3.475,2231.091966026824,1789.911674244705,453.2855949697767
3.475,2225.7571398409223,1793.8498194887027,448.1583654961988
3.495,2225.847803552454,1793.0172002489912,448.0397200165053
3.495,2215.259923175184,1785.4972967238398,438.7120554695772
3.515,2215.3569968692036,1784.5791268191915,438.59708646099733
3.515,2223.6517025004027,1796.0341578339235,441.85771935550866
3.536,2223.7560034321195,1795.0305783189324,441.74842984101144
3.536,2224.6971991819173,1792.9284553698467,452.34814952118336
3.558,2224.809526754305,1791.8399910662677,452.24684099620583
3.558,2219.4458362527234,1797.1682273476563,452.34320532154754
3.578,2219.566964979785,1795.9957849502296,452.25246786058307
3.578,2212.0952746564553,1790.913289374165,450.2380387890368
3.578,2212.2259471610373,1789.658153076526,450.1607383632211
3.578,2224.6831737506327,1787.8058041798063,452.32898638829823
3.598,2224.824093852715,1786.4696288574016,452.26824946205824
3.599,2222.578977065783,1796.2408814669154,460.7147474095114
3.62,2222.7308030173567,1794.8256834720946,460.6739429070919
3.62,2225.72152773944,1786.8348235925828,453.3575673647202
3.639,2225.8848656618175,1785.342969235081,453.34028611959667
3.639,2218.3696822108313,1791.0698046144742,458.5914533718929
3.661,2218.545079789645,1789.503996417527,458.6014851934321
3.661,2221.5117013117983,1795.3033131718983,440.73632535947627
3.681,2221.6996418036933,1793.6665740108585,440.77763387166505
3.681,2222.5546817855343,1796.3869612637302,452.26267986714794
3.701,2222.7555783890557,1794.6826165095538,452.33937529349237
3.701,2224.646895046101,1791.172370523056,455.39164156964097
3.724,2224.8610856871665,1789.4040283275117,455.507951656369
3.724,2220.44250027176,1797.4994024356508,454.32080900352014
3.746,2220.6702428516924,1795.670932308631,454.48104828979393
3.746,2224.6332996413553,1789.132648164418,451.14897368624156
3.747,2224.874767792415,1787.2481580056817,451.3575113451131
3.747,2221.478164702239,1782.8625810393323,438.5302404719241
3.767,2221.7334440924924,1780.926392798029,438.79146695907133
3.767,2220.4218438452535,1793.3808640839645,447.94695554828877
3.787,2220.6909290707254,1791.3974882285274,448.26524830709
3.787,2222.513795046194,1793.4027147838754,447.91679448918677
3.807,2222.796587144263,1791.3768237727909,448.2964829702603
3.807,2224.60583141272,1792.3727655562418,442.6374404193824
3.828,2224.9021360264423,1790.3091665066354,443.0827706803644
3.828,2227.7474125873014,1768.253318704498,458.3442350487543
3.849,2228.056938805471,1766.156925460087,458.85933420559064
3.85,2209.9009462530435,1701.1055135938943,449.9125580585816
3.87,2210.223306146029,1698.9813183971198,450.50139886308335
3.87,2226.6852886357447,1660.1904785537058,463.5166043583142
3.892,2227.019997501882,1658.0435235282093,464.1829701779834
3.892,2217.2346227038543,1662.2987828162225,484.4647210301845
3.916,2217.581100035882,1660.1341314658112,485.2121715054762
3.916,2222.4760429942,1689.5904313749784,474.9782197090955
3.917,2222.8336141696286,1687.413140303263,475.81005736021916
3.917,2223.5201892940913,1749.4113184319208,472.83605392863086
3.956,2219.690442118912,1745.127586549015,468.50823464259
3.956,2223.515340727898,1749.4132625103477,472.79132261591803
3.956,2219.6950661712626,1745.12687259495,468.55359695462704
3.956,2215.115659919368,1695.8927733845578,459.10302474372645
3.974,2215.501564205314,1693.7074197802797,460.2047942973405
3.974,2215.1117710664416,1657.0616502542757,456.9572202720173
3.995,2215.505188449013,1654.8832675540264,458.1533959776089
3.995,2224.553123852879,1657.0564229934712,457.95881490514773
4.016,2224.9529593953525,1654.8896305563271,459.2509642376048
4.016,2210.907998186223,1653.900710696941,457.9103717372839
4.038,2211.3130876939767,1651.749966748362,459.2996389569021
4.038,2240.289348769034,1636.05107594967,461.0097558467693
4.059,2240.698465185993,1633.9206560868536,462.496842178567
4.059,2249.7325164234508,1641.2864304499294,460.9607265209005
4.078,2250.144376783258,1639.18040775426,462.54587310493054
4.079,2241.3363492712056,1639.1739498272007,445.1705816797298
4.079,2241.749622158301,1637.096176706147,446.85355544812757
4.079,2241.336155274184,1624.4666933212063,459.8136673302002
4.1,2241.749468745571,1622.4207851872454,461.5937499456316
4.1,2237.1390139890027,1631.795363369356,458.71612470814034
4.12,2237.5509639032744,1629.7846842478943,460.5921046761804
4.12,2217.2014121400484,1629.6777464208092,445.02643673475825
4.141,2217.610570836445,1627.7053965628447,446.99660477957093
4.141,2225.5986397638294,1621.2622127666582,455.47425435019875
4.162,2226.0035650308146,1619.3310183253045,457.53640211900483
4.162,2222.453064943934,1617.0430173426582,458.5774825091776
4.183,2222.852309213753,1615.1555221557164,460.7289046465392
4.183,2230.8517391373275,1611.7732463863426,456.43519081151317
4.203,2231.2438588405653,1609.93170588985,458.6726904195325
4.203,2225.6087815914616,1618.0459833194507,453.2452677935063
4.224,2225.992346603692,1616.2523606000182,455.56516526900253
4.224,2207.7735934987636,1613.8237343185424,445.85971604544045
4.245,2208.147196609886,1612.0796982952616,448.2578612600383
4.245,2229.8167332255834,1609.6007611628863,461.5634633816189
4.245,2230.1789995615345,1607.9076868725865,464.0352511457603
4.245,2236.119373340817,1615.8713247129479,457.3308603724089
4.265,2236.4689696670216,1614.2302956564265,459.8712490998038
4.265,2240.3238386664434,1616.8943972197515,489.83033647701046
4.286,2240.659482502389,1615.3062097103984,492.43386994200483
4.286,2234.0348087475804,1648.350109926644,467.7632922741195
4.308,2234.3552772228477,1646.8152793678971,470.42412433129397
4.308,2219.351073492254,1638.8786205826932,479.28047581813576
4.328,2219.655211875444,1637.397389586124,481.9923979311198
4.328,2238.2490544430193,1630.4565206817165,463.5161920500502
4.351,2238.535784276948,1629.0288689240676,466.27266345538123
4.351,2234.0604913213824,1629.3804062857216,454.05176195300015
4.37,2234.32881810028,1628.006061990637,456.84594226491555
4.37,2247.7123866553366,1639.848044210977,472.9249632184036
4.391,2247.9614069826807,1638.5264971296945,475.74974726198246
4.391,2238.2776451616737,1653.4642566564385,460.3194609112608
4.412,2238.5065533306856,1652.1947724114805,463.1675155544019
4.412,2240.3867941423055,1631.400925632901,488.6447458801682
4.412,2240.5948880851106,1630.1825612797725,491.5085486196628
4.412,2238.298607749141,1640.8204831530265,507.52914743511985
4.432,2239.5347057721337,1645.9485726107694,470.5233907232509
4.432,2238.309498581867,1640.795971439357,507.52802159064885
4.454,2239.5237095061116,1645.9727366136167,470.52256140975356
4.454,2240.419408450447,1650.2168772918965,481.2955262686757
4.475,2240.5619583227035,1649.1443839581184,484.1601528758147
4.475,2228.8871055659038,1645.996219456262,479.20342869611886
4.495,2229.007163569782,1644.969333718446,482.052638028384
4.495,2237.2936959205917,1644.9246428445435,476.065848843281
4.517,2237.391142123322,1643.9416439830752,478.89179306903867
4.517,2237.305008182734,1636.5080844918086,475.0309946074342
4.537,2237.3798463005824,1635.5671532622337,477.825889729863
4.537,2240.4645064509814,1655.3771647409683,471.90117200035627
4.557,2240.516864281177,1654.476402937848,474.6573409945869
4.557,2247.82154026356,1665.8519258737008,481.36807205102804
4.578,2247.851669240661,1664.989375797043,484.07798748500136
4.578,2240.486641832236,1640.6476922638474,472.99867167108357
4.578,2240.4949157062624,1639.8213559259932,475.65499751914876
4.578,2230.0032769082445,1655.3221026186468,479.324615292367
4.598,2229.9901895485627,1654.5299605347973,481.92024765635165
4.598,2236.3102044035963,1649.0092957112752,470.96225091536013
4.62,2236.2763667393438,1648.2493251233323,473.49035737558177
4.62,2240.517960790525,1616.46220922451,478.34436109601097
4.643,2240.4640969050515,1615.7324016156876,480.7984184245814
4.643,2239.47825681275,1598.6078769507935,480.4825483330852
4.662,2239.4051992160935,1597.906254717443,482.85637831365705
4.662,2241.586332016386,1597.5451004135957,492.0683878882277
4.683,2241.495016126409,1596.869732570586,494.356191000059
4.683,2245.79272578725,1593.3350328695624,482.66874596176183
4.703,2245.6841836562176,1592.6840496765772,484.86513270144656
4.703,2238.4550433106933,1589.125872978305,484.81516208006997
4.723,2238.330396640187,1588.4974793861925,486.9151817114255
4.723,2233.2155916649317,1594.3622819503278,474.3709431880525
4.766,2233.076044157707,1593.75476977918,476.37010972933354
4.766,2245.8155049187203,1595.4018631272625,470.22525448436244
4.766,2245.662334021535,1594.813621901074,472.11956976198866
4.766,2241.6241710516438,1589.0963296294276,476.5754902469631
4.767,2241.45871914804,1588.525856005846,478.3614638662355
4.767,2236.382733061329,1589.0879738804772,487.12492129276995
4.785,2241.4534555142886,1586.4350566936532,481.4537071276135
4.785,2241.6346928845733,1586.9814440587663,479.8356392870079
4.806,2232.004215774068,1585.3930510818368,473.0012782711573
4.807,2232.19415609549,1585.9249118000541,471.49795472878856
4.827,2241.4451262024404,1584.3504915272274,476.0915046369175
4.827,2241.6422755709623,1584.8689009435734,474.7045285135447
4.848,2243.540911581989,1579.109797535743,473.93408067667036
4.848,2243.7437557993862,1579.6156997510293,472.66449845726635
4.868,2263.4774533065415,1581.214561425305,487.51751478745314
4.868,2263.684468477476,1581.708768058668,486.36581494465355
4.891,2239.339475655914,1587.5166150416203,475.9150381803398
4.891,2239.5491388621185,1587.9998054518937,474.88115327856616
4.911,2231.992839237013,1590.6701437167865,477.9551512287018
4.911,2232.2036392080868,1591.1428666390823,477.038463477781
4.912,2245.635180116542,1602.218737861453,485.2428342258204
4.912,2245.8456278163862,1602.6814144027292,484.44218442850683
4.952,2240.3888475005165,1591.7295272098652,478.88894706996973
4.952,2240.5974865485987,1592.1824551352004,478.2026468838304
4.952,2235.1432276370883,1593.8331498627956,486.17844687570243
4.954,2235.348644484777,1594.2765090931664,485.604294286656
4.973,2240.392410064682,1587.541432981335,477.7280626233013
4.974,2240.5932438483014,1587.9752922132493,477.26336050572496
4.996,2240.3951928591573,1590.6944243147782,477.6744977301147
4.996,2240.5901448535124,1591.1187486629685,477.3160753471247
5.016,2230.953895682197,1611.6874642353087,484.9685685981112
5.016,2231.1417382812265,1612.1021237915595,484.7128058755416
5.037,2243.5508237910008,1601.1982578289305,484.9187294351254
5.037,2243.7304089453614,1601.603037022972,484.76158382391407
5.057,2219.4188922651547,1599.1044799537376,464.93224304429873
5.057,2219.5891593105725,1599.499087596361,464.86927876874137
5.079,2240.4121491292253,1600.15910713752,489.02339388667224
5.079,2240.572131943845,1600.5431870214775,489.0498133602938
5.079,2246.7140910202443,1591.7692301675959,481.6347248306087
5.079,2246.862924454169,1592.1423720983855,481.7454020074486
5.099,2236.225842348308,1593.8736896798596,494.187548955965
5.099,2236.3627678739363,1594.2354408066428,494.37706437291496
5.142,2241.4791034241966,1593.8795650883624,485.75495214870574
5.142,2241.603473961808,1594.2294414043304,486.017629404278
5.142,2236.2385303018305,1606.4786281825577,485.72056990423323
5.143,2236.3498141811524,1606.816126064735,486.05051331086537
5.162,2248.8381736857364,1592.8426601777599,480.44214837849887
5.162,2248.9359577107334,1593.1672678379955,480.83328151920415
5.183,2233.103868918113,1590.7504737454167,477.265643540276
5.183,2233.1878605091156,1591.0616824674705,477.7117484562572
5.204,2229.9626024037775,1596.004417366714,486.68522601574426
5.204,2230.032630798268,1596.3017324085747,487.17998274943
5.225,2238.3649016141576,1593.9127195610274,486.6632911277792
5.225,2238.4209181146125,1594.1956706071262,487.2003173456829
5.247,2242.5695337141974,1593.920067571379,487.69396992820936
5.247,2242.6116109789723,1594.1882186259288,488.26686035001006
5.247,2245.724672991951,1597.0758521976763,480.3325560337313
5.248,2245.7530033725566,1597.3288108179397,480.93492139801424
5.266,2241.533791716113,1601.2812254982578,478.2213761140208
5.266,2241.5486846517433,1601.518651275169,478.8468814171395
5.288,2236.293301413217,1593.943220927311,496.05214953937747
5.288,2236.295179900738,1594.1648331302429,496.69455129186235
5.308,2239.447850115498,1601.2970927414844,486.601300929933
5.308,2239.437246280561,1601.5026770541547,487.25448318468926
5.329,2232.107978781129,1603.4039876312447,485.5487433385488
5.33,2232.08552858299,1603.5934019166477,486.2067522566659
5.35,2237.36069001848,1598.1650447282425,481.35085712703057
5.35,2237.327127128241,1598.3382237718172,482.00793386027317
5.371,2227.921239364709,1596.0743387953178,479.25459038817775
5.371,2227.8773882631517,1596.2312979874453,479.90520207203633
5.393,2243.667219988375,1607.6259431606597,495.0009911592992
5.393,2243.6139883359106,1607.7667810917117,495.6398598266902
5.409,2239.4739002809265,1604.4857059795531,483.4652287548313
5.41,2239.412270618088,1604.6106059330577,484.08735799805083
5.41,2237.378886918709,1602.3947566994414,497.11772650548045
5.41,2237.3099077610404,1602.5039870413086,497.7184257326662
5.43,2245.7774421621343,1600.3036415084107,486.6359842354469
5.43,2245.7022185583833,1600.3975549825593,487.21089038744225
5.453,2239.4836662191587,1594.014672948538,482.4527634100186
5.454,2239.403349845993,1594.0937049014003,482.9978600239792
5.473,2244.732826295271,1587.7254565790272,483.5184729699637
5.473,2244.648605165834,1587.7901221472516,484.03010649719386
5.494,2247.8825591060872,1592.9794800108693,488.78351474981946
5.495,2247.795646972788,1593.030370318071,489.2584080569088
5.517,2241.5869755580225,1606.628472569523,481.45711289726984
5.517,2241.4986010928483,1606.666249988749,481.89237590153886
5.536,2236.340186967421,1595.0912337288187,484.62612308160243
5.536,2236.251582804963,1595.1166262777529,485.0192604939331
5.557,2232.1421954811026,1594.047722905027,471.0056477599173
5.557,2232.0545872108773,1594.0615178503872,471.35456393006046
5.578,2241.585946348435,1595.1026213580212,499.3625283630963
5.578,2241.5005415438027,1595.1056581144064,499.665529244393
5.578,2239.485577442357,1593.0088485358312,485.7436468630219
5.578,2239.4035548134057,1593.0020109519207,485.99943913491114
5.6,2249.9775709464534,1595.1122655491963,481.569965993387
5.6,2249.9000697033684,1595.096473680971,481.77765340097557
5.621,2241.57960649279,1611.90697218358,480.5448206389952
5.621,2241.5077160051137,1611.8831736600039,480.7038976291916
5.641,2236.3293535764064,1588.823561690916,484.7668415882036
5.641,2236.2641034113117,1588.7927227818814,484.8771843412363
5.662,2245.7703718333028,1594.0737735334878,488.98878478366976
5.662,2245.712722253471,1594.0368700333433,489.0506397571875
5.682,2243.6674126329654,1598.274085310926,487.96341278742267
5.682,2243.618245631303,1598.2320933529409,487.97738290756854
5.704,2251.0087476293347,1603.523323222624,477.49290736918556
5.704,2250.9688585737063,1603.4772101406832,477.45993601900494
5.724,2241.5591363774097,1602.4756147779233,484.86180309690667
5.724,2241.5292263340953,1602.426330131352,484.78315606699766
5.744,2233.1586236202265,1595.1309721474674,467.04407596660224
5.744,2233.139292419779,1595.0794390233493,466.92132154603985
5.745,2238.400199934952,1608.774109860176,479.6583904886864
5.745,2238.391940038304,1608.7212165645624,479.4933778857606
5.765,2241.542749033423,1600.3791781141526,483.8763904752466
5.765,2241.5459402502174,1600.325770359621,483.67122676744157
5.806,2241.536917475746,1585.68737296132,484.9450133747178
5.806,2241.5518225802657,1585.6342466529898,484.702039195525
5.806,2244.679233935917,1599.3293002164205,477.6170945266601
5.806,2244.705995219024,1599.277194932216,477.3388587032433
5.827,2236.2779991059383,1596.1802971549741,483.93018042548226
5.827,2236.3166358943317,1596.1298904084647,483.6194137858276
5.848,2248.865030573848,1591.981568702659,492.3406639523884
5.848,2248.915437740402,1591.9334710683454,492.00025252339395
5.868,2237.3156977192093,1603.5237333439193,483.95907127766674
5.868,2237.3776452004868,1603.4784845155061,483.5920290966492
5.889,2238.3594642275702,1600.373895138774,497.6135729401039
5.889,2238.4325975567344,1600.3319609807218,497.22301470136534
5.909,2236.2552197744485,1600.37208672651,493.4264931048551
5.909,2236.3390616299203,1600.3338573682615,493.01560686041785
5.909,2240.4477280961573,1601.4195234182916,482.9413313941979
5.909,2240.54168085835,1601.385312429017,482.5133515234974
5.93,2239.393521932211,1598.2691861224453,498.68983012413605
5.93,2239.496871232816,1598.2392307920632,498.2480107814545
5.951,2242.537361227209,1597.217581327,487.1520043302714
5.951,2242.6492804676927,1597.192044066785,486.69959357111964
5.97,2249.8793001072445,1605.610625866412,487.156090787799
5.97,2249.998855915489,1605.5895967297424,486.6963055662939
5.99,2249.8758634902792,1586.7189532736425,478.7632962235669
5.991,2250.0020220769716,1586.7024535846033,478.2992984422771
6.012,2242.5270989323526,1618.199044789279,478.76424024501654
6.012,2242.6587333015614,1618.1870318539134,478.2991140268149
6.034,2246.7224564905146,1590.912137733584,479.81308956928694
6.034,2246.8583544519747,1590.9045105957707,479.3498199076152
6.054,2245.67139204671,1596.1570564167475,489.25578156795484
6.054,2245.8102649710972,1596.153662608253,488.79723449762224
6.075,2244.620997658868,1605.5997141540447,477.70886156304704
6.075,2244.7614899112523,1605.6003573759579,477.25776597847164
6.075,2239.3736572303983,1594.0542544952625,487.1488630872439
6.075,2239.5143562116104,1594.0587031565524,486.7077943189603
6.096,2241.4729214480794,1605.5959732641409,479.79705568473247
6.096,2241.612368168836,1605.6039697918688,479.3684209282181
6.117,2238.325871789894,1597.1990095879203,489.2346952388454
6.117,2238.462571898042,1597.21028041337,488.82072091240184
6.138,2236.2289904866047,1599.296300087162,479.7818863730824
6.138,2236.3614256642527,1599.3105662027356,479.38460746379167
6.158,2238.3305195568914,1602.4431401697643,486.06930658450256
6.158,2238.4571592009484,1602.4601281429077,485.69055802331064
6.18,2235.18575749361,1604.5406998736185,478.7135374117019
6.18,2235.3050705908436,1604.5601531966054,478.3549475006159
6.201,2234.140580283364,1603.490143475403,475.5546789340166
6.201,2234.251047389376,1603.5118341234747,475.2176648304247
6.223,2239.392623511218,1598.2420409031392,465.0493116375846
6.223,2239.4927487415844,1598.2657809683285,464.7350768828881
6.243,2250.9418709218608,1599.2904824217994,490.2234127832632
6.244,2251.030193863464,1599.3161356860103,489.9329468456166
6.244,2248.8494824852382,1620.277786977727,483.91475505833444
6.244,2248.9245899360317,1620.3052802860157,483.6488348423189
6.264,2242.560133477047,1603.4862881764966,472.3587302618977
6.264,2242.620670923704,1603.5156224704099,472.11792352169374
6.284,2234.1726132895587,1602.435929806499,475.49425899326513
6.284,2234.2172960341995,1602.4671906776182,475.2789295703537
6.308,2233.1315861811368,1601.3854937642573,479.6790916254761
6.308,2233.1592100307316,1601.4188613896579,479.4894064172698
6.326,2246.7828883210477,1594.0384604579256,479.6662661691405
6.326,2246.792339756376,1594.074218782487,479.5022037213253
6.347,2256.237064333042,1607.6794729799174,481.7523419064911
6.347,2256.227330077792,1607.7180180148457,481.61370250935914
6.368,2254.1481804446094,1605.579071141918,484.8879922773957
6.368,2254.1183563596264,1605.620918254782,484.7744094351483
6.388,2237.3679445802622,1594.0336616829763,481.7274157124443
6.388,2237.3172438129786,1594.0794517617674,481.63836884442617
6.409,2228.9833475706428,1598.2290551271972,474.36950708133355
6.409,2228.911107895281,1598.2795595095458,474.3043353055427
6.409,2236.340204889547,1606.6216586748644,488.00020628438705
6.409,2236.245895179698,1606.6777827432913,487.9581231263701
6.43,2247.8949227058506,1604.5196438551416,481.6925231344968
6.43,2247.778148487564,1604.5824292101809,481.6726319989927
6.472,2241.6097900985264,1600.3182339476439,458.5947410991183
6.472,2241.470298138985,1600.3888590827687,458.59605133760516
6.472,2235.3247299813765,1609.7585327473337,475.37512027104583
6.472,2235.162411875415,1609.838312162599,475.39656367558837
6.493,2234.2867262534864,1608.7040093383569,480.61253126311846
6.493,2234.1016209778554,1608.7943910435738,480.65297881578533
6.513,2237.4462931276976,1606.5993016204757,476.4058211005645
6.513,2237.238588540737,1606.7018629934503,476.46409980801974
6.534,2239.5562985983333,1596.09846671187,477.4467660191306
6.534,2239.3263318706267,1596.214908692431,477.5216756638715
6.555,2231.171964978526,1610.782612482112,493.1800766257492
6.555,2230.9202219483345,1610.9147520985755,493.2704062688191
6.577,2239.5779166603525,1612.8728713867185,472.1845903191685
6.577,2239.305030115561,1613.0226326274508,472.28913439396166
6.578,2231.192914194277,1606.5668397474376,466.93087191056844
6.578,2230.8996610908903,1606.7362428067108,467.0484457535196
6.597,2261.635694631088,1609.7044689333911,482.66596267699003
6.597,2261.322992266185,1609.8956178769924,482.7954173484084
6.617,2237.5085689701755,1608.6433730372933,472.166323432352
6.617,2237.1774701352942,1608.8584419499168,472.30655968941977
6.637,2233.3196857660655,1611.7788144359881,480.5566174802835
6.638,2232.9713729144805,1612.0200321283248,480.7065987740612
6.659,2232.2783991962933,1600.2213655156875,474.25564198539496
6.659,2231.914177665302,1600.4909988851239,474.41440636465944
6.679,2239.631707979102,1603.354534947071,470.0539390316176
6.679,2239.252998315347,1603.6548711009636,470.22060984818165
6.702,2228.0948595048426,1620.1289082149794,477.3961655583917
6.702,2227.7031889475847,1620.4622354800385,477.56996088129426
6.72,2240.693674024722,1606.4692105177176,471.09639588834966
6.72,2240.2906672081986,1606.837798472791,471.27663654771953
6.741,2257.4892886760185,1607.5001520730652,476.3404512848881
6.741,2257.076657617897,1607.9062307553381,476.52656748029193
6.741,2241.7522623711484,1606.4311771879723,479.485925973805
6.741,2241.3317958193743,1606.8769156342369,479.67746239637523
6.764,2239.6566654783346,1600.114090168889,459.54453191823603
6.764,2239.23021769344,1600.6015744640322,459.74115135066813
6.782,2239.658943462518,1602.1912899024562,482.6291316407977
6.783,2239.2284225166036,1602.7225009164345,482.8306170143297
6.804,2249.1049542044752,1606.3663685871568,475.2808620727135
6.804,2248.6723098816187,1606.943159589376,475.48711697524055
6.826,2234.4135145343052,1612.6393984029614,478.4267103996915
6.826,2233.980725919983,1613.2634727492173,478.6377580441849
6.846,2233.3634273488547,1610.5163479243938,464.7819195226051
6.846,2232.9324901982186,1611.1892370160908,464.99790019977047
6.866,2253.300569365107,1598.947899786272,503.6075891597478
6.866,2252.873483341358,1599.6709415044731,503.82875621333386
6.887,2243.8531930021522,1602.070622378565,466.8754657373557
6.887,2243.43194887718,1602.844940196734,467.1021801144955
6.907,2237.5530629766727,1611.489338732098,475.26781665850024
6.907,2237.1396298861155,1612.315821710757,475.50054010091696
6.907,2233.3507833768012,1599.9194750762824,474.2151981859016
6.908,2232.947096221134,1600.7987589404336,474.4544851404697
6.928,2250.1357823848266,1607.238800537948,472.1128591142811
6.928,2249.743729466711,1608.1712500340323,472.35934745340205
6.948,2233.3386915407173,1609.3109930235817,459.51605834998304
6.948,2232.960102526904,1610.296685746784,459.77045900320184
6.968,2261.6654045953755,1607.1856131310165,472.1047534490166
6.968,2261.3020388887694,1608.224325006058,472.3678390573321
6.992,2243.817163239886,1610.3075197809203,478.39657406557393
6.992,2243.470698844016,1611.3987123700235,478.6691667788038
7.033,2236.4622314057133,1600.83687935503,487.83620345940784
7.033,2236.1342543599594,1601.9796891557405,488.1191620047521
7.033,2239.6006588380283,1605.009144416983,480.48481050448055
7.033,2239.2926532974725,1606.2023742997999,480.7790166609823
7.054,2232.2442706337047,1613.3797810797334,474.18238383766163
7.054,2248.7481931382476,1608.325425197819,482.8840201945152
7.077,2232.233120493749,1613.3560233063683,474.1759816041146
7.077,2248.75964110988,1608.3486696149007,482.89064205687947
7.077,2238.5178596145597,1604.9380436811596,476.2679659592632
7.077,2238.2775212906236,1606.2719349381823,476.60122473241137
7.097,2242.7032623914447,1613.3118897339962,466.81600309515125
7.097,2242.4876411971613,1614.68798708525,467.163983748917
7.117,2232.1964603612996,1605.945976709866,464.7095218827082
7.117,2232.0064092757098,1607.3613699409746,465.07300776215874
7.137,2235.331634815946,1615.372227893431,475.19560919175984
7.138,2235.167862384097,1616.823673163818,475.57532110628466
7.159,2239.515921862861,1600.6637595737773,477.28607209071
7.159,2239.3789883708164,1602.1476886747678,477.6826546776805
7.179,2245.79880821625,1606.945422703045,479.376245346957
7.179,2245.689122882258,1608.4579550401675,479.7902539971017
7.201,2249.982724272748,1616.3773731906635,477.2685324053946
7.201,2235.208782927142,1599.0249240613407,457.7616030064514
7.223,2249.9689238641354,1616.366815935287,477.25945727151463
7.223,2235.2225898317756,1599.0343331137965,457.77074828643424
7.243,2235.263369066635,1598.5185920469671,463.60790856932095
7.243,2235.2363523771655,1600.0907629198582,464.0764546697264
7.243,2232.101422777855,1614.2539853402736,479.33982200516596
7.243,2232.1017604021345,1615.8364465598595,479.826888759948
7.264,2243.631394576406,1611.102532223193,480.3799858540009
7.264,2243.658734379667,1612.6901138249484,480.88551496319417
7.285,2238.371014086078,1603.756089699361,469.8767081539058
7.285,2238.4248576005084,1605.34343586125,470.40049241944695
7.306,2240.456816677777,1606.9065003766384,478.2629981739409
7.306,2240.5365233705743,1608.4880987243673,478.80467567542024
7.322,2239.3947568231742,1602.713835976662,478.25423687738333
7.323,2239.499549280296,1604.2840488560673,478.8132865424805
7.344,2237.2837236793675,1610.0675532585524,480.344619722591
7.344,2237.4126936602856,1611.6206507882275,480.9203583469174
7.364,2236.2226030651764,1605.880633160946,468.7930564197864
7.364,2236.3747183775895,1607.410827860415,469.38463717763585
7.386,2240.4091000065673,1602.7460286723917,498.16902516104443
7.386,2240.5832121444005,1604.2475114450087,498.77543763502365
7.406,2237.250331967493,1612.2072628878223,470.87734079815283
7.406,2237.445184450206,1613.6742401227243,471.49741254186614
7.407,2241.438110148387,1596.4855010482356,471.9204121271362
7.407,2241.652347494847,1597.9122325924518,472.5528117612051
7.428,2244.5771887673486,1605.952452411971,468.7665614929743
7.428,2244.809366033369,1607.3332901525216,469.4098033207859
7.449,2236.1734941509712,1610.175123823498,474.0088014625484
7.449,2236.4220869560318,1611.5045506096556,474.66125157836103
7.468,2233.0176456016607,1606.0052007734857,478.2025001891086
7.468,2233.2810605672094,1607.2778694018082,478.8623840376359
7.489,2237.208496531723,1612.3319901369784,469.80419858368913
7.489,2237.4850820512047,1613.5427621162773,470.46960991715173
7.509,2237.2025457952977,1606.0683208885514,473.99983392877743
7.509,2237.490603054273,1607.2123046984455,474.66874509474565
7.53,2240.3456930789584,1591.411701301711,478.1965250671215
7.53,2240.6434872426034,1592.484289857289,478.86679854842566
7.552,2237.1932489628134,1605.0913767896723,468.75197316247846
7.552,2237.499020447592,1606.08828382568,469.42137427907807
7.573,2236.1405133286776,1607.2295379583556,485.5438574526364
7.573,2236.4524890753623,1608.1468330496439,486.2100681247912
7.573,2239.2863116435783,1600.974228659149,486.59575548461976
7.573,2239.602716309518,1601.8083705994568,487.25638894700484
7.595,2237.185937694198,1612.5605290338847,471.90769581859837
7.595,2237.50500468433,1613.3083973028347,472.5603121662972
7.615,2236.1358518455,1616.8023423945262,472.96204298656164
7.615,2236.4558341037127,1617.4612664523738,473.6041654261879
7.637,2238.2348633114166,1608.4523761760759,469.81999127680956
7.637,2238.554043796576,1609.020162337918,470.44912294944925
7.658,2244.5323647416058,1606.3997891046708,470.87683601059786
7.658,2244.849066515942,1606.8747447597373,471.4904772478501
7.678,2238.237748965276,1613.792556852602,470.88551468906627
7.678,2238.550344826583,1614.1735118102765,471.48118055925266
7.701,2237.1909826060287,1601.2468900753265,470.8954247804335
7.701,2237.497904199484,1601.533214837457,471.4706627790849
7.722,2234.046152731465,1600.24485660249,464.610074628921
7.722,2234.3458990817912,1600.4364773811226,465.16248236595834
7.743,2237.19851438633,1600.2920593361582,476.165896332862
7.743,2237.4896597961615,1600.3894696571226,476.6931390684497
7.762,2241.4009698450363,1602.4376228403744,485.62403170106427
7.762,2241.682171110974,1602.441891595755,486.1238595829656
7.783,2239.3075951088636,1607.7306690208252,474.09502554828833
7.783,2239.5775980127064,1607.643444857505,474.56529040566977
7.783,2241.4124581600736,1600.429735515398,465.71528466032373
7.783,2241.670103198938,1600.2532474718457,466.15395621231795
7.805,2240.369629467699,1605.7204082934477,460.48474423450426
7.805,2240.6138567930893,1605.4574626231336,460.8899255764168
7.824,2238.2778805406087,1600.51534886119,470.99626964423135
7.824,2238.5077340832668,1600.169322007803,471.3662118800133
7.844,2235.1371582015104,1615.2472085133493,480.45919822308207
7.844,2235.351788965525,1614.822036230379,480.79231411957664
7.886,2242.490934080633,1599.5439624473756,479.42874115185145
7.886,2242.6896025970573,1599.0441250824188,479.7236176982331
7.886,2232.005043142313,1607.9747413675593,474.20127578489337
7.886,2232.1871210794193,1607.4052453596137,474.45668554965056
7.906,2245.655888166693,1611.1557692472093,488.91316922318504
7.906,2245.8208591007005,1610.5221249129563,489.1280804108215
7.906,2237.2693086115573,1621.6797412166777,471.0937469455471
7.906,2237.416767968259,1620.9879369294247,471.2673320658348
7.927,2244.624061649539,1611.2123194071676,472.1640658981385
7.927,2244.75371583384,1610.468792299062,472.2957089721444
7.948,2227.842456609717,1614.3838698893512,470.08637728587973
7.948,2227.954121346203,1613.5954732338694,470.17567952501366
7.968,2237.2961901211247,1602.8600881966668,480.60174288420416
7.968,2237.389788034947,1602.034055653751,480.6485267910936
7.99,2237.305219982272,1603.9254966169156,461.7335923237568
7.99,2237.3807774551506,1603.0694035475226,461.7379041767321
8.011,2242.5612562509746,1594.4928873808042,472.24885546317984
8.012,2242.6188995925995,1593.614609460498,472.2109661594531
8.033,2240.47131299374,1596.5997674390242,468.0721385688415
8.033,2240.511263973671,1595.7074368218878,467.99254281494365
8.054,2236.282401678798,1596.6036766085817,460.7468566956623
8.054,2236.3049724684984,1595.705635912404,460.6262705472802
8.075,2237.3403594424058,1603.94923072064,472.31054141571127
8.075,2237.3459470211255,1603.0539851224976,472.14989818263103
8.075,2232.1016199907554,1601.8457834912683,475.47838799246165
8.076,2232.090700072388,1600.961951238475,475.27883253769187
8.096,2238.4061413104573,1599.7380005572616,487.04087675371386
8.096,2238.3792618516327,1598.874262212713,486.80375822903477
8.116,2246.8091866231507,1593.4282242302095,473.41674180123937
8.116,2246.7669609752347,1592.5932709827216,473.14360487418264
8.138,2266.755429098398,1595.5094063871868,477.631759277554
8.138,2266.6985288679,1594.7118877668022,477.32433391711345
8.179,2240.5272116604324,1601.783941686574,476.598788511927
8.179,2240.4563593438384,1601.0324130317406,476.25897841203397
8.179,2249.9786061238096,1613.3013083727712,486.0589193931596
8.179,2249.8945675834607,1612.6041784007014,485.68878912398986
8.198,2239.490785894426,1610.122781410995,478.727378523323
8.198,2239.3943627422605,1609.4882602443795,478.3291395107949
8.219,2244.7437258505515,1611.1378857598413,474.54291594635544
8.219,2244.6357478062882,1610.5739337625191,474.11891138959186
8.24,2239.502128112855,1607.951473398966,495.5431125435613
8.241,2239.383445402048,1607.465751169743,495.0958013886083
8.241,2240.556568725084,1604.7613583761113,466.170291070204
8.241,2240.428044581096,1604.3611782442972,465.70223116579865
8.261,2258.4011586180786,1602.617143921268,464.08085718746514
8.261,2258.263661949971,1602.309423278985,463.5946877550858
8.28,2240.5653242729554,1612.0131590128472,476.6818393525141
8.28,2240.419722558743,1611.804375808497,476.18026290831756
8.301,2237.420819412232,1616.1590558259052,471.4414573452204
8.301,2237.26797187388,1616.0552065297575,470.92722121562576
8.321,2240.5723588826722,1609.8080326723123,478.79262832973296
8.321,2240.413109995855,1609.8145930098572,478.26850590547866
8.343,2242.674072102425,1596.1085981098481,472.5000596641019
8.344,2242.5092454899986,1596.2304868404979,471.96883153935704
8.362,2226.9353881795805,1608.6422101336627,467.2555153565617
8.362,2226.765780933622,1608.8837561327703,466.71995050033394
8.382,2236.3821925208827,1609.6303621116833,478.8001802389158
8.382,2236.208569993429,1609.9952749918102,478.2630173453423
8.405,2245.828627579641,1617.9627799380037,469.35526352575334
8.405,2245.651718677362,1618.454124421855,468.819192688068
8.405,2240.582952635712,1606.3550962949857,474.60078613619197
8.405,2240.403445648633,1606.9752705271271,474.0684309861451
8.425,2241.633418732784,1608.3888182812375,468.30150113427175
8.425,2241.451957721801,1609.1395362390076,467.77540158463
8.446,2243.7329918238584,1600.9772409788316,487.1868579799003
8.446,2243.550173586221,1601.8595191149022,486.66945370238017
8.468,2239.535816223465,1603.0101232181128,479.8357508297709
8.468,2239.352187849862,1604.0242714381347,479.3293655943933
8.489,2252.1289697932275,1597.6972368043437,471.43411841955714
8.49,2251.9450268244027,1598.8428538532785,470.9409454140838
8.511,2252.1289577283283,1594.4836408628732,475.6243802831341
8.512,2251.9451429134697,1595.7596141631473,475.14646852290707
8.533,2234.288749366637,1601.7649814582312,459.8748577496609
8.533,2234.105452020155,1603.169491412011,459.4140996790085
8.552,2236.3871843029337,1597.503968284242,457.7668003084641
8.552,2236.204740250781,1599.034497021093,457.3249206848408
8.573,2241.633705645172,1604.787998099822,474.5473528844976
8.573,2241.4523977463473,1606.4413426201138,474.12589902585177
8.573,2241.6330477686997,1604.728000777804,478.7342633920716
8.573,2241.4531069925406,1606.5002904115347,478.33459685662524
8.592,2239.5334704489924,1600.4725366888767,465.0805700312539
8.592,2239.355077483771,1602.3592547594951,464.7038597870355
8.613,2235.33499806515,1606.7136799772088,462.96989226327537
8.613,2235.158285428898,1608.7096895306897,462.61710939252686
8.637,2234.284711099049,1603.5129120302784,456.66115851926793
8.637,2234.1097657191967,1605.6124854612467,456.33307249025785
8.658,2237.432042709547,1601.3646305713335,481.8344603951472
8.658,2237.25890893382,1603.5614829508293,481.53163692113435
8.679,2237.4311326629936,1603.4173350690153,473.42638910372204
8.679,2237.2598156606496,1605.7046609527808,473.14918959596633
8.701,2231.1337647614973,1600.226567751489,447.1782185129921
8.701,2230.964234270531,1602.597081223241,446.9268011217678
8.723,2234.2811272288554,1608.583136376241,474.4500291444563
8.723,2234.113321602234,1611.0291140580514,474.22435136929
8.743,2241.6261768239824,1605.400190416888,458.6960648757088
8.743,2241.4600073256256,1607.9135171581927,458.49588771348334
8.743,2240.57598780931,1607.4684913487515,459.7328755666732
8.743,2240.4113431087544,1610.040708286996,459.557769153978
8.764,2242.674095888481,1613.7387808846572,474.41231967776275
8.764,2242.510846701811,1616.3611355544326,474.26167037205556
8.785,2232.1793362579715,1612.6676603471055,462.85685025602754
8.785,2232.017340081868,1615.3311585005804,462.72986908883234
8.806,2240.5740577551446,1607.403465156649,461.7959527403028
8.806,2240.4131636406337,1610.0989239467494,461.69168516495273
8.826,2229.030038526701,1613.6874413496373,452.3402994729477
8.826,2228.8700918392847,1616.4055435184428,452.25763631935337
8.847,2243.7213832078996,1623.1243438581505,457.5770155861279
8.847,2243.5622303215723,1625.8556925665355,457.5147051257603
8.867,2223.7822244685813,1601.0836133925513,453.3697037696045
8.867,2223.6237173424797,1603.818787323539,453.3263647854926
8.889,2226.930188548876,1598.9864034384696,438.66901211568836
8.889,2226.7721891368806,1601.716011805559,438.6431478646546
8.908,2226.9299821818654,1579.0538654117895,436.562045184732
8.908,2226.772366627699,1581.7686025051821,436.55205813256316
8.928,2215.3863050408513,1657.770609427601,429.20885269582425
8.928,2215.228967613856,1660.4613083355343,429.21305990050746
8.928,2230.0779595006175,1866.6188903141817,447.0424039670916
8.928,2229.9208162302784,1869.2765754633822,447.05905298073503
8.95,2223.7814173967527,1905.4669135308438,442.8392116362558
8.95,2223.6244093675255,1908.0828516995869,442.86649679290025
8.969,2229.02842056667,1834.130992974221,441.78517133468637
8.969,2228.8715168383173,1836.696742443376,441.8212502888765
8.991,2238.4730737823857,1798.4791590787202,453.32499836429497
8.991,2238.3162739051395,1800.9866166004504,453.3680087441011
9.012,2222.7318399065025,1777.5229964159969,447.0257639448088
9.012,2222.575176004671,1779.9644416964168,447.0738399828809
9.032,2222.731749234262,1768.114063281741,462.7650993366416
9.032,2222.5752876363977,1770.4822006924317,462.81638834390884
9.053,2245.818664469469,1772.3509555747162,464.8630020222839
9.053,2245.6625068680087,1774.638952828903,464.9156805710493
9.074,2222.7314108074734,1774.4922561271362,435.4794564856589
9.074,2222.5756949356573,1776.6937796787352,435.53174617203666
9.074,2224.8299498998476,1770.340057509256,450.1720601117829
9.074,2224.6748497186572,1772.4493044573915,450.22224277165304
9.096,2222.730742633564,1751.4987918415309,443.8772663093393
9.096,2222.576468026418,1753.5105181486947,443.92369856724247
9.118,2217.483182782281,1756.796394596396,452.2750223545043
9.118,2217.329978760464,1758.7059394555856,452.31614939110074
9.138,2219.581367903442,1759.9972795813467,450.17940386622723
9.138,2219.4295133299565,1761.8005857954822,450.21377229700835
9.159,2225.877047295128,1763.199961560041,453.33152761143623
9.159,2225.7268531397617,1764.893591825997,453.35779737729587
9.18,2226.9255024948734,1763.2558913792182,451.2372181298365
9.18,2226.7773096380624,1764.8370403983977,451.25417330879003
9.201,2216.4302507025354,1769.6094530185678,439.6987637891472
9.201,2216.2844273100272,1771.075955385926,439.7053222478127
9.221,2231.1206807405947,1762.3215070201431,435.5066779341008
9.221,2230.977619235497,1763.67184087386,435.50189974755244
9.245,2225.872088641763,1764.4787838454124,451.25382431185176
9.245,2225.7322023045476,1765.712070289527,451.2369188908722
9.245,2226.9197520404914,1764.5374373984173,457.55660491680726
9.245,2226.783471271409,1765.6534357407384,457.52693679251456
9.263,2220.6213147994968,1772.9912663244486,448.11847164658707
9.263,2220.489083081285,1773.9903652014486,448.0755648735894
9.285,2220.6191210482366,1774.0987885372351,440.77933847097376
9.285,2220.4913906502043,1774.9819930263961,440.7228796217119
9.305,2221.6661107370755,1771.0079362704494,441.8355922565424
9.305,2221.543338204329,1771.77685111841,441.76543199106766
9.325,2233.2069866795046,1758.4713598148694,458.6330310881651
9.325,2233.089628153328,1759.1281689363277,458.54918429526487
9.346,2218.5123495182734,1769.020533875748,452.34334895509585
9.346,2218.400855935725,1769.567976303618,452.24599347229525
9.366,2223.756308238876,1776.4199042852345,459.6958666558603
9.366,2223.651120460812,1776.8612467763091,459.5853405872693
9.388,2220.604760099319,1770.1751037655436,447.10933854125057
9.388,2220.5063040172304,1770.514110288289,446.98613620349647
9.408,2233.1941781586584,1783.8670630121787,457.6095586002147
9.408,2233.1028598310786,1784.1079613635695,457.4743251375636
9.408,2223.7457613132005,1766.074401559507,455.5164639538808
9.408,2223.6619621823475,1766.2218473762925,455.3699886741693
9.429,2232.137159381438,1778.7121962886229,437.681751000907
9.429,2232.0612316203474,1778.7712347347954,437.5249594938927
9.45,2215.342518531339,1775.6061628898663,453.4276938779118
9.45,2215.274780570759,1775.5821883160852,453.26163898707745
9.47,2222.684196202851,1764.102022718234,446.08601344892753
9.47,2222.6249284855767,1764.0007366009522,445.9118651765446
9.491,2226.8775147499096,1760.9902219107425,448.1884107143678
9.491,2226.8269557585563,1760.8175893880566,448.00744514771577
9.512,2220.576616274083,1756.8259420804332,450.2901338592174
9.512,2220.534958875662,1756.5881474087723,450.1037212131211
9.532,2225.819165655898,1774.6961428987865,459.7370208229992
9.532,2225.7865538040464,1774.3995441590646,459.5466127003445
9.552,2224.765193523401,1767.3772385567372,447.14551482124233
9.552,2224.7417193557135,1767.028321940622,446.9526307987185
9.573,2215.3159038056933,1767.4009376670945,448.1955769641793
9.573,2215.3016051703207,1767.0062716736122,448.0017906152001
9.573,2241.5466060569847,1773.7178047235996,455.5413053684465
9.574,2241.5414644984853,1773.2839945933738,455.34822983895157
9.593,2221.6032345882513,1771.6360777386549,450.29327935377466
9.593,2221.6071738188516,1771.1697204477377,450.1025526094133
9.616,2223.6975641023664,1773.7487150677673,458.6867787936265
9.616,2223.71044898007,1773.2563551953228,458.50004865865304
9.635,2229.9896293032834,1774.8087017661794,456.58534065438687
9.635,2230.011265333774,1774.2967885402609,456.4042497634113
9.656,2226.8371108126044,1764.3219864963985,447.1372075698214
9.656,2226.8672441870317,1763.7968323099126,446.96337835346765
9.677,2219.4870954401226,1767.4745279106414,451.33062457382385
9.678,2219.5254136158587,1766.9422685852564,451.1656443982005
9.697,2224.7301956405413,1769.5746680358604,451.3256197477675
9.697,2224.7763284669286,1769.0412250954187,451.1710263256211
9.719,2227.874679084609,1775.869584809606,448.17163473998096
9.719,2227.928200470716,1775.3406300065208,448.02890192842636
9.74,2219.4758697445677,1769.5688321784048,448.16517545633684
9.74,2219.5362998607293,1769.0497544968339,448.0356995521736
9.74,2219.472611378565,1767.4631465461687,453.40510856602793
9.74,2219.5394193785237,1766.959021884512,453.29019520495945
9.781,2222.617870980019,1768.5032834704587,447.10090062000006
9.781,2222.6904782254783,1768.0188471831627,447.0017523805111
9.781,2225.7634366831194,1768.491776714111,452.339659828613
9.781,2225.841220447787,1768.0313991691746,452.25736463503836
9.801,2226.810506065995,1771.626462826187,447.0838067817125
9.801,2226.892803691363,1771.1941281100255,447.0193271940106
9.822,2222.6108630020135,1770.5616616490606,451.2722257563463
9.822,2222.696976472985,1770.160949525137,451.22638922654164
9.843,2227.856283873709,1769.4952269392065,454.41087296589114
9.843,2227.9454847777656,1769.1292981408558,454.3843631329738
9.865,2217.3609066971226,1771.5756070711507,448.1045315012658
9.865,2217.452441527087,1771.2471919828022,448.09788058769834
9.885,2222.6070859529113,1782.0500777328857,449.14386303870646
9.885,2222.7001817097866,1781.761468487603,449.15744540264154
9.907,2221.5571883926414,1772.5847503291236,449.13365681665636
9.908,2221.6510584418447,1772.3377963239388,449.16768370457487
9.908,2237.298270851695,1770.4645449959467,450.1728189082209
9.908,2237.3921209833748,1770.260651800676,450.22733444305516
9.926,2218.4091729002457,1770.4426256724564,454.3602569208619
9.926,2218.5022075420147,1770.2827572819751,454.43513535084804
9.949,2229.9534038261086,1775.667445678189,453.30076468717937
9.949,2230.0448323546902,1775.5521300334674,453.3957089107837
9.972,2223.6580312785063,1768.299225031381,453.2908968381767
9.972,2223.747074375495,1768.22856271053,453.4054382105001
9.991,2229.9559797732463,1775.6228713447872,457.4789732203662
9.991,2230.041875769176,1775.5965473024908,457.6124726365796
10.012,2228.9084202480967,1767.205654563659,455.3709635894804
10.012,2228.990431398756,1767.222952775646,455.5226138311437
10.034,2223.6635728250844,1769.2830555033684,451.164596603011
10.034,2223.740991464013,1769.3428763523436,451.3334259236235
10.056,2222.6167119499673,1771.3611439609488,446.9587757363715
10.056,2222.688866461804,1771.462024181471,447.14365265332856
10.077,2221.570171559115,1766.0942132648552,450.0994589655277
10.077,2221.6364321193855,1766.2343482476508,450.299098216809
10.097,2225.7709860282885,1777.6188887906592,446.94437152168825
10.097,2225.830770057119,1777.7961570314205,447.1573411372462
10.099,2229.9720724571685,1773.4035637248676,443.79005257789134
10.099,2230.0248497361536,1773.6155531891422,444.0147820077588
10.118,2220.5310537904147,1766.041310519245,454.2789171377069
10.118,2220.576351194691,1766.2853466834852,454.51370637155213
10.139,2236.2761241275844,1767.0757755868506,456.37338540899435
10.139,2236.313529927966,1767.3489509062272,456.6164150150477
10.16,2223.6872664737493,1771.2600066758514,444.8264557355451
10.16,2223.716434167284,1771.5592112220324,445.0757977407598
10.18,2225.790317094321,1774.3964473257709,453.21934501969235
10.18,2225.810968725386,1774.71840033265,453.4729745475815
10.201,2224.74524569558,1779.6334053163291,454.2673989877782
10.201,2224.7571746337526,1779.9746873685192,454.5232065656531
10.222,2221.6014272183343,1772.2791772319329,444.8224207368743
10.223,2221.6045003638387,1772.6362628299034,445.0782251802916
10.243,2224.754115993942,1770.1737988007612,438.5267902110434
10.243,2224.7482753861186,1770.543089037677,438.78035199007786
10.243,2222.6597479019442,1775.4161174439257,450.07229198826445
10.244,2222.6450117113113,1775.7939725324902,450.32132697781003
10.263,2220.565342037661,1773.314380979789,447.97659909947197
10.263,2220.541804927253,1773.6971523727068,448.21879261418394
10.288,2223.717917555252,1770.1650507420065,447.9808935088469
10.288,2223.685750402332,1770.5491125969909,448.21391452249605
10.307,2220.5739105132125,1769.116338251135,450.08517802438
10.307,2220.5333594879285,1769.4981180006077,450.30669347333986
10.328,2219.528575549096,1770.168205748897,454.2894483019233
10.328,2219.479960552231,1770.5442135454846,454.49713737325277
10.349,2223.730110983537,1774.3700127111783,450.09957821731325
10.35,2223.673823450965,1774.7368695328412,450.2911465233536
10.37,2221.634955927008,1772.2769904551333,448.00966397667185
10.37,2221.5714560141537,1772.6314546680858,448.18285752026776
10.391,2224.786603404093,1774.3831755313408,440.6737999680057
10.391,2224.7164165689824,1774.7221677245257,440.8264188053539
10.414,2216.394438750407,1760.7496602246517,442.7837147015976
10.414,2216.318151759332,1761.0702861467105,442.91362621327795
10.415,2232.138422868709,1775.4516256130746,449.09231234827837
10.415,2232.05667925366,1775.751197060703,449.1974640331556
10.434,2228.992659084587,1771.2654454900417,445.9571991482328
10.434,2228.90615408653,1771.5414990159948,446.03563085969716
10.454,2224.797118533257,1775.47569932302,448.07008507210196
10.454,2224.7065935699516,1775.7260126517572,448.1199406213078
10.475,2228.996483542989,1772.3410891034682,449.13444520330114
10.475,2228.90272024456,1772.563695163154,449.1539832598419
10.496,2220.602507021641,1769.2073630029533,444.9525723929446
10.496,2220.5063208809206,1769.4005615035305,444.9401766195107
10.516,2223.7516382722265,1780.7661446111015,435.5244005991228
10.516,2223.653871960764,1780.9285111194934,435.47858896319235
10.537,2223.752105760219,1770.2878920328055,454.4310264005709
10.537,2223.653622163925,1770.4182845177327,454.3504596129688
10.56,2228.9991938002117,1772.403040825048,457.5970939215929
10.56,2228.900868831416,1772.5006036652953,457.4805829587874
10.58,2221.6529036850116,1774.5185094618691,458.664874579089
10.58,2221.5556189301,1774.5826749329844,458.5113872532819
10.58,2225.849699116168,1769.2882739454285,452.38723046075626
10.581,2225.7543343797643,1769.3187612205272,452.19589700915384
10.601,2226.897823254358,1775.6015983742434,442.9617244396328
10.601,2226.805249062306,1775.5984100946337,442.7318421116284
10.621,2224.7972835459914,1771.420702227425,448.2282665497946
10.621,2224.7083536702366,1771.3841187181972,447.9593031781599
10.643,2222.6963255487553,1773.5360330190513,452.44559847114965
10.643,2222.6118696174744,1773.4666042431863,452.1371950206004
10.663,2215.3479067255903,1771.453344951732,449.3171641981426
10.663,2215.268722981659,1771.3518803137167,448.9691362918167
10.683,2233.1849779714858,1770.4195701022397,449.33699081914733
10.683,2233.1118262415757,1770.2871262284289,448.9493292504989
10.706,2228.984045022442,1771.4840015030572,443.0602876651559
10.706,2228.917639957711,1771.3218681408812,442.63315790951236
10.726,2234.2274769173077,1773.597116959797,455.67284309945734
10.726,2234.168481564736,1773.4068011515685,455.20658384594645
10.747,2228.9764838722913,1775.7094027862352,449.3957585437125
10.747,2228.925503633443,1775.4926114852358,448.89087927440966
10.748,2224.77462297941,1780.969000385917,445.21717914320465
10.748,2224.7322000104564,1780.727621692926,444.6743567920938
10.769,2224.7701622112613,1773.6346545928627,449.4334915056616
10.769,2224.7367703148393,1773.3707378001207,448.8535662353969
10.789,2219.5184342883726,1767.3486416888836,444.2046209213419
10.789,2219.4944743439823,1767.0643763254507,443.58859106068996
10.81,2222.6618262800266,1771.5556028764163,446.32107393105645
10.81,2222.6476222556507,1771.2532969543765,445.67009012038767
10.831,2225.805086207532,1771.5637267244854,448.4368965372639
10.832,2225.8008817903888,1771.2457843888617,447.75225513340985
10.853,2227.898843804786,1776.8176768835008,450.5520185714525
10.853,2227.90479968439,1776.486575670627,449.83515436674463
10.875,2223.69608404166,1772.625664710795,450.5675508103472
10.875,2223.7122758730216,1772.2839326198566,449.82002912355813
10.895,2223.6909646528275,1769.4817882483765,445.335196734746
10.895,2223.717381722266,1769.1319808291346,444.5587049341515
10.915,2222.6364717624574,1772.633099589575,439.0525445282848
10.915,2222.6730163726525,1772.2777772457541,438.24888304888043
10.915,2224.730294734041,1773.6843129599106,450.6089475773533
10.916,2224.7767823192576,1773.3260186627142,449.7800204956988
10.936,2225.7748308599294,1771.5860337861247,435.92907609186807
10.936,2225.830990836219,1771.2272713855687,435.07688132286
10.956,2235.2148258061166,1776.8324041984035,445.38463735723957
10.956,2235.2803031553094,1776.4756175119066,444.51125653744293
10.977,2221.5679769507733,1770.53405535475,448.542660836491
10.977,2221.6423345310295,1770.1816082027842,447.65024895855277
10.998,2218.4154912176923,1777.8769096145077,444.3537023317285
10.999,2218.4982127871535,1777.5310669621015,443.4444771937358
11.018,2215.2632921327418,1774.7245593446335,451.70714084779087
11.018,2215.353786067159,1774.3874696952694,450.7833723804092
11.04,2222.6055304553934,1771.5711836224746,450.66413646438775
11.04,2222.7031341344064,1771.2448627976182,449.72813599708326
11.06,2220.503421960431,1776.8121461437493,447.5211413134891
11.06,2220.6074067917853,1776.4984625669747,446.5752508392991
11.082,2225.747581036115,1771.5581192164163,438.08049820477913
11.082,2225.8571580815214,1771.2587808058765,437.1270797008154
11.082,2217.3498062239846,1777.8468282935846,452.7751336687779
11.082,2217.4641323852006,1777.5633710508607,451.8165585271206
11.103,2222.594820270144,1780.9866025211145,447.52976528827486
11.103,2222.7130049889706,1780.720380887994,446.56840390902454
11.123,2220.4944149002686,1773.6316554564332,452.77732994797026
11.124,2220.6155273217505,1773.3838344944745,451.8155415431572
11.146,2221.542722119213,1774.6714905523784,445.43078470759343
11.146,2221.665798663028,1774.4430399829957,444.4709073613048
11.167,2221.542109469706,1771.513269519448,443.33013871015356
11.167,2220.6167502840963,1774.4531940470256,460.21447467999616
11.188,2221.541997758181,1771.5029732779433,443.32717645068215
11.188,2220.616609330798,1774.463607190741,460.2179980327925
11.21,2223.6412150658357,1773.5912914037783,448.5701557432653
11.21,2223.76419572184,1773.4247670551579,447.62968622437137
11.233,2223.6421163910836,1784.0747932115974,455.9108699167889
11.233,2223.763041947963,1783.9295113429714,454.98126492807774
11.253,2218.3964638673933,1773.5700566929247,447.50935586565294
11.253,2218.5143307145395,1773.4459865439549,446.5927104494817
11.254,2226.7936560901003,1771.4606996925302,449.6009359922255
11.254,2226.907478418253,1771.3576184529898,448.6992718938963
11.275,2221.54898276203,1759.9068208766112,457.9880037985326
11.275,2221.657801208921,1759.8243203953375,457.1032622867483
11.296,2223.6506567976644,1774.5884997919975,453.7811956527891
11.296,2223.7535469725062,1774.5259948549592,452.91523082806543
11.318,2225.7527773007196,1770.3811283115224,452.7217295011266
11.318,2225.848858118116,1770.3378663865938,451.8763021047697
11.338,2215.2623819646024,1768.273015357492,448.5131853822353
11.338,2215.350823719511,1768.2480876916754,447.6899571151947
11.36,2218.4147288513996,1779.807760629801,445.35326065461373
11.36,2218.494760968568,1779.8001145742228,444.55378901236804
11.382,2223.6662594698587,1778.750144426065,451.6373009336803
11.382,2223.7371778633433,1778.7585968547128,450.86303456038024
11.401,2231.0169379543104,1776.643752789379,448.4759558143585
11.401,2231.0781119354083,1776.6670044696289,447.728230376729
11.422,2221.577318762338,1772.4392266599007,454.7586895811673
11.422,2221.6281974376875,1772.4758774262534,454.0387241601706
11.422,2221.582646452572,1774.5319023427833,452.6455667762098
11.422,2221.622764557742,1774.5804669201889,451.9544607722141
11.443,2227.8846418114776,1761.9335869540985,450.53193997951286
11.443,2227.9136249297785,1761.9925112733908,449.870670524722
11.463,2213.198559514474,1783.9666476230814,453.66492847536796
11.463,2213.2161286351893,1784.0343254689456,453.03434834549375
11.484,2224.7478663930883,1767.1723014124238,447.3528345302267
11.484,2224.753841768406,1767.247091243494,446.7536705458929
11.504,2223.70428731032,1775.5646591696602,452.58395091592797
11.504,2223.6985915756536,1775.6449009510407,452.01680282306233
11.524,2219.512473348149,1774.5131454494494,445.22187769649247
11.524,2219.4951338761057,1774.5971773401648,444.68721751392377
11.547,2224.765309108378,1773.4624581898502,446.2549081824759
11.547,2224.7364595725608,1773.548632931194,445.7530800042243
11.568,2221.62274616278,1771.3631726212363,447.28781453392344
11.568,2221.58262729381,1771.4498734769506,446.8190347730905
11.588,2219.529434160322,1773.4623250203786,450.4194832999866
11.588,2219.478393682608,1773.5479811257783,449.9838413608444
11.589,2221.6335542870975,1768.2163607777954,439.90880559423414
11.589,2221.572046031417,1768.2994617624304,439.50626495893414
11.61,2222.6879967438085,1769.267593499072,455.63347959975636
11.61,2222.6165789371203,1769.3467032560202,455.26387931612834
11.63,2223.74212169609,1773.4677467862175,447.2218164262233
11.631,2223.661454436414,1773.541516270834,446.88487298329136
11.651,2213.2523532665255,1774.5203038378388,443.0079861478329
11.652,2213.16319519722,1774.5874827893233,442.70329572596967
11.693,2224.7998106262226,1777.6722685656162,450.33792823223445
11.693,2224.7030148303074,1777.7317160562793,450.0649693153019
11.693,2224.8032813796917,1776.6271139329328,447.17405962616294
11.693,2224.6997905208286,1776.6778076621524,446.9321959634228
11.715,2215.3615457198275,1780.829480758045,463.9493690302861
11.715,2215.252386462784,1780.8705250208386,463.7378529364176
11.734,2225.8580850361627,1775.587542643564,445.0451030576557
11.734,2225.7443617851354,1775.6181749169032,444.86307903976115
11.754,2221.6622845892643,1777.6918144487272,449.22835631852786
11.754,2221.5451725878797,1777.7114105525036,449.0748650195554
11.754,2220.6141066763603,1777.69752231526,449.2144810216386
11.754,2220.4948445182713,1777.705600118725,449.0884634701622
11.775,2222.7135226006035,1783.9998860256296,456.5470514271265
11.775,2222.593404204328,1783.9961076841273,456.44735358390693
11.796,2224.812273458969,1767.2153119750355,436.59553485453927
11.796,2224.6926395648275,1767.1994846959687,436.52091244667696
11.817,2220.6138703582556,1771.4190094310895,447.07760521908796
11.818,2220.4960996092004,1771.3910847819461,447.0267288528835
11.84,2217.464178074895,1770.3756202408256,452.313313192717
11.84,2217.34967774631,1770.3356920256042,452.28477373652515
11.86,2219.560831729166,1775.6286006589035,455.45093094556006
11.86,2219.4510281755947,1775.5769014026857,455.44324517398985
11.882,2224.8050024987747,1777.7331798588314,445.9963786561596
11.882,2224.7013313878388,1777.670075952809,446.0079951468545
11.903,2237.39433530528,1767.2445899242014,444.93791748018083
11.903,2237.298231710861,1767.1705754957231,444.9672227541727
11.922,2225.8464901671546,1771.4474678121153,451.2261646024989
11.922,2225.7593785950785,1771.3631573955586,451.2714894986894
11.922,2224.7920545288584,1775.649995877374,443.8729160583609
11.923,2224.7153389489904,1775.5561159723127,443.93254233206954
11.942,2223.73692770164,1779.8521216247848,454.360537865453
11.943,2223.6719816603018,1779.7495012374632,454.4327050001911
11.963,2222.681128559885,1775.6585058992496,443.8608242536588
11.963,2222.629285446094,1775.5480661721438,443.9437364743322
11.975,2215.3282119610453,1773.5632214485167,433.3620195078533
11.975,2215.2907554988533,1773.4459644902204,433.45385298241575
11.997,2220.567612623381,1770.417997794162,448.0500101148049
11.997,2220.5457676610527,1770.2949948283394,448.1489203301051
12.016,2218.4605454495963,1774.6180967397506,448.04716784354275
12.016,2218.4554691140575,1774.490475697241,448.15129713960175
12.036,2222.649396559434,1780.9164373875162,458.5393716112651
12.036,2222.6621698417825,1780.7853700696116,458.64685685660896
12.057,2221.590680884626,1768.3247733692974,451.19251162088517
12.057,2221.6223007191916,1768.1914623131534,451.3014920097913
12.077,2223.6797349914955,1772.523084185944,433.35246402389055
12.077,2223.7311068871563,1772.3887493645702,433.4610889745266
12.078,2218.4224924958926,1769.3749023756834,450.1439138128838
12.078,2218.4944237743143,1769.2407678653426,450.2503509433656
12.1,2222.609588299602,1774.621402869433,450.14568698416565
12.1,2222.702781990317,1774.4886836162368,450.2481301415145
12.118,2223.6481390133663,1766.2249543160551,443.85188207572105
12.118,2223.7631884506586,1766.0948431314246,443.9485593906301
12.139,2230.982904485859,1780.9149739070938,451.2012968027389
12.139,2231.1202886472115,1780.7886288183793,451.2904787409734
12.159,2219.428068188463,1766.2209102713139,453.304500577492
12.159,2219.588147808459,1766.0994423492355,453.38450795666506
12.18,2220.4660344671274,1775.6627761004468,445.9638193686377
12.18,2220.6490489550397,1775.5472378794586,446.03303130709514
12.202,2226.7509846123353,1767.2641460997,453.31568482247104
12.202,2226.9570497954305,1767.1555207005688,453.37254658506583
12.223,2223.5912204573397,1768.3097569559193,448.0753628174326
12.223,2223.820327165723,1768.208948012194,448.11839352115385
12.243,2214.1350391674387,1773.5525945771471,451.2310429371438
12.243,2214.3870526698015,1773.4604170585396,451.2588430778678
12.244,2220.4201442801823,1776.6962376296055,463.8320932037323
12.244,2220.6948045736044,1776.6134096459589,463.84335196388565
12.265,2224.606603113385,1774.5925028881884,444.951419390677
12.265,2224.903526063705,1774.519638547509,444.9449216862966
12.284,2224.5956541072105,1774.5873249559204,444.96072150946173
12.285,2224.914333430233,1774.5249283392432,444.9353547341119
12.305,2229.83206054043,1777.730172209544,443.9211280212108
12.305,2230.171870607875,1777.6786325141447,443.8758884434375
12.325,2219.32765143605,1776.6752232651927,448.12905101310713
12.325,2219.6878508841123,1776.634811155941,448.06304978365563
12.346,2222.4660041483044,1766.1754810355583,452.3373735890634
12.346,2222.845740260605,1766.1463462323131,452.249842313951
12.368,2217.2095316647697,1770.3674702537107,449.2001533084416
12.368,2217.6078454958783,1770.3496403703957,449.09044914418644
12.389,2227.694748704533,1769.3124341377813,448.16202885164245
12.389,2228.1105809047513,1769.3058147767242,448.02963907955944
12.41,2219.2911246591048,1774.5539594077193,449.2229336152481
12.411,2219.7233219561485,1774.558335500496,449.06747965269415
12.411,2231.8763396226063,1779.7956367083696,452.3827992141592
12.411,2232.323661911021,1779.810675082553,452.2040400219979
12.433,2232.918678693003,1781.8892893529317,455.54273286370994
12.433,2233.3798066778572,1781.9145424922876,455.34056771107305
12.454,2224.517001375524,1774.5385039384435,448.2085489114486
12.454,2224.990544712994,1774.5734148928595,447.9830194611023
12.476,2225.560746413632,1766.1386247339653,441.9237017399812
12.476,2226.0452522876417,1766.1825331244838,441.67499342022944
12.495,2224.5064155685677,1773.4802843532507,449.2810567905609
12.495,2225.0003776397452,1773.5324334073268,449.0094994227214
12.537,2220.304620680614,1776.6247101753404,453.4899583956813
12.537,2220.8064883412467,1776.6842547178278,453.19602604960187
12.537,2222.400083541507,1771.3742972598184,444.0562200605885
12.537,2222.9082714084157,1771.4403125763788,443.7405301145939
12.558,2218.199880316827,1786.0631914203134,450.36329182053225
12.558,2218.712777892575,1786.1346829019494,450.0266032064418
12.578,2219.2475460471114,1777.6655536129485,435.68170246204613
12.578,2219.7635274791605,1777.7414670832327,435.32491308051607
12.578,2222.394850337184,1772.416696244984,449.333722692682
12.578,2222.912284204367,1772.4959288655293,448.957865989123
12.601,2224.4935579104476,1772.4154623414993,448.2934161306357
12.601,2225.010816966285,1772.496873986086,447.89965682721555
12.622,2228.6918974600912,1773.4642202966345,437.80777633785425
12.622,2220.812076525416,1774.5960567476516,443.6938741261357
12.644,2228.693389722435,1773.4641554775926,437.8155602873358
12.644,2220.81019034899,1774.5958259921028,443.68645747098475
12.664,2219.250962264938,1778.7117389531156,446.2178874230137
12.664,2219.7581184616492,1778.7926512854517,445.7786397547858
12.684,2220.303413380731,1782.9104981329613,440.9770629990935
12.684,2220.8041170286556,1782.9888935587196,440.52576971366545
12.706,2221.356604503342,1773.467485615205,457.77302704940786
12.706,2221.849389087917,1773.5422165019354,457.3114160998271
12.727,2226.608153506526,1774.5191494458802,448.33280668701263
12.727,2227.0916104675193,1774.5891024588618,447.86269444767356
12.747,2221.3662679880827,1772.4231191043432,446.2375282892571
12.747,2221.8390543230207,1772.4872265971023,445.76080974577286
12.747,2227.6685532952506,1770.3276020158464,450.43774497196307
12.747,2228.1293986283363,1770.384852962244,449.956383245464
12.768,2232.9220330364597,1770.3313888774321,450.4393121177151
12.768,2233.3697461075462,1770.3808392398373,449.95532737375913
12.788,2226.6325507405413,1773.4838539777159,447.29161700783163
12.788,2227.0660252734656,1773.5246364114928,446.80707480603866
12.81,2219.2941765911646,1777.686132629564,448.34052174290446
12.81,2219.7123965059177,1777.7174654308376,447.8575208892006
12.829,2218.2527440198996,1770.3452413102714,448.33895705612514
12.829,2218.6547879583723,1770.3664365215348,447.8596170249001
12.852,2213.0140895175614,1771.399948269267,437.8422142394492
12.852,2213.399134658231,1771.410418865698,437.36866223806334
12.871,2227.7146263596246,1782.9490235859776,434.6902893112045
12.871,2228.081951502125,1782.9482896744316,434.2246470639933
12.892,2224.5754899897875,1774.5594791445353,452.5255391086202
12.892,2224.9244778962075,1774.5471731168282,452.06990944182354
12.913,2228.7825029972587,1778.763012694912,452.5197538622363
12.913,2229.112641982732,1778.738883287183,452.07620717505216
12.913,2222.4956173009914,1772.4725126156682,445.1670695428877
12.913,2222.8065020720915,1772.4364278362198,444.7376302530869
12.934,2226.703008969868,1775.6267364116802,445.15927474875053
12.934,2226.994340715091,1775.578685310628,444.7459078039443
12.955,2222.515218549677,1775.632685657952,455.6446386289946
12.955,2222.7868042920063,1775.5727789230984,455.24923617664075
12.977,2220.4263082649386,1776.6879455494716,454.58556169483194
12.977,2220.678059492071,1776.6164149241213,454.2099300054384
13.021,2225.6832839533067,1772.4959873398568,447.22914901964293
13.021,2225.9152145466073,1772.4131838695341,446.874995758291
13.021,2216.2484545945194,1768.3038097330657,447.2178036186885
13.021,2216.460678082872,1768.2102008591537,446.88672555990667
13.041,2222.5547041473724,1777.7537050479489,441.9586477728323
13.041,2222.7474303171334,1777.6498705773186,441.65211905309246
13.064,2216.267876330266,1764.1162176001972,447.19291902172927
13.064,2216.4414072270783,1764.0028445904243,446.9122800222348
13.084,2217.326744569774,1774.614812034164,451.3771620504813
13.084,2217.4814699323724,1774.4926886441867,451.1236090006352
13.085,2226.780678364443,1777.767096394989,452.4126296500136
13.085,2226.9170705345764,1777.637104760819,452.187205038852
13.106,2223.6414091274128,1776.7212610536415,450.29940201079285
13.106,2223.760017483422,1776.5843692577203,450.1029858898345
13.126,2219.4524267025263,1772.5266777779952,441.889328910998
13.126,2219.553871667454,1772.3839309893683,441.72263116736474
13.147,2224.707812605307,1764.1339001160575,453.4177846881149
13.147,2224.792779282922,1763.9864109861626,453.28133836148186
13.168,2218.4193076380097,1777.7781848171471,457.600161778739
13.168,2218.4885391324933,1777.6271232228437,457.4943174896162
13.189,2217.3774688646618,1777.7795174059158,450.23890724872643
13.19,2217.431759341512,1777.6260996374274,450.16382879893087
13.208,2233.1257995613523,1768.3355247447018,441.8282304485771
13.208,2233.1659871081647,1768.1810022411355,441.7838916473836
13.23,2222.638410333321,1768.335600006014,440.76351890701363
13.23,2222.6653696800827,1768.181247745114,440.74970166859157
13.251,2220.545864035961,1780.927970254199,456.48957208260794
13.251,2220.5604991947553,1780.7750749061618,456.50586583188095
13.252,2223.6999143954604,1768.333821307671,450.17826173776564
13.252,2223.7031512791973,1768.1836692646623,450.2240641529166
13.273,2227.902907350749,1779.8754967630416,451.2132041272374
13.273,2227.8956864300467,1779.7293621571346,451.28772323770386
13.294,2223.7101351436495,1771.4777255920826,452.24861259154596
13.294,2223.6934041996637,1771.3368584140358,452.3508702406663
13.316,2223.714534398102,1779.869925612556,449.08693262975453
13.316,2223.689241427652,1779.735540042794,449.2157693012293
13.337,2215.3231699974194,1772.5203635246537,450.12354442628975
13.337,2215.2902563245884,1772.3936265854,450.2776254234099
13.357,2218.4748656600427,1762.0220046404781,443.8150066972308
13.357,2218.435259306086,1761.9040252748734,443.99282965352677
13.377,2224.77433869154,1781.956048885555,445.90257206201585
13.377,2224.7289480519403,1781.8478675651284,446.10247575156933
13.399,2244.715715839781,1772.5060805681403,455.3369047843293
13.4,2244.6654237141847,1772.4086595249723,455.55707918967886
13.418,2220.58138132097,1768.3027206700533,446.9321998915664
13.418,2220.5270393380474,1768.2169348436967,447.17069747688817
13.419,2213.237217777639,1774.5930733223763,451.121454105774
13.419,2213.179641253133,1774.5197021047409,451.37620223301275
13.439,2224.7820680841965,1775.6360171156755,453.21296444282433
13.439,2224.7220313461753,1775.5757369692885,453.4817788587085
13.461,2228.980667652078,1779.8268977292726,454.25619280731564
13.461,2228.9188998630716,1779.7802757459513,454.53679211981665
13.481,2221.635394599474,1770.3751884780509,447.95471325172645
13.481,2221.5725761006265,1770.3426769360149,448.244734305647
13.5,2231.0803841549205,1777.7138810345837,450.04973264631485
13.5,2231.017143352405,1777.6958130023363,450.3467466992751
13.522,2223.7344963276923,1767.2124578951475,450.04716282498646
13.523,2223.6714071370093,1767.2090439206825,450.34869241734947
13.542,2224.7836343581657,1766.1556793629027,455.2929019048975
13.542,2224.7212142167205,1766.1670052762,455.59643831008447
13.562,2224.7831238461263,1774.543608267895,447.94696388368544
13.562,2224.7218322998383,1774.569634114323,448.2499850190164
13.585,2224.782405554925,1772.437489669162,450.04698942526915
13.585,2224.7226434194135,1772.4780497805107,450.34697809796995
13.585,2224.7815089857468,1778.7267924525863,447.95062009892047
13.585,2224.723618077838,1778.781596651795,448.24508245730766
13.603,2225.8298750300173,1775.5715831270636,432.2131340820177
13.603,2225.7741384605815,1775.6402190519425,432.4996181381993
13.624,2222.680475422907,1774.5154477103877,456.35448834118074
13.624,2222.6271184372063,1774.5973842311807,456.6306024288828
13.644,2233.1733335590607,1778.7066783741338,459.50878075154395
13.644,2233.122524906405,1778.8012700693641,459.7722117810023
13.664,2235.2708362012686,1770.3053353239072,443.77478821512136
13.664,2235.222690011445,1770.411827969206,444.0233195863048
13.685,2220.5777180664695,1773.4479343477772,446.9312687351257
13.686,2220.5322962062855,1773.5654713627316,447.16279777099635
13.706,2218.477525343547,1777.6404092515118,427.00170031013494
13.706,2218.4348402231562,1777.7680390408552,427.2142550731547
13.726,2218.4761669045874,1779.7345701278834,446.95069952859257
13.726,2218.436184699726,1779.8712542448784,447.1424548862858
13.749,2228.968956276561,1783.9281029750018,450.10996800249046
13.749,2228.931600529556,1784.0727250273771,450.27926081153447
13.749,2223.7206266370017,1771.3316368068702,448.0229454929352
13.749,2223.685782196873,1771.4830120188396,448.1682887760406
13.768,2222.6700136383015,1770.2793116653045,448.0354192190463
13.768,2222.6375308975685,1770.4361970031628,448.1555152146756
13.789,2224.7677213720176,1779.7217412653592,449.09787859543167
13.789,2224.737420755887,1779.882846029096,449.1916305672439
13.809,2226.8655286702387,1779.7201274726945,451.21021909755495
13.809,2226.837205332314,1779.8841242519584,451.27674179829813
13.83,2216.370508749294,1780.7685991212395,450.17468563506617
13.83,2216.343937426484,1780.9341350107231,450.2133143283687
13.851,2225.814425444945,1780.768341766362,460.68292558551394
13.851,2225.7893654236714,1780.9340497336016,460.6932235386932
13.871,2220.566706179401,1770.2746549854342,453.3513015533277
13.871,2220.542906324652,1770.439165282812,453.3330659247661
13.892,2220.5661721487786,1763.979296413797,447.0691013155228
13.892,2220.5433759476637,1764.1412479265166,447.02236737137616
13.914,2223.71400122478,1773.4257836686988,455.4785538481826
13.914,2223.691951796677,1773.5838350913439,455.40359745505185
13.914,2223.713722932326,1771.3294045882365,446.04778298195504
13.914,2223.6921679585353,1771.4822453245965,445.9451213345981
13.935,2224.7629790485303,1777.6289577226717,442.91313208612587
13.935,2224.741675575675,1777.7753184063952,442.78352264224316
13.955,2223.7135287393203,1773.4350122468852,447.1238934605912
13.955,2223.6922478122638,1773.5736747845874,446.9683310680457
13.977,2221.6147748003355,1773.4392994746886,443.9881895116119
13.977,2221.5933058824803,1773.569106517883,443.80790172707606
13.998,2216.367883507598,1774.4935512825505,449.24707821105466
13.998,2216.346038648751,1774.613415040741,449.04351882291985
14.018,2219.5163682338275,1776.5977298148453,444.011043015753
14.018,2219.4939859484093,1776.7066401286115,443.7858837980175
14.04,2224.763745588827,1774.5047361440186,463.95996845371025
14.04,2224.740694410318,1774.601767744382,463.71508919146197
14.06,2222.6652961346886,1773.4615827112748,450.32671261958563
14.06,2222.641477815252,1773.5459015997715,450.06418946043493
14.081,2216.3692365824427,1771.369398844925,455.58175556767117
14.081,2216.3445889102513,1771.4402677374749,455.30384776697224
14.082,2222.6661314596495,1770.3269573866557,446.1438442428565
14.082,2222.6406306700774,1770.3837401736762,445.8529793837052
14.103,2219.518319958787,1774.5318522637097,456.64347889430434
14.103,2219.4919827194667,1774.5740174486095,456.3422366759646
14.124,2219.518718864,1772.4405040675638,450.3511886083715
14.124,2219.4916038176493,1772.4676271558696,450.0422833088709
14.144,2225.815541152466,1771.398739004933,443.00808506349983
14.144,2225.787750005638,1771.4105038266696,442.69434679355675
14.164,2219.5193586177165,1769.3076798187158,452.4541126593722
14.164,2219.4910367675434,1769.303878777161,452.1384675354532
14.184,2222.667790137078,1777.7107986034698,444.05865270944
14.184,2222.6391268324687,1777.691331854097,443.7441020835258
14.205,2225.8161106645002,1774.5704013095276,452.45225405893797
14.205,2225.7873387021687,1774.535274883334,452.1418529513679
14.247,2228.9642986842227,1779.8252539039333,461.8937261597245
14.247,2228.935693644319,1779.7745768000245,461.59056104929056
14.247,2224.766452962076,1769.3388425590729,442.99954068539637
14.248,2224.7383319919973,1769.2728228413455,442.7067068174978
14.248,2214.27196477561,1775.6428749902075,440.89439495900865
14.248,2214.2446849345915,1775.5618149329227,440.6149733381552
14.269,2225.814924538244,1774.6008424485049,449.28183597742213
14.269,2225.788880719112,1774.5051327850008,449.0188702146466
14.288,2224.7647358201166,1769.3609375261337,447.1736617725934
14.288,2224.740358268202,1769.2510508638047,446.930134961276
14.309,2219.516673732966,1770.4172366691737,457.6569634976173
14.309,2219.4944251855027,1770.2937201420973,457.43577529285915
14.329,2221.6142493546868,1770.423825315602,446.10121293608063
14.329,2221.5946218272975,1770.2872925539164,445.9051570130958
14.35,2220.5633346810114,1777.775965157074,464.9770447272443
14.35,2220.5468459306544,1777.6270876589492,464.8087867931213
14.371,2223.7097985307805,1774.633635713556,447.1221969768621
14.371,2223.696988227295,1774.4731337117366,446.98425350764944
14.392,2218.4606938579914,1770.4415193795785,453.4026171016549
14.392,2218.452119498574,1770.2701522995128,453.29733497287964
14.433,2219.507773892889,1774.6443034422439,448.13840733008163
14.433,2219.504006496011,1774.462860053101,448.06794450368386
14.433,2222.6533876792328,1773.599627916316,447.0708409969327
14.433,2222.65500729594,1773.4089162793525,447.03714842109224
14.434,2215.3045948232934,1774.6533672300473,446.0023821077261
14.434,2215.312185905437,1774.454204551007,446.0071869783133
14.454,2231.042561847227,1774.6572862153098,450.1802056878317
14.454,2231.056708512929,1774.450488708694,450.2249962111916
14.474,2218.446128819087,1779.9078579388506,445.9620873668569
14.475,2218.4674100565476,1779.6942308120572,446.0480991534704
14.495,2226.837639071055,1777.8121539864464,450.13874147876294
14.495,2226.866623921909,1777.5924816507381,450.2669456860295
14.515,2226.833578294806,1776.7654800653518,449.0679550464057
14.516,2226.870821058318,1776.54051667869,449.2390483764736
14.557,2221.5821900440405,1777.8172661842063,446.94751431179196
14.557,2221.6282255428387,1777.5877266279233,447.1619109571083
14.557,2223.6764234091866,1776.7698893335955,437.4810941161602
14.557,2223.731762356569,1776.536440720842,437.7389197312967
14.577,2219.4739430655695,1773.623376390206,452.15118435540046
14.577,2219.5390675731783,1773.3866301990695,452.452272118847
14.577,2220.5182910841845,1766.2789349679815,437.4379472480014
14.577,2220.5936503475677,1766.039439886248,437.78183606217954
14.598,2223.6612510738937,1779.9224741147364,448.96033769367943
14.598,2223.747257271512,1779.6807096764185,449.34627255537583
14.619,2220.5075512671397,1770.4787489017758,446.8408660678792
14.619,2220.6045757065467,1770.2351199878874,447.2678006249501
14.639,2220.5019166639195,1767.3313195129076,435.2773222718508
14.639,2220.6102862064217,1767.086151780573,435.74392356537237
14.66,2225.743193667646,1775.7272843049855,453.0980714402494
14.661,2225.8631874602024,1775.4808205999118,453.60272681449646
14.681,2222.589058183566,1780.9749251675842,457.27738000458214
14.681,2222.720904724041,1780.7273229652828,457.81820615042193
14.703,2227.830120002192,1768.3825248724802,460.4083168540785
14.703,2227.973994560941,1768.133854783452,460.98317093469655
14.723,2227.824057513049,1770.4818825578739,449.898069340749
14.723,2227.9800799308264,1770.2321279214568,450.50456213219417
14.743,2217.3238417982266,1772.5812811258977,458.2785106079126
14.743,2217.492074677122,1772.3303387066057,458.9140215709578
14.743,2228.861257513589,1775.7301747244956,444.6227028617282
14.743,2229.0417048142626,1775.4778565136114,445.2843970460166
14.764,2224.657521555193,1771.533312983285,445.66014778052744
14.764,2223.80071614308,1772.3287605646112,443.196760045411
14.784,2224.6514818527953,1771.5342615546888,445.6497637640111
14.784,2223.8067193358515,1772.327715678641,443.2063221968391
14.804,2212.052585104978,1770.4860002323358,441.4433961595028
14.804,2212.2691007606722,1770.227628773129,442.16477493456534
14.826,2221.491439815218,1774.6850320582125,448.7822853975216
14.826,2221.7195859423427,1774.4237589764512,449.51675893103885
14.847,2225.683377618054,1782.03256496104,450.8759045096228
14.847,2225.9228586455583,1781.7678428836628,451.6198747551139
14.869,2221.4801933855956,1774.6886310313578,449.8231205224866
14.869,2221.7306555257405,1774.4198605922224,450.57290761655287
14.889,2219.376030352186,1773.641482398817,445.62396470235893
14.889,2219.637063123572,1773.3680209321965,446.37583278673907
14.909,2224.617973507629,1773.6440798823648,448.7725698456474
14.909,2224.889111647025,1773.3652508562027,449.52275347371176
14.909,2224.613111801981,1784.1411398757862,449.8242375096612
14.909,2224.8938375480416,1783.856242976045,450.5689684414786
14.931,2223.55911638597,1770.5020918918851,449.8283704433791
14.931,2223.8488621152455,1770.2104136619073,450.5639046291538
14.951,2224.604245499815,1782.0492773273277,457.1802381675032
14.951,2224.902396692785,1781.7501022595325,457.9028827164523
14.971,2225.649698448336,1768.410942508428,446.6939298356303
14.971,2225.95559696083,1768.1035644800086,447.400069766134
15.01,2228.794318663425,1769.4647141331332,448.802329136168
15.01,2229.1072662766046,1769.1484480727163,449.4884537034326
15.01,2221.445187164933,1778.9141084568748,449.86302519090157
15.01,2221.764449385182,1778.5883021255204,450.5257535903378
15.028,2227.7387843421448,1774.7214638301828,454.073589509372
