Time,25W,25X,25Y
0.008,1831.4193792597935,1544.290617801178,406.8422072553787
0.008,1919.0393636143103,1493.5016879126158,349.21306908044113
0.031,1908.8673510635708,1423.4291482003,401.68032371232755
0.031,1924.2679626168085,1584.7470930029838,371.46965962931773
0.032,1899.0148589777427,1514.588516864236,366.98654636634865
0.032,1902.4654426679322,1465.3672623704451,418.01572981882356
0.058,1832.8466824209568,1517.5003225085932,397.5369722426573
0.058,1843.1434713603326,1347.7556976751578,391.98829449537124
0.085,1998.5794744811012,1409.6613019585561,355.32800967568033
0.085,1815.363332222299,1523.4888304264634,368.88061003442306
0.085,1970.536722599247,1603.838831231933,402.37630693024914
0.113,1916.1390547013152,1506.4679047355837,385.113556030019
0.113,1852.122275798849,1676.5557820148217,386.3818723458819
0.14,1951.7411500115145,1523.9136570088526,372.95309607914237
0.14,1859.1991364264468,1500.040589988317,384.535708359107
0.14,1815.5021994926478,1513.8399746661953,386.98989250152397
0.167,1917.5899374089156,1515.3103199373334,378.1051623088029
0.168,1914.6217297233172,1585.5599720611606,375.2094792926858
0.194,1865.0895976593958,1474.2932103667256,419.875416421634
0.194,1972.0627084548316,1431.614715673617,389.7788167208447
0.194,1909.1762900896406,1601.464940489017,388.92446250653273
0.194,1794.04259092114,1526.320915950069,361.5420269946858
0.219,1915.136378168579,1446.072712180826,376.61339874094335
0.246,1876.2598516738474,1601.4107065931535,383.81430742083273
0.246,1871.761138138581,1600.27084547349,380.71125787811775
0.247,1831.5691980928327,1469.706744389177,367.00988353729684
0.247,1789.7789614224087,1622.3246533654838,369.00258852263295
0.276,1836.768067379429,1549.3290082359833,360.31450522047453
0.303,1975.307646420662,1508.6514931670065,395.24263482795294
0.303,1795.1940334808282,1456.0257348599057,398.1572630700614
0.303,1691.6350003685332,1576.3871631925879,396.3781921327645
0.303,1887.9129263530813,1566.2588944643276,366.79861374173845
0.33,2009.0514877943504,1446.0589770878037,380.5108215225343
0.33,1829.1574430008482,1493.1661114032827,386.93595366771336
0.357,1902.3303162027032,1506.187563713996,394.0338948811977
0.357,1916.6303463351574,1526.5099378510565,383.63603372695894
0.357,1913.1462181303764,1451.299700592591,404.15470053870393
0.357,1916.0453230680275,1427.2300405018048,403.4770228566512
0.386,1841.1403858249928,1518.4648515258596,388.5909413150193
0.386,1875.341990429666,1534.5439982408657,367.1496766242335
0.414,1942.317456550491,1479.0321429102291,366.52621414377813
0.415,1856.19095404731,1634.5750971653786,372.09032976884924
0.416,1816.5274971685135,1588.3127267899092,393.1977360849372
0.416,1908.2670951613322,1455.3180051616125,382.90608216199473
0.442,1859.7029050870312,1478.4763909434307,368.2990950866251
0.442,1826.3394327154695,1547.8429108665073,398.52437602884163
0.47,1858.985436329309,1467.3103084213092,396.2371160041729
0.47,1916.3725684778865,1437.5701584088513,404.03487628286524
0.471,1819.1305321249095,1528.0823202396389,395.30242239750925
0.471,1888.5313935275967,1553.5461566142926,387.94012718805806
0.498,1922.21896284166,1459.522149406831,372.28064737589165
0.498,1832.1796463627725,1521.3160617769697,377.0419159598487
0.526,1835.492951967955,1451.0624053287083,402.93262083866995
0.526,1782.9152067007653,1651.0397587422942,368.91813451885685
0.526,1921.2549433005488,1528.2829643076625,370.53112932456247
0.526,2009.5564533852003,1500.823711110771,375.4662921591963
0.555,1961.511248350068,1548.8673249041753,406.06925271122986
0.555,1846.8817282522198,1509.5558931280789,387.8709660988824
0.582,1810.2876478564026,1568.6627062840278,389.1749988213879
0.582,1785.1377406519732,1461.138863979713,386.2624721591664
0.61,1972.8912481351506,1593.6377964778248,379.2430447435407
0.61,1852.6708791106932,1465.331067634005,391.0908275690138
0.61,1977.557912461259,1664.2168194144772,395.0203283806987
0.611,1727.621031083789,1586.8590401210122,376.97415117595176
0.638,1885.5910909096376,1418.0537503003861,381.8381981135993
0.638,2040.4570780273323,1504.823525354817,389.5076799571494
0.639,1938.0737842082315,1580.4367170355704,387.73415345285486
0.639,1913.4262380540536,1541.34229116597,409.4563892396984
0.665,1977.1136730866765,1628.1230452938353,386.07558746341994
0.665,1930.43848379647,1438.3096065685104,399.8182198285598
0.693,2008.0556788787117,1486.785172207762,399.6109239084819
0.693,1872.2499454003698,1497.6267607289597,372.3441386816064
0.693,1865.5367371362722,1468.2727473232878,380.66436342007154
0.693,1884.3737284381739,1496.7318222978572,360.0273430966094
0.72,1826.1981232019355,1520.8088322317776,404.20090191622774
0.72,1859.1420331052323,1569.9175952873368,390.33909953448335
0.747,1753.2340037508536,1503.3236513111945,390.0673006334473
0.747,1831.9728679883913,1537.249727608674,388.00956942845676
0.748,1985.6071537205091,1602.8432700985343,393.94001586352243
0.748,1940.8417078090042,1405.566338805048,394.21062345866284
0.775,1961.3509629709465,1423.2470255086562,393.4254764274939
0.775,1811.9383851858026,1446.9313065532367,392.22266225678294
0.809,1847.8441813731085,1545.242973929097,356.6553518676034
0.809,1897.59008020282,1474.996354892797,397.1817353361131
0.829,1851.1911337230497,1593.6544015573245,392.86168769074243
0.829,1754.0808145399617,1569.6364013475736,403.7280018036938
0.829,1850.664591009424,1509.96639417989,392.21596488602574
0.83,2040.0922107450115,1486.317216313609,387.19731673970614
0.85,2026.8234686123456,1449.631798785579,376.07852075143825
0.871,1828.7131998056757,1509.3362330438515,369.5971957514165
0.872,1774.5394291823673,1609.9677319639056,393.66901138934907
0.89,1953.3929942720856,1390.287378243803,362.69888508675695
0.891,1897.029045162725,1494.0764372176693,361.10758740309933
0.891,1912.2211943922664,1653.9807476260003,394.91319134431586
0.891,1827.4053050227321,1515.3461033024905,388.3681819741438
0.911,1867.5819442205184,1564.1472416626193,387.9646980631484
0.911,1735.2364456146124,1553.7406867878826,395.8356451216703
0.932,1903.067998611999,1544.7350365056614,377.27823658752936
0.932,1924.1036922666526,1500.9945605058826,393.906394389699
0.953,1992.178119862257,1500.7314101586937,384.9830109397602
0.953,1838.0538617991424,1368.2163610130049,381.38656505405953
0.975,1915.5422832670447,1465.169720129217,387.5947755212659
0.975,1948.3927123213682,1559.9362604563087,399.90718616386243
0.996,1858.3062806621192,1545.0719135783042,381.1907115342417
0.996,1858.5100736900874,1483.6923480865883,399.3888353432201
1.018,1989.7227100330538,1518.6783226826424,403.19562736447534
1.018,1748.7424004102697,1585.8664486024556,374.5391121040365
1.038,1928.5112341745184,1589.097753162724,361.37152201845254
1.038,1803.686792032878,1577.410854531542,358.0271346708604
1.058,1791.3944368692014,1505.1601685529815,380.8096419993693
1.058,1911.0688063347566,1428.9483003335658,382.24968207756837
1.059,1828.1345940488102,1620.285594260334,396.2135218540466
1.059,1907.0427683593668,1550.712441554774,410.31740886304044
1.08,1856.5793456839424,1448.770589327811,392.0770651743189
1.08,1896.032806786439,1488.9997258633216,382.3071184592534
1.101,1977.6249677367134,1571.7915424747432,377.6415278525222
1.101,1859.020185873327,1498.0905658510653,391.3775197052449
1.122,1843.7502599640297,1530.0264646003054,367.322928227911
1.122,1868.8616770193285,1473.4506596115125,384.2739097731725
1.145,1821.0933770142951,1559.617322427067,406.42591352410653
1.145,1986.796034925516,1579.357738755035,385.5423751940684
1.164,1775.7776851588906,1502.108620887096,407.75512817572786
1.164,1693.864646573813,1550.8812701803965,360.91097454262757
1.185,1879.4770222373236,1591.1279140321442,381.80223199549096
1.185,1930.8386545299163,1534.058726293538,410.58137953839827
1.205,1867.5148179041335,1544.397558932028,390.12682904082664
1.205,1859.0259960356468,1524.5165051981019,388.04770754938545
1.228,1869.9866323279603,1563.8443506386805,405.52267059373247
1.228,1908.839811861336,1531.692256164415,393.2570791522627
1.229,1779.2700027431354,1548.080267726844,382.5399401161333
1.229,1960.095637227932,1493.216256388206,377.82897269930095
1.247,1821.7770832029416,1516.3542144138669,375.79972744600764
1.247,1903.6156190227246,1577.9451635283945,369.8077389352685
1.268,1805.5974881531554,1576.613786637042,350.6207376486319
1.268,1931.5757971495314,1545.5555502587154,372.271356363808
1.289,1851.5525011654713,1377.3564635362384,375.7953783324261
1.289,1907.7070064289785,1525.172070864457,373.53427588871597
1.332,1977.360756813672,1531.7703768066274,387.5874259220421
1.332,1850.2330208009228,1570.94828247905,352.4113937738831
1.332,1809.413170141749,1588.2425049157719,371.6815801383054
1.333,1845.0491943868508,1419.855908906938,384.3022871773351
1.354,1862.196891140068,1488.4543745091337,380.30996054736636
1.354,1825.7299845390685,1544.4254781481736,385.75387547499315
1.372,1849.1268329919774,1447.8488045203776,388.5275240109282
1.372,1935.5090976116117,1567.8934384753425,397.0443865680701
1.393,1967.1631509319877,1511.953459959074,365.488410831745
1.394,1889.1317901825298,1636.7067856539406,390.18867764720073
1.394,2022.2098918252632,1533.0517119553767,394.13363806855875
1.394,1780.2759793703458,1573.0787409925633,363.9689254422097
1.415,1862.006879045587,1657.9073082480488,378.51624725435937
1.415,1812.2945809342032,1496.0856307552626,394.99533335904897
1.435,1854.3494352408768,1554.1984492557367,379.40320764657946
1.435,1854.9204249746915,1581.5654783948366,363.2677571769511
1.457,1772.7265445518212,1619.4822898505224,388.531517606353
1.457,1834.682747854245,1508.471047005293,377.21664837709085
1.479,1822.202357084918,1505.4416729144855,376.3654624103491
1.479,1858.0078094641979,1499.0791740447505,386.63829007772756
1.502,1862.892443566113,1473.5866602082028,359.73049797055387
1.502,1754.7056110794765,1493.0436603729192,398.1043445699588
1.522,2042.518985909132,1615.7001350996882,385.48241922816186
1.522,1816.3126219327992,1480.4907236542442,395.6668248669478
1.542,1745.1860448558048,1523.6128643788938,389.44502927603696
1.543,2100.8219329062745,1569.7604727322384,372.9876157407444
1.563,1950.5766031895882,1591.3187070481536,384.81802879491727
1.563,1886.8249159630627,1485.1297224974512,389.86469094305005
1.563,1767.162966810544,1603.2021703708915,364.5960548280968
1.563,1938.0895708927005,1532.5587475855411,366.6906647539633
1.584,1891.6612815547312,1570.6393140161445,372.7857292693879
1.584,1881.6478170972414,1432.422562912643,372.0769437207727
1.605,1981.7404599078093,1560.0277056621871,362.0660621215408
1.605,1905.1298880829677,1539.2523023728832,386.57970359148885
1.627,1898.7891527953818,1460.0601628399907,391.92704579457495
1.627,1853.1371508804937,1626.7326240999344,345.1989433415937
1.647,1867.609674175675,1467.4811619484954,364.58994501633276
1.647,1770.5629420047767,1472.8025075374176,390.8927479153609
1.668,1762.082583990816,1593.249443785588,395.67042890013374
1.668,1764.0438995145137,1492.4545851459548,400.3209946928795
1.691,1768.628269724223,1449.0976356808546,387.27376062791393
1.691,1940.9731253483903,1517.5783851973829,356.3496874598889
1.711,1825.0140402615498,1571.0025145594975,368.6903891588495
1.711,1880.2133653089618,1554.7256483943686,401.2085202955262
1.731,1805.8345714106129,1474.5644299665696,414.5355403187315
1.731,1828.4677582781624,1468.1806302783873,378.64385888965086
1.732,1931.8366533228123,1543.3012339349398,378.63662409924297
1.732,1914.6266115578298,1399.6313109943005,397.0259106579571
1.752,1896.1114582943437,1570.469839774561,374.8070123906619
1.752,1898.5203916190285,1602.691829529664,397.86588695636027
1.772,1880.5240045935993,1387.5578710551606,398.6150498555815
1.772,1862.0533654727299,1541.3283900042966,360.1044972694148
1.794,1968.5301254568274,1575.710698128025,408.370556619393
1.794,1865.2579919742077,1480.9331050701664,397.450603375034
1.815,1855.808803341724,1515.0276494932587,392.0744045888227
1.815,2010.822190767542,1516.640556090494,378.1054191994458
1.837,1858.4105255763284,1371.9769574814868,395.1282387278288
1.837,1758.7266877644954,1498.64313719226,368.7389451225073
1.859,2020.9234677917882,1591.1616213838377,366.50700320751884
1.859,1817.4145290932872,1544.4676872068114,408.3477743482548
1.88,1925.766486873791,1516.3710918075938,381.72382859119205
1.88,1919.733719260071,1567.3216073935562,389.71744951333994
1.899,1821.3707390836857,1490.4314876392293,391.06434090435454
1.899,1857.0919715638672,1512.3603096612787,372.2124151766222
1.9,1872.8909288767045,1534.3291592512492,364.47496228167336
1.9,1899.9803291619805,1600.753151967636,371.3656584948212
1.921,1997.5594921977224,1543.238847218772,382.2391876274736
1.921,1914.0557257735982,1499.1086038052524,401.60008298742173
1.941,1832.5346844607268,1468.4936554722271,371.74296813083066
1.941,1781.161158184422,1569.0163202163492,361.2381290753943
1.962,1854.615037915164,1358.5913122760644,372.6017138344873
1.962,1843.3578862943696,1572.020478934865,368.78294317404914
2.004,1871.4470626075256,1522.4631192717518,356.42318738558106
2.005,1861.6990582274493,1547.1055098569354,383.0362911637631
2.005,1915.230208158448,1617.1697933381765,364.2174651299879
2.005,1871.4189989219894,1521.940867365394,379.5620095143341
2.025,1766.4889968448915,1525.6229951610624,377.859621414367
2.025,1805.4069777301183,1455.4700694977644,364.3388473846934
2.045,1836.3741598024685,1481.5172156023723,386.0027057081133
2.045,1859.9635643461957,1565.9768052708287,377.4496257779485
2.066,1973.719286289678,1424.391668376244,395.4896441732074
2.066,1936.7093064640965,1555.297231109487,370.9487889089501
2.066,1853.018639511338,1560.703437918646,387.88485691849286
2.066,1948.8172331927244,1496.5538399094303,380.3046183105524
2.087,1884.5309624222898,1539.0539060557514,363.89420795230774
2.087,1920.276897804575,1473.0906955428795,364.6327575987446
2.107,1871.6602404963578,1547.9162654849295,379.0340068674369
2.107,1767.8417733891542,1590.828330930722,378.944573798215
2.128,1900.2231735402336,1611.0985049389342,391.4753247084645
2.129,1860.1158440996799,1525.61405601476,399.7959921137354
2.15,1938.3599066987465,1526.2854275844666,403.76484805021397
2.15,1909.8201831157537,1593.19182213609,378.4142678080833
2.171,1960.2090780407466,1474.423379532614,386.74996944382366
2.171,1937.2437163753614,1500.8726335066124,394.2676439376176
2.192,1774.2987228534764,1432.235994927229,408.14721933230254
2.192,1840.924998865916,1470.1313764370598,406.54049649196156
2.216,1911.757673749025,1462.7758700747884,384.7073721679566
2.216,1981.3498684216283,1595.389175180845,407.58869693962833
2.234,1949.9888975374984,1499.7537393683374,373.36983384922286
2.234,1748.2526257605614,1524.078554509945,365.59474737190715
2.234,1886.6866577209748,1473.976523435662,385.14789262576977
2.234,1883.6101471275779,1359.0427089033888,381.0761391513799
2.255,1920.0780265895194,1533.9657853372778,366.933502869985
2.255,1881.8980330187687,1606.6775577483745,376.30013554789906
2.276,1980.3518990958403,1628.0464681666897,382.16311179177524
2.276,1998.8283271591417,1596.9807554633205,380.3959810996284
2.299,1847.0372293420435,1575.06167940697,411.74565603576366
2.299,1863.7312112593083,1481.8688645229827,381.27236295954975
2.322,1954.8061464253549,1519.9703121968541,379.809837217043
2.322,1778.3702988198936,1543.5963672101343,407.54582425716274
2.342,1923.5091198081614,1579.8861101290724,389.3491080010547
2.342,1869.9045222135978,1577.1509698414206,402.90069621568233
2.385,1969.5402094641556,1587.9337403913923,401.0907786303784
2.385,1845.1959767337603,1433.505087985116,367.5496498257212
2.385,1810.1121309609591,1547.0989755862686,370.853488449141
2.385,1977.8406980080692,1374.8946690936843,368.29912543629763
2.406,1827.3296099784548,1444.9536927027468,384.87077348739666
2.406,1955.0228348651126,1512.7306371593434,389.4062028924554
2.406,1759.7482760444077,1545.3599106956958,385.19199362340254
2.406,1856.9678048458488,1529.527486223894,384.6411263459502
2.426,2012.1102584142836,1547.753898033367,404.8369394558363
2.426,1917.8501788153856,1553.926740749893,356.55239702331505
2.447,1871.1385185524493,1368.0778411306048,391.4752376285127
2.447,1959.6000439825577,1481.3589579597842,382.4061908614513
2.468,1896.1761665329736,1402.525512084987,373.9257417520368
2.469,1900.6189722380352,1472.6562536784318,344.35857985476565
2.489,1830.2052481000878,1533.7346636894229,387.81915239334734
2.489,1780.0988124783423,1603.614673680374,409.36614294787853
2.511,1832.1452255049117,1541.9076907584724,405.35345014697737
2.511,1974.6520063985606,1587.0018302996473,399.3205266764964
2.532,1903.6537956524685,1553.2454744676427,378.71062746635255
2.532,1721.9727918851252,1546.9598894573194,422.46212142729695
2.553,1833.4701945523202,1569.440819415482,379.1165214621991
2.553,1828.3496697791536,1550.479371593512,366.692392552844
2.573,1804.4506902593346,1561.2026282054346,392.2923016589484
2.573,1958.960375626365,1547.8111545191157,369.28858050030635
2.575,1951.0792764125256,1605.182461057429,365.17950857074175
2.575,1812.9180960239157,1413.1144742347367,377.63453002083685
2.592,1846.177999359547,1536.726443119777,361.03830052650403
2.592,1709.4521012413927,1511.015641524826,395.75485688625855
2.614,1915.489173911916,1550.7637256697194,382.4905332745473
2.614,1939.2345685760845,1457.89545556969,345.67740107354894
2.636,1770.365089511415,1446.0530602187848,389.21887123265975
2.636,1871.8559666270216,1545.6945574844246,384.1816118528806
2.655,1934.017214274211,1537.031408085209,389.023724206938
2.655,1893.0013567962928,1596.1990277805867,403.95869782654796
2.676,1840.3988450167049,1552.3804374880024,366.40848202835514
2.676,1993.7556206451827,1457.1230773755847,412.1232888535433
2.696,1759.733853254867,1531.0669021671506,360.7878927162618
2.696,1822.2271883455783,1512.7641230871886,391.40023859328744
2.718,1912.4210356290082,1501.9085631537987,394.21852466130105
2.718,1774.920343700424,1483.2100101965166,387.0094748983504
2.738,1846.3152812181754,1542.8147254035628,337.800981176458
2.738,1854.6970104379811,1560.3681980223632,383.70310553342847
2.738,2040.910211630484,1563.3544105400629,379.01847091312015
2.738,1809.7078724001194,1520.0352427585233,394.47400636699786
2.759,1909.9473226707632,1495.9576400371495,385.98657131374546
2.759,1980.7747060638744,1477.6997077807946,369.16291052255747
2.78,1808.9094507210527,1564.4133818068879,365.75658729924464
2.78,1822.6559866944556,1486.037524598777,394.97736430783596
2.801,1953.636963282962,1507.5828433922152,367.9355275110304
2.801,1885.1386139850567,1492.9017371903617,376.1039421782707
2.822,1830.4599736951493,1393.4515504308897,389.2136786983126
2.822,1846.199228915946,1478.2135117695223,360.52903947231084
2.842,1922.4183104741896,1443.7803521532185,392.50519707602234
2.842,1842.3239038159757,1649.755383085877,384.35848520769935
2.863,1889.0572706387745,1395.633556929331,385.11296297213283
2.863,1795.92179929885,1527.2095757460274,372.2226404717726
2.884,1872.7580284257258,1585.0647992468007,387.8606382601478
2.884,1786.3917274150888,1529.8822309007785,400.4301428210533
2.904,1866.2627076834194,1472.7658245048028,382.7443350368674
2.905,1861.8793064513266,1497.921421369537,353.52393549864126
2.905,1654.6232353252237,1466.2026043273925,372.571167092845
2.905,1863.7226446402135,1588.0268329190865,379.6033265890787
2.927,1876.2343367060732,1411.4344399561137,387.7163409350107
2.927,1864.0313371135605,1545.5426610924367,355.75392198752616
2.949,1844.0116826176554,1447.6681153657812,396.7087689124047
2.949,1875.2799273054802,1509.8191026205707,397.22452102295176
2.969,1806.2059460426904,1529.997742805821,401.66649125924016
2.969,1839.818825327936,1573.4416693804478,366.3082126937035
2.989,1873.753473758028,1475.4641128116036,370.59822668980576
2.989,1968.3875474572196,1509.5364387944396,372.65164156546507
3.01,1893.3222315544303,1534.386135758009,399.1994159269274
3.01,1790.1252656067124,1528.3613491055592,383.13463639290757
3.03,1965.5036385911471,1478.2661787009565,375.20203005427885
3.03,1957.8786287674056,1478.8821400667848,369.23322153523543
3.051,1903.4230738794945,1570.327277140894,413.87050669130304
3.051,1900.0648124685656,1397.8301673944632,390.5579621117298
3.075,1944.033269648294,1584.960531770918,384.24750491981445
3.075,1823.3359375682815,1543.3801838854301,381.65512054950995
3.075,1910.238490621452,1519.5089550525654,373.3389326833161
3.075,1941.5824915818494,1518.4438910958118,345.6246568255842
3.097,1864.9124511660466,1395.14640822317,384.92169300398916
3.097,1954.2245488454193,1537.3431067415486,373.48434729362106
3.117,1934.3884093118077,1555.9891081128287,377.5738136601311
3.117,1901.7645439940513,1394.2991641224623,367.56391140354805
3.139,1804.7882533820928,1428.282051573651,360.8568765540528
3.139,1922.7613503649309,1559.555112697142,402.4716511441953
3.16,1924.2651560457707,1563.1931470141183,382.27510015349964
3.16,1859.811720838645,1503.2553705363086,389.98071733761253
3.18,1880.5552462094015,1542.2218505720737,373.93853253460014
3.18,1903.276427269365,1521.9878517505404,402.3961513324333
3.202,1910.2019623868723,1539.3261089472867,401.62663300211096
3.202,1731.1461051795795,1477.3048628530498,364.0905280917654
3.246,1896.2601886938116,1533.6320308419195,400.74353771079944
3.246,1926.691670708429,1447.598129518952,380.7604520387651
3.247,1933.85925499311,1487.5257540157884,386.13990954486303
3.247,1915.4923646536106,1582.8853258837898,398.0019551794055
3.247,1864.3345207127418,1595.927592202916,366.0602387652912
3.247,1759.676042352832,1507.2762471047695,423.91619706284894
3.267,1957.310654360941,1525.1704989264424,370.705329009935
3.267,1727.1854213592228,1491.4218862606415,382.5573854313098
3.287,1885.4005711758643,1627.5817672775806,365.3337105649441
3.287,2037.4626054297303,1459.280468151178,378.61478574140637
3.307,1881.1906248986745,1469.9156119813292,356.19303117113054
3.308,1888.0638042119344,1496.9756489413253,399.5500855159192
3.328,1942.717793713873,1499.9296872119448,418.11382133577814
3.328,1710.3328430581396,1538.1970041100742,391.20294174711404
3.349,1880.13251181214,1651.863644916961,366.1879062894461
3.349,1714.6768503617081,1542.1631855272942,403.11418474379735
3.37,1779.022895605428,1513.0437299973294,398.570067452691
3.37,1734.2606164111735,1631.0732217880802,396.7752603077361
3.39,1891.338352673662,1415.608974483305,396.34148344418344
3.39,1945.5495376842741,1572.4367962751844,390.9463500213588
3.411,1835.736992616738,1534.4010403805366,395.382675253398
3.411,1955.2560394763411,1521.0187510305675,373.371004971237
3.412,1865.6224695581843,1475.1832595582428,382.1644212002876
3.412,1841.213240032722,1485.3256558567637,411.50559694620796
3.433,1902.8145542536172,1482.3333356011792,369.588978885154
3.433,1922.326628417235,1439.6832009981983,382.09152516556145
3.453,1882.878068368313,1568.4751943052286,372.3069900363261
3.453,1799.6700932702402,1533.645390864989,382.8640379296448
3.475,1815.7832853678458,1457.6130817344508,358.3452799410108
3.475,1935.983089375777,1610.8619370760475,364.8900186657132
3.495,1996.916777803394,1617.898583208526,379.45997462369206
3.495,1889.6477455779695,1418.5556203725732,354.3974340681934
3.515,1834.7131379378661,1598.0301549949786,354.23922045591473
3.515,1978.6409037330768,1602.71859419144,388.59367495981166
3.536,1674.738203168496,1599.099957523877,384.56793526242416
3.536,2055.465085945677,1361.0119245661656,377.18829674565285
3.558,1772.935905525568,1497.65844937687,410.0943103796551
3.558,1817.957285389738,1562.5448331771995,408.8485223036477
3.578,1975.235088480447,1467.714839009666,380.54369313724044
3.578,1820.7638286945482,1629.3342874679201,373.81522049259223
3.578,1860.90042622559,1554.7910965791832,360.748300200122
3.578,1791.4326141469364,1548.9626388839276,381.1184946959793
3.598,1932.3711531403221,1542.5848509133505,395.0509148558365
3.599,1939.634202318073,1455.4874147567205,385.2234288316573
3.62,1860.9876705283339,1572.6902179386168,372.010486202265
3.62,1904.0252408013127,1577.8690130617813,376.11349977595614
3.639,1828.5131601065746,1547.8909605617664,386.84020973052895
3.639,1984.9923830022253,1489.242966067034,379.35713346813907
3.661,1787.8288716688194,1555.8278912073074,389.35950233738924
3.661,1935.9368446872454,1516.031793708487,401.6944942514175
3.681,1868.552482536027,1551.5854027481328,386.44926590614705
3.681,1908.4192944254612,1533.8371654386535,385.7368408671157
3.701,2029.9182341636902,1539.4494133443218,377.0928776984974
3.701,1959.487487348319,1601.3733578655706,409.9043414830705
3.724,1726.4114749766184,1423.9490609303496,359.682495549447
3.724,1936.747065895798,1533.0653585411587,366.058969405812
3.746,1860.2712306307392,1521.7567301428853,371.4833037156634
3.746,1885.2272237454665,1537.6921395849538,404.2380131326519
3.747,1843.609669786826,1589.2612252993615,372.0927743128002
3.747,1792.4491516553285,1577.5677145796851,424.9221391604569
3.767,1754.927642766711,1537.1022938924384,405.0108323442325
3.767,1951.4685732236903,1332.5736110284295,358.2054741010766
3.787,1771.0921423968489,1586.1690538786402,381.31789630224966
3.787,1936.9785448819173,1554.5007024551417,392.8893299212378
3.807,1830.8476256600136,1545.882286409119,385.050796180997
3.807,1977.2830673419182,1482.7311761247872,381.6538852914264
3.828,2023.449245183186,1490.7246758027134,362.11914712492194
3.828,1842.8992223100045,1459.0047324799266,384.5976322179018
3.849,1890.2991472189665,1577.2148384878863,374.994366916647
3.85,1803.8234467369311,1542.5532401559674,389.6512485629469
3.87,1870.6469495467888,1508.4276846151317,385.56004681462036
3.87,1860.0901778647471,1544.9411644420384,402.49712265048794
3.892,2017.511558080942,1514.7156100557957,368.53772834521715
3.892,1947.1115736119211,1575.9304392493304,362.76540745518383
3.916,1826.238982801911,1553.2967272041171,382.38657196174194
3.916,1754.2878560282034,1420.252720104933,370.40486665012355
3.917,1829.1706579782044,1476.6069624962904,406.77574944057375
3.917,1711.366546611006,1426.2027578994578,383.60839636424447
3.956,1865.7696343130838,1504.4332311291257,403.69734995677453
3.956,1947.5979840588416,1527.4369439694124,406.24801412194694
3.956,1981.8638923217875,1515.8094996440886,380.9935099953271
3.956,1861.970828464968,1433.1817022104021,374.19811477474326
3.974,1901.9586690459016,1575.690381970943,395.69022089471326
3.974,1857.2891498588135,1503.47876414211,394.12458411416776
3.995,1905.626182476369,1658.2569579379444,372.26572061880495
3.995,1690.5011278436943,1629.329696091716,412.3558844641759
4.016,1834.6192306877983,1624.736497528741,406.10302338724284
4.016,1958.1267475475463,1537.956677889272,405.70735989699193
4.038,1880.6913458553174,1547.8654213825537,420.0863555291261
4.038,1967.6166454868796,1522.6178965150948,407.79141436550475
4.059,1894.3738136115,1539.1679746820234,398.8582206637933
4.059,2023.1809930639445,1574.1278452631195,395.59223866203894
4.078,1939.3405116399813,1542.286852028876,374.6733324891904
4.079,1798.2504863190943,1517.093256248319,345.9633025282371
4.079,2073.286763425587,1480.4975705099532,361.1215798491127
4.079,1768.2988186009936,1441.8142227425928,376.18286234619967
4.1,1946.9518951232988,1547.5767127113625,389.68962887050134
4.1,1911.3868248613305,1599.5973767100397,366.70482610496873
4.12,1972.3530965494383,1539.1511521679836,371.48559259690313
4.12,2008.8509767268783,1558.3540915224173,375.2330315952337
4.141,1785.1261542840714,1538.0285863935958,400.1305579487674
4.141,1836.8422445298736,1406.021161192863,375.9809919056885
4.162,1951.618770334131,1558.5590867542423,389.697817755923
4.162,1821.6764407727596,1554.6811946308526,399.0914124267732
4.183,1972.005369647398,1514.1918754125334,398.87550748994386
4.183,1829.7449365049356,1390.2207291076866,373.60079035700073
4.203,1796.0185819241394,1554.441388591483,375.9868844037889
4.203,1965.905711238562,1526.3179509715574,409.6422214587669
4.224,1781.6564649194127,1525.257012098033,378.3468697292118
4.224,1809.7616073039628,1502.0264553674385,379.4947539059666
4.245,1765.8757459936542,1654.9987446473253,361.7374301473862
4.245,1887.4032709249007,1531.8800420199098,385.8562389085489
4.245,1844.9242638136661,1439.751155485696,385.4581251689192
4.245,1932.5897359429787,1510.5741596835198,342.4762428162299
4.265,1914.1266593645983,1567.6036498696183,405.3910830448361
4.265,2014.07260889914,1579.494847770653,423.8071951529722
4.286,1714.769123982066,1492.296740717654,383.9695558574252
4.286,1961.0927705011925,1471.4471012152067,465.69160220887375
4.308,1935.3121910628913,1420.5802066995695,491.50865169598484
4.308,1771.6708052413862,1454.7096086890597,394.2990056602286
4.328,1902.2636785054838,1524.9334194887238,386.7550135390261
4.328,1925.5411896812302,1421.1731846243397,356.61141620049324
4.351,1754.1123461524287,1476.9464032603382,358.20175567135993
4.351,1922.1643143527585,1561.139966464822,367.39031705544494
4.37,1901.2371740740111,1584.1407650557426,368.68217161774305
4.37,1951.741403942359,1527.784116573982,416.2818975185485
4.391,1783.396025032901,1566.5964860793024,397.75832338055216
4.391,1975.1548085965578,1508.3647270403374,439.4392331867985
4.412,1868.285470355996,1523.9497755796906,446.6559596864655
4.412,1937.9781657798108,1555.8268280904788,419.00694335765775
4.412,1809.0233542731457,1483.739985913658,371.71760476391626
4.412,1923.159924024522,1532.6148714944577,379.6362308229527
4.432,1809.6265640768104,1636.489286918434,365.43124461667014
4.432,1900.9346348248364,1605.4196700861266,376.1305584873308
4.454,1980.0649037774147,1443.6631144695,329.8952139483091
4.454,1964.4673351748804,1468.3107234696888,374.63037238574583
4.475,1706.1842338487063,1592.3185861072632,359.7447586525057
4.475,2022.1786881780477,1495.855634648601,447.84716240257444
4.495,1948.856011582571,1510.550869150095,448.1803954930483
4.495,1893.0387817030125,1457.4673974305267,380.49141191767103
4.517,1862.3537336298164,1570.1473591118788,410.39806825640784
4.517,1861.1436856299404,1560.6280833181893,368.552424087862
4.537,1898.4384999061624,1551.2591533804339,359.21192497360505
4.537,1822.9169960512747,1586.324414448474,354.4287137543273
4.557,1805.4416066359754,1626.2318974838633,330.2017293508564
4.557,2014.875145697682,1457.6661757584347,395.0742608950827
4.578,1970.0670494792796,1479.7295111491442,407.22452233817893
4.578,2031.0254021150358,1644.3489608415446,433.45669716298465
4.578,1899.0238775239782,1497.9109590076403,456.0688402120965
4.578,1772.766933171609,1459.4171341298777,381.5133530055421
4.598,1840.5370866650933,1438.8388322505277,389.1705005376792
4.598,1905.3384563711265,1507.3697044377454,377.3284418349795
4.62,2006.6440928025258,1534.9987451560264,367.72923111827083
4.62,1805.1048486957568,1502.2508760138962,361.03885446738894
4.643,1829.3457449395198,1468.6693169421928,395.91957626860113
4.643,2009.393793440586,1454.4271242657596,394.1364825204451
4.662,1845.1489487275394,1433.3871332985955,401.217720498393
4.662,1930.3458195646276,1540.4156856707737,398.10285936200535
4.683,1809.0817371042458,1506.554256907749,424.0997845690276
4.683,1731.0376215479318,1494.7598739587838,397.4374463232522
4.703,1950.4393184589712,1453.3467988353773,410.2498356296521
4.703,1930.8066539276601,1598.5717074627837,355.84294292877604
4.723,1889.8091603035587,1564.4578359227432,391.09796980815554
4.723,1868.3942628854584,1585.2698019407687,390.40906314583935
4.766,1986.6741959004733,1619.6135326760173,374.3337482501549
4.766,2020.9676770050887,1542.6572831429987,378.13432592085195
4.766,1925.7107206573862,1463.4269496745417,369.35884271299403
4.766,2035.0473756412443,1614.0517015380208,408.63342559669206
4.767,1834.3921335488,1576.7575800922111,423.6329585477559
4.767,1917.3942722054383,1546.3961973893604,398.6229075154014
4.785,1839.3262504977533,1624.4818087876683,370.47016174622104
4.785,1952.0879742340655,1485.6045383062851,370.785508293538
4.806,1942.0595161129138,1534.9704872022953,357.2007945787698
4.807,1792.9214032710004,1495.7220450593804,412.0498699438967
4.827,1895.3922783338985,1618.7367414272408,409.07330968042635
4.827,1919.1317288335497,1520.6324032540047,421.5027837167603
4.848,1842.3905820287277,1664.7005237422122,405.83031670335413
4.848,1961.7169594054967,1449.475063419126,404.5484021728184
4.868,1959.6464747244995,1501.505486076678,406.3494038619471
4.868,1865.880205198307,1474.6976164655555,407.2301176438201
4.891,1882.9248575483623,1554.6588917639679,390.5696485275904
4.891,2004.2663365889468,1569.4722777669908,410.6612350824641
4.911,1863.4471277958546,1488.5259573009096,353.82232134260363
4.911,1725.1866951730817,1452.0142614849278,360.97775635655387
4.912,1958.6975322192661,1593.9379184348522,407.65004558695006
4.912,1995.4390442199847,1499.1564796201608,391.95546945382296
4.952,1890.7130430099762,1478.444810281379,476.5650963694737
4.952,1977.3028575905837,1532.4821434425512,420.2080521841261
4.952,1835.7882373836578,1512.7299823640785,412.5955138782346
4.954,1849.757289560745,1695.3402697030815,405.3525725213059
4.973,1859.7555917892762,1466.857204026686,389.8835411161362
4.974,1844.6109623289028,1511.8241933979666,402.45890374045183
4.996,1742.756289303283,1524.3292951888186,380.4898020490131
4.996,1841.950005335156,1540.7025174917815,359.8110403700759
5.016,1883.7105504394592,1562.6271078808309,384.5881521809055
5.016,1757.3745051371823,1551.9845736628283,387.55268190020183
5.037,1824.8234013818937,1523.9249130137093,390.9049790009654
5.037,1821.6830554339067,1537.5159238410697,373.0670799771963
5.057,1904.2442513639435,1517.0352448065562,369.48705798864364
5.057,1793.436923576299,1532.0414753315888,384.6098427242328
5.079,1845.0970134108427,1482.2070579459507,415.2698165350922
5.079,1801.059846466541,1558.7849654679947,410.6995418580588
5.079,1950.062439008208,1609.7479744567552,359.19102007392445
5.079,1727.0391897318634,1559.4726167971428,379.0089354198108
5.099,1828.7379909506938,1473.6297726635626,375.34419585150374
5.099,1838.1702242267913,1557.8763681808186,394.06110324358895
5.142,1797.53188637949,1654.5678313283124,487.0582164088118
5.142,1740.5543091085428,1552.442067626421,438.3297584168042
5.142,1928.66849235556,1504.1765111384402,411.5533563444595
5.143,1966.6123715845715,1640.416463275027,394.1106019290136
5.162,1832.5180535795892,1535.0401704358567,389.4931772149562
5.162,1831.7436245352487,1517.4806132097133,378.4161145403889
5.183,1807.6796454790901,1595.1252830477324,390.4899474802619
5.183,1874.2536130599667,1657.2871460779738,386.49203678399215
5.204,1964.0297106329695,1546.7642583274712,396.02719743557327
5.204,1896.7874143547601,1511.624278855062,392.81706790944725
5.225,1762.465934280496,1677.8387127935925,420.33547157561577
5.225,1917.5928298470394,1492.7041464321328,405.05518989772435
5.247,1681.3558846847116,1399.4650985725204,390.1533124312708
5.247,1805.3004072007866,1464.3584492152295,371.4724724544026
5.247,2025.2959488894053,1557.7085335606455,364.20854859380734
5.248,1923.459867161465,1470.7587179649151,320.458499874838
5.266,1881.9837284406785,1475.300647550069,359.39847026859655
5.266,1826.0745499665932,1534.6539705790494,389.4692521177536
5.288,1973.7921044642192,1535.9560497785042,371.70866707742607
5.288,1927.5632723289411,1579.8373529915104,359.0938520514115
5.308,1919.7055293076144,1653.819957612261,479.43479735680035
5.308,1884.2316619081264,1630.8804617185933,496.742618257314
5.329,1831.4329246318675,1513.9445321043129,408.63432053325465
5.33,1944.7579305362678,1578.6931578735782,429.3413536565519
5.35,1907.9477971853964,1541.579364204093,384.0534385178599
5.35,1945.6320074413895,1569.25389947227,391.43364179303586
5.371,1979.1467584135323,1416.7071342334082,350.90726002062416
5.371,1833.6603882048455,1489.0177668971223,361.8783534218564
5.393,1876.098021902189,1520.7366918825765,376.60487864939796
5.393,1859.0884271782015,1452.4667514796004,394.72566119104715
5.409,1761.9054699497046,1625.8204774853252,430.20875597124916
5.41,1960.9484537139488,1569.1455319162424,424.20485033142864
5.41,1972.049714245391,1610.0599455073616,372.365745260121
5.41,1880.574009524369,1431.6282751493393,356.8767355735982
5.43,1901.3831407288415,1468.670822045228,375.0795682883217
5.43,1910.6244192612876,1555.7591984658934,396.37793506238364
5.453,1826.4035068597066,1495.5242255243904,346.91056081690766
5.454,1918.5345250510861,1576.6882335729877,329.6164243193336
5.473,1842.4790109296998,1492.1047947735437,408.6147599868787
5.473,1956.5953049526697,1528.0535200078782,391.83763186370066
5.494,1912.1153846639031,1471.7872169277694,388.9439768670758
5.495,1937.666885431613,1414.962750126244,444.3067777237372
5.517,1767.3042376555966,1477.2807472183517,398.20757292202484
5.517,1813.2830315316621,1604.5090684466818,383.6838960988605
5.536,1950.1098020547092,1614.9607946547774,365.94272464644706
5.536,1980.0844893539834,1627.7383803063353,397.6123548082346
5.557,1818.0281082923152,1466.5665309700132,368.66885809224135
5.557,1799.380071098216,1570.0422924806344,339.31044357514105
5.578,1819.0885363799289,1534.4088824447463,384.4385625386834
5.578,1833.2315821432119,1557.1559716537745,349.1954704122757
5.578,1836.6563600862746,1512.577132259873,432.22212782041635
5.578,1841.715175731729,1554.4327758401453,419.0886232883918
5.6,1788.138299776359,1483.302934166837,434.0836103065497
5.6,1849.4570156123295,1446.1041272949535,445.5332579490513
5.621,1764.7826052634032,1426.3542492697109,386.03867864607076
5.621,1910.1272023919694,1511.8011293514683,360.45520724898483
5.641,1849.7704405894817,1471.4943543492327,358.2573465179909
5.641,1938.688113889925,1517.9773542422386,373.64125492235087
5.662,1802.662723771487,1618.0380486208626,383.9118492679503
5.662,1739.3795670248844,1566.5337052940386,406.82927168594915
5.682,1953.8884736131408,1604.4612251917852,369.33125624805876
5.682,1842.0861044677215,1612.9604861823861,395.9572556147422
5.704,1883.1518409360037,1487.0399411891228,407.42533362661874
5.704,1963.363647971719,1457.1222371102426,430.2871338456446
5.724,1974.1109321447038,1516.7893818843181,394.0116564814117
5.724,1713.4110547296505,1452.9322485944954,386.9542482137899
5.744,1800.0263138096075,1610.4324086473325,315.95928991057116
5.744,1974.4872242653933,1534.7409938460794,346.48611439105144
5.745,1884.8522798746571,1526.5767294211769,371.2658082493363
5.745,2091.657306239517,1586.6171626209705,350.27741254994095
5.765,1894.3974809059873,1595.0576561341636,397.4318829129569
5.765,1984.322248160074,1450.4553781761106,380.44169969271826
5.806,1858.5718206985314,1541.9604613631532,379.38281893130187
5.806,1958.7664508233322,1627.770992853907,395.9189647312837
5.806,1780.1751472547508,1448.8637573878832,389.6152476174651
5.806,1878.0260433108729,1558.3478515536938,412.37111766558115
5.827,1896.229949868391,1552.5227234490271,348.7026631479909
5.827,1889.6093256238523,1469.6376267955757,389.909538811055
5.848,1945.6704268346132,1563.4705812594655,368.79410266701143
5.848,1820.3635271748933,1553.1838321398138,355.8174210522198
5.868,1919.1309318278293,1513.7188743004292,386.5657627140317
5.868,1895.3927248632922,1485.2766022522724,396.1879400919245
5.889,2032.4932221361742,1507.5161634746225,410.9338348503636
5.889,1819.285205093119,1748.8014402648816,437.5384507357344
5.909,1856.4371570339024,1471.115488440642,385.11404320913147
5.909,1856.5077219732157,1460.8136855432954,380.11616593961145
5.909,1787.9695336625778,1590.6087662647942,336.7377101307568
5.909,1966.3048002054168,1503.4524394907357,332.5136591273571
5.93,1877.501931256763,1545.0199835746737,374.81958979545175
5.93,1935.6888097023389,1599.9177714448192,347.35851133747946
5.951,1900.6765765157809,1509.3645066487531,364.490702546042
5.951,1886.747424495553,1519.2812804752884,355.58143146505586
5.97,1920.6055515379867,1613.459531867467,410.2185808795932
5.97,1888.1947421351274,1623.7822577124655,397.2979667777834
5.99,1963.1559550402087,1419.2909249417798,373.0960122032896
5.991,1848.8754759644073,1464.910913123164,380.479552477972
6.012,1946.1250848572258,1424.3727040345536,336.35929094990996
6.012,1783.5299641282922,1423.58126726646,347.73713288112316
6.034,1839.3680005484136,1476.5321458969038,427.3475572156276
6.034,1924.0537442382208,1588.0960121018804,413.05500622386694
6.054,1974.589999714166,1422.588809677252,367.8617829195248
6.054,1984.132645073002,1538.1115751405673,378.81637946750004
6.075,1775.7200007980393,1498.157592233431,409.3410993070454
6.075,1833.20006098849,1496.5619607884819,389.6954894442637
6.075,1913.766168452254,1706.1495832555347,371.5126463418541
6.075,1868.112190831872,1475.1891091989332,385.17021527944036
6.096,1876.7403461566414,1612.6531588824448,315.3328404780384
6.096,1783.8707494756695,1535.7442385437048,322.8416352228071
6.117,1823.541509284464,1489.9522642621976,345.38804495769574
6.117,1868.4089925013416,1471.6993657533064,365.95284450286414
6.138,1787.9089503410078,1539.6055262924503,382.8472675293951
6.138,1994.4306096948108,1621.6390538401008,374.52217490742527
6.158,1826.776374386536,1486.3530688890348,389.8085435261606
6.158,1840.9129038228718,1485.2719812620119,396.4777938283189
6.18,1883.0678834326334,1469.4185065200384,412.9461206114124
6.18,1874.8125850224653,1534.3813581796628,408.86271383362225
6.201,1906.1744013311381,1465.578252964367,369.3190201176851
6.201,1810.8888512624471,1472.4028233926717,339.86567503643244
6.223,1936.6642821892503,1505.6137684325843,390.61462320870055
6.223,1906.2176948198144,1537.4536646703957,398.138302375878
6.243,1830.033038675611,1593.450080452699,387.8144130642838
6.244,1874.4051088653457,1534.2548457878431,409.66290106198295
6.244,1885.1889765358003,1600.2387486493412,397.4803375212679
6.244,1877.393269071287,1524.6477904129233,400.1046277898803
6.264,1884.994284181969,1485.4908659230875,358.13722244616196
6.264,1804.8123747329698,1500.8193855718314,393.9476519491001
6.284,2052.913729937578,1575.0932741130691,337.5796708402406
6.284,2033.4170129613437,1493.4659198066877,336.2509553425397
6.308,1787.1915089833103,1512.8881073637094,381.4764089898085
6.308,1908.2632912480558,1510.1013123928506,401.97949011136296
6.326,1836.7095924781238,1437.6989064688912,383.4515413299288
6.326,1720.7047078876692,1385.7997206076495,411.1487656048448
6.347,1671.996144077292,1615.7496406284731,411.39349052597845
6.347,1856.8257744839252,1619.4303017811162,371.2922563178586
6.368,1846.3669267658497,1636.8366535933005,383.47483646102415
6.368,1899.7239928947351,1522.399151921354,397.5653592446439
6.388,1904.91500993166,1535.0731554853353,386.70635747854453
6.388,1821.0602738122789,1597.267687892639,374.1938333924036
6.409,1873.6386458271043,1521.4934823446708,362.43276955854
6.409,1798.5288049793535,1576.7401056803683,378.3957699020293
6.409,1882.0080309592495,1573.0463750417048,441.81075519050563
6.409,1883.026345734682,1386.5039117253064,411.3278512018093
6.43,1926.0499004092037,1640.585849862747,387.96767056784427
6.43,1772.8888463559688,1533.233502005772,417.74395281768824
6.472,1893.7027042728753,1413.1804903089617,400.27839250281556
6.472,1938.7010222286847,1612.3667825257596,390.03033178864166
6.472,1794.6731610363477,1532.903803976142,346.3015758708367
6.472,1838.926561197995,1578.7726151021013,358.09528591728963
6.493,1815.0799770590493,1601.8224058204228,293.9295208180231
6.493,1922.7651134267983,1434.3974098310155,388.60504656262697
6.513,1780.9231694539162,1514.477900523251,439.9385121362665
6.513,1891.3011752541718,1550.3196906234396,409.9749737402618
6.534,1916.7578024483996,1517.459019105887,395.42167294608214
6.534,1858.2062371860961,1569.6311223665516,399.120599558162
6.555,1882.109221203922,1506.6383045642665,405.698188884086
6.555,2015.077010794681,1381.997441782139,414.1374938755862
6.577,1759.3768082791728,1534.6856637870806,340.15792744906787
6.577,1898.0715716243838,1557.1866971089498,333.3182265736463
6.578,1904.0289857180546,1508.2524225646837,370.6397319324275
6.578,1866.8486933232489,1467.9613340400444,354.2621676675576
6.597,1912.8376286738917,1609.4247060501002,394.4642460228155
6.597,1939.896409513668,1506.051690896751,405.34921891874035
6.617,1812.277773204589,1440.4811340175922,369.9932691980504
6.617,2045.1276283781085,1710.1865008065938,387.0729340526666
6.637,1701.409857574851,1446.3555286039252,400.5034355837098
6.638,1873.4689972111546,1523.740187606169,399.16322837492874
6.659,1952.5935288539224,1552.8180709003793,369.7832424078068
6.659,1920.8874668677406,1372.1717432754663,356.0956967095863
6.679,1951.5761270115663,1549.390616337538,421.9008973966246
6.679,1804.273481355093,1454.453195009128,417.37420676552773
6.702,2016.7149141363689,1611.3643770171855,382.5100355132285
6.702,1851.3854882426792,1508.1139919468114,425.6317228101156
6.72,1890.6688127386815,1528.6263826883683,418.9645154478536
6.72,1937.095406439059,1553.7268035580737,422.26643589378546
6.741,1863.5747926224813,1578.0824356409646,405.85632821391727
6.741,1925.6837837360536,1475.3366839036505,402.6833652983896
6.741,1967.7909335983504,1571.0266643228701,347.5456287990994
6.741,1986.3605045148024,1436.3691454279192,362.9287464799281
6.764,1804.3905005598035,1507.9010002128896,358.03111937198736
6.764,1876.5301266552021,1541.164515784141,340.5031783601446
6.782,1779.7548191315577,1474.5333926297594,401.93816726355345
6.783,1787.8508217419158,1528.6515818141356,383.8728188031083
6.804,1984.456595844508,1537.2998666310984,416.821993694223
6.804,1895.8836296783272,1474.7965061188174,374.13472915240396
6.826,2027.430065699155,1521.9213198987088,417.4550858591447
6.826,1841.5022912654913,1506.3811704084496,388.3768689654006
6.846,1998.8067580708348,1558.42974416933,338.7334144930044
6.846,1927.384882543278,1463.8608854528325,341.5517997447292
6.866,1737.1590949690076,1613.732772151141,386.5967548419984
6.866,1871.4911295055945,1464.8016605944727,411.417826967655
6.887,1966.2222388824944,1452.1014323176155,442.20466714025184
6.887,1819.0866406307505,1587.4788782832436,459.56408958367257
6.907,1852.8482983202255,1468.5031168350117,425.73261897079914
6.907,1880.460033433781,1619.8191515244082,436.0038546378449
6.907,1965.7497373818976,1281.6442064144996,378.0808749637359
6.908,1820.888249500806,1532.7482706764479,369.5917574208398
6.928,1912.5654770740239,1453.2325518241703,342.20448499371975
6.928,1914.7097885970816,1471.01204248158,351.8255374091421
6.948,1837.8697838039948,1603.6954611716972,326.91918849863765
6.948,1820.2206289319913,1564.7876847738328,346.352690246109
6.968,2006.4015380426956,1443.5201257213416,424.68621130625394
6.968,1856.9230678181164,1476.08619853027,400.0932607412686
6.992,2087.6716255810866,1574.8536280542232,403.2780208906725
6.992,1917.322969561993,1624.6706138012248,401.8448263718708
7.033,1966.353047841223,1586.039128345725,380.1799403857721
7.033,1812.6589768543702,1553.3966169910193,392.46743382135134
7.033,1728.6341401458785,1492.4812865971521,328.27823176162985
7.033,1716.7669982039515,1490.3898594254704,320.54556662169625
7.054,1893.7069018973557,1522.8177671453714,346.6248953376942
7.054,1937.6194193423996,1430.5967579435878,346.69620604427945
7.077,1914.51702326518,1527.6753983321216,420.68089191787647
7.077,1933.445982249799,1558.7532719555807,419.23294782657484
7.077,1907.6000909773488,1443.0520606796217,416.61000475836624
7.077,1915.6898993073676,1654.3275070263737,428.8500434330517
7.097,1882.2577391648965,1511.6549472894542,373.98078149165485
7.097,1860.1102174249668,1524.3629079818488,378.25575915650137
7.117,1972.2555062319054,1491.6397492033943,354.18821565929545
7.117,1885.8746758218244,1506.7289198217736,353.1996443485453
7.137,1944.278498755235,1520.9996225883606,374.6359580316176
7.138,1899.4646106632244,1520.7467433787876,384.51911760101166
7.159,1892.2896481302164,1557.2504008339731,408.9810282936902
7.159,1856.1407851891033,1647.7860243642785,444.37478092752457
7.179,1924.650764392431,1520.6264047814998,481.34166403636897
7.179,1895.557741034545,1544.28004479824,472.1381827102737
7.201,1919.0381170696116,1623.8121144372035,400.5281943344031
7.201,1884.9634365643594,1573.3671228472797,377.5381227568187
7.223,1834.4842843170647,1482.0488384295243,333.6516118877024
7.223,1796.0409428930348,1668.1198963867798,346.6313010199123
7.243,2023.0943441720663,1559.7587917331543,345.0679261674618
7.243,1866.9123748525508,1511.9336833775815,338.77356781271845
7.243,2002.879344082228,1421.9349904476453,372.733728780928
7.243,1880.2889029713556,1524.763409507325,389.302741784959
7.264,1792.4994166252447,1625.221496369076,454.86623170667156
7.264,1865.132215797418,1487.4532204556588,465.3519392139131
7.285,1934.6762847170278,1481.4668319993043,417.0342109221257
7.285,2042.5699742763568,1471.006601936932,386.47936448883127
7.306,2004.272881447868,1524.224733249853,357.66776356702127
7.306,1778.654067109035,1489.2571948712784,332.3305677217357
7.322,1934.3297054984419,1571.1062705419658,429.90221822271167
7.323,1874.3788713885513,1527.9146491623715,437.96030972014677
7.344,1888.1460164457874,1562.1071124069185,392.2265240548819
7.344,2030.1195612859601,1451.7644755211072,424.18595285234943
7.364,2001.9017800426598,1491.735693222439,380.54636408801997
7.364,1937.2206196688428,1556.5591357896183,404.79725022803206
7.386,1987.2305760444488,1590.37838596722,384.06219724438836
7.386,1986.3029011436165,1583.5082449019214,367.5229868706033
7.406,1864.7198100889234,1521.0409222176995,389.24919375394245
7.406,1884.4728301372884,1520.6573315795133,351.14040805031584
7.407,1842.9162815970624,1506.0600304289428,348.2390405486606
7.407,1953.9889064166482,1567.6140633129974,407.89790165292266
7.428,1791.0186515237835,1388.3071287265636,371.8059116780735
7.428,1891.0650218885216,1559.669292296832,371.2238293482488
7.449,1981.64899296457,1477.726535699589,422.98072275893105
7.449,1916.7413465139512,1590.8445505690427,415.7031283949461
7.468,1987.5491411778842,1515.9566124429762,371.015151116524
7.468,1941.2508806150943,1570.4232371466944,406.87085090886166
7.489,2063.6423523677286,1371.3336210287475,377.0544538957747
7.489,1773.6103724799182,1548.7634600252545,394.1263590269137
7.509,1739.6358556830573,1602.7211028554786,329.70912262225306
7.509,1903.2924135295648,1477.293172045892,346.8391980663031
7.53,1937.121485411423,1485.8041751854214,401.30574529177017
7.53,1957.6449102596757,1542.5460345414049,399.93739634563354
7.552,1832.006475287296,1531.2236806565838,378.6478393693127
7.552,1803.584144242665,1493.558456918138,401.805720175728
7.573,1801.1846884632994,1453.6683070534204,407.9708312777694
7.573,1845.5823796882553,1528.4068626728697,421.51552705987143
7.573,1962.6725005798603,1452.4812260129818,404.2154374494321
7.573,1884.145103430331,1480.2693259784867,371.8679289973788
7.595,1874.6497504754439,1512.0285377912132,368.30130900237634
7.595,1999.9530451049068,1559.2212717691161,362.8814414551956
7.615,1825.8521690878192,1641.0609630115105,423.5077971596749
7.615,1853.8295462659512,1703.8720748886005,385.1349160923027
7.637,1897.4246060492903,1406.2525144035494,460.920900460333
7.637,1893.0358913199632,1553.3365210139787,453.2370095732067
7.658,2011.3247999652451,1487.8069113807258,376.22561536210173
7.658,1829.8675239380239,1497.2247665523396,402.83368553516226
7.678,1859.5996954288453,1591.8257722594542,372.63022036409603
7.678,1849.6580649434036,1585.8980440358569,360.8279826129138
7.701,1801.8403171641357,1537.0295726134439,310.22506865966346
7.701,1876.984549188653,1577.9778728115973,318.6658691252574
7.722,1964.6417356707957,1508.7550479614526,372.48178057972603
7.722,1895.7178260277449,1467.5330395191058,369.84897929226884
7.743,1790.388827323345,1623.5244620397098,431.5711511503154
7.743,1754.6764933619345,1574.3265310544105,434.6946983756634
7.762,1914.3621831466708,1464.2349777940308,398.7784191059791
7.762,1880.523650572225,1510.086873051915,396.2065611284432
7.783,1817.2777951319315,1549.6389109655888,400.8391214270283
7.783,1903.466590336083,1529.8103876161085,412.6250821812902
7.783,1902.5793177253115,1542.751182433138,377.7658425869341
7.783,1863.737587423801,1449.9838772447001,328.6670297836213
7.805,1974.1344628610282,1529.0196624639386,399.8248404583545
7.805,1792.6788018036004,1528.0159136219816,430.84622770188287
7.824,1932.2860642269932,1641.9447785161722,467.49730419191326
7.824,1902.7626279276137,1607.4020720860055,458.35405122299466
7.844,1864.9194697556397,1534.0021046113768,385.1557524826154
7.844,1971.8685531280726,1550.4035632168432,367.4473723877536
7.886,1984.907028888969,1598.750765341829,371.43572364878605
7.886,1811.7312811207596,1548.262107825989,361.8236281130725
7.886,1761.7704683901625,1472.2502060088823,382.98403089209705
7.886,2027.0859081079418,1504.0239268247597,360.59537324775965
7.906,2020.6885333128894,1456.6441688236628,371.9593943943774
7.906,1775.7402803494895,1533.1427559568924,387.177503897869
7.906,1881.827129951321,1518.5086554313027,419.6528451021945
7.906,1986.7860707656826,1555.0635915780572,385.60851651521943
7.927,1829.7838609664798,1493.7548933247301,385.7180977917221
7.927,1965.1355171454577,1518.1722690407935,368.0796595828451
7.948,1965.5243649060037,1564.9834904920804,361.00601284902234
7.948,1937.2943674054836,1548.065449037442,381.3363408612239
7.968,1892.260807954913,1554.3788400836452,332.5763900735521
7.968,1876.8508103677277,1497.3471945551908,324.97522177482546
7.99,2004.1487777503903,1499.3463486257997,394.3428026604238
7.99,2077.3997573073807,1520.547502668903,401.41815634248934
8.011,1767.4227456473086,1543.3902691271217,428.43172056511634
8.012,1856.4576338335069,1528.8213811691157,431.683108264963
8.033,1971.9019247511837,1623.1549767815218,361.11119639906065
8.033,1909.2056772099656,1552.652693651848,368.83786573386436
8.054,1783.3702355523562,1562.2241973285627,380.2617760919924
8.054,1867.7740242765258,1462.4299099435857,388.05761294696254
8.075,1729.2215293558927,1606.6659871388092,328.9143886253979
8.075,1773.2269069772608,1541.5212331831644,351.74470738541623
8.075,1723.271839653431,1556.125735421851,338.0795847345912
8.076,1761.6008717868713,1615.518224344573,342.55422208204385
8.096,1810.371173011608,1562.0105776869393,406.5374889021467
8.096,1891.797113400979,1534.4500076724892,401.3179204938899
8.116,1922.040169286957,1567.8213728440912,438.1107333858705
8.116,1877.552676308737,1508.0805375992559,411.1234872076031
8.138,1922.0198567760692,1530.3442059345555,340.97056839089237
8.138,1936.2026912309123,1473.7553928340026,379.69026788184317
8.179,2001.0271042846368,1595.576975417849,325.58397100503595
8.179,1927.8311730597065,1453.7506307590372,341.4895841459312
8.179,1826.0625879202353,1525.8598633745182,402.72020751063974
8.179,1823.7524779403009,1442.848234460109,388.4486572875524
8.198,1935.4460592332034,1533.0791069019851,444.18326626360397
8.198,1966.3400973947726,1519.5818220697863,465.5967223207035
8.219,1933.6954399472245,1592.7369170568782,430.33513486178674
8.219,1976.5532551119143,1476.6750164342798,457.4386005290691
8.24,1967.527248318408,1488.0274353646848,355.1550213242211
8.241,1845.4869975177928,1471.3940819413262,346.6498575290445
8.241,1896.3700357515004,1531.5961764132608,340.73492910508105
8.241,1786.4548707093277,1440.0137466263554,349.23651183381077
8.261,1933.1116188289,1602.0942037053107,373.14025580205043
8.261,1988.332020566791,1534.8135643872683,389.762341767727
8.28,1912.2762312603452,1544.4212665195496,419.1169218260666
8.28,1865.098070245245,1444.3646452752942,417.72793606274433
8.301,1783.1031339803358,1499.3251648405394,344.6136489651084
8.301,2013.8728058869283,1512.7518245134902,321.63958896355706
8.321,1837.566600205644,1438.4619228909216,352.35364401334135
8.321,1821.5314737320755,1590.9440776572947,371.764998491996
8.343,1843.2618873601998,1544.7523842739552,370.03205396552227
8.344,1716.8886014223044,1454.357531775162,355.9326292773353
8.362,1870.4451412397798,1508.0588025924603,368.8652785804096
8.362,1903.8975792817046,1551.715756272371,348.98732041056104
8.382,1806.989203763805,1544.8603244644628,425.09262364592144
8.382,1905.6696892856673,1421.2604254500532,452.8268514214542
8.405,1830.213047242348,1677.4087348899118,412.44168746845514
8.405,1955.6164913650991,1492.3620466161435,421.78179977637325
8.405,1812.2743105107056,1520.655121595994,394.8229869005207
8.405,1859.3980529914509,1589.6485250195046,374.10442443723645
8.425,1992.8263144277082,1434.6468508318496,317.5837525303738
8.425,1990.9545219798943,1465.9616019624118,334.8473276455936
8.446,1808.266552715132,1566.5412861208074,389.3795582095727
8.446,2047.846739158516,1574.628138999759,402.7843323457871
8.468,2020.7428169076516,1563.0865107148709,401.48264237567065
8.468,1922.6328254245464,1404.431670954445,359.71753305454234
8.489,1835.0834989744837,1487.5815093906663,398.4421339860721
8.49,1927.9369567913136,1563.5004836044473,388.85728585590607
8.511,1933.3115542300923,1509.4883088536947,337.03981502706085
8.512,1963.998879582647,1426.8963382615548,354.1772332937404
8.533,1868.3188749707735,1456.5899133486278,320.70827390569053
8.533,1833.3101892552136,1600.391840370016,323.96690346372804
8.552,1924.5711795746104,1565.4481186576218,442.38090731879043
8.552,1791.6199850506853,1492.1742892503185,414.74551143386185
8.573,1824.0135326103518,1439.011537727037,408.5591942916469
8.573,1964.4937457087547,1592.781953699421,409.5483209382785
8.573,1973.5551109936935,1548.2086309083763,459.1786236585031
8.573,2026.786454767489,1556.1933944636723,456.26340865675576
8.592,1800.8205681638694,1602.4547148044105,403.505160834448
8.592,1882.6230184538902,1521.2418411218923,423.0817473189522
8.613,1860.3943303930057,1547.192479151467,338.294995497296
8.613,1774.3697046786535,1532.5327469047584,370.10249198745635
8.637,1939.0899949237057,1529.9611164232776,409.29051103810605
8.637,1970.5136764742924,1533.2846459499756,393.2253489716081
8.658,1960.404096824173,1590.5369835168444,396.45236722751594
8.658,1936.2618123150828,1573.2838099375133,397.2687156489849
8.679,1876.583031353932,1531.3909440519874,398.8757746600941
8.679,1946.493052704067,1547.7049459652949,375.004910840105
8.701,1823.740777805435,1562.3537990612672,386.3973125043238
8.701,1871.4082734521573,1578.6227606344382,381.3310068851322
8.723,1975.0997852287278,1575.036038791951,329.7206222845389
8.723,1936.6794334989372,1587.0885232770918,319.796981379929
8.743,1869.742359029065,1569.8753884314287,381.9027232858066
8.743,2007.1294957499929,1621.2527669102549,364.3564051573545
8.743,1841.3316034868371,1646.7134699171988,413.0786483050494
8.743,1869.154623296304,1455.1420745776231,431.9569809432861
8.764,1887.5797179679175,1501.3068395234975,430.8994557196776
8.764,1849.0820266598691,1490.6570090638609,418.88744671345376
8.785,1980.4268652628002,1608.9752638212312,379.01405080592247
8.785,1852.3152687012687,1562.4545700836443,392.0224932433245
8.806,1987.802020604157,1546.5642739627333,314.89776634633193
8.806,1959.2460052028898,1563.0809006217598,347.77177241037873
8.826,1778.051868158937,1472.952636724665,382.3531335225611
8.826,1783.6000823818636,1616.0643931443472,374.6665552186007
8.847,1955.3302519829886,1503.6814473102131,419.58676187491574
8.847,1988.08622393522,1610.5202664690812,409.1289574412854
8.867,1808.171316502,1541.8775317569864,426.3971823898863
8.867,1887.375391453116,1560.7920268971918,420.82008482084615
8.889,1839.0864693803355,1474.9681905301186,379.0442098720615
8.889,1846.3174097317883,1558.7318439003564,363.0387342253642
8.908,1734.7636259135302,1566.2726709588742,364.5226553558392
8.908,1819.4546712003391,1556.4745453531386,376.4252687162399
8.928,2068.453241887145,1595.0920973869395,394.3917703638883
8.928,1818.4224157636374,1479.269060341559,410.9544582944137
8.928,1888.8185059856676,1606.458064976201,352.70944896966216
8.928,1953.9455412067737,1516.8550469007896,408.02405393461856
8.95,1831.2799093905976,1525.8973751183653,383.9899201100991
8.95,1774.5162585986452,1556.7289845703117,372.4101876197522
8.969,1764.9755186113312,1536.1332091452177,386.6002616299197
8.969,1785.8391100449608,1598.099156241098,351.02130490213057
8.991,1904.8510183977185,1553.797889054153,402.5778550141642
8.991,1799.239523409249,1517.9742486480125,375.1718359687047
9.012,1835.4006771075328,1501.7176930305538,382.833476355833
9.012,1920.3710142619072,1554.0962418538293,404.2548421444239
9.032,1896.3757482068015,1530.578469478805,379.19638374979615
9.032,1853.1100519092802,1643.9608699012351,365.2988390667566
9.053,1858.3821557368115,1446.7609710233369,396.8258200881419
9.053,1810.0899777692318,1588.914061388321,402.27678061539183
9.074,1986.2791147164455,1551.735870627222,431.20348984137564
9.074,1901.164898943295,1570.7720283120736,383.06785786450894
9.074,1874.8051987249657,1594.3660962033587,409.3101289294427
9.074,1934.2398319868967,1614.1737019619045,377.08230133963764
9.096,1882.6790437024426,1566.1073518481692,384.32533267495563
9.096,1865.2544751362936,1558.2401353763235,373.635290599502
9.118,1914.4966087874752,1519.1565771009189,390.5382596586622
9.118,1767.1588781926916,1614.266635179232,366.8245099235773
9.138,1896.6802797706137,1448.16275485506,357.5652838574809
9.138,1911.4163298896028,1537.5767759117655,371.4215777331787
9.159,1787.5930017655824,1515.8785196166077,369.5934735788674
9.159,2044.5838709718605,1566.380765455522,378.0817649745629
9.18,1815.2482377365914,1590.4249203026673,371.8915565815917
9.18,1923.565063018402,1514.0247217432002,374.079302413397
9.201,1893.8828112414342,1575.527443111374,371.91191681752997
9.201,1920.8674515747996,1615.4474812833898,382.9670233138844
9.221,1909.7126445413767,1509.0420345081345,414.0223950684258
9.221,1890.106895896105,1543.3379931238446,395.69113185672256
9.245,1784.6062478114623,1560.8583413056556,406.9126300257638
9.245,1781.1113581005038,1602.0389070498106,400.4254138256658
9.245,1973.354606716694,1567.704110624536,390.68304563513783
9.245,1971.284982109276,1551.717075602612,374.2258457734072
9.263,1920.961995302134,1557.993966275773,381.1424194473232
9.263,2006.7929223298881,1502.8997048122776,388.33600888793023
9.285,1936.7878984231259,1467.8409081755544,408.59879111060854
9.285,1861.7964758986132,1592.2832446821599,406.3601792970178
9.305,1892.1349546822717,1533.0924559813905,389.66990731680403
9.305,1860.7219967546523,1633.720665937634,408.9421996721899
9.325,1792.3998957695455,1524.4628469171607,387.07409551084606
9.325,1725.840104205094,1525.802054319011,388.59081128853353
9.346,1723.5822394356837,1523.2437944657358,387.36709283937944
9.346,1792.982370939345,1491.9154049116557,379.00479966154967
9.366,2020.7721848541212,1572.7975846728552,379.366614294854
9.366,1781.023716478937,1526.8981520552609,370.69023968707415
9.388,1873.297743951019,1664.1382977268318,435.80714388650597
9.388,1884.2405129481958,1409.4286313297846,381.3597171981428
9.408,1893.0976629502034,1545.0890341664365,376.29892868145345
9.408,1796.6932709103862,1607.280367524285,389.5666394169663
9.408,1886.1420857523342,1543.0003130097664,398.53203755970566
9.408,1830.1522328349533,1489.8652485289658,417.17363022292056
9.429,1862.9852393187732,1493.9384487515729,377.7995634610615
9.429,1839.0912893793563,1463.5681376105817,374.3790789688772
9.45,1913.5034308172023,1481.7229687256465,365.15965150780676
9.45,1758.2836883786792,1539.3441800530466,375.19894090528123
9.47,1822.3431524148823,1549.7000193365714,369.637034466097
9.47,2005.1603448149474,1508.3489878403147,346.43673911446956
9.491,1884.9333050913076,1717.860726246362,370.21712409605135
9.491,1827.6201677768022,1536.1373502461397,406.84980852842835
9.512,1844.2545750037389,1443.897105785952,414.56036704060074
9.512,1858.7418138608812,1504.9959019423015,429.55917317739846
9.532,2011.6684464973334,1470.2232166438005,408.2038996933001
9.532,1759.5083038095593,1451.8317620689265,418.3588193887318
9.552,1909.4234432100275,1508.4638294544488,396.666266015363
9.552,1903.9320811841283,1500.4147774785763,382.1567769968425
9.573,2010.0982698305693,1505.550360898339,382.5111600068472
9.573,1916.9398562038136,1615.045326604379,393.2381420052073
9.573,1873.532428550789,1562.1116330208565,360.6713899490989
9.574,1897.870560825123,1582.5465725355577,392.44536300661485
9.593,1894.973501770465,1570.5121235980614,403.0963707727653
9.593,1886.6792107082795,1551.444305068195,374.6535745811337
9.616,2025.7117706716986,1594.9210787587458,398.7141510468797
9.616,1843.0234099903885,1557.3699758765842,369.8173400556991
9.635,1854.8901292633177,1669.7314279068971,383.57501726633154
9.635,1944.583307456125,1448.120618505377,413.2276572211264
9.656,1866.1611019049521,1732.2072317133207,392.3234794827534
9.656,1844.9926644725308,1589.6451443435292,405.0172688763678
9.677,1915.5095192482647,1501.6177845340567,381.9580287048025
9.678,1950.6904211048009,1563.368057957618,377.54990103426724
9.697,1837.0742158492194,1498.833683460076,402.3666187858491
9.697,1697.564693806686,1462.4054269785506,358.0352503764954
9.719,1750.8556754755748,1406.0626806050268,387.6942546675648
9.719,1943.0220936562696,1476.7103578086237,389.24078012222213
9.74,1873.2469260947485,1493.5667397573454,424.2041696001374
9.74,2003.3318626141452,1447.3048878496338,381.08772157975574
9.74,2089.5971672107,1513.3149884948023,394.2350287030738
9.74,1879.583622505689,1509.7238592172966,368.0980283362508
9.781,1864.366194472123,1507.5513499059628,370.3219954085439
9.781,1996.2415913565255,1535.9106709066068,376.6575238208658
9.781,1917.6744585779293,1610.736911297984,392.38550500302796
9.781,1832.9758045161407,1494.6710456700698,387.6889051396169
9.801,1891.9315017212964,1544.027400110597,369.54748976173454
9.801,1840.6406072507054,1494.5145182721787,402.2603980836082
9.822,1988.9783900599725,1477.247742553577,393.45298068801446
9.822,1870.9868419250774,1519.2167784246685,390.84964425026726
9.843,1902.8811202665172,1659.6431681068566,382.16568625778973
9.843,1870.7348828994136,1589.2947897385436,408.274340857526
9.865,1826.8626743346927,1596.182460154761,399.81794985111355
9.865,1912.1716851064828,1496.695918052175,380.62164022504624
9.885,1840.83166918727,1493.3071564582096,396.75114733635183
9.885,1870.9546692140566,1577.584975621125,382.46163453406996
9.907,1818.5843248080773,1618.1194960094322,404.77330424310566
9.908,1997.8177668935014,1557.1539212151642,399.70494390073543
9.908,1871.0181416441444,1606.1738133272456,366.6783406997027
9.908,1841.8240555014681,1528.122667784097,385.1209245441871
9.926,1986.016614811183,1588.5289498626128,416.12801655713173
9.926,1967.549302860768,1561.8746047160298,383.27089690036206
9.949,1910.7597665466615,1470.1684860683984,411.56086502008066
9.949,1767.5842839843071,1476.3212875683325,412.93597307346016
9.972,2061.6072924455507,1501.067991562578,402.34213741868956
9.972,1930.3576889329781,1618.4507260477667,378.76530700591235
9.991,1963.752754850302,1515.0706602313228,400.6260050407231
9.991,1726.4866895758441,1626.2537726285993,390.7615065560565
10.012,1887.694983419861,1493.5026387029702,380.1539042458022
10.012,1773.3015255558946,1556.2843802145499,392.3269405439948
10.034,1832.01927979764,1634.7463297281852,407.9968150298555
10.034,1862.687781280178,1516.7320296865848,374.76015396879774
10.056,1870.6883981254082,1467.8998197367812,373.33536789525533
10.056,2015.0327692451676,1555.912118923023,391.6862963818128
10.077,1835.460076028354,1499.5517198145833,374.0210323133239
10.077,1894.6356586871557,1663.2225126313228,373.42525774140694
10.097,1842.2593661555497,1592.7184966173768,371.96225717327866
10.097,1974.3988849637667,1604.3968313088228,402.98212056482095
10.099,1883.3662328253738,1441.5146731585787,381.0362497646295
10.099,1965.9360272566373,1500.5420655110345,378.4546235639103
10.118,1960.9529089495977,1416.3413395374855,422.70537147167545
10.118,1953.8848893304564,1551.4067994079196,405.5927362022116
10.139,1869.7199775273791,1513.9041498532583,392.2308213912635
10.139,1847.2330458639833,1518.4324971519288,397.8270605454663
10.16,1788.6615547267327,1495.175564628928,393.5703813737814
10.16,1962.352056770988,1536.3635066543968,381.2470647874909
10.18,1821.1842971535154,1456.160260810653,359.2853609525311
10.18,1939.050002714307,1443.6202679393143,401.98379692723074
10.201,1869.738596564266,1496.6661998020102,400.41000541597884
10.201,1907.9950430776453,1530.6338784540962,361.28660219382397
10.222,1970.778074354262,1407.1068221273285,387.1972955352075
10.223,1983.4202722320656,1552.7801547394838,348.0599909010002
10.243,1847.5805439853057,1490.2557942770234,390.88220366348844
10.243,1824.6800578388047,1474.5992865339445,407.94962642265375
10.243,1904.5176300307617,1569.9023915773657,406.73784199504433
10.244,2008.2737344248758,1574.667304432938,402.6111315899858
10.263,1982.7404209673607,1594.9628631974779,354.9569836867275
10.263,1927.9559074635201,1612.9128151740422,355.7961750508888
10.288,1955.644862727812,1386.5707654287567,392.25745716459903
10.288,1852.3830282749175,1499.180175525849,376.0962256850181
10.307,1879.823970353551,1425.1461487395097,376.98672803435056
10.307,1827.6389968641424,1553.3980609893335,398.36959035305756
10.328,1793.3709781417479,1529.0974417744692,374.31934956843156
10.328,1785.8343930552894,1542.559989482815,395.10469919732833
10.349,1940.721022599257,1576.2581514151661,391.8193886588299
10.35,1908.5346255375066,1474.604379004273,389.07199653185324
10.37,1998.758480034642,1485.7579801103923,378.32300454949285
10.37,1805.3773561278533,1550.8716495623623,408.2170379434335
10.391,2125.629818774139,1560.5892866886052,372.2828142589212
10.391,1884.9941471982534,1575.7992095795955,384.63349638284916
10.414,1881.3062049952669,1623.6621474456786,391.03151317593307
10.414,1911.752977442498,1460.2942118972192,383.6652933577389
10.415,1952.563539661306,1586.6078302437077,388.870804096162
10.415,1998.1628730384039,1495.7299900512014,366.8734504270213
10.434,1905.8253726731093,1643.084643507124,379.36613397675666
10.434,1942.439935743509,1488.270254666695,369.95310826893524
10.454,1881.6581636080086,1553.2414277219104,381.63406856060243
10.454,2005.3981408580003,1609.1976735387157,360.79384214902535
10.475,1965.7727995491623,1560.667933244846,362.91686739352207
10.475,1898.7157954882312,1474.4626152889866,366.3441087640274
10.496,1933.814692116473,1451.2045726158924,389.16607469306354
10.496,1948.9913369123963,1555.1323680494645,400.55794731396287
10.516,1809.0145893195702,1632.1920938347735,372.0721836211919
10.516,1923.5477580418994,1567.875541928925,398.484406741634
10.537,1852.0882341158672,1566.0189270138608,359.58954496795087
10.537,1955.4945312807724,1578.9813141053735,371.38264979165683
10.56,1904.6163862499454,1574.3250807872885,401.91577053060723
10.56,1789.3321167049273,1512.7573722042528,378.9044823735251
10.58,1884.4206129527008,1465.3906780059988,372.5070181701055
10.58,2001.9127794292658,1486.0086568693632,393.84333195550647
10.58,1939.579846222803,1561.7837041852072,381.0680398978635
10.581,1817.126737683732,1644.4077759275356,404.10398369872297
10.601,1947.8386802035086,1514.1902383506867,384.6048200440231
10.601,1988.1037472769137,1592.202078015752,396.4101878410112
10.621,1895.8525152437087,1624.0901867226346,396.5884006753511
10.621,1895.4663342229555,1438.9259555694705,381.0447365360847
10.643,1955.242752632079,1542.5320171245266,396.74974306192274
10.643,1870.368196038707,1439.5383008283775,377.73933194685515
10.663,1844.3130890104505,1529.0965310125925,383.25075217737884
10.663,1718.4672714576748,1539.95606419065,381.92431100014073
10.683,1898.2520239657197,1524.064751777467,428.1483861919587
10.683,1851.3326376180573,1501.5889660693094,390.0620935085842
10.706,1942.264093811312,1464.9742007675104,408.03755935345526
10.706,1870.0170293240542,1498.7388416881458,396.4879534414764
10.726,1909.6992207293658,1591.4389912736149,379.4310219259511
10.726,1786.6982614796848,1506.3040209195146,377.37453439806643
10.747,1912.6852100590272,1541.5747250756317,409.4572099552284
10.747,1780.991875666415,1633.7255324128976,395.3279024537533
10.748,1993.7545057609227,1580.7785420658906,393.2978644859806
10.748,1884.8202995810566,1590.6842551497846,351.24088765438955
10.769,1871.2158870149135,1507.3561543351368,394.0413682797816
10.769,1923.0193861455994,1467.766901722949,405.0176564731612
10.789,1926.8421704929,1582.6436468022189,401.35856120900513
10.789,1890.7475768382074,1633.2344995944284,370.1398397453796
10.81,1801.7047436048163,1575.3699055991892,383.2536563004536
10.81,1778.2509565550602,1507.0553750936283,392.8805741949029
10.831,1910.4630038984133,1579.9208041826919,394.71771125733477
10.832,1957.302799072753,1552.5186935766812,409.3735294541411
10.853,1890.9884625312948,1455.0928972486468,398.200677213251
10.853,1894.15841028282,1620.3465798073935,412.0750592676219
10.875,1975.3088896927443,1578.4308060891588,379.1972790077417
10.875,1941.7829562442764,1542.6701772570143,356.13884386576586
10.895,1923.5021606591872,1472.9474134475818,388.1336564730492
10.895,1894.3846751464116,1567.183601047472,379.54833145250234
10.915,1872.173485673567,1399.44419766526,382.4106313441453
10.915,1930.572971717098,1546.4199600082345,397.0167535219991
10.915,1952.5857681859063,1579.2444811585601,373.6998522569482
10.916,1889.873460466298,1571.307998340449,380.0534104007218
10.936,1953.0081442751953,1571.7162175804679,361.451164336298
10.936,1880.2281191156333,1534.0835247307068,331.0870713445551
10.956,1972.3842287450348,1523.5379144526346,354.38331346780944
10.956,1773.9580478915138,1502.8279892546345,400.7004391936207
10.977,1898.3686988287848,1586.1230352467496,379.55865968877487
10.977,1994.2879654553076,1481.6036304151087,396.81675109149427
10.998,1894.0659051675434,1524.366311857367,405.69142199632364
10.999,1951.1093518757514,1538.6848711846674,373.4503376512402
11.018,1877.5629007189925,1617.2041988848032,397.0073409280885
11.018,1910.3694593056712,1524.07850082904,382.2291763064663
11.04,1788.4953615742656,1536.0124499427136,372.5287034220359
11.04,1845.1237239667482,1547.211742418212,418.9217617203648
11.06,1925.9636011778696,1521.0645244016139,395.4220038106164
11.06,1764.3325401178197,1473.9914323939004,375.79700740175207
11.082,1793.8050722921023,1478.6898529295052,374.73557340099137
11.082,1937.7960781367012,1619.0799548418659,405.76595870063943
11.082,1781.4555728612843,1499.1356259247746,390.30523909444616
11.082,1995.096211418445,1668.8503016173083,364.62426615599543
11.103,1864.2757202678574,1531.6940715528033,391.74433604723635
11.103,1968.5457129462081,1619.4129857508906,384.854489019794
11.123,1983.5686093159889,1498.4707781610782,381.19765829788383
11.124,1779.18897381111,1548.4131754359883,402.4107682909622
11.146,1784.131636389309,1579.9563827181942,421.2831419279893
11.146,1779.2781699864775,1488.4483832869587,393.72774812600665
11.167,1945.2776906184954,1650.9942551453933,401.2698220213562
11.167,1799.9740315196873,1543.7310983988598,378.44752512944353
11.188,1988.498084244762,1510.0232295140993,370.6537076122556
11.188,1877.2783696783636,1516.116834832414,355.64288358431384
11.21,1939.2328656139139,1439.4806274468028,377.95128677299186
11.21,1891.5940651600047,1474.5896256740261,373.29480465676676
11.233,1835.5762460172316,1560.7653349210373,393.8950771996544
11.233,1901.6273377055848,1575.0918225101316,378.03741253458173
11.253,1998.5183385482248,1445.1074261088577,395.08776188447445
11.253,1967.6785247881207,1508.1889873652244,378.1034012170076
11.254,1836.1014521143115,1461.6390459248994,388.4177432731601
11.254,1931.5711423194944,1544.9010599265443,399.8133577795652
11.275,1891.1987656015838,1599.5026223768225,379.18435490553543
11.275,1952.1914701022802,1555.1109633897327,400.8518312834816
11.296,1869.149329135699,1463.4156802999157,391.1772357942366
11.296,2015.846836438844,1422.6676458968639,426.8397006627342
11.318,1934.7881144125158,1568.9541094938033,390.28925732998994
11.318,1961.505743672407,1456.07536529137,353.95564708759713
11.338,1849.9766940254974,1573.269473319971,402.53933406404667
11.338,1933.375553728705,1587.9328489932307,377.3834896683902
11.36,1900.21290376042,1611.7453332349216,368.83013939850036
11.36,1751.4993505725529,1586.189338645565,371.83810126698916
11.382,1908.9819946452144,1605.7314967879813,408.90243483557725
11.382,1929.174877378713,1606.0544716285988,397.07592288477514
11.401,1874.4540304010404,1618.7147233974422,404.01146304018204
11.401,1954.4263557989707,1583.2247152808418,386.4365091847226
11.422,1780.3892146335788,1496.592541754785,396.1582833268584
11.422,1882.048480936506,1572.0978959414274,386.1926744738248
11.422,1934.6861179335701,1489.7847667334408,393.4057805421452
11.422,1996.790290730773,1504.8147944495292,405.3423718096806
11.443,1865.1036707252508,1440.8632927815381,405.23263986286
11.443,1891.2430499577597,1498.7044138055812,345.316827768399
11.463,1967.923625710923,1481.2009508413864,407.6820439982839
11.463,1896.1733752926993,1538.1752952897225,396.6196321376943
11.484,1820.0514032932704,1549.5207401412604,397.6614377287391
11.484,1966.2234936424954,1495.657271883978,391.41060863672
11.504,1913.7349870583084,1508.7320924810138,367.47550285305846
11.504,1804.5226851612608,1498.0237095639354,399.91289645048727
11.524,1901.6094769886251,1588.5010869214245,375.8942786587711
11.524,1728.7184953733888,1439.047737309786,404.51994817614815
11.547,1878.650439579284,1509.1591190332394,419.34945102848394
11.547,1878.125473833126,1467.4910130646392,384.5825007935418
11.568,1871.2913481187904,1552.9830617263692,412.23066541766656
11.568,1684.6209409426515,1573.7053105388654,419.7922942015202
11.588,1800.1723760977716,1422.9527030043732,381.3085570617111
11.588,1821.3862614908246,1475.6450463855986,407.90926770649645
11.589,1758.949993308392,1563.0419037205945,364.0496961956058
11.589,1785.9105991821978,1624.4129093746792,404.327491197673
11.61,1763.4564495628572,1647.9769390592626,402.041795846111
11.61,1916.0097610302014,1456.093494996155,365.89691788841634
11.63,1873.0422690481455,1520.7739020661425,397.3067440864952
11.631,1980.764976850072,1648.7111608528298,386.8510846028797
11.651,1911.0175838432733,1466.315924701686,388.10835908967823
11.652,1842.3814435367299,1517.2174121232508,377.6694455350989
11.693,1914.0081830803204,1587.8223064079127,361.447427650338
11.693,1972.5851689626081,1565.2901606111332,361.5863603673244
11.693,1919.0154147639714,1566.0332417643758,376.58770244483225
11.693,1880.2080041042393,1526.8080903451364,413.49882001372015
11.715,1791.4330426526326,1543.402654639375,359.6373914421562
11.715,1964.3962474302853,1587.3079484880823,352.8660572229629
11.734,1923.4533903021213,1603.4344921137636,370.7840737970825
11.734,1835.9024542828656,1497.5192904748728,388.3847161597443
11.754,1830.1917425856532,1501.6034259394828,405.98441188011145
11.754,1823.583767343813,1598.6955805962407,367.95320403871017
11.754,1898.182144889519,1691.4858763702764,378.5098362056893
11.754,1918.7562350950893,1518.3320260002235,377.7169872319842
11.775,1977.151017872517,1519.1236096526611,390.0503723754048
11.775,1936.982543828156,1489.0731450342585,388.63339247317236
11.796,1890.4481966670494,1499.1702583121526,370.39977781438455
11.796,1984.8579825509275,1665.8017197587506,381.1131644759047
11.817,2003.1124685329637,1524.9446935794738,349.5591692721346
11.818,1890.582201623932,1546.6989292379553,380.9964213754715
11.84,1848.0275701002233,1437.1782077580394,368.71167585182553
11.84,1965.58439525329,1413.2690943141627,363.1143939748441
11.86,1881.708236648001,1500.3396127191236,381.6539657999951
11.86,1803.4041577489181,1556.354578616191,375.59988656910565
11.882,1854.3502119887098,1539.6805989458421,402.08993325726357
11.882,1831.8999101551085,1431.9635861881113,399.8824004326927
11.903,1938.4664810948382,1573.8726389718095,413.92471976160004
11.903,2005.0619052930679,1568.7256113534675,391.780807078784
11.922,1757.480540211385,1547.615437999994,376.6442734291631
11.922,2138.9268681029107,1462.8041628894603,352.6192320691273
11.922,1943.2559110691484,1394.1364964193663,375.82811044107297
11.923,1794.800205740369,1634.6473594539625,369.19829014538266
11.942,1922.2003820403522,1598.8494095180247,379.4086359301071
11.943,1701.062077263085,1477.246402428857,395.93833295933933
11.963,1944.2463223857649,1500.035897623069,367.056524098973
11.963,1871.1495965472388,1554.8331743688789,383.9170276931276
11.975,2013.6357936472893,1551.4023991059105,377.30436821994317
11.975,1921.6560278312645,1426.4779575227658,363.27113194835425
11.997,1780.8803192051528,1557.9080712340146,388.36850833589193
11.997,1950.8317165609417,1455.6905351805194,395.5201702373794
12.016,1849.0118247455962,1498.1634184949974,382.7038182540084
12.016,1902.9370618522937,1577.6204100383861,398.7847639261923
12.036,1828.9474915824082,1563.0755739979186,411.9969893920679
12.036,1979.8747494412812,1396.0262488850035,409.40221861280344
12.057,1853.7533299274194,1534.066587977142,381.60051506977254
12.057,1735.542903761595,1509.2456912146067,394.828914251858
12.077,1838.9248055072633,1450.1006709066887,372.97261740881646
12.077,2003.3722953508395,1459.8963934794633,394.6276943642597
12.078,1894.2694037483104,1537.920942968856,373.48050240134387
12.078,1894.5584634618185,1457.2464660796222,391.94942418243824
12.1,1917.6869356626166,1528.471083953128,402.36271167523364
12.1,1980.2009470506441,1606.5055699682785,380.1442217111867
12.118,1873.101884175751,1569.9658358113404,399.8234969460499
12.118,1867.8467021001152,1587.2709846260598,385.56217109274195
12.139,1945.7809523883654,1506.5399967336648,407.51881234722083
12.139,1939.5093004616429,1539.4940168973294,375.2822449612906
12.159,1982.6811731119724,1633.0712445404617,399.9806155440498
12.159,1940.7875765131228,1507.6057316652857,366.870670196918
12.18,1744.083839797677,1431.7835099084623,356.3074747860599
12.18,1847.4208997923051,1518.8522213463527,365.45200277431985
12.202,1904.613764167308,1545.1488015739635,403.12735695165696
12.202,1910.7038168753531,1444.986025707913,340.7883938245249
12.223,1830.9382532915583,1529.05161824999,393.55814617013846
12.223,1892.5926782525705,1434.104540534192,388.13660113070597
12.243,1880.6354459962843,1508.506021987766,392.32698321433105
12.243,1971.0298203799491,1524.9240959354481,374.979840199077
12.244,1788.9790533276723,1484.6648818679892,376.6798368585719
12.244,1794.9109234625844,1492.1435037103267,376.87255268645725
12.265,1902.9969317529267,1569.5305987293082,369.50965012528457
12.265,1940.901574722363,1471.4217703950308,350.9036672142161
12.284,1833.9491656334094,1541.5192943917998,426.68273235071524
12.285,1863.814923128125,1544.5011492972935,402.7009773812178
12.305,1793.0402527799374,1595.1661962693593,373.31113077741657
12.305,1815.091025713354,1556.5519512635212,401.75048131648896
12.325,1928.6643914975646,1474.690683364188,380.7573168242831
12.325,1789.5832328215058,1433.1028553909616,382.23310013165883
12.346,1941.661190302592,1546.978632087191,378.7933149531476
12.346,1825.659465586109,1566.804804338885,383.99755415265776
12.368,1827.1263382059751,1445.2231736762867,404.1550683551997
12.368,1933.2937705637473,1476.4152960353804,403.2023887173112
12.389,1889.5690525594027,1503.4529790260792,394.45422946840915
12.389,1748.3132461816497,1524.299048862197,419.0816611322485
12.41,1886.8038838091081,1484.852548508373,388.3146480073958
12.411,1816.4096547493602,1565.2271047761405,372.5578924051904
12.411,1940.5595492744312,1608.8688791631166,379.3509624932034
12.411,1930.844791914859,1470.7708407720074,372.84096000713754
12.433,1883.6913538112863,1488.5410800632687,396.86399568015855
12.433,1928.2699207874034,1611.6609364275148,363.92634884757797
12.454,1873.5255909810267,1540.1852050407679,401.1353311467284
12.454,1901.2563707887434,1622.6138037984686,359.4431726198626
12.476,1749.516902399745,1550.8944463009004,388.85544405308946
12.476,1915.6122175764706,1553.6442850759938,383.6684769555134
12.495,1919.6901409779578,1473.90791112477,376.2209502648823
12.495,1907.062019310081,1574.7926511254116,388.87846093734925
12.537,1854.5317579974508,1571.5898584342124,384.5382139444669
12.537,1946.9044031281198,1496.959032588366,386.52252750480653
12.537,1945.9924256025056,1456.7766491715045,362.59549156612235
12.537,1976.4663880951096,1512.3778274110882,372.60996968273844
12.558,1930.9634442756883,1543.5527878309101,396.48559667886866
12.558,1938.8917448475222,1565.8238156564798,377.64227293454087
12.578,1863.5251423411603,1560.8884714459514,378.70939367592496
12.578,1898.6183142268733,1560.5990345991856,381.3816647252896
12.578,1883.817352385308,1446.0590950638743,404.2506639863538
12.578,2028.2801012230361,1490.5790949960426,410.54048412646193
12.601,1920.0509222428836,1529.6721284630914,393.1575015307861
12.601,1952.0126533936436,1549.2719566017952,413.2966988495659
12.622,1855.6810683971003,1548.980835320365,374.34016979173344
12.622,1836.2317634081269,1484.2637162597055,398.48392182628055
12.644,1792.8468977723867,1568.324404123167,391.25997049906096
12.644,1883.3283637891375,1619.1307137474619,375.55665107064476
12.664,1874.5556533062643,1582.1145152562449,424.08866175272664
12.664,1875.952294872466,1420.873753015393,389.6906358351622
12.684,1856.8315048766826,1599.2351447180201,391.00198461348117
12.684,1705.4001814451717,1520.0507250625872,400.800053239804
12.706,1949.5705329195146,1537.983398410363,391.9352594967896
12.706,1979.5407724809406,1576.3818355927817,422.24414242069605
12.727,1905.523477575073,1521.0811778401753,375.84988112597165
12.727,1931.2238537424657,1641.2802032139327,385.5255384904292
12.747,1866.4806758370576,1481.7403195611034,354.388441800084
12.747,1784.2393140175898,1469.942128207624,355.81523227585905
12.747,1956.752356251665,1603.2667646371206,348.78299505292773
12.747,1925.5170291104707,1514.9652260375665,389.0823506974963
12.768,1926.119046504575,1485.514018966857,399.5296308102891
12.768,1930.2091709020256,1674.274586978976,380.88351628468456
12.788,1793.9624946616213,1565.800860027353,369.6591860406874
12.788,1910.6319723836773,1525.139620262221,401.59962567703695
12.81,1893.3108734149546,1469.3863831326642,394.987478374119
12.81,1976.2527432741526,1594.679888214139,387.7110015970121
12.829,1889.4414026378267,1600.0547838919795,382.77152040067193
12.829,1920.4912831496977,1485.1604448318003,362.91407148135914
12.852,1818.2424324885374,1565.832404067521,401.24806971932617
12.852,1955.0695451501706,1532.5713606120921,398.3910223964872
12.871,1952.63360770375,1586.5444967597118,361.66516507953986
12.871,1941.964385927421,1676.0188323007446,386.3620857102324
12.892,2053.972966527301,1535.294844679665,384.0808806157995
12.892,1879.1637247195963,1482.7862406757592,389.4305473592759
12.913,1968.5281780775838,1579.5425824774416,408.0515693898575
12.913,1799.373485195471,1514.664399123193,357.0580735147799
12.913,1863.527205388474,1494.7246168392935,405.7494673495605
12.913,1869.800310608035,1477.449562151772,391.14677561724676
12.934,1954.59012640532,1422.7274522038865,371.0138042209454
12.934,1774.1161796910549,1424.0882282233174,369.9242468446582
12.955,1999.8988778372568,1385.2010825863454,398.9292169496885
12.955,1922.9706374383716,1597.1908520438142,377.37215958972155
12.977,1842.718663885625,1638.2169311296805,373.93816345255044
12.977,1878.1438677586784,1493.826267514456,409.52775755911506
13.021,1898.241889814528,1477.9671516230005,377.60606523882683
13.021,1840.3065940524432,1514.4955715748754,370.83391039678935
13.021,1888.8611760795643,1505.3913144821756,377.3716455398824
13.021,1938.1892033236795,1623.5477445129973,372.45193889706627
13.041,1861.1188150157623,1541.6286806378296,382.659592898434
13.041,1932.8858077383247,1419.9396500270075,381.75577354984716
13.064,1856.226689068584,1481.4355839147254,377.71657328107636
13.064,1881.418433218584,1591.0386949704746,372.487416983346
13.084,1887.3554603579134,1559.1791526001725,382.8155035778797
13.084,1922.001483464561,1552.515501599298,370.12253809430234
13.085,1708.8714257561196,1592.8241280222762,390.5741942176308
13.085,1811.356727143621,1522.5928507296728,364.0772462434748
13.106,1824.4558183773238,1564.5286600415905,363.7910378929732
13.106,1829.6938960267244,1584.1333077334637,361.5402856205594
13.126,1908.4278640884559,1516.4367303571605,423.4929657181918
13.126,1985.068540344251,1415.5423220175567,370.41920882375314
13.147,1884.9851397310124,1577.8837145179282,407.4662832363771
13.147,1948.5063789529897,1542.627818474393,420.9352368996251
13.168,1818.577543313754,1584.018448133792,383.6844893583757
13.168,1804.8082388611315,1641.6932107931939,395.48854458522055
13.189,1840.891219190837,1542.4235695499171,369.804277248143
13.19,1890.4457942275526,1698.9451216530379,377.28904429951723
13.208,1903.952619803632,1559.1053663015161,381.4619265370719
13.208,1957.5249763862764,1485.69320543695,388.71358580518154
13.23,1800.3480572728538,1552.280923625757,381.42712331641656
13.23,1873.8932983112095,1473.610427172672,389.13092337745894
13.251,2057.7641639768403,1499.8398973937317,353.07955455646714
13.251,1877.911893915032,1553.0426711331106,419.10365806959135
13.252,1998.5243860491773,1492.1393352363266,386.8321860028192
13.252,1897.3362998767907,1501.567541072088,382.0226560166941
13.273,1994.9403208943065,1492.8508052166728,371.550161849408
13.273,1962.2722818896734,1485.8502022374494,389.6620198586408
13.294,1839.5171206931252,1535.6522740417693,359.83379141885143
13.294,1955.2356909777297,1498.5712741906764,386.5566781278273
13.316,1859.0084184123996,1546.8039223334406,394.6933636726009
13.316,1999.4115356884815,1524.1613895644168,394.4509353559882
13.337,1856.9601489326005,1516.1843359221027,386.07662203918045
13.337,1927.9692306497702,1532.9548484840604,412.49701873976335
13.357,1787.4798504770133,1508.978285325374,384.82187017262225
13.357,1630.9013373213886,1573.650250591038,350.1463105411537
13.377,1955.3378690431311,1482.346920224472,392.4212660520848
13.377,1974.3307131065294,1517.6022716655202,398.0723102953461
13.399,1837.394653772169,1555.886823433994,386.92984966113943
13.4,1896.3687702267837,1530.289018855858,406.5332580114322
13.418,1835.9895763514276,1524.3839410306866,355.7426071485053
13.418,1900.8803507024147,1533.2123378787464,400.264342330214
13.419,1903.0894659631933,1517.8872347182003,374.6545194161617
13.419,1991.4462118496626,1521.536839228648,408.1434416694422
13.439,1816.5803054495757,1496.8245557968883,354.2178180343592
13.439,1852.857978586616,1502.7269926952445,406.76707871487827
13.461,1747.393140106458,1492.765039775977,388.0965613767649
13.461,1960.8588039046085,1655.1114097787715,381.23027041358034
13.481,1849.8956185352376,1570.9379164736677,394.45745344103096
13.481,1934.5528677190705,1573.932445308254,359.55470323121233
13.5,1915.016373114771,1559.929722552867,382.4675613204851
13.5,1799.75320707864,1577.2917786980522,400.3021444058346
13.522,1800.3544122374717,1590.2659195844485,378.6355396486292
13.523,1896.3511564937671,1461.003493794768,394.8420066539906
13.542,1848.1966491474825,1578.825864509202,405.62650944578183
13.542,1913.0891836570192,1485.6620433022972,347.06829534776796
13.562,1977.592028674781,1536.3863382567115,364.1205451356163
13.562,1823.729380425486,1502.7571845558073,388.173461753232
13.585,1925.423939470761,1512.0187566838372,367.5277494028181
13.585,1887.3895450638245,1532.6463234599355,360.8726146642469
13.585,1887.0867596743067,1370.0586434249824,394.16820427546276
13.585,1938.2087781418238,1542.2822700403588,382.6390813718709
13.603,1770.208427300274,1472.2221298942302,370.62357925829997
13.603,1967.5724365180076,1578.6229927410384,410.0348662940407
13.624,1944.127097163889,1613.974263271995,399.50256490908555
13.624,1794.5056965556869,1586.515648043626,384.27056765734767
13.644,1990.704027806432,1585.0551473164246,372.130813316119
13.644,1980.7799679445834,1537.563253092306,390.5933814390129
13.664,1942.0295127726704,1525.870801099653,350.20219063174335
13.664,1765.117185143545,1546.5726811051425,383.3927738349488
13.685,1851.8446714068218,1467.9154652999305,405.2147367378188
13.686,1929.8201021789816,1638.3890241895172,396.7955348259131
13.706,1956.5839553342619,1481.5868729374274,384.8133924684011
13.706,1942.5839171851949,1493.4565619372688,383.2876974353687
13.726,1879.1597916200735,1597.0360414712513,367.63540795887855
13.726,1836.382157090252,1584.0603556339822,380.2442510696265
13.749,1925.681310739184,1421.6967687000417,405.3695460580301
13.749,1974.377658253344,1570.4492440049214,382.40891372440757
13.749,1843.1689890553653,1563.7762355832592,384.2473854253743
13.749,1937.332773055679,1497.1072446649391,352.18394563843873
13.768,1980.5662081317794,1497.5683696829365,364.1204817119553
13.768,1961.4388168763626,1497.9694033081043,388.5406416851589
13.789,1923.454725165413,1549.952681976033,382.58032560617795
13.789,1853.7780933617594,1448.2921705832675,403.38214859870595
13.809,1975.9759046169124,1565.7631058227566,378.1627122438436
13.809,1767.8856788073074,1431.7275836834503,436.32959381710947
13.83,1995.7188721848856,1461.6382829289241,365.6544235959602
13.83,2026.1681876665327,1465.1101041543382,367.8663439689556
13.851,2021.7510480050032,1529.5396888602088,360.80747026476416
13.851,1859.9856083661568,1471.019669916613,378.6077480265384
13.871,1785.9573353345622,1530.9196588739403,375.51644330021804
13.871,1881.2705835365666,1580.2721765123028,408.7597053879661
13.892,1906.298967443338,1437.2062176817267,374.3014804538582
13.892,1925.5092399079958,1643.0341287983392,406.9495118396388
13.914,1748.5410825133251,1622.4081459968215,371.2349880272336
13.914,1840.4744511929835,1596.763631034875,381.5204129521679
13.914,1783.7264323928468,1448.5387762581938,371.56117961774777
13.914,1768.0158629164307,1563.906650137552,390.44712914805183
13.935,1859.6239793987309,1604.1217410848083,359.69106650436623
13.935,1868.5068632000398,1552.6921329249142,394.20451854337523
13.955,1886.6020485731385,1590.0713450942421,380.7386032771258
13.955,1879.0894133807858,1521.005393442627,359.5287923039644
13.977,1907.417504501851,1434.0035263892803,373.5711161687323
13.977,1784.758481762088,1515.826916700477,372.71978881175755
13.998,1788.9532278558981,1541.865475137306,359.90245532274326
13.998,1983.8482149491583,1587.340326194732,398.07507416585645
14.018,1879.2086799740143,1445.3233097003388,395.4726645326444
14.018,1869.4772325540648,1417.7488605834628,413.0880283363196
14.04,1990.5554256625037,1514.4584300341028,368.01612260596994
14.04,1989.5757686409574,1461.0801090422333,374.71725802324215
14.06,1943.816194382383,1495.6027674970412,387.1518903585987
14.06,1813.862400283845,1522.8362589434155,397.9032312739762
14.081,1818.652135096201,1657.8138607474511,378.8438556002206
14.081,1997.4023968358676,1523.2501737705068,359.0169727451471
14.082,1996.3212201264882,1615.1349312498633,389.2404558341394
14.082,1803.2072526117831,1652.497102378746,390.7748054474227
14.103,1963.162127829165,1477.1338009043336,386.31280630632625
14.103,1870.5707938807766,1510.3520519003728,395.85456171287944
14.124,1884.3124854861053,1490.9120382394701,395.6859975443587
14.124,2020.059480021464,1560.3987610708268,404.9856294096514
14.144,1907.5073433218843,1452.0758128591035,388.34691692225147
14.144,1863.23399231162,1572.2275094094507,385.3987309179743
14.164,1896.353322892891,1580.7929279941516,393.5057934518273
14.164,1857.2472275682137,1646.376248763653,385.45484563486497
14.184,1917.2346099970737,1567.905627400828,372.43963257488747
14.184,1880.5656483081682,1426.3400093144403,412.3081477723457
14.205,1827.9876253656857,1536.9142239229304,372.7736792098326
14.205,2022.0007777536107,1441.259283528519,381.62624566008054
14.247,1860.8482620949205,1544.804198152557,372.90417981670237
14.247,1782.7116460472278,1486.000633599979,360.3484140395754
14.247,1878.3052133264134,1498.3001181275852,394.0270556424434
14.248,1828.3832316092007,1470.988989215165,402.7983223524655
14.248,1798.7667551813745,1576.666655829749,388.4681852310962
14.248,1918.324416655808,1557.9297886689126,396.87247550300117
14.269,1935.622305905472,1573.1006072449165,371.53464423452044
14.269,1950.0789047429132,1644.5001885217985,396.42295158422405
14.288,1960.1690651254225,1632.9000939785099,402.2221368138036
14.288,1969.1915636965005,1425.6853449637813,395.1738448865306
14.309,1906.631148132629,1502.833670434744,390.0131264555508
14.309,1939.3410771069919,1599.192620123746,383.6649369698203
14.329,1871.9865083384148,1489.777121183714,402.01107509224113
14.329,1805.7586430793178,1556.4001204915867,378.62512647633883
14.35,1876.3701997449562,1558.0649958815495,350.7939589076168
14.35,1921.7879090997064,1485.811652489434,394.0747469245034
14.371,1825.0822640056163,1490.7157768868426,365.4746173241787
14.371,1944.8056450245106,1586.4455040655243,390.6676659860381
14.392,1965.3227448641815,1526.615276166399,369.5276565304052
14.392,1771.2195967624357,1508.8536623678992,401.70518152655086
14.433,1863.194306336659,1470.5577192445296,376.98315362094905
14.433,1863.7616919190853,1603.0359499583292,402.5913468101074
14.433,1746.5997235524383,1502.930759668368,398.9383793915481
14.433,1975.6233603141252,1579.0518058614603,389.76840917951864
14.434,1850.101735966666,1576.5801805562674,379.2316986530759
14.434,1819.0478470608184,1568.1637139451739,431.3693846588624
14.454,1841.5577599694725,1454.1156844951113,383.8097620362346
14.454,1749.0527115951554,1479.6838326529635,374.52877420578017
14.474,1895.446916912812,1539.5461251281342,390.89175626653497
14.475,1866.3600190986847,1509.6605573008876,364.18172866984503
14.495,1818.6936362443846,1500.6394037450004,387.7753249779955
14.495,1938.7868625499498,1492.3854533330673,390.9782287815521
14.515,1748.7385037593074,1486.409832524027,377.9491065978796
14.516,1891.0020370415336,1547.841531911419,397.08963971738484
14.557,1990.0444490100672,1621.2380006892204,380.81568420666804
14.557,1849.0288776520586,1351.63913580583,357.86428299949546
14.557,1910.0251456142896,1478.9313302466412,391.0253401201749
14.557,1874.1150796974516,1538.5481504506195,369.109975253051
14.577,1993.5052070070412,1458.6975754317284,393.1261120261015
14.577,1790.7286269451804,1583.277235494174,375.13409273239574
14.577,1801.450242069194,1527.121513731999,414.04224565506917
14.577,1847.5322758510958,1389.8909530263045,383.8401487120544
14.598,1807.4497141761199,1542.19482740586,384.446065985967
14.598,1874.0715933085373,1573.7811217209928,370.05678635214446
14.619,1992.254205436613,1471.0545199469077,407.8153447420959
14.619,1836.4594025350195,1581.6945877495298,390.9462315390542
14.639,1872.345465305853,1486.3506891924942,384.7570804890265
14.639,1852.4700501086056,1501.2210420136857,373.9347964112901
14.66,1765.0590539027844,1517.4807952987649,375.2449671999455
14.661,1880.733948817332,1444.8322402477306,407.555566873153
14.681,1881.348315493205,1604.051570157681,366.6012036183225
14.681,1692.9311322907215,1487.6632207562225,386.82869674111146
14.703,1887.6168503184092,1541.4494358367263,370.7559173460841
14.703,1954.096595360853,1506.3018853435153,350.19145163753143
14.723,1845.157385453337,1599.2367729865769,410.8820680497888
14.723,1731.2410085769652,1527.6918437552004,401.4387556571905
14.743,1893.7659453107217,1540.1830576011732,410.9697926971805
14.743,1767.473226261945,1488.685918882104,381.31608918102205
14.743,1973.4105821971805,1561.949530460168,379.9129072617669
14.743,1897.692151228123,1557.8387060358134,376.1776257560932
14.764,1876.2002137177385,1529.3415252633017,388.3958421668799
14.764,1868.0650596044036,1450.8018416344587,379.91909879278313
14.784,1975.6698056283017,1538.3213273168321,365.2228664186765
14.784,1906.6021452950288,1663.7179364430935,376.6884597605407
14.804,1888.7489378236844,1467.833657214007,357.2450104424147
14.804,1839.3371384038903,1441.8718828455708,374.83772794133154
14.826,1944.8741980545035,1509.4157836567429,390.6925327560541
14.826,1886.3866010076174,1646.2904213767763,371.30520197757403
14.847,1796.7196040511476,1406.541283549601,378.3602425359993
14.847,1850.8434050253559,1563.7905072567353,357.27110536226763
14.869,1846.0737847505955,1526.057095839443,360.8067295021533
14.869,1963.2500420028991,1600.0703971605542,368.6575243123645
14.889,1965.1889724265752,1664.517688663498,386.2151314421885
14.889,1885.8245731177276,1477.526091653591,390.78446429397343
14.909,1985.736284166713,1474.786147371467,380.9193213511656
14.909,1898.3796822736206,1586.6037776088351,378.1151448444812
14.909,1931.709855897355,1537.086319690191,407.77915310491676
14.909,1951.80839764702,1590.1875947746175,399.3227675291858
14.931,1981.6744172481997,1425.907442947267,414.0077752276707
14.931,1882.8249588583492,1570.9769243010314,390.17242073194757
14.951,1915.0875858092654,1526.5358336435545,360.03488999020976
14.951,1976.25492424221,1515.1495112259422,395.8576264179543
14.971,1813.2283613447046,1561.8136018835212,380.2260334213114
14.971,1742.0245408902958,1552.2298434068425,385.36816365974346
15.01,1838.2263288424217,1526.8451499116914,374.53012874800004
15.01,1895.317315292937,1460.819521162514,367.4956976619817
15.01,1973.303900266085,1595.6398797929828,385.45810477467313
15.01,1830.5461615830736,1441.8028454418338,398.94917890431856
15.028,1803.4827495454726,1466.2310076671852,378.51698452893356
15.028,1915.2359186504866,1579.2074158172131,388.634612957814
15.049,1881.2266956091144,1502.845908907336,391.78908342346926
15.049,2000.240699524185,1500.4216773380094,384.88888562228465
15.07,1788.91212856105,1397.7992857514805,374.09657107905844
15.07,1890.9233034377046,1555.3038834596082,364.9680611937926
15.071,1990.4376069773048,1396.394422803842,403.42947766663184
15.071,1820.6409495382072,1538.094891362731,364.43193863693
15.091,1931.3366718619595,1551.4993429743586,367.4047905831535
15.091,1840.241630903247,1506.2216422745394,368.91397560450986
15.112,1981.0838901528684,1506.9565406496297,403.0354984143956
15.112,1933.0126110892502,1595.2399260840398,390.4335450570156
15.133,1737.5122313796553,1438.414484960693,402.9610996251232
15.133,1833.0294082396786,1552.8855976242996,399.4102127305134
15.153,1853.2995026701635,1574.7934621334502,387.04936172727184
15.153,1826.034370676744,1488.1603440674746,360.3520728822148
15.198,1870.6728605260907,1525.6946783159626,394.7488774216256
15.198,1873.0925506884148,1552.3489045803165,383.3954637506517
15.198,1938.5007795922297,1537.2900036403685,374.16182632580274
15.198,1905.8772354129885,1516.3089586401545,362.54420788811564
15.217,1877.875545728063,1543.4982738095302,377.17413074755444
15.217,2039.7811083081378,1651.7415486007037,365.0728844957213
15.237,1937.1225539785275,1457.0425341767339,396.1479969262567
15.237,1772.1388784259598,1519.082803101029,412.9726850958641
15.237,1838.4503281363227,1496.1683842275365,385.58758171768864
15.237,1859.2956882213603,1566.6580744963155,390.00017408262806
15.28,1894.72431863583,1492.8411664119392,386.7417989390134
15.28,1890.1486849549642,1434.4524408484785,352.463136745741
15.281,1958.019008857669,1458.4701820139949,384.03845445831894
15.281,1884.8598844912513,1527.9569429571452,413.27345415810134
15.3,1925.064344410819,1495.287864329866,390.9474868262768
15.3,1998.1624052313125,1494.3701725401195,371.1332213003964
15.345,1792.7613801666885,1536.1790580033492,365.43133342785933
15.345,2051.8922159056488,1627.7883046811469,399.8036732215386
15.345,1881.6207706332991,1572.5795428593065,414.0607153775144
15.345,1931.5198946778244,1502.517713944915,346.12766528536184
15.363,1913.7025051880044,1536.1009945827084,374.1518101432317
15.363,1810.925447845845,1449.5168383427583,381.4570517372818
15.383,1785.1041596551627,1530.8061193940218,380.18641242914424
15.383,1899.3148120715937,1577.1513890508934,383.8783657704479
15.403,1800.3515055486462,1639.2625446835477,406.3954854102257
15.403,1850.4868776260712,1597.7641127479606,382.98975658619264
15.404,1869.8570143532181,1466.3954422835109,384.6258232175501
15.404,1893.3904572663,1525.5877142686581,377.5284167866422
15.423,1856.0020485807588,1498.0772363552337,420.1259449307724
15.423,1943.7691024640976,1567.3486642521984,402.73337095157666
15.445,1869.4165693752245,1562.1945940304215,389.9569156328609
15.445,1952.9840170263521,1505.8710602086876,421.71662016832437
15.465,1855.7112038903015,1459.7811617642624,396.28461488264617
15.465,1907.6509056961338,1657.2025112517736,365.76008250424604
15.487,1905.6470299152352,1534.594927604731,412.1702257135368
15.487,1898.3286849340877,1577.2373140962784,403.3180302428227
15.509,1942.6238469233026,1494.4891074670913,383.6896409753481
15.509,1850.9996012481868,1427.3790702173208,410.2095392156296
15.529,1904.200127811808,1534.0733184602311,371.88645651693093
15.529,2012.752632445046,1477.9424415568337,373.53694158450617
15.548,1730.8330829387944,1469.2909681890803,375.7929345630026
15.549,1868.6649226808324,1539.0354529260119,395.9336407198256
15.57,1757.3255320956862,1458.355686333519,394.13660155664047
