Time,25W,25X,25Y
0.008,2043.6400156479315,1657.3186516313094,440.40635497894937
0.008,2041.7084088278484,1659.2502584513925,415.2954663178689
0.031,2041.7084088278484,1659.2502584513925,415.2954663178689
0.031,2038.8109985977237,1658.2844550413508,415.2954663178689
0.032,2038.8109985977237,1658.2844550413508,415.2954663178689
0.032,2046.5374258780562,1654.4212414011847,410.4664492676611
0.058,2046.5374258780562,1654.4212414011847,410.4664492676611
0.058,2044.6058190579731,1661.1818652714755,423.02189359820136
0.085,2044.6058190579731,1661.1818652714755,423.02189359820136
0.085,2037.8451951876823,1656.3528482212678,428.81671405845066
0.085,2037.8451951876823,1656.3528482212678,428.81671405845066
0.113,2039.7768020077654,1660.2160618614341,414.32966290782736
0.113,2039.7768020077654,1660.2160618614341,414.32966290782736
0.14,2039.7768020077654,1654.4212414011847,415.2954663178689
0.14,2039.7768020077654,1654.4212414011847,415.2954663178689
0.14,2047.5032292880978,1652.4896345811017,414.32966290782736
0.167,2047.5032292880978,1652.4896345811017,414.32966290782736
0.168,2041.7084088278484,1659.2502584513925,413.36385949778577
0.194,2041.7084088278484,1659.2502584513925,413.36385949778577
0.194,2042.67421223789,1657.3186516313094,414.32966290782736
0.194,2042.67421223789,1657.3186516313094,414.32966290782736
0.194,2055.22965656843,1654.4212414011847,413.36385949778577
0.219,2039.7768020077654,1657.3186516313094,426.88510723836754
0.246,2039.7768020077654,1657.3186516313094,426.88510723836754
0.246,2046.5374258780562,1661.1818652714755,416.2612697279105
0.247,2046.5374258780562,1661.1818652714755,416.2612697279105
0.247,2047.5032292880978,1660.2160618614341,423.9876970082429
0.276,2047.5032292880978,1660.2160618614341,423.9876970082429
0.303,2049.434836108181,1653.455437991143,424.9535004182844
0.303,2049.434836108181,1653.455437991143,424.9535004182844
0.303,2043.6400156479315,1662.1476686815172,426.88510723836754
0.303,2043.6400156479315,1662.1476686815172,426.88510723836754
0.33,2043.6400156479315,1646.6948141208522,416.2612697279105
0.33,2040.742605417807,1666.0108823216833,409.5006458576196
0.357,2040.742605417807,1666.0108823216833,409.5006458576196
0.357,2047.5032292880978,1656.3528482212678,412.39805608774424
0.357,2047.5032292880978,1656.3528482212678,412.39805608774424
0.357,2044.6058190579731,1660.2160618614341,406.6032356274949
0.386,2044.6058190579731,1660.2160618614341,406.6032356274949
0.386,2048.4690326981395,1666.0108823216833,413.36385949778577
0.414,2048.4690326981395,1666.0108823216833,413.36385949778577
0.415,2049.434836108181,1658.2844550413508,418.19287654799354
0.416,2049.434836108181,1658.2844550413508,418.19287654799354
0.416,2047.5032292880978,1661.1818652714755,423.9876970082429
0.442,2047.5032292880978,1661.1818652714755,423.9876970082429
0.442,2049.434836108181,1658.2844550413508,423.02189359820136
0.47,2049.434836108181,1658.2844550413508,423.02189359820136
0.47,2045.5716224680148,1654.4212414011847,412.39805608774424
0.471,2045.5716224680148,1654.4212414011847,412.39805608774424
0.471,2041.7084088278484,1657.3186516313094,422.05609018815977
0.498,2041.7084088278484,1657.3186516313094,422.05609018815977
0.498,2047.5032292880978,1659.2502584513925,413.36385949778577
0.526,2047.5032292880978,1659.2502584513925,413.36385949778577
0.526,2045.5716224680148,1653.455437991143,405.63743221745335
0.526,2045.5716224680148,1653.455437991143,405.63743221745335
0.526,2042.67421223789,1658.2844550413508,416.2612697279105
0.555,2042.67421223789,1658.2844550413508,416.2612697279105
0.555,2046.5374258780562,1661.1818652714755,420.12448336807665
0.582,2046.5374258780562,1661.1818652714755,420.12448336807665
0.582,2047.5032292880978,1643.7974038907275,424.9535004182844
0.61,2047.5032292880978,1643.7974038907275,424.9535004182844
0.61,2043.6400156479315,1653.455437991143,414.32966290782736
0.61,2043.6400156479315,1653.455437991143,414.32966290782736
0.611,2047.5032292880978,1657.3186516313094,418.19287654799354
0.638,2047.5032292880978,1657.3186516313094,418.19287654799354
0.638,2036.8793917776406,1662.1476686815172,423.02189359820136
0.639,2036.8793917776406,1662.1476686815172,423.02189359820136
0.639,2040.742605417807,1652.4896345811017,415.2954663178689
0.665,2040.742605417807,1652.4896345811017,415.2954663178689
0.665,2043.6400156479315,1663.1134720915586,427.8509106484091
0.693,2043.6400156479315,1663.1134720915586,427.8509106484091
0.693,2041.7084088278484,1658.2844550413508,416.2612697279105
0.693,2041.7084088278484,1658.2844550413508,416.2612697279105
0.693,2035.9135883675992,1658.2844550413508,417.227073137952
0.72,2035.9135883675992,1658.2844550413508,417.227073137952
0.72,2036.8793917776406,1656.3528482212678,423.02189359820136
0.747,2036.8793917776406,1656.3528482212678,423.02189359820136
0.747,2041.7084088278484,1661.1818652714755,422.05609018815977
0.748,2041.7084088278484,1661.1818652714755,422.05609018815977
0.748,2039.7768020077654,1654.4212414011847,421.09028677811824
0.775,2039.7768020077654,1654.4212414011847,421.09028677811824
0.775,2040.742605417807,1652.4896345811017,414.32966290782736
0.809,2040.742605417807,1652.4896345811017,414.32966290782736
0.809,2045.5716224680148,1657.3186516313094,411.43225267770265
0.829,2045.5716224680148,1657.3186516313094,411.43225267770265
0.829,2047.5032292880978,1665.045078911642,422.05609018815977
0.829,2047.5032292880978,1665.045078911642,422.05609018815977
0.83,2046.5374258780562,1658.2844550413508,417.227073137952
0.85,2046.5374258780562,1658.2844550413508,417.227073137952
0.871,2049.434836108181,1659.2502584513925,421.09028677811824
0.872,2049.434836108181,1659.2502584513925,421.09028677811824
0.89,2048.4690326981395,1661.1818652714755,417.227073137952
0.891,2048.4690326981395,1661.1818652714755,417.227073137952
0.891,2042.67421223789,1654.4212414011847,401.7742185772871
0.891,2042.67421223789,1654.4212414011847,401.7742185772871
0.911,2034.9477849575576,1658.2844550413508,407.56903903753647
0.911,2034.9477849575576,1658.2844550413508,407.56903903753647
0.932,2039.7768020077654,1661.1818652714755,408.534842447578
0.932,2039.7768020077654,1661.1818652714755,408.534842447578
0.953,2044.6058190579731,1651.52383117106,419.1586799580351
0.953,2044.6058190579731,1651.52383117106,419.1586799580351
0.975,2038.8109985977237,1657.3186516313094,416.2612697279105
0.975,2038.8109985977237,1657.3186516313094,416.2612697279105
0.996,2046.5374258780562,1651.52383117106,412.39805608774424
0.996,2046.5374258780562,1651.52383117106,412.39805608774424
1.018,2043.6400156479315,1652.4896345811017,421.09028677811824
1.018,2043.6400156479315,1652.4896345811017,421.09028677811824
1.038,2041.7084088278484,1655.3870448112261,418.19287654799354
1.038,2041.7084088278484,1655.3870448112261,418.19287654799354
1.058,2041.7084088278484,1665.045078911642,424.9535004182844
1.058,2041.7084088278484,1665.045078911642,424.9535004182844
1.059,2048.4690326981395,1657.3186516313094,416.2612697279105
1.059,2048.4690326981395,1657.3186516313094,416.2612697279105
1.08,2040.742605417807,1665.045078911642,402.74002198732865
1.08,2040.742605417807,1665.045078911642,402.74002198732865
1.101,2046.5374258780562,1671.8057027819327,416.2612697279105
1.101,2046.5374258780562,1671.8057027819327,416.2612697279105
1.122,2044.6058190579731,1657.3186516313094,419.1586799580351
1.122,2044.6058190579731,1657.3186516313094,419.1586799580351
1.145,2044.6058190579731,1656.3528482212678,420.12448336807665
1.145,2044.6058190579731,1656.3528482212678,420.12448336807665
1.164,2050.4006395182223,1656.3528482212678,416.2612697279105
1.164,2050.4006395182223,1656.3528482212678,416.2612697279105
1.185,2040.742605417807,1658.2844550413508,411.43225267770265
1.185,2040.742605417807,1658.2844550413508,411.43225267770265
1.205,2041.7084088278484,1663.1134720915586,418.19287654799354
1.205,2041.7084088278484,1663.1134720915586,418.19287654799354
1.228,2049.434836108181,1659.2502584513925,418.19287654799354
1.228,2049.434836108181,1659.2502584513925,418.19287654799354
1.229,2044.6058190579731,1656.3528482212678,429.78251746849224
1.229,2044.6058190579731,1656.3528482212678,429.78251746849224
1.247,2046.5374258780562,1653.455437991143,422.05609018815977
1.247,2046.5374258780562,1653.455437991143,422.05609018815977
1.268,2044.6058190579731,1656.3528482212678,423.02189359820136
1.268,2044.6058190579731,1656.3528482212678,423.02189359820136
1.289,2053.2980497483472,1663.1134720915586,416.2612697279105
1.289,2053.2980497483472,1663.1134720915586,416.2612697279105
1.332,2041.7084088278484,1659.2502584513925,417.227073137952
1.332,2041.7084088278484,1659.2502584513925,417.227073137952
1.332,2046.5374258780562,1654.4212414011847,416.2612697279105
1.333,2046.5374258780562,1654.4212414011847,416.2612697279105
1.354,2038.8109985977237,1665.045078911642,423.02189359820136
1.354,2038.8109985977237,1665.045078911642,423.02189359820136
1.372,2044.6058190579731,1652.4896345811017,404.67162880741176
1.372,2044.6058190579731,1652.4896345811017,404.67162880741176
1.393,2038.8109985977237,1661.1818652714755,419.1586799580351
1.394,2038.8109985977237,1661.1818652714755,419.1586799580351
1.394,2036.8793917776406,1658.2844550413508,414.32966290782736
1.394,2036.8793917776406,1658.2844550413508,414.32966290782736
1.415,2048.4690326981395,1655.3870448112261,425.919303828326
1.415,2048.4690326981395,1655.3870448112261,425.919303828326
1.435,2041.7084088278484,1660.2160618614341,423.9876970082429
1.435,2041.7084088278484,1660.2160618614341,423.9876970082429
1.457,2035.9135883675992,1652.4896345811017,418.19287654799354
1.457,2035.9135883675992,1652.4896345811017,418.19287654799354
1.479,2047.5032292880978,1655.3870448112261,422.05609018815977
1.479,2047.5032292880978,1655.3870448112261,422.05609018815977
1.502,2044.6058190579731,1657.3186516313094,419.1586799580351
1.502,2044.6058190579731,1657.3186516313094,419.1586799580351
1.522,2038.8109985977237,1656.3528482212678,416.2612697279105
1.522,2038.8109985977237,1656.3528482212678,416.2612697279105
1.542,2051.366442928264,1659.2502584513925,418.19287654799354
1.543,2051.366442928264,1659.2502584513925,418.19287654799354
1.563,2043.6400156479315,1654.4212414011847,416.2612697279105
1.563,2043.6400156479315,1654.4212414011847,416.2612697279105
1.563,2042.67421223789,1652.4896345811017,408.534842447578
1.563,2042.67421223789,1652.4896345811017,408.534842447578
1.584,2048.4690326981395,1659.2502584513925,414.32966290782736
1.584,2048.4690326981395,1659.2502584513925,414.32966290782736
1.605,2043.6400156479315,1660.2160618614341,439.4405515689078
1.605,2043.6400156479315,1660.2160618614341,439.4405515689078
1.627,2042.67421223789,1657.3186516313094,423.02189359820136
1.627,2042.67421223789,1657.3186516313094,423.02189359820136
1.647,2038.8109985977237,1653.455437991143,418.19287654799354
1.647,2038.8109985977237,1653.455437991143,418.19287654799354
1.668,2046.5374258780562,1657.3186516313094,420.12448336807665
1.668,2046.5374258780562,1657.3186516313094,420.12448336807665
1.691,2046.5374258780562,1657.3186516313094,427.8509106484091
1.691,2046.5374258780562,1657.3186516313094,427.8509106484091
1.711,2041.7084088278484,1663.1134720915586,421.09028677811824
1.711,2041.7084088278484,1663.1134720915586,421.09028677811824
1.731,2039.7768020077654,1657.3186516313094,421.09028677811824
1.731,2039.7768020077654,1657.3186516313094,421.09028677811824
1.732,2034.9477849575576,1655.3870448112261,421.09028677811824
1.732,2034.9477849575576,1655.3870448112261,421.09028677811824
1.752,2041.7084088278484,1656.3528482212678,423.02189359820136
1.752,2041.7084088278484,1656.3528482212678,423.02189359820136
1.772,2046.5374258780562,1664.0792755016003,419.1586799580351
1.772,2046.5374258780562,1664.0792755016003,419.1586799580351
1.794,2041.7084088278484,1657.3186516313094,408.534842447578
1.794,2041.7084088278484,1657.3186516313094,408.534842447578
1.815,2047.5032292880978,1658.2844550413508,416.2612697279105
1.815,2047.5032292880978,1658.2844550413508,416.2612697279105
1.837,2038.8109985977237,1653.455437991143,418.19287654799354
1.837,2038.8109985977237,1653.455437991143,418.19287654799354
1.859,2046.5374258780562,1656.3528482212678,414.32966290782736
1.859,2046.5374258780562,1656.3528482212678,414.32966290782736
1.88,2043.6400156479315,1658.2844550413508,424.9535004182844
1.88,2043.6400156479315,1658.2844550413508,424.9535004182844
1.899,2042.67421223789,1656.3528482212678,423.9876970082429
1.899,2042.67421223789,1656.3528482212678,423.9876970082429
1.9,2051.366442928264,1652.4896345811017,420.12448336807665
1.9,2051.366442928264,1652.4896345811017,420.12448336807665
1.921,2042.67421223789,1650.5580277610184,423.9876970082429
1.921,2042.67421223789,1650.5580277610184,423.9876970082429
1.941,2044.6058190579731,1661.1818652714755,422.05609018815977
1.941,2044.6058190579731,1661.1818652714755,422.05609018815977
1.962,2046.5374258780562,1659.2502584513925,421.09028677811824
1.962,2046.5374258780562,1659.2502584513925,421.09028677811824
2.004,2042.67421223789,1654.4212414011847,418.19287654799354
2.005,2042.67421223789,1654.4212414011847,418.19287654799354
2.005,2040.742605417807,1656.3528482212678,416.2612697279105
2.005,2040.742605417807,1656.3528482212678,416.2612697279105
2.025,2043.6400156479315,1660.2160618614341,410.4664492676611
2.025,2043.6400156479315,1660.2160618614341,410.4664492676611
2.045,2043.6400156479315,1658.2844550413508,417.227073137952
2.045,2043.6400156479315,1658.2844550413508,417.227073137952
2.066,2047.5032292880978,1657.3186516313094,417.227073137952
2.066,2047.5032292880978,1657.3186516313094,417.227073137952
2.066,2045.5716224680148,1661.1818652714755,412.39805608774424
2.066,2042.67421223789,1661.1818652714755,415.2954663178689
2.087,2045.5716224680148,1661.1818652714755,412.39805608774424
2.087,2042.67421223789,1661.1818652714755,415.2954663178689
2.107,2058.127066798555,1652.4896345811017,416.2612697279105
2.107,2058.127066798555,1652.4896345811017,416.2612697279105
2.128,2043.6400156479315,1659.2502584513925,421.09028677811824
2.129,2043.6400156479315,1659.2502584513925,421.09028677811824
2.15,2045.5716224680148,1658.2844550413508,420.12448336807665
2.15,2045.5716224680148,1658.2844550413508,420.12448336807665
2.171,2038.8109985977237,1662.1476686815172,416.2612697279105
2.171,2038.8109985977237,1662.1476686815172,416.2612697279105
2.192,2044.6058190579731,1661.1818652714755,422.05609018815977
2.192,2044.6058190579731,1661.1818652714755,422.05609018815977
2.216,2042.67421223789,1659.2502584513925,419.1586799580351
2.216,2042.67421223789,1659.2502584513925,419.1586799580351
2.234,2042.67421223789,1654.4212414011847,422.05609018815977
2.234,2042.67421223789,1654.4212414011847,422.05609018815977
2.234,2040.742605417807,1661.1818652714755,422.05609018815977
2.234,2040.742605417807,1661.1818652714755,422.05609018815977
2.255,2039.7768020077654,1662.1476686815172,411.43225267770265
2.255,2039.7768020077654,1662.1476686815172,411.43225267770265
2.276,2039.7768020077654,1654.4212414011847,423.9876970082429
2.276,2039.7768020077654,1654.4212414011847,423.9876970082429
2.299,2047.5032292880978,1660.2160618614341,415.2954663178689
2.299,2047.5032292880978,1660.2160618614341,415.2954663178689
2.322,2046.5374258780562,1662.1476686815172,421.09028677811824
2.322,2046.5374258780562,1662.1476686815172,421.09028677811824
2.342,2045.5716224680148,1658.2844550413508,417.227073137952
2.342,2045.5716224680148,1658.2844550413508,417.227073137952
2.385,2041.7084088278484,1661.1818652714755,408.534842447578
2.385,2041.7084088278484,1661.1818652714755,408.534842447578
2.385,2048.4690326981395,1655.3870448112261,419.1586799580351
2.385,2048.4690326981395,1655.3870448112261,419.1586799580351
2.406,2038.8109985977237,1654.4212414011847,421.09028677811824
2.406,2038.8109985977237,1654.4212414011847,421.09028677811824
2.406,2051.366442928264,1659.2502584513925,425.919303828326
2.406,2051.366442928264,1659.2502584513925,425.919303828326
2.426,2045.5716224680148,1661.1818652714755,418.19287654799354
2.426,2045.5716224680148,1661.1818652714755,418.19287654799354
2.447,2037.8451951876823,1656.3528482212678,412.39805608774424
2.447,2037.8451951876823,1656.3528482212678,412.39805608774424
2.468,2042.67421223789,1652.4896345811017,412.39805608774424
2.469,2042.67421223789,1652.4896345811017,412.39805608774424
2.489,2034.9477849575576,1654.4212414011847,421.09028677811824
2.489,2034.9477849575576,1654.4212414011847,421.09028677811824
2.511,2040.742605417807,1663.1134720915586,420.12448336807665
2.511,2040.742605417807,1663.1134720915586,420.12448336807665
2.532,2043.6400156479315,1658.2844550413508,416.2612697279105
2.532,2043.6400156479315,1658.2844550413508,416.2612697279105
2.553,2041.7084088278484,1655.3870448112261,419.1586799580351
2.553,2041.7084088278484,1655.3870448112261,419.1586799580351
2.573,2040.742605417807,1658.2844550413508,412.39805608774424
2.573,2040.742605417807,1658.2844550413508,412.39805608774424
2.575,2041.7084088278484,1662.1476686815172,421.09028677811824
2.575,2041.7084088278484,1662.1476686815172,421.09028677811824
2.592,2042.67421223789,1659.2502584513925,422.05609018815977
2.592,2042.67421223789,1659.2502584513925,422.05609018815977
2.614,2045.5716224680148,1655.3870448112261,421.09028677811824
2.614,2045.5716224680148,1655.3870448112261,421.09028677811824
2.636,2034.9477849575576,1658.2844550413508,417.227073137952
2.636,2034.9477849575576,1658.2844550413508,417.227073137952
2.655,2045.5716224680148,1650.5580277610184,417.227073137952
2.655,2045.5716224680148,1650.5580277610184,417.227073137952
2.676,2045.5716224680148,1658.2844550413508,422.05609018815977
2.676,2045.5716224680148,1658.2844550413508,422.05609018815977
2.696,2049.434836108181,1652.4896345811017,413.36385949778577
2.696,2049.434836108181,1652.4896345811017,413.36385949778577
2.718,2043.6400156479315,1657.3186516313094,424.9535004182844
2.718,2043.6400156479315,1657.3186516313094,424.9535004182844
2.738,2044.6058190579731,1660.2160618614341,424.9535004182844
2.738,2044.6058190579731,1660.2160618614341,424.9535004182844
2.738,2033.0161781374745,1656.3528482212678,420.12448336807665
2.738,2033.0161781374745,1656.3528482212678,420.12448336807665
2.759,2040.742605417807,1654.4212414011847,411.43225267770265
2.759,2040.742605417807,1654.4212414011847,411.43225267770265
2.78,2040.742605417807,1657.3186516313094,422.05609018815977
2.78,2040.742605417807,1657.3186516313094,422.05609018815977
2.801,2043.6400156479315,1657.3186516313094,417.227073137952
2.801,2043.6400156479315,1657.3186516313094,417.227073137952
2.822,2039.7768020077654,1660.2160618614341,417.227073137952
2.822,2039.7768020077654,1660.2160618614341,417.227073137952
2.842,2045.5716224680148,1659.2502584513925,416.2612697279105
2.842,2045.5716224680148,1659.2502584513925,416.2612697279105
2.863,2048.4690326981395,1658.2844550413508,422.05609018815977
2.863,2048.4690326981395,1658.2844550413508,422.05609018815977
2.884,2045.5716224680148,1658.2844550413508,425.919303828326
2.884,2045.5716224680148,1658.2844550413508,425.919303828326
2.904,2042.67421223789,1659.2502584513925,423.02189359820136
2.905,2042.67421223789,1659.2502584513925,423.02189359820136
2.905,2046.5374258780562,1661.1818652714755,421.09028677811824
2.905,2046.5374258780562,1661.1818652714755,421.09028677811824
2.927,2045.5716224680148,1659.2502584513925,416.2612697279105
2.927,2045.5716224680148,1659.2502584513925,416.2612697279105
2.949,2042.67421223789,1662.1476686815172,423.02189359820136
2.949,2042.67421223789,1662.1476686815172,423.02189359820136
2.969,2047.5032292880978,1649.592224350977,426.88510723836754
2.969,2047.5032292880978,1649.592224350977,426.88510723836754
2.989,2044.6058190579731,1655.3870448112261,424.9535004182844
2.989,2044.6058190579731,1655.3870448112261,424.9535004182844
3.01,2043.6400156479315,1663.1134720915586,422.05609018815977
3.01,2043.6400156479315,1663.1134720915586,422.05609018815977
3.03,2045.5716224680148,1662.1476686815172,419.1586799580351
3.03,2045.5716224680148,1662.1476686815172,419.1586799580351
3.051,2038.8109985977237,1654.4212414011847,410.4664492676611
3.051,2038.8109985977237,1654.4212414011847,410.4664492676611
3.075,2031.0845713173915,1662.1476686815172,412.39805608774424
3.075,2031.0845713173915,1662.1476686815172,412.39805608774424
3.075,2044.6058190579731,1662.1476686815172,414.32966290782736
3.075,2044.6058190579731,1662.1476686815172,414.32966290782736
3.097,2044.6058190579731,1656.3528482212678,422.05609018815977
3.097,2044.6058190579731,1656.3528482212678,422.05609018815977
3.117,2050.4006395182223,1656.3528482212678,420.12448336807665
3.117,2050.4006395182223,1656.3528482212678,420.12448336807665
3.139,2040.742605417807,1661.1818652714755,416.2612697279105
3.139,2040.742605417807,1661.1818652714755,416.2612697279105
3.16,2043.6400156479315,1666.0108823216833,423.02189359820136
3.16,2043.6400156479315,1666.0108823216833,423.02189359820136
3.18,2042.67421223789,1659.2502584513925,418.19287654799354
3.18,2042.67421223789,1659.2502584513925,418.19287654799354
3.202,2040.742605417807,1658.2844550413508,418.19287654799354
3.202,2040.742605417807,1658.2844550413508,418.19287654799354
3.246,2047.5032292880978,1654.4212414011847,417.227073137952
3.246,2047.5032292880978,1654.4212414011847,417.227073137952
3.247,2034.9477849575576,1660.2160618614341,413.36385949778577
3.247,2034.9477849575576,1660.2160618614341,413.36385949778577
3.247,2042.67421223789,1663.1134720915586,422.05609018815977
3.247,2042.67421223789,1663.1134720915586,422.05609018815977
3.267,2047.5032292880978,1655.3870448112261,421.09028677811824
3.267,2047.5032292880978,1655.3870448112261,421.09028677811824
3.287,2051.366442928264,1654.4212414011847,418.19287654799354
3.287,2051.366442928264,1654.4212414011847,418.19287654799354
3.307,2047.5032292880978,1661.1818652714755,421.09028677811824
3.308,2047.5032292880978,1661.1818652714755,421.09028677811824
3.328,2037.8451951876823,1656.3528482212678,415.2954663178689
3.328,2037.8451951876823,1656.3528482212678,415.2954663178689
3.349,2046.5374258780562,1655.3870448112261,411.43225267770265
3.349,2046.5374258780562,1655.3870448112261,411.43225267770265
3.37,2041.7084088278484,1661.1818652714755,423.02189359820136
3.37,2041.7084088278484,1661.1818652714755,423.02189359820136
3.39,2035.9135883675992,1659.2502584513925,423.02189359820136
3.39,2035.9135883675992,1659.2502584513925,423.02189359820136
3.411,2038.8109985977237,1663.1134720915586,421.09028677811824
3.411,2038.8109985977237,1663.1134720915586,421.09028677811824
3.412,2039.7768020077654,1660.2160618614341,423.02189359820136
3.412,2039.7768020077654,1660.2160618614341,423.02189359820136
3.433,2043.6400156479315,1654.4212414011847,408.534842447578
3.433,2043.6400156479315,1654.4212414011847,408.534842447578
3.453,2045.5716224680148,1660.2160618614341,418.19287654799354
3.453,2045.5716224680148,1660.2160618614341,418.19287654799354
3.475,2043.6400156479315,1661.1818652714755,427.8509106484091
3.475,2043.6400156479315,1661.1818652714755,427.8509106484091
3.495,2047.5032292880978,1659.2502584513925,424.9535004182844
3.495,2047.5032292880978,1659.2502584513925,424.9535004182844
3.515,2045.5716224680148,1661.1818652714755,409.5006458576196
3.515,2045.5716224680148,1661.1818652714755,409.5006458576196
3.536,2055.22965656843,1656.3528482212678,415.2954663178689
3.536,2055.22965656843,1656.3528482212678,415.2954663178689
3.558,2044.6058190579731,1662.1476686815172,420.12448336807665
3.558,2044.6058190579731,1662.1476686815172,420.12448336807665
3.578,2044.6058190579731,1661.1818652714755,426.88510723836754
3.578,2044.6058190579731,1661.1818652714755,426.88510723836754
3.578,2082.272152049594,1658.2844550413508,419.1586799580351
3.578,2082.272152049594,1658.2844550413508,419.1586799580351
3.598,2033.0161781374745,1654.4212414011847,411.43225267770265
3.599,2033.0161781374745,1654.4212414011847,411.43225267770265
3.62,2058.127066798555,1652.4896345811017,428.81671405845066
3.62,2058.127066798555,1652.4896345811017,428.81671405845066
3.639,2042.67421223789,1656.3528482212678,416.2612697279105
3.639,2042.67421223789,1656.3528482212678,416.2612697279105
3.661,2055.22965656843,1657.3186516313094,416.2612697279105
3.661,2055.22965656843,1657.3186516313094,416.2612697279105
3.681,2047.5032292880978,1652.4896345811017,421.09028677811824
3.681,2047.5032292880978,1652.4896345811017,421.09028677811824
3.701,2042.67421223789,1654.4212414011847,410.4664492676611
3.701,2042.67421223789,1654.4212414011847,410.4664492676611
3.724,2049.434836108181,1659.2502584513925,408.534842447578
3.724,2049.434836108181,1659.2502584513925,408.534842447578
3.746,2039.7768020077654,1661.1818652714755,419.1586799580351
3.746,2039.7768020077654,1661.1818652714755,419.1586799580351
3.747,2046.5374258780562,1658.2844550413508,420.12448336807665
3.747,2046.5374258780562,1658.2844550413508,420.12448336807665
3.767,2039.7768020077654,1657.3186516313094,421.09028677811824
3.767,2039.7768020077654,1657.3186516313094,421.09028677811824
3.787,2038.8109985977237,1660.2160618614341,419.1586799580351
3.787,2038.8109985977237,1660.2160618614341,419.1586799580351
3.807,2048.4690326981395,1665.045078911642,413.36385949778577
3.807,2048.4690326981395,1665.045078911642,413.36385949778577
3.828,2044.6058190579731,1658.2844550413508,422.05609018815977
3.828,2044.6058190579731,1658.2844550413508,422.05609018815977
3.849,2039.7768020077654,1663.1134720915586,424.9535004182844
3.85,2039.7768020077654,1663.1134720915586,424.9535004182844
3.87,2035.9135883675992,1652.4896345811017,419.1586799580351
3.87,2035.9135883675992,1652.4896345811017,419.1586799580351
3.892,2047.5032292880978,1660.2160618614341,422.05609018815977
3.892,2047.5032292880978,1660.2160618614341,422.05609018815977
3.916,2040.742605417807,1656.3528482212678,432.6799276986169
3.916,2040.742605417807,1656.3528482212678,432.6799276986169
3.917,2054.263853158389,1652.4896345811017,424.9535004182844
3.917,2054.263853158389,1652.4896345811017,424.9535004182844
3.956,2039.7768020077654,1657.3186516313094,419.1586799580351
3.956,2039.7768020077654,1657.3186516313094,419.1586799580351
3.956,2039.7768020077654,1658.2844550413508,417.227073137952
3.956,2039.7768020077654,1658.2844550413508,417.227073137952
3.974,2045.5716224680148,1661.1818652714755,422.05609018815977
3.974,2045.5716224680148,1661.1818652714755,422.05609018815977
3.995,2042.67421223789,1650.5580277610184,409.5006458576196
3.995,2042.67421223789,1650.5580277610184,409.5006458576196
4.016,2047.5032292880978,1658.2844550413508,412.39805608774424
4.016,2047.5032292880978,1658.2844550413508,412.39805608774424
4.038,2042.67421223789,1651.52383117106,426.88510723836754
4.038,2042.67421223789,1651.52383117106,426.88510723836754
4.059,2045.5716224680148,1665.045078911642,407.56903903753647
4.059,2045.5716224680148,1665.045078911642,407.56903903753647
4.078,2042.67421223789,1652.4896345811017,414.32966290782736
4.079,2042.67421223789,1652.4896345811017,414.32966290782736
4.079,2037.8451951876823,1656.3528482212678,423.9876970082429
4.079,2037.8451951876823,1656.3528482212678,423.9876970082429
4.1,2042.67421223789,1663.1134720915586,416.2612697279105
4.1,2042.67421223789,1663.1134720915586,416.2612697279105
4.12,2041.7084088278484,1665.045078911642,417.227073137952
4.12,2041.7084088278484,1665.045078911642,417.227073137952
4.141,2044.6058190579731,1657.3186516313094,410.4664492676611
4.141,2044.6058190579731,1657.3186516313094,410.4664492676611
4.162,2038.8109985977237,1664.0792755016003,424.9535004182844
4.162,2038.8109985977237,1664.0792755016003,424.9535004182844
4.183,2028.1871610872668,1666.976685731725,417.227073137952
4.183,2028.1871610872668,1666.976685731725,417.227073137952
4.203,2038.8109985977237,1658.2844550413508,415.2954663178689
4.203,2038.8109985977237,1658.2844550413508,415.2954663178689
4.224,2043.6400156479315,1661.1818652714755,423.9876970082429
4.224,2043.6400156479315,1661.1818652714755,423.9876970082429
4.245,2050.4006395182223,1657.3186516313094,414.32966290782736
4.245,2050.4006395182223,1657.3186516313094,414.32966290782736
4.245,2037.8451951876823,1662.1476686815172,412.39805608774424
4.245,2037.8451951876823,1662.1476686815172,412.39805608774424
4.265,2041.7084088278484,1657.3186516313094,412.39805608774424
4.265,2041.7084088278484,1657.3186516313094,412.39805608774424
4.286,2041.7084088278484,1656.3528482212678,418.19287654799354
4.286,2041.7084088278484,1656.3528482212678,418.19287654799354
4.308,2056.1954599784717,1657.3186516313094,435.57733792874154
4.308,2056.1954599784717,1657.3186516313094,435.57733792874154
4.328,2040.742605417807,1658.2844550413508,411.43225267770265
4.328,2040.742605417807,1658.2844550413508,411.43225267770265
4.351,2042.67421223789,1652.4896345811017,423.9876970082429
4.351,2042.67421223789,1652.4896345811017,423.9876970082429
4.37,2034.9477849575576,1657.3186516313094,428.81671405845066
4.37,2034.9477849575576,1657.3186516313094,428.81671405845066
4.391,2047.5032292880978,1656.3528482212678,419.1586799580351
4.391,2047.5032292880978,1656.3528482212678,419.1586799580351
4.412,2047.5032292880978,1654.4212414011847,423.02189359820136
4.412,2047.5032292880978,1654.4212414011847,423.02189359820136
4.412,2046.5374258780562,1662.1476686815172,415.2954663178689
4.412,2046.5374258780562,1662.1476686815172,415.2954663178689
4.432,2034.9477849575576,1658.2844550413508,401.7742185772871
4.432,2034.9477849575576,1658.2844550413508,401.7742185772871
4.454,2043.6400156479315,1662.1476686815172,417.227073137952
4.454,2043.6400156479315,1662.1476686815172,417.227073137952
4.475,2047.5032292880978,1650.5580277610184,421.09028677811824
4.475,2047.5032292880978,1650.5580277610184,421.09028677811824
4.495,2045.5716224680148,1663.1134720915586,421.09028677811824
4.495,2045.5716224680148,1663.1134720915586,421.09028677811824
4.517,2035.9135883675992,1658.2844550413508,417.227073137952
4.517,2035.9135883675992,1658.2844550413508,417.227073137952
4.537,2035.9135883675992,1665.045078911642,417.227073137952
4.537,2035.9135883675992,1665.045078911642,417.227073137952
4.557,2037.8451951876823,1651.52383117106,411.43225267770265
4.557,2037.8451951876823,1651.52383117106,411.43225267770265
4.578,2042.67421223789,1653.455437991143,423.02189359820136
4.578,2042.67421223789,1653.455437991143,423.02189359820136
4.578,2045.5716224680148,1663.1134720915586,421.09028677811824
4.578,2045.5716224680148,1663.1134720915586,421.09028677811824
4.598,2030.1187679073498,1656.3528482212678,415.2954663178689
4.598,2030.1187679073498,1656.3528482212678,415.2954663178689
4.62,2042.67421223789,1657.3186516313094,418.19287654799354
4.62,2042.67421223789,1657.3186516313094,418.19287654799354
4.643,2031.0845713173915,1655.3870448112261,416.2612697279105
4.643,2031.0845713173915,1655.3870448112261,416.2612697279105
4.662,2047.5032292880978,1660.2160618614341,424.9535004182844
4.662,2047.5032292880978,1660.2160618614341,424.9535004182844
4.683,2048.4690326981395,1658.2844550413508,414.32966290782736
4.683,2048.4690326981395,1658.2844550413508,414.32966290782736
4.703,2046.5374258780562,1657.3186516313094,417.227073137952
4.703,2046.5374258780562,1657.3186516313094,417.227073137952
4.723,2043.6400156479315,1656.3528482212678,412.39805608774424
4.723,2043.6400156479315,1656.3528482212678,412.39805608774424
4.766,2042.67421223789,1660.2160618614341,423.9876970082429
4.766,2042.67421223789,1660.2160618614341,423.9876970082429
4.766,2039.7768020077654,1661.1818652714755,417.227073137952
4.766,2039.7768020077654,1661.1818652714755,417.227073137952
4.767,2050.4006395182223,1655.3870448112261,420.12448336807665
4.767,2050.4006395182223,1655.3870448112261,420.12448336807665
4.785,2038.8109985977237,1658.2844550413508,424.9535004182844
4.785,2038.8109985977237,1658.2844550413508,424.9535004182844
4.806,2047.5032292880978,1660.2160618614341,416.2612697279105
4.807,2047.5032292880978,1660.2160618614341,416.2612697279105
4.827,2042.67421223789,1657.3186516313094,412.39805608774424
4.827,2042.67421223789,1657.3186516313094,412.39805608774424
4.848,2047.5032292880978,1662.1476686815172,421.09028677811824
4.848,2047.5032292880978,1662.1476686815172,421.09028677811824
4.868,2044.6058190579731,1656.3528482212678,412.39805608774424
4.868,2044.6058190579731,1656.3528482212678,412.39805608774424
4.891,2037.8451951876823,1656.3528482212678,412.39805608774424
4.891,2037.8451951876823,1656.3528482212678,412.39805608774424
4.911,2043.6400156479315,1661.1818652714755,427.8509106484091
4.911,2043.6400156479315,1661.1818652714755,427.8509106484091
4.912,2040.742605417807,1664.0792755016003,417.227073137952
4.912,2040.742605417807,1664.0792755016003,417.227073137952
4.952,2049.434836108181,1660.2160618614341,420.12448336807665
4.952,2049.434836108181,1660.2160618614341,420.12448336807665
4.952,2046.5374258780562,1657.3186516313094,422.05609018815977
4.954,2046.5374258780562,1657.3186516313094,422.05609018815977
4.973,2042.67421223789,1658.2844550413508,423.9876970082429
4.974,2042.67421223789,1658.2844550413508,423.9876970082429
4.996,2043.6400156479315,1658.2844550413508,409.5006458576196
4.996,2043.6400156479315,1658.2844550413508,409.5006458576196
5.016,2041.7084088278484,1657.3186516313094,419.1586799580351
5.016,2041.7084088278484,1657.3186516313094,419.1586799580351
5.037,2058.127066798555,1659.2502584513925,418.19287654799354
5.037,2058.127066798555,1659.2502584513925,418.19287654799354
5.057,2047.5032292880978,1666.976685731725,426.88510723836754
5.057,2047.5032292880978,1666.976685731725,426.88510723836754
5.079,2047.5032292880978,1663.1134720915586,420.12448336807665
5.079,2047.5032292880978,1663.1134720915586,420.12448336807665
5.079,2038.8109985977237,1654.4212414011847,417.227073137952
5.079,2038.8109985977237,1654.4212414011847,417.227073137952
5.099,2043.6400156479315,1656.3528482212678,423.02189359820136
5.099,2043.6400156479315,1656.3528482212678,423.02189359820136
5.142,2043.6400156479315,1658.2844550413508,421.09028677811824
5.142,2043.6400156479315,1658.2844550413508,421.09028677811824
5.142,2050.4006395182223,1659.2502584513925,425.919303828326
5.143,2050.4006395182223,1659.2502584513925,425.919303828326
5.162,2042.67421223789,1656.3528482212678,429.78251746849224
5.162,2042.67421223789,1656.3528482212678,429.78251746849224
5.183,2040.742605417807,1660.2160618614341,423.02189359820136
5.183,2040.742605417807,1660.2160618614341,423.02189359820136
5.204,2043.6400156479315,1659.2502584513925,423.9876970082429
5.204,2043.6400156479315,1659.2502584513925,423.9876970082429
5.225,2043.6400156479315,1664.0792755016003,430.7483208785338
5.225,2043.6400156479315,1664.0792755016003,430.7483208785338
5.247,2046.5374258780562,1660.2160618614341,426.88510723836754
5.247,2046.5374258780562,1660.2160618614341,426.88510723836754
5.247,2048.4690326981395,1666.976685731725,425.919303828326
5.248,2048.4690326981395,1666.976685731725,425.919303828326
5.266,2045.5716224680148,1654.4212414011847,430.7483208785338
5.266,2045.5716224680148,1654.4212414011847,430.7483208785338
5.288,2041.7084088278484,1652.4896345811017,428.81671405845066
5.288,2041.7084088278484,1652.4896345811017,428.81671405845066
5.308,2044.6058190579731,1662.1476686815172,427.8509106484091
5.308,2044.6058190579731,1662.1476686815172,427.8509106484091
5.329,2048.4690326981395,1668.908292551808,426.88510723836754
5.33,2048.4690326981395,1668.908292551808,426.88510723836754
5.35,2044.6058190579731,1672.7715061919741,431.71412428857536
5.35,2044.6058190579731,1672.7715061919741,431.71412428857536
5.371,2042.67421223789,1665.045078911642,438.47474815886625
5.371,2042.67421223789,1665.045078911642,438.47474815886625
5.393,2042.67421223789,1672.7715061919741,440.40635497894937
5.393,2042.67421223789,1672.7715061919741,440.40635497894937
5.409,2041.7084088278484,1683.3953437024313,438.47474815886625
5.41,2041.7084088278484,1683.3953437024313,438.47474815886625
5.41,2043.6400156479315,1724.9248903342182,442.3379617990324
5.41,2043.6400156479315,1724.9248903342182,442.3379617990324
5.43,2041.7084088278484,1737.4803346647584,438.47474815886625
5.43,2041.7084088278484,1737.4803346647584,438.47474815886625
5.453,2041.7084088278484,1729.753907384426,447.16697884924025
5.454,2041.7084088278484,1729.753907384426,447.16697884924025
5.473,2038.8109985977237,1721.061676694052,441.3721583889909
5.473,2038.8109985977237,1721.061676694052,441.3721583889909
5.494,2041.7084088278484,1722.993283514135,457.7908163596973
5.495,2041.7084088278484,1722.993283514135,457.7908163596973
5.517,2052.3322463383056,1729.753907384426,471.31206410027914
5.517,2052.3322463383056,1729.753907384426,471.31206410027914
5.536,2044.6058190579731,1726.8564971543015,448.1327822592818
5.536,2044.6058190579731,1726.8564971543015,448.1327822592818
5.557,2044.6058190579731,1726.8564971543015,450.0643890793649
5.557,2044.6058190579731,1726.8564971543015,450.0643890793649
5.578,2040.742605417807,1725.8906937442598,448.1327822592818
5.578,2040.742605417807,1725.8906937442598,448.1327822592818
5.578,2048.4690326981395,1733.6171210245923,459.72242317978044
5.578,2048.4690326981395,1733.6171210245923,459.72242317978044
5.6,2040.742605417807,1735.5487278446753,448.1327822592818
5.6,2040.742605417807,1735.5487278446753,448.1327822592818
5.621,2047.5032292880978,1738.4461380748,451.03019248940643
5.621,2047.5032292880978,1738.4461380748,451.03019248940643
5.641,2043.6400156479315,1734.5829244346337,451.995995899448
5.641,2043.6400156479315,1734.5829244346337,451.995995899448
5.662,2041.7084088278484,1728.7881039743845,451.03019248940643
5.662,2041.7084088278484,1728.7881039743845,451.03019248940643
5.682,2034.9477849575576,1725.8906937442598,452.96179930948955
5.682,2034.9477849575576,1725.8906937442598,452.96179930948955
5.704,2051.366442928264,1728.7881039743845,455.8592095396142
5.704,2051.366442928264,1728.7881039743845,455.8592095396142
5.724,2045.5716224680148,1729.753907384426,456.8250129496558
5.724,2045.5716224680148,1729.753907384426,456.8250129496558
5.744,2049.434836108181,1738.4461380748,455.8592095396142
5.744,2049.434836108181,1738.4461380748,455.8592095396142
5.745,2038.8109985977237,1730.7197107944676,450.0643890793649
5.745,2038.8109985977237,1730.7197107944676,450.0643890793649
5.765,2041.7084088278484,1729.753907384426,452.96179930948955
5.765,2041.7084088278484,1729.753907384426,452.96179930948955
5.806,2051.366442928264,1725.8906937442598,457.7908163596973
5.806,2051.366442928264,1725.8906937442598,457.7908163596973
5.806,2047.5032292880978,1728.7881039743845,447.16697884924025
5.806,2047.5032292880978,1728.7881039743845,447.16697884924025
5.827,2042.67421223789,1735.5487278446753,471.31206410027914
5.827,2042.67421223789,1735.5487278446753,471.31206410027914
5.848,2031.0845713173915,1728.7881039743845,455.8592095396142
5.848,2031.0845713173915,1728.7881039743845,455.8592095396142
5.868,2044.6058190579731,1729.753907384426,459.72242317978044
5.868,2044.6058190579731,1729.753907384426,459.72242317978044
5.889,2041.7084088278484,1734.5829244346337,460.688226589822
5.889,2041.7084088278484,1734.5829244346337,460.688226589822
5.909,2045.5716224680148,1727.8223005643429,447.16697884924025
5.909,2045.5716224680148,1727.8223005643429,447.16697884924025
5.909,2042.67421223789,1729.753907384426,452.96179930948955
5.909,2042.67421223789,1729.753907384426,452.96179930948955
5.93,2038.8109985977237,1734.5829244346337,451.995995899448
5.93,2038.8109985977237,1734.5829244346337,451.995995899448
5.951,2038.8109985977237,1729.753907384426,453.92760271953114
5.951,2038.8109985977237,1729.753907384426,453.92760271953114
5.97,2044.6058190579731,1727.8223005643429,457.7908163596973
5.97,2044.6058190579731,1727.8223005643429,457.7908163596973
5.99,2039.7768020077654,1724.9248903342182,450.0643890793649
5.991,2039.7768020077654,1724.9248903342182,450.0643890793649
6.012,2039.7768020077654,1734.5829244346337,454.89340612957267
6.012,2039.7768020077654,1734.5829244346337,454.89340612957267
6.034,2045.5716224680148,1738.4461380748,458.7566197697389
6.034,2045.5716224680148,1738.4461380748,458.7566197697389
6.054,2039.7768020077654,1733.6171210245923,451.03019248940643
6.054,2039.7768020077654,1733.6171210245923,451.03019248940643
6.075,2042.67421223789,1734.5829244346337,458.7566197697389
6.075,2042.67421223789,1734.5829244346337,458.7566197697389
6.075,2043.6400156479315,1722.0274801040937,454.89340612957267
6.075,2043.6400156479315,1722.0274801040937,454.89340612957267
6.096,2039.7768020077654,1732.6513176145506,452.96179930948955
6.096,2039.7768020077654,1732.6513176145506,452.96179930948955
6.117,2048.4690326981395,1734.5829244346337,458.7566197697389
6.117,2048.4690326981395,1734.5829244346337,458.7566197697389
6.138,2041.7084088278484,1736.514531254717,452.96179930948955
6.138,2041.7084088278484,1736.514531254717,452.96179930948955
6.158,2047.5032292880978,1729.753907384426,467.4488504601129
6.158,2047.5032292880978,1729.753907384426,467.4488504601129
6.18,2041.7084088278484,1733.6171210245923,448.1327822592818
6.18,2041.7084088278484,1733.6171210245923,448.1327822592818
6.201,2043.6400156479315,1731.6855142045092,457.7908163596973
6.201,2043.6400156479315,1731.6855142045092,457.7908163596973
6.223,2050.4006395182223,1738.4461380748,442.3379617990324
6.223,2050.4006395182223,1738.4461380748,442.3379617990324
6.243,2043.6400156479315,1737.4803346647584,463.58563681994667
6.244,2043.6400156479315,1737.4803346647584,463.58563681994667
6.244,2032.0503747274329,1739.4119414848415,457.7908163596973
6.244,2032.0503747274329,1739.4119414848415,457.7908163596973
6.264,2042.67421223789,1734.5829244346337,452.96179930948955
6.264,2042.67421223789,1734.5829244346337,452.96179930948955
6.284,2038.8109985977237,1729.753907384426,455.8592095396142
6.284,2038.8109985977237,1729.753907384426,455.8592095396142
6.308,2040.742605417807,1727.8223005643429,456.8250129496558
6.308,2040.742605417807,1727.8223005643429,456.8250129496558
6.326,2035.9135883675992,1728.7881039743845,452.96179930948955
6.326,2035.9135883675992,1728.7881039743845,452.96179930948955
6.347,2041.7084088278484,1732.6513176145506,458.7566197697389
6.347,2041.7084088278484,1732.6513176145506,458.7566197697389
6.368,2038.8109985977237,1735.5487278446753,447.16697884924025
6.368,2038.8109985977237,1735.5487278446753,447.16697884924025
6.388,2040.742605417807,1727.8223005643429,446.20117543919866
6.388,2040.742605417807,1727.8223005643429,446.20117543919866
6.409,2047.5032292880978,1729.753907384426,457.7908163596973
6.409,2047.5032292880978,1729.753907384426,457.7908163596973
6.409,2041.7084088278484,1729.753907384426,451.995995899448
6.409,2041.7084088278484,1729.753907384426,451.995995899448
6.43,2039.7768020077654,1734.5829244346337,459.72242317978044
6.43,2039.7768020077654,1734.5829244346337,459.72242317978044
6.472,2042.67421223789,1733.6171210245923,452.96179930948955
6.472,2042.67421223789,1733.6171210245923,452.96179930948955
6.472,2034.9477849575576,1738.4461380748,455.8592095396142
6.472,2034.9477849575576,1738.4461380748,455.8592095396142
6.493,2049.434836108181,1727.8223005643429,450.0643890793649
6.493,2049.434836108181,1727.8223005643429,450.0643890793649
6.513,2046.5374258780562,1730.7197107944676,451.995995899448
6.513,2046.5374258780562,1730.7197107944676,451.995995899448
6.534,2048.4690326981395,1735.5487278446753,458.7566197697389
6.534,2048.4690326981395,1735.5487278446753,458.7566197697389
6.555,2045.5716224680148,1732.6513176145506,461.65402999986355
6.555,2045.5716224680148,1732.6513176145506,461.65402999986355
6.577,2040.742605417807,1735.5487278446753,457.7908163596973
6.577,2040.742605417807,1735.5487278446753,457.7908163596973
6.578,2034.9477849575576,1726.8564971543015,450.0643890793649
6.578,2034.9477849575576,1726.8564971543015,450.0643890793649
6.597,2044.6058190579731,1735.5487278446753,460.688226589822
6.597,2044.6058190579731,1735.5487278446753,460.688226589822
6.617,2039.7768020077654,1727.8223005643429,452.96179930948955
6.617,2039.7768020077654,1727.8223005643429,452.96179930948955
6.637,2044.6058190579731,1728.7881039743845,451.995995899448
6.638,2044.6058190579731,1728.7881039743845,451.995995899448
6.659,2039.7768020077654,1729.753907384426,454.89340612957267
6.659,2039.7768020077654,1729.753907384426,454.89340612957267
6.679,2041.7084088278484,1737.4803346647584,451.995995899448
6.679,2041.7084088278484,1737.4803346647584,451.995995899448
6.702,2038.8109985977237,1735.5487278446753,453.92760271953114
6.702,2038.8109985977237,1735.5487278446753,453.92760271953114
6.72,2033.981981547516,1729.753907384426,448.1327822592818
6.72,2033.981981547516,1729.753907384426,448.1327822592818
6.741,2041.7084088278484,1733.6171210245923,445.23537202915713
6.741,2041.7084088278484,1733.6171210245923,445.23537202915713
6.741,2039.7768020077654,1734.5829244346337,447.16697884924025
6.741,2039.7768020077654,1734.5829244346337,447.16697884924025
6.764,2052.3322463383056,1728.7881039743845,446.20117543919866
6.764,2052.3322463383056,1728.7881039743845,446.20117543919866
6.782,2044.6058190579731,1731.6855142045092,455.8592095396142
6.783,2044.6058190579731,1731.6855142045092,455.8592095396142
6.804,2047.5032292880978,1735.5487278446753,465.5172436400298
6.804,2047.5032292880978,1735.5487278446753,465.5172436400298
6.826,2035.9135883675992,1732.6513176145506,444.26956861911555
6.826,2035.9135883675992,1732.6513176145506,444.26956861911555
6.846,2037.8451951876823,1729.753907384426,455.8592095396142
6.846,2037.8451951876823,1729.753907384426,455.8592095396142
6.866,2047.5032292880978,1740.377744894883,458.7566197697389
6.866,2047.5032292880978,1740.377744894883,458.7566197697389
6.887,2041.7084088278484,1734.5829244346337,457.7908163596973
6.887,2041.7084088278484,1734.5829244346337,457.7908163596973
6.907,2037.8451951876823,1737.4803346647584,453.92760271953114
6.907,2037.8451951876823,1737.4803346647584,453.92760271953114
6.907,2038.8109985977237,1743.2751551250078,455.8592095396142
6.908,2038.8109985977237,1743.2751551250078,455.8592095396142
6.928,2043.6400156479315,1739.4119414848415,446.20117543919866
6.928,2043.6400156479315,1739.4119414848415,446.20117543919866
6.948,2045.5716224680148,1729.753907384426,454.89340612957267
6.948,2045.5716224680148,1729.753907384426,454.89340612957267
6.968,2047.5032292880978,1735.5487278446753,451.03019248940643
6.968,2047.5032292880978,1735.5487278446753,451.03019248940643
6.992,2045.5716224680148,1734.5829244346337,451.995995899448
6.992,2045.5716224680148,1734.5829244346337,451.995995899448
7.033,2047.5032292880978,1729.753907384426,448.1327822592818
7.033,2047.5032292880978,1729.753907384426,448.1327822592818
7.033,2037.8451951876823,1731.6855142045092,452.96179930948955
7.033,2037.8451951876823,1731.6855142045092,452.96179930948955
7.054,2043.6400156479315,1724.9248903342182,443.303765209074
7.054,2043.6400156479315,1724.9248903342182,443.303765209074
7.077,2038.8109985977237,1735.5487278446753,459.72242317978044
7.077,2038.8109985977237,1735.5487278446753,459.72242317978044
7.077,2060.058673618638,1728.7881039743845,475.1752777404453
7.077,2060.058673618638,1728.7881039743845,475.1752777404453
7.097,2049.434836108181,1734.5829244346337,457.7908163596973
7.097,2049.434836108181,1734.5829244346337,457.7908163596973
7.117,2037.8451951876823,1729.753907384426,456.8250129496558
7.117,2037.8451951876823,1729.753907384426,456.8250129496558
7.137,2048.4690326981395,1729.753907384426,453.92760271953114
7.138,2048.4690326981395,1729.753907384426,453.92760271953114
7.159,2031.0845713173915,1729.753907384426,451.995995899448
7.159,2031.0845713173915,1729.753907384426,451.995995899448
7.179,2049.434836108181,1735.5487278446753,466.4830470500713
7.179,2049.434836108181,1735.5487278446753,466.4830470500713
7.201,2036.8793917776406,1733.6171210245923,458.7566197697389
7.201,2036.8793917776406,1733.6171210245923,458.7566197697389
7.223,2044.6058190579731,1729.753907384426,449.0985856693233
7.223,2044.6058190579731,1729.753907384426,449.0985856693233
7.243,2044.6058190579731,1725.8906937442598,454.89340612957267
7.243,2044.6058190579731,1725.8906937442598,454.89340612957267
7.243,2042.67421223789,1727.8223005643429,456.8250129496558
7.243,2042.67421223789,1727.8223005643429,456.8250129496558
7.264,2045.5716224680148,1729.753907384426,456.8250129496558
7.264,2045.5716224680148,1729.753907384426,456.8250129496558
7.285,2035.9135883675992,1737.4803346647584,442.3379617990324
7.285,2035.9135883675992,1737.4803346647584,442.3379617990324
7.306,2033.981981547516,1734.5829244346337,451.995995899448
7.306,2033.981981547516,1734.5829244346337,451.995995899448
7.322,2039.7768020077654,1730.7197107944676,445.23537202915713
7.323,2039.7768020077654,1730.7197107944676,445.23537202915713
7.344,2047.5032292880978,1732.6513176145506,462.61983340990514
7.344,2047.5032292880978,1732.6513176145506,462.61983340990514
7.364,2046.5374258780562,1737.4803346647584,457.7908163596973
7.364,2046.5374258780562,1737.4803346647584,457.7908163596973
7.386,2042.67421223789,1734.5829244346337,450.0643890793649
7.386,2042.67421223789,1734.5829244346337,450.0643890793649
7.406,2045.5716224680148,1732.6513176145506,452.96179930948955
7.406,2045.5716224680148,1732.6513176145506,452.96179930948955
7.407,2036.8793917776406,1735.5487278446753,447.16697884924025
7.407,2036.8793917776406,1735.5487278446753,447.16697884924025
7.428,2049.434836108181,1736.514531254717,450.0643890793649
7.428,2049.434836108181,1736.514531254717,450.0643890793649
7.449,2036.8793917776406,1730.7197107944676,457.7908163596973
7.449,2036.8793917776406,1730.7197107944676,457.7908163596973
7.468,2040.742605417807,1737.4803346647584,455.8592095396142
7.468,2040.742605417807,1737.4803346647584,455.8592095396142
7.489,2044.6058190579731,1732.6513176145506,452.96179930948955
7.489,2044.6058190579731,1732.6513176145506,452.96179930948955
7.509,2047.5032292880978,1732.6513176145506,445.23537202915713
7.509,2047.5032292880978,1732.6513176145506,445.23537202915713
7.53,2042.67421223789,1725.8906937442598,455.8592095396142
7.53,2042.67421223789,1725.8906937442598,455.8592095396142
7.552,2044.6058190579731,1735.5487278446753,457.7908163596973
7.552,2044.6058190579731,1735.5487278446753,457.7908163596973
7.573,2049.434836108181,1728.7881039743845,452.96179930948955
7.573,2049.434836108181,1728.7881039743845,452.96179930948955
7.573,2047.5032292880978,1733.6171210245923,454.89340612957267
7.573,2047.5032292880978,1733.6171210245923,454.89340612957267
7.595,2042.67421223789,1736.514531254717,451.03019248940643
7.595,2042.67421223789,1736.514531254717,451.03019248940643
7.615,2046.5374258780562,1735.5487278446753,454.89340612957267
7.615,2046.5374258780562,1735.5487278446753,454.89340612957267
7.637,2047.5032292880978,1727.8223005643429,467.4488504601129
7.637,2047.5032292880978,1727.8223005643429,467.4488504601129
7.658,2049.434836108181,1741.3435483049248,451.995995899448
7.658,2049.434836108181,1741.3435483049248,451.995995899448
7.678,2030.1187679073498,1729.753907384426,453.92760271953114
7.678,2030.1187679073498,1729.753907384426,453.92760271953114
7.701,2036.8793917776406,1724.9248903342182,457.7908163596973
7.701,2036.8793917776406,1724.9248903342182,457.7908163596973
7.722,2050.4006395182223,1727.8223005643429,456.8250129496558
7.722,2050.4006395182223,1727.8223005643429,456.8250129496558
7.743,2048.4690326981395,1729.753907384426,456.8250129496558
7.743,2048.4690326981395,1729.753907384426,456.8250129496558
7.762,2046.5374258780562,1735.5487278446753,459.72242317978044
7.762,2046.5374258780562,1735.5487278446753,459.72242317978044
7.783,2044.6058190579731,1729.753907384426,449.0985856693233
7.783,2044.6058190579731,1729.753907384426,449.0985856693233
7.783,2039.7768020077654,1728.7881039743845,451.995995899448
7.783,2039.7768020077654,1728.7881039743845,451.995995899448
7.805,2044.6058190579731,1743.2751551250078,463.58563681994667
7.805,2044.6058190579731,1743.2751551250078,463.58563681994667
7.824,2036.8793917776406,1735.5487278446753,448.1327822592818
7.824,2036.8793917776406,1735.5487278446753,448.1327822592818
7.844,2044.6058190579731,1738.4461380748,451.995995899448
7.844,2044.6058190579731,1738.4461380748,451.995995899448
7.886,2036.8793917776406,1729.753907384426,443.303765209074
7.886,2036.8793917776406,1729.753907384426,443.303765209074
7.886,2040.742605417807,1724.9248903342182,455.8592095396142
7.886,2040.742605417807,1724.9248903342182,455.8592095396142
7.906,2047.5032292880978,1735.5487278446753,461.65402999986355
7.906,2047.5032292880978,1735.5487278446753,461.65402999986355
7.906,2039.7768020077654,1734.5829244346337,463.58563681994667
7.906,2039.7768020077654,1734.5829244346337,463.58563681994667
7.927,2043.6400156479315,1730.7197107944676,455.8592095396142
7.927,2043.6400156479315,1730.7197107944676,455.8592095396142
7.948,2043.6400156479315,1734.5829244346337,453.92760271953114
7.948,2043.6400156479315,1734.5829244346337,453.92760271953114
7.968,2038.8109985977237,1727.8223005643429,470.34626069023756
7.968,2038.8109985977237,1727.8223005643429,470.34626069023756
7.99,2038.8109985977237,1735.5487278446753,460.688226589822
7.99,2038.8109985977237,1735.5487278446753,460.688226589822
8.011,2043.6400156479315,1743.2751551250078,457.7908163596973
8.012,2043.6400156479315,1743.2751551250078,457.7908163596973
8.033,2042.67421223789,1733.6171210245923,451.03019248940643
8.033,2042.67421223789,1733.6171210245923,451.03019248940643
8.054,2048.4690326981395,1731.6855142045092,451.03019248940643
8.054,2048.4690326981395,1731.6855142045092,451.03019248940643
8.075,2044.6058190579731,1727.8223005643429,446.20117543919866
8.075,2044.6058190579731,1727.8223005643429,446.20117543919866
8.075,2039.7768020077654,1735.5487278446753,458.7566197697389
8.076,2039.7768020077654,1735.5487278446753,458.7566197697389
8.096,2044.6058190579731,1733.6171210245923,456.8250129496558
8.096,2044.6058190579731,1733.6171210245923,456.8250129496558
8.116,2048.4690326981395,1727.8223005643429,455.8592095396142
8.116,2048.4690326981395,1727.8223005643429,455.8592095396142
8.138,2043.6400156479315,1734.5829244346337,455.8592095396142
8.138,2043.6400156479315,1734.5829244346337,455.8592095396142
8.179,2045.5716224680148,1737.4803346647584,448.1327822592818
8.179,2045.5716224680148,1737.4803346647584,448.1327822592818
8.179,2037.8451951876823,1733.6171210245923,457.7908163596973
8.179,2037.8451951876823,1733.6171210245923,457.7908163596973
8.198,2040.742605417807,1743.2751551250078,452.96179930948955
8.198,2040.742605417807,1743.2751551250078,452.96179930948955
8.219,2043.6400156479315,1731.6855142045092,465.5172436400298
8.219,2043.6400156479315,1731.6855142045092,465.5172436400298
8.24,2045.5716224680148,1734.5829244346337,453.92760271953114
8.241,2045.5716224680148,1734.5829244346337,453.92760271953114
8.241,2038.8109985977237,1738.4461380748,447.16697884924025
8.241,2038.8109985977237,1738.4461380748,447.16697884924025
8.261,2037.8451951876823,1729.753907384426,452.96179930948955
8.261,2037.8451951876823,1729.753907384426,452.96179930948955
8.28,2039.7768020077654,1734.5829244346337,453.92760271953114
8.28,2039.7768020077654,1734.5829244346337,453.92760271953114
8.301,2033.981981547516,1728.7881039743845,449.0985856693233
8.301,2033.981981547516,1728.7881039743845,449.0985856693233
8.321,2038.8109985977237,1737.4803346647584,442.3379617990324
8.321,2038.8109985977237,1737.4803346647584,442.3379617990324
8.343,2038.8109985977237,1731.6855142045092,447.16697884924025
8.344,2038.8109985977237,1731.6855142045092,447.16697884924025
8.362,2048.4690326981395,1735.5487278446753,467.4488504601129
8.362,2048.4690326981395,1735.5487278446753,467.4488504601129
8.382,2041.7084088278484,1734.5829244346337,463.58563681994667
8.382,2041.7084088278484,1734.5829244346337,463.58563681994667
8.405,2052.3322463383056,1722.0274801040937,460.688226589822
8.405,2052.3322463383056,1722.0274801040937,460.688226589822
8.405,2039.7768020077654,1734.5829244346337,451.995995899448
8.405,2039.7768020077654,1734.5829244346337,451.995995899448
8.425,2043.6400156479315,1734.5829244346337,445.23537202915713
8.425,2043.6400156479315,1734.5829244346337,445.23537202915713
8.446,2038.8109985977237,1734.5829244346337,462.61983340990514
8.446,2038.8109985977237,1734.5829244346337,462.61983340990514
8.468,2043.6400156479315,1741.3435483049248,458.7566197697389
8.468,2043.6400156479315,1741.3435483049248,458.7566197697389
8.489,2046.5374258780562,1739.4119414848415,453.92760271953114
8.49,2046.5374258780562,1739.4119414848415,453.92760271953114
8.511,2039.7768020077654,1735.5487278446753,449.0985856693233
8.512,2039.7768020077654,1735.5487278446753,449.0985856693233
8.533,2039.7768020077654,1733.6171210245923,447.16697884924025
8.533,2039.7768020077654,1733.6171210245923,447.16697884924025
8.552,2047.5032292880978,1736.514531254717,454.89340612957267
8.552,2047.5032292880978,1736.514531254717,454.89340612957267
8.573,2044.6058190579731,1732.6513176145506,472.2778675103207
8.573,2044.6058190579731,1732.6513176145506,472.2778675103207
8.573,2038.8109985977237,1731.6855142045092,457.7908163596973
8.573,2038.8109985977237,1731.6855142045092,457.7908163596973
8.592,2041.7084088278484,1738.4461380748,453.92760271953114
8.592,2041.7084088278484,1738.4461380748,453.92760271953114
8.613,2042.67421223789,1738.4461380748,468.41465387015444
8.613,2042.67421223789,1738.4461380748,468.41465387015444
8.637,2047.5032292880978,1735.5487278446753,472.2778675103207
8.637,2047.5032292880978,1735.5487278446753,472.2778675103207
8.658,2034.9477849575576,1746.1725653551325,456.8250129496558
8.658,2034.9477849575576,1746.1725653551325,456.8250129496558
8.679,2039.7768020077654,1733.6171210245923,451.995995899448
8.679,2039.7768020077654,1733.6171210245923,451.995995899448
8.701,2037.8451951876823,1739.4119414848415,450.0643890793649
8.701,2037.8451951876823,1739.4119414848415,450.0643890793649
8.723,2036.8793917776406,1732.6513176145506,441.3721583889909
8.723,2036.8793917776406,1732.6513176145506,441.3721583889909
8.743,2046.5374258780562,1729.753907384426,457.7908163596973
8.743,2046.5374258780562,1729.753907384426,457.7908163596973
8.743,2049.434836108181,1734.5829244346337,468.41465387015444
8.743,2049.434836108181,1734.5829244346337,468.41465387015444
8.764,2046.5374258780562,1739.4119414848415,463.58563681994667
8.764,2046.5374258780562,1739.4119414848415,463.58563681994667
8.785,2047.5032292880978,1736.514531254717,454.89340612957267
8.785,2047.5032292880978,1736.514531254717,454.89340612957267
8.806,2031.0845713173915,1729.753907384426,462.61983340990514
8.806,2031.0845713173915,1729.753907384426,462.61983340990514
8.826,2043.6400156479315,1722.0274801040937,457.7908163596973
8.826,2043.6400156479315,1722.0274801040937,457.7908163596973
8.847,2044.6058190579731,1729.753907384426,466.4830470500713
8.847,2044.6058190579731,1729.753907384426,466.4830470500713
8.867,2047.5032292880978,1727.8223005643429,461.65402999986355
8.867,2047.5032292880978,1727.8223005643429,461.65402999986355
8.889,2040.742605417807,1736.514531254717,451.03019248940643
8.889,2040.742605417807,1736.514531254717,451.03019248940643
8.908,2037.8451951876823,1734.5829244346337,443.303765209074
8.908,2037.8451951876823,1734.5829244346337,443.303765209074
8.928,2047.5032292880978,1744.2409585350495,453.92760271953114
8.928,2047.5032292880978,1744.2409585350495,453.92760271953114
8.928,2034.9477849575576,1729.753907384426,463.58563681994667
8.928,2034.9477849575576,1729.753907384426,463.58563681994667
8.95,2043.6400156479315,1729.753907384426,455.8592095396142
8.95,2043.6400156479315,1729.753907384426,455.8592095396142
8.969,2051.366442928264,1726.8564971543015,447.16697884924025
8.969,2051.366442928264,1726.8564971543015,447.16697884924025
8.991,2044.6058190579731,1729.753907384426,447.16697884924025
8.991,2044.6058190579731,1729.753907384426,447.16697884924025
9.012,2047.5032292880978,1732.6513176145506,452.96179930948955
9.012,2047.5032292880978,1732.6513176145506,452.96179930948955
9.032,2042.67421223789,1727.8223005643429,450.0643890793649
9.032,2042.67421223789,1727.8223005643429,450.0643890793649
9.053,2041.7084088278484,1727.8223005643429,439.4405515689078
9.053,2041.7084088278484,1727.8223005643429,439.4405515689078
9.074,2039.7768020077654,1731.6855142045092,452.96179930948955
9.074,2039.7768020077654,1731.6855142045092,452.96179930948955
9.074,2034.9477849575576,1734.5829244346337,451.03019248940643
9.074,2034.9477849575576,1734.5829244346337,451.03019248940643
9.096,2042.67421223789,1737.4803346647584,461.65402999986355
9.096,2042.67421223789,1737.4803346647584,461.65402999986355
9.118,2036.8793917776406,1723.9590869241767,450.0643890793649
9.118,2036.8793917776406,1723.9590869241767,450.0643890793649
9.138,2037.8451951876823,1736.514531254717,446.20117543919866
9.138,2037.8451951876823,1736.514531254717,446.20117543919866
9.159,2039.7768020077654,1734.5829244346337,450.0643890793649
9.159,2039.7768020077654,1734.5829244346337,450.0643890793649
9.18,2043.6400156479315,1728.7881039743845,457.7908163596973
9.18,2043.6400156479315,1728.7881039743845,457.7908163596973
9.201,2043.6400156479315,1736.514531254717,445.23537202915713
9.201,2043.6400156479315,1736.514531254717,445.23537202915713
9.221,2042.67421223789,1734.5829244346337,455.8592095396142
9.221,2042.67421223789,1734.5829244346337,455.8592095396142
9.245,2034.9477849575576,1740.377744894883,445.23537202915713
9.245,2034.9477849575576,1740.377744894883,445.23537202915713
9.245,2042.67421223789,1736.514531254717,453.92760271953114
9.245,2042.67421223789,1736.514531254717,453.92760271953114
9.263,2038.8109985977237,1738.4461380748,457.7908163596973
9.263,2038.8109985977237,1738.4461380748,457.7908163596973
9.285,2035.9135883675992,1729.753907384426,451.03019248940643
9.285,2035.9135883675992,1729.753907384426,451.03019248940643
9.305,2039.7768020077654,1726.8564971543015,448.1327822592818
9.305,2039.7768020077654,1726.8564971543015,448.1327822592818
9.325,2050.4006395182223,1738.4461380748,447.16697884924025
9.325,2050.4006395182223,1738.4461380748,447.16697884924025
9.346,2042.67421223789,1727.8223005643429,449.0985856693233
9.346,2042.67421223789,1727.8223005643429,449.0985856693233
9.366,2036.8793917776406,1727.8223005643429,455.8592095396142
9.366,2036.8793917776406,1727.8223005643429,455.8592095396142
9.388,2044.6058190579731,1729.753907384426,450.0643890793649
9.388,2044.6058190579731,1729.753907384426,450.0643890793649
9.408,2043.6400156479315,1758.7280096856728,457.7908163596973
9.408,2043.6400156479315,1758.7280096856728,457.7908163596973
9.408,2038.8109985977237,1750.0357789952986,451.995995899448
9.408,2038.8109985977237,1750.0357789952986,451.995995899448
9.429,2042.67421223789,1705.608822133387,447.16697884924025
9.429,2042.67421223789,1705.608822133387,447.16697884924025
9.45,2040.742605417807,1682.42954029239,457.7908163596973
9.45,2040.742605417807,1682.42954029239,457.7908163596973
9.47,2048.4690326981395,1678.5663266522236,446.20117543919866
9.47,2048.4690326981395,1678.5663266522236,446.20117543919866
9.491,2043.6400156479315,1669.8740959618497,444.26956861911555
9.491,2043.6400156479315,1669.8740959618497,444.26956861911555
9.512,2050.4006395182223,1676.6347198321405,447.16697884924025
9.512,2050.4006395182223,1676.6347198321405,447.16697884924025
9.532,2043.6400156479315,1664.0792755016003,451.03019248940643
9.532,2043.6400156479315,1664.0792755016003,451.03019248940643
9.552,2043.6400156479315,1659.2502584513925,451.03019248940643
9.552,2043.6400156479315,1659.2502584513925,451.03019248940643
9.573,2043.6400156479315,1665.045078911642,450.0643890793649
9.573,2043.6400156479315,1665.045078911642,450.0643890793649
9.573,2040.742605417807,1661.1818652714755,456.8250129496558
9.574,2040.742605417807,1661.1818652714755,456.8250129496558
9.593,2047.5032292880978,1653.455437991143,462.61983340990514
9.593,2047.5032292880978,1653.455437991143,462.61983340990514
9.616,2047.5032292880978,1662.1476686815172,427.8509106484091
9.616,2047.5032292880978,1662.1476686815172,427.8509106484091
9.635,2038.8109985977237,1666.976685731725,413.36385949778577
9.635,2038.8109985977237,1666.976685731725,413.36385949778577
9.656,2047.5032292880978,1666.0108823216833,427.8509106484091
9.656,2047.5032292880978,1666.0108823216833,427.8509106484091
9.677,2043.6400156479315,1663.1134720915586,433.6457311086584
9.678,2043.6400156479315,1663.1134720915586,433.6457311086584
9.697,2048.4690326981395,1666.0108823216833,423.9876970082429
9.697,2048.4690326981395,1666.0108823216833,423.9876970082429
9.719,2047.5032292880978,1664.0792755016003,425.919303828326
9.719,2047.5032292880978,1664.0792755016003,425.919303828326
9.74,2040.742605417807,1670.839899371891,429.78251746849224
9.74,2040.742605417807,1670.839899371891,429.78251746849224
9.74,2049.434836108181,1665.045078911642,420.12448336807665
9.74,2049.434836108181,1665.045078911642,420.12448336807665
9.781,2043.6400156479315,1667.9424891417664,420.12448336807665
9.781,2043.6400156479315,1667.9424891417664,420.12448336807665
9.781,2052.3322463383056,1650.5580277610184,419.1586799580351
9.781,2052.3322463383056,1650.5580277610184,419.1586799580351
9.801,2041.7084088278484,1663.1134720915586,424.9535004182844
9.801,2041.7084088278484,1663.1134720915586,424.9535004182844
9.822,2038.8109985977237,1660.2160618614341,427.8509106484091
9.822,2038.8109985977237,1660.2160618614341,427.8509106484091
9.843,2047.5032292880978,1663.1134720915586,422.05609018815977
9.843,2047.5032292880978,1663.1134720915586,422.05609018815977
9.865,2048.4690326981395,1672.7715061919741,430.7483208785338
9.865,2048.4690326981395,1672.7715061919741,430.7483208785338
9.885,2036.8793917776406,1666.976685731725,424.9535004182844
9.885,2036.8793917776406,1666.976685731725,424.9535004182844
9.907,2045.5716224680148,1666.976685731725,423.02189359820136
9.908,2045.5716224680148,1666.976685731725,423.02189359820136
9.908,2049.434836108181,1660.2160618614341,400.8084151672456
9.908,2049.434836108181,1660.2160618614341,400.8084151672456
9.926,2042.67421223789,1667.9424891417664,424.9535004182844
9.926,2042.67421223789,1667.9424891417664,424.9535004182844
9.949,2047.5032292880978,1669.8740959618497,426.88510723836754
9.949,2047.5032292880978,1669.8740959618497,426.88510723836754
9.972,2049.434836108181,1662.1476686815172,427.8509106484091
9.972,2049.434836108181,1662.1476686815172,427.8509106484091
9.991,2042.67421223789,1666.0108823216833,420.12448336807665
9.991,2042.67421223789,1666.0108823216833,420.12448336807665
10.012,2043.6400156479315,1662.1476686815172,417.227073137952
10.012,2043.6400156479315,1662.1476686815172,417.227073137952
10.034,2045.5716224680148,1664.0792755016003,419.1586799580351
10.034,2045.5716224680148,1664.0792755016003,419.1586799580351
10.056,2041.7084088278484,1656.3528482212678,427.8509106484091
10.056,2041.7084088278484,1656.3528482212678,427.8509106484091
10.077,2041.7084088278484,1666.0108823216833,431.71412428857536
10.077,2041.7084088278484,1666.0108823216833,431.71412428857536
10.097,2045.5716224680148,1664.0792755016003,416.2612697279105
10.097,2045.5716224680148,1664.0792755016003,416.2612697279105
10.099,2047.5032292880978,1664.0792755016003,423.9876970082429
10.099,2047.5032292880978,1664.0792755016003,423.9876970082429
10.118,2046.5374258780562,1665.045078911642,422.05609018815977
10.118,2046.5374258780562,1665.045078911642,422.05609018815977
10.139,2038.8109985977237,1658.2844550413508,421.09028677811824
10.139,2038.8109985977237,1658.2844550413508,421.09028677811824
10.16,2023.358144037059,1666.0108823216833,416.2612697279105
10.16,2023.358144037059,1666.0108823216833,416.2612697279105
10.18,2043.6400156479315,1660.2160618614341,419.1586799580351
10.18,2043.6400156479315,1660.2160618614341,419.1586799580351
10.201,2047.5032292880978,1661.1818652714755,411.43225267770265
10.201,2047.5032292880978,1661.1818652714755,411.43225267770265
10.222,2044.6058190579731,1661.1818652714755,422.05609018815977
10.223,2044.6058190579731,1661.1818652714755,422.05609018815977
10.243,2050.4006395182223,1669.8740959618497,426.88510723836754
10.243,2050.4006395182223,1669.8740959618497,426.88510723836754
10.243,2046.5374258780562,1664.0792755016003,424.9535004182844
10.244,2046.5374258780562,1664.0792755016003,424.9535004182844
10.263,2041.7084088278484,1662.1476686815172,423.9876970082429
10.263,2041.7084088278484,1662.1476686815172,423.9876970082429
10.288,2039.7768020077654,1661.1818652714755,421.09028677811824
10.288,2039.7768020077654,1661.1818652714755,421.09028677811824
10.307,2049.434836108181,1666.0108823216833,420.12448336807665
10.307,2049.434836108181,1666.0108823216833,420.12448336807665
10.328,2047.5032292880978,1670.839899371891,417.227073137952
10.328,2047.5032292880978,1670.839899371891,417.227073137952
10.349,2043.6400156479315,1662.1476686815172,419.1586799580351
10.35,2043.6400156479315,1662.1476686815172,419.1586799580351
10.37,2046.5374258780562,1664.0792755016003,419.1586799580351
10.37,2046.5374258780562,1664.0792755016003,419.1586799580351
10.391,2044.6058190579731,1660.2160618614341,425.919303828326
10.391,2044.6058190579731,1660.2160618614341,425.919303828326
10.414,2041.7084088278484,1665.045078911642,422.05609018815977
10.414,2041.7084088278484,1665.045078911642,422.05609018815977
10.415,2042.67421223789,1660.2160618614341,419.1586799580351
10.415,2042.67421223789,1660.2160618614341,419.1586799580351
10.434,2040.742605417807,1664.0792755016003,411.43225267770265
10.434,2040.742605417807,1664.0792755016003,411.43225267770265
10.454,2042.67421223789,1663.1134720915586,416.2612697279105
10.454,2042.67421223789,1663.1134720915586,416.2612697279105
10.475,2042.67421223789,1666.976685731725,424.9535004182844
10.475,2042.67421223789,1666.976685731725,424.9535004182844
10.496,2041.7084088278484,1658.2844550413508,426.88510723836754
10.496,2041.7084088278484,1658.2844550413508,426.88510723836754
10.516,2037.8451951876823,1659.2502584513925,408.534842447578
10.516,2037.8451951876823,1659.2502584513925,408.534842447578
10.537,2042.67421223789,1663.1134720915586,420.12448336807665
10.537,2042.67421223789,1663.1134720915586,420.12448336807665
10.56,2043.6400156479315,1653.455437991143,417.227073137952
10.56,2043.6400156479315,1653.455437991143,417.227073137952
10.58,2038.8109985977237,1664.0792755016003,414.32966290782736
10.58,2038.8109985977237,1664.0792755016003,414.32966290782736
10.58,2051.366442928264,1663.1134720915586,426.88510723836754
10.581,2051.366442928264,1663.1134720915586,426.88510723836754
10.601,2041.7084088278484,1660.2160618614341,423.9876970082429
10.601,2041.7084088278484,1660.2160618614341,423.9876970082429
10.621,2039.7768020077654,1672.7715061919741,429.78251746849224
10.621,2039.7768020077654,1672.7715061919741,429.78251746849224
10.643,2045.5716224680148,1664.0792755016003,420.12448336807665
10.643,2045.5716224680148,1664.0792755016003,420.12448336807665
10.663,2047.5032292880978,1667.9424891417664,427.8509106484091
10.663,2047.5032292880978,1667.9424891417664,427.8509106484091
10.683,2043.6400156479315,1665.045078911642,417.227073137952
10.683,2043.6400156479315,1665.045078911642,417.227073137952
10.706,2046.5374258780562,1660.2160618614341,423.02189359820136
10.706,2046.5374258780562,1660.2160618614341,423.02189359820136
10.726,2050.4006395182223,1666.976685731725,427.8509106484091
10.726,2050.4006395182223,1666.976685731725,427.8509106484091
10.747,2049.434836108181,1660.2160618614341,421.09028677811824
10.747,2049.434836108181,1660.2160618614341,421.09028677811824
10.748,2048.4690326981395,1661.1818652714755,417.227073137952
10.748,2048.4690326981395,1661.1818652714755,417.227073137952
10.769,2046.5374258780562,1661.1818652714755,423.02189359820136
10.769,2046.5374258780562,1661.1818652714755,423.02189359820136
10.789,2045.5716224680148,1666.0108823216833,424.9535004182844
10.789,2045.5716224680148,1666.0108823216833,424.9535004182844
10.81,2049.434836108181,1654.4212414011847,424.9535004182844
10.81,2049.434836108181,1654.4212414011847,424.9535004182844
10.831,2049.434836108181,1665.045078911642,419.1586799580351
10.832,2049.434836108181,1665.045078911642,419.1586799580351
10.853,2041.7084088278484,1663.1134720915586,420.12448336807665
10.853,2041.7084088278484,1663.1134720915586,420.12448336807665
10.875,2046.5374258780562,1660.2160618614341,423.02189359820136
10.875,2046.5374258780562,1660.2160618614341,423.02189359820136
10.895,2047.5032292880978,1664.0792755016003,433.6457311086584
10.895,2047.5032292880978,1664.0792755016003,433.6457311086584
10.915,2044.6058190579731,1668.908292551808,409.5006458576196
10.915,2044.6058190579731,1668.908292551808,409.5006458576196
10.915,2043.6400156479315,1659.2502584513925,427.8509106484091
10.916,2043.6400156479315,1659.2502584513925,427.8509106484091
10.936,2040.742605417807,1666.976685731725,423.02189359820136
10.936,2040.742605417807,1666.976685731725,423.02189359820136
10.956,2044.6058190579731,1664.0792755016003,422.05609018815977
10.956,2044.6058190579731,1664.0792755016003,422.05609018815977
10.977,2044.6058190579731,1666.976685731725,422.05609018815977
10.977,2044.6058190579731,1666.976685731725,422.05609018815977
10.998,2041.7084088278484,1651.52383117106,421.09028677811824
10.999,2041.7084088278484,1651.52383117106,421.09028677811824
11.018,2048.4690326981395,1663.1134720915586,415.2954663178689
11.018,2048.4690326981395,1663.1134720915586,415.2954663178689
11.04,2041.7084088278484,1658.2844550413508,421.09028677811824
11.04,2041.7084088278484,1658.2844550413508,421.09028677811824
11.06,2048.4690326981395,1663.1134720915586,421.09028677811824
11.06,2048.4690326981395,1663.1134720915586,421.09028677811824
11.082,2052.3322463383056,1664.0792755016003,421.09028677811824
11.082,2052.3322463383056,1664.0792755016003,421.09028677811824
11.082,2042.67421223789,1658.2844550413508,419.1586799580351
11.082,2042.67421223789,1658.2844550413508,419.1586799580351
11.103,2040.742605417807,1665.045078911642,421.09028677811824
11.103,2040.742605417807,1665.045078911642,421.09028677811824
11.123,2044.6058190579731,1661.1818652714755,413.36385949778577
11.124,2044.6058190579731,1661.1818652714755,413.36385949778577
11.146,2042.67421223789,1667.9424891417664,419.1586799580351
11.146,2042.67421223789,1667.9424891417664,419.1586799580351
11.167,2042.67421223789,1663.1134720915586,420.12448336807665
11.167,2042.67421223789,1663.1134720915586,420.12448336807665
11.188,2043.6400156479315,1658.2844550413508,415.2954663178689
11.188,2043.6400156479315,1658.2844550413508,415.2954663178689
11.21,2043.6400156479315,1658.2844550413508,424.9535004182844
11.21,2043.6400156479315,1658.2844550413508,424.9535004182844
11.233,2038.8109985977237,1666.0108823216833,423.9876970082429
11.233,2038.8109985977237,1666.0108823216833,423.9876970082429
11.253,2048.4690326981395,1665.045078911642,415.2954663178689
11.253,2048.4690326981395,1665.045078911642,415.2954663178689
11.254,2050.4006395182223,1667.9424891417664,411.43225267770265
11.254,2050.4006395182223,1667.9424891417664,411.43225267770265
11.275,2044.6058190579731,1664.0792755016003,415.2954663178689
11.275,2044.6058190579731,1664.0792755016003,415.2954663178689
11.296,2043.6400156479315,1665.045078911642,420.12448336807665
11.296,2043.6400156479315,1665.045078911642,420.12448336807665
11.318,2043.6400156479315,1663.1134720915586,415.2954663178689
11.318,2043.6400156479315,1663.1134720915586,415.2954663178689
11.338,2041.7084088278484,1665.045078911642,426.88510723836754
11.338,2041.7084088278484,1665.045078911642,426.88510723836754
11.36,2049.434836108181,1664.0792755016003,417.227073137952
11.36,2049.434836108181,1664.0792755016003,417.227073137952
11.382,2046.5374258780562,1666.976685731725,418.19287654799354
11.382,2046.5374258780562,1666.976685731725,418.19287654799354
11.401,2060.058673618638,1659.2502584513925,418.19287654799354
11.401,2060.058673618638,1659.2502584513925,418.19287654799354
11.422,2048.4690326981395,1665.045078911642,410.4664492676611
11.422,2048.4690326981395,1665.045078911642,410.4664492676611
11.422,2041.7084088278484,1668.908292551808,425.919303828326
11.422,2041.7084088278484,1668.908292551808,425.919303828326
11.443,2041.7084088278484,1663.1134720915586,416.2612697279105
11.443,2041.7084088278484,1663.1134720915586,416.2612697279105
11.463,2036.8793917776406,1662.1476686815172,416.2612697279105
11.463,2036.8793917776406,1662.1476686815172,416.2612697279105
11.484,2047.5032292880978,1658.2844550413508,415.2954663178689
11.484,2047.5032292880978,1658.2844550413508,415.2954663178689
11.504,2045.5716224680148,1665.045078911642,416.2612697279105
11.504,2045.5716224680148,1665.045078911642,416.2612697279105
11.524,2049.434836108181,1659.2502584513925,423.02189359820136
11.524,2049.434836108181,1659.2502584513925,423.02189359820136
11.547,2047.5032292880978,1658.2844550413508,422.05609018815977
11.547,2047.5032292880978,1658.2844550413508,422.05609018815977
11.568,2049.434836108181,1661.1818652714755,411.43225267770265
11.568,2049.434836108181,1661.1818652714755,411.43225267770265
11.588,2042.67421223789,1662.1476686815172,419.1586799580351
11.588,2042.67421223789,1662.1476686815172,419.1586799580351
11.589,2040.742605417807,1658.2844550413508,412.39805608774424
11.589,2040.742605417807,1658.2844550413508,412.39805608774424
11.61,2046.5374258780562,1660.2160618614341,421.09028677811824
11.61,2046.5374258780562,1660.2160618614341,421.09028677811824
11.63,2048.4690326981395,1660.2160618614341,420.12448336807665
11.631,2048.4690326981395,1660.2160618614341,420.12448336807665
11.651,2043.6400156479315,1660.2160618614341,419.1586799580351
11.652,2043.6400156479315,1660.2160618614341,419.1586799580351
11.693,2043.6400156479315,1662.1476686815172,419.1586799580351
11.693,2043.6400156479315,1662.1476686815172,419.1586799580351
11.693,2048.4690326981395,1660.2160618614341,415.2954663178689
11.693,2048.4690326981395,1660.2160618614341,415.2954663178689
11.715,2047.5032292880978,1665.045078911642,422.05609018815977
11.715,2047.5032292880978,1665.045078911642,422.05609018815977
11.734,2047.5032292880978,1661.1818652714755,411.43225267770265
11.734,2047.5032292880978,1661.1818652714755,411.43225267770265
11.754,2043.6400156479315,1657.3186516313094,423.9876970082429
11.754,2043.6400156479315,1657.3186516313094,423.9876970082429
11.754,2040.742605417807,1658.2844550413508,421.09028677811824
11.754,2040.742605417807,1658.2844550413508,421.09028677811824
11.775,2043.6400156479315,1662.1476686815172,421.09028677811824
11.775,2043.6400156479315,1662.1476686815172,421.09028677811824
11.796,2036.8793917776406,1664.0792755016003,414.32966290782736
11.796,2036.8793917776406,1664.0792755016003,414.32966290782736
11.817,2047.5032292880978,1657.3186516313094,420.12448336807665
11.818,2047.5032292880978,1657.3186516313094,420.12448336807665
11.84,2041.7084088278484,1665.045078911642,423.02189359820136
11.84,2041.7084088278484,1665.045078911642,423.02189359820136
11.86,2041.7084088278484,1656.3528482212678,426.88510723836754
11.86,2041.7084088278484,1656.3528482212678,426.88510723836754
11.882,2046.5374258780562,1660.2160618614341,417.227073137952
11.882,2046.5374258780562,1660.2160618614341,417.227073137952
11.903,2042.67421223789,1659.2502584513925,421.09028677811824
11.903,2042.67421223789,1659.2502584513925,421.09028677811824
11.922,2041.7084088278484,1652.4896345811017,408.534842447578
11.922,2041.7084088278484,1652.4896345811017,408.534842447578
11.922,2041.7084088278484,1663.1134720915586,423.9876970082429
11.923,2041.7084088278484,1663.1134720915586,423.9876970082429
11.942,2043.6400156479315,1658.2844550413508,422.05609018815977
11.943,2043.6400156479315,1658.2844550413508,422.05609018815977
11.963,2038.8109985977237,1662.1476686815172,418.19287654799354
11.963,2038.8109985977237,1662.1476686815172,418.19287654799354
11.975,2051.366442928264,1660.2160618614341,422.05609018815977
11.975,2051.366442928264,1660.2160618614341,422.05609018815977
11.997,2046.5374258780562,1666.976685731725,427.8509106484091
11.997,2046.5374258780562,1666.976685731725,427.8509106484091
12.016,2042.67421223789,1660.2160618614341,421.09028677811824
12.016,2042.67421223789,1660.2160618614341,421.09028677811824
12.036,2043.6400156479315,1660.2160618614341,419.1586799580351
12.036,2043.6400156479315,1660.2160618614341,419.1586799580351
12.057,2042.67421223789,1650.5580277610184,418.19287654799354
12.057,2042.67421223789,1650.5580277610184,418.19287654799354
12.077,2046.5374258780562,1665.045078911642,424.9535004182844
12.077,2046.5374258780562,1665.045078911642,424.9535004182844
12.078,2050.4006395182223,1659.2502584513925,427.8509106484091
12.078,2050.4006395182223,1659.2502584513925,427.8509106484091
12.1,2048.4690326981395,1650.5580277610184,420.12448336807665
12.1,2048.4690326981395,1650.5580277610184,420.12448336807665
12.118,2044.6058190579731,1660.2160618614341,421.09028677811824
12.118,2044.6058190579731,1660.2160618614341,421.09028677811824
12.139,2041.7084088278484,1663.1134720915586,421.09028677811824
12.139,2041.7084088278484,1663.1134720915586,421.09028677811824
12.159,2039.7768020077654,1661.1818652714755,425.919303828326
12.159,2039.7768020077654,1661.1818652714755,425.919303828326
12.18,2044.6058190579731,1662.1476686815172,420.12448336807665
12.18,2044.6058190579731,1662.1476686815172,420.12448336807665
12.202,2041.7084088278484,1656.3528482212678,415.2954663178689
12.202,2041.7084088278484,1656.3528482212678,415.2954663178689
12.223,2040.742605417807,1664.0792755016003,417.227073137952
12.223,2040.742605417807,1664.0792755016003,417.227073137952
12.243,2042.67421223789,1662.1476686815172,415.2954663178689
12.243,2042.67421223789,1662.1476686815172,415.2954663178689
12.244,2046.5374258780562,1663.1134720915586,424.9535004182844
12.244,2046.5374258780562,1663.1134720915586,424.9535004182844
12.265,2048.4690326981395,1666.0108823216833,420.12448336807665
12.265,2048.4690326981395,1666.0108823216833,420.12448336807665
12.284,2047.5032292880978,1664.0792755016003,416.2612697279105
12.285,2047.5032292880978,1664.0792755016003,416.2612697279105
12.305,2043.6400156479315,1660.2160618614341,413.36385949778577
12.305,2043.6400156479315,1660.2160618614341,413.36385949778577
12.325,2046.5374258780562,1665.045078911642,410.4664492676611
12.325,2046.5374258780562,1665.045078911642,410.4664492676611
12.346,2043.6400156479315,1661.1818652714755,423.02189359820136
12.346,2043.6400156479315,1661.1818652714755,423.02189359820136
12.368,2048.4690326981395,1666.0108823216833,426.88510723836754
12.368,2048.4690326981395,1666.0108823216833,426.88510723836754
12.389,2049.434836108181,1658.2844550413508,422.05609018815977
12.389,2049.434836108181,1658.2844550413508,422.05609018815977
12.41,2046.5374258780562,1658.2844550413508,414.32966290782736
12.411,2046.5374258780562,1658.2844550413508,414.32966290782736
12.411,2046.5374258780562,1661.1818652714755,417.227073137952
12.411,2046.5374258780562,1661.1818652714755,417.227073137952
12.433,2044.6058190579731,1665.045078911642,419.1586799580351
12.433,2044.6058190579731,1665.045078911642,419.1586799580351
12.454,2049.434836108181,1660.2160618614341,418.19287654799354
12.454,2049.434836108181,1660.2160618614341,418.19287654799354
12.476,2042.67421223789,1664.0792755016003,423.02189359820136
12.476,2042.67421223789,1664.0792755016003,423.02189359820136
12.495,2041.7084088278484,1662.1476686815172,419.1586799580351
12.495,2041.7084088278484,1662.1476686815172,419.1586799580351
12.537,2034.9477849575576,1660.2160618614341,417.227073137952
12.537,2034.9477849575576,1660.2160618614341,417.227073137952
12.537,2039.7768020077654,1661.1818652714755,415.2954663178689
12.537,2039.7768020077654,1661.1818652714755,415.2954663178689
12.558,2048.4690326981395,1658.2844550413508,421.09028677811824
12.558,2048.4690326981395,1658.2844550413508,421.09028677811824
12.578,2042.67421223789,1661.1818652714755,420.12448336807665
12.578,2042.67421223789,1661.1818652714755,420.12448336807665
12.578,2041.7084088278484,1660.2160618614341,418.19287654799354
12.578,2041.7084088278484,1660.2160618614341,418.19287654799354
12.601,2047.5032292880978,1659.2502584513925,429.78251746849224
12.601,2047.5032292880978,1659.2502584513925,429.78251746849224
12.622,2046.5374258780562,1660.2160618614341,420.12448336807665
12.622,2046.5374258780562,1660.2160618614341,420.12448336807665
12.644,2043.6400156479315,1660.2160618614341,420.12448336807665
12.644,2043.6400156479315,1660.2160618614341,420.12448336807665
12.664,2043.6400156479315,1655.3870448112261,419.1586799580351
12.664,2043.6400156479315,1655.3870448112261,419.1586799580351
12.684,2038.8109985977237,1660.2160618614341,418.19287654799354
12.684,2038.8109985977237,1660.2160618614341,418.19287654799354
12.706,2041.7084088278484,1666.976685731725,419.1586799580351
12.706,2041.7084088278484,1666.976685731725,419.1586799580351
12.727,2042.67421223789,1661.1818652714755,425.919303828326
12.727,2042.67421223789,1661.1818652714755,425.919303828326
12.747,2047.5032292880978,1660.2160618614341,418.19287654799354
12.747,2047.5032292880978,1660.2160618614341,418.19287654799354
12.747,2041.7084088278484,1664.0792755016003,416.2612697279105
12.747,2041.7084088278484,1664.0792755016003,416.2612697279105
12.768,2044.6058190579731,1660.2160618614341,420.12448336807665
12.768,2044.6058190579731,1660.2160618614341,420.12448336807665
12.788,2040.742605417807,1659.2502584513925,410.4664492676611
12.788,2040.742605417807,1659.2502584513925,410.4664492676611
12.81,2047.5032292880978,1661.1818652714755,419.1586799580351
12.81,2047.5032292880978,1661.1818652714755,419.1586799580351
12.829,2042.67421223789,1665.045078911642,417.227073137952
12.829,2042.67421223789,1665.045078911642,417.227073137952
12.852,2041.7084088278484,1657.3186516313094,423.02189359820136
12.852,2041.7084088278484,1657.3186516313094,423.02189359820136
12.871,2040.742605417807,1659.2502584513925,422.05609018815977
12.871,2040.742605417807,1659.2502584513925,422.05609018815977
12.892,2045.5716224680148,1665.045078911642,421.09028677811824
12.892,2045.5716224680148,1665.045078911642,421.09028677811824
12.913,2043.6400156479315,1660.2160618614341,423.02189359820136
12.913,2043.6400156479315,1660.2160618614341,423.02189359820136
12.913,2044.6058190579731,1648.6264209409353,421.09028677811824
12.913,2044.6058190579731,1648.6264209409353,421.09028677811824
12.934,2048.4690326981395,1661.1818652714755,415.2954663178689
12.934,2048.4690326981395,1661.1818652714755,415.2954663178689
12.955,2041.7084088278484,1661.1818652714755,423.02189359820136
12.955,2041.7084088278484,1661.1818652714755,423.02189359820136
12.977,2039.7768020077654,1661.1818652714755,411.43225267770265
12.977,2039.7768020077654,1661.1818652714755,411.43225267770265
13.021,2040.742605417807,1664.0792755016003,414.32966290782736
13.021,2040.742605417807,1664.0792755016003,414.32966290782736
13.021,2040.742605417807,1660.2160618614341,421.09028677811824
13.021,2040.742605417807,1660.2160618614341,421.09028677811824
13.041,2040.742605417807,1661.1818652714755,422.05609018815977
13.041,2040.742605417807,1661.1818652714755,422.05609018815977
13.064,2041.7084088278484,1656.3528482212678,420.12448336807665
13.064,2041.7084088278484,1656.3528482212678,420.12448336807665
13.084,2042.67421223789,1663.1134720915586,424.9535004182844
13.084,2042.67421223789,1663.1134720915586,424.9535004182844
13.085,2047.5032292880978,1660.2160618614341,419.1586799580351
13.085,2047.5032292880978,1660.2160618614341,419.1586799580351
13.106,2042.67421223789,1661.1818652714755,426.88510723836754
13.106,2042.67421223789,1661.1818652714755,426.88510723836754
13.126,2047.5032292880978,1658.2844550413508,420.12448336807665
13.126,2047.5032292880978,1658.2844550413508,420.12448336807665
13.147,2044.6058190579731,1659.2502584513925,417.227073137952
13.147,2044.6058190579731,1659.2502584513925,417.227073137952
13.168,2046.5374258780562,1665.045078911642,410.4664492676611
13.168,2046.5374258780562,1665.045078911642,410.4664492676611
13.189,2045.5716224680148,1665.045078911642,419.1586799580351
13.19,2045.5716224680148,1665.045078911642,419.1586799580351
13.208,2042.67421223789,1658.2844550413508,421.09028677811824
13.208,2042.67421223789,1658.2844550413508,421.09028677811824
13.23,2047.5032292880978,1662.1476686815172,420.12448336807665
13.23,2047.5032292880978,1662.1476686815172,420.12448336807665
13.251,2043.6400156479315,1660.2160618614341,420.12448336807665
13.251,2043.6400156479315,1660.2160618614341,420.12448336807665
13.252,2041.7084088278484,1662.1476686815172,417.227073137952
13.252,2041.7084088278484,1662.1476686815172,417.227073137952
13.273,2044.6058190579731,1663.1134720915586,423.02189359820136
13.273,2044.6058190579731,1663.1134720915586,423.02189359820136
13.294,2041.7084088278484,1661.1818652714755,416.2612697279105
13.294,2041.7084088278484,1661.1818652714755,416.2612697279105
13.316,2047.5032292880978,1661.1818652714755,414.32966290782736
13.316,2047.5032292880978,1661.1818652714755,414.32966290782736
13.337,2038.8109985977237,1661.1818652714755,412.39805608774424
13.337,2038.8109985977237,1661.1818652714755,412.39805608774424
13.357,2041.7084088278484,1659.2502584513925,405.63743221745335
13.357,2041.7084088278484,1659.2502584513925,405.63743221745335
13.377,2049.434836108181,1666.0108823216833,408.534842447578
13.377,2049.434836108181,1666.0108823216833,408.534842447578
13.399,2042.67421223789,1661.1818652714755,416.2612697279105
13.4,2042.67421223789,1661.1818652714755,416.2612697279105
13.418,2047.5032292880978,1659.2502584513925,420.12448336807665
13.418,2047.5032292880978,1659.2502584513925,420.12448336807665
13.419,2042.67421223789,1660.2160618614341,419.1586799580351
13.419,2042.67421223789,1660.2160618614341,419.1586799580351
13.439,2047.5032292880978,1658.2844550413508,415.2954663178689
13.439,2047.5032292880978,1658.2844550413508,415.2954663178689
13.461,2047.5032292880978,1661.1818652714755,417.227073137952
13.461,2047.5032292880978,1661.1818652714755,417.227073137952
13.481,2048.4690326981395,1661.1818652714755,416.2612697279105
13.481,2048.4690326981395,1661.1818652714755,416.2612697279105
13.5,2045.5716224680148,1668.908292551808,421.09028677811824
13.5,2045.5716224680148,1668.908292551808,421.09028677811824
13.522,2038.8109985977237,1659.2502584513925,422.05609018815977
13.523,2038.8109985977237,1659.2502584513925,422.05609018815977
13.542,2039.7768020077654,1660.2160618614341,419.1586799580351
13.542,2039.7768020077654,1660.2160618614341,419.1586799580351
13.562,2048.4690326981395,1660.2160618614341,416.2612697279105
13.562,2048.4690326981395,1660.2160618614341,416.2612697279105
13.585,2046.5374258780562,1668.908292551808,423.02189359820136
13.585,2046.5374258780562,1668.908292551808,423.02189359820136
13.585,2048.4690326981395,1659.2502584513925,424.9535004182844
13.585,2048.4690326981395,1659.2502584513925,424.9535004182844
13.603,2039.7768020077654,1657.3186516313094,420.12448336807665
13.603,2039.7768020077654,1657.3186516313094,420.12448336807665
13.624,2043.6400156479315,1658.2844550413508,420.12448336807665
13.624,2043.6400156479315,1658.2844550413508,420.12448336807665
13.644,2044.6058190579731,1663.1134720915586,415.2954663178689
13.644,2044.6058190579731,1663.1134720915586,415.2954663178689
13.664,2046.5374258780562,1664.0792755016003,416.2612697279105
13.664,2046.5374258780562,1664.0792755016003,416.2612697279105
13.685,2048.4690326981395,1661.1818652714755,416.2612697279105
13.686,2048.4690326981395,1661.1818652714755,416.2612697279105
13.706,2040.742605417807,1666.0108823216833,424.9535004182844
13.706,2040.742605417807,1666.0108823216833,424.9535004182844
13.726,2043.6400156479315,1658.2844550413508,423.9876970082429
13.726,2043.6400156479315,1658.2844550413508,423.9876970082429
13.749,2041.7084088278484,1660.2160618614341,414.32966290782736
13.749,2041.7084088278484,1660.2160618614341,414.32966290782736
13.749,2042.67421223789,1657.3186516313094,417.227073137952
13.749,2042.67421223789,1657.3186516313094,417.227073137952
13.768,2044.6058190579731,1661.1818652714755,416.2612697279105
13.768,2044.6058190579731,1661.1818652714755,416.2612697279105
13.789,2047.5032292880978,1656.3528482212678,416.2612697279105
13.789,2047.5032292880978,1656.3528482212678,416.2612697279105
13.809,2043.6400156479315,1665.045078911642,419.1586799580351
13.809,2044.6058190579731,1665.045078911642,418.19287654799354
13.83,2044.6058190579731,1665.045078911642,418.19287654799354
13.83,2044.6058190579731,1656.3528482212678,423.02189359820136
13.851,2044.6058190579731,1656.3528482212678,423.02189359820136
13.851,2049.434836108181,1658.2844550413508,420.12448336807665
13.871,2049.434836108181,1658.2844550413508,420.12448336807665
13.871,2046.5374258780562,1663.1134720915586,413.36385949778577
13.892,2046.5374258780562,1663.1134720915586,413.36385949778577
13.892,2037.8451951876823,1659.2502584513925,417.227073137952
13.914,2037.8451951876823,1659.2502584513925,417.227073137952
13.914,2040.742605417807,1660.2160618614341,425.919303828326
13.914,2040.742605417807,1660.2160618614341,425.919303828326
13.914,2042.67421223789,1661.1818652714755,416.2612697279105
13.935,2042.67421223789,1661.1818652714755,416.2612697279105
13.935,2039.7768020077654,1666.976685731725,423.02189359820136
13.955,2039.7768020077654,1666.976685731725,423.02189359820136
13.955,2049.434836108181,1663.1134720915586,423.02189359820136
13.977,2049.434836108181,1663.1134720915586,423.02189359820136
13.977,2042.67421223789,1658.2844550413508,418.19287654799354
13.998,2042.67421223789,1658.2844550413508,418.19287654799354
13.998,2043.6400156479315,1664.0792755016003,419.1586799580351
14.018,2043.6400156479315,1664.0792755016003,419.1586799580351
14.018,2043.6400156479315,1668.908292551808,417.227073137952
14.04,2043.6400156479315,1668.908292551808,417.227073137952
14.04,2043.6400156479315,1657.3186516313094,423.02189359820136
14.06,2043.6400156479315,1657.3186516313094,423.02189359820136
14.06,2042.67421223789,1667.9424891417664,406.6032356274949
14.081,2042.67421223789,1667.9424891417664,406.6032356274949
14.081,2049.434836108181,1668.908292551808,416.2612697279105
14.082,2049.434836108181,1668.908292551808,416.2612697279105
14.082,2045.5716224680148,1662.1476686815172,417.227073137952
14.103,2045.5716224680148,1662.1476686815172,417.227073137952
14.103,2046.5374258780562,1661.1818652714755,418.19287654799354
14.124,2046.5374258780562,1661.1818652714755,418.19287654799354
14.124,2047.5032292880978,1662.1476686815172,418.19287654799354
14.144,2047.5032292880978,1662.1476686815172,418.19287654799354
14.144,2036.8793917776406,1661.1818652714755,419.1586799580351
14.164,2036.8793917776406,1661.1818652714755,419.1586799580351
14.164,2049.434836108181,1660.2160618614341,421.09028677811824
14.184,2049.434836108181,1660.2160618614341,421.09028677811824
14.184,2049.434836108181,1665.045078911642,421.09028677811824
14.205,2049.434836108181,1665.045078911642,421.09028677811824
14.205,2046.5374258780562,1662.1476686815172,420.12448336807665
14.247,2046.5374258780562,1662.1476686815172,420.12448336807665
14.247,2046.5374258780562,1666.0108823216833,427.8509106484091
14.247,2046.5374258780562,1666.0108823216833,427.8509106484091
14.248,2049.434836108181,1654.4212414011847,425.919303828326
14.248,2049.434836108181,1654.4212414011847,425.919303828326
14.248,2040.742605417807,1665.045078911642,419.1586799580351
14.269,2040.742605417807,1665.045078911642,419.1586799580351
14.269,2041.7084088278484,1667.9424891417664,426.88510723836754
14.288,2041.7084088278484,1667.9424891417664,426.88510723836754
14.288,2047.5032292880978,1662.1476686815172,420.12448336807665
14.309,2047.5032292880978,1662.1476686815172,420.12448336807665
14.309,2038.8109985977237,1664.0792755016003,422.05609018815977
14.329,2038.8109985977237,1664.0792755016003,422.05609018815977
14.329,2047.5032292880978,1661.1818652714755,411.43225267770265
14.35,2047.5032292880978,1661.1818652714755,411.43225267770265
14.35,2048.4690326981395,1664.0792755016003,428.81671405845066
14.371,2048.4690326981395,1664.0792755016003,428.81671405845066
14.371,2040.742605417807,1664.0792755016003,411.43225267770265
14.392,2040.742605417807,1664.0792755016003,411.43225267770265
14.392,2043.6400156479315,1656.3528482212678,416.2612697279105
14.433,2043.6400156479315,1656.3528482212678,416.2612697279105
14.433,2044.6058190579731,1666.0108823216833,431.71412428857536
14.433,2044.6058190579731,1666.0108823216833,431.71412428857536
14.433,2044.6058190579731,1656.3528482212678,428.81671405845066
14.434,2044.6058190579731,1656.3528482212678,428.81671405845066
14.434,2048.4690326981395,1660.2160618614341,423.9876970082429
14.454,2048.4690326981395,1660.2160618614341,423.9876970082429
14.454,2039.7768020077654,1667.9424891417664,421.09028677811824
14.474,2039.7768020077654,1667.9424891417664,421.09028677811824
14.475,2043.6400156479315,1662.1476686815172,428.81671405845066
14.495,2043.6400156479315,1662.1476686815172,428.81671405845066
14.495,2047.5032292880978,1663.1134720915586,422.05609018815977
14.515,2047.5032292880978,1663.1134720915586,422.05609018815977
14.516,2042.67421223789,1666.0108823216833,417.227073137952
14.557,2042.67421223789,1666.0108823216833,417.227073137952
14.557,2045.5716224680148,1658.2844550413508,412.39805608774424
14.557,2045.5716224680148,1658.2844550413508,412.39805608774424
14.557,2044.6058190579731,1666.0108823216833,408.534842447578
14.577,2044.6058190579731,1666.0108823216833,408.534842447578
14.577,2037.8451951876823,1663.1134720915586,418.19287654799354
14.577,2037.8451951876823,1663.1134720915586,418.19287654799354
14.577,2043.6400156479315,1660.2160618614341,426.88510723836754
14.598,2043.6400156479315,1660.2160618614341,426.88510723836754
14.598,2047.5032292880978,1657.3186516313094,416.2612697279105
14.619,2047.5032292880978,1657.3186516313094,416.2612697279105
14.619,2044.6058190579731,1660.2160618614341,421.09028677811824
14.639,2044.6058190579731,1660.2160618614341,421.09028677811824
14.639,2051.366442928264,1666.976685731725,419.1586799580351
14.66,2051.366442928264,1666.976685731725,419.1586799580351
14.661,2043.6400156479315,1661.1818652714755,420.12448336807665
14.681,2043.6400156479315,1661.1818652714755,420.12448336807665
14.681,2044.6058190579731,1658.2844550413508,432.6799276986169
14.703,2044.6058190579731,1658.2844550413508,432.6799276986169
14.703,2043.6400156479315,1658.2844550413508,416.2612697279105
14.723,2043.6400156479315,1658.2844550413508,416.2612697279105
14.723,2034.9477849575576,1658.2844550413508,415.2954663178689
14.743,2034.9477849575576,1658.2844550413508,415.2954663178689
14.743,2041.7084088278484,1668.908292551808,418.19287654799354
14.743,2041.7084088278484,1668.908292551808,418.19287654799354
14.743,2048.4690326981395,1661.1818652714755,420.12448336807665
14.764,2048.4690326981395,1661.1818652714755,420.12448336807665
14.764,2044.6058190579731,1666.976685731725,412.39805608774424
14.784,2044.6058190579731,1666.976685731725,412.39805608774424
14.784,2049.434836108181,1660.2160618614341,421.09028677811824
14.804,2049.434836108181,1660.2160618614341,421.09028677811824
14.804,2040.742605417807,1662.1476686815172,425.919303828326
14.826,2040.742605417807,1662.1476686815172,425.919303828326
14.826,2046.5374258780562,1664.0792755016003,427.8509106484091
14.847,2046.5374258780562,1664.0792755016003,427.8509106484091
14.847,2040.742605417807,1657.3186516313094,424.9535004182844
14.869,2040.742605417807,1657.3186516313094,424.9535004182844
14.869,2040.742605417807,1664.0792755016003,423.02189359820136
14.889,2040.742605417807,1664.0792755016003,423.02189359820136
14.889,2039.7768020077654,1661.1818652714755,415.2954663178689
14.909,2039.7768020077654,1661.1818652714755,415.2954663178689
14.909,2046.5374258780562,1655.3870448112261,408.534842447578
14.909,2046.5374258780562,1655.3870448112261,408.534842447578
14.909,2045.5716224680148,1664.0792755016003,411.43225267770265
14.931,2045.5716224680148,1664.0792755016003,411.43225267770265
14.931,2041.7084088278484,1661.1818652714755,415.2954663178689
14.951,2041.7084088278484,1661.1818652714755,415.2954663178689
14.951,2047.5032292880978,1667.9424891417664,415.2954663178689
14.971,2047.5032292880978,1667.9424891417664,415.2954663178689
14.971,2042.67421223789,1657.3186516313094,413.36385949778577
15.01,2042.67421223789,1657.3186516313094,413.36385949778577
15.01,2045.5716224680148,1664.0792755016003,416.2612697279105
15.01,2045.5716224680148,1664.0792755016003,416.2612697279105
15.01,2037.8451951876823,1666.0108823216833,420.12448336807665
15.028,2037.8451951876823,1666.0108823216833,420.12448336807665
15.028,2041.7084088278484,1655.3870448112261,419.1586799580351
15.049,2041.7084088278484,1655.3870448112261,419.1586799580351
15.049,2041.7084088278484,1661.1818652714755,416.2612697279105
15.07,2041.7084088278484,1661.1818652714755,416.2612697279105
15.07,2043.6400156479315,1659.2502584513925,422.05609018815977
15.071,2043.6400156479315,1659.2502584513925,422.05609018815977
15.071,2046.5374258780562,1663.1134720915586,416.2612697279105
15.091,2046.5374258780562,1663.1134720915586,416.2612697279105
15.091,2040.742605417807,1655.3870448112261,411.43225267770265
15.112,2040.742605417807,1655.3870448112261,411.43225267770265
15.112,2043.6400156479315,1662.1476686815172,423.9876970082429
15.133,2043.6400156479315,1662.1476686815172,423.9876970082429
15.133,2043.6400156479315,1668.908292551808,418.19287654799354
15.153,2043.6400156479315,1668.908292551808,418.19287654799354
15.153,2041.7084088278484,1662.1476686815172,412.39805608774424
15.198,2041.7084088278484,1662.1476686815172,412.39805608774424
15.198,2041.7084088278484,1659.2502584513925,419.1586799580351
15.198,2041.7084088278484,1659.2502584513925,419.1586799580351
15.198,2043.6400156479315,1656.3528482212678,414.32966290782736
15.217,2043.6400156479315,1656.3528482212678,414.32966290782736
15.217,2049.434836108181,1664.0792755016003,423.02189359820136
15.237,2049.434836108181,1664.0792755016003,423.02189359820136
15.237,2054.263853158389,1664.0792755016003,420.12448336807665
15.237,2054.263853158389,1664.0792755016003,420.12448336807665
15.237,2049.434836108181,1654.4212414011847,419.1586799580351
15.28,2049.434836108181,1654.4212414011847,419.1586799580351
15.28,2043.6400156479315,1657.3186516313094,414.32966290782736
15.281,2043.6400156479315,1657.3186516313094,414.32966290782736
15.281,2041.7084088278484,1663.1134720915586,418.19287654799354
15.3,2041.7084088278484,1663.1134720915586,418.19287654799354
15.3,2044.6058190579731,1665.045078911642,422.05609018815977
15.345,2044.6058190579731,1665.045078911642,422.05609018815977
15.345,2041.7084088278484,1663.1134720915586,416.2612697279105
15.345,2041.7084088278484,1663.1134720915586,416.2612697279105
15.345,2051.366442928264,1666.976685731725,420.12448336807665
15.363,2051.366442928264,1666.976685731725,420.12448336807665
15.363,2036.8793917776406,1653.455437991143,407.56903903753647
15.383,2036.8793917776406,1653.455437991143,407.56903903753647
15.383,2046.5374258780562,1663.1134720915586,417.227073137952
15.403,2046.5374258780562,1663.1134720915586,417.227073137952
15.403,2042.67421223789,1652.4896345811017,418.19287654799354
15.404,2042.67421223789,1652.4896345811017,418.19287654799354
15.404,2043.6400156479315,1660.2160618614341,412.39805608774424
15.423,2043.6400156479315,1660.2160618614341,412.39805608774424
15.423,2046.5374258780562,1661.1818652714755,423.02189359820136
15.445,2046.5374258780562,1661.1818652714755,423.02189359820136
15.445,2044.6058190579731,1658.2844550413508,422.05609018815977
15.465,2044.6058190579731,1658.2844550413508,422.05609018815977
15.465,2041.7084088278484,1657.3186516313094,413.36385949778577
15.487,2041.7084088278484,1657.3186516313094,413.36385949778577
15.487,2046.5374258780562,1663.1134720915586,422.05609018815977
15.509,2046.5374258780562,1663.1134720915586,422.05609018815977
15.509,2049.434836108181,1662.1476686815172,425.919303828326
15.529,2049.434836108181,1662.1476686815172,425.919303828326
15.529,2047.5032292880978,1660.2160618614341,418.19287654799354
15.548,2047.5032292880978,1660.2160618614341,418.19287654799354
15.549,2031.0845713173915,1666.0108823216833,416.2612697279105
15.57,2031.0845713173915,1666.0108823216833,416.2612697279105
15.57,2043.6400156479315,1660.2160618614341,425.919303828326
15.57,2043.6400156479315,1660.2160618614341,425.919303828326
15.57,2045.5716224680148,1661.1818652714755,421.09028677811824
15.594,2045.5716224680148,1661.1818652714755,421.09028677811824
15.594,2038.8109985977237,1662.1476686815172,416.2612697279105
15.614,2038.8109985977237,1662.1476686815172,416.2612697279105
15.614,2043.6400156479315,1660.2160618614341,418.19287654799354
15.636,2043.6400156479315,1660.2160618614341,418.19287654799354
15.636,2039.7768020077654,1660.2160618614341,411.43225267770265
15.655,2039.7768020077654,1660.2160618614341,411.43225267770265
15.655,2043.6400156479315,1663.1134720915586,421.09028677811824
15.677,2043.6400156479315,1663.1134720915586,421.09028677811824
15.677,2046.5374258780562,1658.2844550413508,415.2954663178689
15.697,2046.5374258780562,1658.2844550413508,415.2954663178689
15.697,2049.434836108181,1666.976685731725,420.12448336807665
15.718,2049.434836108181,1666.976685731725,420.12448336807665
15.718,2044.6058190579731,1658.2844550413508,412.39805608774424
15.738,2044.6058190579731,1658.2844550413508,412.39805608774424
15.738,2043.6400156479315,1666.0108823216833,410.4664492676611
15.739,2040.742605417807,1660.2160618614341,425.919303828326
15.739,2040.742605417807,1660.2160618614341,425.919303828326
15.758,2043.6400156479315,1660.2160618614341,412.39805608774424
15.758,2043.6400156479315,1660.2160618614341,412.39805608774424
15.778,2044.6058190579731,1662.1476686815172,421.09028677811824
15.778,2044.6058190579731,1662.1476686815172,421.09028677811824
15.798,2044.6058190579731,1665.045078911642,424.9535004182844
15.798,2044.6058190579731,1665.045078911642,424.9535004182844
