Time,25W,25X,25Y
0.008,1719.3365609388743,1604.8670822970548,378.9842348198508
0.008,1879.3596203993568,1476.6287296641601,358.34455217981207
0.031,1881.3026944275005,1470.7465810637493,389.5008190574509
0.031,1721.0097353974138,1656.0780661175613,350.8322644971736
0.032,2034.309426802893,1473.5536496607851,362.12771227054014
0.032,1975.6763141963352,1519.5133203034468,397.4146630131331
0.058,1921.680496764108,1443.2054270118088,369.690956472147
0.058,1785.5680440288124,1494.1709994908842,394.8980428466522
0.085,2012.6754033474442,1539.996328628242,396.16532226353917
0.085,1984.1132780988328,1531.514842190466,382.8201167341205
0.085,1701.2627235157597,1531.7452198737094,381.26511320362624
0.113,1771.348580201453,1455.0178141477904,357.48119810821146
0.113,2054.009087667982,1560.613413495898,360.9718243490876
0.14,1716.2996882430675,1413.8983642672638,387.82406352012583
0.14,1828.6138747330392,1567.4623229516562,359.3976171685268
0.14,1773.2127168557452,1429.6616175764757,382.6253131683307
0.167,2048.1963411063402,1370.109673682568,386.00333170249206
0.168,1940.1472682029168,1615.925772651605,358.4555470243535
0.194,1953.196799268061,1440.1870622469335,394.08565066827947
0.194,1848.8658122814725,1426.3285601886746,361.2612855431124
0.194,1771.652183372898,1417.454156863297,380.2018205797499
0.194,1694.7011604445806,1609.1117426211947,376.21933998097165
0.219,1681.6888551118639,1515.763727150425,360.0971675249099
0.246,1883.5155662245024,1547.7814008427083,380.0683045006955
0.246,1934.3931764677934,1447.3905645181553,376.2869123827212
0.247,1902.4351164030486,1500.3352377845608,398.74343215304026
0.247,1787.2495820554964,1566.789695662578,386.0806176820681
0.276,1941.1715657612428,1527.3280476211733,381.77394600903455
0.303,1820.4141514125538,1576.7049016352855,371.8759468516389
0.303,1966.119283792617,1385.704071131359,387.256774224394
0.303,1897.0030761403289,1494.3601036577068,340.6846150779418
0.303,1739.5278465466874,1469.1460174650845,375.66218836072335
0.33,1982.7912520239838,1490.004318041884,395.0965422734748
0.33,1772.5408067233002,1522.9943264679857,359.0350033781445
0.357,1814.0492395061979,1493.1281391929087,357.6976630190677
0.357,2095.441892340348,1475.4213573456082,369.182831630834
0.357,1770.9979018397887,1664.6177148342667,384.96867753028135
0.357,1709.6105538293639,1618.0170359114697,384.80794640995447
0.386,1969.8672235981976,1556.0155751202662,368.0512869588092
0.386,1863.9460143343795,1478.803758001262,367.78354940758686
0.414,1921.999628809418,1473.0361228438821,372.5550005594691
0.415,1877.4806893891246,1455.752581124933,392.87794949073964
0.416,1670.6578919841456,1519.0893000400956,364.8588356002465
0.416,1857.1213746902777,1572.9045496234096,331.4713215534319
0.442,1845.7715731068793,1419.2118388867705,370.7836673643515
0.442,1846.883352769939,1480.6335635607602,412.5387656237208
0.47,1729.3933075950174,1485.5005119677824,363.42433146673056
0.47,1908.781393443569,1472.2370631845606,385.7303632977263
0.471,1832.1926275516262,1551.677485012979,406.72275875541925
0.471,1751.3477585305016,1430.0187613056464,387.71554836147783
0.498,1830.0217806264882,1462.8982266340215,394.0682815552375
0.498,1898.951431175224,1538.009036749314,380.2429685460358
0.526,1842.0704740082326,1604.7194468378204,383.9436673881914
0.526,1812.056111203044,1460.566694150873,337.72836641495354
0.526,1904.371754562126,1521.616094477731,376.0875590186715
0.526,1752.3744578589756,1402.5404249290336,375.35915632055236
0.555,1857.9776579254083,1521.1384449826319,337.14489192574183
0.555,1789.605829191162,1564.8355046305662,365.7634196308093
0.582,1907.2379054842932,1552.4693541006113,351.99351881097874
0.582,1733.3630728742387,1403.2906378834384,378.3029600959945
0.61,1999.4842585401575,1504.33819421645,412.72877129125595
0.61,1699.590515677073,1547.8883928581936,385.2073738774195
0.61,1821.0910812652437,1465.1313113124895,366.7725239887466
0.611,1777.4765012784333,1526.7324627636792,365.31329571534457
0.638,1862.313100758971,1610.6290221674153,404.55922803296016
0.638,1928.6178443505944,1474.0567768289975,332.3531252043943
0.639,1954.7787043712365,1559.5785188159227,364.38113878360053
0.639,1920.9580424217236,1435.2240336121547,356.4658384911857
0.665,1968.5659414551683,1452.4836869852588,405.5547581637413
0.665,1886.5758922845907,1449.1927148895618,301.39514880697334
0.693,1635.3940976619094,1426.5818777045722,373.21355865360016
0.693,1857.896802417596,1591.8078363138372,353.5230427738349
0.693,1924.4551634930615,1445.28561567047,380.89732854318146
0.693,1801.0446522077345,1412.5504718380257,364.7422614385643
0.72,2160.6211775819556,1593.6411951857567,403.78250914330226
0.72,1744.547728239068,1555.3135973140047,370.9951168074736
0.747,1816.0991637650818,1616.8475408312588,391.8585286446414
0.747,1782.1957505030666,1478.6292777585359,404.61110329388094
0.748,1872.816043899147,1467.8230230720887,395.00173624999604
0.748,1827.7914144805989,1476.898107218009,397.4438448165347
0.775,1974.5840101843355,1685.1249758961605,383.57302703445913
0.775,1766.2466156445823,1499.0046645380392,383.90836695311106
0.809,1654.8090275218299,1454.4172780188635,385.87872922131953
0.809,1936.1186232822895,1466.2795998157865,358.72909238100624
0.829,1804.447100801013,1543.9565057997156,406.2404799584204
0.829,1913.6599209509577,1487.9083617679382,399.2030104624051
0.829,1913.8642476962377,1667.2987025572804,370.7558798845031
0.83,1760.2237856018576,1412.2835960084765,386.35430428950855
0.85,1985.3237241590148,1427.2374320086353,389.47700419837025
0.871,1823.499328761805,1429.737568075872,384.8467242831494
0.872,1934.6460619778181,1477.2684402824182,397.5586872227822
0.89,2015.3893708116525,1449.805447143541,373.5940508905058
0.891,1921.5030262848395,1553.9406472884734,349.5675867418272
0.891,1997.7857608057807,1422.2403679060417,372.6498103702493
0.891,1821.5586581535365,1495.6841491015944,379.9566683837912
0.911,1919.8453409933024,1572.3468273247677,367.74108427887944
0.911,1901.2666516854601,1503.7309625793453,380.96870082706886
0.932,1855.9163479155154,1501.1882392472148,369.91216281763434
0.932,1764.6204104873132,1467.380783204931,354.1944733274703
0.953,1883.4998102313075,1550.9677398239305,320.4786051117169
0.953,1824.8866617594463,1503.5976536561877,363.6226972047789
0.975,1785.202617322378,1510.6064227825539,406.7358338002344
0.975,1941.6576421576683,1475.4745813155403,378.41732117848056
0.996,2012.077913601887,1482.8245560396836,360.7498628208216
0.996,1984.0149203611127,1405.6824219154666,366.8893910066557
1.018,2037.794358745976,1511.7199163172952,372.34472807728724
1.018,1861.638186658563,1428.509083815235,378.4462974780479
1.038,1932.1409806020788,1705.7393219106652,386.01614612027544
1.038,1874.3325693380334,1453.6135064400517,368.85710891238654
1.058,1796.2596998778047,1558.1327182740529,345.8529329301409
1.058,1861.383655678109,1613.834807535677,383.3801012463982
1.059,1924.5659159693048,1561.2926733423913,360.49448771139186
1.059,1835.405464287578,1583.1574917745372,381.42466926856014
1.08,1871.7553459286667,1488.122621872971,380.0867352747358
1.08,1970.1488061664634,1408.0357130925931,363.49382868979507
1.101,2129.306324322526,1470.6890656746898,346.8605337353114
1.101,1817.6771334789505,1523.1269852759294,381.61257217246094
1.122,1812.451018211434,1362.886776697354,362.1764855934335
1.122,1888.9709010176218,1536.7675997339538,348.19581118416403
1.145,1961.2997998368305,1448.1411623334034,386.543535375227
1.145,2000.604665360524,1622.6977865120493,383.3661099556451
1.164,1857.366113530028,1572.0346270435446,358.1213113231088
1.164,2072.8349669257623,1610.567059755587,379.4947224613793
1.185,1909.3557304195217,1397.3691529978905,369.3964217677538
1.185,1906.4376994475756,1539.8493253751171,366.5649811785935
1.205,2020.922880430387,1570.9491994413888,412.35706234101775
1.205,1868.248354797671,1400.5970658894726,393.4002826890456
1.228,1880.4919704540316,1501.4980904668469,361.89584340666664
1.228,1798.2846736178603,1643.8593864718046,411.1765618677033
1.229,1766.689083158543,1478.2311083467193,367.13947183158757
1.229,1958.6115340120516,1620.5352041459782,363.6789668946377
1.247,1873.4697053229581,1578.0589485433054,368.88269175750014
1.247,1924.8696300472354,1470.9089679638691,391.2011193300892
1.268,1991.8244801649905,1549.7426546419076,372.24885651338656
1.268,1757.213909446588,1394.9078072792418,391.2364781534184
1.289,1927.4106028341844,1435.7320860351147,396.1707423597714
1.289,2038.2731171175376,1518.8019627899105,404.64297848230956
1.332,1965.2680314451877,1560.747957704343,362.34801882488165
1.332,1815.9083484589846,1456.4591601989518,379.84130256804235
1.332,2017.9001116917923,1604.5044515604422,395.7539519092858
1.333,1925.6158267167493,1378.2832416298063,376.4935730574917
1.354,1915.5308130747808,1462.5954799021974,365.39654767145544
1.354,1725.5637321715722,1531.2523751301533,379.8608523077997
1.372,1989.0659472118346,1442.2207644395896,375.629291152007
1.372,1693.7966576825029,1499.0859831146456,385.71417011284143
1.393,1854.2424284620147,1502.2049881562439,403.19083313049583
1.394,1736.6289186726972,1386.8451261445173,391.5132721743128
1.394,1862.196615587551,1363.5959065415564,414.86038579197725
1.394,1859.1993781274311,1589.7744053678753,393.6663204392504
1.415,1847.758616184571,1591.5752659856694,380.77432869153927
1.415,1853.08476347661,1524.6806503862392,342.09743128158374
1.435,1992.222845742424,1501.9101685997566,402.07607951176584
1.435,1758.9608558256264,1440.5628341142697,410.7168125802219
1.457,1704.422728530033,1594.273818353389,390.0737140949502
1.457,1903.4753382560789,1500.9534759388948,359.7925583676116
1.479,1781.7915521159216,1408.4162928222443,359.705087501993
1.479,1868.8091189298436,1488.8849695390984,378.8007191958242
1.502,1740.1477873819313,1458.2567314796563,408.23340419398414
1.502,1928.016701421513,1486.761579240651,371.6828800887157
1.522,1712.8299043258248,1590.4312338688646,335.851372846687
1.522,1924.656369748796,1574.3889090290754,362.87382474861596
1.542,1728.855016240182,1562.685807477826,386.76938112980815
1.543,1764.5565621041276,1638.9024788967781,388.35581900848643
1.563,1706.7808615343201,1405.1842131585597,400.0136383388084
1.563,1872.0279383432037,1561.417520650218,391.3136850324831
1.563,1906.8175505130084,1460.9965427989061,392.62633518314226
1.563,1808.291457080918,1528.4905016511366,342.11630178461246
1.584,1927.0009088079307,1507.9669523089024,392.29651556668404
1.584,1898.6394442098322,1596.595320398268,380.80032431941424
1.605,1809.5059146398296,1521.9802874035454,360.18329976524444
1.605,1829.388543533435,1514.0623685757444,367.1793581524211
1.627,1906.0686206398968,1446.4199365850411,394.2647304734129
1.627,1975.5361189871712,1381.5941381776938,389.85540148695407
1.647,1915.8542679964285,1428.7251884812488,359.6987831096193
1.647,1672.594553503348,1426.9207693408082,385.87828298994884
1.668,1892.6501530448659,1522.6062340241865,384.89529526780717
1.668,1912.052280157092,1566.979895195343,365.828151150376
1.691,1928.9328539693313,1483.7491687735471,366.0239510129252
1.691,1782.000254820471,1491.1144541962458,372.457426974297
1.711,1728.437446139616,1447.1960032765446,404.950817357456
1.711,1971.8199001076468,1551.2526080374655,356.7430483486356
1.731,1926.8773987612497,1633.4371122161863,380.9064229264738
1.731,1808.4511820317578,1369.4473611468475,372.1696427111924
1.732,1934.865517984958,1549.1387505969599,362.1227597604658
1.732,1740.2783190111593,1377.91976843173,404.00030670826794
1.752,1773.8572290090153,1431.6682038923245,370.2059828798814
1.752,1911.8027205724982,1514.534021315489,361.67553632709337
1.772,1917.8016410048879,1495.038752573938,377.22350950540726
1.772,1915.0390361489901,1621.7352422856038,353.4368902973456
1.794,1805.0694267601411,1458.171088659214,398.13464735149375
1.794,1706.8091884014439,1429.5396905830567,384.08463024115963
1.815,1903.853205855613,1453.7107678776395,379.8414094540403
1.815,1930.306217259109,1413.3495713126597,360.0278995068869
1.837,1887.3650328198466,1586.0014492709158,369.6714884774131
1.837,1789.6789494744396,1418.3116836825047,387.18967606593014
1.859,1934.963977733472,1411.7480888799162,379.8079976386313
1.859,1830.8996598420672,1551.5181004981962,384.67704028615145
1.88,1881.2051080719382,1414.8146862858725,385.8815725715773
1.88,1852.6720152161238,1469.2588335541948,392.3775017712333
1.899,1951.1181672001287,1492.0101856715696,382.723324441076
1.899,1759.6538920809405,1418.5153367468522,382.2446841744528
1.9,1780.4696621228252,1567.448767264566,375.80808662109536
1.9,1929.0524158520482,1401.1995786147274,379.3272245529296
1.921,1908.4075182484225,1671.336977245286,382.75947403116123
1.921,1823.2021999256076,1516.357788895175,382.84882957279626
1.941,2042.3756668731105,1655.5877967948727,377.5730572799166
1.941,1921.7446219137196,1469.2077715065425,378.3136190360665
1.962,1721.0948649808204,1453.1238170786196,368.53919818968245
1.962,1908.070582033216,1480.2219951386282,378.30298924850877
2.004,1742.2729049119023,1635.8644964062685,377.57944021225353
2.005,1899.2921488654754,1524.2169620228901,378.1003042716191
2.005,1749.5337691260984,1550.9171664365476,383.2942101648526
2.005,1764.1834076843354,1418.2589903978599,403.2313595488043
2.025,1875.7212187379073,1452.5259651258514,365.4257133311377
2.025,2006.1551328078535,1545.3903462048002,355.2149226543576
2.045,1731.3351004805259,1422.1599333724628,420.0510891702969
2.045,1924.741418237084,1530.2085589705355,369.22125062438516
2.066,1852.7607646210088,1408.988498872512,394.4205637067981
2.066,1774.297614742523,1606.7616455040036,363.5106923252685
2.066,1890.3889447727197,1402.5326480113026,370.1937508070467
2.066,2059.1831934245774,1353.9771596471057,382.4469751166246
2.087,1917.3855054287199,1608.5990686607322,400.13850740556137
2.087,1864.1279015977182,1474.305566626243,377.1819549823832
2.107,1831.235629912275,1539.8820973314469,379.9395310472412
2.107,1939.0889773623067,1472.4805292234319,372.39811563146
2.128,1841.080098548639,1470.0635293075231,363.75397297098175
2.129,1779.0586222611842,1603.7936958142607,349.6052869742576
2.15,1772.2155968552127,1398.979463744971,414.35266671250054
2.15,1805.6282735362586,1512.0173294905085,390.85993134163084
2.171,1920.0034198806638,1580.9064941923791,369.2234352132427
2.171,1725.4747041848484,1491.6395591147025,330.64848594837724
2.192,1883.4391902250431,1563.426965456394,326.9295362276623
2.192,1891.6907166091055,1404.4101492534714,367.4543805733902
2.216,1996.608141178408,1375.6046195596605,394.19453887564976
2.216,1737.2778647459127,1524.6053946988534,393.9198307549951
2.234,2015.1118604401895,1473.1209322151794,370.486643906139
2.234,1845.2359554335985,1579.6271198685067,371.4773701592543
2.234,1783.4931742705921,1443.2037250298517,410.2647844050784
2.234,1787.1215611994928,1513.056669042466,344.7847553953723
2.255,1808.6200009651916,1534.769572956222,389.59384091442007
2.255,1768.9602052724624,1482.3137645326879,412.6316301256594
2.276,1818.5330905889393,1357.0482129198767,334.5343125880988
2.276,1975.4692820668915,1605.2934116467782,390.7723730876787
2.299,1874.4973280534693,1619.1938703247536,353.4347238516561
2.299,1807.2620871974304,1438.722484111907,408.177526677246
2.322,1926.0842137369134,1435.9479960725055,374.7585188401608
2.322,1883.5843868772756,1630.8227931214285,395.3405119702617
2.342,1925.0819551142808,1405.6676143791099,361.26168257521823
2.342,1936.9725618123512,1568.9351315203126,380.4918414782328
2.385,1758.8164423885871,1404.769697801662,372.59649608728114
2.385,1791.159351385658,1457.7300341756095,398.02688261662007
2.385,1675.2336207859853,1419.0367521186292,373.6718484930071
2.385,1912.894207260063,1516.8003877619237,415.2039489525829
2.406,1940.7983186881215,1486.2895838347747,349.40744467824067
2.406,1948.001530793795,1472.0190128779464,410.88405997127273
2.406,2005.3768977222817,1544.0655450181466,389.03537979450005
2.406,1831.078812818905,1578.215619857701,352.6118866184367
2.426,1736.8140856517944,1479.0330010324483,313.88810264698225
2.426,1803.5227538912393,1486.5085421077767,382.4598066449597
2.447,1878.5810658347452,1475.9521766106275,375.58119746685367
2.447,1906.9469039563685,1494.8273629653484,376.91703004697825
2.468,1815.2566515438928,1493.00647300897,366.81324062340167
2.469,1718.8688966239195,1482.0392785690753,386.8743461914399
2.489,1737.275303190529,1440.446488931206,368.9747195165396
2.489,1881.7173000653806,1538.0642310708433,381.7212338059169
2.511,1798.6720443594547,1429.918093088816,379.83722751597685
2.511,1915.188762975686,1452.6015881721203,398.1740167689905
2.532,1807.1582613188725,1529.7759203357457,350.7988643990446
2.532,1845.2013492712026,1577.5089565639423,380.7042514017784
2.553,2041.8365637679456,1581.1126963406691,350.2396363352753
2.553,1708.3339138299618,1492.3648216801437,333.2564442048703
2.573,1957.0378318492901,1520.4935071679456,384.3587055399087
2.573,1900.7920901402606,1472.7690818821654,341.29946315019174
2.575,1943.243051610048,1511.3003847552209,383.0500599899779
2.575,1842.2183128930615,1508.6808540622,368.7083970570348
2.592,1698.9068738808464,1530.5474944147022,374.40347995869627
2.592,1971.2050914901188,1476.857795811764,371.20115032882387
2.614,1820.4546435895352,1454.6952807948205,386.9818073860963
2.614,1890.7186331310295,1549.6960718676266,392.94118036489954
2.636,2025.3436739140134,1494.364307329097,356.5623891497416
2.636,2077.60760790275,1569.0708142411313,397.85491026853435
2.655,1785.4744268522413,1525.7567113167524,357.50879978256177
2.655,1889.267499825782,1490.3353679054574,390.6320979273164
2.676,1884.7088489946939,1646.0964466272408,361.9174022599504
2.676,1798.5814953669517,1499.8067832337333,394.1072733634332
2.696,1913.9332879954804,1493.8694559268783,358.0052157908243
2.696,1959.284752088029,1484.181420407779,402.79950226134787
2.718,1892.7278302217528,1454.3386277431343,375.63513890458574
2.718,1722.7112135486443,1454.4294665676916,374.07857820949266
2.738,1832.475242832064,1501.0535003375949,341.6332889130257
2.738,1659.4293506282029,1549.107001115954,375.1098182318968
2.738,1651.8594736804991,1487.1932119535581,379.16447528843645
2.738,1818.74314723753,1498.370140828887,341.98857014623206
2.759,1896.7076091413562,1505.316764329657,408.07050597767693
2.759,1863.1377580977146,1531.193427764578,365.5461662794145
2.78,2050.466610284799,1532.7328237318948,347.5159660469684
2.78,1843.7004205683352,1314.3378472612972,389.1952192211103
2.801,1857.0362097097855,1341.5692231473324,399.5581503337905
2.801,1678.0692383050728,1475.4893018686969,353.1801371323379
2.822,1866.6168647510938,1470.568058606445,352.5853316408796
2.822,1981.779884671073,1529.4839473487748,375.15109625500304
2.842,1862.1985482578482,1521.037318226009,313.59872837846837
2.842,1846.394896290793,1422.877025805483,374.6441162374516
2.863,1886.677714475568,1447.3753715819341,358.6223685076019
2.863,1862.779638269005,1519.5844076676015,372.57225834892466
2.884,1856.9625560099273,1475.021802086564,391.29154082903835
2.884,1774.080078497155,1533.9355528837023,348.3188773817953
2.904,1980.122721307729,1234.346262586672,403.2763343568773
2.905,1777.3231535387372,1454.7683853577914,390.5611632391965
2.905,1875.2796405332167,1576.3414136917968,388.1985679062123
2.905,1909.5794491283623,1473.0684003901924,392.40891306169146
2.927,1883.081927744135,1471.3718086971135,401.26949108813363
2.927,1930.6204455389004,1502.8978770189083,412.84858317419264
2.949,1852.8636066863678,1490.5076704438363,330.2530906511161
2.949,1889.3599043048675,1324.7800394716137,388.7390656000849
2.969,1994.9591976384406,1563.3905252107047,372.13911114531726
2.969,1831.002392933117,1606.3054346757835,392.0252645923841
2.989,1869.1815590654132,1489.0622100456376,362.43002897924856
2.989,1900.6968717537038,1452.0271117990997,372.8379679141752
3.01,1856.5706037211792,1457.3465741357986,379.3171098818479
3.01,1800.2455398489801,1482.0262245586619,331.1619627331009
3.03,1821.3315745164505,1579.992501877519,384.2549282658124
3.03,1940.7967117670999,1619.376807781236,373.819922375835
3.051,1672.9483698434738,1383.6926340050813,356.00822877489554
3.051,1853.5563195544635,1462.6560468427242,375.96732657100904
3.075,1716.2188000506444,1331.3984983517412,336.2402128058808
3.075,1876.601390313883,1492.2337704116617,356.1727392740588
3.075,1827.5801509280045,1534.960991667986,412.6745252329201
3.075,1812.1271480087491,1588.3426938630105,395.6905532687451
3.097,1839.1071768415686,1548.0705956912223,374.38506138891466
3.097,1883.7007223195053,1502.8640453757923,380.0412844363987
3.117,1904.8316580547644,1521.0871669798414,366.40515909706846
3.117,2060.0765702894305,1556.6649007945387,410.93359657058323
3.139,1848.6268772441008,1617.0920265394316,376.08106085190417
3.139,1907.2519019115157,1472.4140233842566,375.14107396712103
3.16,1974.127894107602,1551.393825683225,388.33996693929686
3.16,1805.883463203035,1527.8020396876072,366.45493954988643
3.18,1875.3327361251097,1633.3999346791588,375.0816975339206
3.18,1818.3842212491675,1539.0760542254475,355.6442464695368
3.202,1842.2967373063457,1677.731809504819,347.4857444933231
3.202,1928.017452530719,1582.1517295851397,389.7704449731363
3.246,1765.3144319090484,1601.420535840372,380.1666784869033
3.246,1745.5990294225314,1552.5983012963598,379.42970265870247
3.247,1764.4145535068951,1353.4323661195133,404.95397217767203
3.247,1893.3947352207485,1507.0177224240676,387.51471568182546
3.247,1976.222512671572,1460.7705290995093,352.8092227785274
3.247,1853.8719251888772,1438.1949189952047,361.256640379504
3.267,1805.0663878390508,1462.3519052164434,353.30884277605804
3.267,1734.9100770936072,1462.7614459657993,380.4471777649293
3.287,1988.2828946849097,1398.3334615193737,352.4495785988075
3.287,1912.9401309361203,1595.498851348991,339.8415102599417
3.307,1896.9046747448072,1504.2816241197809,360.27100708309604
3.308,1944.0632147385957,1446.1808110059249,378.2838413825184
3.328,1743.536109264492,1507.600374735715,382.6562998542882
3.328,1596.0966361572907,1435.4074732586885,417.86717732464075
3.349,1877.5761001042247,1420.286864305082,347.8399036708461
3.349,1945.3126217912302,1545.6903396710086,392.5406695184404
3.37,1797.5335463400438,1520.2461655827242,399.42541847502457
3.37,1861.4828684536817,1536.5971588485215,383.16016516881194
3.39,1805.3756680174017,1362.5958246093817,367.3031091096775
3.39,1908.9037443481807,1546.9347433540722,340.0068398322351
3.411,2000.1256047009688,1519.2306090978334,389.2894154807155
3.411,1791.5823558867012,1512.8539076448983,428.599114443865
3.412,1661.0122504508124,1598.8614677977307,394.59444551465515
3.412,1817.52894770345,1438.3733244741068,350.3635554766482
3.433,1984.7902921283496,1454.2691043380894,364.37749031817765
3.433,1875.0793456067404,1454.008702377645,355.2048729796923
3.453,1801.510387186994,1411.6350256697847,383.6095174091171
3.453,1745.7518788980092,1372.177479057827,384.35068974857796
3.475,1792.3416245705776,1456.8044290418375,394.0368496334805
3.475,1921.4221253644432,1530.1800894913565,438.4290071651801
3.495,1937.023071100203,1598.8151752537733,394.1399981368801
3.495,1813.045886690355,1370.0997763259136,373.0213550289711
3.515,1885.544940174523,1534.6949133394698,374.51556263705953
3.515,1913.668601817026,1496.6290205249497,374.4081285750071
3.536,1808.8856742028279,1445.9081141839138,368.64926349578957
3.536,1883.4249776959875,1517.4353370015294,405.30050976936985
3.558,1793.010197206701,1431.6600034289957,365.69802115136935
3.558,1718.6930728099742,1610.1766800023563,355.7572833891715
3.578,1773.9839887767753,1506.9626054826806,381.39167822571
3.578,1873.5074245117528,1600.1571801326204,384.9758680757267
3.578,1812.0226826380492,1411.729223762366,382.79587660121877
3.578,1763.1872971659818,1464.4832878743296,357.3709421201588
3.598,1977.4798711264605,1404.4456771158466,399.4574618295401
3.599,1833.7304113126006,1428.5585517742402,387.65210364363423
3.62,1995.821919654131,1638.644100853261,434.9546334352527
3.62,1758.043312015868,1479.341973670966,393.7252219142588
3.639,1981.008795674672,1482.3865469489276,395.0234264154587
3.639,1931.302958974596,1341.4461881766886,361.3398320749952
3.661,1925.75392513377,1498.3244422275068,390.06275120421907
3.661,1827.5505257945304,1494.7467321472334,371.04081573331473
3.681,1780.0362001508804,1532.4145881770116,366.3831050211666
3.681,1817.6943296921972,1468.1504522558182,373.11035871070845
3.701,1811.3395297565953,1655.8891727915047,363.54501162751285
3.701,1775.6393163052403,1535.2390669349172,388.9167514291291
3.724,1888.1722115701878,1479.251957733321,364.47985979457616
3.724,2058.0121815349567,1599.7679597447827,365.31682955632965
3.746,1801.5364460201638,1568.232259518588,384.44375632735876
3.746,1785.5841515369377,1472.784781290761,393.1186496201101
3.747,1717.612424791498,1523.1265420469128,376.64781408188816
3.747,1861.5966083458563,1511.6551749974124,384.15403942750737
3.767,1970.4974096466478,1507.9499605719361,337.52059871758706
3.767,2112.2241195055713,1470.0951391075039,392.26089354545826
3.787,1847.830434523689,1467.6012218793942,380.392778027049
3.787,1887.6553958527093,1589.2971498976729,410.67172009750914
3.807,1912.2107359484862,1534.3622746832461,399.9365752044599
3.807,1877.8112522240106,1415.9319894146056,381.43389261046565
3.828,2039.2466839819367,1463.9656395963573,366.2336224612772
3.828,1779.913262502016,1486.9701261902976,392.6447951913866
3.849,1729.9174930998574,1482.4165237663065,392.1004275334953
3.85,1910.781457565159,1424.1304636650466,371.5037114749611
3.87,2065.2941412685213,1518.3202607526937,355.854526232743
3.87,1765.8921135726418,1445.284209423171,359.678204485648
3.892,1879.8915370019527,1620.126841661787,399.6016237081314
3.892,1843.7429073141784,1459.2287961114334,394.28640927129715
3.916,2091.858950232559,1614.7658004961172,412.6885691982596
3.916,2028.5755723534128,1551.7894971054768,392.47854046283845
3.917,1797.1559196166202,1578.2648444010592,393.96261139724373
3.917,2059.3709095401896,1460.3227206660267,403.9128254098047
3.956,1844.5775595842997,1434.50035550036,376.9796677301567
3.956,1684.5354060690922,1483.10967195668,372.35960935924686
3.956,1609.289995858235,1475.7934059717554,390.39723360867913
3.956,2086.0076616719602,1488.28669901725,408.9490799353454
3.974,2024.4231062464614,1502.7574472009069,376.49254516424713
3.974,1891.2318936568886,1381.0865478458672,394.09583583109037
3.995,1971.741357414195,1433.2411972292043,377.2904389757176
3.995,1747.5586840752196,1569.8596393861187,415.0317115658484
4.016,1980.438500125433,1377.6551115282123,350.28553578754276
4.016,1826.0490139171852,1475.4883536191614,381.67829426019443
4.038,1775.754171905228,1508.2946363591293,402.9688136923583
4.038,1912.8663103044653,1616.6878597589798,378.8645156154934
4.059,1841.8839726816698,1308.0319275874333,362.1688201178108
4.059,1929.6746674752073,1593.309777118963,366.37995783804774
4.078,1828.2791999572255,1612.4560936449266,408.64533215943305
4.079,1972.9489731272495,1529.6307660638095,371.7026317027166
4.079,1759.977496211058,1548.5506869993944,364.8831035987592
4.079,1937.0782236305772,1472.008398210424,345.75725129951087
4.1,2070.3946900472465,1470.0537274073683,401.25999921562817
4.1,1733.3990760472216,1487.0098424577245,362.53533478607847
4.12,1893.5932490982889,1567.484199156712,383.11132951500525
4.12,1884.0754695013213,1419.4183453123767,359.8512688365085
4.141,1909.574932858987,1605.3650402725236,378.0106867385618
4.141,1796.7534099657817,1416.3169473832886,379.97152114472823
4.162,1906.9553100997714,1493.285121696855,399.77850486224975
4.162,1729.6543203512335,1543.0180500914428,386.6447923669237
4.183,1743.7146846606129,1605.919081943365,382.635875207357
4.183,1893.5774456723086,1515.465624128472,353.00163631191487
4.203,1933.6385393926498,1456.7757240784706,403.12352887464624
4.203,1892.3034490919524,1511.9104844223002,378.7504533380919
4.224,1912.090286931085,1528.3658091188868,368.6890025094591
4.224,1843.923636150997,1569.4851688208603,379.52772630528
4.245,1875.4758536931156,1628.8829253635527,363.8440464663093
4.245,1986.285495203348,1421.6538835887002,398.72483793135535
4.245,1831.2127332997632,1665.0693977619453,379.2015601580415
4.245,1955.155140393403,1428.215740635962,398.6907680714891
4.265,1956.955664690957,1493.5616640527269,366.6141578746915
4.265,1820.3828650321643,1386.25439809071,391.30620865758596
4.286,1859.8090636240406,1654.9140043071784,361.7801611898527
4.286,1873.8641794315618,1424.7629937575587,405.8132522777943
4.308,1775.917292681629,1493.9612062679334,356.6826221434862
4.308,1666.9529083152938,1603.274189997729,371.7754166686298
4.328,1958.8002904119242,1400.8001808942236,420.79991440146165
4.328,1663.7930825258436,1609.9507332158657,382.9084616447695
4.351,1878.2536561290358,1534.681092838354,389.99671433105357
4.351,1944.0130033733224,1475.082593581092,351.84245241266007
4.37,1941.1346878242307,1555.9184117714633,393.5830542678225
4.37,1732.0471107937883,1557.5300098179343,406.6759553165081
4.391,1833.5477811816238,1505.2864812838902,384.262029841831
4.391,1919.3302140852245,1446.1427391130544,362.25902445919303
4.412,1843.0935049194434,1683.7639540199912,391.41954142229764
4.412,1846.2346997333957,1429.856646007148,406.31458033439014
4.412,1907.700585646066,1573.3953997599938,386.84064681783184
4.412,1900.2501863171249,1390.0997598609672,407.95948889154135
4.432,1778.6557013475185,1518.8246874349682,372.8640367584851
4.432,1973.625117477538,1469.5038288348328,402.68603472429123
4.454,1827.1681482795336,1463.6164930132725,390.41685826474753
4.454,1907.4002239591152,1448.9241355842248,393.8504826932043
4.475,1929.3364718516837,1421.600004384458,368.7310042257119
4.475,2031.4114819634601,1549.5335953684455,391.173125456146
4.495,1859.0731408060847,1523.7773763077644,377.1515976280915
4.495,1846.9061146218305,1605.274969350703,389.1181235591153
4.517,1908.0208346750312,1570.1990098520482,377.9918546474508
4.517,1758.3927994889582,1455.9716425094555,380.72094172755135
4.537,1977.2449457782975,1491.1194941123213,383.3705577264336
4.537,1980.7289574312508,1399.591272260087,385.1374140621928
4.557,1911.08999658507,1599.3666170020072,358.36328197304624
4.557,1850.5144619903597,1564.931241275703,457.75820573295937
4.578,2001.415865774921,1533.671352119974,382.0255152407853
4.578,1939.9928794994287,1408.4938317619626,371.03733135501085
4.578,1742.886454701166,1496.1969531930854,390.7779666627875
4.578,1809.4767072398188,1576.9037693595503,360.7448477039152
4.598,1777.0942965775184,1420.9515418927283,407.44779366168876
4.598,1800.1715899949786,1440.6502827196312,378.6973781733963
4.62,1854.798434064889,1500.3312483627215,347.0650406586617
4.62,1909.3549179156876,1454.1074782065575,370.9435435324792
4.643,1798.7781429496247,1370.563882895416,392.99107635306797
4.643,1799.626896494758,1294.9721091163008,398.12040955260846
4.662,2002.8801877467963,1562.8961776314154,353.26559987081725
4.662,1885.4520536534899,1630.0365552945582,377.7164429653917
4.683,2038.9074544935763,1601.0846531582058,367.0852138693618
4.683,1864.14284959638,1536.4418420343009,383.22178765783156
4.703,1726.0704440937332,1450.8586215407856,392.5913923483721
4.703,1808.7578889097208,1641.3633240833897,398.9102286112856
4.723,1911.8071828882114,1491.238210563307,360.89683080695374
4.723,1838.0013660230202,1460.0050684044966,367.152525690598
4.766,1741.6956497975486,1487.6983997577606,398.1093088408151
4.766,1949.3236848678719,1376.455360820473,368.251425220047
4.766,2146.2912602855686,1449.99759586047,349.30291168405944
4.766,1866.6371294062508,1485.976325100344,373.69415773023184
4.767,1954.7841096529064,1426.3874573556295,414.2622194259212
4.767,1899.8814839366444,1621.486706405889,387.74030327166713
4.785,1863.3437769717161,1564.5645203553347,384.64490759891294
4.785,1855.1442745205857,1395.1134852783116,369.03371915835453
4.806,1857.9381795056015,1547.810222293332,412.37349382918046
4.807,1787.0507766017467,1566.397527632606,388.15686126257845
4.827,1924.9230974015384,1529.104165279625,393.5244270761
4.827,2086.2660786268825,1542.2746721630895,374.3229629023693
4.848,1619.0950297997454,1551.2408581870172,381.0824404302248
4.848,1773.680399518665,1557.5506649969532,356.4919261497121
4.868,1904.3191733717588,1377.5269202210866,380.5910976543842
4.868,2035.7717974741786,1564.6255570602243,366.1125009583493
4.891,1887.013196372275,1531.5787980614039,407.29544344863916
4.891,1812.0492753431756,1605.8203075706833,403.27451066951716
4.911,1752.996374788474,1530.7999101902597,371.9440877167654
4.911,1941.9857897387756,1483.6005690263657,390.1308901022225
4.912,1777.1935942099701,1339.7693739904942,359.3838036996185
4.912,1901.4612850041249,1575.9706200455794,327.8629607024122
4.952,1881.0521774271363,1579.128086871287,395.6274364956189
4.952,1765.6091146422064,1541.0170808858575,403.3726992865794
4.952,1748.5310263766157,1484.5154579938105,350.90463887077175
4.954,1916.316762879928,1463.1829845494578,383.01567075617265
4.973,1878.4190091061005,1416.2538051678994,362.6278410444803
4.974,1752.4664736480797,1417.946746892779,368.3474474804114
4.996,1865.5835943448562,1482.2700868300917,399.9481145039618
4.996,1661.1435655432167,1451.3485152619774,389.1085119792689
5.016,1896.4746285456552,1515.9280879629487,387.420486093632
5.016,2031.2277034313454,1303.898279355811,370.4324414060333
5.037,1847.18278241417,1477.9625310729516,436.69064569961023
5.037,1838.911643530723,1513.4456094196862,404.96640015167077
5.057,1907.3722311843742,1511.4440757883035,414.6815339178335
5.057,1764.387859243658,1448.3539512804875,394.6022634299802
5.079,1953.248168505352,1383.5142830216748,379.3005692699996
5.079,1635.819736174531,1567.0178554644128,335.3855965207359
5.079,1932.1038164615552,1463.83519348186,391.7139321246098
5.079,1884.2297996147176,1375.6451424577763,375.0941953940891
5.099,1940.505603142643,1462.8168495176988,380.0628221025771
5.099,1827.84883479464,1510.5445736045028,420.7851642493985
5.142,1773.6267876875052,1441.5621831869867,381.5393568240254
5.142,1993.8147832019074,1504.5911446136088,374.96659678421594
5.142,1842.9294267468767,1635.0157226781268,370.96115504553495
5.143,1905.8317389100876,1633.5191837213906,415.89205473464847
5.162,1911.6636431682302,1431.7587282479997,354.0633577614507
5.162,1871.662736797612,1579.5115111831753,384.2986567592994
5.183,2005.2067687390017,1455.752824527431,358.3182879425427
5.183,1867.7418095437656,1612.9717829923668,365.9966736238466
5.204,1894.3138061120662,1576.3758410063374,446.0158708295728
5.204,1912.1830208395302,1499.8070231301883,383.5711301377727
5.225,1822.2519126167779,1473.073674708169,380.73506966293706
5.225,1791.2718417123904,1463.9093624478776,368.8166136092654
5.247,1925.6396536266323,1502.0373094607648,371.04894761346293
5.247,1810.0811305834216,1736.373055041087,384.4450906559899
5.247,1932.6242588248242,1623.6175598845477,388.6266010800395
5.248,1880.974673477561,1461.4625815374384,367.5184224064854
5.266,1831.9663720193048,1482.4293698357103,357.35425334592173
5.266,2074.620214075011,1532.5271148071454,386.92090066915694
5.288,1691.2523458730225,1526.0339745763133,357.84351606126523
5.288,1718.3719334485165,1571.3931914483062,405.7804564728567
5.308,1795.0904136536426,1407.3776245787885,398.82296159666976
5.308,1928.6082018775398,1633.4868792566288,334.9877560392633
5.329,1902.160347441,1621.1192492326682,393.92754305075806
5.33,1750.9437351726522,1491.2901458563313,365.25142717282637
5.35,1846.0229947664507,1519.926639748042,405.1435260886894
5.35,1832.1167188084212,1542.7366063145907,393.7563115773904
5.371,1733.4630576552888,1497.8605275223042,364.14629843704483
5.371,1840.7764307636332,1581.2646532072142,389.4590136949111
5.393,1940.8004825855603,1499.4640262125988,354.69059390233116
5.393,1915.570781341745,1672.8384555123398,409.5613231183373
5.409,1963.560011137906,1475.455215399606,406.1429073475775
5.41,2078.6517084789384,1576.0372852768498,362.4713244857644
5.41,1856.0488936307356,1656.550905582519,368.00192009925547
5.41,1894.6732286645222,1578.3306213020537,352.60809565306874
5.43,1899.1757929594824,1581.255573690302,369.3649180320681
5.43,1788.938051434901,1605.9364155827393,370.4904157859538
5.453,1949.4051861859962,1504.9892550168822,364.8863324031248
5.454,1929.0587297782174,1616.088719187544,393.23167639867773
5.473,2064.4116953042344,1522.1611531086073,381.5816918460087
5.473,1872.5632148021793,1515.814891510642,368.3758961765847
5.494,1839.987543405455,1588.1366888157597,367.16838941482274
5.495,1740.5648231125567,1447.8358509687346,399.9352435885017
5.517,1924.8703725225544,1431.781009059445,335.32863631811904
5.517,1899.025180346537,1442.1344873632845,407.05214491986993
5.536,1948.3990091232017,1461.1781972964986,393.02486468382176
5.536,1854.1172015350046,1494.1195018316293,379.9005637936046
5.557,1924.8972211447442,1548.171873035906,388.3463438041554
5.557,1951.840841804002,1470.3707615051428,376.0345862420171
5.578,1899.343335511167,1406.278469450089,350.1845919384026
5.578,1944.2745425889907,1550.7396644320331,384.48535178068244
5.578,1827.6935478097382,1625.6608369580028,413.07680803207637
5.578,1848.274140320126,1496.1454176808795,378.10976406454625
5.6,2027.1014369535744,1476.595291401455,375.81683821394046
5.6,2000.5829878529073,1587.0891313368845,404.414179237462
5.621,1837.7471115788385,1535.0297295784426,390.63601529848097
5.621,1870.8552155584464,1503.1734425466357,322.98211085484485
5.641,2051.5921927114737,1254.8677579621678,448.50216969600433
5.641,1761.1467345415654,1423.4309117030034,400.6617919575553
5.662,1882.4773285749047,1387.9450531050422,380.7135647339256
5.662,2036.2590107889134,1486.474281836067,390.266612814809
5.682,1734.804668854338,1435.313963809795,375.5494685064165
5.682,1800.1972409451976,1259.920914419848,402.47780233972753
5.704,1919.6125783120965,1564.200918809882,327.96152505791343
5.704,1996.7571954226382,1510.2111834754396,371.3741236862034
5.724,1818.4962058450546,1298.956927396263,346.9114435986068
5.724,2010.7443199617735,1506.8625867658375,386.4730193904078
5.744,1728.049466936966,1533.6791788160936,395.14395883230156
5.744,1986.9475858783378,1493.153632241156,388.29662642383425
5.745,1629.3234727128763,1491.617632263309,370.708263107345
5.745,1902.9615399925392,1336.6311692134564,411.2659078862677
5.765,1919.4953231849643,1578.730489433567,400.25479134831926
5.765,1914.0703040212406,1593.5579532616919,401.40270573798944
5.806,1864.2908354996323,1643.958151340074,416.6031411556972
5.806,1834.4132672122482,1533.4152117639799,371.8014342160741
5.806,1768.8081696203933,1533.3450878575723,440.8774878902594
5.806,1965.0616622860703,1607.7477074762367,419.9561369917001
5.827,1863.2198644532175,1573.7839151611429,442.0781125155049
5.827,1884.4616694273705,1533.8086937907642,399.202240228267
5.848,1752.0025820471787,1635.1230000154176,415.59162028883736
5.848,1862.1838999108165,1391.0060343535024,380.5459244115456
5.868,1835.8943724958986,1516.001666485473,434.8031359434476
5.868,1949.7112976035685,1606.5147002825784,428.55453851953047
5.889,1854.8713657352473,1609.4229396150024,392.93052172777277
5.889,1854.067703077245,1435.475817357311,414.78417505376166
5.909,1838.177456956913,1490.061567369672,345.6216970395676
5.909,1870.6419538411042,1554.743693358998,372.56800839579273
5.909,2032.8324211992667,1526.7585183019619,396.9551243949539
5.909,1936.8065825617196,1697.8395910166394,405.40677023604434
5.93,2022.5420001110772,1462.77890307437,382.39108529232993
5.93,1803.9385209025659,1523.5862790210117,348.91805618880636
5.951,1861.930221014143,1604.7211336133223,378.3023554679649
5.951,1874.0988005179297,1608.647079727631,388.8815507998218
5.97,1923.3131342453685,1533.0223446268944,352.32839021294706
5.97,1736.1717919964474,1510.2541054399553,415.4493307797029
5.99,1740.2553153465153,1580.4023724614246,383.2624524541858
5.991,1886.2134102380135,1509.1946089227115,354.0300334511836
6.012,1823.907776769062,1558.661727678762,397.4683951814593
6.012,1857.0358774071603,1544.3732334371691,391.2149989478227
6.034,1981.6393665499697,1551.0946268290684,383.55132002202737
6.034,1855.6044092007794,1526.8715747508284,369.592296776403
6.054,1912.9470117478158,1566.590726093325,388.3525288057925
6.054,1904.3980076992427,1690.060832338067,346.50252149422397
6.075,1969.6156055399883,1496.8651592890074,372.60675006145055
6.075,2060.2315670602206,1619.7600695526833,396.89900611525195
6.075,1860.6246728764,1445.041808336054,356.13758922443577
6.075,1626.0002664575677,1393.4409861683516,386.31310493386275
6.096,1829.0962724002368,1599.2161066114306,356.80601825876295
6.096,1783.3072658657397,1446.1001613608908,358.4518695467545
6.117,1990.5756677838795,1632.0404775731308,416.8063356475826
6.117,1881.7243927155255,1532.4002939723273,397.0700383425605
6.138,1972.4063949354509,1566.2528534768442,376.8258971535773
6.138,1819.3534413783088,1382.3519708425893,349.85782654651706
6.158,2030.2956699936944,1557.4114986224774,371.7678156448133
6.158,2004.8645900044453,1537.6440828563302,391.22690861880307
6.18,1805.814306317368,1477.0789905821891,392.2990752223213
6.18,1838.3390953436694,1480.2190688840842,366.8711747822955
6.201,1901.2904008660876,1456.9074673242312,366.17921202525105
6.201,1900.4190398213755,1653.2862512893275,377.38251334142956
6.223,2066.6348453174005,1598.6542611276218,400.1911435550315
6.223,1821.2388099960087,1609.2027764415716,361.8523869137316
6.243,1834.3765616251108,1594.8646755700545,373.20389400609866
6.244,2000.949943843881,1505.1793157255013,415.0042475952724
6.244,1923.5023476824765,1462.7460554991753,347.0902946386092
6.244,1936.5263897205334,1640.978658992732,378.6235949836459
6.264,1970.395840650229,1443.0057607083525,403.7457421113703
6.264,2020.6629239525778,1566.8760584709469,316.0983925796603
6.284,1954.5804293223584,1516.3186705945245,368.66161684676064
6.284,1920.2143813071996,1559.5310395912325,391.4743549633806
6.308,1846.4929241898003,1595.858498613123,364.7491335881459
6.308,1960.765310897557,1492.1134156407852,389.97037709343937
6.326,1896.832185744408,1645.2845914403617,379.12120316244403
6.326,1710.8255473980364,1479.708061459056,401.02948863183127
6.347,1970.888797890612,1597.8404907276617,376.60511099771503
6.347,1702.8251091937896,1603.3577608245419,387.1651846251991
6.368,1880.9866128477843,1684.9428082492523,382.48529788326493
6.368,1794.910537298445,1602.8037045851838,380.3936309478108
6.388,1899.3473928553262,1532.608780088819,360.2776110691504
6.388,1787.715755558747,1555.1499333409683,387.6354217069099
6.409,1942.4165451644637,1612.553417247791,375.1916380688847
6.409,1946.0234632772153,1612.5033224300537,373.9786045903775
6.409,1833.9768713150213,1648.6956789193212,363.4416850577082
6.409,1748.20319856026,1519.19641714917,364.92483167581753
6.43,1867.8847625388244,1501.205144433928,396.6107032300939
6.43,1822.5815565190846,1634.9806485855793,406.575679397286
6.472,1758.2734643362894,1654.1675034257748,397.63061384096716
6.472,1775.5548965809037,1622.0722007531072,353.6236789359058
6.472,1914.3257223706419,1485.7812539064996,367.7771882456922
6.472,1908.9334836658402,1588.0689747843594,404.1088232386101
6.493,1857.54943841536,1463.1526492848586,367.45497867249776
6.493,1827.7632020326894,1595.7577548222048,379.6081663294296
6.513,1940.5088273429296,1624.8472915620434,383.0610197694629
6.513,1906.054259974709,1457.4328164197293,375.4000452107218
6.534,1930.5680198564016,1513.9826284743378,407.8569978615582
6.534,1924.7713904978266,1566.7073009071553,371.36315940192475
6.555,1882.4150454279659,1487.197000216988,384.8863210186437
6.555,1966.8192001874643,1698.7954216824585,424.5008553722114
6.577,2030.8061488941348,1601.1659402362434,379.70399652075355
6.577,1937.7886648031101,1552.209950547808,383.7813018910135
6.578,1883.6382530761246,1645.0854756040717,412.7974069298568
6.578,1960.3957630147468,1732.689718266625,397.00490056754234
6.597,2004.3234278419372,1513.8430386035975,402.8841956824593
6.597,1834.8179992737555,1566.2071663295712,368.03330602569554
6.617,1938.7344123613998,1573.611049780503,368.22234573776353
6.617,1929.1160501187762,1543.7375795042342,380.3244130212838
6.637,1835.0812894762275,1601.8157553222213,374.56578423843075
6.638,1785.9656969444368,1532.0904712561542,404.28097793763453
6.659,1964.5294519244344,1567.8924306698034,399.7642481708931
6.659,1882.2300836974223,1632.9047740684014,385.06095282694827
6.679,1774.9033065857518,1665.2832906296362,365.89464331047793
6.679,1823.1624018577284,1447.4602405903572,349.9401043386031
6.702,1696.7013440099004,1427.7315684944251,380.33673559073344
6.702,1741.857717591331,1469.0363633921377,381.9132414366898
6.72,1800.695779007916,1679.3916462962643,381.71962159050855
6.72,1850.4472962442967,1661.6564620530196,361.2899500251548
6.741,1796.1856415751536,1687.9785114348695,378.1925423101855
6.741,1906.5365805534843,1495.4602152321863,354.26798784597815
6.741,1893.5802672649183,1483.5653816239471,399.249008964815
6.741,1960.119707645537,1378.7652907501633,399.3177133444796
6.764,1868.579182207093,1602.2069565294626,368.59345441608923
6.764,1815.731545868136,1624.060337072143,385.788260526224
6.782,1615.6779186875824,1579.2193141188284,421.70057871373166
6.783,1948.6213403769252,1453.0260252940625,357.80329698409565
6.804,1851.9040481131804,1598.5342877061942,395.6677243840981
6.804,1891.5473307219506,1443.1654139807904,409.4159024685958
6.826,1903.7770853126433,1499.7656970337064,378.46945903839605
6.826,2068.637746023125,1579.0589717681312,403.926506742072
6.846,1904.6952943872263,1529.9833611223266,392.3306403733781
6.846,1727.9185123642344,1521.3767006116263,362.14294187206104
6.866,2086.651146729371,1501.54095230055,360.24760618723974
6.866,1878.1277509248328,1562.5341558706189,345.52291896740024
6.887,1869.4161065107346,1618.777363867316,381.6694512763539
6.887,1740.3796911424245,1598.466482033676,359.4146786163822
6.907,1865.949215471813,1528.093122684224,342.8233884856767
6.907,1940.2733194097732,1439.3764754083377,378.3916462345786
6.907,1914.2596165733933,1471.5233590785451,353.69272674035824
6.908,2011.1782995138603,1526.1551344288393,364.4167163656583
6.928,1860.7000585580895,1690.1909659232203,357.6261128350972
6.928,1863.0862846553339,1632.4833638203725,368.06169950115583
6.948,1662.133838282107,1628.6946739735706,403.9472462145751
6.948,1795.7553270439967,1542.3326667078718,359.74146549952826
6.968,2060.313412559839,1682.353172144407,369.38129030878855
6.968,1651.5722566532293,1482.477683055683,398.43105407597824
6.992,1851.686955310366,1445.5553101863397,336.7387028008686
6.992,1875.9563555923755,1546.1273404502172,371.6073225822882
7.033,1864.8108409413935,1690.335488145723,377.5561890998268
7.033,1763.611480489183,1415.3270420569668,373.5467963313754
7.033,1902.5826004557389,1520.0327948665783,388.11419501637823
7.033,1911.219946753423,1614.9025698916232,387.8341803339123
7.054,2000.8064997882193,1537.893603007419,382.76384978849103
7.054,1811.874878351521,1624.2312531530058,374.9013590630112
7.077,1699.2783857544096,1570.0025401450891,384.8825854203962
7.077,1775.3048977344383,1692.0641130588162,400.41198527431754
7.077,1903.273906440682,1588.9139633249385,380.2128863247099
7.077,1927.0932962554016,1436.1551767942203,339.9126868894376
7.097,1877.419240272848,1636.526740609058,365.4047160550319
7.097,2001.041100655219,1570.1395388868068,362.66008976243717
7.117,1803.0941445261135,1691.3859121432067,351.79786311266344
7.117,1865.7937764359922,1494.6620042133043,340.3975678289551
7.137,1833.0388163144657,1577.539359678974,390.82872632446083
7.138,1840.3987860252118,1530.7690115422695,328.89663082971936
7.159,1938.3962260540336,1457.8490224363823,383.30005777778706
7.159,1681.071434688521,1535.518101386241,389.6187446124688
7.179,1868.2581409784725,1769.9483858884012,346.3639785617593
7.179,1644.1826136302716,1509.4933053473835,377.38510221702563
7.201,2059.5928506297446,1454.4991670789675,356.49613991344506
7.201,1872.1393994651999,1569.7954692717774,399.3373680454329
7.223,1860.5620176746102,1583.2587843563542,416.30556632924737
7.223,1790.7950634540132,1534.943575009176,340.7668132189701
7.243,1848.9975430008226,1550.7110451186002,390.54122818232213
7.243,1842.9128325911859,1495.4937465013127,338.6634270732813
7.243,1800.0554431845387,1388.507520358491,385.1774003057179
7.243,1858.0665234310466,1592.3919361055891,407.36916086409104
7.264,1901.3092678877647,1409.2886850738817,404.269117806203
7.264,1839.6495909879095,1591.4949219949956,360.27469023477863
7.285,1804.6964773720583,1447.8051662855369,362.0776000706083
7.285,1840.0195559209133,1571.9189638559012,375.884596870824
7.306,1769.3655387452377,1499.3888032823122,399.6963619703455
7.306,1837.2540682440986,1573.992192443335,385.11946797677825
7.322,1939.924841350254,1448.2523262547486,360.8785467125756
7.323,1778.5465175143343,1559.6104733924687,352.46081074148697
7.344,1840.1707259702014,1614.7309345581039,360.02754761884484
7.344,1688.4492454416545,1529.9789606185252,409.0159480700421
7.364,1983.0710801373364,1664.4992040798547,392.76091102054403
7.364,1867.2217663105498,1859.13691042586,386.9657658999701
7.386,1783.3277599124697,1457.9007055969428,371.06901510970596
7.386,1827.2291222072313,1424.5617799293225,350.38673410311185
7.406,1969.2445952498433,1666.0515291899396,363.5322584315904
7.406,1985.4977946604874,1597.0276918425864,359.81335671654523
7.407,1953.570200188005,1482.1307996707972,345.15573144444977
7.407,1664.2174207280552,1561.666682086756,371.68969882576454
7.428,1872.9018702083345,1429.9206984591551,384.9191737988496
7.428,1722.29169649059,1564.9454189770217,350.066750386618
7.449,2068.9522605589427,1522.7543774080334,356.3546261697231
7.449,1831.8685258272276,1647.6823966745665,371.23570739661955
7.468,1909.830103362136,1523.7457286840634,349.95384961027935
7.468,1739.4054982194866,1578.6044164779862,382.03106510705976
7.489,1937.081546857159,1554.1638025113102,346.1941498710307
7.489,1867.0584386415899,1740.203403433971,380.54635106505776
7.509,2025.5065606722155,1533.673396251347,366.2754260124839
7.509,1912.3725438636695,1583.9469573266854,367.8944452220912
7.53,1739.540156452838,1586.5865388807276,351.1825625237187
7.53,1878.955668643627,1552.424309962235,359.275229766548
7.552,1921.811765702619,1588.9134123133244,369.5879622851429
7.552,2009.3448487161695,1430.1625724096068,395.72438218554055
7.573,1836.9890198175651,1687.91350774848,378.714813151303
7.573,1964.5198117019802,1554.2678476196813,370.8294187381139
7.573,1935.674891019175,1579.668411030482,363.21110070509576
7.573,1841.1126922341866,1418.3208106691054,368.6096736494876
7.595,1813.2153764657774,1581.6241886471864,401.16855482948813
7.595,1934.0709422963284,1535.811711347145,379.5955456245423
7.615,1979.1609550540616,1549.429029931225,403.0491241689389
7.615,1857.399575464939,1516.9169408768935,385.6668967615945
7.637,1749.6082374163984,1612.4132379118666,379.872766950454
7.637,1767.473239403884,1656.5611907961522,415.82507758892604
7.658,1888.5991043061777,1603.817529660584,370.63691670053356
7.658,2132.3035686293797,1566.3774504157254,375.6213550669713
7.678,1881.1838192591185,1519.6197462067248,390.19426593452926
7.678,1911.2316025172754,1630.9131945877061,357.87270339329393
7.701,1840.6064306506764,1426.293861541467,401.03666714400833
7.701,1882.7252111994915,1518.9954814259938,399.652415273684
7.722,1933.783495300748,1521.2105933268551,386.04712342351183
7.722,1879.4359441610811,1590.1841412959297,396.8040876057882
7.743,1837.7896600372542,1374.0018768703483,419.1575502784169
7.743,1777.8387899143233,1525.1246482740603,344.2489056136782
7.762,1991.7203356724006,1588.6633751514344,397.31708533819454
7.762,1855.198677028957,1594.0498323542001,405.17048059189835
7.783,1801.4653057134235,1588.0043724149723,376.4898727861993
7.783,1829.4642083961617,1552.0926155849488,355.7502022218474
7.783,2022.3262601026536,1541.7432527351334,354.31718318996843
7.783,2030.9045284197364,1554.4412052335915,356.8059042960393
7.805,1976.7576853400528,1561.6328893815714,422.18083528639835
7.805,1900.597743350359,1532.7285585274565,384.95620591086845
7.824,1885.6278558012855,1608.6761540503983,386.60509193435735
7.824,1877.3147202993644,1623.7580126824732,362.0731644148701
7.844,1850.414155420867,1649.8602735021298,364.6894388356712
7.844,1944.8947616634903,1535.1018272398544,367.67076940837825
7.886,1745.885421964704,1719.7860875859558,355.0395858861176
7.886,1861.7079992802746,1545.2142082669006,370.2452065761658
7.886,1913.008693014894,1651.832240417563,372.06329873593063
7.886,1816.2649979008033,1555.582993346737,316.5103363518494
7.906,1941.264730511961,1545.7363454467998,415.3374068164021
7.906,1743.0443988568452,1509.6124040805576,372.6071417276754
7.906,2036.3809029790782,1504.2474057799434,356.92704623135666
7.906,1917.2002339542921,1645.5233923503304,342.8396581741
7.927,1955.869306530614,1583.1042226883458,381.9842559415943
7.927,1549.5152110459449,1604.2030709055653,407.8355950410042
7.948,1787.072769393681,1494.9243827121916,418.02258602683327
7.948,1935.215370307056,1564.2198127191978,385.5324823420466
7.968,1761.5627908109054,1639.0437335107072,398.1675215753639
7.968,1989.1127324921338,1555.7077633551594,379.08583741838623
7.99,1932.2104393749307,1644.3530565661526,352.62517181297835
7.99,1851.2711981263503,1610.005554872886,381.72931899490027
8.011,1833.529792199863,1590.1637265290863,412.7627790043292
8.012,1804.6318210658,1476.6063912266013,386.9010516563709
8.033,1925.4975050004027,1654.3913967330495,358.02092399704304
8.033,1842.5468899140747,1635.053360203431,427.3351066946228
8.054,1827.5974390499184,1548.7380549396776,386.526531700603
8.054,1898.8609026593624,1586.2257475360448,368.75847137021884
8.075,1894.294696943587,1625.788982465755,369.50636980152166
8.075,1948.2071654326285,1776.9050841878159,391.84063176428583
8.075,1779.721050265647,1543.3197621043403,373.1756148903765
8.076,1752.4418534062606,1593.7383457720698,365.339157437546
8.096,1890.8950923173163,1544.9103419286178,400.39303171164875
8.096,1987.1448516330686,1488.5485316128872,376.7055230764693
8.116,1863.6250558861157,1542.256438971003,363.0291569782592
8.116,1877.7497081733616,1442.9980333194906,373.19288418046955
8.138,1967.993919671111,1583.1185071732482,349.208010482784
8.138,1993.2135589742234,1479.6337099562752,348.0379816469278
8.179,1678.27910977061,1530.6679271977475,393.9511283991347
8.179,1787.6427984340012,1747.3656828945534,370.06280623152577
8.179,1810.2179078132208,1681.3143563090348,328.73384012458644
8.179,1775.7096308801881,1535.6668823156706,350.7670102134115
8.198,1999.736436538541,1619.6452513097838,377.35437737146054
8.198,1668.186515408388,1563.7792888136596,380.59220045829335
8.219,1782.5885537487693,1603.1593425985427,375.6160852379335
8.219,1987.724503828692,1548.109130061944,414.5279502769338
8.24,1833.5394828221495,1642.2189907804818,384.3134572857156
8.241,1935.9017816466699,1541.091685850803,375.855961771847
8.241,1824.871400740186,1590.3406795711187,368.58109260006944
8.241,1885.7352981823256,1511.6808390622248,388.769568208795
8.261,1866.6760228927049,1650.5806102374834,382.2926799766649
8.261,2082.957903693829,1436.9976412601866,426.4853835253271
8.28,2016.9885541168176,1538.6164680482514,335.22505421307005
8.28,1794.5466794376923,1513.7315161004449,361.5389442979717
8.301,1979.0566098060685,1423.997650014619,349.48320012075897
8.301,1823.6788499678073,1595.5392583277999,424.5066364782429
8.321,1801.4156556272944,1532.0273286936776,351.57062509094595
8.321,2013.8767499177015,1628.012620661131,372.69003061095776
8.343,1752.2832210820156,1602.866226029634,382.69484262665884
8.344,1979.613765651602,1611.3009197787665,348.10059343132804
8.362,1811.5688203227771,1589.4929390475788,374.62131274857603
8.362,1883.0066151960834,1623.8850783547516,367.96535499584206
8.382,1917.5621607681453,1590.771910457493,356.0083185430106
8.382,1973.7973747921465,1515.6236060516355,367.72608961200075
8.405,1794.280139218257,1680.9912389875617,401.2977622170453
8.405,1922.6282261179078,1649.6012403784214,389.8130194287494
8.405,1770.6065696663222,1459.9228006732492,389.6180727389136
8.405,1912.0655956796095,1537.353265750558,339.97202532585743
8.425,1967.2771072669943,1545.373841668439,413.17688927439775
8.425,1912.4758504218153,1485.4464879502493,407.3114585779835
8.446,1871.4088485812786,1445.5681890200476,346.9776277275228
8.446,1782.4776797182922,1619.552386618598,394.562954462267
8.468,1670.5947359637642,1467.735281061892,377.4982100087698
8.468,1968.1544166486988,1738.3274583927548,415.5321568924697
8.489,1806.1923934070558,1493.4924808501748,371.25072048069336
8.49,1859.7677338331082,1568.5792184655918,374.38849369481056
8.511,1985.467986474414,1536.5974576156532,367.23563930476143
8.512,1747.70845327097,1613.8601519587687,380.0399923827569
8.533,1992.5265045511078,1557.868417391062,338.3472581495369
8.533,1722.3536334587088,1494.5479139207807,362.2478762028811
8.552,2044.7080047394313,1578.967303700993,379.5047130370433
8.552,1878.5529264543623,1538.0197663888662,357.7343034760393
8.573,1822.1219562759022,1660.8768579242555,356.64680913322434
8.573,1999.8208553790257,1558.9641476985764,359.7318621704381
8.573,1902.4762516867038,1475.7643684491918,388.54400831539255
8.573,1842.4889040260675,1615.3709349166018,359.5299573394413
8.592,1820.1351902838799,1741.8832559599336,384.74781342345335
8.592,1714.4008996889079,1534.757709526649,380.4429993747908
8.613,1868.1349182111655,1659.7046499388846,369.3249666896309
8.613,1842.796037668003,1699.959307487588,360.3021763732153
8.637,1992.553938236585,1593.412916418612,348.8299325505956
8.637,1817.035960352331,1728.9204120293114,361.2677129870891
8.658,1943.367230709652,1533.2692133713651,408.0997828386266
8.658,1874.5983680607933,1549.6139914974838,377.2757936061695
8.679,1854.5208730109973,1609.2534416662468,381.9841854776102
8.679,1798.355533895659,1623.7808736366162,381.07770977288527
8.701,2069.2656139514033,1567.2047918824799,360.7628039528406
8.701,1703.6163024542377,1468.9246576029311,339.93085645468005
8.723,1857.5431157805922,1525.0387769851056,403.5472277401524
8.723,1860.3092226519602,1653.5974584932717,390.3310366192736
8.743,1964.0559952483115,1506.3452064049086,367.3585276589329
8.743,1947.2620046783923,1688.1066372158557,373.00959014860297
8.743,1937.5545810384122,1691.716911068978,350.064809431061
8.743,1902.0267602048928,1618.2225930768009,365.84081745644664
8.764,1899.7612455879557,1586.2851071395285,373.7267706148134
8.764,1933.6249588200108,1624.6489259202192,340.78882752715685
8.785,1912.8738158117048,1541.4781651842388,363.0746158790667
8.785,1975.1140582692606,1550.5156858657128,377.3947582959917
8.806,1884.4090056939729,1592.417872536052,379.70395905296033
8.806,1760.7105110202324,1541.4724195928598,377.1428347459173
8.826,1842.3791978602305,1666.9156038643966,388.74587804303184
8.826,1808.1541064064104,1577.4460239380116,425.1463128262994
8.847,1905.7323728948447,1551.2165626553658,362.9656933728702
8.847,1824.9108185956754,1583.6246910541092,348.2040076845851
8.867,1975.3752869897191,1529.0766426735813,346.81337945462093
8.867,1928.2536407756088,1528.0118464482273,389.00139785443685
8.889,1960.0268246370822,1481.3860961597543,380.05228134039777
8.889,1770.0663690398874,1602.4298654532072,346.71593104500323
8.908,1893.0265208051162,1528.1835908427884,349.7489022932489
8.908,1747.8708009721684,1504.9475898658147,404.2761233598983
8.928,1884.3752653928577,1595.992912829828,385.8251830100145
8.928,1832.2689345914544,1473.7758496457916,376.3179800155154
8.928,1683.5644803714424,1574.3443277245221,384.7045317628339
8.928,1795.603380303251,1527.7063572964744,361.8949610468181
8.95,2011.0539718636605,1533.2492614291177,371.32895942745427
8.95,1935.4420739387826,1380.2420597786418,405.6982593339655
8.969,1865.020372359304,1638.6705493930488,345.94490009575776
8.969,1781.4448000386715,1485.6701366217367,383.21968605336036
8.991,1965.4211243277266,1552.0762644160384,351.1392473812577
8.991,1815.8431873176683,1485.4247478270695,377.46942899423834
9.012,1882.9109688460642,1455.5684444244862,423.9388950771945
9.012,1738.8465327104282,1599.320446162863,373.8651664789655
9.032,2046.7578664895614,1541.1603315992397,371.33905018020425
9.032,1926.9503024047451,1525.4001991863045,372.57991548532215
9.053,1793.3542280902873,1660.9712759451097,365.36461534495845
9.053,1786.9202984810468,1599.2278130522245,425.375504243637
9.074,1880.5022142341118,1589.694884443159,358.627137810777
9.074,1803.9993807782223,1464.5061609013858,396.1712911905075
9.074,1926.8980995774734,1498.7852870379397,355.60601320414804
9.074,1853.1414589302901,1706.8953326560813,351.22917306967764
9.096,1854.0184745940408,1590.5243674184028,395.53629496117924
9.096,1758.1073885137835,1498.2975168631917,392.54514467783054
9.118,1992.0415640552987,1501.4724353165957,377.16742120110246
9.118,1878.5339029749646,1526.7727973838323,373.7721915904352
9.138,1770.0055045730105,1404.0247603173952,371.04443748000693
9.138,1874.642843409528,1591.4106322158798,379.8285266793031
9.159,1987.6988956108416,1494.606682907164,368.43520394421597
9.159,1918.2669538370055,1416.2104551058815,345.95001443206877
9.18,1877.8104955914305,1687.3449733683133,384.47662232312376
9.18,1836.5170908421085,1524.0426682800796,394.4571448039082
9.201,1904.31888617964,1474.164849084353,371.58735370119473
9.201,1939.8071730892789,1560.395626533051,355.09200687166845
9.221,2020.6602695421627,1455.5976970301713,394.1182537292025
9.221,1893.8931930995354,1475.8034618969148,388.12175400213573
9.245,1727.595405966801,1644.5113873707269,347.27894622470217
9.245,1662.8114520573163,1547.039298285032,361.41844233004247
9.245,1921.234646540928,1611.0997250087908,371.8281607560697
9.245,1759.9170121431794,1544.4181980932872,353.2779980802369
9.263,1909.976409675383,1549.541797939843,391.2547049517478
9.263,1879.1871623470845,1602.6763830368104,403.39871512253677
9.285,1880.9879634338824,1579.3421050823379,390.82036312560723
9.285,1656.8182352691083,1580.7953055824798,392.27804724845424
9.305,1879.3144512444783,1683.1767197080278,369.06413712495083
9.305,2037.821429911612,1523.1589281695583,392.8283176676895
9.325,1822.677869332364,1599.8511033988516,358.08150150472346
9.325,1808.0225522856485,1758.4848393073792,376.29600333847225
9.346,1902.8003778487239,1491.745722785715,387.2500708910016
9.346,1674.6458372153268,1670.8461316313044,398.0558578093405
9.366,2027.8983593404114,1601.2556538535916,347.0308253393837
9.366,1929.1138230874315,1505.9881470965224,370.08118228486035
9.388,1785.502779889543,1752.1422273430592,412.4593329680093
9.388,1946.3837272276185,1583.8032505119816,376.5885758178719
9.408,1768.0505930235017,1647.9001995406159,375.8332683320039
9.408,1853.9466374808972,1498.9990908628854,378.2183346503611
9.408,1941.4144775457653,1577.102607846824,361.67890562162086
9.408,1736.5074105001943,1641.2387410580654,353.6882218761349
9.429,1762.8561441990275,1506.6987845249018,373.8369193362271
9.429,1841.9145163897635,1444.9473336929966,345.0834213355929
9.45,1902.1209132223646,1598.2888994967827,398.03178121759316
9.45,1951.8021751063716,1529.031146318421,352.47794424677807
9.47,1748.482304437176,1648.9548003155337,366.1724458390652
9.47,1953.4274760221347,1570.9832186679873,371.7669981594386
9.491,1905.336267269861,1603.0125017193739,374.6212322094738
9.491,1945.0900890631365,1666.2359410514487,392.15209585723903
9.512,1971.7982931546605,1540.8515908462184,345.29990484302795
9.512,1950.4905445970753,1507.6386294521035,332.529024774038
9.532,1820.9937267253729,1624.6086129840778,332.71413585777884
9.532,1887.0063892729202,1658.443566202866,359.61909171075945
9.552,1895.4958928976905,1497.7771258220544,356.86958936002804
9.552,1801.4336399689225,1521.3802012754738,369.6928872287813
9.573,1889.1729085790007,1493.883264255076,384.69321899955804
9.573,1827.2849371977084,1502.006870554878,391.17859492732975
9.573,1960.982035254782,1503.5931891643095,346.5635535845199
9.574,1725.3391140524416,1641.3346264728186,370.96770720144355
9.593,1884.23896172215,1617.7120877555801,413.0752251483626
9.593,2013.1474650048074,1604.0281474367202,367.5457922102597
9.616,1778.5493414999873,1577.304018302178,357.24061552089125
9.616,1877.9706697868687,1418.5271042695251,382.1566848559556
9.635,1975.469496686144,1629.386673865726,388.027292148791
9.635,1816.1689893120467,1721.427140080117,386.21841450570514
9.656,1849.9190769611457,1589.1595319594078,369.8118807508741
9.656,1925.97061894394,1597.2818050731237,388.8384837940032
9.677,1881.158540775879,1655.9374317932013,395.00563114049464
9.678,1820.5513393940519,1716.529855812663,375.1176504868328
9.697,2060.678758215324,1488.7319670218508,353.0225586402269
9.697,1755.615743160842,1522.848618554658,355.75452769975374
9.719,2072.2520183922147,1590.1471029494323,333.6601463127964
9.719,1770.5132111039536,1459.530211113539,387.795650369693
9.74,1862.0323851233436,1323.006383851485,343.3375694155614
9.74,1795.9732061422726,1512.4688970024754,392.32508883815245
9.74,1916.7882518882109,1533.7491767042384,370.58468004975236
9.74,1878.3688846089726,1479.8112963202884,393.73740683205943
9.781,1975.8465664907867,1690.9640745872593,391.9897515468224
9.781,1822.1360834302345,1547.6849752499454,357.87951568603074
9.781,1745.1618744701989,1542.2106843372092,395.3607249215266
9.781,1799.692994696973,1546.9689426295124,382.32290936059644
9.801,1981.9379933121502,1621.7972485559633,369.20424570895796
9.801,1863.7106960740052,1615.9961583566514,343.39817368308934
9.822,1954.505249895171,1502.1938062277422,358.9204843618145
9.822,1894.975350716532,1610.1772499420476,397.2800111435791
9.843,1908.7084252369184,1659.2158059923604,355.68961783612724
9.843,1852.6713667976128,1523.2423503233372,383.2547182109571
9.865,1909.0467178116053,1511.5310734180698,370.5795797321063
9.865,1595.024099214548,1648.2247239330636,384.17458381782853
9.885,1968.123843022147,1422.1174678484597,410.429294103922
9.885,1833.7765199208113,1601.3354985450171,378.50252455359913
9.907,1719.5168154440005,1656.3911997913738,368.260760319639
9.908,1737.4946103744285,1622.8689060902018,402.3131357168875
9.908,1729.2143146939584,1583.8854329001788,389.06797969973337
9.908,1807.1555769659606,1462.8452940871432,361.55817336492134
9.926,2048.9717888593073,1526.0753854291277,397.2481736390673
9.926,2039.4580754942851,1704.2049236818298,369.943992880615
9.949,2039.9638628685727,1681.946175317296,381.71302635810804
9.949,1935.889057694192,1504.2970781853667,404.25721489756904
9.972,1808.9609718808758,1733.0449985170299,376.9175609926094
9.972,1912.5838509332966,1643.4961115340927,364.05382730762585
9.991,1885.6615798861415,1567.3359878876593,392.2111501594411
9.991,1896.513723273647,1500.6052559787017,354.5649670838714
10.012,1989.9372474070299,1570.5247789622856,400.4658552267011
10.012,1883.33771481266,1469.525770541911,358.32060854886697
10.034,1967.7239045004733,1510.3004987180618,357.550097391089
10.034,1850.3524763620978,1527.9816331421246,399.9095045003278
10.056,2101.899775460264,1545.3493724149807,393.0270065786886
10.056,1946.491420615648,1633.9190558167434,375.32701063650904
10.077,1936.0408255838258,1558.3241130978708,409.977698422379
10.077,1656.7805396679532,1690.4321415311847,377.9580046781332
10.097,1919.2897008459404,1682.7777167127608,385.1661434416926
10.097,1831.1381487845185,1565.9737280666677,369.9309801673757
10.099,1889.613889402686,1610.8885175981486,369.72978457584634
10.099,1918.4474564534444,1379.242003612089,367.46239272964124
10.118,2018.459497544867,1623.0817981569437,430.6553325663051
10.118,1926.1295897772293,1435.0973672152184,406.611086414225
10.139,1993.0152038735328,1529.1751615593334,388.09159999659755
10.139,1903.3124667706115,1570.6095501683449,400.92658611544044
10.16,1938.4447024661417,1666.2631272129427,365.8334930666628
10.16,1787.5829874881754,1640.9628279591996,407.82904320491747
10.18,1949.1779739240983,1575.8576904163226,357.41009634107724
10.18,1814.4292729414199,1571.0368969504214,388.7689454352729
10.201,1982.5321104763875,1554.4103347296364,350.5628100755035
10.201,1820.2291058328328,1732.3658188089894,379.2040855837264
10.222,1887.518939362524,1604.9622026975626,360.4164634183677
10.223,1914.9217041416655,1540.908074206529,334.99806202737517
10.243,1817.5942407849243,1498.7801219655992,344.08401079417564
10.243,1779.2483835059315,1524.6677420049705,391.1778581685734
10.243,1740.9066285900526,1597.4007684578542,386.2138132287141
10.244,1859.84752517074,1555.3729663711101,398.6967054883349
10.263,2041.7678666227723,1497.64961921949,418.15170929758875
10.263,1667.0534494371109,1323.8666401451544,338.46128794451863
10.288,1882.159816560842,1511.2033014430147,379.1621562578965
10.288,1975.2107380319098,1400.1817049887256,417.36682571663897
10.307,1884.9471499830302,1479.144974843824,394.479169074397
10.307,1906.0969500511362,1464.9694124928362,412.5073052287081
10.328,1930.726820673782,1548.844171350558,412.6907792383337
10.328,1882.083204778064,1471.660285307753,382.6028441606518
10.349,1820.5079785755618,1518.2554316835487,347.1363690780607
10.35,1903.9022067100584,1458.6763323452947,367.9112403473315
10.37,1896.3314758355714,1461.5228813138528,393.8426385469147
10.37,1797.3446515537444,1512.5620625340346,356.3789058213284
10.391,2054.2451947052596,1636.253344143366,412.6005578267667
10.391,1723.6252562336826,1525.1854412088808,400.50305622309526
10.414,1894.4255184430604,1451.891180267278,436.0565110511014
10.414,1780.075293599227,1496.6910295633777,399.1463103038571
10.415,1882.9705027796244,1484.5234930882511,384.439473280501
10.415,1856.3076405023098,1543.3944133652992,387.9594850842436
10.434,1807.216636783008,1486.518902809768,413.6263799075817
10.434,1804.7176592914411,1454.1306362180555,396.4176785668573
10.454,1931.8262433207417,1517.557260414866,408.37167912886287
10.454,1892.68726572967,1540.7970109283735,379.5306029320221
10.475,1816.4670276904683,1524.2008063628996,402.94868269782404
10.475,1900.2230914260854,1587.9300915868935,402.907828912278
10.496,1793.9501888143618,1526.379946525261,412.21750087219147
10.496,1911.045609627105,1695.6516004704467,399.95547138512876
10.516,1808.95710321163,1618.4901229136574,408.9323070392413
10.516,1860.2010478242246,1500.4786459378797,393.9517959456633
10.537,1915.8000498915765,1422.554623796436,411.578357795162
10.537,1773.6720234129084,1563.3296319524968,430.2713636086109
10.56,1780.8380175503396,1555.4906638928335,407.41216788023206
10.56,1912.719744439392,1567.799411836728,386.87570450197506
10.58,1872.5965545716542,1589.9224438299038,383.0305213035357
10.58,1871.4379755973996,1589.5483298007503,377.6697474776909
10.58,1789.5897911307643,1548.456655339925,376.3134982437267
10.581,1940.8405088485065,1463.1355596534327,377.949579626619
10.601,1892.455504117638,1643.383924877023,410.6586957138064
10.601,1925.323559382654,1565.2690599655243,375.1804291382134
10.621,1872.4231603950664,1518.0915071224422,392.99625754311813
10.621,1898.9172488452102,1499.9501801286142,381.69314201708687
10.643,1745.4734895105096,1481.0810242517398,373.7849104370887
10.643,1718.8164952033412,1555.2711944955915,385.2548826393274
10.663,1838.4775089927916,1501.1308298498827,406.40054953980194
10.663,1899.9019654009487,1465.833455782983,374.2503198465931
10.683,1742.2342505245838,1492.778648294119,368.83029964374174
10.683,1786.9929612153614,1579.309002781722,389.75172723568124
10.706,1726.5549951619525,1533.209149951528,374.43019764790864
10.706,2029.7479411579284,1546.5670762001198,384.72533113481
10.726,1749.1507751611075,1608.3014674813958,351.9260226443431
10.726,2001.8890075113666,1474.232402088613,365.75712286549805
10.747,1966.635906653527,1601.2045270231947,400.4800732076284
10.747,1751.4973558766064,1587.5317933926112,383.69535721805437
10.748,1908.8764322600275,1542.0297150917895,354.35123883030695
10.748,1839.0052331832492,1505.0161882187497,389.28759827235996
10.769,2002.3984389447912,1388.8960963982297,400.8852587962404
10.769,1917.2880435485517,1592.81368348898,361.94166246622797
10.789,1809.0335183869952,1584.8960089539207,386.63234934170026
10.789,1863.9880480232107,1453.9099646359077,354.20551841558733
10.81,1696.4845583483102,1417.5336482598805,390.3173208279637
10.81,1767.3709696413146,1503.9765279953333,400.6360780231562
10.831,1862.2080131242756,1504.6251054395957,331.3219157908282
10.832,1814.8172527505917,1557.5224898009835,369.62817121018554
10.853,1754.3458976423497,1454.120789745614,401.4842907134365
10.853,1903.5872934913116,1464.1879173477257,370.31180447330684
10.875,1821.4058423224426,1583.8194972287138,363.0047364969098
10.875,1816.1057340664313,1408.5654403279168,419.92990627238754
10.895,1872.2916131938277,1506.808747126112,400.0141608475749
10.895,1837.2538854267018,1713.7463948092957,369.67869209354154
10.915,1947.5314925285334,1440.7712414498544,372.9008812519768
10.915,1884.039155599748,1515.4428040536363,382.43348803728526
10.915,1987.1296312106924,1491.381202552078,361.8869054828457
10.916,1845.4793008270615,1506.3291704393646,390.25701991365656
10.936,1922.530445775934,1497.3431625515977,386.96429076920487
10.936,1858.0936663697046,1690.068369447002,385.05050821684284
10.956,1985.8854373448958,1428.1084785217436,378.6805240630225
10.956,1780.8699911673496,1585.9302960746297,389.4998135449742
10.977,1833.7150360007238,1570.5114389222695,405.3573464062936
10.977,1818.0209842084148,1520.3220641104035,388.6645795347374
10.998,1863.5530000742692,1693.4473345111662,388.6014095221775
10.999,1755.2807020670919,1610.133658588657,371.0868526051257
11.018,1828.3608189871622,1341.9122465776286,413.352237881818
11.018,1776.3154431660332,1458.1741329417994,399.0385627587821
11.04,1731.4345853951884,1395.4795275651945,362.4552501678536
11.04,1870.4251287294423,1484.9621937235731,402.8778819240271
11.06,1938.7662172059001,1536.1701526424088,391.8017876068583
11.06,1565.485198890205,1554.577130590318,378.70190193716365
11.082,1842.792595465908,1540.5878531213464,395.2891502972269
11.082,1845.7939186078243,1529.9176209271081,395.55225866672794
11.082,1995.6345333899312,1427.4618322881718,375.32730695861994
11.082,1843.9632642200563,1577.053423893405,366.5669415005326
11.103,1918.5798050776089,1350.6689872278114,388.4823788583083
11.103,2037.345460075482,1373.9595498938086,364.3366559288736
11.123,1889.7674647883719,1537.4571642159956,353.27776235182085
11.124,1910.7390366659918,1384.8334727275394,351.69575442136204
11.146,1920.4194202853862,1357.3287831490961,372.2714190005577
11.146,1637.255171354455,1572.1945411467088,360.45750823064765
11.167,1754.6314632261658,1470.4509264317874,375.9580636394783
11.167,1703.2395335079145,1569.1233544939312,403.3633508209015
11.188,1792.2297230253657,1545.1011967733352,385.8464094854463
11.188,1821.7176571251925,1591.2062448315544,384.2824200750431
11.21,1938.5882412471383,1415.1498142272246,346.39669086157943
11.21,1887.5005903509903,1577.136296782485,366.029199476058
11.233,1788.4111163297869,1441.1476490234536,344.4183278079309
11.233,1815.9757924352461,1473.349840705737,399.3526067691305
11.253,1965.0528960552028,1523.7579985499824,395.3123265890027
11.253,1998.5888140956158,1630.0526819891254,400.19579119814534
11.254,1893.5913098124113,1461.6302840351748,359.74779218645745
11.254,1884.8796237790737,1557.195669684953,401.4548744592107
11.275,1805.3375875761997,1629.7384855909015,387.0768757933679
11.275,1890.2372301201208,1578.3084509724338,373.3164538237512
11.296,1955.0351071468974,1610.6640491163926,383.89747496529475
11.296,1911.7864129120421,1644.4471514217566,384.7411566117536
11.318,1809.6827257598798,1437.9959222043879,387.7281945156324
11.318,1853.6993256739477,1546.8080407719328,374.0121749847226
11.338,1794.4549774029035,1567.892751412641,365.3137493645958
11.338,1926.677295680355,1340.70255155093,371.9258740922925
11.36,1963.8675177875953,1498.4394130663225,376.8369422656857
11.36,2001.088786596096,1465.9643707215184,383.28479600340114
11.382,2033.0713085047043,1465.2998011058294,389.28909607070204
11.382,1935.481601991121,1491.4576009832763,371.9488187735571
11.401,1948.3707003388258,1602.5225940751543,367.0346515542581
11.401,1783.667540516656,1489.2931216448696,368.28259592768705
11.422,1896.6036254258024,1419.9791179322194,380.0165072304912
11.422,1837.6923205115513,1517.5110223470374,388.1732418273352
11.422,1868.281080236149,1629.9365538372522,361.70886588948946
11.422,1949.2872839361958,1610.6855364950638,377.3616045884837
11.443,1909.958654409688,1550.8720820077858,383.5431728236471
11.443,1835.8904080982566,1595.6030339101562,385.1157397898748
11.463,1946.938116938961,1507.0246548254788,394.69800794875283
11.463,2009.1853865911405,1497.2603321948848,364.295901287015
11.484,1950.4095361101195,1602.2822546213931,388.72718398023255
11.484,1838.0619392399433,1574.516317690559,358.79194706979854
11.504,1923.7557721026396,1540.2362164500823,390.9140897587505
11.504,1717.1580162292576,1534.4078641921396,388.65242530968715
11.524,1954.1890000027913,1486.9244564983114,366.7963503937385
11.524,1979.8535265773075,1468.152309941911,380.7562133214011
11.547,1956.7684109501743,1429.4438519039086,436.5664663578275
11.547,1705.553007160857,1382.430206456695,391.1987727092
11.568,1971.648855457049,1451.0320279939192,375.2330153490813
11.568,1779.052794178981,1567.4136772946513,345.9072491235844
11.588,1986.5334566550196,1576.8079631647306,369.6701779717035
11.588,1756.9256837840417,1465.7405654761585,404.47686606258713
11.589,1962.8291205274452,1651.2161756959563,356.66733797282154
11.589,1920.568358430197,1600.14476038895,389.9878261067401
11.61,1937.2544070709077,1556.050582327931,422.81389862482985
11.61,1827.1657676319112,1526.7700752214062,389.0150212179114
11.63,1732.0687317490542,1522.3859953929834,360.5268328502958
11.631,1797.5738519448857,1447.6895767827953,430.29695873645045
11.651,2098.340427014581,1455.1284399127135,419.1384255509429
11.652,2043.1821000688828,1482.162347437849,383.68648176781863
11.693,1784.246874576592,1576.268840017403,374.46915010118323
11.693,1918.0098758697968,1445.8310961960585,352.93852067629655
11.693,1829.5444110247738,1459.4701213716644,373.4980539942782
11.693,1815.0861763624698,1524.08422926151,408.4493268210111
11.715,1954.7812474995783,1689.418114128329,367.91425074547305
11.715,1799.358383062953,1371.1072381152785,350.723188199977
11.734,1935.3658851310706,1574.0718716142264,372.2635298965515
11.734,1894.1964976584575,1513.903162967602,393.13884399143865
11.754,1913.18434145115,1450.409407941581,399.1983495509764
11.754,1816.511881183864,1478.3646507810083,377.6988686617975
11.754,1726.339134964773,1545.9387202419173,383.42716069149554
11.754,1839.018080068588,1598.1112380219247,364.7452684453351
11.775,1985.1905630196497,1375.7262180307575,386.1968849969119
11.775,1947.941841296409,1569.9860462969075,360.3791137271076
11.796,1773.2436020146192,1447.4385880417642,395.1981100257406
11.796,1908.1582930277525,1486.5882199128055,349.42208892033875
11.817,1656.8410323006626,1516.293218502294,364.03368260197925
11.818,1882.6018996386588,1514.0014126954104,407.23985092977955
11.84,1649.0174730930632,1485.6276578945797,359.9965220940972
11.84,1949.2037416522985,1345.4766648943341,367.1305405298558
11.86,2030.3539318369462,1490.8126194022755,380.1520776444927
11.86,1986.696728440604,1509.2490385999395,353.78468811142506
11.882,1891.8077400505233,1674.1596955295981,360.21923482207933
11.882,1838.7912449628575,1440.1894885790966,405.5596192464927
11.903,1920.8910185647098,1535.26147855559,374.70554682361796
11.903,1855.1782167200993,1572.8025119292763,375.234473204296
11.922,1800.4956622640914,1515.7545560257706,347.22620112932384
11.922,1798.52409915754,1464.9343570878825,384.3596440001986
11.922,2005.0229351837982,1474.8402157311393,400.94970049506003
11.923,1909.7920855595748,1519.2713342582192,373.77421083282053
11.942,1891.262130581663,1460.9062116729594,378.91116898348895
11.943,1948.1761194086098,1496.3337392896594,374.8855557262928
11.963,1871.73175535594,1590.435739030748,374.13375532281646
11.963,1773.6957917651418,1578.6399950459906,365.6225072791489
11.975,1886.3920141999024,1584.13641992163,384.4810332178901
11.975,1797.93361587157,1478.0895368998322,407.79767582500995
11.997,2060.9585385723562,1661.7438543055841,381.1394820260203
11.997,1969.8830527485109,1523.349718484045,381.2186389651428
12.016,1817.0414545973867,1489.294415346532,390.69899538780237
12.016,1775.437800788494,1415.0398233027504,379.20155919966527
12.036,1958.9641643208076,1491.6953189758724,368.78790301711547
12.036,1758.5242187317278,1513.3850345271537,396.39176277425656
12.057,1774.9170028020465,1508.213465138756,411.52867851412987
12.057,1761.2217680569292,1551.7677929829674,378.3202658105039
12.077,1997.3199866960874,1535.413367211867,371.4418632018785
12.077,1580.2658780854663,1544.1301572333216,394.06953591401054
12.078,1970.760713729315,1386.363200644655,401.732340710745
12.078,1859.6289276623957,1626.4343982581174,341.58210698123406
12.1,1632.09749752281,1581.9840500575883,395.55390053531875
12.1,1953.9917076765998,1540.3673999733594,405.81460879218037
12.118,1909.255559376334,1527.8479664334861,390.69913345747574
12.118,2024.4555934686755,1513.1467223149352,352.703558847445
12.139,1901.4060042724348,1511.1714640554603,388.2232997565464
12.139,1843.6255872546808,1634.365811326923,386.03265319016754
12.159,1837.1009277302762,1563.8070222977383,408.5346559976632
12.159,1889.3620193141612,1602.5465468978393,389.5302444817867
12.18,1832.8297035989763,1335.0695948093012,363.0753793906962
12.18,1805.0554801439982,1543.1442788586942,390.39723181455895
12.202,1930.3261656439117,1404.8499009523955,394.161014340756
12.202,1809.9117755888137,1601.1723011199524,406.5891591732316
12.223,1915.4946824354379,1505.5197234842774,418.9248388573461
12.223,1760.0021109519007,1536.9778400575494,389.2061329694522
12.243,1724.107047780703,1482.9575995191813,332.55480114425814
12.243,1911.4002011252228,1538.9967993395646,390.14204666040644
12.244,1921.6167058249857,1586.6734527046938,387.2928625401971
12.244,1924.9103206263885,1463.1236638485345,391.6916893766644
12.265,1851.0812926865142,1655.0026587810862,388.1280125677805
12.265,1908.1231735539682,1551.367447344617,377.84091699090976
12.284,1942.9813143706237,1552.1446432803275,347.7531753170651
12.285,1799.7441368672419,1540.2406725639646,386.33624610227264
12.305,1955.415328135828,1498.0229292248068,410.02331365604044
12.305,1979.4105057605816,1579.824980103165,371.5663182201986
12.325,1753.3984649435054,1425.9302136104418,385.2744505867814
12.325,1900.738466295271,1559.7706897989265,386.81851228512227
12.346,1794.4719014654495,1478.2761072213268,385.48301737207447
12.346,1948.7833680798242,1559.8754407404185,386.0278252001812
12.368,1803.5087140003718,1594.1732549995072,375.4961551307813
12.368,1885.8437435682645,1538.0384397497621,359.40634363130374
12.389,1928.9790804785446,1460.5533471418883,402.01222674426936
12.389,1809.0901264667102,1589.8411466057253,349.6714515035606
12.41,1742.8835653414376,1420.6012557365277,375.17788258048733
12.411,1751.2344130332297,1509.1479887435448,377.72133717933065
12.411,1698.2832893554582,1413.7264547482416,356.6135690691365
12.411,1911.6935204379367,1536.7395361046777,393.6402078446237
12.433,1876.8783860734072,1489.5505645230633,392.373397297824
12.433,1890.9246507904031,1603.7992151148662,383.2320382622858
12.454,1761.3398035593937,1476.1427733674616,394.8807959619912
12.454,1707.592942239689,1552.2164874670805,344.3545238265036
12.476,1786.4047398452421,1504.005320233391,321.2018862678494
12.476,1812.7242217659632,1450.537411371986,384.4529660869679
12.495,1803.2483009490184,1455.3242122490178,379.3204694796226
12.495,1885.742928791828,1629.0644334265614,365.31523567928906
12.537,1755.9193283816637,1519.5505625253757,381.5757749475984
12.537,1905.811422863522,1472.5737196643365,377.2384541420275
12.537,1976.6998033611167,1497.6685045964075,386.69050415823773
12.537,1806.9134624227027,1600.3544399766815,367.5618548849443
12.558,1861.3290584873405,1437.2469051222747,352.40181900527585
12.558,1747.4282972177523,1635.1201557896723,392.1218227196239
12.578,1810.695907134888,1658.432929309857,365.40716888452783
12.578,1791.2308967011368,1529.5550669350464,356.79351996107977
12.578,1962.5964194744615,1601.054856807699,367.99575809300865
12.578,1800.6201193784382,1504.1664401227824,352.9234708573654
12.601,1762.25076077625,1543.440307072897,360.00246215529984
12.601,1832.828048119597,1496.328091220612,372.20510744730586
12.622,1925.8969115122704,1596.879851702334,353.6938751653615
12.622,1781.2741859561015,1457.6923391793769,396.3050712418373
12.644,1921.8357628363958,1542.9291119806642,357.95570772485115
12.644,1709.4044974578417,1527.1875106205705,410.32688233486067
12.664,1991.8447454328004,1464.5776552828281,384.3631883527417
12.664,1892.2960318613666,1449.38685836575,401.3990750263919
12.684,1839.9399689708869,1504.1694769229148,389.01041281204516
12.684,1889.3170191863626,1435.620182129694,412.2694419786592
12.706,1885.930607367685,1446.2899949271018,372.6690698541847
12.706,1773.6498772399623,1593.5253577002693,362.9164355198536
12.727,1767.646016807687,1372.2272867943075,380.45216802582814
12.727,1737.7522001601078,1563.5610309335789,378.11025409691575
12.747,1766.928587751101,1465.1798838052416,384.2775373598739
12.747,2099.6793538607485,1426.6840889132206,381.93627063514356
12.747,1878.291387350608,1445.6299593601302,379.14689755619656
12.747,1877.8234407856419,1467.206510576353,376.78648193253883
12.768,1802.6439418692498,1462.6566321606203,374.095111174434
12.768,1728.6546949655399,1444.8976970174426,373.6542621307266
12.788,2054.619527431885,1574.1152789841865,351.7290137730806
12.788,1897.6412098549251,1506.4796886968213,380.0325020280589
12.81,1659.1547636724401,1596.083585935472,363.3369484369657
12.81,1759.4539532939077,1452.04505903927,409.3765181071522
12.829,1832.1580366214425,1706.9945042168486,389.2759644585636
12.829,1976.815877159639,1404.3535671244238,361.7419210944546
12.852,1751.8774008811301,1463.1278917471188,385.1507972741709
12.852,1914.4894090206258,1399.8408473532672,353.03654613889506
12.871,1921.5822304720627,1580.35106700928,358.8846415753426
12.871,1922.7113227221869,1670.4978337739808,355.3407195009439
12.892,1877.920321690619,1508.8534713630693,366.88248761034953
12.892,1796.8336678112807,1510.3201467358604,390.64387446492714
12.913,1934.97534590401,1554.4267316225553,414.21835954731085
12.913,2038.1762575007785,1562.4085153344822,388.36192712015605
12.913,1860.677438793966,1521.6562721586188,348.01102196005496
12.913,1908.1438340470384,1574.80312267868,340.3850639282215
12.934,1906.0962502073273,1469.05608204567,389.5187566009443
12.934,1758.5153533271687,1625.0189047670845,381.7985179655592
12.955,1915.45048627471,1622.06516846307,409.31563141542546
12.955,1929.590564330846,1713.76012672216,414.32495146040554
12.977,1924.7840347522422,1650.573393458905,372.7704598082326
12.977,1854.4513676522793,1542.4390761883326,388.8936328794365
13.021,1951.9954019222746,1519.2238279686678,400.1161000790378
13.021,1701.6958143325435,1492.1417359976049,373.1442437459774
13.021,1987.1997616756926,1403.150992410703,361.4865088543614
13.021,1769.3260877381974,1462.8770942517344,401.4578005722841
13.041,1907.868078327914,1475.7618704449055,384.42223875991573
13.041,1874.4294063951145,1687.0011654682949,394.4138817152223
13.064,1716.0733381157888,1442.5894216740978,367.52317260134237
13.064,1793.6846594376907,1571.2350395359235,369.65968657186187
13.084,1909.8815858640185,1662.038406702066,391.2138890016609
13.084,1936.691528047837,1528.7106489351972,379.20334170198794
13.085,1886.8808155440731,1409.5624536731202,395.8031720371792
13.085,1810.1113028282477,1610.2548342849498,389.2445006171505
13.106,1980.4352872542831,1656.6818787613895,354.8684732939024
13.106,1532.1337472205776,1549.0621418315882,382.75694601116646
13.126,1914.861459838666,1621.0689382282283,375.5773217207942
13.126,1730.0254307174255,1625.4127497355116,378.19014557943956
13.147,1914.8349556815238,1585.7283143219865,345.8004900741268
13.147,1792.974496871566,1545.2390424133303,386.96065250170835
13.168,1893.8212194097075,1523.6328873021278,404.27187159199684
13.168,1888.7992494200305,1562.9554486327859,395.40525490638487
13.189,2070.84340444909,1584.6360637341738,341.3725298611258
13.19,1938.53002363259,1492.7104356284005,374.0330331293517
13.208,1876.225774152951,1578.4702748913342,364.6348176349067
13.208,1844.4006779534309,1455.215528510738,395.0936277171261
13.23,1703.3523193724698,1414.1119628228337,351.8779307400038
13.23,1796.9230821596623,1577.5867362328504,362.332303501507
13.251,1742.6939043225866,1520.134840338181,368.4235583539135
13.251,1885.4992671752175,1543.1240348767178,377.8497722676977
13.252,2086.426875632547,1546.0993644876435,385.17997151220493
13.252,1810.4787156860539,1396.533926342816,388.5632035168829
13.273,1724.4071751771885,1567.1928764241873,390.77061051289604
13.273,1652.9703925194838,1418.9081478003473,383.3079724354022
13.294,1793.7104769606271,1492.469395633565,360.6709070492525
13.294,1947.465032603626,1549.938949187666,395.5974494821768
13.316,1763.2953964719318,1582.4591669962692,356.11368769978725
13.316,1699.0289592918691,1560.0534622652597,388.6050731122212
13.337,1883.7378670356736,1498.0556737842564,366.09145793687253
13.337,1976.1406521088654,1467.086821171413,391.27162717798655
13.357,1895.0871374872356,1527.4739490633037,384.91252023374454
13.357,1962.8494822977561,1456.744570119648,373.6657016009484
13.377,2047.0621180526102,1571.1778007913522,389.0322496765908
13.377,1997.6802458826687,1650.4854823168487,391.51835861006094
13.399,1787.827382337321,1630.1557299804874,408.6612137788586
13.4,1859.1061783642183,1518.8496880135021,353.80445601241655
13.418,1769.0449364686624,1481.7807418175544,401.77528416085846
13.418,1960.2874173337373,1458.44883694383,379.4796989969798
13.419,1735.528270913462,1355.6348595011357,390.09124349212954
13.419,1777.3331154190334,1402.7595942368032,382.5401331120711
13.439,1838.3387555232428,1537.8174453994338,422.2174423604618
13.439,2001.5325221978226,1418.6750647212234,372.45409679699037
13.461,1933.640221459365,1623.8677448796018,401.46479530331953
13.461,1745.9567829372222,1566.1654395687426,342.51478460912983
13.481,1865.6284399876934,1503.9510483751951,396.3584084637205
13.481,1861.6228304472686,1350.5980735802473,374.7869915596877
13.5,1995.345928714778,1485.8360149825698,399.0574484177221
13.5,1989.9188141936677,1559.4723547171711,388.9433872870891
13.522,1759.4955595747074,1574.3138106828424,363.39243735504743
13.523,1652.9218626046245,1775.598127033436,344.3218214219373
13.542,1933.273315012031,1480.3697590864886,380.20434858165606
13.542,1961.7270324311799,1557.9721012274551,404.3117978382174
13.562,1915.7219886739524,1528.4972667736563,411.84226419989136
13.562,1846.592377614911,1402.7002720214123,361.55360132578926
13.585,1945.1897173389586,1495.1330626845443,384.7840413434568
13.585,1910.0167043450838,1568.0783868272936,397.08893949464755
13.585,1847.6842972069867,1390.92258980776,399.09961796889996
13.585,1893.0463421032136,1492.8965722109247,423.3923486514161
13.603,1958.420734053037,1521.3039939751852,406.73415726299004
13.603,1807.5545154833535,1507.5686612180848,384.0632968524215
13.624,1834.8379597824796,1561.1277862840539,374.3189954566665
13.624,1837.5055137174759,1594.2484847229948,387.5448576886643
13.644,1827.5470210220785,1501.0677423511877,387.3523151843204
13.644,1934.6804008594845,1607.7366677144958,404.49897661182627
13.664,1819.0146784406745,1516.9106390030709,381.7640614758857
13.664,1898.5494811557526,1468.5692396124598,372.24623609023416
13.685,1854.5552887531726,1519.7363206545526,377.4050820389494
13.686,1670.1024514256349,1553.528608777165,362.1560875164714
13.706,1939.9255207614547,1511.448344189821,349.59080020570445
13.706,1642.6530343870393,1481.567990353356,391.5055032900611
13.726,2048.9502070615176,1598.2011820628381,355.6124598963323
13.726,1919.728992027287,1603.3598833399674,330.3625096860035
13.749,1781.1072858038754,1568.415241774182,379.99930536130495
13.749,2047.051102674383,1486.1023319484057,402.8971610127931
13.749,1872.6861613978294,1586.897387324632,383.1990775099419
13.749,1867.6814107559421,1411.0677850470306,405.92990325685173
13.768,1822.5037727859624,1554.8840734160608,366.50249958621157
13.768,1869.0405892393524,1500.5952386158212,392.05385067928233
13.789,1854.3867950558943,1478.8099171130252,375.674514927879
13.789,1903.5217680020846,1517.7534952372982,372.55652183769433
13.809,1877.0275343612682,1460.760388811163,351.3836678528954
13.809,1888.7913768307988,1523.6603773319212,405.30757001389765
13.83,1748.516834176305,1636.4898017625085,353.2613286791852
13.83,1975.629099745737,1556.0607513333189,397.42225959236555
13.851,1909.2126796066693,1529.1819568566877,389.60066191827485
13.851,2026.8486569556833,1436.8631535338704,402.26213906452256
13.871,1891.2294284807251,1565.1829155120427,398.3682351347831
13.871,1783.3428543732862,1479.798095966296,397.940995537486
13.892,1734.2451944965055,1516.3820518605767,408.3075497453248
13.892,1713.568778817378,1397.1489061571228,359.5073967904315
13.914,1940.952777420304,1493.2599633036507,361.0472764573391
13.914,1951.9712257144138,1438.945973420026,396.05265849353765
13.914,1925.1217572127441,1678.208752341678,371.6689860393938
13.914,1925.1380736991025,1479.138279993212,386.29960691674484
13.935,1764.6080940062589,1582.5435495978895,368.73145232979357
13.935,1721.6336130319,1558.3780388617438,417.47048897852875
13.955,1786.2654131482916,1588.8109776852202,389.72229574506673
13.955,1977.158150341871,1470.195070309586,361.33911160552054
13.977,1703.00632637707,1448.4994273494656,383.8484269967044
13.977,1890.4478919660423,1555.2168818978369,393.3588402299852
13.998,1869.1978208921835,1488.3637240249648,368.87121927124764
13.998,1962.0831583151976,1605.0789151468305,398.5487445701656
14.018,1936.6714604885592,1528.3435972189284,359.2073802617547
14.018,1782.7447210850778,1661.7011441024727,357.3196500193271
14.04,2055.2440261497345,1602.393756589503,370.51783011277297
14.04,1910.9888117085495,1538.2138956694273,391.0704459187678
14.06,2025.1424784842955,1477.3189630935838,378.99928758999954
14.06,1994.4750414801385,1438.626945257984,385.058182293009
14.081,1846.5764627554324,1364.8884771165413,407.38994772457505
14.081,1824.8710389741716,1346.4690440481413,352.6593046754014
14.082,1806.7430234314943,1745.9779113228772,355.14107710090343
14.082,1962.3222669220054,1325.5129899020153,399.300906017744
14.103,1707.4295167630062,1482.4537443775585,368.51341954906616
14.103,1989.9145694885267,1473.9716874040787,400.3970725243902
14.124,1736.433295649028,1554.9778624782896,380.25288515790805
14.124,1871.992363697848,1400.9519996032354,371.59151105644867
14.144,1946.6040184289584,1546.5745405263337,394.7671048597819
14.144,1882.419204140887,1627.4391989044232,379.16737503075024
14.164,1813.2987965941722,1415.459286757624,368.1734347235851
14.164,1967.8681784134944,1356.91284205746,363.36908274013325
14.184,1904.7840146180563,1792.2124028837418,402.10211711381385
14.184,2008.499560551978,1476.6215005328643,366.51782395357435
14.205,1767.7412996969638,1421.3642073040094,380.6349572630317
14.205,1925.2577475547607,1387.2021069982543,410.1659119388846
14.247,1921.9629516060845,1538.1323730311303,408.9963727295774
14.247,1756.6190823203738,1562.6180839211204,378.558219273289
14.247,1868.0867217618454,1581.0776149558021,359.38904078649244
14.248,1976.0257881098482,1482.1354771988456,352.7761213765415
14.248,1764.9491617510805,1411.6928191350803,374.9052718568245
14.248,1936.0020165584745,1502.9996767586063,383.3368832581704
14.269,1899.7893115996344,1479.1233119568612,382.8714469964924
14.269,1886.7626768599612,1402.422619009079,382.00301193048796
14.288,1884.0214288473062,1606.1909425123633,373.8743281202764
14.288,1845.5514550436867,1674.6550753835493,398.5960592324795
14.309,1856.113556969141,1445.7264397857357,385.97923977686804
14.309,1876.3967816178747,1501.964862545119,354.16876922991986
14.329,1780.6007883365276,1392.9157532143233,385.37375606137743
14.329,1827.775187931927,1389.77341657485,358.4997562232715
14.35,1782.7601514717712,1325.4426500983086,412.01429046311176
14.35,1794.8604095555283,1560.822901440103,405.8482219515685
14.371,2007.9753540223455,1473.855712649387,395.8383819142061
14.371,1702.3050894344965,1456.8717806195543,373.84535644944214
14.392,1732.5364984078815,1580.241738570828,353.03534168310057
14.392,1778.2791621611082,1480.9500348991166,412.74927748063664
14.433,1775.3388853938736,1496.7951980519188,360.7369605268823
14.433,1714.767910043302,1552.0650079688583,324.56135459860457
14.433,1928.154564584849,1611.4861645589667,389.39817269259044
14.433,1944.422926210361,1616.097242952372,360.52265272273684
14.434,1704.801174067887,1465.887637704021,410.3893504637115
14.434,1678.0367105543905,1454.2576305418434,379.40390724341063
14.454,1945.1127505600743,1496.3104271898842,374.01102618248365
14.454,1802.3770296794376,1381.976299551415,384.09144920479446
14.474,1726.2035419654244,1560.551038674395,391.6890809014572
14.475,1871.7153091431444,1522.607021694076,397.6969776978211
14.495,1833.0776156154834,1462.5974357956666,343.8856351719184
14.495,1933.8307944469532,1638.0503746240322,397.7926503967896
14.515,1662.5347805358733,1495.060893067883,375.9273993040019
14.516,1869.55663705223,1531.0133976317454,382.1018241474752
14.557,1925.2022233841396,1515.5167266197627,368.8682946583199
14.557,1785.6764715293489,1560.5277039752104,394.3248389007026
14.557,1890.9625045650403,1518.9531627626427,419.0156802553611
14.557,1859.7292024601077,1373.5716488368125,359.1905069873015
14.577,1939.1051127449657,1491.4649459488999,369.7476770638134
14.577,1963.0262718404929,1334.179918155781,362.6063426616424
14.577,1830.7742613745258,1544.5595786285028,414.255855952978
14.577,1816.774792783131,1487.4915953765474,346.2492192798006
14.598,1916.5760958028175,1381.6397162701955,373.97533761424967
14.598,1934.2843405049414,1551.0797196570693,368.4380689774579
14.619,1902.75338341614,1561.709776786863,381.94407466612677
14.619,1737.490169383485,1508.1169977726886,391.15299860418384
14.639,1847.0861545532407,1567.050606016581,355.57606482260076
14.639,1691.1998550722965,1465.3621497183333,372.9703761155365
14.66,1960.2101372381399,1583.3289069042917,383.1091434198065
14.661,1730.3563742308493,1386.1153762212618,377.0347566072148
14.681,1861.2925421943155,1558.0338389750145,363.1732190370865
14.681,1905.4484517111737,1378.284038120449,387.4846817400242
14.703,1953.410203186228,1359.4474219402582,396.6437344435329
14.703,1944.8498101722037,1585.2072632201632,358.1581570389724
14.723,1877.037054627717,1615.1522094288093,379.2212011014654
14.723,1908.5361288889465,1603.6216243023055,406.059858196573
14.743,1924.9367021065277,1562.7702577395264,350.06176927300567
14.743,1687.7796350610652,1444.1066755439272,389.8525486851976
14.743,1830.1783299787753,1508.4311420302818,419.11804632353903
14.743,1866.708278076499,1591.813368363512,375.80952824830575
14.764,1955.6691609771344,1564.4341166235556,369.3718151798116
14.764,1709.7178444655196,1551.468454926181,354.1267651177306
14.784,2042.4231738492763,1421.6955805663624,379.8742329523557
14.784,1848.7752860943056,1523.8435151564422,372.2266604185656
14.804,1903.2708119679237,1437.465821996772,362.9505317359005
14.804,2063.454834314777,1623.1917962774269,371.39699230109665
14.826,1897.281297511473,1461.5856400444065,398.877216972759
14.826,1969.395118708413,1571.58704293955,364.53528104422463
14.847,1986.2215286947978,1614.3558918445353,339.9364470752498
14.847,1968.9638678857575,1562.2464285494655,365.67909742121435
14.869,1918.131583098124,1506.574642071584,371.61763285278255
14.869,1828.7164465415713,1583.5069623932927,387.151204919849
14.889,1832.5587151912691,1584.1328577887286,401.13624879252967
14.889,1934.5189093830334,1586.2814780388642,373.6264720661416
14.909,1877.4706503326543,1567.6864385984031,394.8243317325671
14.909,1885.5432228116215,1546.1513797303123,376.96883586232656
14.909,1763.7245825049174,1587.5095250542745,348.75358815694096
14.909,2092.1457488052606,1529.5488064332772,376.10092671873736
14.931,1864.056535146327,1626.2500893788995,363.63496877124317
14.931,1754.0856591872605,1451.0268320381945,394.37816772502265
14.951,1883.5152055697442,1530.9991039159625,407.57820076988673
14.951,1917.7412851805268,1499.541932094234,367.8285144375202
14.971,1882.9125379925279,1572.9305498693584,366.68044692913026
14.971,1815.7887409687376,1526.6070004419898,389.35682559583944
15.01,2190.6473165942525,1484.5282244827742,372.07636235696293
15.01,1814.4235731582155,1530.840356285232,388.19736980029154
15.01,1769.2276437386179,1534.8502625419835,345.5970273516743
15.01,2026.6405276909163,1498.8704127810722,393.21838215782975
15.028,1997.3232247369604,1693.1340586899132,366.8185353842707
15.028,1930.0531053431862,1568.7288966545934,384.1711613546136
15.049,1759.545544519351,1551.3826659525437,366.0078458117031
15.049,1893.1379377433427,1505.9727544132672,386.40663643630376
15.07,1942.6184222870606,1559.2986541369287,422.6895134558433
15.07,1899.7457464434622,1443.709348305382,389.26706157384797
