Time,25W,25X,25Y
0.008,2047.3600101876893,2015.8261624198951,404.40454252620816
0.008,2995.988974931485,1763.041899538168,478.5242802173872
0.031,2224.1768784405735,1971.4894487142178,459.32741546830374
0.031,1512.4373338860596,1778.90605091563,474.61595933550615
0.032,2227.5343985398417,1671.5773145244032,439.5221087187011
0.032,2033.8789561739945,2085.9975405169635,504.57244837329904
0.058,2418.366703655566,1877.1815648850904,456.5069290012805
0.058,2041.362502612748,1974.0043321051355,491.63909547344696
0.085,2358.9694091138435,1670.7272129190183,450.3323949947264
0.085,2260.171321944486,1391.773379445196,420.4498678716034
0.085,2312.2073489384666,1785.5080773212615,401.97965935498956
0.113,2349.1321584983366,1823.5791635351582,468.3116997566814
0.113,2278.2851455968844,1482.912155093365,484.09508281295905
0.14,2202.42143462111,1887.5889636515478,444.44141933065873
0.14,2244.25594911702,1814.4789499464227,458.5530550348598
0.14,2137.823411621025,1856.3504940074788,476.8986391661648
0.167,2321.2288861787843,1818.9053463279522,439.8300646001713
0.168,2444.493766701364,2006.81659914749,551.0632622435945
0.194,1888.1113080781333,1600.838113336642,393.29351540687594
0.194,1970.5295021693175,1747.1198026838797,438.72081141224305
0.194,2361.7110276434923,1897.8280357342442,454.86868636533075
0.194,1999.917559302838,1870.1983001888138,371.61835611205686
0.219,2072.3527592182536,1861.6789863279207,475.8961498069339
0.246,2266.926606309277,1717.025350259427,416.54409045664795
0.246,2098.430853495368,1911.4090975448892,486.4186721946291
0.247,2053.3686074088682,1752.1315303544711,477.3886264902132
0.247,2084.767004381166,1649.3735443619285,434.5853087683819
0.276,2031.5169074609948,1845.466628573206,497.5574592617719
0.303,2286.6328699389205,1783.7575917116658,458.14155386722075
0.303,1431.276748270384,1530.1917668350134,465.3582746700263
0.303,2225.7410150248766,1718.14608582075,467.9128524256075
0.303,2334.1814649395315,2042.3917805675555,467.2667123171612
0.33,2125.76183585907,2182.8783754439123,506.8049601086575
0.33,2301.9676882199924,1639.2834528932656,480.7084676813075
0.357,1873.236512728322,1707.380889758951,522.555503337853
0.357,2102.490197857805,1684.362880754573,406.82860852944077
0.357,2403.664805822861,1830.1643825327112,451.01165277381716
0.357,1801.472494208147,1787.0233277581806,507.50250552619565
0.386,2177.4553311158415,1629.9193483113631,350.5727176826488
0.386,2148.962972044577,1656.2824992595433,440.16444637707355
0.414,2333.0674775359284,1773.698862512851,489.6520262707904
0.415,2648.549015580182,1992.4397844296468,437.66304339498674
0.416,1906.5668942884197,2087.4183043469093,428.31154678291136
0.416,1944.5332895974161,1749.234681172145,472.0047949374308
0.442,2517.4196983492075,1601.2547626316511,470.33995613784026
0.442,2180.6316397449373,1954.134386135616,399.79275874419466
0.47,2173.1103748395476,1890.4192829005942,508.40224392118955
0.47,2520.896261872409,1774.5511975733455,438.6451083955295
0.471,2111.454843153988,2047.3785158129574,436.7286093818699
0.471,2066.0972061036314,1969.1463703384716,497.6150873686662
0.498,2628.324628106613,1651.740052136387,404.11002707532907
0.498,2132.038223436503,1769.1505030989329,463.84450590959153
0.526,1760.2559273490283,1870.5718245197336,447.92450344897264
0.526,2185.886916484806,1510.1042992160342,441.3803181001312
0.526,2161.5733752128085,1919.254290507555,410.19981290197046
0.526,2197.185245445788,1942.4449503256253,445.19291042443564
0.555,2233.7820730049484,1667.3642182508459,337.76967442690966
0.555,2385.197226641697,1739.3327595295373,419.0621819157436
0.582,2120.608951175618,1615.0884936651566,510.41806237436725
0.582,2300.982210129229,1923.1697089646075,478.7828882228931
0.61,2294.0823046018713,1793.2951731565918,505.5701700781227
0.61,2520.1127038251775,1472.131652246934,432.2651977228069
0.61,2316.3163619154498,1853.9551300791418,418.93891934400176
0.611,2415.7911578883923,1697.6773675442275,408.09986122780197
0.638,2485.0280029182723,2083.65834084641,438.12652139776304
0.638,1917.6454638989787,1767.1671183435897,398.4504782502874
0.639,2339.264309389764,1975.3503354188683,502.368594228708
0.639,2132.62838840731,1845.3145549833632,433.8580438096577
0.665,2039.6316945072258,1586.5382559754423,471.595330467295
0.665,2398.7768279638335,1707.1238238432088,562.2800082828027
0.693,2311.365751091306,1804.4264212392964,518.496046917274
0.693,1961.2985825378871,1750.5519823104141,407.05857064558205
0.693,1952.2056751764292,1594.7262388650172,410.1333251449347
0.693,1939.8104915954755,1695.729121635548,478.3044899832299
0.72,2199.072365959805,2037.5659551268118,385.9376655326815
0.72,2353.358196747155,1810.2084330169457,442.5177858246336
0.747,2524.1816555352993,1691.1369554379185,478.2753563481837
0.747,2042.770470517411,1815.7360554272188,439.9453298066741
0.748,2270.1069477135748,2227.864377236392,350.3447896263691
0.748,2138.369129868841,1613.041349206056,484.4113784818893
0.775,2253.76443465261,1586.5672087670773,445.5487277173809
0.775,2023.4440398062748,1769.4014936982885,518.4679984053186
0.809,1914.866006568038,1628.0572836936176,437.2656782918782
0.809,2158.311507247288,1649.4239959381355,465.8336754405148
0.829,1999.3503827488962,1794.2253675129668,404.1764733027895
0.829,2110.049624750918,1683.3406648760588,462.6564649062251
0.829,2728.3358207859196,1624.074967080786,533.3965392207278
0.83,2049.791499307324,1906.397400035928,447.9848842074998
0.85,2023.410330611128,1597.6626213443417,429.49800683983864
0.871,2213.1990466464517,1875.440886374854,358.4340494544493
0.872,2451.222198245324,1802.21407082999,524.9821664572079
0.89,2273.43482760997,1563.2828227124735,417.5342897684742
0.891,2443.104934742648,1794.828030549806,396.62125493078105
0.891,2112.816398993681,1974.2058799225247,543.2740322074978
0.891,2116.677765520419,1766.9068888190832,433.0616131762357
0.911,2086.159225376455,2054.7053018622123,468.1461562131165
0.911,2530.7705139723366,1780.7488402408123,424.0954869547356
0.932,1848.585202173047,2012.1373816132423,337.16036651155304
0.932,2183.9101301719847,1915.3452088779077,443.78657870366425
0.953,2165.221160240949,1648.051133405116,458.00741241915506
0.953,2255.647999100506,1799.0080795565584,485.4888871645613
0.975,2011.1014519962762,1584.0652687249008,479.58634792671313
0.975,1953.4373497755982,1524.836101463757,459.790217393645
0.996,2026.6476296609308,1949.9939875065884,448.19641952609965
0.996,2383.085039220149,1776.2497520243194,470.2253279951102
1.018,2435.864199671813,1879.675416383392,416.0168300822318
1.018,2121.2658408644925,1813.1568760607063,556.3749233557365
1.038,2018.5448202082825,1740.6861782095093,464.70709274610334
1.038,2379.825457314752,1777.5644709282406,458.4496848074893
1.058,2423.0726234558765,2039.4049360296772,489.0464831511784
1.058,2328.940747220527,1786.0798026926304,495.65936195108867
1.059,2129.5686688148107,1488.1377258922937,444.10449130207314
1.059,2208.7449211780813,1750.7430187381076,483.66789379381987
1.08,2050.2455183265097,1943.1656152978178,425.3484398807133
1.08,2151.456448357924,1396.868276848436,408.21047487394344
1.101,2337.3627003017896,1339.4230378214263,479.590386870208
1.101,2287.7607765726743,1896.016965460004,371.0942775228925
1.122,2321.459539901617,1778.905468390869,414.39265376835465
1.122,2165.09439775273,1806.5035570264424,527.6022797367318
1.145,1954.5487642817154,1737.8861426586493,440.32170191734076
1.145,2207.5572166947886,1898.320393846121,545.4206454285105
1.164,2561.697405996579,1868.3918949864494,427.9139153710422
1.164,2277.7044715013226,1422.7875394644993,476.8998115530309
1.185,2421.764720350253,1997.0221845263761,482.8644108911368
1.185,1941.0607353611927,1825.9614481684139,524.7141163117021
1.205,2654.7671976407346,1693.8645666827006,453.5739829417607
1.205,2074.629875447537,1860.202596897892,409.3444761226987
1.228,2399.4995124975453,1676.8915480433095,507.1711801008595
1.228,2414.5152918200138,2070.665108769754,365.35521732045044
1.229,2456.599476200067,1889.4827610389966,429.03497856781644
1.229,2074.4615083661215,1834.815674344527,419.03859914317195
1.247,2434.686286218353,1683.3342849910298,430.29789516158036
1.247,2127.1799504686614,1727.9716942928653,467.65972530695404
1.268,2421.6555442436493,1646.4843061502113,489.2166404946214
1.268,1964.13450174065,2034.3521459481653,474.5632567211344
1.289,2151.710323593478,1547.1808456470137,396.45562488805024
1.289,2353.8505688149926,1916.0991023600736,524.7328317193155
1.332,2289.607588798939,1871.1627400834425,428.92963564116945
1.332,1974.3644765403337,1642.3028378453703,462.39602715830597
1.332,2536.1989396872377,1603.6297173904732,427.55817310649377
1.333,2308.8838270598408,1633.2006995366405,464.38613832004535
1.354,2149.8674890868497,1694.4504541396793,357.72823626833645
1.354,1804.2266995454304,1946.2152556412666,494.1748360296555
1.372,1885.862553282694,2025.6250544147883,438.3294689758183
1.372,2172.9765367861332,1978.6486950388614,460.835413953056
1.393,2236.526239403468,1752.3226431009489,431.4824042401415
1.394,1809.0358654199704,1592.2547655721578,435.6100235178042
1.394,2288.9411544046256,1569.6515512430803,434.6991408368811
1.394,2387.9186059135172,1951.9764494278609,525.942976574207
1.415,2346.876498738684,1939.280025231672,368.6902708944796
1.415,2407.5198193957767,1762.2720784322455,422.27786286652497
1.435,2417.523591678837,1853.9080689719972,505.29440393547395
1.435,2033.1965829248156,1724.8519687682247,403.6518011761611
1.457,2112.1604895154987,1954.3611310933638,441.96660072102503
1.457,2272.518523881028,1501.6124465418602,461.82384117202804
1.479,2192.0404241098618,2038.8797081255143,414.4510336180863
1.479,2149.998401480741,1697.922032596857,486.98604185495805
1.502,2234.9872466759452,1918.5324904927054,406.0765472966608
1.502,2147.7436385974206,2024.7119119054364,436.47992601622127
1.522,2194.8477667760562,1400.7621832969946,497.3238213641612
1.522,1922.7692480765008,1842.2354620649792,364.7500971804633
1.542,1997.7979460640138,1849.1322643344572,448.6246974403819
1.543,1775.7867833006437,1885.1558813278918,414.0640062832689
1.563,2105.244497512866,1755.3014881645097,421.7730953699883
1.563,2326.579578557049,2083.821896277099,407.37363780120035
1.563,2340.981151502826,1903.3300089108575,472.90692976386526
1.563,2310.084997250392,1448.1049165849613,463.5103905503112
1.584,2090.6649470039733,1629.441364282779,469.73555999433876
1.584,2291.903857982655,1873.1475185342342,444.69944100233465
1.605,2223.7955513275137,1888.0546649574076,435.8853723149355
1.605,1905.540952579852,1735.8103448463905,533.6327540623352
1.627,2166.6804323227448,1345.9828592830486,484.94900431300374
1.627,1922.0977009779417,1387.5163963325135,372.13588269409297
1.647,2349.4231015200066,1490.3909725012813,481.41367374370327
1.647,2087.951756044814,1550.9023685590996,424.21509660718397
1.668,2037.990772346334,1756.8719829639856,422.9737781378215
1.668,2321.547934158506,1980.0460330752107,420.50681172854996
1.691,1974.6760193471614,1565.799852493471,426.47423857310787
1.691,2123.394830860087,1778.950888869308,501.5818314510944
1.711,2757.7757217784397,1739.448037940299,441.3178849813514
1.711,2291.3431165706825,1543.2420429954911,480.3210450871726
1.731,2368.4639945757776,2080.4302707633824,440.860517299343
1.731,2102.462781285419,2048.175242633758,492.6135453136332
1.732,1948.2335530772382,1660.511703096072,464.71656256326776
1.732,2159.2284358372904,1686.810327845346,474.90506751294265
1.752,2215.998678582056,1508.9790555666568,484.92658951680255
1.752,2402.3314166029168,1772.0208593137816,491.3933334573227
1.772,2747.1404544419765,1913.2150803217912,471.22689269266164
1.772,2217.102295113212,1807.7552669321724,413.55090215790375
1.794,2109.179885230254,1534.091025285207,403.7264645916461
1.794,2184.3151152295845,1939.5257933009689,468.2219910594122
1.815,2008.248924570652,1834.1119940873405,423.2506014265826
1.815,1964.7140066915865,1971.1262794059378,431.54561848503914
1.837,1724.3171566731417,2067.488323371144,504.00881202865384
1.837,1696.9489067697978,1599.9155842327768,432.0589009692964
1.859,2414.6932175435186,1576.5304681449275,427.8310741382718
1.859,2142.351931795335,1497.6640059177487,457.2932569810521
1.88,2533.058899844413,2137.233044529118,427.35147209170043
1.88,2078.2120547094846,1678.5343716858283,435.58038496641643
1.899,2234.582987020568,1421.3688520634919,448.8501428282186
1.899,2047.2594987415798,1938.783487463042,448.28451112307744
1.9,2030.679163334889,1878.2605531297115,511.5671419974983
1.9,2227.182735348668,1773.148923318657,494.57217747948187
1.921,2314.1763806602576,2010.398896039013,516.8212976408903
1.921,2097.979495456528,1675.5183121702635,412.0066353384763
1.941,2105.142294927917,1523.2097208992436,471.9588515829782
1.941,2029.6343449732944,1759.4035014344915,371.45659697916557
1.962,2308.133750616526,1794.6760193771304,552.7577230073994
1.962,1875.0932373626656,1691.4562670704051,415.7940282621001
2.004,1912.6600641795362,1613.7694442286938,436.01969777430077
2.005,2549.7329630499603,1937.8963970471518,395.5982439316974
2.005,2076.8165541555086,1829.5360690592984,408.3460943667998
2.005,2302.9472839837904,1872.2101639380555,456.9330858445162
2.025,2045.7170453742224,1604.174336847341,417.15726698878814
2.025,2276.2655089755895,1785.429869416609,449.2807721655294
2.045,2275.819886903587,2098.719788078971,378.6548051558792
2.045,1976.929826495991,1339.6053419958691,493.14066008023883
2.066,2401.7193443734045,1518.3204639184337,466.65905338579853
2.066,2037.09854966766,1694.5692060841748,494.315314990781
2.066,2183.302252652408,1608.1383997043297,454.34950181006616
2.066,2553.7788034660566,1398.498728400815,421.32120224585265
2.087,2230.1054162947994,1875.0817182698433,491.71329339173053
2.087,2045.042160785449,1992.2469343978892,529.1676099257456
2.107,2151.8956358589967,1870.1992670283237,428.73275857426313
2.107,2272.214436405643,2108.456199096019,419.2176177015555
2.128,2426.4072851376686,1814.726274760203,448.4433205151435
2.129,2247.8349953397997,1880.5585907318307,359.622425793986
2.15,2376.8642150113506,1718.2462300528962,520.1109872372849
2.15,2124.8785671403807,1589.0916595751169,401.86409302927876
2.171,2159.232504061621,1576.8902866344847,431.3842238716639
2.171,2223.3238332231967,1826.4573500437498,482.68087409522536
2.192,2406.6556466855973,1964.7417881191036,424.4503324642282
2.192,2369.159445426847,1745.451124451872,433.9265791956676
2.216,2236.48649139566,1837.8344892166017,409.6788627542257
2.216,2131.2507737025767,1554.684472339632,471.13629720942436
2.234,2390.7446752912974,1746.202171184878,394.4732404112541
2.234,2668.843000356312,1540.2477929992217,432.1530037314901
2.234,2025.631573671976,1781.2850356543422,445.6243636329639
2.234,2136.453376407012,1761.492702252096,438.23735263016954
2.255,2275.3223199909185,1777.9343468957939,376.32953837671596
2.255,2031.0786207161398,1468.439033711053,451.58682082044754
2.276,1789.4599597812419,1651.065065318407,466.32720617449263
2.276,2286.7815459991853,2045.839992268956,423.3409288291953
2.299,1914.275357230035,1947.2158502810298,427.875410318096
2.299,2138.6192749745023,1636.4390232396331,485.60851676327826
2.322,2366.687711457361,1736.3406885249346,472.3708226910586
2.322,1790.8130862136456,1799.9203775542876,456.45755969103675
2.342,1966.5945301118709,1756.0462769163526,498.61575870279216
2.342,2735.962975696309,1842.338380696684,379.83012288178116
2.385,1963.1620059230934,1794.3814256976607,415.7085933671803
2.385,2238.3162369370016,1771.6340447241625,502.8859364484429
2.385,2238.4961148909224,1492.5834720587518,472.87662974919454
2.385,2232.43980523425,1828.5935898316663,501.43385963305434
2.406,2432.71640970348,1531.846620491382,515.6772784287604
2.406,2182.3802324290427,2000.1403382440938,474.92679075685027
2.406,2031.4185762054758,1989.827640195827,380.0466876691856
2.406,1993.890993211265,2007.7383625228829,468.0686698523356
2.426,2113.902696541762,1640.8780022278163,492.24530658808817
2.426,1895.204913555362,1680.2630051648991,416.0557628053771
2.447,2505.9763849709575,1728.4473461950047,584.8310713360831
2.447,2492.1071984308446,1995.145715708384,491.54203115461615
2.468,2099.424706447116,1735.5424355281793,468.08144651616897
2.469,1829.700384065846,1630.216123937867,467.239036667646
2.489,1952.8040764237476,1698.7003542197913,447.4435998249111
2.489,2417.4051330424086,1925.1322884252995,450.8536453699231
2.511,2030.8459205189783,1706.2733251948493,495.66471357714704
2.511,2199.873855228756,2051.979818597547,492.6371091880595
2.532,2319.5723356624594,1569.8578760989544,456.06281842002505
2.532,2383.917526533491,1619.6462766282614,447.3274082750988
2.553,1886.223877418778,1661.4030546163362,456.63145062373917
2.553,2439.640323952093,2058.568408474276,483.6574925605837
2.573,2346.207577987723,1780.5096851490337,501.096688495012
2.573,2106.1411569705965,1835.1878312045433,462.6657171584479
2.575,2544.7463090721935,1726.5592703045863,374.4747256842267
2.575,2415.820554955324,1547.7509500561446,442.82275012400305
2.592,2156.150129076332,1649.6291941787183,472.36857227669316
2.592,1967.4069466276023,1437.903837682641,475.2374219128736
2.614,1802.392771939147,1838.7611461840065,469.3480045849469
2.614,2290.2407192402216,2101.643262819235,455.9056414925666
2.636,2382.4483123527702,1670.1770266163953,439.203543319041
2.636,2370.2163048476414,1862.0939982754423,402.66340979115733
2.655,2336.180070579533,1905.9526686485797,430.00021815726757
2.655,2050.536989475937,1739.2852777975415,429.9460641444194
2.676,2441.5307607598297,1729.7608123707664,382.7618714655064
2.676,2285.810879004908,2125.30706623102,452.11553794484314
2.696,2322.6072299641323,1719.2999874541215,474.76686874242944
2.696,1935.4265181220765,1950.8041313992971,458.0477584606365
2.718,2261.943300447713,1716.317258385626,413.6104228862997
2.718,2326.199442670968,1941.1085446333593,431.0281215588039
2.738,2165.777676569454,2067.2542475981127,316.0384862387002
2.738,2224.72287187379,1959.9200341497594,475.81950880689
2.738,1912.1179067433977,1537.0052294000634,456.9079674897441
2.738,2251.342733642582,1965.7743943766618,441.6099538307601
2.759,2560.297164681483,1775.5939009309593,457.6729437566809
2.759,2069.597772861489,1766.9508061935828,394.1233047406316
2.78,2503.5813548048095,1883.084858357078,310.02155260204563
2.78,2013.455639283594,1906.4687404174597,401.8779984265601
2.801,2047.2943009320804,1790.5267967756845,465.49034054937727
2.801,1818.9524480775526,1764.2353292252315,402.052823789988
2.822,2190.568829901884,1497.1215436895338,432.6931938528464
2.822,2314.516875560254,1526.2000789861463,422.9614846569849
2.842,2373.684196020518,1954.5290257363968,498.457008485107
2.842,1943.8762312356162,2000.8490302260786,435.56437512663837
2.863,2522.811883581095,1825.5319522252234,413.41864789960266
2.863,2101.1429963895935,1665.3160079875283,438.11005977719265
2.884,1638.5896709655528,1994.796864213513,474.6936193948225
2.884,2525.1743328122675,1737.778926903438,415.1035582951926
2.904,2231.795396211311,2101.0824900274865,496.7848921808434
2.905,2234.397023020271,1433.4061179789069,472.1886124221195
2.905,2019.6421514404835,2006.0206705589928,422.1657823640464
2.905,1761.4320004957542,1786.306299332526,439.45420547779014
2.927,2470.011275918801,1511.7369315106116,445.64783998535916
2.927,1946.0780916053773,1667.405613928069,478.9722256534821
2.949,2136.528090473174,1747.030814072867,458.6501132366976
2.949,1826.5514853552795,1780.5874792509953,429.59677427096494
2.969,2002.5198202691745,1734.6594550677582,466.6542151494479
2.969,2010.5586125995128,1847.3465377095931,424.38381131003337
2.989,2099.3396626628605,1705.889280088095,339.25726204823087
2.989,2107.0650974917444,1892.427167723554,464.1044835399617
3.01,2570.7706575328907,1470.3698691872,426.0145030579349
3.01,2215.414860606432,1878.4163930417662,408.4563076755773
3.03,2914.5406984539495,2040.7069195913693,549.0188084616535
3.03,2241.355800856458,1594.1172521701462,421.10976865707426
3.051,2338.5034972962576,1881.3863117420112,443.4252508138886
3.051,2249.343922306756,1888.7288031200765,438.78810452063
3.075,2308.0047468108214,1874.418081982978,400.79293964955485
3.075,1825.0364653798288,1801.7785662149986,452.70466054284753
3.075,2285.503422341873,1662.944364003273,428.7896455874032
3.075,2124.2283743189996,1733.3284355674275,404.86805974065254
3.097,2525.549942149976,1787.2638236959672,455.9285342218741
3.097,1936.9467936931587,1767.9504626583027,487.44116696310033
3.117,2361.0461279789356,1795.8032754202743,461.3330618356026
3.117,1898.3397763575172,1701.8790884040893,476.7282393957784
3.139,2492.9366438126094,1640.3623512697952,476.8834069458086
3.139,1705.614057360932,1562.0648781955051,503.3070385761461
3.16,2328.80591842102,1706.1019860880645,443.80660761799015
3.16,2287.344169765689,1995.8117501222214,424.2374352468706
3.18,2173.3719525606684,1727.4180282014902,459.3658476637738
3.18,2077.0232214211383,1673.9273223641057,412.38592634984246
3.202,2188.141831900192,1783.492872361566,387.51188414047
3.202,1979.6025079136327,1807.2784246754277,401.9102358835422
3.246,1733.448556358803,1873.237430317351,467.1655153217707
3.246,1772.2553509795962,1899.860576659793,444.4931465740377
3.247,2378.658814380178,1648.6966493546086,432.91578317566956
3.247,2318.5858212951853,1846.4984798710973,466.8431257503134
3.247,2376.489445594075,1885.2451556654696,314.8337009277505
3.247,2206.3362627973247,1852.2185228213812,455.2931789609881
3.267,2515.8024805994523,1747.2313821313146,435.2881958758793
3.267,2024.0365764879489,1653.6921473869083,418.0052711366992
3.287,2126.4114358462143,1982.2412503085839,343.1674044276595
3.287,2503.7547684679785,1620.8829946543865,389.44911965155836
3.307,1957.6322404276075,1625.8596387295547,445.0516415319152
3.308,2641.742155989666,1944.8615805520653,400.05607864210896
3.328,2236.9731074513807,1936.4067408973401,484.4903053734578
3.328,2639.79777261301,1818.9048880788453,440.53974345223526
3.349,1995.9725722858814,1896.2283900649597,442.10971670083876
3.349,2476.2683484191884,1725.29734206466,472.43267635050546
3.37,1731.0229750658693,1805.1384489319114,409.23761822243154
3.37,1831.121271613758,1852.6273395143107,522.3676937992819
3.39,2442.137366962326,1488.8869385960109,397.7031121336902
3.39,2553.978423686682,1403.1926372142625,389.4044381686311
3.411,2127.6111701447494,1997.3736248318728,450.7171191591524
3.411,1896.777605819871,2101.4504458752594,447.4696972967096
3.412,2563.810665591477,1838.090761175611,426.83246434717705
3.412,1638.141473732297,1969.6081882281073,541.0411817977325
3.433,2292.7028845618797,1920.8123317715879,479.0282505832126
3.433,2174.3665158891617,1485.3204571250558,456.11573917741276
3.453,2057.1517014647025,1777.315719044116,518.8039213977439
3.453,2481.4541843029338,1881.0608141323733,468.8424819479012
3.475,2761.113781802982,1884.125433035355,469.238596146968
3.475,1993.3051256418466,1683.0311508368825,426.6396650962283
3.495,2266.6444025961086,1659.9520624228692,423.26971906452934
3.495,2082.660364967144,1719.6985767012575,389.9360853096629
3.515,2263.057076963193,1708.5275834492313,429.29898749177624
3.515,2238.01848340077,1762.7932982202685,410.3376921105029
3.536,1961.4030497221074,1577.314400764234,425.64744573880824
3.536,1928.9761661122286,1847.3591273985596,453.64069190405525
3.558,1505.045798643027,1847.313653167041,510.5363236360309
3.558,1887.0229069344377,1852.732122103639,454.31434085632577
3.578,1589.230439090918,2159.2211392828494,399.4109999265365
3.578,2535.199586315326,1656.3709229740077,429.1482351756233
3.578,1906.057055150206,1814.1529607162795,449.38925755910657
3.578,2129.3384572594523,2242.838033601764,526.7281723703641
3.598,2120.115039480149,1879.7863796790543,388.22991745734765
3.599,2273.9649219962644,1853.128113262888,544.0735072270605
3.62,2108.628977425206,1538.1129571648553,433.53946598919293
3.62,2050.0454059048043,2050.8189697024764,557.0617210648214
3.639,2213.4175189117036,1690.6910585462365,409.2594369456564
3.639,1951.4057998452786,1867.0527862884592,430.8838299748125
3.661,2217.946187264454,1653.7539640140951,411.25269834936097
3.661,2122.4071433871914,2039.4760787876285,456.7881678487668
3.681,1935.6271274294272,1828.5504795617637,478.8998349938789
3.681,1806.121650967104,1993.271349621845,433.0080013849899
3.701,1964.0151233770202,1639.2708635699476,370.677836180544
3.701,2310.063161199495,1508.6369729695857,518.4934541453423
3.724,2508.9878024397376,1507.1212577662336,524.6197053185377
3.724,2394.1197243675997,1689.8013251198126,481.92230621349523
3.746,2302.961079134372,1926.7219853921147,435.5928926195551
3.746,2461.25960605605,1925.4005960385132,435.74856822930377
3.747,2327.727889520642,1657.254791365042,454.34607704650927
3.747,1976.593877436778,1715.0263896897127,530.8233650713918
3.767,2083.60205604197,1742.8120391974307,433.0696496337801
3.767,2178.5865702326014,1991.3625964257053,471.0397186030569
3.787,2167.4214274834467,1641.1453765177134,474.7983042276866
3.787,2054.5687507922207,1937.4430322528285,474.20908554327343
3.807,1952.3122388072532,1688.0188681425211,468.39604302891263
3.807,2198.2678817772094,1934.2878116813752,456.17957098242283
3.828,2552.4002837622547,1825.2261346546536,394.4959717683774
3.828,2473.752636568279,1897.9145459889446,440.89608828324793
3.849,2357.1834204344123,1557.3638480562656,470.3084770914406
3.85,1955.2565762936133,1598.8048168227563,461.8958725205083
3.87,2154.322608356996,1651.0120112607501,461.27306605987604
3.87,2418.740520968564,1579.215701434395,431.2204587839362
3.892,2527.1592500410684,1748.8637458012595,464.75524944533163
3.892,2020.6506995354698,2046.03915975185,489.9398673055289
3.916,2081.104439242451,1628.9933481171515,427.90758991790256
3.916,1904.0108978818894,1692.5991892172583,419.50288608131405
3.917,2339.3855969411247,1770.772712097438,396.9903977888574
3.917,2469.9420322118626,1858.6297446129179,491.3798613104228
3.956,2512.067993851172,2044.3665207939787,461.5769798511684
3.956,2408.3442080702257,1563.847124334412,409.74177330482854
3.956,2411.425033646898,1725.7127412036975,458.93618228197334
3.956,1840.3530781662944,1801.153095051526,377.29203410278075
3.974,2222.7862143204748,2030.9768162808252,419.77685725337085
3.974,2305.7491187608084,1848.5598511408691,413.91955586713806
3.995,2294.811244705067,1741.4749741237683,494.45557928726186
3.995,2633.504709046262,1886.5348811400993,495.9323661225941
4.016,2221.302739848368,1428.2641481986043,496.5707193602852
4.016,2481.1471647112844,1915.4712844362111,461.12472859028475
4.038,1842.6496081820912,1816.4793843004275,515.9545570659747
4.038,1815.3353652412288,1326.385772937942,405.7308054871015
4.059,2062.965213056904,1674.299635252424,400.1718110785145
4.059,2098.2025754248034,1420.3548770537573,410.03350518455454
4.078,2335.6098017722875,1708.9555146021808,377.48522659828575
4.079,2424.7751011245714,1677.2630821307876,508.20214739819716
4.079,2586.639788181473,1973.084098074058,451.879528673655
4.079,2145.0855586174434,1801.4025813091978,409.2554683991602
4.1,2102.891957458715,1686.3205677840301,399.8001924024878
4.1,2361.5702396931533,1366.1125814923612,428.9881160905089
4.12,2033.1154869891814,1681.3275095958577,368.54939518495365
4.12,2162.242508177671,1973.3910127792196,419.1044853717005
4.141,1996.6793169755783,1809.7704023966592,434.6710472119961
4.141,2699.0596889829635,1861.817321846574,413.65298460854564
4.162,2054.3189478001627,1366.4303349035422,399.99741088572796
4.162,2664.1002118569427,1781.1871700491058,439.9724137561278
4.183,1888.0020883502818,1915.1980045708528,414.84455673000434
4.183,1956.5178052958538,1862.1022239267127,479.93287152076806
4.203,2066.6553666675463,1482.781802324331,444.55322496883576
4.203,2275.919095319391,1806.2851810643924,378.9929628205989
4.224,1805.1517793810926,1694.7303197633687,519.4634616679228
4.224,2175.8698041648236,1747.8293743671225,488.8743029776391
4.245,1963.0660069911307,1642.0032130191626,474.3901942588724
4.245,2247.9020799133764,1968.5551588262358,383.8815222039079
4.245,2263.902582147596,1474.8117091445515,418.870278548086
4.245,2062.746578633483,1918.1256486489751,411.697851906791
4.265,2010.8735537775608,1985.6348654462636,429.2343394407727
4.265,2132.7149941964817,1789.3338713947262,389.46755977645034
4.286,2095.28651480505,1560.5771623539563,511.90878043232874
4.286,1905.9762822448706,1641.075321679519,504.85824842346733
4.308,2434.381980027488,2027.1613483193325,427.5294032421276
4.308,2322.5920492449227,1706.335490813314,487.38131065226764
4.328,2122.7462638931393,1709.6015384048496,467.3656974979163
4.328,2671.1102058187635,2013.80721097457,427.49694284315905
4.351,2299.6878053348833,1723.8343071659529,543.1330265140017
4.351,1953.15170231076,1926.3227250527457,321.0058866767178
4.37,2036.332085086479,1805.8484769093016,456.781675163956
4.37,2300.0391119201004,1882.342747254823,566.9631022966701
4.391,2297.0253553158627,1551.7537592681738,424.83625188041003
4.391,2284.0681271025965,1611.213654319003,337.44775001777657
4.412,2163.061925488408,1696.2687219519287,397.09419364481573
4.412,2098.065452466487,1381.042228075331,412.23772356801004
4.412,2363.162618403902,2050.977663098474,378.3406394100747
4.412,2327.271146642539,1575.8312600765205,410.19914294874485
4.432,2039.5717788030322,1884.59901167377,400.8714902864374
4.432,2065.6471539132667,1918.8454138825323,520.3545900988269
4.454,2266.676595475223,1903.2711135521454,419.2301543649375
4.454,1921.4364442381095,1918.969209011738,425.3046371291288
4.475,2221.118427700432,1821.5482817335526,388.27929180601376
4.475,2412.7354778394906,2065.2893847451837,487.55967068448643
4.495,2492.7404737026404,1812.6043237333563,521.5154084096042
4.495,2241.8839630102193,1966.4121501418863,462.74044521601024
4.517,2347.768267388985,1930.2974790710186,538.406565768154
4.517,2047.3676290513788,2219.3440024613524,381.482133603226
4.537,2570.5970719131597,1637.2388399475462,341.4215618261415
4.537,2300.756125083267,1761.0074502956966,440.21113781586587
4.557,1739.643923177952,1924.6695306795034,412.5067883509342
4.557,2173.802138502182,1874.0751422908907,473.3077384148639
4.578,2853.050012461132,1805.485301764981,410.88275090126047
4.578,2335.5449621603925,1801.1290068572287,415.9033296097444
4.578,1663.357812927293,1629.9199820639476,393.31559893602866
4.578,1791.6594114812378,1953.4796793163327,497.25185365306885
4.598,2195.675220462387,2111.3452247294235,466.86292540393015
4.598,2131.5535315466173,1861.691710671633,483.3942011696445
4.62,2044.2783863583436,1587.753636987998,473.97312964639065
4.62,2711.394185565352,1673.1638755386011,449.560791366708
4.643,2100.2742564508476,2041.625048556129,457.2069597230486
4.643,2225.138220820509,1665.8167429303933,491.2680499877063
4.662,2322.082101304891,1747.354545632692,405.76764556182616
4.662,2164.1697713997114,1986.1635482975503,447.0222870954754
4.683,2061.845378799414,1561.6689519889383,455.6549532112906
4.683,2341.619148654769,1624.3031703122224,501.61122744904355
4.703,2210.0641543501933,1427.0779549863107,399.0976144061646
4.703,1938.2072806991068,1722.2279274089276,364.69318155749806
4.723,1912.691846771601,1712.3432192990524,522.4018185808927
4.723,2530.177982747293,1706.295942660657,329.3833373638146
4.766,2575.6733176370512,2184.1036050332505,476.5652640843908
4.766,2026.217447277269,1828.9704720834407,388.70826356963147
4.766,2352.7028016812637,1917.5949347554356,413.79632592509887
4.766,2115.424558932679,1887.2316314064478,457.91952834377616
4.767,1915.92768932839,1380.2018668081446,533.0292570540896
4.767,2065.9747302535834,1667.109597280683,502.30277563357834
4.785,1645.5404901356048,1890.9316178055972,475.51403378397725
4.785,2258.679140573938,1698.6320643970314,394.1193610156026
4.806,2092.8842649859844,1898.474487730567,402.3765797254867
4.807,2269.0826868792356,1961.0545144182959,495.81799181485957
4.827,2063.726910913665,2066.658746210221,357.7151639359119
4.827,1776.0433012685178,1657.5561945054596,513.8027064945647
4.848,1865.1889479955767,1704.2006723467018,456.95457930805105
4.848,2461.2419081819185,1974.7224321129604,475.4713971460008
4.868,2172.450247567808,1989.6028024712884,465.9976458452865
4.868,1871.0384192575925,1883.6594887864799,458.3078400937976
4.891,2101.5595688677126,1922.439553929248,486.8736476578586
4.891,2528.498698904183,1501.8280874773131,427.3354797759019
4.911,1861.5016574774622,1572.6349913588524,413.0794806594349
4.911,2276.466301704786,1464.1254922421535,571.9871526083813
4.912,2101.5069414439895,2211.274832412198,399.0683757289419
4.912,2277.178784032999,1614.6528803923684,480.62455390488805
4.952,2658.7726433234666,1922.8078043889032,435.81266948946836
4.952,2056.2748491465704,1893.13200767534,398.16329432274597
4.952,2141.207326672895,1754.5402163089886,404.1143844642336
4.954,1823.2665355256718,1868.7197516123438,471.05731548553194
4.973,2265.8386600749236,1908.2193475727856,416.6514164803268
4.974,2212.310913481448,1870.2937853825172,495.087450434495
4.996,2174.0710775010316,1674.25082808627,414.9096757437279
4.996,2023.3396639250952,1899.0971977084648,517.2296552890812
5.016,2114.765072172382,1535.5176996625873,406.181856380903
5.016,2406.2128278092623,1800.6381020915417,488.6416854184824
5.037,2878.2456378823667,1697.2636863837852,384.652169550546
5.037,2337.2144386886625,1904.3766265408794,482.2619245864115
5.057,2107.4748940754494,1826.791239766408,422.4504274560947
5.057,2471.6682691761653,1561.961009760521,446.7955220330762
5.079,2310.8486741043675,1710.6857848489058,412.6007286906327
5.079,1950.7461829035274,2032.3042436331411,373.81001135147125
5.079,2321.0969657467263,1484.8011884668379,497.43333235000136
5.079,2301.07014688383,1626.299823505218,503.3698931472741
5.099,2869.1049474525535,1583.6319840304825,498.972051510248
5.099,2145.5055584840024,1653.1674382787376,557.5635631194427
5.142,1817.4454653066332,1697.6239862624145,422.0713967812377
5.142,2101.84506544566,1882.6823584091908,454.4333715657931
5.142,2331.2371787118345,1571.735338602199,481.9380298801925
5.143,2212.3597749348664,1918.5076189689619,490.7780397159105
5.162,2294.999504157349,1863.1167580302354,475.01375240802565
5.162,2699.095608918884,1661.0573065862018,438.58829531398015
5.183,2397.8684507613775,1915.0794076593643,380.47541072559596
5.183,2379.2926143546388,1689.1347795177276,391.57793917014675
5.204,2084.9046444248647,1786.2161085473906,382.1548797307511
5.204,1699.9581243760758,1804.5489216214312,491.9622558286173
5.225,2192.123600066431,1702.779549186361,456.8371970075735
5.225,2518.4299486086115,1488.3137804415755,420.1055376241392
5.247,2283.0561830733213,1586.7267738152627,366.2690899124348
5.247,2442.123495109753,1973.0333553025062,405.16127389429244
5.247,1850.6822656583288,1650.6767558027175,392.2825977694399
5.248,2309.454473966208,1536.1722690702588,430.4682501295354
5.266,1994.3532461562468,1754.465409512829,450.1630784030431
5.266,2057.9244504070193,1912.6394508945398,388.32333452546834
5.288,2253.1514722206566,1970.8541080715847,417.9757084859603
5.288,1681.8092200432461,1860.4072695936943,540.7566591817078
5.308,2279.537053174983,1760.0794898392005,446.88969862490507
5.308,2192.555777445952,1762.3581449223643,551.1567621249484
5.329,2247.375355915052,1865.7861768721007,483.7567693615354
5.33,2195.7933361979995,1912.7170878289176,482.65315851617476
5.35,1933.5624068529432,1629.6947373364458,515.558005472904
5.35,2189.4378381017427,1636.902012941061,393.56973593997816
5.371,2130.4446635698964,1843.2040291803369,483.3577817089928
5.371,2215.6978181872228,1994.0492212494796,449.04638397233055
5.393,1944.717083568832,1812.1985501485424,360.295060265715
5.393,2072.292796747876,1715.5255776935503,452.26258025238883
5.409,2670.209129531265,1750.4068527779652,462.92095225173614
5.41,2247.125251950802,1893.2626050893302,440.337524557353
5.41,2144.900385050096,1992.2018192332982,403.20987387589025
5.41,2132.8756049662215,1827.2041856418064,535.3640025025894
5.43,2198.4282517644165,1618.8031774695128,375.5795387248617
5.43,2114.2945543390647,1841.9050059436859,461.14203761574043
5.453,2013.7394467459394,1654.2084121775067,481.76683631664525
5.454,2180.0735814317827,1767.8864214295286,414.71963084382196
5.473,2593.66993367945,1888.0831616546154,443.9971986106963
5.473,2276.4582685279825,1611.354900645669,430.1203616568191
5.494,2028.5129544354274,1834.4110110545955,364.10339571291513
5.495,2145.400941888831,1641.06421700468,441.23358158573257
5.517,2120.391230222203,1582.3231670044006,401.3053289458412
5.517,2215.272009963549,1789.2695706140573,444.333866256829
5.536,2165.75421019206,1556.8237880529164,402.3259888257688
5.536,2052.0793171271143,1794.6598623021212,398.34370639864
5.557,2645.7214380661467,1947.0623497170698,520.905803812012
5.557,2141.4500739806867,1851.8772294349906,454.3490934325207
5.578,1962.1684654064734,1585.3965404769601,423.7885579396025
5.578,2192.223296272753,1909.1990128385112,440.24088207307176
5.578,2125.8114864745176,1765.69143128688,445.88298187684916
5.578,2278.1791027156073,1680.3015810474715,437.4912682259209
5.6,2298.1676626370254,1845.5358046137774,419.3225739150696
5.6,2117.5612969148133,1747.8536280482708,468.2154415602324
5.621,2385.2890254145727,1760.6036885296767,464.00755023351456
5.621,2264.9781873046827,1705.877283020658,415.0860123494189
5.641,1805.1860745878307,1472.245613054026,449.44285661748404
5.641,2261.910241672492,1994.5255154249546,400.5870997325782
5.662,2422.8547811724984,1822.4695383912515,426.9869624053375
5.662,2210.5379604068917,1709.19458552558,340.9315732333163
5.682,2392.522807110421,1867.0518144504804,354.9255394721784
5.682,2256.607952658839,1305.5748659828325,435.38812003337046
5.704,2271.1984812443757,1659.2113330390737,405.93163472682807
5.704,2028.6232688007874,1685.6543773197582,421.5611524438596
5.724,2574.011121822665,1445.208555870233,436.5038011909499
5.724,2267.04369167478,1663.5658897699134,386.6261765256566
5.744,2244.2017698578743,1876.790826394791,521.4776811975112
5.744,1665.8973576571711,1857.0881604676263,425.38260117476403
5.745,2211.510470641122,1806.6250694138357,439.10069765519387
5.745,1990.2004703966531,1577.1349175726334,443.313460846507
5.765,2017.7853280984368,1725.25044191622,491.0063921363714
5.765,1967.5365715053504,1715.452340443878,433.8408054617039
5.806,2532.183001232359,1662.9983239151663,408.84822513313566
5.806,2331.7935911972013,1630.653909029003,495.680481842018
5.806,2024.7197871829333,1536.1573794658484,496.15759639174763
5.806,2187.1630552454285,1954.3392281906627,463.8245587034143
5.827,2054.1028953768746,2075.4810925660613,494.8631177818788
5.827,1960.5557661540104,1703.3704138963553,434.753732393859
5.848,2048.3105313194883,1657.8385470799337,416.99708482340577
5.848,2505.2202272400223,1545.794966482161,428.8220061376091
5.868,2494.2778611672425,1762.4581326349562,446.39813326210253
5.868,2453.4043564082003,1787.332432917165,523.1673816373184
5.889,1751.7214399172067,1615.9101388535291,434.0989184667309
5.889,2320.598266998779,1899.7676767638154,370.8010418839606
5.909,2224.2099291838185,1650.567638153831,378.42426617575956
5.909,2424.34740048209,1918.483679952616,406.3078745817945
5.909,1993.712393556252,1508.0422506448608,423.0222875544139
5.909,2399.920083668789,1671.3375014840285,489.5629073819659
5.93,2234.153259011539,1375.5253255423088,538.9308272250573
5.93,2249.0874487586784,1778.7975695204952,470.60452808781577
5.951,1965.0039411063196,1893.2430002491042,377.08400077207654
5.951,2298.1393336618266,1670.4123748988134,453.60283093833937
5.97,2138.9145879151874,1608.4181532878151,433.6117523452862
5.97,2100.605643973834,1599.222188358745,409.88814842820676
5.99,2110.3531833370025,1430.9376403609472,506.001029511399
5.991,2454.177319932082,1387.385088602302,493.4687106033053
6.012,2568.70580863383,1510.6378696218364,457.5607943129708
6.012,2370.2459632958326,1771.0496866332408,453.28272931413073
6.034,2067.44518270987,1721.8741339612693,476.1636792716251
6.034,2053.793532200415,1763.451812686612,393.3353705140407
6.054,1672.497704825364,1599.107252743915,419.91753344100425
6.054,2499.3211159443135,1466.9524489202245,372.0346783921202
6.075,2058.6200948271976,1739.9449532911137,421.82804257430297
6.075,1820.8680599915979,1647.270754566275,444.5351451689916
6.075,2376.6262242793373,1843.6777023450495,456.9605989948228
6.075,2105.3222472297925,1684.0391159939704,380.5317159723422
6.096,2677.8507267525247,1513.6944265254963,402.99300313595387
6.096,2336.0761822765226,1497.7426460854072,611.0893024986962
6.117,1733.2050254223166,1262.3725492334838,454.84427773857385
6.117,1811.849992150804,1523.3585774207083,461.09567728161124
6.138,2342.4155041043728,1706.9213152049617,418.81920219479645
6.138,1993.3180060082495,1648.1680222923576,411.6562767531003
6.158,2013.6706474420603,1933.580574920417,431.174378957358
6.158,2132.776193403054,1821.9295497696069,407.82159283143966
6.18,1810.8623005748254,1500.5381648826108,540.4842782675142
6.18,2733.095118696844,1929.9827052457622,488.43211196186763
6.201,2032.1864837606897,1816.1026511617029,454.44374584532846
6.201,2279.5278396886606,1973.5258081782958,402.1608447683601
6.223,2232.869238117756,1583.5310487956897,503.999494608386
6.223,2036.9843031199182,1569.7188914570902,431.08805326425704
6.243,1954.0958788901564,1603.7235541673058,462.87050948805563
6.244,2165.953504148437,1602.6898502266295,479.10278742491295
6.244,2291.8845717117083,1807.6910233280598,485.71348452145196
6.244,2271.221995622602,1721.0101784426688,431.2818788024412
6.264,2300.0802763221695,1865.9955105759523,411.29295667230707
6.264,2361.8654007592104,1713.76915615364,406.1539741748493
6.284,2345.540685360783,1759.9077124228945,374.6881962942385
6.284,2475.8907029971147,1722.5020388889654,462.0527027025875
6.308,2642.5166759879257,1841.0123137184826,426.1454730186555
6.308,2235.4320754906034,1649.367607646786,430.1735807028994
6.326,1859.8140676467626,1646.658386253069,407.74043013549624
6.326,2175.8106139473157,2250.5961466443205,463.2595568154491
6.347,2336.412476325178,1573.179902589885,458.1933613265948
6.347,2128.182245260261,1666.2971220296065,414.67551546654477
6.368,2710.938108945362,1489.4079615522032,436.1055384096426
6.368,1605.4372061894296,1432.9068192331592,435.303780968873
6.388,1714.883576863739,1510.3488827781835,465.760004934321
6.388,2283.8669656053025,1810.136156426875,431.49527617565604
6.409,2720.686142746871,1536.5314258203016,475.84719771269147
6.409,2280.492422510792,1621.8518506876503,393.06525498527003
6.409,2398.3386498943687,1748.9683212798523,426.7427884138043
6.409,1929.5812880612207,1623.9711837026946,457.4010242810398
6.43,2263.4925054963587,1753.0079835728418,436.2957714032415
6.43,2447.9855265447304,1668.302917261567,416.22855274856283
6.472,2128.871428948127,1830.0321888162205,479.0790675583529
6.472,2065.767613788451,1620.8296349744644,459.4242920893272
6.472,1931.8999263242995,1739.231859064888,457.70574652441525
6.472,2333.2709092431955,1460.6815686524992,451.23638565484003
6.493,1947.6447273577273,1849.1245242307502,462.56364388731225
6.493,2046.9548090840028,1870.9074108135535,392.54817443413026
6.513,2220.26326436176,1994.9419109528494,381.7125065139065
6.513,1801.2416859023992,1560.4437859057446,447.5545823056619
6.534,2069.827379181446,1871.358857932215,394.89584312207444
6.534,2050.0095075491963,1834.0869989829916,370.1667476607901
6.555,2359.576381939828,1823.4028158631663,387.4261149780248
6.555,2319.490331690519,1686.4485517626363,394.4881999200708
6.577,2302.0346843068196,1826.2921809131146,450.1942169203086
6.577,1866.4601893119134,1722.2947249909173,441.4064425739054
6.578,2372.315499452535,1328.6067809615572,471.25638755120866
6.578,1911.3091054546258,1575.3776534263923,481.03196454751526
6.597,2225.944204028075,1614.3992226642729,441.4421670276795
6.597,2228.03708269341,1926.802053782059,353.01174998958516
6.617,2360.2090106118094,1715.0817179719463,482.46906322264203
6.617,2521.202851749881,1547.9759552282076,400.4239422481363
6.637,2229.250228833413,1464.4213290704251,410.04121790906873
6.638,1990.0539320106845,1411.9707453894448,499.62354600182726
6.659,1707.1769618816347,1743.5446245808218,485.6758411089689
6.659,2407.9665845379786,1362.9485494546927,448.09720851787523
6.679,2318.3245067313155,1573.6861515787227,427.9894954758916
6.679,2573.6443738375056,1741.3636811403744,377.402657663857
6.702,2215.558319387001,1175.0172298223906,505.3479015370849
6.702,2336.130795517978,1613.637148336506,426.7207178374811
6.72,2164.529371384603,1698.0413917233595,492.05833190039397
6.72,2474.2161268224177,1503.680151399857,425.8033974244708
6.741,2336.1483590035527,1550.0359394200636,438.23800254249426
6.741,1785.9049041994276,1502.2236759811583,364.85213681231573
6.741,2295.80505106805,1743.488286685789,439.9599525924037
6.741,2521.8240863898886,1728.0060123465719,448.8531760862833
6.764,2192.3703770979755,2142.1399695314517,417.0256036934712
6.764,2300.8997431868174,1487.3368230686544,485.6215151748709
6.782,2079.3603934845955,2108.2665506420794,324.02190619912284
6.783,2028.1507561963017,1561.5561868083187,469.9835250559088
6.804,2518.5579145722663,1605.6936797323035,411.6400205207113
6.804,2110.292272496862,1474.3597710592162,509.304078825762
6.826,2258.222661570868,1347.9873292103468,395.85287195465406
6.826,1915.8943056706416,1601.6645575089613,465.8652560320257
6.846,1842.8333345858405,1626.764355563855,511.8502733181305
6.846,2136.9653970614845,1616.7499148517013,406.81900518287677
6.866,2157.5969217526117,1811.4638854178852,353.0529823560684
6.866,2398.7085992334582,2015.3037402958985,484.80558659279944
6.887,2072.904188163232,1639.114784837125,440.95249444931324
6.887,2163.834714380652,1726.8083050003354,541.5116587914312
6.907,2687.20410685248,1348.2462787241861,400.5859867081493
6.907,2411.810724609698,1661.5560863596074,512.9804833558567
6.907,2398.2636056706883,1863.3545765283407,513.3073958819998
6.908,1892.9269920791992,1756.4667831337233,434.8738794223155
6.928,2456.124486305729,1781.9072653717158,503.5127542837947
6.928,2076.819963751625,1944.7748910318933,492.32387941559307
6.948,2121.908947476531,1823.608119229091,404.91262539418074
6.948,2060.778024223522,1952.8973936583334,477.8253611734726
6.968,2106.077753223663,1934.586190044906,411.3674837396501
6.968,2092.977509357837,1629.6588052005357,437.2566361640753
6.992,2489.3474193207085,1689.0105593477228,540.1366220060362
6.992,2052.9997647028067,1557.221981847067,540.6491904092243
7.033,1911.5252091828213,1423.311034662736,478.7180320650339
7.033,2091.3085703781226,1831.4368099578328,425.6858051012574
7.033,2063.6114415218035,1849.3220127751279,505.6205837307788
7.033,2510.777642697123,1665.6122519483472,514.3633605790903
7.054,2220.7678188256486,2046.1685685427738,404.87530940092427
7.054,2488.138405671833,1783.230174408294,444.2985555645811
7.077,2662.622514667474,1691.6424468051505,466.42737448900687
7.077,2349.403136555013,1325.6142907512478,430.15151885005866
7.077,2193.160148071838,1430.3208596706645,465.1752565156985
7.077,2493.070062620311,1775.911041507356,412.1922900453593
7.097,2287.408315064959,1661.1895357917238,489.8798189521796
7.097,2018.6843971194414,1910.8976725692842,384.72183742897903
7.117,1871.7480204792512,1736.6250300616362,499.7385078556283
7.117,1875.5847184284166,1962.362745490243,524.5749713809901
7.137,2743.9317226414105,1437.3145773826095,453.4500872071896
7.138,2134.981578291542,1588.5313012101108,439.16405397347955
7.159,2015.0573011479964,1796.128346030562,458.9310298152163
7.159,2445.8959929431444,1767.8196585172448,405.68138205665235
7.179,2185.995716660207,1420.7561439232659,386.20888207114126
7.179,2159.6319819790438,1743.7622890803216,444.853622252554
7.201,2370.3096576219154,1779.7229129889752,486.1040331356219
7.201,2325.4679799017376,1659.603850521629,442.6294377793187
7.223,1935.3953648935612,1747.6112663536765,484.2859453518193
7.223,2368.2881355353456,1842.0792590690367,474.2174885876768
7.243,2074.46706919888,1574.38831791147,469.94308120779607
7.243,2391.571247767731,2067.93015564333,515.6880005851121
7.243,1971.1952238341805,1738.7698028321502,502.61310241612955
7.243,2117.0571221431346,1514.8803855959923,422.3954934157923
7.264,1811.9977618538107,1583.910248702788,459.54761070806285
7.264,2085.8785898641763,1667.7690473454122,473.45507741767113
7.285,2256.7214551734987,1997.2448893845094,379.3012145625671
7.285,2151.502440551886,1680.4339579734042,480.397660229496
7.306,2389.263632664087,1581.319069136858,489.2099542221304
7.306,2342.002234574575,1742.2553715511588,393.4116955759191
7.322,2107.8525501170593,1712.6060110201854,436.85219056585527
7.323,2175.7015409139626,1681.9615963987353,467.87621541332646
7.344,1831.0057756707115,1374.744164119817,416.68266911656497
7.344,2027.2082727694499,1412.193416456704,453.6368981984447
7.364,2133.5060703187796,1363.5987255890652,415.5362678134833
7.364,1894.299802404329,1469.4592219031015,428.62040424849386
7.386,2510.2378105721286,1422.8771346457302,424.8965283606955
7.386,1961.5476568482522,1611.7081996763955,454.9641764636938
7.406,2449.7756829871846,1571.8856214092862,372.690344353821
7.406,2184.43360115096,1977.4989547869388,420.0764446747577
7.407,2087.7509281490434,1689.5652551201479,452.34615081648036
7.407,2310.0699166429627,1622.7103147946166,500.63072093819716
7.428,2475.526905414414,1629.537961139298,450.5099738925697
7.428,2707.205726113466,1799.058605167344,457.737338063954
7.449,1846.2191860255998,1752.6176115820474,456.1806645257435
7.449,1585.4134254380178,1641.8612417001723,380.7636741832067
7.468,2534.429271742604,1809.254683853263,474.0571275065354
7.468,1826.3044791786035,1651.225855626805,432.7323863860531
7.489,2055.9240821011854,1532.8595872500682,439.75638673087275
7.489,2239.8950113910887,1778.3639721478198,549.7458769913096
7.509,1942.610751009146,1715.1555660023462,390.98235789323195
7.509,1966.7411102305452,1671.5549604843898,385.35392589298294
7.53,2364.1761048891017,1818.9076403528052,462.2831042014687
7.53,1901.4481392762627,1790.4946607407126,455.9337436129633
7.552,2112.9370528097074,1528.6057804143356,419.0682338327845
7.552,2499.1680484040194,1692.910055967351,341.12130813118176
7.573,2165.4337691996207,1567.1128839751877,433.8345168748029
7.573,2206.3938447240353,1736.6259651921537,481.06249170651
7.573,2085.8502591949723,1631.8852764544865,434.93368361126335
7.573,2070.5927727583353,1754.7732797430908,430.5864649906293
7.595,1979.0716956412598,1707.3557312775151,456.98584412968665
7.595,2124.897555589584,1628.5275101358327,547.8463419391167
7.615,2160.459755326989,1599.1885421307243,405.7965211182709
7.615,2263.2894673530905,1959.0507388755937,492.4557895565638
7.637,1802.9020657633255,1815.1561567771967,384.7818224053559
7.637,2346.122947477056,1717.115384158673,567.9772855159016
7.658,2244.8700208055957,1612.433688997274,463.4098091892619
7.658,1774.3912085998195,1773.3751726934797,431.90281491213034
7.678,2449.6181724497733,2077.9374210350766,481.8524069930157
7.678,1931.8488994061493,1669.7438677879738,484.2022333806467
7.701,2445.3751297120675,1780.1038152195754,482.5236266467625
7.701,2046.347710635395,1725.3135734493487,495.61624944906816
7.722,1960.5578930954086,1731.6492448867139,426.31982722964665
7.722,2174.2782109967234,1776.1716962054052,479.0528866624187
7.743,2219.7560860156464,1425.261011164177,431.57923067599785
7.743,2300.6424032740724,1593.4095619638404,525.258388345043
7.762,2075.2498346849047,1503.8792753216335,458.0609736861714
7.762,1823.8650630887373,1716.889573213625,475.50984831868345
7.783,2246.982272025424,1752.251422416417,476.78358259343037
7.783,2260.7812104915565,1652.880977536917,532.0987281697153
7.783,2260.1747844375386,1548.003997421733,429.4473495339331
7.783,2234.843432926591,1812.02274030129,408.8311863422815
7.805,2206.434787207138,1317.9708410360845,456.38551251307547
7.805,1746.6396022397712,1558.5303109143663,426.2730328136167
7.824,2188.462857299108,1613.1663949476233,450.1011426330434
7.824,1848.2157045985218,1707.6483027952172,485.36521608836335
7.844,2146.8134653174798,1656.714053831063,539.8802517914511
7.844,1843.490873827559,1840.1613182447977,487.4047370552771
7.886,2222.550449814473,1743.8257414606812,470.1808839052934
7.886,2383.8714246184513,1276.1076439364738,490.6189831813878
7.886,2356.9583696238574,1867.8977536567593,511.4873286108646
7.886,2113.164906464351,1623.982169003203,442.4771996441955
7.906,2412.6188082055764,1749.977475403497,391.12939203923884
7.906,2165.0017792881804,1473.42571001076,451.8493317343485
7.906,2297.3203227569456,1682.7500937315745,449.49382837239386
7.906,2458.4724158696854,1841.077093296052,476.55396982402453
7.927,2194.038401604666,1541.9389902241833,457.22697993020233
7.927,2167.1299445698473,1247.3398365276607,343.47895149578386
7.948,2361.391664518604,1612.7474467079198,432.6513300663575
7.948,1878.7116896021694,1478.4672547940022,485.5475517278867
7.968,2351.30747608186,1633.5670408963185,461.9080221429033
7.968,2092.7197765400188,1749.867408597774,390.7940346628085
7.99,2318.110519255211,1806.0724057052698,431.68911449790744
7.99,2272.572910080363,1734.7279837625624,438.43630766043367
8.011,2230.649512667322,1266.1864795257325,462.3099962751274
8.012,2599.7284982263154,1600.5625863116484,484.19133947612374
8.033,1876.4318956815819,1839.899500214778,562.3069568242006
8.033,2314.3676774710334,1884.746767511614,452.17338921687787
8.054,2596.8922583294598,1388.3117871052827,494.5907165914343
8.054,1958.5720428669258,1663.3274036583894,463.2844216854427
8.075,2137.9997654631575,1703.6125014879858,367.7960079605893
8.075,2545.7048912082328,1967.5569843176431,483.8836036523037
8.075,2291.043850542155,1728.8968138065093,430.0997907948989
8.076,2100.534575670863,1562.1999207307863,460.6563254272292
8.096,2436.0320795042776,1959.1658760124192,421.6035365930901
8.096,2071.846933241241,1763.3637227481095,483.916613170307
8.116,2460.789044604469,1835.7993320803812,480.2257849653196
8.116,2596.7336320870772,1207.225096271365,377.39797712757905
8.138,2063.893175896026,1478.2326985911036,469.69833520130356
8.138,1667.4875694148127,1415.908757529528,444.6300556120491
8.179,2061.11955813038,1775.9074429338273,432.8824236411911
8.179,1956.211392940635,1751.1139291843037,388.9517828915017
8.179,2224.0967969903895,1491.000971376403,514.0716240457907
8.179,1883.381719974722,2064.9874328644555,450.7235900744124
8.198,2203.5473107514376,1840.6730730335987,442.2597879299439
8.198,2448.3121232380654,1497.8265725808878,380.45929116857457
8.219,2125.9060151577614,1553.7597460405184,488.52378224219296
8.219,2491.794051881386,1926.2417533294833,461.99556732463924
8.24,2346.7799308540184,1683.3937852093688,453.45785740614224
8.241,2131.043369626292,2017.383953023524,371.72882579447446
8.241,2286.9929194750284,1669.010403472803,516.2505551664511
8.241,1936.7754266575819,1843.6048688996925,397.930712554253
8.261,2423.9262795022023,1967.825961900184,433.5671448875517
8.261,2180.2235171350108,1303.685244389681,380.6030106135553
8.28,2227.688783152507,1326.172348570273,421.2082971811524
8.28,2393.9601816342893,1657.54374619319,435.0819696669853
8.301,1998.765814781682,1423.9654498801901,546.0721138318163
8.301,2381.27041864667,1583.504269220369,413.13191558302134
8.321,2653.0713958319366,1652.759582551292,513.588599877921
8.321,2403.3558966052806,1583.3727417190344,420.96633513411615
8.343,2269.288340553926,1305.3269744140025,431.249741115471
8.344,2056.6566681960626,1527.2681225284841,525.6668987888161
8.362,2248.663124295342,1571.0600784890569,510.7776901172665
8.362,2209.601495257774,1976.3152666544474,423.1943736851939
8.382,2806.131953069974,2004.835605919664,507.2329587351365
8.382,1961.7421360494745,1787.802275639034,421.57212741706917
8.405,1835.063379796972,1616.2105160173214,437.0793721987901
8.405,2063.0090817388805,1517.4946227985938,409.15423763595686
8.405,2437.543930038143,1924.795274636078,580.9029577160245
8.405,2105.4042385546873,2009.9029195565597,430.93572115968783
8.425,2278.0927306591734,1319.0707651630194,458.7728156331311
8.425,2540.7968219530453,1315.8867798772917,469.6070671901632
8.446,2260.9560839803084,1670.1514754142297,570.3272224485061
8.446,1739.1855744571296,1819.1720030678116,502.1705174243941
8.468,2316.8624947851226,1851.7738651648565,397.53410610294804
8.468,2314.623475641781,1572.0916376137648,493.25935588540506
8.489,2451.990721688394,1630.4169927274738,483.46212636963975
8.49,2012.0275121914156,1530.3133113486485,483.19285051308435
8.511,2204.5077083381016,1687.0979464932075,494.67515073523043
8.512,2200.368302267934,2080.649571436191,481.4723606442677
8.533,1811.2655973422002,1754.1764938383792,453.3652452312816
8.533,2309.4473696762507,1548.511070995482,399.086402115758
8.552,2036.4042980375264,1926.9338932079982,459.02940283084473
8.552,2444.4813893213377,1797.0981402618183,465.8888520435464
8.573,2428.5951447434522,1560.3342718248316,539.7259999333104
8.573,2569.282788602577,1552.0715370239966,472.55050694207927
8.573,1877.5204733564942,1415.7284435383103,502.95412674372307
8.573,2230.804661551011,1265.5542305550791,465.06575091553407
8.592,2274.937750274612,1843.833118184946,367.45569092042297
8.592,2207.079409287909,1463.3343235277339,463.4404584506997
8.613,2725.341033927284,1665.8251107732422,451.0575472483381
8.613,1925.3493264646997,1677.6206398240597,453.19142377598513
8.637,2416.0737675090427,1512.323785026798,439.07711990900043
8.637,2001.3392783296272,1635.1346452805612,434.93694001327975
8.658,2482.0960577267365,1609.5252872853068,506.94190966436975
8.658,2216.3268873508887,1287.2439819886233,518.4697882067805
8.679,2097.730860342087,1701.7839169134002,513.3957644562872
8.679,2300.768240404588,1758.743951000498,420.4487326536906
8.701,2305.434018589686,1889.2165824154597,486.7383610376692
8.701,2360.104562547825,1612.960927189198,415.6769369551721
8.723,2320.5337083266218,1511.8064136400437,427.95525088251276
8.723,2193.018137062282,1570.3277088433238,319.6066933578219
8.743,1815.093192348175,1773.6087549424597,402.1114387808963
8.743,2327.4092383202346,1648.1406689298383,415.9603587582541
8.743,2206.012764481285,1277.426258750475,436.22155073719176
8.743,2125.3171434451897,1616.6021959374293,383.73451146369973
8.764,2164.471185025374,1526.3183194412316,510.029168101982
8.764,2014.4790205108027,2011.0471652367587,547.2723176228121
8.785,2282.1526888822227,1807.2136282030876,501.37049642547913
8.785,1820.9913401627061,1163.9811252753952,424.1233417594065
8.806,2322.7535387097687,1514.3180373137416,495.2003506617586
8.806,1978.489273385883,1737.1181582081783,393.8423871278427
8.826,1990.2605741172188,1657.811014560966,451.1698665638704
8.826,2391.110707087716,1518.0871527719178,457.31779141924113
8.847,2415.7646834942248,1308.994026335878,367.1881216927246
8.847,2173.0170405436065,1927.5169776218956,425.5613460833897
8.867,2176.5212843479003,1426.9423357792652,471.14910887266205
8.867,2200.896417844556,1563.0216686958959,414.1115934042904
8.889,2580.0788145552865,1556.1923189197662,486.6830057317362
8.889,2386.341055972049,1485.3936883670779,466.06062499679547
8.908,2537.5645605460395,1462.0625944468661,545.6607631134627
8.908,2221.2855390214127,1544.8703371121373,447.7738026317196
8.928,2026.274968374096,1517.2689941305046,500.62705948454976
8.928,1887.564108051985,1614.3069191101863,434.97222382627217
8.928,2035.6486526553385,1415.5885764491027,471.2984456901737
8.928,2463.8219648608365,1900.94316278005,489.4518054005125
8.95,2133.0550725981466,2070.7340725964473,451.36020642520657
8.95,1682.992773321729,1670.8671169669028,438.5494156137706
8.969,2529.011484549252,1612.0910476154452,521.0898443915571
8.969,2358.3431398902835,1468.560827385601,411.39439840434386
8.991,2226.955499381477,1605.5900945159108,579.5488421324457
8.991,2546.641435271894,1356.8259021901943,328.32029056073804
9.012,2524.3855628098368,1999.2656804841663,370.5178347201878
9.012,2367.1847562904436,1347.5964019365574,473.20256181927334
9.032,2208.5499122353626,2209.755235816234,493.85509451269576
9.032,2083.7517118016576,1711.1728456243577,408.0934198345307
9.053,1997.2402506620099,1619.160901659722,458.9060140212181
9.053,2152.3613574934348,1590.06641739187,497.2690497968759
9.074,2516.5180094370007,1402.2707364129951,428.8918292203483
9.074,2492.0701436669056,1471.0604362433387,542.0882147795865
9.074,2374.1677589507735,1673.0041659610968,449.9616034439252
9.074,2164.7701343048716,1791.7145207736783,477.3640481288001
9.096,2266.819618617133,1864.5686539854537,463.819820694777
9.096,2151.9115494582365,1764.178349741436,485.3545186766918
9.118,2277.690719711982,1169.1168310832575,440.75797734134505
9.118,2362.870740209933,1459.1447599550143,428.7516585370767
9.138,2288.6291288759403,1349.6493614427427,468.7287950869391
9.138,2093.2505890889597,1709.8049684835057,426.96926376167727
9.159,2375.593602686476,1817.8890459402946,415.86563170373967
9.159,2195.642910839052,1764.0864777435886,418.26632999723824
9.18,1921.9079863584245,1504.1501044791692,418.3343483199252
9.18,2204.622609831997,1734.8154537408598,446.65278215966765
9.201,1767.2412433178797,1734.3413396256922,492.31422910455296
9.201,1849.7176419576897,1586.3615313029047,487.61819909256985
9.221,1914.8712462304452,1537.8170234542806,383.23723631719105
9.221,2414.5955162356504,1452.335909337779,415.43743987042507
9.245,2547.6988480693617,1709.122527481126,467.6805754097885
9.245,2392.5668899774805,1667.9858877935633,447.14150508578945
9.245,2193.4293193830913,1659.798966983509,386.6322832213238
9.245,2518.436576089648,1787.851620958609,495.67184325500097
9.263,2212.072296315897,1627.5349549923767,486.0321488853016
9.263,2248.7356021576616,1730.8887707895574,452.12163765882457
9.285,2454.5695244647436,1815.1419551604788,495.40569803388047
9.285,2483.4768501276967,1704.0986769923068,469.46876165008433
9.305,2137.743739105752,1705.0704704813645,426.15773347210217
9.305,2272.666602890657,1715.24846555517,417.3324397112156
9.325,2575.881558394448,1899.494797282539,436.66736523816513
9.325,2343.8473387402964,1796.3455869779534,405.0495372472415
9.346,2273.1604673560983,1373.1403003872783,505.19986896102836
9.346,2301.2222037074025,1316.6052581569322,412.9515927210606
9.366,2094.7764795132753,1461.9908887611589,422.75212429536714
9.366,2261.688479613799,1760.7375222898572,561.3697008061126
9.388,1972.250033750721,1624.9014658222113,512.9873260594717
9.388,2364.0457779482663,1888.8653563153607,495.6241972084108
9.408,2376.8855439437607,1683.8360913523,445.27619891605406
9.408,2000.0644857520806,1470.5762041517676,475.3092860252654
9.408,1942.846404521114,1299.8222600107101,467.32005001715714
9.408,2596.314076283691,1611.2488355030105,490.21863854168157
9.429,2089.0764599326053,1627.4669245011255,419.6476575363033
9.429,1427.6302474342774,1644.985954415466,450.5930882427321
9.45,2474.004181231591,1760.0663195965392,485.05221691041146
9.45,2074.882347670677,1510.2518373885719,530.2686776563869
9.47,2035.8840784343931,2026.9697796874434,446.16512721385357
9.47,1712.4825045250202,1950.6892590808911,500.89841378035567
9.491,1875.386571653242,1656.2518140184866,452.1003282895535
9.491,2251.637090259144,1822.906597028593,496.81191812828
9.512,1803.708794310566,1647.6068867999666,457.36652744343417
9.512,2265.3761458398,1573.2018475574637,488.9062509587572
9.532,2208.749894702744,1939.2329290748244,464.65683276698894
9.532,2383.941448216589,1502.778507774743,383.0180748541207
9.552,2381.2326993909887,1891.23030753981,416.8323997550616
9.552,2322.2042804102016,1474.7405620996215,535.7859893261158
9.573,2410.462850044237,1189.495836028199,373.4360895070371
9.573,1778.3110017314355,1945.999804970308,478.9834608691938
9.573,1672.8525588856655,1537.6527722199648,340.25655587167114
9.574,2242.5274165757005,1711.663163570153,397.17340034808734
9.593,1762.1761708818267,1298.1095186159866,414.02363600700465
9.593,2066.4124441046565,1916.3821203048376,524.0106398132727
9.616,1577.409393698534,2040.6040021928457,523.4391840934994
9.616,2212.2886667446205,1918.3811916897448,400.4757954457244
9.635,2406.078813190569,1762.6420608005344,531.4893826479583
9.635,2272.402011307183,1728.6318538130456,407.7510344609415
9.656,2066.4565630940574,1577.1058239119955,426.5047809194749
9.656,2202.1904873397866,1598.9839271139983,521.7349443171561
9.677,2187.73693629959,1761.820276910488,486.01732058163304
9.678,2507.344203301489,1578.3106704779232,401.4929931861647
9.697,2477.8973826260803,1621.997908974693,494.466432429387
9.697,2234.6568368093217,1612.6756805196521,433.6263066811354
9.719,2150.118988768106,1438.743538803626,443.3805987798931
9.719,2043.9807850121497,1839.4995728437696,443.2306146305069
9.74,2310.030317889741,1637.5526289663844,492.18845552919163
9.74,1905.2079432453193,1802.3596709553376,484.08554439039244
9.74,1998.6924386037106,1856.6397158353227,345.44264665254155
9.74,2572.114562911578,1646.5373057981055,477.218973338541
9.781,2220.488098139842,1823.2760970882543,534.114544382901
9.781,2340.8302118605247,1710.5284189737265,500.013377830895
9.781,1914.3150764302097,2066.035513925247,523.6691118001365
9.781,2572.4126858197724,1579.5194025695423,422.0717088825181
9.801,2415.996663481306,1889.112629229805,436.541201491179
9.801,2416.8567374146683,1590.1537400827654,526.8318029238702
9.822,2070.1207129381432,1680.3396724853144,489.84493326519936
9.822,1842.0303178178328,1458.6984331165481,399.7299023485229
9.843,2588.4494050875546,1810.790459590897,421.6371380506237
9.843,2541.2076383156614,1627.4045349870346,515.2504870080378
9.865,2465.847545373074,1893.9765160486904,473.55627234940516
9.865,1906.0569635659822,1960.6985653395236,365.50959949696386
9.885,2644.0721105177386,1969.2600710649428,499.8687115109856
9.885,2071.492015797332,1384.4245715476036,536.6022969840063
9.907,2070.2903662960753,1695.4166080177288,462.4441392820821
9.908,2311.279455676951,1646.7400419232115,427.24173725699103
9.908,2177.4358731203756,1779.8162692862718,437.28466111826515
9.908,2211.517276919937,1621.5826056765543,468.97538779619293
9.926,2555.2898013781655,1688.980840160266,437.6838360278327
9.926,2231.2900447976563,1800.901030575912,505.5617309552894
9.949,2246.1428959557934,1828.656003764287,505.24340625495756
9.949,2599.2051528611682,1827.498017969142,526.049380967793
9.972,2249.084282647966,1416.8722101285437,359.77610779112626
9.972,2551.6498756828187,1945.8139195094213,446.1127112033639
9.991,2222.6440913536853,1934.4233906548118,553.0105273404668
9.991,2062.6218359242102,1569.4747164556832,451.770766690296
10.012,2255.570963229624,1851.0268635548528,396.6490907559365
10.012,2003.826146187433,1629.9514843911336,467.85968151543466
10.034,2046.806442543575,1541.1640478612758,398.0507917477613
10.034,2514.696023249213,1720.5906575298472,431.79654780942366
10.056,2176.535361966615,1474.7996058350723,450.1932723288638
10.056,2003.5062379273884,1682.9947620299447,435.69747489522825
10.077,2209.5418441876577,1838.9147337420334,411.7629593420213
10.077,2156.4215645676272,1646.948489465976,397.56977655104026
10.097,2420.7812343321316,1870.9183165701759,450.35921162154244
10.097,1924.4474528507885,1490.7582101830599,403.5596339226775
10.099,2509.034177005723,1467.064222395065,424.36182787906404
10.099,2266.9381958729405,1756.1722577703395,492.67932275121143
10.118,2085.224338082783,1714.4522352134452,510.2977995466889
10.118,1882.2240368293799,1614.3226438059583,516.9995654473574
10.139,2142.2421920583974,1682.3157306271858,458.2890173079354
10.139,2239.3233791647694,1776.740136743328,430.42614900715745
10.16,2437.0297798849515,1926.4971303093262,564.083948488502
10.16,2160.307772793481,1812.4978306174391,482.0507049085988
10.18,2528.4176516870752,1662.1539576915543,473.3297385871408
10.18,2598.535518572742,1674.3287391890437,511.4491785440117
10.201,2509.2458291793614,1679.7697581389366,514.9790732456203
10.201,2066.0070529106893,1693.0319638261456,502.6855897690839
10.222,2294.7146269656773,1583.656320266294,477.0279277301562
10.223,2227.7220382245364,1538.5347269492677,485.10068498151475
10.243,2511.6560929526327,1582.0004758803852,437.31448110731503
10.243,2234.169596144994,1575.5524425361339,379.5216543856327
10.243,2331.7666693344963,1651.4060709289731,402.27626409875677
10.244,2313.0296691483886,1822.6275946775277,387.38464278429126
10.263,2400.3389151966135,1788.6887372007143,487.8441487470606
10.263,1664.1865594843598,1537.7804638906741,522.6719368118926
10.288,2223.2293234782983,1603.6420274538282,465.7600534263598
10.288,2349.6344391778684,1707.5223509430139,487.62571290175373
10.307,2044.710624671475,1500.4370701050157,488.53036569856164
10.307,2009.0419995549169,1677.9692780628282,374.9204017864762
10.328,1736.8565783975619,1828.3612123476912,424.8740918797932
10.328,2236.3360745633977,1877.7493240340386,403.4043088260992
10.349,2045.5659642515684,1667.3909938937213,472.909798092943
10.35,2692.911771253198,1702.3144548242803,475.19899757974474
10.37,2020.1358931239056,1802.2593002651627,428.2564659138061
10.37,1882.6750238747647,1783.5709925416304,427.59974388093417
10.391,2075.5946396295403,1939.9938027097432,451.4254027678265
10.391,2550.0599219766204,1772.847944226524,404.4137531276734
10.414,2122.239557231265,1813.1240711419725,484.1605233092977
10.414,2431.136175902177,1630.1492534974627,492.56745263756824
10.415,2087.3297675850154,1342.0799629748801,496.7325379253023
10.415,2381.3008547969516,1662.720301224639,446.88127664881324
10.434,2373.243291761889,1390.0467335905362,458.03967143972767
10.434,2103.0486091651414,1806.0166325791208,532.827653535578
10.454,2154.9737322914225,1748.0200095634611,510.62133833536956
10.454,2260.1232268587505,1677.0597838228123,517.5974446200574
10.475,1934.9236958726644,1883.9993077892275,431.82233299741716
10.475,2324.1625915536533,1731.2857540779594,406.2550570903327
10.496,2194.9345840143756,1610.160267179995,474.3410342645248
10.496,2115.5629349062756,1518.5704435799382,508.4379175693177
10.516,1961.5456088677365,1835.1272242201558,491.39776917265596
10.516,2525.7585514824564,1922.2435926208284,501.6654556922981
10.537,2234.329267342222,1706.0882456254783,366.28340508840216
10.537,2151.098875909168,1665.1201154034266,453.70101264427626
10.56,2249.2026668427966,1595.7396946079555,422.70152289380695
10.56,1991.064639604423,1844.763243951983,417.1505458547706
10.58,2362.763171836113,1267.9870585070244,507.37300340726324
10.58,2202.265127917907,1866.5994498674952,433.35185271012494
10.58,2053.3491142132357,1551.123701919586,440.91447082425736
10.581,2215.8782064766433,1672.1297887251328,484.3343965028224
10.601,2100.8023417119657,1580.308047491529,462.8187016699176
10.601,2248.342174859657,1724.7329228972872,352.51992404637235
10.621,2451.8742144060084,1674.9766080806892,404.8481673770115
10.621,2095.3907811571653,1644.5801613880785,462.78234762385074
10.643,2100.593643560068,1544.6535986789834,425.4858643498439
10.643,2241.4531906184793,1314.8540410138978,440.39198095187345
10.663,2507.8361745398424,1961.786679693611,384.7970330379981
10.663,2311.66716490851,1601.8807594606449,536.6176272779458
10.683,2285.166087363019,1508.3178626111892,396.41950916311055
10.683,2243.4088101214534,1600.5012888418862,422.10677094804606
10.706,2003.8089324379434,1790.920320813351,432.55033760779315
10.706,2150.434328351447,1900.6391414304476,437.2874143154043
10.726,2277.2752299465137,1555.5212756712835,543.5096394939154
10.726,1921.129354701506,1826.5340988023165,460.1360283125459
10.747,2262.654041248942,1680.7362848481605,412.138510215673
10.747,2190.41993909991,1785.866760514593,431.20496177684277
10.748,2068.7559408144743,1794.771067034335,454.6421019021424
10.748,1919.2462292406274,1633.6892081098822,493.36142863945355
10.769,2282.630102558734,2152.3550682699265,426.65648786375317
10.769,2336.0354053862156,1533.6423878568958,454.28134461661205
10.789,2339.7898005485627,1713.623059952988,394.61063345993375
10.789,2395.4669857107474,1771.8183430379272,403.07039111899155
10.81,2591.1663059764223,1398.356142252786,473.69016558311466
10.81,2103.4892678487695,1951.8790315278827,407.3285962491019
10.831,2208.7780431648935,2190.4061823261486,547.0833870413876
10.832,2353.1280651009324,1559.2537169634454,388.52292436415894
10.853,2022.9276992271887,1899.6452085532185,454.2070869573374
10.853,2244.9969317684595,1995.4781779129296,488.8314011068455
10.875,1981.293995336751,1823.9860005173325,462.47363838897513
10.875,2274.675990622719,2165.4379182571615,396.5464347516746
10.895,2218.5782177470383,1831.7187928939666,411.741114921487
10.895,2305.9431123741288,1903.634699905906,494.69361012278324
10.915,2470.821013319554,1701.5726765307645,496.7804636766089
10.915,2322.362123104798,1986.9604454986245,496.3511663330142
10.915,2431.017165979149,1324.7040141008915,471.91680423142736
10.916,2307.4958266707386,1633.9935567775058,409.72955210216026
10.936,1842.9766517245116,1569.0213630148503,494.00702810423104
10.936,1816.2874509163757,2015.109485983142,506.9209198265042
10.956,1869.5415836152304,1471.7089820228316,491.97948844779415
10.956,2386.3276098393117,2015.867804739717,388.796396524786
10.977,2092.591880199043,1683.3230359832007,415.9798486414571
10.977,1587.77652897953,1747.7531646361476,451.2132670061373
10.998,2138.458979647677,1504.9262953946786,474.8328278372556
10.999,1707.859230541835,1841.6498407010106,465.4988674780946
11.018,2019.524553322184,1840.510457142157,427.0818533901176
11.018,2204.366488686208,1688.0867993955685,313.858637706736
11.04,2153.1596035466405,1519.8094606961422,516.497157561603
11.04,2292.157267566293,1646.3167758889842,448.59485031925806
11.06,2121.876314794282,1743.1640736206164,530.664028605677
11.06,2289.4669742588803,1937.1633484858469,490.14590908144385
11.082,2520.0550439959043,1925.7652311200281,565.1613855770108
11.082,1877.5732800649712,1704.6701222454365,479.79803275574653
11.082,2355.9555234197924,2122.637653275968,434.63242122544676
11.082,2329.201823148088,1847.3031540535578,449.02480406731763
11.103,2574.4676875585883,1908.0998367813256,444.15730004579683
11.103,2016.306623791032,1932.9357435279953,515.5550674628417
11.123,2145.706968862785,1932.2467207652287,454.57346056462467
11.124,2639.4737282787673,1524.2646565034777,518.607077055859
11.146,2497.256623959285,1829.9925794450617,400.22055840278347
11.146,2164.11080062509,1386.1524391567946,395.03942864038333
11.167,2351.537454192121,1862.554407978296,480.8274796596674
11.167,2021.616201194836,1821.6621041551555,467.28854661702866
11.188,2391.520505944956,1891.2867057466822,413.08227108815277
11.188,2172.484377706102,1737.2603647167032,481.567118491559
11.21,2606.4701310257897,1548.0700303822805,486.41869347241874
11.21,2296.9526419433705,1974.1082956700316,541.0045431768328
11.233,2230.655527159403,1814.1498600129119,382.0443104363044
11.233,1987.4437404715907,1289.8003725683,499.29104496207674
11.253,2135.749877676618,1496.9095399421085,462.37598436498797
11.253,2344.858409808462,1890.8938500995496,454.0561889412544
11.254,2538.3321417746624,1714.813541241092,492.88756202848947
11.254,1835.5078904505217,2097.1095069090693,530.6631135493905
11.275,2453.452638387391,1766.3056972141019,471.6142219482284
11.275,2335.5600694129016,1812.714120855927,456.08260067850915
11.296,2092.7921709992597,1694.6299606957664,433.4198692671126
11.296,2254.40421294196,1794.87747212201,515.5963724179671
11.318,2031.6034425317873,1732.3119610297933,462.86133566193723
11.318,2364.509300240876,2058.8226833840104,405.92492370707595
11.338,2027.5515792685171,1797.5614972782532,525.7871254290375
11.338,2171.9621165265144,1842.1170354512906,490.6226465072517
11.36,1926.2781073894548,1907.9631868747042,456.6491359984105
11.36,2285.724645830615,1577.6147965968826,428.81776631669925
11.382,2370.5071972289757,1906.3338953714804,430.96751987276224
11.382,1637.762308745909,1749.6407497184957,397.75135125753934
11.401,2357.0950681437753,1675.5571672938122,563.3645660802904
11.401,2233.125920297147,1604.304218568967,426.71765761973415
11.422,1686.5868961989363,1304.2393723577075,429.7181387919211
11.422,2230.0967832418096,1850.3208090908447,400.75345241263665
11.422,2312.855364805997,1914.3410560514974,459.028293820056
11.422,2270.109462425164,1691.8145294077779,503.6343800383865
11.443,2009.423809196533,1519.9526580149218,372.2611516973252
11.443,2040.8697625374316,1769.2846102949238,451.8380643830937
11.463,2556.0647734368395,1766.18906663758,431.22597217694073
11.463,2388.2040250932023,1589.7399533825462,395.4897755879798
11.484,2040.678068650221,1748.8205054064365,454.2176359947138
11.484,2349.5629422767197,2140.0509772299647,364.7603998367109
11.504,2320.3563140185815,1653.4430964238738,456.45574837058183
11.504,2060.9424410355477,1648.9830260441136,485.6472379318844
11.524,2083.0437853235094,1382.4346788886946,522.5911648220515
11.524,2254.178142959079,1765.088328271861,485.26993496625164
11.547,2207.6669042065037,1602.3235782183842,460.99694108404043
11.547,1893.5408991494785,1386.2206326609962,489.3643996914015
11.568,1949.907330457576,1736.1879305224602,490.2006265884658
11.568,2477.9357410536263,1725.70363033505,470.47008522040875
11.588,2250.54031593875,1817.4639988289923,462.77570512210434
11.588,2162.4793825892984,1860.9137387997005,443.70524834521433
11.589,2642.432518768447,1860.301848317889,438.11050199510873
11.589,1763.486844458788,1787.401376625856,392.4474002275466
11.61,2378.0804838258505,1593.6308139161197,329.89455431217124
11.61,2332.613303258825,1929.2060376250847,378.23238989092795
11.63,2271.9542155074264,1852.7308015863423,405.6289331230792
11.631,2186.562325674254,1862.7141577776295,441.0374655359727
11.651,2085.0704684898756,1814.8479740597672,493.6552075653068
11.652,2378.2979360548716,2121.781357164184,360.19416128167813
11.693,2314.958445885472,1453.3396349773866,443.2405050434058
11.693,2523.583756174907,1736.2017013862433,441.91412291689613
11.693,2212.7267062851283,1716.1994471169698,406.8862844247666
11.693,2073.506616864647,1951.1191269381413,498.7978084573888
11.715,2458.150249890484,1591.514276783043,427.0432405261393
11.715,2189.0923961209933,1701.9107847744597,405.99422562856296
11.734,2402.953799393731,1827.6282451008926,450.95231436249867
11.734,2427.4968244392876,1964.563490835079,444.10017251406754
11.754,2356.964815323419,1987.714911449478,548.8407101802319
11.754,1799.8120078987572,1589.8845772097734,412.9594006705339
11.754,2327.6529951991424,1854.0976295545024,459.7978565752274
11.754,2020.1659296738032,1823.6553661327287,396.55865302102404
11.775,2025.657591491236,1789.5338324253114,416.5361630629689
11.775,1994.4780408595818,2129.774159813485,357.8079990760483
11.796,2006.7428699685224,1711.363012439252,424.1300175094643
11.796,2224.4861705286726,1816.948383409401,538.3507728414584
11.817,2123.121009068814,1726.641433150638,460.04452337300734
11.818,2235.1658455849083,1686.9200663509641,445.2264264794924
11.84,1964.8994892135468,2026.170501600827,472.34940176520814
11.84,1952.4494045387487,1771.6594335262955,512.0807928452725
11.86,1899.1566815882638,1888.1720616879643,441.0069591615661
11.86,2558.4687670012545,1617.6490879896141,467.8613972220106
11.882,1957.4784817224204,1760.6686009248153,466.46954210656514
11.882,2118.993874633576,1832.1520131234827,428.92008534231456
11.903,2111.8375721081698,1993.6798786913391,472.0001836462367
11.903,2374.9247810281904,1996.7522336812476,453.44354066678875
11.922,2065.430715481657,1827.0664049235256,440.81103895537524
11.922,1795.813091998907,1646.544730219502,445.8761228154039
11.922,1642.3781632533203,1753.6924874909867,514.3921470251577
11.923,2041.3402994326302,1899.748816207909,459.18159617904445
11.942,1995.1470194457181,1587.739084864037,456.3509393094322
11.943,2264.379778252231,1488.6774584528346,459.4276599538297
11.963,2261.6087461277616,1529.9778735906038,467.6700316304145
11.963,1998.3260868109442,1964.527187726179,491.9024724026706
11.975,2246.3999364802053,1666.7248583070148,485.51312473361884
11.975,2447.638611552878,2018.6568651054731,457.80237938088237
11.997,2360.9598943500305,2005.5895505194835,465.16877320859794
11.997,2181.7221653458905,1460.6900454456268,446.0388918983901
12.016,2322.511849286849,1809.1424558082285,483.9545415303902
12.016,2440.3178113367553,1921.3421640363144,402.3705305568534
12.036,2237.5648532248106,1806.6808843869537,573.6715327221223
12.036,2312.601762327142,1793.9999281900348,490.0260726879807
12.057,2238.20570377573,1490.6836453022624,531.2477546250445
12.057,1967.393129248178,2139.540463832935,401.1078525527009
12.077,2051.025670297895,2045.0454331287174,542.7547764811093
12.077,2233.340769443899,1913.372964650459,344.55895105801255
12.078,1654.4369184898082,1895.2073977195175,452.27644315303934
12.078,2625.2236146273253,1899.580849239063,478.2932151575058
12.1,2056.06401063102,1589.122013086616,410.58587153520233
12.1,2203.4456217092493,1958.282663963214,413.61300329725435
12.118,1968.1458049342775,1468.1467739053087,538.0112507826777
12.118,2422.3787931519028,1748.122500056167,442.71726425340785
12.139,2212.816314017607,1709.7280507223898,372.7789814488886
12.139,2056.1950345884593,1721.7536227040587,407.0305343484734
12.159,2327.164196440894,2007.9895890214707,410.47108438952574
12.159,2642.6057404933235,1778.1270319381715,423.84748071412565
12.18,1842.2581540715105,1682.9361372963963,438.8365765923989
12.18,1665.8145770699562,1605.1153925327276,426.8762696430194
12.202,2222.9701485757705,2279.7721923029408,433.24142540453846
12.202,2032.7435624995173,1448.3678747916892,464.1272119962541
12.223,2325.438784093641,1828.255158299575,476.9270212095533
12.223,2316.734625815059,1601.2919830279873,469.90322856997994
12.243,2420.8996184643415,1833.0414482485803,426.0598298658365
12.243,2411.0047587104186,2027.5388419422366,376.21915630275356
12.244,2368.246103136231,1504.3468818319984,385.7256825496477
12.244,1996.2631879678793,1851.7420427940517,550.1756158083505
12.265,2085.7022932476657,1845.0200062431454,411.2875551212808
12.265,2592.6023873996473,1877.8885385262602,506.13364788534926
12.284,2347.4587471620766,1801.9297556532076,472.51520334666014
12.285,2526.467756627583,1569.3642473969594,488.87367316607595
12.305,2285.670304359557,1895.4627822836262,444.21562369732237
12.305,2205.472781878858,2327.7616867951406,459.36769009447147
12.325,2139.345388509755,1735.908371345085,443.7564547772129
12.325,1948.7931370395456,1455.4915101925574,521.0260203036128
12.346,2253.852581503262,1820.141374612874,410.97253339111114
12.346,1931.7332809360441,1841.919673167762,469.84456481896746
12.368,2138.0771799177096,1933.6498111520611,483.76342080297985
12.368,2211.309086080802,1528.9609165643706,496.79605761451825
12.389,2306.4458259883327,1592.6980403658713,454.36006924350124
12.389,2530.8930904423723,1707.1540576373188,439.56007190285277
12.41,2429.313092481855,1721.634967809804,405.1429628121148
12.411,2317.4113564017025,1528.2380826963724,421.08731573154586
12.411,2387.03953650649,1748.390844561383,450.0905681641847
12.411,2318.5328234844055,1861.7355481675802,424.0279466985603
12.433,2607.9510286956706,1452.619392724111,570.2925500816556
12.433,2086.7712154769424,1776.450330602332,490.5595079772224
12.454,2236.474701470327,1819.8022694565425,451.01621256855896
12.454,1870.6070599479017,1695.7099800543783,424.70627167772466
12.476,2343.2312191818037,1667.738125773042,486.0447984852601
12.476,2515.794469324475,1781.1439279922458,441.0604268395193
12.495,2110.417868871441,1656.863470337205,558.9924360912036
12.495,2114.769023156363,1817.3552111825838,390.87936431661757
12.537,1974.8690222511864,1484.0596232906069,471.0079560602374
12.537,2470.547399748233,1965.122708824976,456.8670793631005
12.537,2460.6629852946776,1606.9672733486484,504.95781963554043
12.537,2134.3146882606716,1645.4561225212478,419.196138543984
12.558,1872.1841474459325,1638.3876729855197,487.48019019019625
12.558,2106.5764741820312,2061.5942835390406,455.066772619012
12.578,2234.3993216873278,1911.0987596192147,329.17252251392597
12.578,2446.187730205093,1789.9631548349078,543.0031492178679
12.578,2298.068395616879,1938.1189675080752,373.2151173306858
12.578,2255.7295573177826,1986.3233842000293,406.2911927273287
12.601,1957.1500722849728,2003.3844484218805,425.78154931931914
12.601,2015.99792150254,1596.8604761509864,526.05491515059
12.622,2589.293408913356,1981.838282857918,352.3644132117658
12.622,2228.767646255624,2141.5099138298146,425.85925954602754
12.644,2361.7131547318777,1777.3039430686865,504.7542442394665
12.644,2341.044046680635,1966.689195188427,516.2692819360502
12.664,2298.9891208206836,1392.1896264445509,345.473504710129
12.664,2313.255503036938,1863.2202959499407,396.3793044056387
12.684,2055.0228684704966,1661.6486729737321,539.2373375894146
12.684,2272.29018377555,1574.7874213742498,426.1842516861158
12.706,2278.504154061554,1685.719738530216,347.98692333294343
12.706,2013.919269017954,1810.0325217187237,509.6221207781289
12.727,2308.4815803728147,1705.6989759873998,389.1362969398914
12.727,2647.737061678223,1889.9789938162344,407.70518585575496
12.747,1930.9200661829045,1631.581977199233,376.5109669179281
12.747,1972.9599130225533,1916.3579104552107,425.5635894603441
12.747,2086.445344703306,1909.0328521260533,375.3859750827873
12.747,2204.417308358627,1866.3576710481918,491.0626338830483
12.768,2181.5668848149253,1817.2263728335147,511.2587602694073
12.768,1975.536148885229,1628.8893230201866,497.4351362107146
12.788,2466.468438817057,1754.265081504032,462.44523014853536
12.788,1925.3470827311635,1521.3761370681625,416.3542339915553
12.81,2137.176450706045,1367.978830888654,430.5398730040678
12.81,2136.530021124484,1931.901936250163,423.873852588044
12.829,2130.3039272017754,1786.173716888658,439.9249891958035
12.829,1979.8988338633092,1463.1180491077505,413.04755645162265
12.852,2187.032391347057,1460.5125019239856,409.5126870111356
12.852,2194.6212895863764,1605.5407492022484,394.1410275454056
12.871,2238.199959272303,2212.819831452411,429.943883444045
12.871,2263.4938880851314,1717.4842539625838,454.6901876888526
12.892,1976.119429967259,1805.5744244319455,483.7377544223971
12.892,2513.274714682238,1514.3095238109563,384.0737499371922
12.913,2326.046401337415,1916.488107250294,411.8672811474863
12.913,2301.594305171971,1675.033740346217,368.7459409248198
12.913,2374.1907213814648,1643.0787981184128,401.33234199166736
12.913,1847.6732873494645,2006.1439130754538,506.2047312216228
12.934,2535.315258702324,1706.6742314925107,490.0766147568039
12.934,2589.639584356548,1652.2788651524268,438.25668008089747
12.955,2333.5442623681147,1916.1623188444592,489.9534048864357
12.955,2072.9981446617294,1666.1078884051396,467.4532508201412
12.977,2222.0084208419603,1653.4072825276153,399.79261266932883
12.977,2369.966380051451,1685.4113438453553,444.3899709833877
13.021,2252.1991458653483,1754.9673852868582,409.5947549849549
13.021,2245.3759077046425,1878.6993761631022,455.43605826489863
13.021,2265.04704817083,1990.5319007357784,420.4167081226619
13.021,2234.7775910391933,1446.2216291373445,510.3052323419427
13.041,2489.069531205366,1956.183807598357,455.03078243509805
13.041,1880.7807599803555,1723.8966056707084,459.2056540334151
13.064,1755.7944029664043,1972.5405901528825,379.4277924585292
13.064,1886.5467367565818,2076.1907489477258,515.9588924623629
13.084,1994.3749601105935,1756.0501940978465,484.5384892761444
13.084,2694.0889379979226,1818.6370450731995,483.098772356523
13.085,2387.372387522031,1630.445996219943,498.61913537978955
13.085,2095.3782946890483,1929.4714987211669,330.2353522809408
13.106,2224.007522893945,1834.3961361741158,427.0977025917653
13.106,2233.9920446968517,1828.892709113764,432.64310409977304
13.126,2156.5213888352805,1561.2965124157272,464.282301430778
13.126,1952.0664293818413,2045.3681163263036,453.36531123441046
13.147,2480.135397323194,1745.3042789172669,413.4236050779173
13.147,1938.0249339475647,1796.0018069097484,394.489398842699
13.168,2219.8504025332695,1788.6570278498832,473.5714725706277
13.168,1857.5249282393993,1849.473133741999,502.55700447221443
13.189,2186.237930448789,1740.4535858207041,433.781261428733
13.19,2060.123116239351,1966.971586239326,441.1857600886461
13.208,1815.430285639835,1673.3512268550894,378.91672860294733
13.208,1906.720254005393,1398.936604555277,523.9132867720054
13.23,1889.66948946433,1646.0403043690865,462.55454283656525
13.23,2009.9004271767099,1948.4093941783726,489.2303406193793
13.251,1858.1430202695976,2055.838805477719,504.9208946815736
13.251,2765.801686807719,1990.500525513264,454.0675679891422
13.252,2207.5478580093477,1743.3195858414622,334.2516742151251
13.252,2452.341197679611,1527.127500947382,432.6198224259057
13.273,2304.2067241329783,1683.227404215309,445.8780662199752
13.273,2172.7069926433237,1967.341406730792,472.30481114332093
13.294,2400.21061204792,1904.603472673153,434.89538167578763
13.294,2001.2095394884534,1519.674327231339,470.10990404892186
13.316,1964.2313447401773,1755.5574947769405,522.0866643174038
13.316,2117.208289072435,1857.8912115035807,470.5838210390409
13.337,2380.738252115058,1486.6093912888539,565.2324239580678
13.337,2576.464546466616,1545.2239294102442,556.1649303316119
13.357,1918.536618456088,1807.7735291930676,493.76279016399656
13.357,2216.864110560569,1622.462637824552,399.834332464389
13.377,2197.55428137082,1653.5989628705713,421.1996613881914
13.377,2305.687492742568,1579.2412632925666,484.3272316057134
13.399,2223.284318102538,2013.2113162308974,496.7375569517278
13.4,1979.441741269928,1733.5523200711807,464.37513328616467
13.418,2063.557782764411,1846.7983753781978,447.02223248034335
13.418,2095.4634901220134,1924.2245929421701,400.2257010980468
13.419,2073.3310621990604,1871.0362142607346,477.5074595375259
13.419,2435.7293127064195,1869.331288011031,343.67413276248243
13.439,2482.8862841707623,1664.6010387550295,400.3108405871742
13.439,2013.0154755067542,1677.669517879437,330.7284188978787
13.461,2323.802776099388,1773.1980369181588,532.8210707840715
13.461,1833.9858020689712,1761.5927184962472,500.2439190343254
13.481,1665.5167338911353,1932.4179112890447,456.3450262951609
13.481,2068.8833995749474,1893.8088329864943,530.893429305469
13.5,2460.0519993261805,1345.6013771479943,541.9597427112656
13.5,2611.8144650455047,1727.4292340465204,372.1044648250095
13.522,2261.072377881398,1837.3832289238533,426.2634787602433
13.523,2390.438493775556,1543.0883813037854,421.47387744483
13.542,2193.67231206623,1733.6700163242238,468.3402170300161
13.542,2186.769266427069,1642.8998697705542,372.943488936932
13.562,2229.669940226569,1707.947154808584,439.6582685916025
13.562,1885.1751929711024,1586.0597995390394,464.7696156961644
13.585,2550.6944153634554,1847.1417975504796,518.7924872217125
13.585,2057.579112876142,1893.5283636865788,475.214178072598
13.585,2284.0810451503353,1971.0352401536227,496.56512100057046
13.585,1856.379160150172,1652.6282751227284,409.8947441564324
13.603,2027.9911905963345,1755.5832232799487,450.06733286918916
13.603,1982.4179451425657,1847.2501636294508,489.8914137120685
13.624,1956.0945241601419,1942.928226333897,531.6602327264601
13.624,2164.1701382708043,2005.873841189168,424.15016487033853
13.644,2149.486907652153,1732.1507384266004,371.6345281483057
13.644,2372.044793342162,1834.917243914032,459.2272042827113
13.664,2127.8700016356865,1544.5027124748246,428.7674418662214
13.664,2318.138415431037,1798.2398329849293,441.19162499205703
13.685,2630.8693973498985,1776.1662079571056,452.9769741961315
13.686,1770.7422928252427,1945.715527436692,498.29213639965633
13.706,2175.724629415611,1518.5555612292353,416.0245940739034
13.706,2156.9282605523535,2190.846726364224,491.92315396464943
13.726,2208.455137072005,1845.6520876392542,443.90708331481557
13.726,2363.2740019968196,1858.4800203736045,431.2310841849277
13.749,2016.566232940997,1588.4064980550618,407.0704111553562
13.749,1792.8011333427821,1911.2163732673462,430.6508635797393
13.749,2264.0049643346556,2054.1169811344753,452.56157558420244
13.749,2418.357287410814,1700.1559228042051,433.50926310997176
13.768,2297.2568201986355,1728.5307249972693,427.9210120667672
13.768,2259.5392230366288,1701.8216351503618,394.68189007294524
13.789,2079.3944806617774,1891.5474664754033,409.2753265038212
13.789,2063.497839839089,2025.6317420037471,442.65357629486186
13.809,2204.998245165201,1838.1796082841022,415.29680150821827
13.809,1751.9882444527482,1755.4850853585128,391.04351922746673
13.83,2386.9593302635103,1978.0987703699964,360.00406964658896
13.83,1893.0546367354636,2068.1503246721113,498.283588339982
13.851,2569.7725833923123,1848.247064619332,483.43919074371377
13.851,2097.28404802658,1724.3340195071407,500.13237002928753
13.871,2310.4804245316504,1648.46377435026,430.3064897794526
13.871,2108.5296262546485,1844.7623322439472,392.2800629021723
13.892,2671.827468739587,1850.150178203692,403.7047686170944
13.892,1612.3377863805572,1895.4006379349019,431.9599801512051
13.914,2103.310652417536,1768.5574103571698,349.7875461137811
13.914,2232.0033843805018,1579.6575402810386,415.09868807847556
13.914,2274.3438570176763,1743.975980333584,428.9108621582698
13.914,2414.1768880944596,1745.2243117206037,435.80278970129746
13.935,1876.2112278073832,1475.4110761154475,399.1924560490784
13.935,1896.094016456236,2081.713426340897,428.80601522157224
13.955,2220.28468172615,1837.7235099547615,394.2305840688557
13.955,1748.2222467185284,1935.6467391152073,373.0889131705553
13.977,2300.079155639801,2206.0128807763517,431.3866005739724
13.977,1541.8691690039407,1723.9929692383091,446.64296608538785
13.998,2532.0664409896945,1726.983901134815,458.16402392950874
13.998,2431.5074290220396,1302.174461924125,381.22805012095523
14.018,2409.785654107438,2036.411529947343,383.28685699889854
14.018,1950.7948249260821,1719.2220138184546,462.4804705266807
14.04,2145.719773484107,2132.558664284966,450.5246385945027
14.04,2176.705223955405,1850.126710207056,447.6030011532941
14.06,2403.121105517726,2036.1826157798066,421.76111125850576
14.06,2484.691309966448,1881.8001184594661,414.0458204752873
14.081,2302.2493844946357,1936.5573744083304,404.7156015565063
14.081,2284.1319064595705,1365.3211526043103,459.80093756428516
14.082,2423.416322669014,1411.542619914102,442.85140354395816
14.082,2422.2706483755446,1744.0735900951922,414.22726236853373
14.103,2090.4621490192876,1693.6285032122044,449.64317775762606
14.103,1839.1543561958056,1650.504607210441,436.1119851660895
14.124,2146.000274266562,1765.5991091864203,507.36680250849935
14.124,2096.872214028965,1969.4747668258237,406.0962199111559
14.144,1953.95295030213,1758.389507722454,538.3245984859313
14.144,1947.40588855048,1711.3024701781235,475.62955037126477
14.164,2097.380630696509,1614.157109783203,423.07494213007624
14.164,2371.6771129573053,1652.9542523201103,419.91333868872584
14.184,1887.4428564805542,1829.7484075981301,418.7905317920991
14.184,2132.5352178997027,1660.2242231362584,475.8707963930817
14.205,2252.320002630419,1735.1217007702223,477.54980198619836
14.205,2463.9241022266388,1513.541604401288,479.4512544759427
14.247,2179.3254807778217,1488.9860443655982,478.0354876050618
14.247,2000.7298246532484,1427.674756276801,413.2360262086432
14.247,1956.0479182196896,1741.136666241762,478.51450529612595
14.248,2345.964248854588,1653.211302858652,487.897494810956
14.248,1741.9067061047765,1591.0721682064893,444.8106028169126
14.248,2312.726139824948,1883.6652291255346,492.1700831191153
14.269,2405.541838137203,2049.7303275181544,513.3234379363175
14.269,2040.956979496503,2030.2015786157456,474.4665437605656
14.288,2091.1301903905546,1826.9246929682447,406.2892759118818
14.288,2203.538221796267,1591.3568569947258,525.2125878786931
14.309,2161.7444470660907,2095.6624866163784,556.4198150779466
14.309,2243.9132055597115,2091.8650256636283,469.56456201810715
14.329,2280.556159965052,1314.74621675944,486.9588176675926
14.329,1978.4358780354648,1730.5956702097892,386.9857734828028
14.35,2165.0815646310652,1752.1228952739714,467.0787281623855
14.35,2381.9513699467234,1772.3126475988704,434.3234541767695
14.371,1992.5091916441465,2115.5688978723915,452.31940129302365
14.371,2124.282957392717,1771.417187818212,483.89112598648535
14.392,2225.358110781996,1845.7751612781085,446.51290010419365
14.392,2342.7968621980453,1557.9491895373926,485.84660034375804
14.433,1890.0698413422451,1652.3781030780606,496.96510208288265
14.433,1801.5628119266976,1930.849908213333,422.39119787329724
14.433,2133.6151070375486,1674.82759107434,507.0922240544939
14.433,2088.965720685183,1828.465584000224,502.35811407050727
14.434,1986.1352770291014,1964.6715320937765,375.6878330239143
14.434,2183.48249102507,1663.3671060175807,434.415168737889
14.454,2367.198691712475,2097.0299502112343,426.29828783659553
14.454,2490.0109262185492,1774.221553170135,429.3923694919448
14.474,2143.6607077524905,1906.4463768790665,467.98643751493256
14.475,1975.0728986439258,1441.0693174295568,422.7646071958827
14.495,2089.5411250417965,1652.500130937518,459.04923237345616
14.495,1746.2316467349865,1774.526850074483,467.2343694887825
14.515,2520.3960114336087,1549.7154266609414,336.61337074681
14.516,2108.988099759148,1698.3924551551854,500.09937510707437
14.557,2305.7389364546366,1783.7872198075725,352.59120833844116
14.557,2290.8022637793506,1661.0239809309674,351.7327555531497
14.557,1789.9749419738773,1565.1376733032848,418.5360513896868
14.557,2280.341688816636,1741.136144940529,393.16233533728393
14.577,2226.0325138844278,1952.8821757338267,514.8672792077454
14.577,1976.3281924554137,1861.958428297898,432.3999865900444
14.577,2093.6408530954373,1574.9861557074328,515.1508151483572
14.577,1909.9559714590155,1793.7776373581464,466.9370228591301
14.598,2150.851464599245,2063.744973773196,446.2192637329021
14.598,2216.9372720264764,1723.8270528786827,405.2427664163429
14.619,2100.0985970164647,1768.8228966860363,374.9389434562084
14.619,1987.141707724488,1779.7696200597559,397.14761278526726
14.639,2191.0057023633317,1710.1984703690393,417.33490981183155
14.639,1908.6071547612098,1523.677366629441,495.07958271534284
14.66,2272.415996314028,1663.3294410093488,479.99802895472675
14.661,2462.9699131065827,1883.5213294874918,513.7928523149951
14.681,2231.2822205747125,1701.7511715602816,404.3668444292686
14.681,1994.2338020605032,1596.6784725898458,500.5672007261298
14.703,2461.5053048612526,2011.0704792441247,461.7741809733317
14.703,1597.2348226963888,2021.1703629124722,369.5206460233611
14.723,2410.4958372086085,1652.6417662402805,443.9361689406645
14.723,2321.846450048183,1551.406492846927,427.95836640062487
14.743,1966.071497597917,1752.5272415328461,438.63749617230786
14.743,2407.62273582056,1622.1798932160166,477.64772113005733
14.743,1754.2227324263852,1503.6739794199698,372.9255651073545
14.743,2256.936484604523,1445.4770008673422,436.3045199526912
14.764,2048.497623810001,1770.684537830248,525.8460289976288
14.764,2058.456723245457,1897.9458900799157,511.85210905246373
14.784,2098.2047999997812,1658.7672428385858,391.27304879159675
14.784,1697.0559648260698,1888.3558477657211,458.2586628970143
14.804,2189.5424231291886,1424.6763167063707,446.8528218997288
14.804,2094.359292041238,1827.6551152925088,516.1367107846715
14.826,2329.316588417595,1851.7541730628839,447.98622725615
14.826,2166.821782181702,1787.9525816814153,432.1056595346965
14.847,2582.8197952435876,1714.8409743826521,451.5509070318395
14.847,2299.585928017973,1456.9253741490406,420.91617203079227
14.869,2358.687907222638,1611.811051983444,481.9697786485115
14.869,2138.4872677622243,1801.808425645219,509.86411585163887
14.889,2095.9700233387084,1520.464459911759,410.1475263952327
14.889,2184.510122470809,1766.1865927905797,389.8632388188624
14.909,2235.7871406654594,1794.4711648073635,511.9418029362909
14.909,2177.4982304245086,1913.3123311996621,372.025179638992
14.909,2337.402064607484,1775.6255997241024,483.5971299063612
14.909,2411.834124380916,1562.1630155750377,389.0816298846072
14.931,2459.198749525249,1772.4279859995047,391.92886478998605
14.931,1874.6562681745877,1742.6164795901802,509.29909981921764
14.951,2059.267145467228,1556.1016957806737,404.9264795464982
14.951,2140.733403149873,2002.3283571474733,416.5470681221137
14.971,2355.2895261511326,2006.3575687267673,486.6483692241874
14.971,2630.4616452838272,1700.7315550258643,388.18508989751825
15.01,1929.1078483673618,1855.7989548120172,395.57026742946346
15.01,2230.560158712272,1675.8611410661704,351.05708920849565
15.01,2449.3965719475173,1507.438857873235,450.76063771695675
15.01,2454.4443014236113,1845.9551358821445,504.7584181671452
15.028,2104.5682649265377,1951.7055245925635,410.11307258603534
15.028,2128.4272970176476,1819.6705904838711,427.41068094744423
15.049,2173.7569906589756,1748.7652070201998,362.8005029645393
15.049,2088.987389235862,1849.646976604857,413.73493309609125
15.07,2008.6587620037014,1643.3790497230852,493.9353200968246
15.07,2096.15979143019,1842.5462573246566,480.0476874498717
15.071,1793.1841309219094,1500.751186247954,397.42418327891176
15.071,2352.980230111514,1746.3150767421218,465.83992050741585
15.091,2687.0545942413883,2092.2486725888466,421.1082878012416
15.091,1875.7597726990489,1751.9245757631275,313.8260830385632
15.112,2353.292295520712,1916.4425252363205,407.2917636455275
15.112,2039.4193015932092,1741.2611658174526,458.2946015930943
15.133,2420.0117838479637,1852.7843829664932,359.6502499674715
15.133,2333.546164556437,1612.1325445235884,536.9827533947159
15.153,2369.6974883657763,1800.3809515982798,550.5063345742591
15.153,2412.9218316451434,1845.1235480903397,537.791363611443
15.198,2067.9270121837303,2015.3921751537498,419.9815979967781
15.198,1677.7182961133117,1995.7861345160215,525.1425715369901
15.198,2262.1634920575534,1586.610074167786,422.39521910896696
15.198,1818.9054729702893,1729.6321359889532,383.5050793438378
15.217,2207.149921860398,1730.7567675842959,430.75948748276795
15.217,2125.943933485069,1816.0192035910154,466.4833839117307
15.237,1938.5742957329487,1618.487984159237,449.1913357646446
15.237,2327.7976987490397,1466.1187934597474,467.70084784273257
15.237,2331.2370521810835,2001.273975651171,449.76114891164735
15.237,2041.9126654033075,1947.4639680424343,454.39508309131617
15.28,2412.566403659311,1899.3475108508674,459.290820931059
15.28,2032.5797671006883,1915.561447196916,477.7590739667487
15.281,2215.7977590226715,1986.360767973208,405.47670403044293
15.281,2426.365107845689,1857.0273936847836,518.1498381316446
15.3,2463.9260755629775,1821.5278978979534,397.3166533920602
15.3,2051.2694958254997,1812.8752298252236,523.2302360047054
15.345,2463.8932632170063,1740.102888990324,372.8268183928647
15.345,2020.9985492998283,1340.332800917557,423.25177261128124
15.345,2266.534619363286,1878.909708782751,457.41803080632457
15.345,2081.770319979362,1635.139163134454,447.76500874515875
15.363,2136.0485933849523,1727.7902790929452,379.46169094936755
15.363,2433.317218098131,1869.94976899331,469.7900967416207
15.383,2368.8466858815495,1546.0517217443974,447.8606392946151
15.383,2495.3687173044596,1933.3991009029664,457.41724941947206
15.403,2248.1696890804487,1580.7323664181665,470.48641137603727
15.403,2214.8750536579455,1760.466644368836,418.90872504640384
15.404,2553.5704282941037,1995.2828661214821,433.2663382933116
15.404,1936.7894459599706,1866.4449717290395,381.2961098356807
15.423,2087.2525405112,1866.319639970568,405.29535123840503
15.423,1969.708407565546,1875.320288779485,470.4279366445311
15.445,2351.132491980983,1753.4670570909545,414.3176107799228
15.445,2422.6235004911123,1785.8880768272295,403.9918221798197
15.465,1726.2613827692112,1680.2551289897708,350.65639390182565
15.465,1871.5351692401362,1761.383489985575,382.2515879414934
15.487,2134.7339880012637,1917.829790429837,398.5571249106095
15.487,2202.0406230624753,2047.9631385420687,461.6907664715532
15.509,2018.1050144389762,1710.058183524472,479.0223186043005
15.509,2742.0823722047644,1734.0674247980783,427.54329765298326
15.529,1959.8587082254003,1756.2103681292983,433.2207313733754
15.529,1916.5543134666732,1742.0392177515557,536.1467266926448
15.548,1918.0183705322097,1871.5223562653825,516.1310535176997
15.549,2218.80841584185,1963.7773208744154,451.08525249929096
15.57,2755.91705603083,1476.6416059050766,496.1628095726851
15.57,2467.237844321353,1618.5196467035414,475.57925241006893
15.57,2125.430193182204,1880.5899265637588,518.0702460595717
15.57,2392.4966418829076,1804.3916952642985,480.60464731367813
15.594,2711.479868978966,1927.2098726894542,507.60816806965084
15.594,2073.823623701096,1576.1820865481868,436.19372447483937
15.614,2103.815220411899,1797.4555083892417,501.2675902475626
15.614,2211.879304713514,1902.9914772855593,360.6964416071451
15.636,2172.5113259219343,1818.4959427511317,356.8841639919371
15.636,2345.3332547816617,1871.5502595379482,378.9417542035714
15.655,2000.5113393361473,1837.593166863187,483.6501891003966
15.655,2348.27501241093,1945.3853254807514,324.8809051542976
15.677,2240.550299695717,1966.504440735418,468.3200384160341
15.677,2330.032128499988,1362.652363264302,442.7121704592245
