Time,25W,25X,25Y
0.008,2417.2683587234874,1871.0391155125203,2149.057957248816
0.008,2354.826961328871,1652.5950809818557,1854.6615759906172
0.031,2142.0779269414384,1523.9131231162373,2068.6950613531426
0.031,2216.462898465053,1838.6716566826788,2057.9031089327605
0.032,2024.5316288159797,1773.8440529723803,2100.6128036812834
0.032,1890.0767476160595,1673.7359632996936,1985.5072438208379
0.058,2154.92713516133,1592.2783307536604,2053.7186300041744
0.058,2443.0336839448546,1603.409709726741,2307.9088818950154
0.085,2180.137983383681,1466.1145336380507,2012.7090060213593
0.085,2307.8259901382385,1688.77187795341,2009.1581079723433
0.085,2013.7336196414124,1565.7212043610934,2074.6362285495366
0.113,2096.722003243768,1504.3242434972171,2011.657728184762
0.113,2183.4574563814704,1652.7454719976747,1960.9057961050898
0.14,2110.8943565014256,1595.2900839352046,2174.7233158910813
0.14,2213.6969212784397,1436.4406982605633,2144.36090247222
0.14,2314.128026826829,1819.045555383028,2266.759672887739
0.167,2188.148342814678,1655.1945180946761,2153.1822939192707
0.168,1930.3156221762565,1902.0103480556168,2040.007594900481
0.194,2282.687789339663,1639.4120413983899,2196.8831175287874
0.194,2013.2489527806388,1764.9957196049393,2158.887874041854
0.194,2328.8581957641086,1762.335333488364,2205.490906052015
0.194,1873.8701777179986,1795.6081877511965,1982.8401258217045
0.219,2051.849539262241,1770.8112549450414,2037.1675168461122
0.246,2417.622444154095,1661.8013029477484,2056.8103264357433
0.246,2121.2136714709545,1637.4247120809246,2206.6923489350884
0.247,1974.8162941502449,1691.7600160111192,2204.1502081609806
0.247,2229.012059803117,1559.1828075233818,2119.7402031304073
0.276,2083.0378791687967,1814.7930454976809,2164.420664283775
0.303,2250.6304459504267,1789.3535836960807,2068.783849296384
0.303,2163.466788096402,1694.2898313117737,2163.898449292688
0.303,2058.319939754333,1843.7240982845137,2049.2571382528317
0.303,2150.5023865713824,1742.416095680948,2055.772865067969
0.33,2175.449527632458,1940.2642914009257,2212.3521851346613
0.33,1875.272256333542,1715.330727834491,1831.8582753340766
0.357,2077.4032560962314,1738.2791548429766,2192.08896355708
0.357,2122.1061625993766,1645.2878433871524,2210.754535622544
0.357,2021.3312900383437,1895.1792851394061,2110.5994414833367
0.357,2258.7410005211404,1801.7157282000749,1989.7997301503578
0.386,2123.2886636638236,1482.4909567229392,1893.7642553431738
0.386,2412.548742343824,1757.471900204287,2221.8757907849686
0.414,2144.402352218358,1682.127815677625,2126.213490691267
0.415,2295.1869643976584,1688.5100703764506,2150.912152964287
0.416,2019.78054613201,1804.5262999261167,2088.220366784418
0.416,2074.089225249812,1634.676422652195,1819.8582945705043
0.442,2064.174020390403,1734.6417611673862,2146.3410891786466
0.442,2142.4847537640385,1737.3699679937638,2040.0387090034674
0.47,2286.4432536600166,1575.9535029805493,2187.332398126022
0.47,2171.5982167246752,1580.7898239920744,2052.241632467423
0.471,2231.018087424229,1608.5612385116115,1978.2013694801665
0.471,2253.2711393306486,1405.927864345992,2120.0121586889763
0.498,1906.24193512627,1560.4613374135283,1892.7494199720434
0.498,2195.235029259424,1868.5107465233655,1963.5588500579831
0.526,2263.182256525206,1488.348584033896,2271.453713220796
0.526,2095.0715433611063,1800.0051520626835,2030.9045969059412
0.526,1974.0395892733336,1883.0447358436718,2135.41709470933
0.526,2246.6100795246125,1640.3373516636454,2222.3077235820747
0.555,2225.7757205736452,1456.1572497826608,2009.7809567460836
0.555,2165.678748820178,1758.2860662246642,2032.3388789599899
0.582,2029.6483513852286,1602.8475983714923,2131.4322545378755
0.582,2104.623736502131,1411.2292491199426,1990.6623560456126
0.61,1939.3670549551211,1809.9526376131985,2006.957256692049
0.61,2195.147338157566,1643.9806514928257,2215.8960592126327
0.61,2033.2115188035946,1578.0283145404676,2115.539837860905
0.611,2037.1157155051317,1866.7682737151379,2219.8454948634353
0.638,2284.1960590245926,1585.0228200456177,1938.773692993661
0.638,1987.7773886222683,1795.7372267316202,2174.991818959029
0.639,2202.406671100629,1751.184971773093,2106.173934218315
0.639,1977.786479170961,1572.1259814155014,2181.5108727392826
0.665,2235.549866980947,1751.1862507836568,2060.750853027992
0.665,2176.8354993759353,1792.1873962774343,2012.0553107589067
0.693,2185.1755525162735,1783.219128381918,2028.0140767243265
0.693,1921.7600778869078,1746.1429607977489,1852.4380275967274
0.693,2431.8310194159217,1841.8995400618164,2004.8137657578682
0.693,2038.1664454162287,1545.232320426857,1993.394879251773
0.72,1934.9370180671103,1706.518617033868,2104.9289945861287
0.72,2195.1147212376313,1762.737864115918,2011.3891751406609
0.747,2286.0430923476415,1825.7287378948051,2004.2467470738034
0.747,2265.9477701115493,1648.667280100126,2194.8958079849053
0.748,2009.2611966096679,1686.53183413276,2121.76367319014
0.748,2111.0296787312755,1909.2304808722538,2162.7221101983955
0.775,2023.2741507522223,1772.4899435529778,2132.920991668889
0.775,2397.341308078916,1595.8114707872617,1988.943797485468
0.809,2267.1993486910424,1604.0949292901519,2050.5577335864336
0.809,2212.900353346551,1613.3980506579271,1852.0399981010626
0.829,1997.6323277278298,2006.610173117026,2160.1797399327907
0.829,2021.2978543438655,1899.8340311745715,2176.29490824614
0.829,2205.418677373757,1602.7068316405841,2085.152406818485
0.83,2214.615839794487,1740.626679618337,2062.095467964574
0.85,1911.2692910932105,1586.3043463151844,2003.17182088391
0.871,2384.7528182594656,1577.897499941561,2156.3675071718517
0.872,2045.0900166777494,1680.9291952173523,2193.5253516795074
0.89,2243.4279058286947,1546.757681965473,2084.580736296045
0.891,2030.3030809173372,1686.5854845144004,2035.984787999618
0.891,2127.5030899631292,1649.5717885923625,2269.93747881206
0.891,2316.328863794356,1597.6041866738303,2028.2251809506915
0.911,1976.5974740590727,1755.0602704492946,2023.9194402510063
0.911,1896.605570409118,1816.7888085125064,2276.338941840921
0.932,2017.6432515069212,1694.2783437481603,2181.514532559895
0.932,2206.274538484536,1746.8638770727646,2154.2083020777823
0.953,2245.9569230389848,1681.7311732881692,2103.7576735212906
0.953,2130.998729523626,1800.367108831481,2154.241104611077
0.975,2038.1306923090763,1709.8451880584798,2051.5856424589415
0.975,2163.4418396010988,1643.7607009960898,2080.4098301022486
0.996,2052.0235461121083,1739.7874894314175,2229.4446867577653
0.996,2192.51774907599,1463.7179139520017,1843.4473366868153
1.018,2335.63162805982,1544.5982818798716,2161.952509489775
1.018,2251.603991487834,1687.6246406758692,2131.0157746344908
1.038,1924.3328302671098,1709.9004116759331,1916.1763953597315
1.038,2107.017299820954,1707.2277699662648,2048.9786516899794
1.058,2155.5177672496234,1673.5855675575892,2220.537205493487
1.058,2009.6183785574901,1802.332039378207,1956.5451076645008
1.059,2164.5197434341826,1703.3720138163071,2190.9372342754214
1.059,2043.590706174175,1752.892826959957,1845.8426457293924
1.08,2102.195886731163,1601.7949245115128,2170.5583392548824
1.08,2106.7455348090093,1710.9769003028377,2188.651949881874
1.101,1920.218366751836,1683.674803319828,2221.422645203357
1.101,1991.2109662244306,1689.4888338209973,1928.2796304376157
1.122,2116.2020315400837,1654.6094512277182,1943.0252549881675
1.122,2208.850368734635,1877.5553660816774,2065.483246552655
1.145,2202.07378462463,1687.7191501152545,2084.6567503404126
1.145,2182.6354169882256,1682.512730826724,2146.2799678507513
1.164,2133.65486198472,1524.4064083726553,1927.1421332329064
1.164,1998.6162169074194,1605.149341988733,2154.9510626586975
1.185,2146.703090627596,1881.414227316472,1741.291892225382
1.185,2256.0247931433246,1812.7253326045593,2409.398422482479
1.205,2125.6454751897863,1600.1473767379778,2077.5324216447502
1.205,2157.9951460297666,1862.9987492418418,1912.9892652678639
1.228,2237.288717331987,1681.0124808913802,2100.406766026896
1.228,2113.640827415741,1712.1186668604448,2023.7685505189297
1.229,2058.1068420193,1579.064078153332,1922.0633224480875
1.229,2105.7112525189386,1787.946884603813,2128.2773270698094
1.247,2185.7637046335844,1761.6612965432312,1931.4253142901282
1.247,2093.794734207355,1733.2995284826945,1919.1808555094592
1.268,2247.6157015956833,1776.0092727971476,1955.0461343199836
1.268,2159.0160342616373,1798.064812144565,2033.054715154821
1.289,2304.1697523265584,1475.4506297251683,2103.252027769553
1.289,2138.442887372625,1706.873725942814,2269.7396216217817
1.332,2238.1700860570827,1784.4254786360482,2232.0167447548215
1.332,2101.137531510941,1644.4471634628499,2123.913211638022
1.332,1892.8649742304403,1750.5560054535854,2098.113934833669
1.333,1838.188207239003,1827.7322925048977,2121.001197854228
1.354,2359.462129559496,1741.976583991958,2101.192974728686
1.354,2100.5792985477565,1573.8254344318336,2326.9993637565804
1.372,2293.5123021579816,1864.5275117310046,2141.703678512558
1.372,2231.945956786614,2006.1247834148214,1951.30397814411
1.393,2016.8102817318281,1684.1345312691983,1837.0821537632464
1.394,2286.8813244944836,1709.9335095350737,1977.8207846252708
1.394,2085.3730371804468,1747.546278081167,2065.4955820066666
1.394,2083.7698321252383,1919.6153479012776,1753.2120465086093
1.415,1951.7954465589546,1884.332031671844,2158.927249511835
1.415,2237.6041686276,1554.0124013515247,1872.7602876587237
1.435,1808.1655825579278,1562.7365669061476,1969.7656400569833
1.435,2213.6432858145395,1811.2736270297592,1824.4986745770077
1.457,2050.879762062394,1733.4162612540467,1958.1550834422824
1.457,2116.7443021741947,1754.251548740575,2052.867931371317
1.479,2156.519914361749,1736.6315906985535,1942.203888427733
1.479,2120.1732887898597,1808.6707464758322,2115.6055897687825
1.502,2089.603533215455,1636.385694870324,1943.5929570201197
1.502,2040.5296840626718,1588.6926502480762,2205.270633959626
1.522,2106.9549596728375,1737.5358712030013,2005.4114481989525
1.522,2127.0034049839705,1734.0291898585187,2062.431698980943
1.542,2046.132397890949,1659.9244097564392,2126.363666312021
1.543,2312.4102535705406,1648.7274416438443,1956.890190880311
1.563,2240.058527426879,1560.0842262468861,2092.355034499804
1.563,2414.8695776066543,1655.7150683625118,1993.515583476853
1.563,2300.0932094680747,1690.0099364559899,1895.5820229436063
1.563,2213.621579401476,1775.2487436772974,2073.393064458041
1.584,2391.7190423898364,1559.6450815964251,2033.2635950490671
1.584,2376.580691167407,1655.0816923940738,2260.7006606484797
1.605,2167.1580868205892,1445.142959836886,2183.532385446443
1.605,1984.1885798493247,1658.6271620932177,2256.94382782625
1.627,2224.0807379534617,1598.6152893242806,1774.0196861338527
1.627,2211.266005961874,1846.4407143918052,2184.4227412253904
1.647,2065.145457501604,1747.5949966913572,2285.155636603393
1.647,2509.9702508252894,1485.7918547122913,2080.672850849878
1.668,2131.3128966902127,1844.8546596498895,1952.0852325003107
1.668,1932.9123192366235,1642.951375238384,2044.210437319352
1.691,2178.7008086073097,1879.2723104738184,2251.0079105605846
1.691,1898.398190044836,1562.1359223355557,1956.7806553754874
1.711,2365.526538667753,1719.2475759683848,1978.7144018480267
1.711,1999.3884344938272,1633.5467298118856,1780.3035724896747
1.731,2261.762974331917,1799.133964188083,1875.6830271918093
1.731,2247.5136067555177,1787.7508330391997,2169.955823615951
1.732,2171.1676026155715,1737.1404416385851,2176.594124894578
1.732,2321.9969000833094,1820.5881614456976,2162.960113514313
1.752,2118.624665805055,1535.4617354017357,2071.490803233846
1.752,1898.193101411733,1736.2732875259462,1962.747970932341
1.772,2064.684878614479,1736.0751910142549,1981.666795247539
1.772,2235.622658601566,1663.3630214264858,1763.5831384321448
1.794,1922.4441428507648,1809.3976525763837,2060.3051025128984
1.794,2215.5064157412553,1843.3962125090702,2218.3708951864764
1.815,2306.2006175476376,1631.6806182351268,1876.247842393196
1.815,2248.305904088379,1981.8065926438844,2117.807323501073
1.837,1948.9197326366218,1652.0377743114386,1989.299478166409
1.837,2245.58626603667,1650.023842127328,2036.9118409012392
1.859,2160.4589694558354,1597.665337694876,1997.5450775276445
1.859,2302.528334432379,1746.683053560839,1860.3612607075179
1.88,2056.986857986403,1605.8048960014903,2003.2564430388845
1.88,2327.41026725488,1802.4101297220059,1946.1931284237983
1.899,2152.03089555029,1539.2743945911448,2142.6916006630086
1.899,2079.672651826733,1811.7488270270062,2092.9873359400617
1.9,1904.5579727183444,1778.5481363202173,2104.79488521647
1.9,2212.2241087091857,1773.3050032749056,2113.2351205074206
1.921,2255.519090865644,1940.7506570858354,2009.7221338694328
1.921,2000.318882224191,1774.1899584882065,2298.497382635175
1.941,2135.5441140811713,1657.1882687898117,2118.3668886138976
1.941,2155.1081796158664,1723.651325346944,2082.440124794681
1.962,2044.022396995047,1618.6029069629321,2116.54384453369
1.962,2222.7165594353282,1738.1490209655858,2142.8598116310686
2.004,2144.4050650567997,1634.356193625452,1975.0956743862077
2.005,2262.217178090626,1899.2128569964157,2014.4677032298903
2.005,2345.5037791871523,1774.34533501522,2037.4571231233597
2.005,2142.053265122029,1692.0392972809286,2005.8318088331557
2.025,2127.892030539857,1487.7400367919147,2148.8577260722645
2.025,2137.043879122261,1666.0389516504688,1973.779275183875
2.045,1869.833240240573,1705.2091352799225,2256.6922331095516
2.045,2094.470265541199,1876.2148938679168,1995.8311027920447
2.066,2403.3512763217755,1707.8467083571936,2215.4329374224853
2.066,2196.7034784788457,1960.6412406039276,2189.925001293002
2.066,2254.657706589321,1842.8518754800089,1977.8481705896966
2.066,2002.1856897677696,1713.3233063731666,1886.8641251506233
2.087,2085.692813104633,1647.5870349723232,2306.65659423666
2.087,1967.7753758216638,1944.6278345960145,2047.6182396489087
2.107,1864.875108112457,1798.7767409895462,2085.0333853078673
2.107,1962.371541531072,1808.621762575723,2114.0410009605866
2.128,2157.221182993269,1694.580024300331,2127.8135778655687
2.129,2007.7679913001866,2006.7698493032922,2094.3605608671883
2.15,2091.791608487044,1713.983931582487,2052.715886862096
2.15,1876.7908887730175,1604.5228638710557,2114.852868303652
2.171,1971.4038031186913,1769.5725708189195,1740.5475409349474
2.171,2358.994728469234,1709.2364568860207,1793.2248227128434
2.192,1914.3839929501637,1846.5497821782383,2198.0470008092616
2.192,2257.483098143301,1911.8151531406431,1886.0553873147596
2.216,2333.830909350369,1518.400733295879,2129.4609059604477
2.216,2160.0472341083387,1843.9241448567975,1953.9967743790646
2.234,2319.476018262695,1785.691104321202,2160.012503393216
2.234,1940.4011563503277,1589.8766601214772,2031.557245031281
2.234,2240.6131216971057,1776.132629921682,2086.2567440971516
2.234,2446.625757493217,1898.4593776180845,2129.5290140027673
2.255,2077.1585749834057,1561.0229333380964,2014.8616272644688
2.255,2104.8611891392,1708.1929112806902,2082.2330360634814
2.276,2257.58130779341,1747.4929426506806,2173.5116919370316
2.276,1896.0133230978693,1953.5493591271388,1980.1535555457963
2.299,2095.9099447215067,1781.8402855911263,2476.0979093282594
2.299,2094.866095877607,1688.7926099113631,2160.1888649831726
2.322,2064.0611985876512,1777.0455684639028,2066.526322334998
2.322,2083.565694651523,1907.1753677483064,2153.527656941184
2.342,2121.869842352106,1727.5451184577346,2079.409882645847
2.342,2205.1489071596175,1736.2079862045412,2311.4164694081983
2.385,2196.959310479925,1891.662188727692,2177.2210293044195
2.385,2433.18353227041,1803.553361325678,2184.732388919073
2.385,2252.110951907208,1755.2034038221116,2054.5408765179654
2.385,1909.6978133380876,1954.5003621497472,1998.9221262471629
2.406,2228.554657570499,1623.9793219194212,2225.112373891054
2.406,2108.3712337898482,1763.0484038026937,2254.356897361452
2.406,1883.4255086794317,1772.3589436290056,2199.2892053500436
2.406,2056.068090411885,1551.6496138514333,2175.881511108551
2.426,2048.1567348408353,1694.10258957415,2119.4677667924143
2.426,2335.8265835929224,1838.4743480293312,1893.4439853815916
2.447,2108.728419650533,1843.9829609049418,1989.2423111524827
2.447,2096.858358256857,1665.3338327085053,1802.1328310473632
2.468,2137.629369922697,1767.9278821644314,2014.2569772432828
2.469,2089.2853055032547,1984.7478012602758,2184.628790409289
2.489,2121.4717080006894,1758.0783857280808,1840.9689335981955
2.489,2162.914483988558,1689.3738101332833,2298.32689438206
2.511,1961.7141399279358,1873.7353423062298,2224.548400017367
2.511,2398.8712616686294,1763.036810500236,2239.801081718432
2.532,2307.081460110221,1738.4603794391944,2107.3207706257917
2.532,1905.395990774692,1713.1543736468975,2000.641640071293
2.553,2155.689858484111,1603.874316499327,2075.401787740483
2.553,2221.763639014392,1893.181041649412,2127.515564855011
2.573,2085.170261902868,1680.8603090345082,2094.9104101230228
2.573,2294.9730135146515,1803.9948698858225,2020.3651900292064
2.575,2214.3723540402852,1600.4993157089668,2299.0889993572937
2.575,1923.618295410222,1858.3474407342967,2029.0142843073515
2.592,1919.0277538680725,1857.1299602682193,2227.5958685505225
2.592,2275.8324559463495,1643.1249100786627,2270.5553966232405
2.614,2316.620509457397,1741.692045162247,1986.1362237837473
2.614,1919.4789789842196,1720.7056572106173,1899.496964994889
2.636,2122.0112144369455,1744.4690701919385,2442.4545522039243
2.636,1891.298868722673,1677.666667409709,1733.211287517686
2.655,2117.1234033089513,1756.254341736544,2082.269694731699
2.655,2048.511574151318,1880.9502982771714,1988.5933473857096
2.676,2019.30229396849,1522.00928993622,2057.9752319596773
2.676,2083.522125944833,1736.5416023270877,2128.309972414852
2.696,2042.6173317639184,1879.5022266437504,1972.4206966090214
2.696,2257.343684669985,1563.4377245162686,2285.8950748276147
2.718,2076.3318185827948,1549.5161612326024,1870.46458065497
2.718,1889.9027313192669,1785.8294511635384,2011.0754926299119
2.738,2052.429009573549,1720.5669812005103,1852.7912631662748
2.738,2026.1945409983298,1718.0759087009737,1948.9142124017144
2.738,2001.6791832569245,1674.6488010476926,2212.0843260054035
2.738,2262.998723657446,1765.4867714519498,2110.3585056977836
2.759,1910.985682481209,1872.7483539250063,2111.497212326008
2.759,2074.660926971437,1547.725718825333,2210.5017446202005
2.78,2018.177025344908,1696.8826313381112,2201.901695601254
2.78,2191.455810737245,1522.4333965819383,2226.1749259391518
2.801,1975.2652085997934,1628.1294036827633,2213.423400601472
2.801,2101.604527290657,1649.965456305145,2101.7565584656113
2.822,2220.098985193143,1741.2009339176864,1894.7596927664001
2.822,2520.7900372959366,1566.8833679815164,2145.229052930367
2.842,2254.3619019922894,1469.4501006382297,2238.1168987843143
2.842,1932.1758469770143,1810.9692942441943,2063.596787666672
2.863,2005.2492615362503,1859.3621348261509,2038.6724660061832
2.863,2229.8041008590944,1658.009756877272,2099.0604423668756
2.884,2269.1854600640895,1889.5943791281697,2133.6210989180126
2.884,2289.961976642727,1756.566476879472,1931.7476150027417
2.904,2010.1693946023274,1722.3121295179217,1931.1276165734134
2.905,1982.7257847094647,1605.3603881998542,1934.6333812995945
2.905,2248.0998098603786,1691.866952430924,1872.3688563882004
2.905,2487.334241214617,1722.464489005775,2004.436586229645
2.927,2114.3043081042824,1819.2431707538112,2077.847770634117
2.927,2272.5569607288203,1715.5663440099472,1867.9800904670565
2.949,1974.3823121511005,1801.6711396965566,2077.0306159287134
2.949,2127.124561382773,1752.4137061643137,2081.416837253367
2.969,1966.875082473835,1866.9386059005776,2149.182473097172
2.969,1950.1778221289624,1715.0635888632398,2261.981433059811
2.989,2134.365621568598,1769.0866143915455,1956.5471470922298
2.989,2241.0297898110603,1762.60114994677,2030.1198001123373
3.01,2016.0268195828403,1622.634907530932,2033.548009781383
3.01,2011.5124018537242,1687.0954421563422,1896.4927452404509
3.03,1838.70746768064,1843.4278824872547,1797.3591369869819
3.03,2199.765054047993,1771.7059904005248,2008.4846142631452
3.051,2167.1702693512184,1687.951067756205,2169.7983527019182
3.051,2333.5826706810763,1694.086265823744,2283.7313081117945
3.075,2172.887955677927,1775.2037823488247,2290.9805186357826
3.075,2293.814351594435,1843.7291155230048,1936.2946856787614
3.075,2134.096788212649,1638.4281605591834,2060.8452294620024
3.075,2485.350401235783,1744.2308273264407,2172.082340784191
3.097,2256.6501580255103,1596.6733222191967,1970.875274507005
3.097,2091.348542955397,1945.7026544125329,1998.6241135460482
3.117,2262.3818059753803,1883.2129501640334,1952.4549361407123
3.117,2264.721019789322,1764.9465835817457,2050.2760646477027
3.139,1945.3733668182956,1790.2649970482507,2252.9852738227587
3.139,2087.064594158618,1624.3320838197087,2391.6476722276534
3.16,2395.233284816276,1624.2665909812258,2033.2208591201318
3.16,2156.792628614581,1711.848352618673,2346.8994708385176
3.18,2255.2129659300685,1851.1940310712778,2091.171162961587
3.18,2125.8567343931613,1623.6478450320956,2324.2039943797026
3.202,1964.2345631244568,1699.6852543811683,2040.4508013059935
3.202,1973.4786612531339,1744.2651567951157,2126.1540115129706
3.246,2424.4566039736205,1546.8626002573258,2245.5151710716805
3.246,2116.2311057905604,1704.1002503665077,2147.85301212577
3.247,2191.6975879351517,1651.8319959218309,2165.8134128933807
3.247,2194.943920859067,1653.563499736653,2164.1092249182093
3.247,2117.8493101010963,1892.9120991844122,1922.8659088494796
3.247,1871.061277255195,1817.6480838371212,2136.2823621470534
3.267,2157.4807609288932,1761.2886929344058,1950.5277395589726
3.267,2201.8922803664045,1645.9028735711997,2050.0255926980594
3.287,2209.5116167694446,1746.1449269389077,2018.5613325669513
3.287,1890.9536341345556,1718.022142922176,1973.397800528862
3.307,2249.0093164053483,1697.6566707413099,2075.962670601439
3.308,1942.1895568954908,1822.7728636154025,2162.195975042282
3.328,2320.6964134095497,1693.2906309027833,2115.1703525380053
3.328,2267.5985306881516,1694.875541055957,1835.4582034663536
3.349,2044.3853399652428,1545.489978704076,1991.4343121338547
3.349,2417.348983391474,1691.8760338844654,1879.297962995273
3.37,2105.4189499953145,1674.0117196049553,1949.2151284071479
3.37,2150.0730664560024,1648.5607905825473,1978.9333364192412
3.39,2185.0614574039328,1628.1792105716843,2009.4547209213956
3.39,2491.378411582728,1696.6962228038426,2143.7993675991916
3.411,2235.663987076795,1856.0028938408782,2015.0525714349124
3.411,1924.4639963519908,1805.053421154743,1858.8362510730876
3.412,2165.412603051426,1873.299158210844,2144.3630966616265
3.412,2178.5230189955105,1554.3272417838398,2397.1174079464813
3.433,2071.648406084097,1581.235787428984,2253.1955840444107
3.433,2267.243054048875,1522.1038954879268,1879.7237337377942
3.453,2038.2194936811954,1500.2679676015866,2091.4789001192353
3.453,2173.044367004268,1664.609172503466,1956.7172305765685
3.475,2058.150469222659,1680.563274258133,2147.7303043072425
3.475,1998.918567893069,1806.7139682461177,1893.582112274942
3.495,2137.154013452204,1649.2033193968364,2116.400031298942
3.495,2333.2047486342967,1530.3893379260821,2143.697561848634
3.515,2156.478069818262,1647.3438093587756,2026.165298164809
3.515,1965.115795251987,1844.3165674131285,1933.1155809604245
3.536,2267.3383523432817,1629.7363612073707,1966.8626817453276
3.536,2275.6719450473656,1631.720342381473,2175.7976031137787
3.558,2064.077395075161,1719.8237718189193,2210.0608385695255
3.558,2054.3030112959,1755.4545867612771,1948.3310239470197
3.578,2240.402022036737,1711.7611782175409,2162.3215060843086
3.578,1985.2496021650754,1812.30624563876,2085.0873067463845
3.578,1893.2554337239926,1665.5256569270662,2070.4882172626003
3.578,2159.076209866605,1775.058601653563,2023.1631015306841
3.598,1916.8927433795516,1990.089569519006,2104.1659338830646
3.599,2077.6460281207055,1838.374110229955,2188.7950728040364
3.62,2003.5970898078456,1743.9840788018134,2246.694803601571
3.62,2190.080038641506,1716.5778860417108,2021.0278498685805
3.639,2258.130979678112,1799.3232474778365,1972.3283008086037
3.639,2069.1864437472314,1765.5261246127016,1975.8045677020768
3.661,2164.70036674306,1755.2024076901807,1864.4789437667143
3.661,1936.8334608870996,1666.5309118390694,2141.8858219778
3.681,2030.7447634316063,1615.71566360453,2065.9405218779234
3.681,2096.2324903932963,1657.4129812238634,2149.4501314243585
3.701,2149.3297387088937,1653.6020389394062,2233.0718501265806
3.701,2212.8092590863694,1541.4547928433713,2233.685726840437
3.724,2083.8235444116467,1476.2780807565846,2049.031144650088
3.724,1975.4915008113542,1668.5072461171765,2246.060242723767
3.746,1916.3764132148492,1585.2474379386258,2261.0141934810536
3.746,1875.4778450645993,1676.496486671759,2073.9345210660945
3.747,2198.6563509699076,1682.9385096636818,2026.6923017936936
3.747,2093.4749891877077,1741.7482515481352,2083.993532909748
3.767,2159.4546768827313,1783.7412277600513,2337.4483751206067
3.767,2254.7477606501934,1573.0558794692774,1973.0247989364964
3.787,2044.0219467616034,1783.1318548096128,1959.615875241514
3.787,1981.2275615720516,1859.742782278841,1910.6375265194738
3.807,2140.2015253402033,1712.5041928494613,2029.1174452345085
3.807,2093.375241826295,1717.2043506959892,2051.795547701399
3.828,1939.008512785885,1825.7387321688161,2083.2800003524826
3.828,2029.3512584109567,1913.3948759465916,2047.864822340536
3.849,2006.5646630145598,1619.09190907367,2032.241012252398
3.85,2084.105852183415,1626.7499653103823,2179.135331495079
3.87,2119.185989773059,1733.786736805699,2178.1408942642
3.87,2130.5368947043135,1967.1205354316617,2413.370954475761
3.892,2339.165061432632,1717.1757540483904,1865.8848852410617
3.892,2016.0798839904385,1680.1403628896874,2002.495554484792
3.916,2238.7758362155387,1980.66839079999,2294.8707757944885
3.916,2038.7336169334799,1824.6187940475925,2197.0018457039564
3.917,1921.33458648687,1809.8974653779605,2209.028045633085
3.917,1849.8970958737145,1935.5833825204215,2025.0484628905672
3.956,2245.1192253854024,1723.6308032455015,2179.0218939313672
3.956,2171.2499965015613,1783.7211469481997,1984.0852776055451
3.956,1985.3362296214461,1699.0507103012483,2056.931697004215
3.956,2156.9773699474877,1598.0165278317781,2117.296841050638
3.974,2189.759291759701,1587.4524035880206,2179.0270451541237
3.974,1925.39980454595,1992.539234920991,2110.9701845787613
3.995,2521.144626161879,1943.1673342799666,2196.746249391863
3.995,1959.9279987722991,1730.2103326699453,1920.801354063104
4.016,2386.4302728334133,1612.5896815777146,2109.203269689611
4.016,2024.9659356523766,1701.3769816832837,1706.4762909966064
4.038,2028.7786178779481,1782.8025525642463,1889.5058546210319
4.038,2263.013864498004,1624.058251215266,1997.3374151454198
4.059,2352.0608517696887,1762.7163605363914,1989.4826451172366
4.059,2135.7917556272005,1832.1101842467583,2060.8667143273815
4.078,2254.5338260303383,1556.2953926203274,2194.9998155265175
4.079,1879.6502124798608,1803.4987106775898,2002.5020114074184
4.079,2237.398872917586,1808.221466679689,2111.3359002695643
4.079,2378.421955238293,1689.0987637268593,1920.0429176124385
4.1,1856.7975652891464,1765.695635436834,2163.187115662074
4.1,2293.655229903597,1799.7678534001845,2114.3192113834234
4.12,2067.852473587237,1647.8283935616112,2019.7150625966733
4.12,2198.9473138972576,1719.0517791913217,2130.403244556438
4.141,2020.386185197685,1533.4351585865772,1986.064311802292
4.141,2235.8136182813596,1729.8435745666477,1923.1735548451866
4.162,2065.7680245331026,1619.40325857767,1986.5241345047825
4.162,1913.317710144863,1725.776814586924,2092.5446808663055
4.183,2163.1373323183207,1873.3423030668594,1931.5018304945118
4.183,2156.2541695529326,1526.3792900688027,2036.8541542093317
4.203,2140.7662475815896,1808.8045413506973,2115.2576759267135
4.203,2105.7558206427643,1874.336711432868,2133.143937523175
4.224,2191.9830044045725,1959.1242785174913,2120.122980678593
4.224,2010.020654492137,1709.7187911110173,2022.2461239706736
4.245,2083.860397910298,1773.8933235268228,2247.366515271886
4.245,2293.5903351959496,1781.2273555015506,2178.032537204551
4.245,2227.7707634223325,1622.5491097801437,2251.768005342911
4.245,2149.09017837462,1754.1802671276394,2317.2153834247765
4.265,2110.547339090933,1724.9519962085405,1818.2277506279477
4.265,1980.5993496144583,1588.8374940551762,2008.7596474915133
4.286,2161.970557123496,1733.3991973225873,1927.100528383263
4.286,1871.957073448861,1688.9594471766393,2120.2709529586427
4.308,2284.9745029231262,1538.7652696195814,2120.6523029302257
4.308,1975.3663633932438,1713.0162224459982,2094.3487832237447
4.328,2212.7910652458168,1637.6760313052494,1881.3129686136626
4.328,2179.7814025851258,1796.873707317473,1925.787716542053
4.351,2108.986064870936,1625.0979194590118,2188.960307319663
4.351,1994.903826627155,1505.154097945989,1719.4672768669514
4.37,1980.8938407464914,1668.193650067798,1859.1886755405837
4.37,2244.1084269202215,1766.5970898547391,2213.556162413002
4.391,2079.9951615100554,1731.6126619254967,2202.3807464945276
4.391,2209.545416137552,1937.4527649151496,2069.3898890411333
4.412,2192.241932941553,1693.6556996440181,2144.586960215595
4.412,2051.0592358253243,1643.3919948953067,2155.081642446771
4.412,2397.0352341751695,1667.0139913297985,1955.9732427799659
4.412,2191.794274316283,1729.0102956889514,1972.7541672371374
4.432,2085.3858690708116,1964.4987568965994,1706.9274384710416
4.432,2186.230277076394,1715.6182298856165,2141.155311420113
4.454,1982.404496921375,1640.9898438123996,2238.4521050428198
4.454,2019.5019172579798,1741.0614995925916,2269.0759467329763
4.475,2193.8213650061857,1896.2049033756664,2233.6632790976328
4.475,1871.4696805549843,1743.6068218062233,2267.831113922398
4.495,2161.5742741289214,1772.0425623809767,2239.9248221331586
4.495,2105.5006160264625,1796.4898731728003,1987.1678389065287
4.517,1950.3439633691705,1925.3167588834322,2040.3223680470048
4.517,2134.211891881908,1744.7643871993298,2255.980605913446
4.537,2321.1524416093166,1547.101148193427,1885.408078735457
4.537,2184.111782416454,1758.8217655570397,1895.3202803827207
4.557,1923.595399103643,1827.4698693247724,2004.671771938855
4.557,2238.7827321337304,1515.0030628061286,2201.803528619332
4.578,1859.7077061398188,1626.923547433845,2144.3020738104906
4.578,2068.5342474090216,1591.4661196096524,2183.2818026452787
4.578,2093.754686391036,1685.7357294743333,2010.8159174914485
4.578,2288.787666644615,1916.6218561235642,2146.277117264598
4.598,2039.3598252534846,1623.9332883883249,2027.4605699598483
4.598,2268.1005414224187,1746.852285666176,1917.2246788692712
4.62,2041.3926428115317,1534.0746575108074,2049.1018800587676
4.62,2032.154992973522,1811.0306197444863,1921.6459500716333
4.643,2324.7838213612317,1599.7106126413428,2009.1000013746739
4.643,2230.110872490879,1999.8076011323792,2025.4519921909182
4.662,2135.4587836500377,1716.2580094206626,1948.6260864870933
4.662,2096.5948550729413,1826.5620606048524,2052.2414750743114
4.683,2117.9872786684987,1729.6646817790574,2068.0283088736346
4.683,2287.2391508181367,1601.0353700644162,2005.7713506175544
4.703,2148.871119143877,1388.3841280555205,2053.128383387949
4.703,1931.499168683446,1733.8365947190198,1941.5883422426564
4.723,2141.018116822887,1635.4677241461145,1765.9104460666765
4.723,2258.958671998167,1842.0426249386458,2155.8927469127075
4.766,2079.667654987085,1729.4469031180631,2092.7000746332546
4.766,2225.912958068766,1678.7995074717317,1899.8183150833406
4.766,2121.158430034061,1779.859396763379,2307.5582120677836
4.766,1924.5636618705507,1646.514045201022,2258.431078663388
4.767,1947.3911194625741,1879.5017482823114,1990.8924705698773
4.767,1964.415985850853,1665.0777663968615,2112.6961656300787
4.785,2088.144868971076,1731.7813617221177,1717.8450394278666
4.785,2150.356235171862,1769.8777475962886,2046.3967115238163
4.806,2281.3233648077207,1569.1682698654752,1736.591130239949
4.807,2202.9650430120378,1717.3805804762567,2186.3749581867755
4.827,2158.3629244460203,1526.5769074147074,1889.2079857636716
4.827,2200.3090609524293,1682.4386076039123,2092.126348938889
4.848,2035.9661424228793,1748.5066701256821,2291.773090496954
4.848,2035.1540098822074,1584.214182584111,2058.9881971072546
4.868,2177.3477208263425,1849.6937658288819,2112.3041564280825
4.868,2182.7781622445473,1802.2685124497139,1860.7605401786502
4.891,2172.370483476775,1907.6408100341494,1984.3358177336945
4.891,2305.7755703350194,1731.701379041519,2194.824964788453
4.911,2236.7142428396096,1722.0017930002296,2044.6284166709427
4.911,2092.47052909435,1636.5568950243585,1948.6385451110093
4.912,2164.050076524313,1726.318517497045,2057.0093219953205
4.912,2115.358078607649,1700.4176448183107,2168.6107930575695
4.952,2179.4091632442864,1887.139874350431,2034.7808239586025
4.952,2163.038232559268,1809.4685926870022,2034.1381475800965
4.952,2002.0084808491035,1844.4124539570319,1948.9891060810166
4.954,2264.6524852763982,1484.3657116340603,2002.203371113005
4.973,2075.354841898312,1565.3348353740698,1992.4766193622806
4.974,1917.0906539132407,1669.8685169314049,2003.4897316638612
4.996,2089.981273880135,1689.0270396321648,2098.019589830902
4.996,2111.3711720384813,1773.2099273991637,2041.8393413201024
5.016,2190.636153812883,1786.8277064662575,2047.9412920602454
5.016,1978.85029323708,1730.2687162145162,2124.904907583562
5.037,2197.464235672826,1704.888110584821,2240.5951280690797
5.037,2030.6977758794565,1760.9978102174284,2097.495896954298
5.057,2079.4182718008537,1603.4983127953462,2071.577674126504
5.057,1842.847891674029,1564.429164087653,1883.4988511249549
5.079,1978.4019207062054,1898.5151038321367,2351.042472620998
5.079,2144.3440100738967,1799.4433742218696,2070.296942600445
5.079,2083.132790762247,1618.0845603239263,2140.5014995408196
5.079,2163.5612449866167,1783.1862006382669,2171.0786027150425
5.099,2106.7296835474444,1681.6682484101186,2104.99174941579
5.099,2182.480408785554,1764.5097043272747,2194.145588133701
5.142,2080.6379878484013,1731.0288910278489,2016.2412056457097
5.142,2112.738410500328,1666.37926487007,2002.9006764301364
5.142,2175.293939825696,1743.7722261994006,2295.476398062137
5.143,2299.4327669870504,1888.7452985991836,2181.1860683838254
5.162,1984.7381712776505,1651.8775868082212,2041.217438478589
5.162,2239.108261441367,1786.1542175496033,2121.6687323214455
5.183,2014.927109356487,1825.7761258305973,1919.2963038082682
5.183,1906.341311693432,1749.755057369103,2437.3035904452236
5.204,2247.152664816079,1644.0167959327543,2082.9742404253725
5.204,2191.8814971488796,1753.2863681250547,1878.4538428712208
5.225,2075.083684661341,1718.1450039928704,1875.1346025952184
5.225,2155.54026890814,1730.2353544199304,1932.3608295281583
5.247,2106.229085177629,1709.8089246108214,2359.6607194292433
5.247,1984.7411385669718,1798.7067972249336,1929.196375112246
5.247,1955.0888397278493,1649.8610915584256,2000.2769890484267
5.248,2006.4338451012443,1710.7944464841898,2204.625389809967
5.266,2112.2111845795666,1626.7410059754145,2078.141295659678
5.266,2268.549695682734,1837.0572416118525,1836.2077744376147
5.288,1949.6790127584077,1627.2547646946778,1989.1053467049298
5.288,2186.8179465726726,1915.0851260637776,2172.4635735621036
5.308,2013.2394466063015,1857.3240563548625,2137.5832005176976
5.308,1957.8951253449673,1877.570050562017,1897.2608907897381
5.329,1880.2822762701999,1589.468939225563,2209.399580729749
5.33,2003.495900415252,1502.8552993211674,2154.5791441714155
5.35,2040.2449715340542,1432.35242172027,2014.0140410535555
5.35,2073.4840592780843,1733.0765892681559,2020.6649765970778
5.371,2091.4472639371747,1745.1771360184682,2145.244507218208
5.371,2327.964836117403,1741.9655606465722,2066.193610696595
5.393,2022.9094680266612,1912.0368231407901,2075.091786332022
5.393,2246.378259999138,1613.2238485829662,2038.9014977693766
5.409,2126.9845815071835,1718.4366815398541,2344.515278238601
5.41,2255.5585078402964,1816.097761783879,2227.906294660835
5.41,2266.4820067791925,1890.840985483202,2040.3198632803137
5.41,2053.6764977725443,1711.4339890732895,1986.0881130331254
5.43,2344.3991428767226,1578.0837353838515,2283.9920308819137
5.43,2062.4202742426173,1797.1620227991473,2057.844482107008
5.453,1987.50476955134,1797.282008511248,2101.363296986351
5.454,2239.8303780820124,1552.9989140513353,2101.9075384480534
5.473,2188.812058972168,1705.1681688365118,1849.8740615615902
5.473,2203.861114266135,1697.5696845985897,2105.1124887504775
5.494,2003.69002202033,1573.9188351737653,1933.1375841392703
5.495,2177.086923886657,1624.5427197008232,2231.9023720781697
5.517,2202.8481268000687,1644.5655388171115,1893.4522277063807
5.517,2101.757903034203,1898.0604579264823,1877.311017200825
5.536,2111.2970092334267,1681.144983926387,2135.2995448840293
5.536,2280.615162090664,1680.694119048471,1786.6924789235509
5.557,1985.0109642282057,2069.8415611852247,2050.5356336848254
5.557,1805.3201296917268,1729.292829461277,2210.453422727052
5.578,1820.3622742626915,1651.3235646239382,2074.2317657695235
5.578,2315.747416108725,2026.0082070053008,2074.6785882525096
5.578,2242.3453230703294,1832.6762926739173,2064.32471123095
5.578,2014.4915759835883,1683.7446564613508,2099.688595912052
5.6,2247.4075814709167,1711.3295319335507,2138.44496788635
5.6,2138.4039957730756,1554.9104072897348,1654.0332760930858
5.621,2186.5556803883014,1785.4445074154369,1754.1611777053372
5.621,2246.627894186293,1785.5753515539539,2137.5130921605437
5.641,2360.366462604808,1637.1239126982,2124.050140514346
5.641,2289.296531912792,1562.6116162621693,1931.310222929419
5.662,2173.597190476444,1648.4201068211723,2266.0600669678524
5.662,2132.216272015616,1818.8273174442265,2279.3152323001154
5.682,2360.683445445774,1790.033136087839,1994.0514277710179
5.682,1884.684640355235,1724.3605642225682,2257.308286468219
5.704,2264.7947292110434,1839.869247179188,2065.836156652071
5.704,2041.9647206700968,1667.905449836102,2202.333060545477
5.724,2052.719975978226,1767.2686499853937,2178.495613256947
5.724,1980.7209376991414,1652.142421124191,2189.0102822695085
5.744,2130.2666287023367,1662.85493163892,2111.475530691765
5.744,2147.5956189557205,1851.932767324024,1975.397740174581
5.745,1768.9187845873882,1563.8773200568821,2216.3136478097517
5.745,2120.1359348706997,1586.3383960131691,2084.7081229514265
5.765,2249.2957703980674,1631.139185901387,2364.1690291288546
5.765,2212.999424550818,1840.7896892428153,2137.907105406378
5.806,2327.6106246456634,1667.381377169494,2215.720592157112
5.806,2289.9644326408506,1731.750605172842,2298.8748332937157
5.806,2179.2851880999574,1880.3217581480085,1905.6587607335446
5.806,2010.54888269484,1812.6028185259293,2237.3962247946383
5.827,2019.0885229381195,1671.2524761426066,2210.9542999420523
5.827,2194.323433106288,1873.7902170242448,1998.235039496859
5.848,2186.583887005169,1837.9211211359575,2315.48845943068
5.848,2126.2373236785847,1751.1440599726575,2207.653021982916
5.868,1837.85492414707,1766.2425699074097,2057.1878326314927
5.868,2357.28501347792,1770.0671932249202,1997.8741460925062
5.889,1855.71746757559,1747.9737884679218,2244.0377594861097
5.889,1987.7744489061972,1755.4120771486064,2135.695329662726
5.909,2138.267646571744,1783.262565485292,2073.07451633158
5.909,2216.9063694005144,1683.4092919574175,1922.4934348367672
5.909,2475.934357947496,1679.0476258256228,2184.45862049956
5.909,2025.6881321413957,1917.3680727336045,1995.7976347104993
5.93,2087.8383837801566,1766.249649576062,2213.542529694987
5.93,2168.6029604246937,1582.5874223864564,2014.6364065662824
5.951,1932.9173602941914,1881.8644135117183,2035.0702860286988
5.951,2002.2692682815639,1717.5917156183068,2394.9439943020693
5.97,2102.500733960804,1502.3527651197696,2269.598568222378
5.97,2108.472913459619,1647.7745526589708,2162.6052605548407
5.99,2053.661321622694,1707.23919238533,2101.5670141781293
5.991,2289.7599939301226,1824.8079169496714,2060.5901561874052
6.012,2154.913577798237,1615.3872788216574,1925.7177515137964
6.012,2064.725104591958,1804.2365180726295,1820.221993597339
6.034,2043.4304933595156,1793.3803832492918,1915.570023283148
6.034,2271.5862365313856,1722.6078187915025,2247.500304371945
6.054,1990.819853366588,1723.883700945047,2025.9939093694215
6.054,2104.278403429864,1770.8859104037265,1929.2246359923515
6.075,2084.583389678561,1886.5536235364777,2318.8325554111
6.075,2124.76831838308,1718.89327027134,1831.017609923066
6.075,2071.4805990763416,1788.3850066510795,2311.827265886762
6.075,2066.316274189194,1599.0145091723268,1949.6042484927318
6.096,1902.4099851100325,1694.7544904730837,1961.3031382175814
6.096,2067.6682703634046,1749.4753609324935,1934.810123345123
6.117,2147.8390486657368,1800.2191244755636,2041.1804385734954
6.117,2378.0577646328584,1765.5011725213608,2064.471051882354
6.138,2104.613052348228,1809.3024494628703,1916.4904519365355
6.138,2135.399087150379,1756.1863330028675,1843.9479558039425
6.158,2028.8813226323011,1641.288747840092,1884.408201984235
6.158,2042.1943986901936,1770.1176073448532,1984.5895144043607
6.18,2112.2505137786784,1884.384886966893,1743.2233344302474
6.18,2258.0626631142945,1658.0760128476397,2203.2882081909993
6.201,2240.0959108272295,1525.6230562517987,2180.1263192187016
6.201,2102.669261433701,1692.4359138011257,2252.8241318227
6.223,2121.252070087543,1722.8072538429342,2157.4880982238196
6.223,2194.0228524122376,1587.0645493600073,2034.6732954004374
6.243,2311.4354589405057,1678.2432712630239,2055.411010810553
6.244,2238.537873218001,1704.386441691763,2049.117334671098
6.244,2358.1707868154526,1538.8409570647016,1958.6103905329064
6.244,2269.8845396329857,1898.8706412153726,2299.0428694170246
6.264,1991.9308957224182,1751.413299597754,2098.7617174947086
6.264,2359.6424932392188,1649.0580089024918,2101.3633049961722
6.284,2069.7297111468615,1813.0532871726239,2069.0345240676857
6.284,1999.478245196206,1594.8788187560879,2136.0733066004796
6.308,2116.942013327582,1583.6870008343801,2037.861581767514
6.308,2107.942186194144,1802.9506947337627,2199.207663582242
6.326,2260.21002804969,1597.927635407185,2039.196766396009
6.326,1933.35872983959,1670.8568216922067,2142.5776712408588
6.347,2231.5324863066085,1780.9592983754517,2441.4325698148796
6.347,2310.911028328768,1705.9995929361014,2038.9115875456662
6.368,2354.6685124592095,1649.5404565140789,1870.3604457744284
6.368,2169.309633408897,1632.1728840738876,2377.5263066336797
6.388,2288.9908425497097,1763.0491926385544,2143.8528181783095
6.388,1904.456085806144,1571.7601724763329,2006.377506410655
6.409,1843.081158577947,1734.4784405260145,2135.714148208036
6.409,2085.4173678205125,1650.0903403144127,1960.2347009038306
6.409,2092.8824083534428,1576.015584677146,2141.540063927239
6.409,1961.7881360125841,1620.3911831983166,2175.340948408433
6.43,2305.039282302891,1661.8759078118453,2149.7179001927457
6.43,2166.235200535731,1780.8754709325306,2342.926801073341
6.472,2267.02922949807,1816.2632351932461,2006.5942130407784
6.472,2158.647919166058,1566.6524446748294,1845.4293524753243
6.472,2137.029809952047,1858.0799330565424,2075.409048945295
6.472,2370.484127653805,1451.5203696524904,2336.7620647664735
6.493,2063.7174294964616,1780.0292992517764,1965.8521939036661
6.493,2190.3975704940467,1755.3545443419184,2161.767144036669
6.513,2167.3189358426143,1639.4962766978858,1848.9632822733906
6.513,2050.580479661328,1646.1916929770189,1940.3660875016571
6.534,2357.4793015631312,1745.5981810102885,2002.1802145013933
6.534,2028.3615484304978,1755.8229659819158,2061.5401001829227
6.555,2261.7435712858846,1800.4175427784544,2254.81314608837
6.555,2016.4364260012158,1884.3350993203687,2089.592438832502
6.577,2233.0668601071457,1837.2411650972772,2102.7341238451745
6.577,2084.1836036684263,1775.165510926014,2043.639490656703
6.578,2183.986804768239,1692.2607623456056,2033.9888609538218
6.578,1837.9731378449012,1663.9399868282942,2096.5492674621555
6.597,2033.5554041387388,1885.585379288415,2146.6356842904734
6.597,1906.2487789837223,1774.7747496704785,1934.41289814569
6.617,2166.125174446496,1648.5714342024798,2189.1702589461515
6.617,1998.8176221854142,1565.099998640402,2005.5434904875688
6.637,2230.2270409392763,1719.6510136508266,1849.765347518126
6.638,2290.2266482944906,1490.1744947284976,2240.234438032653
6.659,2150.364427699794,1711.0324270091548,1856.472416902181
6.659,2188.2565536701704,1591.9413882375495,2075.61372810373
6.679,2316.928337063899,1670.3769293263276,1851.8971836622475
6.679,2103.6265162468953,1597.9585811754553,1921.192183021904
6.702,2160.0044295380358,1722.2546420404158,1850.6404861202548
6.702,2197.449316578924,1596.095117427422,2169.2848669718633
6.72,2126.4634511226877,1713.0552966038656,2196.6517387396975
6.72,1994.9792526703077,1646.0277175016934,1975.5464443991123
6.741,2205.8539952480296,1586.319384038531,2344.248144958758
6.741,2016.7515454261045,1751.4158387253233,2178.9154109030915
6.741,2178.50316358807,1687.2056133127446,2116.534462404423
6.741,2118.977559976841,1626.1943363309051,2259.3185515481828
6.764,2063.3276013778736,1483.3103672387742,1986.3194391605414
6.764,2120.0906214543315,1702.832363931483,2012.9684194300862
6.782,2235.2195374534235,1869.680289736598,2062.085164548555
6.783,2406.2216800966535,1781.2955564214526,2049.4766002377055
6.804,2125.414068982121,1635.983980619467,2104.467459106559
6.804,2013.6003017497778,1670.23192143303,2082.4132339942585
6.826,2037.2937809348443,1798.8827706022525,2182.8992824571787
6.826,1863.5298442347678,1712.725887195584,2368.1052936044453
6.846,1954.8630754818223,1810.2297078976803,2161.896507365097
6.846,2131.1822691086404,1576.1527680119382,2013.4114417352778
6.866,2144.0185244555714,1745.8973906352282,2203.1015890628832
6.866,2567.782520888412,1640.414918775751,1938.8860483777305
6.887,2171.7381449071327,1698.1368469413258,1919.8417345190087
6.887,2004.1031971382026,1649.8411240481425,2052.1011540049617
6.907,2000.7255371025512,1551.7273817548019,2121.6111452700006
6.907,2220.704589489912,1702.4424168292087,2037.266964751751
6.907,2090.0623846599824,1455.6300955269755,2174.8020180725794
6.908,2030.5322762076723,1478.7952965031902,2076.3806775167623
6.928,1849.0927497016355,1693.7758712609452,1868.2725945125633
6.928,2236.855454177604,1523.367352884269,2168.425706650027
6.948,2063.9791705930747,1785.703442418662,2079.6173698344473
6.948,1966.7906650006253,1703.2668518236826,2119.701177624451
6.968,1953.9506723437837,1756.87579473332,1669.4373263129369
6.968,2242.2328254005347,1612.1754113939824,2146.4236473670476
6.992,2238.8380541748156,1630.4679400320924,2213.555626381525
6.992,2192.502538971847,1666.6023567319603,1849.8296406403201
7.033,2373.685039086254,1833.8217298584873,2055.810021387489
7.033,2106.9591451405445,1534.8300272675144,1864.0811427385147
7.033,2139.573857322363,1639.548837995594,2023.5578974851912
7.033,1977.9647329143636,1690.5281825520537,2046.7184691027032
7.054,2262.8887008001225,1670.8684871951589,2229.978252307064
7.054,2480.87413644582,1841.908118070295,1925.0315984519793
7.077,2417.1057935293766,1818.7892183064039,2243.638145169412
7.077,2178.4345382104657,1856.4829496259986,2310.2300810107063
7.077,2031.1841177164486,1808.2351575697876,1961.5328987447779
7.077,2024.70001271685,1790.9495594487043,1859.8341089782598
7.097,2067.1265144674894,1757.7369081153604,2049.7288914424907
7.097,2117.8093933420305,1982.9616408969,2370.9931442298293
7.117,2073.8160817329845,1778.5940587016335,1776.8838811181952
7.117,2092.606733071677,1779.5544735301278,1958.735174320917
7.137,1947.447156105637,1569.7942979090637,2089.444288829013
7.138,2152.4097695219275,1852.3363232887864,2027.4244131707123
7.159,1908.8329764130071,1656.9173717485844,2104.5640813503023
7.159,2114.80843628421,1625.554273686098,2226.750101229058
7.179,1856.3105155783198,1518.9194332236693,1987.6073998899176
7.179,2221.0599304709294,1623.1053066253362,2155.1720783981473
7.201,1994.6333965328483,1569.025239611694,1978.6728890402844
7.201,1979.6381802535334,1827.1005337318618,1959.2902576573283
7.223,2047.4065649627917,1832.3529495092237,2125.44311242314
7.223,2016.4726690160123,1891.097820604442,2241.411108078372
7.243,1930.591887628492,1591.1567830957545,2075.149441598289
7.243,2277.0951613473544,1731.006812533172,2115.3490175843
7.243,2210.2984401630165,1824.5896636343382,1979.9391864182421
7.243,2286.241525009926,1781.4938896839649,2130.1602452135935
7.264,2417.8528843698277,1908.1956958378096,2056.1683562681455
7.264,1973.9744064262966,1677.9397923427061,2049.4916795250388
7.285,1923.001606491912,1916.5186111975613,2047.0197970918114
7.285,2384.9601153980648,1757.4967675285127,2273.428990727572
7.306,2284.349765705891,1747.727067193749,2116.1910570209157
7.306,2254.230034087381,1526.3836164021386,2242.977295793868
7.322,2145.92823352846,1782.9970127426225,2048.8255244711786
7.323,1939.8160670613468,1790.554179987503,2017.6789061678276
7.344,2083.484272587673,1813.6775949085961,2079.978362227145
7.344,1933.8094986266474,1897.3442336314636,2308.4767401276017
7.364,1973.1492462235285,1997.1431680284431,2178.577448275601
7.364,2038.1217177727585,1842.3161573148295,2445.6312074898124
7.386,2287.75617583591,1987.7470405870877,2086.4206499161246
7.386,2118.4959895311254,1819.6739254294353,2043.0277903473307
7.406,2032.9819178330372,1992.8010444793517,2179.716063720361
7.406,2119.65472078678,1788.24397799357,2004.5631750673397
7.407,2350.4472429624093,1904.9842574904521,2107.1267550040043
7.407,2092.7072645244157,1725.292814214089,2153.163857518998
7.428,2141.3032621873786,2132.45973717762,2096.1249522664125
7.428,1822.3868199235972,1991.0893926732317,2241.134853760888
7.449,1869.6249762481002,1829.2694613451333,2233.3223437758343
7.449,1911.2578262211155,1848.545526357528,2170.8727628096995
7.468,2229.567206358107,2057.0958596305363,2165.1204006092726
7.468,1933.0185708605534,1690.332108723856,2220.029030982973
7.489,2141.6271329601454,1848.898028174954,1833.4168392141064
7.489,2228.2949319067397,1933.0363011511306,1952.1922047988658
7.509,2079.728690833316,1799.916198282074,2191.0829282888385
7.509,1969.5798557738597,1821.1057894435849,2407.6862617955403
7.53,2170.8573208549537,1935.5853376619507,1989.2210095326018
7.53,2063.4257244095966,1783.6232384307964,2232.704605680187
7.552,2053.369864104277,1907.0362130880553,2203.419524869778
7.552,2172.492448897912,1902.3134408230278,2283.3720103887003
7.573,1888.106098120109,2014.1313434425233,2179.997191331121
7.573,2113.806599154997,1938.6573640680024,2179.474651992252
7.573,2200.4702225783476,1725.0206475539576,2113.1336631830623
7.573,2087.81824472876,1778.3374586427315,2115.1832626226533
7.595,2270.5662806893574,1806.1810539508779,2161.8366345720806
7.595,1921.0418305099104,1895.8905432794988,2179.9886035228897
7.615,2259.3700825931005,1981.2875022349178,2261.8385375866296
7.615,2246.4449826063174,1907.0527731852399,2131.413962301276
7.637,2336.307133025138,1924.7096508964214,2262.31880355464
7.637,2058.955898182807,1821.6346381437638,2044.38103046977
7.658,1962.1159148235731,1663.7986483148643,2107.500505729186
7.658,2066.9444122686828,2042.6016491030834,2551.4113058532103
7.678,1952.4153612773234,1754.1785177796694,1966.0525930632323
7.678,1927.9797675550426,1913.4881749775573,2112.864261373526
7.701,2082.8173583024727,1814.4660434117338,2036.0120697159743
7.701,2074.465436216123,2038.7958555312866,2277.366272958492
7.722,2165.471953068363,1986.4939880157228,2036.887981517542
7.722,2010.7140791348713,2047.52521896749,2103.760569431434
7.743,2138.8887582857556,1927.7723194320438,2095.55668025656
7.743,1998.2759056064178,1817.6481129421172,2140.9493143991617
7.762,2039.8318479704026,1989.0419330555235,2230.5569595455727
7.762,2122.9760671946983,1755.8028053171447,2179.318519902132
7.783,2170.6533753268723,1661.9521326840531,2223.455773435798
7.783,2084.349458958822,1886.0208656068064,2185.2970463162583
7.783,2420.555560068854,1979.3487045058873,2174.3854106368312
7.783,2242.3505278679245,1670.1550796225895,2129.238327522315
7.805,2182.5401905330177,1873.6999502949436,2286.417898916965
7.805,2093.9627130559297,2054.389780650697,1907.455791593447
7.824,2205.0842708576574,1901.0972279616428,2330.126639585096
7.824,2072.3424228718636,1851.2756854849001,2178.7171736596033
7.844,2137.551690640177,1926.562728584354,1983.2215263749085
7.844,2266.535508282819,1794.050883742132,2239.2759161043455
7.886,1721.7279213810293,1901.6357054415048,2314.4738662640284
7.886,2404.456540522484,1956.0008596194912,2112.622212434781
7.886,2140.8767106548053,1714.250536740426,1955.3199371361907
7.886,2092.7658916273326,2041.8547671255778,2422.219319575453
7.906,2012.142878731797,1778.416119972403,2146.5782848782596
7.906,2239.341556971441,1826.0669397313088,2004.19627271685
7.906,2186.5217418064867,1886.4290554120603,2202.4273358793866
7.906,2226.121120658733,1712.4453061460144,2288.2710591617024
7.927,2247.250868858248,1775.8650234643544,1988.7565934441727
7.927,2012.366405768241,1968.8421924543982,2336.31720521941
7.948,1952.161384813243,1857.0492944640434,2256.754688090076
7.948,2123.1076133030697,1801.699425287125,2215.476827206605
7.968,2067.3242107531278,2062.2992206455406,2308.259967830553
7.968,2307.6425293720445,1724.3437383609269,2362.1091365820894
7.99,1984.0520112067297,1768.7953150267683,2142.3294573947073
7.99,2140.7476916709447,1628.907787907234,2174.0293617384605
8.011,2189.330475581429,1938.1726251127202,2111.8143001537014
8.012,2416.1279317009094,1882.4362123800045,2015.6639788773296
8.033,1994.573500332729,1793.6059161920793,2043.9912110426262
8.033,2031.2379713384007,2062.9359217250926,2094.41605101341
8.054,2424.5668683285303,1758.736732991783,2082.637883545955
8.054,2131.280293683772,1917.9387798264574,2040.9593119531492
8.075,2344.5675449352652,1625.8329862052612,2117.1507026038007
8.075,2053.8800061805123,1869.101376656236,1962.155087955645
8.075,2007.1381937425997,1871.6728246378357,1939.413773249614
8.076,2002.4610980074408,1924.166522671782,2160.3362938480586
8.096,2035.2700647489587,1781.9400444323253,2399.6010354732603
8.096,2219.1042004339197,2005.9880140476712,2267.915206795027
8.116,2283.9093340936483,1902.0318932374755,2126.5503402890326
8.116,2181.7643170792758,1833.0303135532458,2403.385904568508
8.138,2213.5509360233696,1874.172237774041,2289.7570528233973
8.138,1965.9214080233467,1955.6247101276547,2095.5505201759293
8.179,2082.1758108504537,1855.9915974658165,1870.871604840492
8.179,2148.444207471634,1796.8186208929103,2065.8276514591116
8.179,1967.3471214964595,1679.5484363473984,2177.419074608306
8.179,1903.2969471418398,2021.3863679243523,2314.3622807994616
8.198,2191.4913586582197,1830.9568859067654,1931.3785285259191
8.198,2170.2559455151372,1804.316582466026,2354.367018719784
8.219,2020.6074187053375,1809.0574865518988,2196.195651469202
8.219,1861.3114857858905,1851.8322189447586,1990.1017705404033
8.24,1846.116285948694,2037.4827171983898,2149.7988072927424
8.241,2304.0391063321294,2022.3394903407725,1859.4699518920193
8.241,2318.4531891316815,1676.3665662972978,1985.954331422883
8.241,2326.738986483614,1946.634889864897,2276.9052330087716
8.261,2390.442051514954,1816.5463526178905,2140.854471557839
8.261,2135.0841223631182,1715.784628335912,2070.7971550518705
8.28,1980.007446503067,1828.8521866146789,2024.2609643580884
8.28,2170.5692275424653,1763.7207852521833,2207.7344047428355
8.301,1932.1812688029436,1845.8632012363473,2205.869888485753
8.301,2103.4481148391997,1807.1341787260696,2355.229534667688
8.321,2009.1442568799491,1883.2246938512992,1923.5747886597633
8.321,2264.3035671164826,1786.8750756805905,2092.7597305312725
8.343,2146.196146240706,1850.663569735782,2216.9907740125236
8.344,2239.4060250392367,1997.8475020431742,1947.3896393366413
8.362,1979.6835365093493,1761.7125070117133,2053.6513943388095
8.362,2305.7124317961634,1971.3445116372147,2303.1164081836114
8.382,2045.7400331407691,1900.8576162280058,2050.180830244674
8.382,2050.0900608789566,2068.571185563123,2037.8460471612234
8.405,2335.705113838305,2032.6394138406235,2312.0391315786455
8.405,2238.1185550365594,1887.4446424525327,2367.9942304857295
8.405,2052.487221023241,1857.3253162095434,2174.2929313222867
8.405,2071.343614990653,1877.693606262267,2202.221969247497
8.425,2099.510592950106,1808.5498995618186,2309.454861545814
8.425,2073.261321277659,1879.5699666717924,2301.580968560233
8.446,1920.2572149549248,1780.2512542587376,2002.2942266901473
8.446,2050.3656154553823,1941.3904801487581,2010.5387105300563
8.468,2178.55389819662,1747.947324794301,2082.592553088992
8.468,2309.683902091898,1829.9462324312528,2158.2746897340426
8.489,2085.429695793003,1744.1498131299152,2115.3721035071094
8.49,2069.616080519067,1731.7093696746874,2058.669691382327
8.511,2071.5756370088347,1781.1204249393406,2059.639339195262
8.512,2249.1210393003516,1850.3093182954337,2291.736029697251
8.533,2067.2666189179176,1887.5229898242287,2187.2564862023464
8.533,2243.5523296789725,2076.3365561328314,2427.3436565084517
8.552,2104.947775804795,1714.2454109323119,2248.717139524639
8.552,2029.2665015775392,1675.7066114186325,2208.73434185823
8.573,1961.6444944782227,1732.5771101768128,2106.5651660288436
8.573,2260.386555855145,1769.9710289926238,1990.6224071063689
8.573,2234.4104423801627,1710.8481042329802,2274.2539123568117
8.573,2044.4505942063843,1812.3945398578526,1973.264895141373
8.592,2183.7689704266577,1894.326754618567,2179.2102668322373
8.592,2243.712178785839,1826.2365629502399,2205.810618887054
8.613,2254.385484064861,1821.0756391599145,2215.095865438127
8.613,2120.8031027752104,1886.4411055648734,2127.033020403932
8.637,2225.7095074355334,2046.029742624036,2128.717780454685
8.637,2162.939036438577,1911.9948040407405,2177.8836591944287
8.658,2182.0787671460716,1944.3012482054094,2222.2419373578796
8.658,1960.1681691187473,1849.9885076175196,1983.9583763171418
8.679,2200.5953535434887,1954.178488314624,2268.8882118239894
8.679,2115.759483188522,1693.3676385893482,2118.285351737381
8.701,2423.98362984472,1964.4455260022862,2088.1361465253863
8.701,2014.7932219964014,1986.5773138550549,2271.2226951197185
8.723,2105.0064903266416,1927.1272720078282,2376.8163750923213
8.723,2175.768363175703,1622.06484290436,2167.519868532205
8.743,2051.647420223545,1874.2758217468559,2120.6667971851166
8.743,2092.9780104788783,1706.2706796360765,2033.0625575525155
8.743,2489.7368096212053,1744.9432160236815,2141.161456826139
8.743,2028.2689074229802,1823.836914719237,2067.9099900180686
8.764,2061.751205588272,1745.293424150356,2251.566396231925
8.764,2111.524214279517,1816.0737524185429,2171.370775949435
8.785,1928.5558827185423,1903.9746363229665,1962.0181697959904
8.785,2162.2078570760864,1880.5595553512449,2013.9783094078994
8.806,2187.756140617782,1891.577476810776,2182.398484372263
8.806,1985.1892715891386,2054.378951590138,2220.758397970379
8.826,2130.4547336479654,1898.17909982441,2347.874154074035
8.826,1951.0930454466952,2005.0939852231081,2156.6284822302596
8.847,2029.307013479321,1669.7037761090642,2388.3894882620825
8.847,2277.7190410016988,1685.6478224329944,2040.1906933413945
8.867,2219.2369282873096,1879.1059804487822,2162.139491987872
8.867,2183.823486695572,1784.0228792892665,2303.4869751035467
8.889,2315.512921343759,1917.766026080116,2269.895831226752
8.889,2017.0066476074885,1693.7155178948708,2033.6894434699607
8.908,2075.1226227804536,1917.723824768527,2191.506819993443
8.908,2017.3944692359646,1612.5992930653433,2058.7261077218236
8.928,1862.328621903174,1756.312179902215,2083.2533352658675
8.928,2427.2510429312797,1725.343363311014,2147.685013344667
8.928,1984.3528326464032,1839.8355974421715,2284.8163817437385
8.928,2291.8518243565354,1923.8097138514795,1975.5443774396756
8.95,2123.3697142693663,1680.996642245986,2179.986233294363
8.95,2056.5245365774335,1741.30352197169,2441.1633988561284
8.969,2258.0727694589355,1784.049906868485,2164.271849256327
8.969,1797.1801219773877,1809.4224612167363,1842.2392111670083
8.991,2133.7787096842294,1746.4747378122788,1954.7039065997628
8.991,2004.5708719683128,1853.9377004710411,2072.6875621938516
9.012,1874.7519303500205,1908.0583249759893,1800.6077824663112
9.012,2146.876481648215,1749.2171945911493,2233.726217027923
9.032,2020.8790400992414,1885.1133342201101,1976.7786488116221
9.032,2044.3064462570924,1830.9582777496778,2173.5637541141205
9.053,2131.5918293977593,1946.6085970861893,2066.331702285573
9.053,1947.7973615119727,1955.48348127493,2436.588723284574
9.074,2016.7764004958353,1900.7996320216685,1856.541364723699
9.074,2080.881967232879,1855.4104774417763,2263.358758422302
9.074,2127.2999816174042,1749.3303794159197,2017.189927469474
9.074,2088.731586770412,2030.3385570524858,1906.0157901116565
9.096,2120.7139964632884,1702.9287015390757,2321.7286218406725
9.096,2232.877619293645,1734.7645618112315,2369.273486220573
9.118,2047.770268897463,1835.4740325436157,2046.6747856237564
9.118,2169.0323005978066,1873.9706592070481,2227.655040063932
9.138,2380.160358619365,1802.6372364456975,2160.0509584026518
9.138,1969.12814684441,1898.72480858174,2491.102171098387
9.159,2031.325190559644,1969.8467567424889,2499.6201569450836
9.159,2188.879160938902,1766.2189066934352,2269.5157665577517
9.18,2253.3821001502583,1833.581508899584,1874.4766062619524
9.18,2137.1900616637945,1972.2709256508267,2140.5741383038817
9.201,1996.2054391209008,1618.3148151885146,1825.5938380115986
9.201,2307.801478228831,1649.694473072034,2051.608892210367
9.221,2228.6647153779186,1851.3669165462895,1872.6508889394304
9.221,2123.48922367218,1866.5893398304352,2061.7267981740756
9.245,2088.1390615316564,1924.9455460916445,2099.283428148545
9.245,2148.69262065702,1763.0335897599236,2063.60394197056
9.245,2065.3752951893953,1889.6617048032474,2136.065142893271
9.245,1949.1916600729232,1767.2520951366355,2113.384083689517
9.263,2229.388358016812,1871.216505539338,1881.9120545028993
9.263,2069.058185459266,1719.5942740657438,2313.993914276177
9.285,2297.376458871266,1871.197650761833,2222.873799637592
9.285,2241.4950932117868,1819.36083389657,2197.505383203577
9.305,2400.3015615311224,1786.5788523828307,2367.662078842188
9.305,2193.5629562869685,1866.275920381546,2123.9747935544774
9.325,2001.6143532604513,1963.7497351027016,2184.0990271652904
9.325,1958.9993181548098,1852.250326392711,2064.718395022006
9.346,2123.7398807266463,1976.1798889435688,1902.3471970052835
9.346,2434.128730185591,1909.7617416225344,2099.7497051695254
9.366,2134.6142748268826,1833.1484625939122,2121.6683898214237
9.366,2153.7726284842483,2074.152600415024,2031.9246228546544
9.388,2375.9154511765214,1892.8239816265368,2252.6975626973854
9.388,1831.5187307571878,1726.1662173938498,2391.0493690833073
9.408,2157.746366519699,1743.7968349576122,2083.0642397263864
9.408,1948.9112545193298,1871.182688163302,2138.1935550735225
9.408,1876.4250850086223,1785.578407754384,1776.2972528324403
9.408,2211.645023465291,1962.3477065889867,1946.1243657125158
9.429,2050.305425496265,1795.3982984885072,2202.1477013353838
9.429,2160.2618692408523,1994.4562219613647,2203.883181784885
9.45,2162.502362282913,1906.3514054952461,2149.392773555804
9.45,2057.507167497372,1993.047106532801,1938.38028205978
9.47,1916.3851945782242,1895.0871339382618,2128.5231054477877
9.47,2034.0335724194765,1882.5099874122136,2058.262781948832
9.491,2123.048907164994,1725.3737108146456,2192.0873782761646
9.491,2089.1349814539426,1625.2324029707418,1844.8079132879072
9.512,2144.688367036444,1795.3922122125155,2171.216706350404
9.512,2182.8107270885066,1697.8562833042204,2083.985377709712
9.532,2173.62137401338,2162.39749166626,2350.9170230422574
9.532,2199.591320296254,1648.5935005746153,2108.8773921930997
9.552,2224.3561077087743,1911.0564891675729,2061.587661799504
9.552,1945.3891833450523,1966.0183341458157,2277.9930969562174
9.573,2273.195131053866,1780.4395454073376,2157.167908382232
9.573,2147.914153635887,1906.0820676212584,2140.7421023120564
9.573,2108.6235246466476,1859.8006306192246,2009.8522943776363
9.574,2445.1483279110325,1922.3103970514437,2252.3485035533267
9.593,2205.8229115285744,1929.3195935338733,2306.7440860490174
9.593,2139.2457043349978,1943.7222488696175,2292.7259780522036
9.616,1999.7472245013848,1953.759066298971,2107.269407969614
9.616,2364.829895103089,1824.7963700259452,2235.167646893071
9.635,2301.0114431076527,1952.240033318704,2152.4145207910906
9.635,2152.948927731208,2016.4526385950717,2067.5781834141208
9.656,1967.5561165472354,1547.385673247415,2140.561994376124
9.656,2335.4134760484367,1772.177716616405,1981.353962505853
9.677,1836.0362764400456,1836.0446188579444,2165.5289347676603
9.678,2289.3969363235715,1961.69845859961,2158.2616388172737
9.697,2214.3824969513626,1800.9555611984188,2098.8308862401364
9.697,2211.8864262437455,1809.748957977693,2030.7546476959617
9.719,2027.5942455535674,1915.0053222367253,2067.364207816479
9.719,2256.7788795900105,1918.5315584152943,2091.159303708818
9.74,2172.343372413881,1742.3499192824254,2319.3271673005165
9.74,2180.1750170498312,1673.9410580487988,1934.3393622686904
9.74,1998.939620337077,1721.3019164294278,1974.0785301160122
9.74,2319.6094741672036,1855.7381250499973,2015.8363371061707
9.781,1908.068506175179,1650.6354648203344,1865.0905437551096
9.781,2070.888228182062,1753.9982118045111,1963.1730717959772
9.781,2012.4131627325028,1868.0084875738091,2141.1903683597357
9.781,2349.977190181765,1830.2925042465329,2077.1154910024716
9.801,2161.1821105728045,1822.9214321288887,1990.239224285867
9.801,1796.2195718029234,2060.08291959522,2141.170565401777
9.822,1935.011674977113,1838.9533301807544,2054.79080362634
9.822,2196.200232728685,1873.3748726405438,2388.5216796208088
9.843,2250.4029277082936,1866.9719239427998,2156.2097994211053
9.843,2163.7520034985264,1674.143466215547,2208.517718033901
9.865,2220.4292437704025,1853.551910380687,2183.110608926823
9.865,2316.6005326899212,1709.9115342407363,2223.781975512493
9.885,2078.9734690543505,1829.3821160793887,2224.291013673651
9.885,2027.2575932065897,1792.4958310824288,1978.5198752121
9.907,2097.0055550465504,1777.9219053084066,2055.3858419162298
9.908,1929.6408050291222,1812.4351148880753,2402.401779364167
9.908,2277.168365175787,1835.642374399587,2035.2004294361195
9.908,2251.0580531278088,1713.7641434861848,2418.6442018763364
9.926,2213.533534156491,2045.1773327608832,2103.872813784297
9.926,2092.0520386269336,1935.1091611214536,2088.243030686554
9.949,1983.2325949354713,1822.5314747195646,2153.4077422139558
9.949,1957.3968835899268,2066.2248861122457,2288.310481992721
9.972,2222.5924614614773,1885.9047473088428,2175.290200202954
9.972,2039.7930654578774,1985.2454510666873,2100.1837802169903
9.991,2134.0130165777205,1792.3531664792874,1965.9675357338156
9.991,1942.776283778055,1762.9885275672414,2271.9978038640047
10.012,2080.1061711245875,1861.01975574664,2281.9036844262887
10.012,2145.8105262609242,1816.4611568180617,2133.67171111195
10.034,2360.387713584832,1908.5278699524006,1851.6500510789817
10.034,2187.184012352393,1858.6888250928291,2177.748919920057
10.056,2196.3197566010786,1865.331484939368,2177.65085731503
10.056,1918.9127914330566,1594.5500634706752,2097.6144443397557
10.077,2169.9887418175085,1848.2285642838942,2204.550073048074
10.077,1822.231063432163,1866.4918197804625,2242.4231202747615
10.097,2065.990585240105,1893.272134871576,2268.2790058675155
10.097,2252.209786644653,1657.6770963365925,2237.4974722238344
10.099,1884.2365604983056,1853.376227815354,2156.8003477257917
10.099,1972.488136525074,2023.1105437817246,2202.936097625811
10.118,1974.3037093385767,1758.9838533167385,2110.6054951454457
10.118,2090.837077108722,1722.1553041972793,1999.0090706837925
10.139,1965.0390537951916,1827.267122222124,2070.755978130894
10.139,2153.8993524838124,1784.8407377288488,2127.457179108585
10.16,2031.3969353846333,1789.574022745353,2389.2873670727804
10.16,2153.474467120049,1812.925330478618,1975.505539050272
10.18,2257.717976569426,2024.160221969029,2018.2783330995767
10.18,1921.275348518625,1930.935901267689,2137.172125147279
10.201,2137.604847158053,1753.9440679055904,2150.7151409679786
10.201,2280.817684048844,1749.263895666616,2330.3199194614263
10.222,2068.2508699402892,1809.9769999259845,2224.062723154139
10.223,2338.805015059445,1770.502535290593,2016.4655270184048
10.243,2002.1155279386476,1758.486135298514,2181.8623581780353
10.243,2079.0956226479725,1857.6243246019076,2053.227718234368
10.243,1816.734065416783,1905.3693226211717,2379.08325441904
10.244,1853.9963832566646,1804.225321819955,2058.2818308017613
10.263,1840.73829741098,1861.5724598106517,2285.314625502183
10.263,2118.503783813859,1817.6212546711436,2073.5839161005315
10.288,2262.1685415091224,1835.2340519903273,2014.3560159344304
10.288,2145.911433010858,1783.3667936231961,2139.894538494955
10.307,2205.891566308624,1877.8080597236885,2016.226120959328
10.307,2177.491278484303,1606.0342848723756,2074.063881001173
10.328,2176.4150788672882,1810.9785959957626,1985.108166059758
10.328,2176.7167785742736,1869.804003283236,1977.285929689375
10.349,2038.7514818788375,1998.0978642252999,2223.395751306197
10.35,2183.0132758886657,2018.0354037216011,2090.0578865951484
10.37,2006.7023651228972,1807.6574523182596,2176.047928318726
10.37,2278.369212427654,1933.5240164616794,2054.1981697542765
10.391,1975.2236747114503,1641.9227179511038,1929.6945068183015
10.391,2037.2160695376651,1572.651784249116,2334.2218796471207
10.414,1920.3816651408677,1997.662394249324,2386.500417681819
10.414,2086.985216387951,2070.197003196136,1961.822163075171
10.415,2114.8804285012784,1976.2053433665085,2058.753819767399
10.415,2000.3492128609255,1962.033626993307,2108.791449286838
10.434,2329.510526776234,1751.6390658998534,2239.7924040120965
10.434,1929.78975384821,1932.0286186830044,1912.6767775504386
10.454,2127.137643196785,1897.9093546607126,1945.9837988700856
10.454,2092.6123675225476,1683.2457932870948,1989.4833658714515
10.475,2025.7626624250524,1670.628936428932,2329.056558208453
10.475,2256.4695398413573,1935.7553395860336,2196.8046068236413
10.496,2183.9401612725896,1777.77165512457,2305.7357367421155
10.496,2085.743357578799,1734.39535503838,2200.3370845724544
10.516,2036.3196791576186,1869.282009280322,2098.5849037395374
10.516,2128.4949059787455,1888.9199745469705,2141.7931609667826
10.537,2386.8642060417205,1987.7001954668767,2168.673224056679
10.537,2388.267919448058,1726.6202237176528,2098.501155134326
10.56,2079.23587568057,1672.3747087814809,2180.01172465855
10.56,2315.3860681005535,1759.4900079352162,2308.9752850112995
10.58,2169.9872843111557,1717.868139248667,2088.3016579899904
10.58,1940.270774868762,1967.350250227115,2117.949440557155
10.58,1896.425947889688,2079.280298273476,2187.0789887966284
10.581,2382.794049030669,1769.8867258768873,2296.4639337651424
10.601,2278.888741506383,1785.7314703451377,1966.3350809827582
10.601,1944.8707021335663,1864.9273234778775,1963.7856948320214
10.621,2152.100059133442,1731.7497034935213,2397.1990362813867
10.621,2131.0478357103084,1721.7987869711706,2074.6728040175904
10.643,2329.844132407523,1861.980112736295,2331.579732015631
10.643,2166.269515133649,2037.536835208566,2049.718302331425
10.663,2203.8270061353755,1778.827322705811,2142.370482308976
10.663,2152.5885579625137,1843.768028967627,2226.055357245352
10.683,2162.5241776101057,1836.957058137848,2104.7220811785683
10.683,2035.655611295423,1827.634421187139,2036.2018264165515
10.706,1768.0360580702663,1885.778757492384,2084.9834960632443
10.706,2227.641913848512,1645.550833023983,2273.781250558983
10.726,2033.3264885478045,1900.0974122290365,2057.6269553135976
10.726,2034.1722298950178,1929.782432627544,1893.1080066892646
10.747,2238.575677076696,2066.6002936941863,2106.2909326659037
10.747,2245.8381781625267,1738.7490665188445,2200.8844238555293
10.748,1997.9784504442744,1687.8442257066229,2219.54424022234
10.748,2145.7204850199414,1786.1567190795488,2143.500275401162
10.769,2155.8121937810215,1993.802743006902,2010.7076809478176
10.769,2003.5122799465623,1745.9584759171305,2221.1847059797014
10.789,2109.325718022653,1786.2187466634425,2237.7445850420154
10.789,2210.2517535595216,1882.9544015600252,2288.17118839425
10.81,2115.166615672489,1803.1259398212103,1968.8420267074296
10.81,2090.4885977384033,1918.5029124754788,2283.8741684027095
10.831,2049.854261249268,1637.0781977234967,2074.0901540028367
10.832,1975.3685048344273,1780.259912936365,2020.9245974699609
10.853,2139.4598665266967,1849.7191107974063,2025.0879183501697
10.853,2081.9942337234793,1903.2412955656223,2323.147581759376
10.875,2347.5392967627727,1807.3164938827385,2075.6079462138377
10.875,2328.4933668983167,1856.2177602887475,2072.6572990574173
10.895,1932.2762831794846,1987.46446200927,2087.9795318930023
10.895,2197.4351977267197,1839.6689473289932,2114.9039146307778
10.915,2132.4005214144995,1800.1176305347392,2243.83334868794
10.915,2145.7672820617695,1701.4813707234491,2105.008073448509
10.915,1897.11036169252,1865.1203729257115,2154.5430938089635
10.916,2129.9431331981864,1989.160284685196,2057.484131672245
10.936,2231.8163430162945,1724.6065058776198,2179.2845904289
10.936,2233.045604514482,1780.479711344711,2131.0092191884432
10.956,2035.484555094588,1772.0676727065256,2014.7447118519135
10.956,2380.319273327447,1863.1157782230578,2313.6591734358753
10.977,1778.5844979229898,1893.8002284167376,1822.088492367963
10.977,2421.506727486153,1841.1986126197949,2359.8994271596293
10.998,2063.684504421562,1774.0793885859573,1990.0253286391908
10.999,2232.670428571687,1857.1988282486407,2160.3115202055865
11.018,2244.010042507012,1832.4425834467613,2181.282918623373
11.018,1957.4288786377113,1776.224001326319,2184.047066713265
11.04,1937.810733539834,1816.736213876287,2300.3231474434656
11.04,2230.775229774769,1976.280612437265,2182.623963771048
11.06,1981.4735637964775,1961.4080394067812,2148.727281995787
11.06,2311.3819782650426,1971.4568486085316,2118.9064446052275
11.082,2283.2948681371377,1642.331432397041,2296.7733470701914
11.082,2241.081788312016,1829.7376274413155,2073.0839025249948
11.082,2326.6352405893426,1927.6626274823589,2326.5042509557434
11.082,2212.428930425347,1772.5916384192374,2134.4678140130895
11.103,2228.7458228242913,1841.4326331036511,1979.562824966011
11.103,2062.8231947133745,1742.8636538370686,2139.2893760200727
11.123,2061.6119523763423,1939.1331741091608,2337.154696304128
11.124,2117.893089542497,1884.9198468878917,2134.735294081406
11.146,2105.868988029808,1832.5370555996792,2127.561079701405
11.146,2053.041868030844,1908.9680378347593,2326.116029048651
11.167,2083.749465586803,1644.4398680596153,2136.635540030449
11.167,2197.198576021688,2083.9809743394,2346.6422457251315
11.188,2166.177248895723,1796.2811037612958,2336.5034742963385
11.188,2296.3614675381905,1856.1513596493212,2167.740117263574
11.21,2005.474659740276,1833.7157457433925,2165.2393993838728
11.21,2248.2189115507304,1802.645605875517,2128.148708675993
11.233,2310.241439278671,1902.433674311292,2326.67268657823
11.233,1738.2483109113814,1808.6497532021895,2221.638999368584
11.253,2011.1664276755348,2015.049920233529,2261.271600215891
11.253,2227.153675744367,1735.9014700762111,1908.9901880177813
11.254,2079.168797784194,1734.9933777390202,2062.244130076538
11.254,2014.8522780897074,1759.1545616477786,2338.733350695484
11.275,1917.0174663561224,1698.7311481007337,2209.9535707250943
11.275,1879.0454621628658,1753.2993056929618,1980.9886609798646
11.296,2362.4171508056133,2077.924391328278,2071.153213476826
11.296,2286.6858957183554,1709.0468328407865,2326.66743878764
11.318,2215.1224373017953,1815.3785675180272,2277.552718678921
11.318,1749.354414773842,1809.0515373171424,2091.7536690894476
11.338,2271.6214302881503,1740.544018101904,2116.4514717702277
11.338,2406.479734662823,1764.9131320377187,2074.5304762252977
11.36,2333.304041412313,1685.9469036041198,2081.369556107658
11.36,2048.1410632647303,1590.375524341751,1811.914427929733
11.382,2028.7813018556378,1714.729060227912,2204.744631668256
11.382,2042.3254201493196,1905.1324326180475,2211.2119250825135
11.401,1958.1790517522734,1682.3872176320756,2287.889049754753
11.401,2303.6341823577177,1884.1621255236919,2072.2647695830437
11.422,2330.0691790902124,1719.736077608911,2377.231492978887
11.422,2139.483603753895,1906.6940754578366,1984.4092771251007
11.422,1909.3722720108879,1985.3804646989067,2104.9090557890763
11.422,2119.3929091456926,1892.4928978405135,1918.1438544342586
11.443,2174.8733420188655,1655.5909795162274,2154.9507025143953
11.443,2049.017645917049,2029.9265916007782,2075.671531006408
11.463,1883.2029391842502,1782.475515698388,2117.917431068951
11.463,2333.0655616832637,1706.7072305888282,2289.8643608538946
11.484,2139.7216348588527,1900.5672483733165,1872.5973509963885
11.484,2151.5119954138045,1805.530372171212,2267.8666596212015
11.504,2274.7106857237154,1766.0683980462793,2268.373424578918
11.504,2162.4183100349283,1824.8003111546705,2259.8845016814957
11.524,2109.01541557476,1849.7166614808546,2008.8268617197175
11.524,2133.2230083592995,1982.879415016778,2037.5374086534955
11.547,2184.9858321745373,1916.6632889321015,1999.2291759903148
11.547,1962.4427651777578,1926.8279562992755,2243.8100180177607
11.568,1989.738967779113,1904.4505242856264,2096.1871332515007
11.568,2051.0925404434965,1944.7765987922126,2193.85654821903
11.588,2090.391765380474,1740.5852016675994,1858.1771350572978
11.588,2107.8684548171295,1864.2956418118488,1958.8657301833216
11.589,2158.516928450769,1810.5390572676586,2121.1672891025796
11.589,2037.0293257491483,1785.6872133293095,2114.96194562299
11.61,2108.1155071520175,1842.7818146068334,1962.704063146583
11.61,1984.2829739913213,1862.4942162399384,2113.227515617503
11.63,2282.643628942591,1715.8271855179682,2057.22312606229
11.631,2020.1865790383306,2077.509328007048,2250.7493418272675
11.651,2164.56998934126,2034.048086610212,2093.5591264958107
11.652,2152.3736134802034,1887.2206604285066,2248.3521931166583
11.693,1987.4936122987244,1897.2826360723932,2332.5746608738255
11.693,2087.0508528151213,1697.1869713117858,1794.445032012303
11.693,2292.229838064591,2028.5277123341682,2102.473517516083
11.693,1887.7050235769498,1794.004118368517,2260.114300142638
11.715,2249.5539433175954,1900.8515869364414,1976.168438237096
11.715,2042.901826669258,2030.0189303315901,1926.4659293226255
11.734,2260.867246278044,1832.6566794601006,2363.622245697369
11.734,2028.4622742274596,1813.365958715802,2142.3200347063143
11.754,2173.9304827177216,1833.003908924707,2195.449851284292
11.754,1973.8490074168676,1881.1122362768626,2079.040396937755
11.754,2088.9308988190264,1616.383431594225,1998.063352164965
11.754,2101.740865086251,1894.131371877333,2303.6524484389784
11.775,2357.2920269620954,1920.7332167610414,2319.9161399368168
11.775,1959.9810902459917,1662.2719802460676,1991.5575697340869
11.796,1999.1789356046615,1675.723655480117,2097.1315305901535
11.796,2116.674610637331,2107.1571954139954,2098.897846668563
11.817,2400.2581370110533,1829.5785153491006,2011.419109735462
11.818,2022.3840846396351,1860.378513667204,2157.517525131125
11.84,1746.164177566217,1777.7788900126252,2057.4817539406777
11.84,2045.6544151495502,1987.8980897224956,2039.4266669972253
11.86,2327.545290190847,1614.6577087345677,1933.6070780132677
11.86,2064.4859648653633,1873.333913941746,2157.6634404099295
11.882,2245.0366612496155,1782.591761170732,2300.0071537265726
11.882,2143.2056475149748,1773.8589709164007,2489.690968911036
11.903,2157.3702968444986,1858.5048871646595,2115.349642333424
11.903,2234.390270967568,1902.3623381121638,2281.297799741986
11.922,2074.964864339701,1837.640495379069,2208.3946716782953
11.922,2153.4581615559077,2015.118722735266,1956.0475313637385
11.922,2073.6225932413877,1657.6746723945375,2234.78123286951
11.923,2105.8700874961223,1882.0390250527676,2182.311680438211
11.942,1993.0315365686206,1769.9875691799264,2051.434518740526
11.943,2426.8322850945437,1907.2980207531916,2202.9791760843937
11.963,2156.6142215940963,1977.9916041473448,2301.1754220872804
11.963,2046.0947885103055,1811.5804011210134,2025.6018284806098
11.975,2134.193634395099,1908.0970060142956,2080.5220401270835
11.975,1862.7255867327913,2050.8207756869747,2409.240984783123
11.997,2063.6807475391697,1835.2366601551587,1878.708012835385
11.997,2419.250281912326,1846.4633726330228,2262.554803685167
12.016,2186.109508703295,1799.3080351849267,1974.4727507326852
12.016,2031.96678712182,1370.9157647504076,1982.1832255505485
12.036,2181.5561100751856,1941.478858769854,2065.130052511389
12.036,2075.8661564124977,1732.2812367572717,1975.9408162138443
12.057,2541.9258930878677,1662.6265346113992,2082.717462438701
12.057,2252.597479148643,1709.4968241183508,2070.059788820737
12.077,1716.3218211515161,1682.7852937575153,2156.9856671293314
12.077,1909.920114334596,1887.7499510369876,1827.7129456242756
12.078,2172.96627816718,1616.2443195266626,2297.453290414956
12.078,2181.1360423422184,1818.110496319805,2253.2906982485138
12.1,2085.3924547464035,1729.8773202668444,2029.625338268338
12.1,1776.8457948771502,1717.568690697786,2012.540321801746
12.118,2116.7128884288545,1521.018435252608,2140.706497232807
12.118,2063.8746131884172,1774.2455910423614,2002.8795959720637
12.139,2193.5065758916103,1772.8155688048441,1993.8571483096216
12.139,1839.833113069612,1900.9770009206843,2179.762288688294
12.159,2057.6120136524146,1792.6426942297792,2059.10833969184
12.159,2263.101303330802,1811.160568772819,2037.5842106839325
12.18,2074.8235752320547,1547.8044486543135,2227.053539024079
12.18,1942.8740924031183,1824.9264814189369,2098.159028303225
12.202,2317.98795752208,1929.6678102934088,2133.140673587808
12.202,2100.913889790918,1863.3176600046509,2197.043758384247
12.223,1970.8431616822074,1732.47434787193,2012.5826346954118
12.223,1921.2193894551156,1653.534652789751,2030.7681428586825
12.243,2079.387895585589,1907.3298695908534,1961.7037746182507
12.243,2311.081871276135,1803.5591153091202,2158.3671821045123
12.244,1972.2272124002536,1677.7405453768124,2156.792709676906
12.244,2407.857738444289,1832.223027141646,2101.6146509174323
12.265,2180.754764405969,1591.1681820360257,2106.720139294722
12.265,1870.6404215424673,1670.1270542050895,2116.2470217495393
12.284,2025.2036847068455,1790.2984265294044,2012.7316920027179
12.285,1958.0400792056778,1611.4490409692346,2205.0071660605686
12.305,2032.7310956327988,1799.8699493809152,2072.312062806903
12.305,2006.2556995348893,1813.8764041127488,1819.2619430936072
12.325,2360.1076430013813,1779.955199541984,2058.8653185007033
12.325,2191.7575341917086,2000.8404127845993,1659.3285203594087
12.346,2101.6198012948526,2007.3728641539249,2122.61653594681
12.346,1935.2545965020488,1705.6547024066185,2112.7218879551156
12.368,2093.726847283197,1587.8932253491782,2138.98235119415
12.368,2224.4346612886316,1862.020771858608,2233.291190180973
12.389,2103.879114882716,1622.7253804747224,2096.3596326699676
12.389,2040.0544720562693,1660.9404957779614,2108.4231459291123
12.41,1949.2442876918426,1595.0042463863529,2014.9871882143386
12.411,1849.564740327709,1571.050315098407,1984.4374580986973
12.411,2154.770189770093,1939.5769277024328,2174.196320419408
12.411,1982.3099025329454,1777.7781388829947,1902.1179204744653
12.433,1954.280888481118,1704.8759661320275,1986.9776810495819
12.433,2086.7183867827985,1873.3590837879262,2113.840749644231
12.454,1976.354183222194,1698.826512236575,2320.560683442802
12.454,2085.325383256196,1658.8816782773076,2309.1042741062447
12.476,2253.137046329238,1620.1402343882642,1981.842533160722
12.476,1925.2319935104538,1798.8963350750162,2244.733160737765
12.495,1956.8873844000914,1657.3176597219026,1988.7226130865533
12.495,2020.3665838574902,1797.7333676442597,2098.976863139951
12.537,2311.94287519746,1721.4207421044905,1885.5318663549963
12.537,2098.9622118659245,1780.1388241621694,2209.5965376047293
12.537,2129.455149620051,1554.724756673552,2355.433611572742
12.537,2033.5877049589442,1954.2752761357035,2074.6484606805575
12.558,2233.370615549347,1761.6714116236847,2215.66819721355
12.558,2073.3262057965767,1645.8240752392105,2094.4016406907836
12.578,2097.6492747354773,1732.6253053035482,2276.3176741207903
12.578,2096.581864697733,1882.3291685993552,2107.81037921018
12.578,1843.0807272786906,1647.828756854149,2106.7939126050082
12.578,2198.011259578364,1762.3660351796836,2199.988409824221
12.601,1964.1740812470093,1796.9447134424697,1970.734303890802
12.601,2232.212916845832,1628.1417288629534,1920.574326210897
12.622,2396.1906589866135,1663.5762026816433,2497.499789996324
12.622,2075.9337937761848,1579.0872421711529,2205.883978407927
12.644,2202.5427769092794,1783.8887014035465,2271.0084474368236
12.644,2014.7919015667326,1720.0219171955698,2104.624425495657
12.664,2227.611780216502,1623.7797892909327,2006.4619818908134
12.664,2420.0295708671124,1658.378328196663,2146.1384804127656
12.684,2125.1140436402598,1760.6877124388236,2097.215160351142
12.684,2343.557343221669,1758.948215183778,2019.6297641841556
12.706,2191.9360267939664,1743.622663405363,2164.3957561405714
12.706,2119.719925553874,1963.3926025456935,2223.5371374105553
12.727,2006.3313883881858,1593.6438894498185,1981.729369234253
12.727,2041.4126489706541,1509.9915066171227,2149.391922280129
12.747,2215.622877414004,1835.829398776835,2090.71876228478
12.747,1914.832708042752,1511.4656293206526,2296.873510747582
12.747,2018.067283693843,1502.799479898199,2182.2084911766506
12.747,2189.5894159363825,1683.971772034152,2126.1437390046963
12.768,2371.7718100720285,1676.5304154529988,2174.519064193616
12.768,2134.247733404465,1804.3027263151557,2094.8316442845794
12.788,2066.6142690937945,1909.7512796726523,2251.4341211271008
12.788,2067.927931543503,1666.000105669023,2122.8427799429483
12.81,2045.3481182169112,1713.1488386199158,2137.6116364296004
12.81,2030.6878841450095,1794.491460723633,2097.6645322632985
12.829,2288.008732928031,1786.666716750169,1951.0993489742586
12.829,2007.8612965601144,1755.5173907965857,2061.916489418813
12.852,2113.841399488121,1596.4835519878193,1842.3845805875922
12.852,2136.7738236933105,1721.8257827720458,2369.504620324029
12.871,2184.1361596870183,1752.5070236568965,2052.114732676341
12.871,2381.4196661259957,1780.6275293842061,2310.9528674687704
12.892,2105.3467947119557,1867.6586063920768,2051.589791470762
12.892,1987.2964693036242,1626.9402266973968,1842.1426740877541
12.913,2092.3516615759672,1691.6526990412076,2199.1321748399546
12.913,2269.246827113245,1697.3798965612195,1821.1023453381522
12.913,2038.1511376546432,1909.8712748675423,2049.2783031995914
12.913,2315.640268791371,1756.490209711212,2110.513619123958
12.934,1871.9737998102976,1626.1709701387852,2054.45902051399
12.934,2150.4996055552647,1731.2831916552234,2219.2414030564623
12.955,2053.124729869835,1802.855931238416,2315.6755349286623
12.955,2138.2708000727384,1613.698658978396,2102.996516661976
12.977,1966.0609145334884,1586.5003596229863,2253.735392380981
12.977,2299.356631035043,1761.1984455825784,2098.2573618989386
13.021,2045.00978418237,1771.5109855521932,2060.1607724831297
13.021,2025.9144952961735,1792.3155738654223,2019.0489859337845
13.021,2034.7087057055458,1876.271113853207,2111.6223030439874
13.021,2022.3601940933138,1787.884771706142,1951.246318078859
13.041,2052.95747581968,1427.7535207746016,2009.5889300611254
13.041,2125.5799978811433,1847.6573092309504,2160.821052737928
13.064,2016.4212104588437,1630.250099664214,2309.866597726773
13.064,1946.2611652967207,1941.769893555281,2208.475767189444
13.084,1965.3530623290303,1684.5060571039803,2058.04666937809
13.084,2187.597666318376,1743.8636007399648,2155.7552392331872
13.085,2201.0645012418863,1763.5198461517066,2005.1324927426635
13.085,1696.893365105656,1995.2527970904562,2196.058614258999
13.106,2122.415679016513,1895.81802630062,2217.447313120224
13.106,2071.5279379891003,1909.5303324391675,2275.26998758825
13.126,2024.408447644201,1765.2997191331854,2174.458262032622
13.126,2095.739049843987,1892.051580784972,2191.7935767841755
13.147,2078.536854749212,1677.6690441882286,2173.6446762931523
13.147,1969.6812250628439,1803.0786065331524,1882.5293985707945
13.168,2115.739651886889,1626.04692300701,2233.724105793207
13.168,2208.8197351745403,1822.5080890610732,2176.927798327893
13.189,2141.176832723159,1619.3460319142607,2232.5043404855546
13.19,2274.6701709365366,1683.9855204152243,2102.722782067973
13.208,1825.3020076761736,1606.251158121216,1888.5883133590514
13.208,2490.420394087417,1654.457764965214,2122.43320714393
13.23,2165.3636226834847,1801.8643915738262,2204.0678694501785
13.23,2132.8076469838948,1740.6982259663207,2211.3571205344156
13.251,2204.970987983603,1714.2541596514445,1906.9078169540433
13.251,2033.771726294684,1686.5092893320575,2040.910603462369
13.252,2159.991715013647,1691.7527578633626,2140.8655380102805
13.252,2173.8670826115113,1843.0283392101771,2192.5059653477847
13.273,2148.072811749784,1729.8425371404596,2144.7803103584843
13.273,2171.8640729362664,1705.6798384501262,1859.2451531544239
13.294,2401.4895410140302,1745.7697302176985,2066.4990729470514
13.294,1964.7728707577378,1673.470340385685,2374.5072712825577
13.316,2273.73461749803,1789.2610287739524,2047.5120760476589
13.316,2155.6065696256196,1629.7704796160667,2307.427698406215
13.337,2026.302721524372,1592.0926743657542,1912.0710642489887
13.337,2086.2444790291124,1607.1821193175906,2168.467086247775
13.357,2161.8989054448034,1523.6551292477839,2176.7530894415713
13.357,2045.4150035520672,1637.2561177605799,1943.5794460550242
13.377,2014.123857476509,1723.0823495765922,1967.4673698400666
13.377,2244.880571384248,1747.5051873515856,2315.5516445053527
13.399,2058.890867246187,1740.050181323987,2107.954195709673
13.4,2137.6635473865044,1673.3696576196808,1679.370255486487
13.418,1915.0264028093022,1580.0876671429598,1860.4355061304327
13.418,1898.0810562908491,1575.7119867493896,1909.6239071224277
13.419,2308.1036498696512,1869.7240668623576,2028.2771259375907
13.419,1976.8480551688194,1655.036783174822,2188.078303751355
13.439,2214.3330274169048,1988.7478690901235,2137.2775928570977
13.439,2054.446102907218,1783.0527899308393,2097.597727446564
13.461,2077.280338172921,1521.290362701692,1877.4054051373482
13.461,2029.3451214570862,1634.6494028363968,1673.7469609266375
13.481,2115.5470426301217,1707.678857504465,2212.2341246847673
13.481,1963.641912741672,1689.793128690959,2171.8774969260494
13.5,2305.1355660478857,1597.6850583564196,1978.494771215786
13.5,2363.950268341567,1772.6632084038567,1929.8702528383646
13.522,2056.4391284397907,1720.4081888894568,1951.552390907542
13.523,2443.19784788575,1836.8007806254832,1983.3267940915614
13.542,2065.031071737501,1862.367191857353,2058.4400058369743
13.542,2003.480290289892,1711.3384621446385,1844.1811025635184
13.562,2047.4112080900602,1532.0305907448974,2139.323037564235
13.562,2270.391089415289,1588.5935441786653,2273.0279776071334
13.585,1948.5428229111294,1695.1526449814635,2208.1385905539278
13.585,1941.329313456615,1676.0550910761608,2095.8581398261827
13.585,1978.91947747058,1745.2968982608743,2248.483624235523
13.585,2004.1122775273352,1750.6595931010372,2195.843897958007
13.603,2076.3711212528433,1933.5446920291554,1920.8909962865273
13.603,1927.6086885196273,1769.0716578953632,2102.4970913006
13.624,2254.8037813050746,1794.6409290275499,1996.5832066154323
13.624,2016.6694084435915,1618.4751451697966,2059.5045533711545
13.644,2261.2930464507317,1776.5908607168528,1968.581429408803
13.644,1954.9184594361582,1565.9751944521622,1943.8124534845358
13.664,1887.0904569510842,1653.9403362072305,2253.972773159904
13.664,2071.481886227609,1758.1802766969784,2100.6212241365056
13.685,2143.1600750587772,1713.8624122293159,2065.493253099555
13.686,2151.488315547391,1598.8145873539404,2064.0618201066245
13.706,2085.4299834861804,1524.72839884864,2075.7615165794214
13.706,2223.99033938858,1932.8022380044456,2137.5565323000847
13.726,2147.932020953907,1624.9556616600717,2235.8505659382517
13.726,2177.2749632875607,1597.8480434514643,2122.854020969558
13.749,1920.7485586191997,1908.7348363161066,2136.5512585861707
13.749,2144.991834816546,1731.7840168043385,2396.036299493567
13.749,2449.5985229877188,1826.9439416354458,1996.136215416965
13.749,2174.47270897435,1686.1774424171113,2162.161119392068
13.768,2144.2781730003535,1873.45514476515,2250.609949254838
13.768,1868.2889399765681,1888.8411043458339,1988.85637681295
13.789,2160.754239515967,1870.3560671902349,2369.412218408403
13.789,2268.800000498277,1740.7910993908831,2052.5776941200593
13.809,2043.6576630737623,1864.5275204898262,1959.3487912660291
13.809,2289.668026740902,1719.2394025044334,2108.957257597453
13.83,2064.726453242887,1780.674360019866,2182.9261862518124
13.83,1994.3601662284943,1627.8987056034834,1870.556100364998
13.851,2343.2005986872264,1839.825775827804,2176.095190171405
13.851,1977.4755293461503,1689.9071709793777,2145.654663153306
13.871,1988.7397369886019,1542.7388656500698,1843.4348101260625
13.871,2278.938369914474,1744.0831856339682,2088.8923212805
13.892,2035.5144012474038,1922.6153613220947,2000.1243154382967
13.892,1991.9370158458169,1765.7384646805217,2111.1532097942545
13.914,2062.121141157203,1752.040863436784,1862.0891509754133
13.914,2379.173607591465,1598.0212638177006,1956.100671749603
13.914,2002.999933211228,1659.2388300947312,2088.5732646179854
13.914,1952.2506089579933,1889.7163152346395,2008.7972072878908
13.935,2005.717287306832,1885.7469981107777,1918.4785759414815
13.935,2258.083256720103,1724.3820852500046,2050.6477035811677
13.955,2241.787559860563,1723.9435649726424,1965.2931048276912
13.955,1933.5680945592449,1781.014642424836,2047.4027311227105
13.977,2336.6035675637218,1613.2331668801955,2014.3501748062065
13.977,1950.1860253259347,1741.2191544463626,2029.7273214682925
13.998,2122.0538846995764,1506.071400687319,2088.0132396610334
13.998,2058.1986676494175,1845.6119649765474,1941.1258101682988
14.018,1845.7527630579757,1491.3951511876783,1864.2862089932094
14.018,2268.7142463995447,1664.2289432716052,2066.3863825161075
14.04,2015.191238444526,1500.0929017950934,2347.953948302863
14.04,2238.7262772134663,1711.764245630481,2187.8147825512297
14.06,1975.4483259209064,1409.0659128715126,1930.3039488927702
14.06,2153.6706944305292,1596.5340838504421,2079.4656456918638
14.081,2051.9824068672865,1905.064652062773,2127.8380620636794
14.081,2521.1362735577677,1809.620185381385,2265.503491497519
14.082,2221.0808283509778,1918.7498994099703,2282.9315410534646
14.082,1974.1685260148336,1727.3165495970786,2035.357090159787
14.103,2078.4289858959623,1571.9560207907516,2020.855902762316
14.103,1996.1015267976875,1807.5385813415025,2268.2271152104595
14.124,2370.7799541768577,1787.6515899131387,1875.0011683796693
14.124,2259.584182511068,1620.0198484184184,2092.781295772629
14.144,2073.2496776666226,1613.8958893070646,1998.328071208595
14.144,2074.6047356983568,1612.14235870588,1994.7582178190319
14.164,2016.2527158883834,1715.287566862716,2111.031536624648
14.164,2153.1689360824407,1615.4306460032487,1949.731594896433
14.184,2058.2137088920304,1712.7990298898912,1991.8768705532118
14.184,2098.2097932342144,1632.9760006898316,1815.1158590921298
14.205,2205.057729697416,1557.3445198640177,2080.65980084904
14.205,2076.0582989345776,1739.8191422109037,2319.845107154535
14.247,1800.9333312249275,1669.8256405034783,2020.7964033158405
14.247,2112.5868852725516,1598.4206242794778,1887.0021265290532
14.247,2236.9973719942777,1659.8782405287898,1905.0734503470037
14.248,2200.684824947843,1752.3099593416218,2256.635396644168
14.248,2013.8354387500472,1694.3957450922842,1992.9996026165916
14.248,2037.131438319636,1602.545585221224,1988.075791136306
14.269,2076.369741073177,1656.1977199756636,2129.080163611515
14.269,2087.562463337207,1746.1906190382265,2068.957471064195
14.288,2107.615434556555,1775.215466263982,1800.357190289684
14.288,2007.2950684563555,1851.2184248118754,1883.811254638055
14.309,2219.832756648789,1688.242936007139,2318.621142975573
14.309,1855.339134085609,1746.8693070436036,1990.4615590599385
14.329,2012.066868615914,1759.144439380562,1986.3172054265733
14.329,2267.0519389427714,1491.7820858054822,2053.8605579926116
14.35,1885.7964501857402,1747.300327128578,1934.8519500362254
14.35,1908.1466699748448,1371.738555698272,2076.4806349989085
14.371,2228.475724975323,1695.1373095935214,2027.0759704930445
14.371,2328.460544141632,1811.3538315947687,2045.9541412027147
14.392,2320.3653868340025,1659.4730836424276,1998.4984190888736
14.392,2235.480650039929,1900.56869481002,1941.4755436974276
14.433,2379.6702931514997,1480.5715975236753,2057.178256750201
14.433,2151.0286523975324,1885.2847822249973,2173.84138391731
14.433,2119.3556278288715,1693.228034893073,1962.669353534722
14.433,2419.738997158787,1671.3229516635856,1966.4755470964583
14.434,2030.8749165586898,1686.778001377229,2175.548529208525
14.434,2309.2924602417133,1632.9373082154125,2157.6240552442987
14.454,2190.239192803535,1671.403903065402,2201.940883850876
14.454,2101.892053569927,1709.876787152107,1957.071740625595
14.474,2257.254443462367,1594.2106431911902,2228.9775707995755
14.475,2016.4870592220923,1690.1135747778171,2303.0764510102963
14.495,2246.4559094886813,1791.7418994356929,2209.2348847678036
14.495,2092.609360501655,1706.355249777058,2043.0956302447605
14.515,1916.079552766131,1797.845446207029,2093.0289859328605
14.516,2136.145634243252,1654.1492467281862,2247.978979556436
14.557,2249.516750383603,1836.5802793721027,2080.098241583416
14.557,2377.3591457998023,1752.117281812377,2045.5193674035004
14.557,1969.4409363582088,1687.5475802870126,2325.227353939701
14.557,2022.3068799680643,1778.2468318796236,2013.7250267195955
14.577,2109.312711260189,1816.0604934542162,1933.736613467969
14.577,1939.359820378574,1807.3740062202742,2096.631359876368
14.577,2203.3713266318805,1691.9812872303626,2055.631819707463
14.577,1975.9591462382932,1596.3842956924436,2068.0700719534716
14.598,1947.1762349766193,1820.475706641305,2096.088195024521
14.598,2264.133900023169,1752.3770467101406,2226.325607088173
14.619,1798.2705016475695,1617.4960289357307,2009.5238508763057
14.619,2022.4511209511575,1666.1671448198476,2141.785401076517
14.639,2046.9346159143074,1861.4420744178935,2033.5103067221578
14.639,2008.910833300982,1700.3089088650675,1980.799523268154
14.66,2362.927331191102,1755.8494149731089,1982.00323282684
14.661,2257.057231794836,1604.5694777376916,2123.1029353237886
14.681,2438.8101952470943,1641.4469611942907,2159.8559367909634
14.681,1816.6464458875967,1792.394565788023,2049.3126438782865
14.703,1829.1196385586961,1819.4539683914747,2024.0101962837282
14.703,2072.724598223334,1819.4767216594316,2103.246119311167
14.723,2195.237355750201,1652.8746100849232,2059.0865181589625
14.723,2174.116586567726,1524.2231007665923,1998.495644087566
14.743,2149.7255030100873,1634.88311800964,2101.061229188857
14.743,2455.6997423787766,1642.7716593316445,2120.879220229227
14.743,2399.1199467118067,1671.2060446131075,2150.274936340378
14.743,2262.666443327302,2000.2664351352985,2141.555346501998
14.764,2223.9257789507164,1775.8675869497615,2312.9606054061082
14.764,2163.2695796077987,1758.1189315427873,2200.1148986833505
14.784,1820.4496863367508,1604.9286255817326,1942.1409929025383
14.784,2111.6534609751607,1423.3221454868528,2102.3571016327896
14.804,1990.021959351251,1625.719863259371,1887.5660259823849
14.804,2118.2736764547867,1913.489903119562,2231.148240873673
14.826,2028.6951530134754,2025.471263218414,1990.7819109644493
14.826,2316.907851670989,1875.194602233101,2379.9963847407953
14.847,1888.5176768010078,1458.06702170458,1714.1263220070036
14.847,1973.4460129996323,1601.0045228384154,2043.66560587309
14.869,2409.4944472050493,1579.528280409893,2221.9504635511967
14.869,2174.769652267572,1873.5770581925897,2046.423192907219
14.889,2135.187721328958,1733.5175183158926,2079.8549973513946
14.889,2199.64775337292,1639.619393629247,2092.951733739091
14.909,1988.4742196090356,1670.2089905723853,2107.5077795967954
14.909,2141.9595989292175,1611.2444114554596,2005.0711221076306
14.909,2113.7012227934297,1920.7634809530196,2016.59410906301
14.909,1944.9884357300193,1709.4089362501293,2044.131830746205
14.931,2168.154126599847,1733.446408116127,1947.8568715950112
14.931,2119.44541211343,1604.4475481726977,2027.9760537761817
14.951,2090.9722455877427,1727.6169370887162,2086.6669158097793
14.951,2122.6217340389276,1604.9432821625758,2172.609105402482
14.971,2249.9459702456084,1628.4306882736857,2091.6746261474004
14.971,2194.797426800475,1807.882472051133,2017.999198147124
15.01,2214.180830701457,1728.540255462959,2145.3459278074347
15.01,1897.3226469927515,1818.663129459397,2089.461984302826
15.01,2084.4830170052246,1644.668407982132,1901.280238552184
15.01,1890.3624384378477,1848.216648893179,1822.1100814202518
15.028,2259.5842117057264,1683.5726369914385,1874.0240838492698
15.028,2296.979012433612,1846.3902036660468,2155.2502624144026
15.049,2244.8838902281823,1641.8694018742528,2155.6636564341507
15.049,2188.720570078259,1855.0292185745934,1987.6246633058145
15.07,2059.667638348015,1492.417788853977,1674.492247614065
15.07,2158.076980083072,1659.0904389036345,2264.5853554718137
15.071,2132.944277051427,1716.8758991548627,2233.527834503403
15.071,2289.2678985222965,1767.36137213227,2132.484377130796
15.091,2264.82812731427,1559.525761410215,2152.5182310964788
15.091,2068.5142882311657,1646.652505032178,2220.991906026827
15.112,2005.452983184097,1575.1465283363818,2052.4204841531314
15.112,2031.3251841712297,1672.7163925986217,1982.945794587639
15.133,2124.7532946177525,1585.5858892948968,2003.8592736624018
15.133,1944.2040281520906,1522.3732934562813,2055.730197119487
15.153,1931.0737669586288,1714.487535719378,2164.9979848714806
15.153,2145.967861463715,1709.2269392969422,2106.9670656754406
15.198,2103.1778800279158,1859.5574402641093,1977.295059520732
15.198,2032.66032422276,1568.2943744554993,2249.615877825303
15.198,2037.1385555257584,1633.6666834574776,2008.7678612077252
15.198,2378.254704148715,1764.852449490142,2053.871593049884
15.217,2063.1028366046194,1863.4270885588369,2204.877937407149
15.217,2180.3595233880783,1680.0151418414634,1992.8701992466579
15.237,2113.089073874589,1964.413933995073,2000.6592853308973
15.237,1906.239648206011,1943.0353744319082,2036.0449597869351
15.237,2169.462447453674,1985.6245986852616,1871.2849230611803
15.237,2394.957782638827,1725.8112217458124,2062.8491114142807
15.28,2351.145681633125,1789.959410892794,2020.3020688599715
15.28,1906.8537363358944,1617.9579519486117,2098.698201434533
15.281,2017.5330417851087,1782.7057466656877,2123.4867333196307
15.281,2166.294507404708,1598.4424249810445,2093.405775969766
15.3,2488.0328197164954,1755.0039460367952,2253.635106373097
15.3,2099.1871596377105,1711.3573018294348,2175.334687650509
15.345,2025.398361078131,1813.1778789372156,2303.115019213032
15.345,2314.0538283116884,1611.0317341622751,1760.7895959880327
15.345,2125.2701793500046,1837.9235245808427,1977.8602483877848
15.345,2434.9826765118555,1846.5604466777208,2180.0211702217402
15.363,2091.0794632310626,1640.068166951748,2118.4450153715784
15.363,2101.0766346071164,1770.9405839852839,1761.2141909123902
15.383,2214.9160998325547,1646.6171543741505,2344.687481142788
15.383,2113.9161830166236,1756.8190860465631,2092.137235216303
15.403,2302.12804157952,1620.4293101623487,1902.0112782531587
15.403,2235.3781057307574,1795.8898971962738,2051.5062062999655
15.404,1916.2737511628502,1789.161432486671,2105.4960197354317
15.404,2103.2602754982117,1772.8171572252872,2018.450631598096
15.423,1911.4896847197251,1582.9348905410377,1859.4324884729774
15.423,2025.2108110924078,1711.522600239856,2102.9718305198858
15.445,1965.7361323325886,1902.4096686503071,1979.8247629727346
15.445,2217.085235500106,1585.8010122590636,2137.435178893766
15.465,2164.1596601814636,1639.573272252666,2163.6721309054683
15.465,2047.5806605235093,1697.8504521750103,2014.6229081726383
15.487,2134.845666964966,1902.880264063746,2076.0085259766815
15.487,2218.7678474979357,1811.9984686683897,2129.5254183936486
15.509,2123.113125785103,1597.1524409389735,1786.3183805476142
15.509,2000.4952442209485,1676.3425348347084,1878.0131474387806
15.529,2240.7057367375537,1772.5374186657025,2036.0472341926256
15.529,1979.0776201945098,1626.9554273206365,2202.3764754651893
15.548,2066.4460067413156,1496.98562352826,2153.5049895848906
15.549,2328.9715137150674,1725.9668399291031,2387.2129947186695
15.57,2089.6514244380933,1685.6144610894587,2107.194936685342
15.57,2083.659734509241,1717.7231133976222,1919.2969111902592
15.57,1885.5029666341693,1477.7624182769441,2074.610877635034
15.57,2118.5016871527673,2095.4677312643116,2183.937910233461
15.594,1796.996266507113,1601.0076021535122,2049.6964060793903
15.594,2074.9906116818374,1666.1924779730111,1919.5222551392499
15.614,2256.6140147224573,1743.6214460380145,2102.144046152402
15.614,2248.020439285736,1650.8131140562305,2111.0642624610837
15.636,2087.456861124181,1968.9223906398042,2119.49687369802
15.636,1939.0356797316172,1624.5861311335293,2040.990156453826
15.655,2202.563777025666,1696.4869327158433,2011.9201615322736
15.655,2211.157006713661,1780.4196847604665,2119.5809344561053
15.677,2240.636632116752,1896.1804753847111,2105.5768509759255
15.677,2124.747675536676,1670.6587684830233,2194.7091944787703
15.697,2162.0962576648303,1918.4950642800668,1886.7484937445893
15.697,2123.4739266180463,1787.8187142335664,2029.6973224341946
15.718,2186.47849279865,1880.4236711440171,2166.373164364747
15.718,2230.6478436218445,1592.3028626763457,2328.2504976281466
15.738,1997.7886042705657,1621.9179966245454,2033.4470900409665
15.738,2034.854197115538,1499.6985114972679,2075.1100180876
15.739,1974.8088911659697,1722.7327566057745,2274.932100360169
15.739,2007.749593531893,1782.4220398754649,2115.464793267348
15.758,1897.8011347157558,1732.7899297886215,1842.3913243647223
15.758,2157.8591431768027,1716.9567397610379,1828.7093812764986
15.778,2310.097861799144,1795.797158101719,2195.1282201402673
15.778,2008.9523713199342,1683.1778882865372,2241.6650109875977
15.798,2191.6318054270837,1797.4715813018688,2093.184425230573
15.798,2227.0987828140933,1632.813838321022,2050.189622055723
15.82,2139.955342540429,1833.0580127000362,2097.8686856843988
15.82,2190.4743916729662,1680.2586997765466,2220.6026506594894
15.842,2173.434678002645,1646.4594600528662,1928.057515600821
15.842,2258.7551157093594,1796.9666201318455,1976.8207585530308
15.862,2146.6398970491714,1751.5799164349703,2265.505846598827
15.862,2219.59677458241,1658.7298010474772,2158.1008117051647
15.883,2146.2715567995147,1614.9272649962895,2184.345052086358
15.883,2141.417674090616,1458.3730628570745,2145.0499032549415
15.904,2129.334743626495,1764.4536631139274,2294.1457996723702
15.904,2146.731220007645,1746.081708961377,2200.152720461091
15.904,1994.4236555750538,1810.0622895778706,2077.376929451936
15.904,2243.107271692082,1631.111233691726,2192.1618167618935
15.925,1716.513755375094,1634.0435633473653,2200.1056045235164
15.925,2280.0565176720083,1587.7200997208238,2041.7261124853612
15.947,1983.5452037740183,1766.5126290406624,1901.2723429046164
15.947,2195.8399103079046,1681.5964681125677,2204.544177407959
15.967,2145.573115812022,1668.8252149677528,2371.482615475932
15.967,2046.0870975073763,1627.7327637924545,2108.545566333815
15.987,2133.4852138547826,1966.424237592326,2008.2103781806238
15.987,2110.076520794702,1728.4439565753305,1977.3395924906838
16.01,2032.5454919501906,1711.6370906893649,2137.6635449137852
16.01,2066.3711565297704,1572.6307075127745,2221.1409915243858
16.029,2151.825500600359,1686.5512088537596,2135.5275873862943
16.029,2061.868222552525,1655.3593160612843,2071.3922118451637
16.05,2049.849522379506,1774.0064504618613,2051.4183029347155
16.05,2391.6363905292833,1625.5638620601292,2188.3379408015803
16.072,2155.082206857979,1852.5648990935797,1848.3884473504195
16.072,2218.079143226415,1652.5426092909365,2012.7986115794447
16.072,2365.971290923447,1554.0364794128436,2099.3849318449506
16.072,2292.369932374229,1727.9873068620807,2246.0133505908284
16.092,1811.2708310597238,1694.8116854334348,2307.062873206323
16.092,2134.9365870937054,1978.7619566169985,2193.3138335383305
16.112,1998.1152280577937,1622.0834582461437,1963.5388048589207
16.113,2328.99351821831,1713.2016843369765,2187.0906615105896
16.133,2088.903204574819,1792.0179862804457,2138.1470318708652
16.133,2129.473935501263,1784.4335673385028,1794.86874987103
16.155,2292.496340748954,1597.2213101930793,2097.492098887639
16.155,2267.350851377834,1682.1548131537256,2156.834033531949
16.178,1960.6939253537275,1797.3850233884598,1877.733164160185
16.178,2284.5788044195533,1767.2416385781698,2087.9239752376666
16.198,1980.1505869659761,1708.532086113022,2112.5418729201338
16.198,2236.167896717492,1718.970596467047,2204.1395483066563
16.218,1890.8366292641126,1867.0114020605806,2031.175248650616
16.219,2066.434407463477,1597.9888953737425,1972.534856590498
16.239,2338.764773466619,1522.1632715352164,2324.533630130079
16.239,2160.4096737213576,1740.733913930416,2070.975811035523
16.239,2077.599161946655,1617.8253140520558,2010.2155175577732
16.239,2209.056117683468,1824.1950136179548,2319.5837327680238
16.258,2035.76027413454,1781.9231395251832,2016.478177899553
16.258,2355.433983395174,1714.9185506431677,2015.6681746219608
16.28,2056.104484250459,1531.444997403442,2061.7379539055246
16.281,2208.221564318242,1702.6046854467652,2191.1655589471657
16.321,2047.609647333795,1617.8538082654188,2125.1541373815717
16.322,2106.4385274135884,1668.521256155659,2100.2063794209994
16.322,2247.8651839849563,1690.2229421894963,2141.641003234942
16.322,2271.663024981368,1869.8406023362,2288.758211270475
16.344,2160.4781700741737,1743.67760595496,2120.846886473395
16.344,2076.8858999608974,1655.3163088242984,2263.254645017396
16.363,2109.252656979599,1519.4157072975227,2141.763931402133
16.363,2304.2267303547146,1939.7873486460169,2104.1635402379743
16.385,2197.364720816164,1832.8272983923307,2021.5327753255617
16.385,2282.2770567589773,1750.52789447308,2360.5839503005454
16.406,2298.2153522438043,1811.6227659120598,2021.059557844019
16.406,1993.0594480624209,1685.9820749478026,1988.3584285206916
16.407,2323.27646676993,1840.0616130601602,2270.122988622977
16.407,1819.151513403309,1842.8220276844233,2157.5110361542247
16.426,2320.5530807366144,1750.1629463471143,1775.98396648651
16.426,2121.484382021728,1564.067268457121,1996.1073112388015
16.448,2150.5151692713675,1593.0038902984402,2072.5415887648683
16.448,2106.868110432639,1562.9482137930922,1997.901516266958
16.468,2051.710219206804,1665.04551787283,1867.551952167822
16.468,1966.472499704297,1827.1876833558574,2128.176499116512
16.488,2028.1451312481197,1864.6981989784454,2452.5805956683316
16.488,2129.6608321978856,1563.2682586018475,2061.083096654928
16.509,2286.657825493339,1678.0763403036824,2112.892452811337
16.509,2250.5518368674248,1750.6892486666316,2262.003327737242
16.529,2152.243915887394,1974.9311210954738,2077.7501673016923
16.529,2139.1537329032117,1706.4105541968215,2130.1865703383774
16.552,2086.0002421281138,1704.3358741627294,1965.4644693263501
16.552,2168.3936892120737,1643.8926135210825,2089.0597525916046
16.567,2079.105476309603,1782.5620543390037,1835.249192200365
16.567,2660.315874671131,1667.3620657710271,2067.0403674089334
16.568,1856.8739337568286,1689.296398110459,2239.099752724123
16.568,2149.526583706319,1532.7994235772326,2039.7009774901994
16.588,2199.4437055453345,1629.642001910533,2124.7222789688217
16.588,2240.634849897967,1589.1156784277948,2173.8350420871107
16.608,1851.6403623103793,1715.4867771572403,1819.589670797507
16.608,2377.312516146218,1801.3462090427474,2040.1849144684074
16.628,2325.649258190786,1460.9335508794013,1985.7840280127803
16.628,2221.9458530324973,1799.1185300523787,2281.0348969294764
16.671,1776.931847131324,1657.7006896887333,1872.880624265473
16.671,2276.5358345623845,1532.7905988364419,2043.8083887976209
16.671,2235.935713739868,1579.5859620134815,2042.2066770315323
16.672,1945.2610023989535,1638.3378552862214,2099.0951497210767
16.692,1968.212645427473,1756.1716121471486,2186.9827292707705
16.693,2185.1632473323684,1824.261645036175,2054.919204867289
16.715,2136.643451654128,1776.1394046865953,1887.546356813417
16.715,2106.7719736767135,1593.4117543029056,1884.0205142753216
16.734,1972.1670249186595,1620.2890949453333,2230.352722675972
16.734,2029.1082292335673,1649.5889874487505,2019.666189373446
16.735,2139.8211702100225,1758.2290827805293,2057.8213056269783
16.735,2023.927395391698,1527.193018104004,1871.745636515252
16.755,2231.313132008085,1444.5760540182162,2051.609381662353
16.755,1974.3886501644029,1467.0618689702278,1911.7433217260539
16.775,2118.480078101681,1633.6968275069871,2285.3748999315926
16.775,2029.0088588157992,1806.2553252879716,2252.535979747603
16.797,2314.899970586303,1840.6939433160078,1940.1596606649036
16.797,2010.0797647344077,1495.2355270156759,2072.969876541319
16.818,2215.698808826844,1522.7983449741034,2025.991684417991
16.818,2014.2001932967112,1695.4481082312088,2205.8339570217777
16.84,2191.93730804884,1642.808740691187,2129.335933169772
16.84,2319.2533675317222,1751.4708956281977,2022.289403544225
16.86,1986.0455297547046,1763.0879855066034,2130.61695511413
16.86,2226.654536783601,1572.5300362520434,2150.502718140002
16.88,2054.204933548101,1585.3288083983018,2034.8328287104844
16.88,2405.846598384247,1575.5790319661762,2074.058219704452
16.901,2134.1595619934988,1622.672410805068,2228.2273612234803
16.901,2158.6182426131404,1664.1834575278608,2221.8036619271074
16.902,2132.726874058568,1428.3622281426046,2108.110148845603
16.902,2077.498187621605,1714.6663974103997,2062.757826628965
16.926,2063.3983292514617,1559.6338854173607,2365.761542882167
16.926,2105.286833534242,1806.2549420022815,2108.0614248479174
16.943,2246.470207425175,1581.606558377286,2050.224828565356
16.943,2177.3275619154774,1735.657128435962,2140.304847083501
16.966,2307.6778566341786,1957.122827647417,2153.1207413652883
16.966,2169.031821724272,1496.6619592039972,2105.6498553446513
16.986,2154.468420293599,1757.4551539613087,2069.858630313103
16.986,1981.4547585131738,1571.6295988524084,2217.687427823096
17.006,2017.2970187472474,1531.6705413138413,2365.296758766538
17.007,1944.54252746879,1871.7118522756548,2168.214324221443
17.027,1882.536637175084,1661.6449268356002,2042.0359701472678
17.027,2365.551293845546,1621.2628236091994,1973.646944998805
17.048,1924.3359871350974,1737.1711520539948,2051.656426488557
17.048,2085.1798470106773,1695.7766999494188,2083.945075860052
17.069,2190.5894867883085,1708.786292862313,2027.4711904926578
