Time,25W,25X,25Y
0.008,1891.811420804654,1548.9610050204546,367.33004136533657
0.008,1868.4464425112776,1481.461908054946,386.06915849705814
0.031,1907.1525086646916,1589.9278439542718,407.22576099979403
0.031,1920.3503707680763,1530.070611824339,383.2032606359032
0.032,1927.3637500438863,1501.0531765180617,386.5690660690107
0.032,1820.9934613204944,1650.4586251228588,367.2906195792265
0.058,1958.5831811939936,1638.9492316966594,404.8375181529944
0.058,1887.0703859604137,1569.1857005208633,375.37721519420626
0.085,1899.9900768410218,1510.3819958216955,372.53596942298935
0.085,1918.9890847649024,1555.5257236104846,402.4120598699509
0.085,1956.703435988187,1640.9897661439622,399.4261695188557
0.113,1966.2146406719626,1653.1560169636643,387.6236932030672
0.113,1863.4395113951348,1586.2130891121597,374.17505837940894
0.14,1948.466252070663,1554.660825343009,401.3212588549645
0.14,1819.4101472998145,1549.6620750911784,389.0586390762372
0.14,1976.1951265295368,1606.622824843908,406.82187653755386
0.167,2005.7887542472172,1490.751766893718,379.60503211036763
0.168,1868.5821240363869,1651.235652060732,411.9738294774845
0.194,1933.7513050733512,1546.7790792162396,385.40070647136156
0.194,1837.6857087530732,1604.2146130047597,387.7804966933123
0.194,1824.42669348234,1554.9789434875374,391.9938989691384
0.194,1870.6714036431097,1472.970963816501,358.7555964277911
0.219,1846.8110239308473,1515.3202541546755,371.10030216568873
0.246,1926.2198914465303,1470.689894860729,391.90408743115034
0.246,1876.2724593395812,1505.0397802316963,376.71843066724705
0.247,1938.1542941608664,1703.410402668301,367.01359209580124
0.247,1855.7234413483616,1413.3117424706975,381.41846406701006
0.276,1742.33127937098,1592.2986497081613,353.11450497210507
0.303,1925.1814657502964,1576.8022715512477,345.0660250556811
0.303,1827.1981253083197,1572.8315739192874,361.9524526124311
0.303,1898.8875602146952,1514.5344861856138,384.6058628281261
0.303,1947.584334189456,1479.4558896237277,381.6990337642076
0.33,1901.1442496654804,1524.7711362779364,370.23101735865265
0.33,1843.9714750217695,1554.2232171931826,395.6039805509843
0.357,1990.7704164115396,1475.534764492946,379.3848361004511
0.357,1979.7983864456555,1595.941214191874,387.0099083206645
0.357,1830.2276413567981,1436.3244028790436,368.7468294907441
0.357,1956.2739697871752,1456.812934841108,401.72257655413483
0.386,1917.9353765719493,1543.3518179196492,390.9478642927038
0.386,1684.1293238454973,1538.8373115390607,368.6360829452536
0.414,1880.3161279764302,1603.197199945052,394.84259597668864
0.415,1871.5876297853888,1540.253707350976,377.65343453381354
0.416,1964.6232762831635,1506.8472385842501,371.2740702523225
0.416,1857.6600369983094,1419.5291984745038,396.17734238341677
0.442,1886.889790469771,1569.5731419536494,384.98693677867016
0.442,1808.1844789461447,1550.976775620643,408.9127003011459
0.47,1812.874961670097,1626.450245647376,386.9268051455288
0.47,1941.4201125434977,1565.1199038612542,368.7684368373488
0.471,1891.7316154464722,1551.4118009636582,391.3654070103081
0.471,1845.9815311683499,1532.2845079573806,371.9074193251799
0.498,1909.019045539197,1613.234416057336,363.1102151054686
0.498,1864.9711347525426,1625.5925994346605,388.78154325322123
0.526,1834.8611571147626,1527.4820923402635,382.6765319783706
0.526,1908.56738640216,1515.7116605361239,390.36076494573365
0.526,2027.9641427611077,1436.1873270523906,375.7652576967013
0.526,1970.727969210917,1535.946772727049,415.5187213819757
0.555,1912.2932808879443,1587.7318963424514,349.11510882041034
0.555,1843.1494673183147,1466.421182362071,367.18998513478215
0.582,1919.0748748804783,1537.358528294308,353.00981766793484
0.582,2024.9686604605595,1489.9144520921436,366.869154436895
0.61,1981.6156735151797,1580.3999648110314,382.8076301206425
0.61,2034.61710627107,1487.8183702781325,373.05581817776687
0.61,1941.574730168385,1512.3097476032347,381.36215284810663
0.611,1846.2253692714278,1641.15080600679,407.07646500624065
0.638,1948.7407088563602,1594.2907162756812,389.0729852416254
0.638,2042.0932823967191,1569.6948194721576,388.4662223927739
0.639,1879.291375001482,1548.9320556269113,392.716277918576
0.639,1979.1764553231274,1606.2660276914062,368.07430650885874
0.665,1956.63183573836,1459.5066567033173,388.56176723300126
0.665,1940.4431022069714,1520.692002020206,369.8190266858732
0.693,1809.5850266484024,1571.673091070665,381.3269441952612
0.693,1790.8761067236228,1528.7911185330831,382.4527410295782
0.693,1868.1898849474508,1408.025537809205,384.39887549546853
0.693,1862.5564463987537,1487.8348344588987,383.8254245657301
0.72,1816.4104219565836,1492.9718409294437,405.22582448507046
0.72,1890.7237270742135,1538.0897917623067,382.39066605222905
0.747,1911.5115752202762,1520.8463374705163,359.93656581224025
0.747,1814.4373618307566,1577.3792552274338,355.6957759250679
0.748,1956.8590141319944,1489.2066192597317,364.60438961954804
0.748,1812.0062932798976,1582.1767450109376,381.175263037849
0.775,1955.237423962635,1523.3232330609462,403.41133316752166
0.775,1822.2183670343939,1461.0382508603882,361.020689494277
0.809,1923.0046651895495,1619.9110434903064,382.1487426963526
0.809,1830.7432088330631,1491.1551065568096,376.7957788239107
0.829,1919.8395374863449,1537.1683333498854,377.8235336201033
0.829,1766.9625878505553,1529.8869829084424,393.67472108126526
0.829,1799.4664606408987,1574.5055210542716,376.318526370019
0.83,1853.7944866674393,1577.296435602147,379.2372919287145
0.85,1931.239416130038,1685.8139382148345,361.39700098106573
0.871,1814.540152308431,1530.1489506409823,402.31899303118325
0.872,1877.7013940801712,1495.9771068479104,390.4724802201052
0.89,1852.8376588805422,1520.5309361136453,376.6597991328357
0.891,1880.7239775275357,1540.1629894480675,381.30237613019955
0.891,1787.5678016523166,1546.6821594204025,386.31356486765134
0.891,1891.2531063776016,1486.231093511553,361.62664708177846
0.911,1902.4162305494121,1572.2829341627662,393.1154887581953
0.911,1749.139804429819,1492.1336515960406,369.4581348232416
0.932,1954.37191139491,1564.0512467028045,389.80869059240393
0.932,1828.532554123925,1476.4621187171542,392.24908876348934
0.953,1967.8311562070328,1469.9194141880794,371.0591649368275
0.953,2045.4687252275617,1520.6542761827034,417.85084570339484
0.975,1741.4683907806161,1502.8144774016391,371.2237370513537
0.975,1945.1986303824435,1565.3779759860718,386.869947087329
0.996,1916.5704699043752,1533.1648546240433,396.8936361087146
0.996,1894.1909620168785,1566.9672600102517,375.06058790840257
1.018,1806.7737735097764,1572.9443746099967,393.4054041056116
1.018,1782.5618075971347,1555.4474980412142,379.01336771326027
1.038,1853.566977763338,1533.3804368374695,363.55977311047366
1.038,1887.1582870456741,1566.3875206527637,412.45462079106426
1.058,1965.3966355457062,1517.0803752935,365.4724340205
1.058,1838.4845725195553,1443.3593840225972,369.0037638866002
1.059,1770.3301859489043,1560.4470415230976,392.63092202568396
1.059,1997.8594357168527,1531.1162071143394,380.7338511921711
1.08,1924.0615534801645,1451.5238456129753,392.74446599559764
1.08,1780.936079508612,1601.0332387494275,407.70814490743203
1.101,1815.501043441805,1461.8191917047384,379.3486427998808
1.101,1904.8262939810395,1539.6042856902586,398.59835780940887
1.122,1840.1997731751467,1546.3168784031136,386.26406788328586
1.122,1923.6645649275922,1481.397669353625,374.8112878682979
1.145,1897.476855816037,1536.2995901019701,397.5674553685972
1.145,1919.2509144796395,1556.9254195887534,364.5396409801115
1.164,1893.3657580682534,1494.378467522655,386.9994614607273
1.164,1780.1937360322124,1587.3604725533467,360.1774811801636
1.185,1937.7911071632127,1551.0706021888645,388.14854941645945
1.185,1836.958382322779,1521.1055259211998,375.1706486698134
1.205,1763.1345887425,1569.5226804008364,373.9592192569757
1.205,1884.1190219400316,1598.6300682666356,364.54273072417556
1.228,1858.036138984358,1633.0188866824392,374.75076052631766
1.228,1880.9060473866957,1534.0160680797387,379.6590809289546
1.229,1742.459358091242,1498.4552541551477,382.4326282218802
1.229,1935.7862321169366,1546.2340378379718,382.38434776330325
1.247,1839.2732048530863,1670.9270203494739,357.51939973689383
1.247,1933.2103501345393,1490.876081666811,353.59854562722285
1.268,1794.2609557524183,1553.8153827726967,354.2125594636945
1.268,1934.0609214395079,1564.3476263027014,382.71626229941154
1.289,1827.4503303809536,1513.6392389104155,382.24827955865993
1.289,1887.4024224951972,1557.8630087172357,367.79639482171706
1.332,1903.2136279381486,1553.1153775522655,373.73385864154716
1.332,1987.8691263736107,1457.5281292302225,360.08933050790887
1.332,1926.380724004827,1506.3468142352938,408.6795159195045
1.333,1811.5415292175712,1560.755369072879,363.15517481874855
1.354,1828.5108413569167,1575.0296230507574,386.09456299414484
1.354,1858.4132376816772,1504.8701026190727,380.05040489803906
1.372,1919.3917822747947,1533.5660152342678,397.9817828993566
1.372,1885.8147068555427,1646.8267790553455,398.28464395980893
1.393,1906.6640547965815,1613.294587627698,426.0179816039097
1.394,2031.4195420361514,1568.8129613527426,389.77501711806104
1.394,1948.3480033526419,1587.3478461427985,392.0205786289242
1.394,1983.8300595661785,1583.3653793068877,363.7532703944798
1.415,1827.2545318206612,1569.6796833433737,388.1697626168417
1.415,1952.289640579301,1499.8639707120851,372.9637360506281
1.435,1908.9840584196816,1427.78461662772,391.33680098171675
1.435,1952.0136522816117,1569.214338312357,345.20964326132906
1.457,1774.6487537287078,1536.4612269073239,373.5060883845867
1.457,1832.8712885810005,1478.5403085220482,401.6774929997745
1.479,1903.8220871239987,1525.138639424156,390.923745103882
1.479,1994.0437313196353,1486.0267498244268,397.33293882772114
1.502,1771.1444381798271,1470.3662212831794,382.80082986605083
1.502,1908.8443922809001,1548.6622498504391,382.229021789363
1.522,1972.7021757154623,1655.5539570785309,392.6040062122429
1.522,1865.2883850639698,1494.1352825597528,398.64489014275676
1.542,1999.9824405336801,1574.2671543640406,347.73760569753614
1.543,1801.3393964189456,1483.0903011529986,370.3350217212068
1.563,1990.6968809779858,1398.2749406819291,368.5751283201463
1.563,1870.566938376965,1525.8839806936926,378.19340376224477
1.563,1894.9713845860185,1667.879650220436,372.3413650333532
1.563,1847.901796984827,1553.350298360364,404.71791589779474
1.584,1879.4125988005512,1419.543254963287,376.06905413551425
1.584,1800.2600178698203,1461.0487960552382,418.83369502703346
1.605,1940.1967227483037,1529.6798653695469,396.8912138863012
1.605,1945.0823338096075,1592.7902571291947,394.88428411174004
1.627,2028.3779790875874,1447.057443836427,394.06838171540255
1.627,1911.2457000251725,1513.023820068922,342.5691253808976
1.647,1823.3864437800326,1433.9663075977285,397.94526876256157
1.647,1833.3895078193757,1511.373944144922,389.00553447430036
1.668,1850.9857096931999,1551.0442236823887,388.2929243594989
1.668,1883.5660084820452,1544.016604293434,385.7381630714327
1.691,1792.0250162354635,1578.2446515596232,383.97234027947275
1.691,1878.4230255702134,1582.4472195970593,385.82694336589657
1.711,1810.1777594871223,1554.41922513313,389.5873989074959
1.711,1827.2855869521286,1545.601654441176,410.0723417384587
1.731,2007.2833896933007,1546.280840047436,392.5247782486059
1.731,1885.1059515840325,1576.7342750677062,389.53246523904835
1.732,1895.5438540634402,1474.2737191998424,374.3336405124714
1.732,1898.6894196776839,1495.2950997128344,369.7871647418333
1.752,1933.7742429667433,1592.6912077337493,369.0808170555271
1.752,1940.539330852896,1495.0910658213488,365.3464093957273
1.772,1954.2748205133958,1573.3990859596854,382.1940603555397
1.772,1841.151610734739,1519.9653598835662,365.4510278016715
1.794,1925.534356836299,1539.9623583127297,387.51281356853275
1.794,1895.3216971489978,1499.0776881089664,340.3254548237921
1.815,1993.6505164975213,1516.514487450927,389.11275441054994
1.815,1899.5754127368302,1518.7106755815319,403.2107706176654
1.837,1855.801995565561,1643.5487695872152,388.9794456936422
1.837,1830.4219548777533,1440.5127896710494,396.12466659670156
1.859,1866.3594519890228,1635.8224309252107,401.1392867605991
1.859,1825.8685745704777,1602.2613612326995,373.44092542198337
1.88,1913.3507376865089,1515.8995356158018,358.84606439099184
1.88,1905.48421825518,1561.5774408928617,384.56736740068715
1.899,1725.0106134231703,1576.976472479947,382.5079457263161
1.899,1795.1429440439867,1506.260845282846,374.81938919954416
1.9,1973.435335716882,1568.601918998035,389.4592385144144
1.9,1896.2024570031576,1536.8764509718023,369.61809219621676
1.921,1789.0054693496434,1511.117127169817,377.590378699246
1.921,1771.6532372554136,1531.2927789014768,374.82001149135687
1.941,1913.3101804606763,1612.6404941419205,387.72251999369746
1.941,1820.5446774579127,1427.4084460379815,401.5593041492549
1.962,2012.59016634143,1450.0664624478513,363.0400242623787
1.962,1830.070314461076,1458.2567998835614,330.08588309466774
2.004,1784.979878787469,1549.6306231986464,404.8741606580549
2.005,1920.7975149228007,1547.2814768698836,388.80440317872535
2.005,1921.2875323583946,1482.2035445986514,362.3158381172522
2.005,1966.4200569516647,1489.8995342795438,363.5962213939147
2.025,1907.648354295679,1607.2125152674564,376.51093221788636
2.025,1797.8732216842377,1511.0809431925438,394.8216547923934
2.045,1847.0927125975047,1517.7955921072519,384.1752505413673
2.045,2027.6146272545902,1560.4723442000652,379.49784736676696
2.066,1721.9976579982724,1568.649930956478,371.36094245426085
2.066,1815.308300681412,1621.2897543133,401.4808960380856
2.066,1914.1714873484254,1517.4508925138728,383.6079542019269
2.066,1891.516940017628,1593.2126622227163,379.3813663974772
2.087,1972.5826494375467,1537.5312949246959,372.1986064310797
2.087,1863.4092558870602,1613.7717401903144,378.46514636457533
2.107,1892.079750822349,1584.4320691899914,397.47578180017547
2.107,1863.7968403766145,1560.0902550585768,381.9156394681701
2.128,1763.9451121123443,1627.131175471251,374.77912748528513
2.129,1997.1913613290305,1610.9913034515887,384.24507985834293
2.15,1908.5018560719914,1528.2479108251337,375.41840123561786
2.15,1995.3002781551913,1557.0405424565386,377.1873420183596
2.171,1785.2904787473344,1439.6665579745925,383.09068086413464
2.171,1992.1631798224255,1465.3255243585438,392.5977962912917
2.192,1942.3418853494818,1579.25299705737,387.5020938992339
2.192,1831.5448129841782,1589.704615963552,373.40469814763907
2.216,1854.0147045183069,1593.619628479829,412.1432589320332
2.216,1946.2115966762217,1518.1920662335588,363.87861037790094
2.234,1838.0479557507203,1475.4924115891263,367.31793635960696
2.234,1966.512974617367,1534.040441520108,380.44231095560804
2.234,1781.2511738458822,1525.9538823648327,373.78571975162464
2.234,1845.7223696654612,1510.695186431575,378.09415742489006
2.255,1940.4003401713078,1575.5782017437612,386.8262861222521
2.255,1949.0081517689507,1603.6844347494691,391.39002202802885
2.276,1946.4966861344433,1473.035397708075,403.1162623280936
2.276,1897.2762991553413,1528.2774451523185,396.3756421350144
2.299,1945.7696607682117,1479.1771557679306,383.9565025773901
2.299,1708.0437286192005,1465.1531102578956,381.51919488498584
2.322,1882.774078832894,1478.954041463975,387.1810590374737
2.322,1962.098476055584,1515.4071420450578,385.0544073635338
2.342,1827.6122865882128,1558.5250641775713,361.6747810368124
2.342,1894.723647519974,1582.65775859619,400.90246678079063
2.385,1817.7844968307452,1534.944849526533,386.83140081656205
2.385,1942.6663381437888,1571.7505607916034,328.0071738889834
2.385,1874.7219186051495,1498.990694726917,421.95451298484284
2.385,1897.1070000570844,1576.8016079271238,385.5533197426275
2.406,1791.2692430634165,1469.28382938653,364.2377856344446
2.406,1775.4315056134042,1409.7197687461862,407.0927082916865
2.406,1996.7642637173662,1474.4683093031633,382.35458446369887
2.406,1717.970813359538,1447.4077011626407,379.5181179488887
2.426,1866.6144848992903,1521.1831243719032,357.414157506096
2.426,1780.995162961449,1511.6580562114868,376.6628229765661
2.447,1938.7164300688669,1455.6131621443924,372.7336905925493
2.447,1874.4202096547729,1505.4271177985956,375.8359833093078
2.468,1844.6117103073607,1404.571120499963,383.4608801106075
2.469,1954.6701889778728,1418.802900640434,389.5951764402215
2.489,1958.795146893946,1540.3255614409675,391.30169743177953
2.489,1901.9186152097632,1536.4997559892404,398.8832924083062
2.511,1814.2088071895216,1505.1659675794594,394.57607771001983
2.511,1794.8738788780443,1439.6129087093466,373.3058671282889
2.532,1912.0358268161583,1461.769721072319,374.48598982454087
2.532,1971.2047462607763,1551.3258447429653,410.1878447377426
2.553,1833.6113908688983,1509.8841923052908,412.96720300742254
2.553,2025.3890500528064,1575.9445555312793,387.40615780115263
2.573,2048.613157955437,1591.2775444175745,378.85728959298467
2.573,1858.5543563434019,1547.8271876878046,372.8418055084783
2.575,1857.2837692299454,1553.850084877591,381.2663952176662
2.575,1837.5194970644013,1555.286815780749,356.43882664161987
2.592,1800.3441822323389,1462.8086176189004,403.99243503178
2.592,1901.5185662831184,1526.1353519932175,378.42067719125487
2.614,1772.0171566683039,1542.4523385599598,380.2521841667092
2.614,1886.4061087424122,1599.9764982782522,399.1576979713512
2.636,1881.0791861722817,1524.976541275807,426.23894765490365
2.636,1961.5152239065671,1534.077503205145,396.5928974649133
2.655,1831.9716173061884,1592.8514612531285,393.02832411207754
2.655,1875.9487190018926,1480.476799641882,365.7016560810181
2.676,1905.0969863448802,1484.1181198930803,415.24724973414874
2.676,1877.5934071822815,1563.8678145238352,384.7548357647262
2.696,1906.4495190576347,1600.5989034700408,401.0958852041153
2.696,1739.0452071474513,1585.691950238721,400.23543382025196
2.718,1999.3995051792747,1507.6922207825442,365.46444781310254
2.718,1917.0594519237943,1580.9077216404935,379.9392804617543
2.738,1794.4746375781965,1634.6247462589602,385.42907941138145
2.738,1979.9720363264294,1636.2440428825973,428.9587019753978
2.738,1949.8797664259525,1476.1010971877413,381.11504843626125
2.738,1768.6772725881322,1578.3429986262267,405.3563711332677
2.759,1917.326303028963,1525.069416891559,400.8923064963696
2.759,1906.9763932943783,1573.966772021128,387.06541235539567
2.78,1679.413386434484,1592.0552149561158,421.599893028911
2.78,1864.8313443472832,1567.6831510114507,383.449349614278
2.801,1762.1172901210482,1506.66766125179,413.2925672228244
2.801,1870.5365758521525,1549.4712955087682,390.1416972368437
2.822,1828.0324099611955,1551.6790607585644,399.02437019676637
2.822,1859.0516210872672,1558.2284530037994,379.28744571124685
2.842,1892.4928853352196,1672.0059006904505,423.8250276513619
2.842,1983.968646776476,1477.3363967943214,401.8737535786719
2.863,1748.7295989950253,1500.2587138232134,377.47805489058686
2.863,2005.0113434791588,1551.5175982439036,354.6934012333534
2.884,1880.1720863465255,1554.1041105805984,448.40067596800833
2.884,1888.5651489523345,1616.9796201038018,420.8461606428007
2.904,1792.6983440291633,1536.5340611800957,402.93444820328193
2.905,1917.5580615320214,1570.8511742185603,417.1135644901075
2.905,1894.0342361143557,1619.688246206088,402.5335481527421
2.905,1988.3294046364224,1578.5484173051566,413.0265366428334
2.927,1857.4510985412562,1566.8428168728108,395.5877749950751
2.927,1859.6221047835818,1515.384068104377,419.4770787552052
2.949,1929.9219716942014,1598.6032812503781,426.5801484685322
2.949,1830.5327997772167,1529.2374819693532,407.5758234694453
2.969,1822.4973175836842,1509.6285347823273,434.8666533080428
2.969,1928.4541754380189,1608.77688766833,454.20191696398933
2.989,1863.7051844754055,1508.8669734917837,398.38262512025415
2.989,1886.2503999557562,1672.152607902932,397.9515686858439
3.01,1918.9777602678644,1625.2438812110481,428.3426974916417
3.01,1823.0130198739037,1694.128011003422,409.9806924336897
3.03,1967.1581663577927,1638.8199214693434,397.1100026444118
3.03,2076.269962650399,1481.0267873938599,401.71876360223604
3.051,1894.6077205707588,1453.961165609021,417.1166613693352
3.051,1903.0817089197337,1556.0345252761688,402.8684547634608
3.075,1968.4726368767228,1474.4004841113715,415.2812683732867
3.075,1788.9269659881984,1600.7009313510741,408.26981581633555
3.075,1903.9503672695162,1682.317156809831,412.93423715300406
3.075,1912.9085030683764,1562.2752160558782,365.79162358036456
3.097,1921.4020581307054,1511.1625440108917,400.26472862056943
3.097,1902.1347097763692,1645.0741403600634,413.93094231623166
3.117,1891.3485628529463,1563.3143198607918,419.48344154170474
3.117,1909.7661551427586,1604.9871552035006,418.44383930037344
3.139,1810.8069148655443,1508.8054530970855,397.7851768241339
3.139,1899.004490647242,1680.834770138825,422.30635908380094
3.16,1914.8667944833574,1676.3685656956839,416.32617139926276
3.16,1922.9752556130902,1541.3724787436556,405.4212784983319
3.18,1856.803043422902,1615.5168099938803,404.9153710229206
3.18,1893.9690104182953,1667.0475891371746,427.2606064838421
3.202,1781.69022280041,1548.0507298782031,401.9231580175366
3.202,1863.6948032572743,1612.146428083897,414.49854095377356
3.246,1803.0490638220908,1604.3384153767652,420.0846520305263
3.246,1890.1843325248676,1546.02788416958,417.8506259475732
3.247,2034.1916368942723,1545.3113143608023,400.27393288815585
3.247,1863.9301452148084,1485.6045154161484,419.6429125621389
3.247,1891.3134501840248,1641.6003784569527,442.79081862110075
3.247,1804.4879153752693,1571.2098871297258,434.3923688556563
3.267,1829.815710097262,1637.9582860527646,409.16606006768484
3.267,1954.3007820126427,1557.8588466826989,455.841097796925
3.287,1918.7908687707904,1530.2689263442142,406.8465840456952
3.287,1894.0093350484442,1633.0785851928488,423.05875577272286
3.307,1845.8367256280737,1575.2777117518185,396.9562492158325
3.308,1922.2250636134802,1588.0221503268363,385.72753277614584
3.328,1947.3650476022751,1556.5279321932019,410.2049502976904
3.328,1745.1504630625027,1634.108161085072,389.9238887598279
3.349,1832.9185118126163,1530.2675341739816,434.0544834914639
3.349,1854.5598828903728,1548.017751031304,405.42251864125063
3.37,1871.1227826756385,1591.1612142180193,407.24707061555296
3.37,1859.2342121905453,1620.2020478046877,430.61113190339535
3.39,1854.8817388828022,1525.0747314382197,403.3631180233665
3.39,1839.995724844774,1480.3369232816,421.09943422425744
3.411,1996.9715557635825,1564.4636702859648,405.71185640538323
3.411,1808.7272304532353,1591.3341445586059,402.823133260102
3.412,1946.4820415065776,1535.0130226414794,429.4866177291804
3.412,1906.243043374784,1516.54570075933,414.91217668411747
3.433,1802.1273018854715,1535.6291628243803,423.23354326507
3.433,1838.8381773599033,1665.8775923580129,389.6414880025895
3.453,1724.7834187533986,1523.4984375515155,412.6772075112765
3.453,1908.8481621691408,1629.3742422317955,453.26823086865954
3.475,1915.4589022981324,1642.3417220275812,423.55323993119504
3.475,1908.6861448420304,1612.109940824172,400.94159134087784
3.495,1859.4603599116747,1657.4328259180202,399.2015596690515
3.495,1881.4876724729513,1594.6165069815181,409.3582187642869
3.515,1800.7014570270262,1522.881693735676,402.6302640639435
3.515,1879.7802950267885,1604.9867599413276,421.8198373676009
3.536,1917.0770779121704,1531.2686129597785,390.5231653179915
3.536,1789.5539995269148,1546.685631657211,369.3645493597734
3.558,1978.5044844916592,1599.1252125010037,415.60355001052613
3.558,1952.4513898737605,1629.1536193478853,431.37015344878864
3.578,1853.2808585272132,1600.0438965683702,437.1018314240566
3.578,1913.9553232916974,1596.965972478229,397.51396106942343
3.578,1961.0585735255904,1546.9585566359765,410.7987530479461
3.578,1844.3706268423693,1541.9920434493617,412.35231636865063
3.598,1925.2859376099655,1606.864370892521,408.79233406301574
3.599,1776.546732372121,1506.0687062454447,419.2150200382911
3.62,1926.4929727003428,1574.2008286757596,431.2567723095751
3.62,1901.7574477456483,1545.680177824924,390.6880928341562
3.639,1936.310279299962,1617.8085462956872,428.75691236725953
3.639,1958.1327532772605,1554.6572044412353,387.2389801091339
3.661,1862.8227946118507,1532.8268956743789,417.36961203928155
3.661,1796.7079220150013,1559.9600804571555,394.9172514218964
3.681,1778.1552979289108,1582.0919008139615,401.78258339611483
3.681,1978.6547221779317,1554.422087796374,420.7796113749612
3.701,1907.356951277666,1671.2949239511765,412.27106737162984
3.701,1991.859856684258,1535.091120994357,401.52618607510016
3.724,1906.750483225025,1543.5044623134345,442.23491310292695
3.724,1891.6413775025753,1562.117626888199,424.8938263718963
3.746,1837.238802937162,1610.0714457557394,391.18687660693917
3.746,1816.985794758471,1699.4464987207714,396.1576283866957
3.747,1862.640563163494,1580.8857811549026,408.89975469347183
3.747,1900.3993235373077,1697.9244439777551,411.4354708007238
3.767,1787.9538625965436,1572.2497892290573,405.56871816458545
3.767,1851.673125416844,1590.761844038602,409.0708855438665
3.787,1904.8328837073498,1556.747231233527,418.6784532213356
3.787,2002.535175829382,1542.400490403053,412.82438787547386
3.807,1900.6823671528273,1622.2526626114854,419.58645522160515
3.807,2057.6770309061576,1682.6798654906556,414.86759412640595
3.828,1972.6504885955305,1450.4221909253529,427.93818249225035
3.828,1872.111769783306,1563.6120532208156,392.6811156436901
3.849,1847.2319146853674,1526.2099761273419,423.46869046567974
3.85,1837.9695813049443,1613.7592306520698,392.47211191298067
3.87,2025.431983415376,1673.5220331005842,440.49425234859353
3.87,1873.6093137761811,1588.5998837933419,431.46323950198223
3.892,2019.1781877723283,1556.4336269034384,404.7006441063866
3.892,2002.3964703706051,1526.927513496649,432.3430464871946
3.916,2028.7673984522362,1580.4052130444675,422.8682723397245
3.916,1872.6029977848968,1570.8443485304902,415.87098740721143
3.917,1842.3844244868458,1572.3333301784323,425.02129510032853
3.917,1918.42754671879,1620.8933522392806,422.91873892541054
3.956,1877.4716191638431,1523.7532012980694,418.8072386721507
3.956,1922.8404293465437,1583.6745411315255,397.37425386663375
3.956,1891.4499687226078,1607.0913468333322,403.4843931752325
3.956,1798.7286957765807,1628.4795888914844,432.61816324446136
3.974,1839.0489531075393,1540.6094567847633,409.2501678106221
3.974,1873.1570799410733,1544.0008925605075,388.62024113249686
3.995,1742.6095016303605,1554.255811945455,430.6385192595643
3.995,1874.0993907133043,1515.221378771907,404.34584772719154
4.016,1945.2182994177053,1481.1350246195038,367.02892972139233
4.016,1968.3362789722987,1671.969647790437,390.66649553864033
4.038,1872.3766235779165,1581.6005178514022,399.05233899217853
4.038,1904.0712276413044,1603.4024684952246,402.7035315988378
4.059,1943.2550058496415,1615.62569423438,400.38405523210815
4.059,1914.4384237638646,1658.7061004591396,415.075406843717
4.078,1962.1354930810048,1527.9829768067102,398.88353082659324
4.079,1878.2129478283607,1645.0934344177856,409.2856064459935
4.079,2026.5348192547958,1676.5268885261767,409.7452081132741
4.079,1849.595654339402,1517.2624871476112,389.46406522486376
4.1,1844.9214099636956,1616.4746800739924,398.04400584562785
4.1,1978.7286677054683,1652.4313455531344,378.569888746101
4.12,1922.4818266333873,1598.8158750053967,435.77562480785593
4.12,1875.6481171967096,1708.3662576645672,414.6828001889287
4.141,1851.8063867305316,1669.9763485042536,408.77181098728914
4.141,1875.370926231807,1647.1386425339424,363.94242369664926
4.162,1991.0155628776613,1548.4636439485505,408.49976154874105
4.162,1951.6933542695435,1545.089432371833,404.1569663518548
4.183,1852.250215993261,1662.4840797379456,418.6548199692523
4.183,1868.375429578464,1638.836003344038,429.07331939733996
4.203,1775.6888099260634,1662.0987161443604,421.9069470649974
4.203,1853.2708771207565,1569.4078455617982,400.1038703403347
4.224,1830.2269080846984,1618.8032748140063,404.43005131440816
4.224,1911.9552434902496,1568.4933003890717,394.9756622195191
4.245,1904.3219339147015,1526.6946094909226,426.53228947516965
4.245,1811.4593398693696,1602.4853713974937,426.8348731390475
4.245,1910.514018508776,1527.294377625735,401.0975706971892
4.245,1917.6547487347116,1561.1920547739273,414.3124351181568
4.265,1847.3372130622777,1619.5962225326803,401.23113975171003
4.265,1849.29310803181,1643.2243868590494,418.80579234380883
4.286,1975.4207998181062,1613.2177288863502,394.3054238007839
4.286,1943.4425233538943,1550.3817843169832,430.88034322873636
4.308,1871.2109079918644,1690.676816602646,399.5665345637439
4.308,1908.3550448091953,1593.6974022103418,393.72470233105724
4.328,1753.987752273893,1781.2433860489123,385.80408614733284
4.328,1944.294871255908,1548.7117430872656,417.59393410741995
4.351,1797.290010352724,1518.1164834951235,455.61420917937204
4.351,1738.8777606895355,1520.967189546967,404.3718701459448
4.37,1861.098581870288,1584.3359521882178,414.9255658798596
4.37,1860.0283817394995,1561.2198272616556,421.7364715660812
4.391,1813.4729551196672,1592.9230369992586,382.92617929769136
4.391,1910.4005683383284,1704.1244857607999,389.1958989241963
4.412,1822.25115763464,1586.7765076290618,374.7272041620417
4.412,1902.322307489763,1597.7029794298317,410.50958074857886
4.412,1874.2218264270948,1685.481145107236,414.46044453155577
4.412,1829.9188455951485,1625.8076779387907,400.6302112154477
4.432,1874.1386349331583,1574.7855997796808,389.3504367305061
4.432,1847.5826352100032,1677.0891276797734,403.48575768360854
4.454,1890.9464816580296,1559.6003744758684,404.93325606314954
4.454,1780.555502111485,1562.1644037892704,406.08498868380735
4.475,1820.4541005656329,1625.8886456429373,427.42750796764466
4.475,1864.997021183184,1528.2874821364524,407.3018273290739
4.495,1788.6141863381433,1667.110202978114,410.5488970910823
4.495,1969.260327285751,1636.303339268552,427.20201827273127
4.517,1825.5329175158472,1574.334393766368,409.43583303944763
4.517,1790.9255293090216,1667.229968387833,394.29243194394917
4.537,1738.826582764681,1599.6706523777145,434.324803966382
4.537,1818.2314839146254,1631.5845375109516,411.98447825015444
4.557,1885.9150661374388,1619.5692604721585,417.7771446144212
4.557,1865.3572573056108,1596.8215639121308,417.6950308263204
4.578,1787.5634418142995,1616.3572094763963,436.4877982519024
4.578,1858.3964207298436,1562.241863770351,405.39223278497275
4.578,1930.3180859866416,1628.143883924214,448.4879303242793
4.578,1758.683782653418,1561.5936035982977,439.04474548313243
4.598,1953.8354430282022,1576.4027026613303,438.63439848854335
4.598,1886.5953087310563,1676.0927517152277,416.937930613458
4.62,1902.0849272225346,1535.8320444368865,415.27912165386755
4.62,1900.4469029081245,1600.1711201226701,387.7277903511256
4.643,1742.2072600962363,1517.7771560840924,382.56855566123966
4.643,1815.1576015824678,1597.8846002836392,395.7511459318704
4.662,1994.8638751775595,1713.2171249647097,380.9656788376834
4.662,1860.919570561749,1574.6431977219158,404.2070244721218
4.683,1851.0079065049686,1706.7785686411673,405.2832786154925
4.683,1915.5878278191838,1497.3155464228714,414.269375899241
4.703,1865.5547141547913,1626.9600514255794,389.3126178189665
4.703,1872.7998815293622,1460.5914888910324,413.3411775566802
4.723,1849.6486011734567,1627.3126719010625,420.3577590777702
4.723,1903.0149882422584,1638.6034358322254,423.6302100022535
4.766,1944.321274912501,1443.2417618801455,398.3194404007387
4.766,1930.5087182002694,1515.4146140498428,406.81025528622206
4.766,1952.6357127154624,1642.8436022692235,422.9248175010093
4.766,1887.5225699129446,1606.3452498059632,423.67541736518984
4.767,1944.0921498031512,1634.522722393848,386.5173053863521
4.767,1758.1970143706844,1562.771458150583,406.67577720292616
4.785,1902.740818371259,1716.2170250307377,421.9954497230281
4.785,1909.9191795195802,1582.352746908961,398.4736649764149
4.806,1747.5284353758266,1660.3583193356696,424.587596369802
4.807,1768.4069461632726,1620.475801853463,399.0122248276211
4.827,1851.4922445135664,1610.2541459951194,385.2510480500108
4.827,1779.0025403801912,1523.6294366463246,416.3681009757957
4.848,1847.3189134280071,1588.466157385974,390.9412651914123
4.848,1948.8976302219453,1476.4942600387326,411.4292977971452
4.868,1841.3004002515672,1386.2138935901833,389.2093481504102
4.868,1863.6291897909705,1569.0962256014018,412.3085830704268
4.891,1802.080138561902,1536.807098864837,414.75769439443286
4.891,1788.0943584575855,1591.670961904749,407.73052040742584
4.911,1806.723275671977,1537.0049557276757,427.1800382562076
4.911,1912.597890665241,1624.2432368678164,391.01807845007374
4.912,1901.3870139832204,1649.178364875009,394.01662604280034
4.912,2063.6376657561555,1660.7993046276645,404.07984606456
4.952,1955.6121850546303,1479.3326192196778,427.9945691411197
4.952,1835.578209742318,1540.3023034368953,399.88243655990317
4.952,1910.7980507197067,1558.8093161139207,401.5519892003641
4.954,1913.930521925093,1620.2883369881367,424.1450366445633
4.973,1873.957801270039,1516.0710866589568,419.6526217628435
4.974,1850.1196981463115,1585.0940333202907,409.78744152249607
4.996,1797.2228459028215,1588.1132040851971,417.1934885531901
4.996,1895.3219683095945,1584.2519654289517,411.2240983394156
5.016,1825.8571273863995,1556.2999703383264,421.5470149341564
5.016,1829.8287971932004,1519.4994138371255,411.8461247202182
5.037,1782.875311339685,1656.974925433136,393.2944276445667
5.037,1877.2965254005073,1636.7301021870944,397.0204968875269
5.057,1954.1899171031257,1542.6053609977953,424.762739832636
5.057,1907.5199895191602,1708.916396589684,448.4538703933369
5.079,1868.3697132268717,1546.002027526497,408.83940862071944
5.079,2032.0156114448637,1564.9157803025964,407.06979657980463
5.079,1905.8018595616852,1695.6977643772218,396.4687001067211
5.079,1931.9706736240744,1546.7584947062787,422.42987986529727
5.099,1784.541560612729,1523.5342558789825,393.1014431060737
5.099,1816.4908080172008,1562.1654054925814,421.97025002717254
5.142,1806.926817280918,1537.5439602046968,411.01426674910124
5.142,1951.24894623593,1629.1178687270233,393.10818236528604
5.142,1937.3329678221294,1611.3671921227988,392.9788707832255
5.143,1936.0507727655654,1510.5141068932926,424.9160484447606
5.162,1743.3149005087998,1505.9973081766937,430.5599531436761
5.162,1954.5854104010134,1549.5870894559525,395.359367828752
5.183,1829.8945845341104,1487.9386554894434,397.2701683606824
5.183,1838.8382865852434,1572.6796077591882,381.93636794722505
5.204,1823.3685839905281,1560.279659554232,437.561408640918
5.204,1894.6002569717482,1543.2354444334433,387.8674589487523
5.225,1836.100879266622,1603.5157685815782,417.3081003732062
5.225,1981.1474889350604,1572.1087259515741,397.07924610392945
5.247,1676.4543201074341,1610.1808070040186,417.8745017622758
5.247,1989.045018824655,1587.0567136951715,425.7456084664455
5.247,1877.3447460213858,1562.740918497866,418.7362936000074
5.248,1971.2498485555666,1576.2203161368434,412.8464919933466
5.266,1732.7399054456532,1630.7493340947753,428.93787139531486
5.266,1872.4613751616894,1585.3534312469242,387.0052154299054
5.288,1861.1618128579523,1625.0030899797066,386.3992812898709
5.288,1812.1801577695308,1550.073177605753,400.44191023970626
5.308,1848.8003985493187,1594.100893262778,423.2940051465306
5.308,1901.6211001910526,1619.4073698134232,434.83564450818034
5.329,1843.1346539146782,1635.66208417934,413.99530996258085
5.33,1916.5607634222592,1658.3438921549496,408.9168346794881
5.35,1968.40316511227,1627.23825770241,417.10437722813083
5.35,1728.9769805100432,1658.7233374307098,426.80052147168544
5.371,1910.824518537325,1570.485446799982,385.12419930771244
5.371,1891.699569923057,1557.1535580156938,379.1477389088189
5.393,1907.6861657959282,1531.0763583370353,410.59369368433124
5.393,1913.2951969453609,1567.2542576684843,418.76536366225207
5.409,1964.1344725898712,1649.6361777162472,414.8807671219458
5.41,1855.9480667664093,1580.1138787268358,414.7332465735864
5.41,1950.8727051377477,1535.434253918993,412.1970568910195
5.41,1838.9150055642435,1640.0544484295986,403.42752850103625
5.43,1809.2959636320713,1533.2470278668352,407.3612645009502
5.43,1979.2247910107294,1635.565056395324,403.82718022686834
5.453,2025.370266739164,1615.4110546377967,437.9375504693094
5.454,1837.20160854716,1581.0509461949819,417.45697147927183
5.473,1820.6031784455176,1604.2293108543738,405.0847711924545
5.473,1860.604402981566,1529.381943033679,374.7241718268837
5.494,1838.8316917964423,1612.4794812003856,425.29177818005854
5.495,1790.5817853185647,1563.7661732237034,411.8993376323573
5.517,1913.1683902181767,1424.1401412177827,413.00244645455354
5.517,1982.0454054874128,1522.3979736575604,402.1664379107963
5.536,1894.6428715116133,1592.9598380918812,393.56916419814655
5.536,1897.8520101116167,1544.7037263764419,398.9404756513281
5.557,1869.2730674160503,1553.3879739927672,442.8635014241778
5.557,1918.502314989633,1658.8375771531983,380.43069694882973
5.578,1842.1923039750125,1524.9496214421195,402.19525081018463
5.578,1804.4255819407076,1586.434248014834,426.7054863620066
5.578,1989.3380048029037,1497.3382281639333,423.76613540365236
5.578,1822.8522399085741,1527.80738090217,427.59707934880157
5.6,2063.752311664777,1575.4691910429863,405.7349993787849
5.6,2021.3208049648206,1521.915817772255,441.53072254832307
5.621,1974.2145281224482,1475.3772267750537,403.7551139128089
5.621,1941.6471695012287,1602.7710465822415,402.8493983505623
5.641,1903.6601378647886,1661.089106152871,409.15010904964527
5.641,1774.1073820250263,1466.618537580157,387.9291290709057
5.662,1905.2937909016136,1575.0846605412155,415.58779162754195
5.662,1806.3684071065252,1553.0377447531832,397.9220223688742
5.682,1925.6858667102188,1561.5784563589145,392.9930171087446
5.682,1853.0722135838184,1580.1403858078447,433.19366001509957
5.704,1959.926543900236,1551.5785888193375,403.9113582850358
5.704,1750.0162174157913,1513.0670366862937,421.55791873011924
5.724,1852.5651862450645,1433.5302138670481,418.63910393140975
5.724,1856.6253116220678,1563.9767255327215,418.922143068642
5.744,1790.8692856432529,1607.7457960924971,412.7380046615026
5.744,1868.815977830379,1537.2293778236192,428.56949249097624
5.745,1872.4552816067562,1574.7804867487166,382.2396623658203
5.745,1790.251468273623,1655.4557222594317,407.45660311734395
5.765,2005.8367713238424,1533.543930236182,407.03519065277976
5.765,1890.402236077012,1572.1761889399882,406.6650957033581
5.806,1894.1910578603513,1670.3722282395208,425.09295614805245
5.806,1917.0005442356533,1490.0200747498543,405.8640306289354
5.806,1948.9625917901378,1604.3609556549984,425.60406674880136
5.806,1921.1920032037242,1638.5831206468401,410.0978930965159
5.827,1852.1446853779175,1616.850958686744,408.72175160718416
5.827,1941.7126021558397,1619.209717093638,393.0866031486236
5.848,1850.6632035664686,1522.5922065533664,412.78259392532016
5.848,2010.7168809493917,1633.1955087127774,390.8629491543089
5.868,1883.967883216517,1583.117995886115,414.39499805575684
5.868,1949.800294560792,1574.5695422221686,404.5342372336914
5.889,1910.765511754297,1677.8058998775316,374.7162177164342
5.889,1870.7634994495868,1532.2584857444458,414.22825790896576
5.909,1843.943983250282,1648.84480193653,422.29625472151366
5.909,1739.1770134429266,1609.8664297323037,406.55461160528097
5.909,1910.9597575533335,1637.0964715917628,382.6475192742283
5.909,1839.4684557963647,1556.1730551872035,417.6248941339155
5.93,1895.117118098,1461.5656240566063,391.4507885848439
5.93,1833.6952712702493,1584.6115148487413,400.6114173327117
5.951,1951.315854114226,1624.4280099130306,415.3829206985975
5.951,1934.3912894441037,1536.9931418813942,404.22562408970487
5.97,1881.051140779098,1454.3627090866275,415.2152283182988
5.97,1843.3898707147118,1567.0214268446302,401.52151916809214
5.99,1808.3655928695055,1538.9281991072487,393.98761842224496
5.991,1944.1224753130891,1636.7034262882735,422.9609327748261
6.012,2036.0937630608146,1608.5242318731841,437.8370725363735
6.012,1850.9776364136026,1561.4707332943865,392.35655963144893
6.034,2088.7285545933596,1488.1680041805614,410.42287344991007
6.034,1899.6963387642604,1638.776439018881,402.470087650475
6.054,1919.07049513406,1543.1288507682098,412.0325208486278
6.054,1960.0716225557717,1601.909076090425,387.54643859597724
6.075,1893.57043650704,1559.6239961281997,389.7897912489292
6.075,1892.4244555126415,1707.1324380989197,402.9588207303704
6.075,1946.772849653175,1636.9790952825942,389.7948734042991
6.075,2020.8874035614315,1565.2460328599764,414.55588960189766
6.096,1898.3104406812881,1599.1504769048477,412.9727584413165
6.096,2028.1838953830688,1480.6044099498129,422.3436525227419
6.117,1872.9864245966194,1598.547784426444,401.97814747163443
6.117,1847.5971443522149,1517.4603364257127,411.34439847937364
6.138,1917.1342303898743,1559.936344909071,432.3661469508554
6.138,1927.76035435702,1654.97555634167,408.4282071372306
6.158,1965.8941962014783,1562.8273863962352,393.4572909722513
6.158,1823.71859428501,1595.1855070684762,406.42248747709465
6.18,2015.4173433595972,1527.4101831895089,401.97377996517025
6.18,1946.490647624334,1640.325397469325,415.2551582293904
6.201,1795.4367866251314,1479.8932029869068,437.4973479519625
6.201,1825.9220366782763,1651.885199209203,393.5296982282874
6.223,1844.933047458307,1606.4501997470304,408.6537275457904
6.223,1938.3769697670807,1583.3127980569689,409.12717263267314
6.243,1849.4818666502292,1612.4087856713986,414.47223543176153
6.244,1917.5194661013993,1634.7506458452199,428.97278026270794
6.244,1925.205571357917,1642.4642608276522,429.06867121571713
6.244,1689.7640333821137,1570.9354892146284,396.7398654328639
6.264,1838.697009943967,1601.589873145331,430.40811526194904
6.264,1881.2492477699113,1485.4118352630408,451.4171464925543
6.284,1874.9277364703419,1626.4770185514446,403.0174416422218
6.284,1991.6612745819666,1533.0107048590532,425.6455479952504
6.308,1982.9313585140887,1559.5710553564015,413.8601143247413
6.308,1994.3210573494366,1576.9962679734751,434.5503073617599
6.326,1834.3088074285524,1646.4188406721196,430.4114804247706
6.326,1892.5712389067908,1457.4020652518163,415.9483835991318
6.347,1975.2877335054523,1655.5298270786989,429.10426141236474
6.347,1771.491615367746,1606.0346775148219,401.1753567102007
6.368,1895.1366033541062,1562.4190472386097,414.0241013515251
6.368,1931.4221071196002,1598.6970113713232,400.63498940648896
6.388,1896.1031574896315,1639.3136696301237,434.8229870188506
6.388,1919.9568882043363,1632.7086962513695,429.3480820739598
6.409,1826.0660334199624,1653.8883098443598,420.60391929242235
6.409,1896.730517668254,1540.797274788786,411.46213832718763
6.409,1929.8083369109015,1609.8395984977149,390.706739591074
6.409,1989.5129170699938,1601.6390068148175,416.416203501941
6.43,1891.4845911474308,1472.5118578634012,419.4332778530545
6.43,1899.7150690858196,1550.5081375660698,380.16246806653464
6.472,1735.4601090284866,1572.6047574893162,428.1007637265294
6.472,2029.3714834677282,1597.6139985478585,394.9819522304131
6.472,1942.1742186247334,1584.374685480934,372.4797404466207
6.472,1936.0712527168319,1576.8726849364245,400.31406889331674
6.493,1882.4261401627596,1638.9250718622293,390.092006212228
6.493,1932.5233750753246,1601.7728945832105,404.91961068408074
6.513,1907.6433461747943,1600.8099342499268,423.2686103086348
6.513,1851.386978363869,1574.0913425100312,417.1981916304669
6.534,1918.2467136323166,1568.687437242401,396.2262223836523
6.534,1803.2906041488675,1498.991419321323,389.2535062434738
6.555,1909.0694912675572,1489.841219153133,396.84271622888497
6.555,1887.382871467328,1625.622888872236,390.75144112847397
6.577,1901.2828178865502,1554.7255762513007,417.75446563118425
6.577,1920.6109138654883,1612.1076670248083,401.5596323168678
6.578,1663.3361045278655,1545.9228352489617,434.0264451874666
6.578,1871.7925102920703,1518.2307591025547,366.75221459596526
6.597,1882.5958249143187,1592.840850319405,410.5226985622381
6.597,1821.800571252184,1580.4388730938679,394.892426233874
6.617,1910.9988123561516,1530.6255247022677,366.88368527819574
6.617,1747.9331584755332,1505.2278792699522,403.2515133501163
6.637,1920.797425606167,1628.5643695512058,387.4095687881636
6.638,1973.7904269893236,1735.660615798126,415.05412825320326
6.659,1798.1712487837133,1605.7441642772292,391.95440688204144
6.659,1902.190828020067,1678.8370663266212,376.7744642833429
6.679,1828.611856023499,1496.9785294896315,418.92723242776384
6.679,2020.063218245456,1559.6673577356182,431.18944693600736
6.702,1868.0800748002491,1680.5801804046243,406.26656534838787
6.702,1822.6877239349726,1667.1470054615336,406.4201350107288
6.72,1827.078395875834,1588.744619034113,393.8097184248219
6.72,1787.4102874601015,1567.7090753976213,408.65830072426354
6.741,1794.7172212452756,1529.0620145757675,386.7572583190417
6.741,1822.935240122029,1673.8518280926967,404.94358750116
6.741,1763.3443734404395,1584.714925981087,389.9701143362397
6.741,1851.6141959793947,1508.673098590386,403.5972735815192
6.764,1848.3268309220468,1531.772000784737,405.19996307371935
6.764,1734.2215274009923,1640.065024353074,428.4850947136267
6.782,2002.044303099458,1594.5797803593196,415.7522454875791
6.783,1885.9128861383854,1600.3484213022734,397.12889715157746
6.804,1962.186244866476,1650.276581799937,400.2686729653187
6.804,1869.0711533732754,1650.125129568409,409.86795633644886
6.826,1860.624545832067,1623.6635263272174,381.0809833099826
6.826,1984.4783653401596,1531.4750781422795,396.9582852740822
6.846,2031.249597662932,1599.1039516638998,431.8276100925939
6.846,1868.9277667750343,1591.4788767385046,405.4377769229758
6.866,1918.0823812103422,1617.2975356792917,396.96922139549713
6.866,1936.5844717925256,1488.1594316821095,417.7084892415854
6.887,1755.704867029132,1675.4318204461872,407.66538224642824
6.887,1922.7666700402565,1668.0267848739743,406.11223765720763
6.907,1880.5643927433798,1628.8417941550704,423.76306994532564
6.907,2018.7070028116834,1553.2522803043416,420.76219196766397
6.907,1848.0402519758122,1498.3464944829816,397.75454071971706
6.908,1895.4674960327072,1440.739516842618,434.9837132487252
6.928,1965.9793958979574,1552.242621476887,387.4691537468385
6.928,1924.1136856344845,1566.5453647996997,403.5094748084779
6.948,1907.4907134516754,1637.217614226752,400.74718989538
6.948,1756.7075382419139,1591.0931741198908,395.7045942609286
6.968,1837.0441160913672,1606.3959650445445,397.31397278961106
6.968,1963.466139848966,1619.0021325945852,420.9683684267256
6.992,1799.6904802691718,1568.7356450602467,397.07891047697746
6.992,1791.234371606083,1653.3496496444357,404.6085066717522
7.033,1841.4965109881407,1631.7772532055023,416.4777423183222
7.033,2001.940871442366,1701.0552733259726,414.16550939111164
7.033,1833.1694653553586,1551.3806460743467,411.99690197513195
7.033,1909.8980146421163,1605.2046297162658,410.6665416197231
7.054,1858.394841377717,1575.085714459264,427.22146667676844
7.054,1995.0497957935136,1670.805205203434,382.0550879226974
7.077,1889.0651906510664,1580.5806316974947,413.96207382465326
7.077,1940.0878556491261,1551.2411298886595,411.7012537231436
7.077,1877.0184641961973,1503.3223276592203,409.11514158882636
7.077,2003.049827769072,1538.2563158979306,393.73031435681065
7.097,1851.6433373053724,1594.3254334834146,384.4689741904725
7.097,1813.301309976623,1655.6890489644777,427.530114798412
7.117,1960.8003518514681,1725.260711212886,416.05898742439325
7.117,1784.9241219390055,1456.0230038239072,414.5523294380956
7.137,1897.4281260054304,1669.4430767080223,412.7169467861649
7.138,1976.1662436571248,1519.8331750071654,424.93525582593895
7.159,1809.4642846712873,1570.919627763891,405.6424551592619
7.159,1805.7978371638617,1570.5635531843313,405.3859697410233
7.179,1922.8394638964196,1632.1099428256587,437.49515755769926
7.179,1810.3919956399257,1512.5473272964916,409.2284001342172
7.201,1902.7898706897374,1574.6737352390053,412.8593030902898
7.201,1998.0156206552142,1537.963131633739,415.9672255095503
7.223,1842.5054418356672,1587.1643166417705,405.72391756022495
7.223,1875.2837527027323,1605.61922957538,417.60813614225884
7.243,1896.3880378481917,1547.1965846490393,399.29144132616864
7.243,1876.5666235108101,1645.8484316784195,415.7434397534965
7.243,2034.7294097468339,1578.2977799989985,405.79470291851516
7.243,1826.3316383651816,1496.5696154601537,404.2578081399053
7.264,1904.1712672142282,1657.1546962002715,434.8598576997312
7.264,1877.061616673789,1617.1594174706586,403.50481824151535
7.285,1800.7879583196445,1484.8749010242325,380.74577642674643
7.285,1892.415372021296,1545.6405098614168,381.6725482810345
7.306,1868.909018238251,1496.0473075999284,379.5158889702196
7.306,1859.3447136060095,1565.52893255176,427.4521667209367
7.322,1886.978875110886,1662.0288041094345,374.9664708749074
7.323,1876.4875021196576,1563.8652466544333,328.9962189787519
7.344,1870.7119505959627,1508.0894027499614,329.7835733438027
7.344,1915.6018423511543,1501.2824612386676,355.8499496474693
7.364,1933.282555097277,1665.2813063212104,378.80028795011424
7.364,1891.1006468283492,1560.0845263815108,386.2307554133962
7.386,1874.3617549588116,1471.2169827372795,395.0584604100858
7.386,1744.3133286525112,1641.6674352661237,369.2787220550168
7.406,1934.5149821259174,1588.5603376378397,394.6676286365792
7.406,1898.7655490805005,1474.5149474675336,358.9808949812915
7.407,2009.9157249677755,1587.003013259759,377.6672944809908
7.407,1862.5322489710998,1460.48480591689,365.5661887896886
7.428,2032.602421919397,1581.0825276453213,402.3875156490462
7.428,1785.5985720395818,1553.0389943956409,380.3885795008318
7.449,1866.2484931477354,1543.5532815139375,404.4086969385589
7.449,1829.9999287673188,1608.6290373575578,387.0156033028298
7.468,1928.3941918336654,1523.4895973546468,389.50825621082083
7.468,1994.8907489905628,1535.374046775918,389.79096096539797
7.489,1921.718623465068,1556.00351535118,389.1501969236846
7.489,1871.5157035922039,1509.7939581363448,398.09003045511975
7.509,1770.906355788152,1642.9696579317597,386.83366776158596
7.509,1900.6430571748494,1518.2908725384361,390.65854259186597
7.53,1822.2862862625354,1474.3493314482857,388.8874151424912
7.53,1944.6536848087383,1469.0800518199799,402.7213470517991
7.552,1940.0090354736803,1468.9898307850378,389.8694675024728
7.552,1895.381307453737,1529.787756534238,388.52740042565097
7.573,1833.1829977864174,1464.3612166136518,390.5724413131051
7.573,1848.8762304000154,1664.9061498939675,357.381623500917
7.573,1866.4257554110623,1526.0097988504187,367.21539009784743
7.573,1768.2830805791236,1513.673386619485,379.45227811909143
7.595,1882.2710225305398,1594.7953983062177,386.05216707736264
7.595,1815.6068900422247,1524.342407290398,379.3351716570024
7.615,1818.3985035549008,1500.651175652894,373.6156120209933
7.615,1930.813955847079,1516.9928523229717,380.1508218813405
7.637,1874.7285142448677,1559.6394553755124,384.22509522660687
7.637,1765.4645044415245,1569.1548484668137,408.5701686025734
7.658,1969.0562091759061,1640.7811286545373,405.56163147380744
7.658,2048.7751246589696,1559.0422661310868,363.03078521561804
7.678,1965.8309722364036,1411.9326551829113,389.09162577075983
7.678,1917.4302039222591,1485.3044925547988,359.7795862766942
7.701,1850.514271861492,1462.0291686341313,384.7473813979683
7.701,1810.7576381602598,1545.9945834231721,380.19221091929796
7.722,1783.4285120901056,1515.9244960440244,375.4655245238017
7.722,1950.4820285336325,1556.5657853199068,369.71526534807623
7.743,1810.2645204861433,1470.287476095831,380.57437885942255
7.743,1854.1660969339755,1516.0542412673135,354.08522174844273
7.762,1880.0191951931165,1592.3298386855759,368.7244696561483
7.762,1765.29822511105,1502.3966549537865,363.06762227285344
7.783,1965.44091287051,1648.504743216952,388.9907356650548
7.783,1873.5281456696703,1354.0736947846215,375.89534932385254
7.783,1783.611668821339,1545.7000806516785,349.2057482065844
7.783,1848.5310826215855,1591.904871225372,358.53062954462126
7.805,1865.766633797112,1515.6310403729894,414.9685767682657
7.805,1783.264886454298,1562.2174437381461,386.1231282406906
7.824,1815.2765596602007,1537.7343531902,381.7300526316232
7.824,1898.5517949916198,1571.4650945817227,402.26950569458694
7.844,1877.7023213425853,1472.4954050527854,381.0390498081932
7.844,2047.3275069607325,1516.7346209978723,384.3273863104944
7.886,1842.6287265312224,1418.8383135531499,400.0937454738959
7.886,1848.0728334461407,1571.473686837927,372.49155329341664
7.886,1810.657164528697,1615.140292178428,391.5751732968433
7.886,1915.6054784667674,1523.7011386763256,373.9587042340745
7.906,1916.2299447664707,1552.050161202069,371.00292391084366
7.906,1847.9793773144288,1599.7296971923856,381.79716674093277
7.906,1814.1852210521022,1556.2900363411043,378.7818433520792
7.906,1913.0040027126854,1449.0078796451367,382.5546617298735
7.927,1902.0942602118116,1567.5454890518258,368.25272956264797
7.927,1963.5843104633398,1408.9553047146396,404.1647961929551
7.948,2030.8592042609275,1533.7622422695606,368.6586732689628
7.948,1904.219811214409,1565.3658314617383,389.8579499384457
7.968,1895.5643389634872,1464.7946508272234,394.0273443404117
7.968,1816.273194723799,1423.8286818057875,376.6880106241811
7.99,1963.310160968239,1573.6228475117844,370.75066581779834
7.99,1843.1488628175057,1546.8009877579789,366.9896995630645
8.011,1783.1620321812138,1555.3873640631577,378.53607993702167
8.012,1786.0764732452549,1587.6040033697896,360.94906309028084
8.033,1918.851563304529,1418.6293435162518,358.6058934653143
8.033,1801.6428910595944,1541.4619091526126,409.5333354707606
8.054,1807.8544021846444,1541.1934455526468,417.433999571423
8.054,1789.2845486157003,1644.6154786659079,370.33509770255887
8.075,1856.8879078375653,1559.6957848593647,380.94374989750514
8.075,1874.2434728658886,1523.4586796459425,394.8327512288334
8.075,1876.9705381301112,1592.2256581699098,383.86189802883916
8.076,1860.616699343001,1511.9301735418724,365.02105929716214
8.096,1740.377912159147,1444.1026625761026,377.8121346650612
8.096,1861.2670466454904,1517.3175814644646,376.84299143082904
8.116,2031.402950486282,1558.910708057764,414.8720643251594
8.116,1851.528986931793,1539.5568837538228,352.9847458494291
8.138,1770.724659932094,1508.4069432124204,372.85582844767504
8.138,1842.61907865751,1500.746551289817,367.86760735634476
8.179,1731.0688592662293,1521.0346632960434,404.0024266238795
8.179,1971.8936845823878,1422.6605581452143,378.1885169513039
8.179,1766.5938477802447,1468.4231021248972,366.3275838376445
8.179,1858.9620588159469,1524.8039973437137,372.91083680575815
8.198,1918.7070588747513,1604.508086766529,387.3299620970939
8.198,1794.5345330165453,1488.7437336076553,361.1005373932205
8.219,1882.0280440502697,1667.16027573758,392.3374463007586
8.219,1771.1392344013586,1546.6813130461335,372.23466834364206
8.24,1756.4133874892627,1552.627411648822,387.2182268814548
8.241,1853.6383832415606,1514.8484763507536,399.14673750315956
8.241,1849.1744167834456,1551.4260945469273,383.8841273880447
8.241,1826.3016281562152,1533.0943998720827,378.0169154813232
8.261,1938.4082576872033,1484.5677919174475,369.6089906473081
8.261,1971.9402815987087,1557.9833947969594,357.6697833030489
8.28,1890.933757117258,1422.635279072137,394.86349193976514
8.28,1857.9674868041095,1569.4514011787885,381.16295977384357
8.301,1760.007366737093,1479.1474492111538,382.52674692476194
8.301,1862.3189526610636,1509.0799057479715,389.52761626329817
8.321,1836.0429527477443,1537.4474667750885,396.6216941457011
8.321,1846.2349539092813,1511.2012840628774,363.67873248621714
8.343,1868.5530501968435,1560.2188405573067,400.4389603559702
8.344,2068.1116408835896,1599.1642944638834,396.5918968788644
8.362,1826.5595339117874,1468.732461311475,421.9103258551597
8.362,1847.1173678584098,1494.7041969734378,377.6919489285642
8.382,1796.6741838344228,1599.9898410198384,364.2779424296305
8.382,1878.7204410716065,1570.2884098125915,377.5297467539915
8.405,1862.7418626066235,1508.7850957212263,381.54459908989105
8.405,1759.646752431651,1439.4420250931653,358.30127806254353
8.405,2006.8840530279126,1404.108562266817,365.5869327032377
8.405,1693.4122838938365,1644.490246177017,366.48585253278986
8.425,1926.2336593560826,1534.8607270004104,358.4940700614423
8.425,1982.3694365535337,1573.13292277255,365.5467308898665
8.446,1776.3109904341973,1592.7038436982452,375.79646238341036
8.446,1914.9650767119404,1495.2194357840792,404.6068914946305
8.468,1956.0734659234306,1504.3885412164084,365.5689376153888
8.468,2020.9584109298612,1539.0932594331757,382.4297551295413
8.489,1852.2125528740328,1564.7417365336676,374.5128909557951
8.49,2074.410025505491,1593.8875130129072,367.490515237434
8.511,1887.1613481244763,1604.5767319828133,402.0113382120145
8.512,1913.5789164860507,1518.4267260974113,425.49572150240493
8.533,1823.7241945096102,1528.1018331880637,376.0595531768712
8.533,1869.3355482502056,1494.675410102344,381.1503956994276
8.552,1904.2819142604073,1562.6252001322862,386.23118637521605
8.552,1962.4649319078,1561.1009396486518,393.2119585775255
8.573,1915.2116260168257,1541.7126266345267,385.1528860183898
8.573,1918.993606565755,1596.0011286530748,369.8291226354745
8.573,1899.0798462032553,1626.4817486477382,387.27423910477563
8.573,1784.116130984182,1542.2709745790253,372.5256734880103
8.592,1774.2077454117525,1540.5830094991534,394.6843017361068
8.592,1854.0646635864935,1672.906195190971,389.47257161803844
8.613,1984.556295416371,1500.131873544372,359.8057473992159
8.613,1996.7795598992923,1601.4388347110253,392.9366135427851
8.637,1971.0629931091878,1471.820759874958,384.3503440097942
8.637,1866.1897713470562,1548.7745562479136,389.07435088648157
8.658,1907.0933264205457,1439.1221901125327,373.5296979238806
8.658,1752.4534400635455,1537.2196386584828,383.6235665004047
8.679,1877.175065942038,1540.5354522542984,391.19700180518055
8.679,1922.6113673536054,1554.5030413228349,395.9223709831145
8.701,1836.891223883181,1511.0418105147758,377.404534377796
8.701,1844.6235452014453,1498.321232761518,381.3704556087781
8.723,1899.2909788633917,1516.5837102361588,369.9205935235845
8.723,1858.9361691521824,1570.8305791942025,381.88491148449845
8.743,1846.996660731215,1508.468692673402,400.4798714888745
8.743,1980.7063882958225,1495.6150576259986,372.5520046007157
8.743,1851.7346480294218,1543.9119926765602,378.4284355228995
8.743,1829.2968352508171,1566.1003653969135,391.3020306588404
8.764,1912.205236500576,1441.823212219925,361.639809313848
8.764,1893.5868530827122,1571.543266609039,404.2545586527246
8.785,1830.8254948241633,1456.6833308707332,425.9049327589868
8.785,1864.7467905662343,1588.570079726215,387.45248807246355
8.806,1783.194625670071,1475.137591976283,396.12461775555823
8.806,1790.7267910363935,1504.9758463374242,361.92648886022295
8.826,1928.6344706464156,1497.0524773189359,391.2907489042343
8.826,1953.4470258511096,1522.9609901007598,358.8951473745741
8.847,1913.3533265178992,1578.9186970557328,335.0850872723115
8.847,1978.3033075615588,1520.9794815885161,367.9161865528366
8.867,1927.1153766280627,1553.7174673737811,374.52037052118095
8.867,1911.7364419579856,1489.1121199349514,392.1951568648655
8.889,1853.7496828003095,1523.603136341624,398.0516498813363
8.889,1825.0736028899746,1547.4904798649936,387.2296555511897
8.908,1812.7148026107848,1493.963009577079,371.5986793554152
8.908,1859.0505828711905,1564.4015603620421,365.3925589037173
8.928,1973.423459487082,1353.4578287992995,400.7422363948783
8.928,1837.3462568772813,1549.851490880879,393.4495849254646
8.928,1935.243728905571,1589.7967619666351,371.79986164290847
8.928,1895.7160913370662,1570.613768463296,370.3946262790395
8.95,1837.8747910238715,1536.97884056287,385.37879004488065
8.95,1808.0336355217928,1442.3462465144682,390.03140925594323
8.969,1911.6813282204303,1508.2861275254945,367.0883342194935
8.969,1865.0833739273137,1538.852633242688,358.02363530812335
8.991,1948.7495790779299,1518.6346178190367,389.380144014133
8.991,1861.1107906886405,1675.0105633615851,382.46105250205324
9.012,1940.1742743967689,1521.6658802731754,368.0960017013673
9.012,1974.592259908135,1532.909129492124,396.6780288180692
9.032,1992.7346013418999,1487.0686232970552,376.72294538249054
9.032,1733.4115302923826,1474.9111280141822,367.90797051477927
9.053,1992.236206603346,1636.3086072196625,378.455992699281
9.053,1897.3631291162474,1571.9101632682216,375.1688762618104
9.074,1937.5710825441377,1490.6152949339375,397.4643364355051
9.074,1954.261140521363,1434.9300611996528,362.6951096734795
9.074,1923.452069317791,1543.5061568589267,399.42656325490356
9.074,1966.2674559945349,1538.3240124843953,391.934858951865
9.096,1876.9611999754695,1597.9887445724949,373.7213241772804
9.096,1966.9309087975387,1512.137349559745,377.8171538033543
9.118,1920.7707606026286,1584.7011405765395,341.50867517421227
9.118,1901.69632056919,1553.44022197927,371.4364234095246
9.138,1915.4668764900023,1464.9722355700749,390.9217391182625
9.138,1786.8959047993508,1532.4663164734727,390.3580786062192
9.159,1895.3861149205613,1627.93766826384,388.0603556464516
9.159,1917.3583182201462,1501.9750571476109,396.69420649551
9.18,1877.208746903991,1553.6709720397391,382.80638487921436
9.18,1915.228806203728,1623.0901884467469,400.30269261741483
9.201,1934.926167061047,1509.8836528936074,378.04477350517726
9.201,1837.6461411148555,1547.0262375586278,398.6930986328563
9.221,1897.809153542005,1453.0648714543306,384.8785911955766
9.221,1925.4387088739172,1506.5150786766603,397.5210947750533
9.245,1870.1145834315407,1612.9822194159144,383.32644554064575
9.245,1760.1094474752979,1560.4979623657418,391.85738215318406
9.245,1872.4230533762288,1597.3472942150524,379.5281535619061
9.245,1852.4966402614116,1360.8587771133607,386.4432067778213
9.263,1936.401189979822,1632.1440406548045,361.3634408463532
9.263,1939.1956012142073,1650.0967313819724,381.79451299161786
9.285,1961.551670082121,1487.0593711999222,381.01188270327987
9.285,1978.3142615864235,1517.3899542242877,359.44617889722434
9.305,1729.2458812977707,1627.1279950465225,378.01394911125647
9.305,1914.2940291786385,1492.5771377007482,377.74901042753476
9.325,1892.4139106202736,1502.9147777762741,384.8561342889397
9.325,1858.9397276114246,1585.401204048776,358.03879707290025
9.346,1936.9432380351825,1450.3364420695868,344.1321991203943
9.346,1900.811190113024,1508.5523454898785,390.4053461377299
9.366,1913.5788827194467,1517.0462738273338,376.32072234370014
9.366,1955.1521727905695,1529.8803987626375,367.92643186701594
9.388,1745.8878912520747,1534.3754545141064,335.3337895164316
9.388,1826.2269419155837,1696.0556134281426,390.2871608438787
9.408,1766.2451547073783,1528.8110207954055,380.959611523851
9.408,1945.041150104505,1422.1672236017773,389.0930042714343
9.408,1807.5142987456315,1480.122090291569,372.4491610348118
9.408,1881.7145125720697,1559.9774527686282,372.52338306695754
9.429,1838.6771961339518,1471.9105439488935,383.22118761006595
9.429,1888.1002503664163,1434.6566362252968,385.17722367609537
9.45,2007.9895214054995,1628.484617334245,413.02767446029065
9.45,1942.8802242593779,1535.4365011302239,347.0132130528112
9.47,1931.8918862715311,1543.6144087300431,383.2958939683495
9.47,1776.1366178078395,1534.426684227301,381.18980619084067
9.491,1861.402915576841,1565.00578844992,382.52800465703245
9.491,1711.9943783005826,1494.5793338881049,367.3528339769589
9.512,1783.2799757819469,1457.921529537119,377.35518433329514
9.512,1843.2341398309654,1500.7733288801485,367.04149681869563
9.532,1871.9520982521233,1434.2313389718233,376.336046881113
9.532,1839.3856604583077,1500.9722015923405,361.6030101140978
9.552,1952.535624333289,1563.0866527452351,367.665629055152
9.552,1832.3980619102858,1541.4638530870238,386.9706277250965
9.573,1794.2579478831587,1566.4693759232055,380.1584498298294
9.573,1814.3793891034657,1566.2632935603046,364.41913030563353
9.573,1800.2969039007908,1538.3590302489335,392.39231628951137
9.574,1916.898368133364,1457.8712776180473,393.3739873853603
9.593,2030.805326862966,1582.9202625398023,373.1673046401453
9.593,1940.2004297150393,1429.5575838034713,368.33442088764673
9.616,1862.506641844478,1621.4452081874488,360.65838204435397
9.616,1960.9916354571315,1433.811280389642,374.3840153098751
9.635,1883.6353011055037,1618.0720495346004,375.8284412131709
9.635,1864.3939567052118,1559.0900170398545,388.54313044357775
9.656,1960.7068725152722,1514.9759590501628,375.87833714339826
9.656,1919.9339528794399,1533.5722802156465,386.881277615936
9.677,1954.3069818546546,1464.390677500726,348.4421735495823
9.678,1821.4248356987287,1593.8023044777249,384.959879428303
9.697,1931.57379594264,1517.2531952223271,366.65277282166363
9.697,1831.5755176991568,1546.3257624616842,385.44521749252635
9.719,1921.7662813894349,1479.5546938401344,366.9539951967745
9.719,1828.0525968527377,1514.506736907373,395.8447272750372
9.74,1905.3334141818052,1603.7462233736105,396.8105883755567
9.74,1872.492285317461,1456.44686724398,380.91272541039615
9.74,1898.6425803535496,1585.8684025393366,369.4938611641363
9.74,1900.5213278466342,1537.5605509460834,386.8691909988834
9.781,1871.9789584972766,1383.9366902152474,392.6695286223179
9.781,1894.1356975214048,1503.8918494332238,382.6373516500223
9.781,1827.0322578919686,1495.107492490565,370.01128704117144
9.781,1993.7726641155612,1549.5404798729046,407.7652119322801
9.801,1861.7775295388515,1568.229055849153,359.0930821411844
9.801,1763.555497259148,1586.6696523878459,389.86646427400365
9.822,1914.0061963396233,1482.4275482771532,389.3065220957891
9.822,1871.3270181042058,1580.9740956958851,374.79135733844515
9.843,1876.2066208991228,1511.9209648043886,402.7177799772079
9.843,1916.9861055632605,1514.9759983334825,375.6130085563943
9.865,1844.9385415532379,1563.3442077927523,384.9294353811952
9.865,1822.4178409013757,1510.608719798994,383.36678941368115
9.885,1851.666485400666,1646.2681704712654,364.1136779375133
9.885,1785.0989602878349,1566.2202441041115,405.33063265864115
9.907,1957.888090140416,1485.0313951568635,369.39460688016476
9.908,1876.2896512743275,1561.1900433676753,375.36718123641555
9.908,2035.4131014800555,1555.5931523109912,392.18128272359155
9.908,1968.0066809996351,1428.1622314607066,380.2438813548852
9.926,1944.4013786315018,1575.3757227835529,377.4757066757358
9.926,1893.890290289327,1549.41310227113,371.673941042586
9.949,1887.1606986945071,1531.836935549203,371.2023790680369
9.949,1899.6032133200795,1382.4037874246783,368.5625094333556
9.972,1943.6788023416182,1426.267840500557,372.5164391063005
9.972,1799.1709496186752,1529.8017653149827,359.2595594098036
9.991,1767.842311769995,1531.1200977103508,371.0817794348201
9.991,1784.4630193143544,1533.7873589544495,382.50626310388395
10.012,1822.8178604599918,1548.1727437013942,393.80143116073316
10.012,1885.7486741677344,1494.7419464717645,362.4761734860279
10.034,1970.3369650678549,1536.5301856111003,406.1910839590132
10.034,1888.8222723729725,1553.2196273079173,398.50596518553397
10.056,1947.1877367200327,1528.9146987999625,363.0281582052162
10.056,1908.2984447158215,1459.6995718103024,383.32668112660576
10.077,1874.9370317880407,1492.237532295895,380.0893161250682
10.077,1771.0689715933422,1569.9261598733226,388.31841269614443
10.097,1875.0515745798948,1516.2784672418265,360.53116599119176
10.097,1915.9889524226373,1558.6070603722676,393.589352967732
10.099,1899.98416014137,1559.762601521521,382.09546295983733
10.099,1893.6061639166182,1588.1262416795032,377.8806387312466
10.118,1919.734845385547,1514.0411764342994,406.33918557966973
10.118,1933.3647129426488,1474.6653511906734,393.777572733302
10.139,1958.0986721288903,1497.0212249233864,388.38924750310736
10.139,2031.129220178002,1464.1751848016013,346.50536891615036
10.16,1919.7207753172668,1455.908991107557,405.0923756280162
10.16,1962.264213071634,1546.4085426678848,392.45255510659393
10.18,1831.1870493656977,1540.010760991904,380.2667257887483
10.18,1959.200788937801,1541.577334873011,386.07264468425547
10.201,1862.0353772340388,1589.5405461687599,399.08885985910547
10.201,1952.4427228111144,1523.2203836604347,373.62935888358453
10.222,1795.692550248238,1476.86130674914,391.2840982722241
10.223,1862.0478613673747,1525.7716484277603,356.1511804595771
10.243,1976.9259897820873,1547.0852429637382,399.6915693643857
10.243,1899.592327842944,1516.3002062043995,373.2740511599703
10.243,1948.9854646823626,1500.4470490959518,380.4701323311201
10.244,1914.8581247511813,1567.1356594256836,389.1830299028938
10.263,1834.0845640719458,1598.1438365641932,378.194091596146
10.263,1839.5519237371677,1548.5501180705544,397.7712551098349
10.288,1899.6841200687986,1488.9865011359834,384.038209512449
10.288,1973.9131458172128,1576.638950106532,393.0249628391508
10.307,1852.6195830337683,1554.0177620771822,395.7164255600769
10.307,1906.988437801396,1525.9281024881527,396.2446561716953
10.328,1772.6758669683786,1548.7518104274907,400.4598875280835
10.328,1863.6667781438816,1574.6679330019115,412.36947328027384
10.349,1849.153956213909,1560.403018288473,392.262793210938
10.35,1867.1417572568794,1552.7512835158548,373.0907807453489
10.37,1822.4061365203697,1415.1524273238733,392.7965188150602
10.37,1769.0783630089463,1516.992779425742,384.81865200144154
10.391,1896.0491692833593,1588.9527314184288,377.19762544684863
10.391,1902.408358163256,1517.3469417397064,395.59301990746815
10.414,1830.4844435066168,1548.133734713801,397.8029447805998
10.414,1883.1702430934915,1505.497214946593,384.48735087372006
10.415,1850.5870308180777,1500.726007325484,412.4253655818524
10.415,1876.4047866296478,1563.5011424593208,380.3604142118624
10.434,1887.667779095066,1494.6266383185725,363.1236753843936
10.434,1827.214367363193,1548.9490984848183,415.05393446200975
10.454,1773.43757015737,1458.9156147366766,404.31735866725904
10.454,1882.334779691332,1569.1018843082018,396.5270925930769
10.475,1741.8648782256523,1562.189738345508,351.2398306084521
10.475,1932.501197763772,1482.3545443136115,367.8384802758777
10.496,1817.435600297383,1513.8049042888713,373.82771976251433
10.496,1805.7446209928214,1551.846268095769,364.87088334376614
10.516,1937.3614283573731,1592.7755463076526,368.8611086532751
10.516,1911.297407647396,1483.9250835223438,364.5146819568011
10.537,1769.838528780607,1561.499955212808,357.31234859937837
10.537,1851.2234942634177,1425.1610982360635,376.0228657220847
10.56,2067.544937144172,1505.5754497437636,393.16945764602895
10.56,1928.220144438851,1461.3314197708014,386.91378061699226
10.58,1832.6051136036006,1484.367919804942,401.07768897467196
10.58,1902.4157443198028,1459.3415695406165,376.045123516786
10.58,1922.7234532166694,1497.9916800105084,390.3009502357021
10.581,1868.05273458953,1503.1869954648457,386.78982851505305
10.601,1868.3704666539777,1514.0951022905826,392.6588615120484
10.601,1814.0331343117698,1376.250756676504,360.1838178471387
10.621,1857.5457625937106,1528.9672800695118,367.6905139373911
10.621,1875.532814194018,1589.241835296545,382.26052089973126
10.643,1949.9561547095593,1526.8693241839312,407.0505571644201
10.643,1839.4618668700527,1552.0063326252314,377.43427017994287
10.663,1990.1540600166834,1524.6265612757309,398.9605574068999
10.663,1857.9853051191744,1595.7783262267483,386.6318832757418
10.683,1899.9345154362547,1457.9501039473998,364.89313043191015
10.683,1974.8711626458066,1573.1502060773867,381.73438245264816
10.706,1916.9773266255365,1442.7671980694852,379.14664628883776
10.706,1946.2219935931437,1530.020535888582,371.9295950157756
10.726,1923.2975331245352,1532.0244372283216,402.77207663253756
10.726,1862.6936683955275,1513.158785684204,370.886303325169
10.747,1973.935350273651,1578.5274663910163,404.80030364490517
10.747,1967.4866735444261,1546.0552832701044,392.1612023900404
10.748,1894.5578081791114,1479.6158465196434,393.4055552887837
10.748,1962.691750815883,1623.8423954780797,403.35316810084794
10.769,1923.2372342350568,1511.2878254763623,388.0812531262114
10.769,1913.7798583366673,1532.6882457408021,351.3272873495987
10.789,1956.9600409810673,1381.4499538248774,376.27129477995334
10.789,1792.7649385444886,1526.1850593371896,396.2898207825604
10.81,2027.4399623665095,1519.2751923780702,371.92948694129063
10.81,1860.884113296176,1498.0334687461182,389.9601344177
10.831,1775.664465713866,1550.998289802576,390.03477145005616
10.832,1863.3098325301646,1584.035339089563,376.7109674409671
10.853,1853.162327906238,1502.8743040543561,411.13814039496424
10.853,1801.3349973922132,1643.3653132323057,356.62182492792033
10.875,1728.661132997488,1458.6424862528766,377.0599958172615
10.875,1861.862437386794,1557.5442183788111,402.94594246735215
10.895,1917.5727169427967,1472.208462362008,394.65809428288935
10.895,1847.0325074650361,1412.607025871172,372.5012721262778
10.915,1717.1891543306392,1574.5216474156296,371.16000094618124
10.915,1831.6424886233729,1507.5326412083637,345.89765840215534
10.915,1967.004955979399,1491.0484641820856,381.346906321021
10.916,2029.878216992824,1555.0651707967925,392.7550531484019
10.936,1956.8622744452625,1643.2196352933022,379.4330081249299
10.936,1854.0914106266998,1477.3017811167767,395.45760573622186
10.956,1853.4517661990387,1428.463430813135,385.2881628646973
10.956,1959.512664081598,1629.1854009687795,389.7419144035105
10.977,1931.5079901458575,1515.0547106443187,400.93165910656785
10.977,1914.2342990632662,1563.4251800472887,372.81282719534533
10.998,1927.7105398974043,1523.758417165459,349.2750865259643
10.999,1805.3883075512435,1514.5049218861357,369.8338282169498
11.018,1866.5257057346464,1601.6854440868942,387.68147381699015
11.018,1953.9485321615955,1597.0633445628014,400.04996664178367
11.04,1880.9114957549043,1521.2716773944244,375.2151460854345
11.04,1830.4100291455006,1524.786662808132,381.1897709409111
11.06,1917.6183250065003,1430.1281965807339,385.6330735317117
11.06,1870.3298464957259,1547.0553280167267,373.93497123340865
11.082,1877.95493370446,1458.2782363621002,376.6994289427443
11.082,1776.846855632943,1454.765273281199,383.4779962095482
11.082,1909.7925947704332,1626.6880461366688,381.75181162382023
11.082,1722.3972518731161,1583.3237531957386,383.8032032439963
11.103,1848.4215576920035,1500.1950905261392,389.4108157535181
11.103,1906.852492519277,1543.6931426357219,386.9197948075638
11.123,1807.9269305453822,1474.4316604632395,367.62246331478923
11.124,2004.3377992140154,1538.8210708415343,378.0925542049087
11.146,1814.699933346141,1491.3741426826039,363.8256803969404
11.146,1951.4236674103045,1454.1917318974486,382.9502740594119
11.167,1811.6023727617835,1488.9712966037532,367.27768060450916
11.167,2021.48855335853,1488.792171018484,365.3204956023971
11.188,1954.87307152338,1473.2586477234709,370.79705377876206
11.188,1938.577361548559,1520.267864247647,391.5739828362705
11.21,1889.5477530634448,1446.8618626157267,375.72414027996143
11.21,1934.3516936257074,1484.0838374637249,387.61064719074494
11.233,1874.6032222145031,1427.239776799209,409.36782434380643
11.233,1845.7030117865033,1583.399370006851,365.23957403245754
11.253,1831.2136582160235,1462.4982635065862,358.3669653794422
11.253,1841.1258269853886,1593.6317210634509,373.4872137641611
11.254,1791.0193585251648,1531.1281464355743,408.80658019336977
11.254,1911.5227062103788,1660.993447007027,376.8583480644282
11.275,1838.994096859294,1559.4497193876273,358.19395225380254
11.275,1894.158962630188,1509.7628680579735,394.76138725344646
11.296,1911.6162136751218,1531.268296709069,383.58254163067693
11.296,1914.2812582496738,1467.8845338189376,397.6700761961064
11.318,1812.6725173374587,1587.1063673728634,389.68001845462885
11.318,1840.0614937768235,1549.997610520439,387.3283618406887
11.338,1868.484048897769,1496.1858320394547,350.7563901128492
11.338,1824.7218625077312,1564.3441970226804,368.43781115681327
11.36,1806.7454416077167,1518.358817330548,372.56972580936764
11.36,1943.3772050731116,1533.533312375963,399.2630789080783
11.382,1824.0333437069187,1463.3934411588305,384.99392699966756
11.382,1922.5558702436304,1476.225149123149,349.89907465428826
11.401,1805.080117916736,1635.4407248501304,392.16456975944385
11.401,1902.8244754751943,1539.4383927111303,387.26552658301085
11.422,1745.9168729613814,1487.2697170959543,404.11856739185004
11.422,1878.746190912552,1553.1188986261036,397.68893250720754
11.422,1916.2934326837558,1595.777370801309,386.14039008941944
11.422,1837.1667264703024,1564.853990881385,382.8808299461482
11.443,1890.3062375620038,1442.9180957419421,395.535522493725
11.443,1980.8118350430739,1508.5237727641424,379.47406259992954
11.463,1782.2374703519824,1650.363835886173,372.8386213956152
11.463,1973.306627213229,1489.726691628813,370.798801380716
11.484,1944.6187166575507,1488.0101765676984,388.83899215463276
11.484,1973.84308544898,1612.1317894085366,380.30761521514097
11.504,1904.9714438582482,1558.9979709312902,370.68738020895466
11.504,2001.8047354249968,1511.6740505050461,357.6750213651011
11.524,1742.6995466386777,1594.6398261005072,377.8205419357009
11.524,1808.705488730237,1471.1188239230512,392.6783451521258
11.547,1956.695996125951,1644.0008344626142,406.592733053676
11.547,1915.099855486161,1525.349335786149,372.24717090446615
11.568,1902.3905418948016,1617.486810704489,355.49347213288036
11.568,1851.9931437083658,1598.429752116093,387.5081149200311
11.588,1869.2609383487415,1585.2843363733468,404.3854874389018
11.588,1893.1812529993615,1517.0965978267084,371.19002570611065
11.589,2064.204984685479,1463.5694228637692,377.76398386674174
11.589,1798.1477557167916,1592.6495655175363,395.0116518027573
11.61,1878.2933255330963,1601.8448938315773,370.7953892912287
11.61,1793.6896037301567,1451.2223690032017,405.6786281461201
11.63,1965.4983466257868,1501.0140584282317,373.00291304591445
11.631,1908.1951424236336,1556.1725511270681,387.7153703216663
11.651,1852.9778760110858,1501.700049523638,348.7158089091615
11.652,1876.6181102266303,1536.0731772247282,397.8990905181216
11.693,1884.368319926187,1566.944814341939,389.9318784401453
11.693,1989.829534340086,1447.7636802476559,384.00726051517483
11.693,1784.4375225918934,1466.2138455296742,374.9262040035207
11.693,1863.3441819468217,1551.3055630626154,382.28388714390667
11.715,1788.338045776655,1441.332455891009,389.6067367055788
11.715,1902.9982850022927,1550.4735765811427,344.4815171197921
11.734,2113.0444825659033,1636.1294280926156,389.1289626809294
11.734,1850.0491611143211,1568.4096302557007,391.3330075125647
11.754,1923.0328961521038,1590.7370215036133,394.1119536303935
11.754,1936.99537224065,1502.0176616429505,396.2907230974448
11.754,1847.1628185552809,1504.5301491649268,393.127214745639
11.754,1993.211163448984,1430.571248013283,387.373502408774
11.775,1896.0321293354714,1588.3321683647603,383.29500366095317
11.775,1922.709300312025,1579.293392587717,356.4687396853837
11.796,1873.3325461014695,1535.959825623541,390.53595949652635
11.796,1849.287972943192,1502.3845159734333,369.1849589121086
11.817,1865.3649285057406,1546.4445149796481,379.10843971726234
11.818,2033.8183558105034,1506.097720399046,359.07064330702906
11.84,1896.1383030103073,1461.9395257062333,395.5192401466614
11.84,1875.4425813900398,1448.8082202977548,385.24318455140127
11.86,1900.6093509306265,1475.451315018267,406.7468830733826
11.86,1982.0757727924429,1498.9018248896923,373.0228365065991
11.882,1839.5175642741224,1516.2471482544206,390.2656159946629
11.882,1864.6451917754327,1588.551879427538,379.492143998206
11.903,1803.5832170516533,1470.2849833043986,392.25165244706534
11.903,1960.6818374444786,1580.2790767522276,369.3350862007035
11.922,1950.567395600037,1545.957059295507,388.3026798739231
11.922,1941.168968852263,1390.9067506416766,384.6353645329454
11.922,1722.7614204989811,1534.7693064715925,378.1262323248596
11.923,1897.2279115532801,1498.6104199248998,383.9393599483923
11.942,1847.7987490724859,1478.6910222872448,388.8157110823665
11.943,1989.9676165757235,1571.3155417096448,384.47127962543465
11.963,1868.9932239457326,1671.8919493061576,362.29743777232875
11.963,1763.0325679890702,1535.6907860157048,362.5800747554722
11.975,1784.563184212192,1592.8057287414917,361.8037125250278
11.975,1940.3233875313726,1552.6225891969048,397.7454706540182
11.997,1926.646034156632,1509.9634741862378,415.9610794050013
11.997,1842.6616464104575,1487.2793992428465,400.3973144221795
12.016,1923.0751418893321,1455.0984032556785,360.6731909930473
12.016,1835.6381126799072,1575.5104479494048,361.05531803653804
12.036,1800.4017682521958,1473.3501708247225,396.17201986650116
12.036,1834.5275970756206,1588.774713719962,386.7825012714679
12.057,1936.528779440076,1446.0638626781363,348.912735399346
12.057,1867.2336235665116,1412.974456030914,400.33265668779677
12.077,1919.2492183203342,1576.7509313863377,397.52087372309364
12.077,1920.1326222562905,1563.4790800532658,391.58197798102407
12.078,2012.1557137659013,1457.201975090722,389.9830974110637
12.078,1822.465318174012,1504.9902291483854,377.17885012861
12.1,1953.0017573890445,1602.5731821423897,392.06093882806147
12.1,1917.3380504444865,1618.5472548598602,380.0381446314239
12.118,1882.9571151541343,1515.290311268988,363.9655325818471
12.118,1905.6856619775574,1521.7108717903127,397.5749003652335
12.139,1962.7229420975982,1511.6228106043634,373.58798052621574
12.139,1834.9408404686624,1537.1597874543863,383.5312975771398
12.159,1887.5075581759852,1496.8397925249544,396.98041643014466
12.159,1794.117986406708,1513.15941583029,378.11046291377863
12.18,1862.3503962505433,1541.4365959047188,385.7547372004091
12.18,1822.084190335766,1538.8679117643778,381.2200795452618
12.202,1884.4876471938928,1578.7859298892445,388.913534380621
12.202,1766.6249583506997,1464.0715253344797,378.82434703791483
12.223,1909.7863390068603,1571.276560074977,364.46775090216306
12.223,1991.3690566928185,1571.779985732037,402.340298628459
12.243,1845.9967635388375,1438.973171764305,388.43170309491757
12.243,1818.7339166445734,1541.6221037371276,379.50716125272413
12.244,1895.5795942717798,1484.0256304341985,406.6427837062107
12.244,1829.1645637733543,1522.193018521303,392.7397749497223
12.265,1832.6567115487856,1502.233676233626,406.47573041746506
12.265,1932.3318915675811,1575.314876262125,377.81616734413177
12.284,1910.5867950636502,1578.881722281493,367.07128149602346
12.285,1898.0971630585946,1479.7515938960098,392.76173497981443
12.305,1879.8322099178802,1460.1904516092918,364.1263026569785
12.305,2043.9680825818705,1578.7905320268196,371.8375377875486
12.325,1873.7212987028845,1559.9355547498933,408.2223253310964
12.325,1899.750069050372,1523.9435814713634,408.32660575286786
12.346,1843.1505068415443,1538.9636358777,379.9001716395835
12.346,1945.3266526208172,1574.6260615749638,381.09884759856976
12.368,2062.6649062451725,1487.0815842219463,389.02527683900536
12.368,2020.8584629844588,1593.5894598097009,394.0638949644979
12.389,1815.0972476845232,1563.7232139510777,371.1980548788526
12.389,1836.8575842628468,1569.1662228736973,405.1918166896446
12.41,1787.5222096973014,1564.1108781332287,406.6698054380196
12.411,1865.7172336393926,1596.6246933423126,371.629234764671
12.411,1978.071594378034,1549.6165479613994,376.7304148895016
12.411,1964.9402674898233,1509.6920669919448,402.2099988391759
12.433,1871.2909807020628,1508.245966049465,376.32544873134646
12.433,1876.9238753534155,1483.4471918658585,372.4919868513955
12.454,1848.9731882338072,1588.0937927944349,374.5918345929136
12.454,1818.8398891135573,1624.3078486176782,358.04692144970153
12.476,1879.18975241365,1567.8821057435782,379.00721084644596
12.476,1810.9643110948084,1582.6080323636043,396.55042764038103
12.495,1909.539595724718,1514.7552775886377,385.5183607765709
12.495,1967.6434701356745,1531.6886213782639,400.48861452683866
12.537,1823.660601486279,1491.7748547096235,368.59788880535825
12.537,1777.9982948919344,1564.457691570613,397.43293288591485
12.537,1809.9651917096403,1629.3187633925584,407.82033425045404
12.537,2023.037770109138,1502.6180875528323,418.73399930980827
12.558,1790.5287461974758,1581.6675137348134,358.4506911946052
12.558,1863.3706843701075,1545.8721613245132,369.06106058283376
12.578,1868.9237566371603,1508.526749972961,371.0854743891867
12.578,1885.800482190017,1490.491242268143,367.9394066952674
12.578,1852.000256844525,1542.6701859707593,387.0317842171344
12.578,1756.2974160492533,1611.595253309379,377.67160537660845
12.601,1869.5669078289054,1411.183662326826,373.2314896344202
12.601,1851.7295476321547,1459.2890367647212,388.19836896755834
12.622,1951.2029919363758,1527.1653065180546,383.17170208546975
12.622,1795.0233560582924,1590.8790126657257,366.8946373378722
12.644,2031.1172636175259,1539.9635854962278,386.96453890534144
12.644,1973.8975045619961,1533.161421843159,397.95829088468554
12.664,1912.6585336367352,1493.6525829027812,370.6728947640512
12.664,1863.710979028843,1630.2844093080496,381.05776149903124
12.684,1875.952176226088,1492.417080304948,393.92218181207744
12.684,1704.4154264856136,1515.1761646354896,375.0595661936908
12.706,1922.1153210778025,1451.340862908116,362.09127238383064
12.706,1850.3914404930385,1683.821063785133,406.8997693392593
12.727,1904.6441504551965,1488.9824522061895,403.6031139079727
12.727,2027.1281842910255,1591.6631665519556,376.28666566598525
12.747,2060.597194088637,1463.4759341766878,385.9124392040185
12.747,1953.1754592124344,1484.4353842550079,386.9045518255123
12.747,1899.7760313955812,1553.211875848033,380.0677007190984
12.747,1861.5345233286853,1492.6383069082344,384.2015462205818
12.768,1936.007383152979,1587.8502053742486,378.4501275857047
12.768,1813.297534187832,1508.2457197120093,368.7406326292283
12.788,1873.429630241822,1441.8426475548933,369.53415075980047
12.788,1986.783958655064,1553.3103002522857,392.5915476707055
12.81,1748.0984982081065,1555.6747519662533,399.31037181158393
12.81,1971.1868272940064,1410.3444647104664,376.76023484168854
12.829,1850.8931594529572,1444.3262933092944,360.81039992064376
12.829,1912.7379406576579,1522.9772033551196,409.5419711417621
12.852,1934.0895366508314,1586.6820521663515,401.1949464342088
12.852,2050.315606784736,1543.9930018194818,377.1214260251165
12.871,1848.2520729511857,1544.5697914446885,388.4786469493103
12.871,1957.5115980621426,1439.0348071659225,393.3242957541352
12.892,1909.9562444002058,1447.5559027173779,385.29605186803957
12.892,1911.6955309882742,1615.6430060294417,378.3743874904479
12.913,1902.8605964207452,1501.746802671136,357.5856621010414
12.913,1889.5033753090681,1596.8293655029863,402.70435998727
12.913,1887.8937921045722,1519.602043165688,385.98210390723233
12.913,1956.3649995797432,1490.7390495821198,390.3991504508532
12.934,1934.6295408953015,1578.575758479687,389.50187852880504
12.934,1858.0798901507926,1503.5476699073045,384.43713985408425
12.955,1847.3089114512422,1503.6985195697264,376.9421033562349
12.955,1977.215791910475,1525.4048866336832,389.31570710524653
12.977,1841.5171940012583,1547.296684561901,379.14407759962126
12.977,1976.641913777987,1455.5917460561598,366.5327426156947
13.021,1783.854463281351,1655.3329740070862,363.4500890244061
13.021,1875.4602318421385,1504.3687573487202,379.61533482137264
13.021,1786.9987610154888,1555.0573746312627,353.028620479882
13.021,1823.6297441732822,1505.745713618978,372.74938455814674
13.041,1920.2382153187273,1548.37099396156,365.8267680790463
13.041,1832.0024714407948,1604.2368579357271,418.9898776864667
13.064,1897.044245502169,1538.778010729327,397.1137047613142
13.064,1991.945736272721,1570.6085224307403,388.1743003528216
13.084,1924.854292326812,1495.7190760958424,385.17049182836405
13.084,1882.7689691177404,1499.4799568087124,356.2936562245612
13.085,1752.845343184672,1492.9655443305005,391.5381289980287
13.085,1910.8483462761913,1621.5654129992317,383.7207842061535
13.106,1967.7442176711174,1583.9240795549376,368.66138288481784
13.106,1842.2763069176824,1518.186367906306,384.2921894143589
13.126,1954.2209257410645,1478.4557547723516,402.73015597685577
13.126,1865.798482713006,1554.523662741558,341.98871915169934
13.147,1901.1940745855125,1566.8132761517131,377.1528853846188
13.147,1849.815395497761,1528.9427433600974,368.7891886153569
13.168,1909.2337211750219,1525.224828591738,353.05479255869415
13.168,1905.7617017493105,1525.274946314783,383.31332865166246
13.189,1943.1598499678873,1446.275339092849,412.2993698791286
13.19,2011.9778645566753,1601.6182465806662,390.86585782671614
13.208,1859.3585673924047,1483.3342228795061,388.2514925671821
13.208,1920.0476935439608,1432.5189798019262,385.9351942987078
13.23,1961.9943382268307,1544.2291454956699,393.8751470772296
13.23,1824.3970806681668,1509.6964054070827,391.8572657159288
13.251,1912.6248299523236,1500.9119569354157,376.8738618118698
13.251,1964.027601179103,1496.5203786945813,393.07864468736295
13.252,1876.5859763801568,1465.690713467113,359.91560732846904
13.252,1772.5576598018436,1463.7124675862074,369.0046542390942
13.273,1912.8337857596978,1611.4810597017658,361.2440157951958
13.273,1763.285074865536,1547.7963295212976,387.1088042314924
13.294,2013.0692876178264,1477.394962476959,377.53732855377075
13.294,1945.272628089355,1489.8927459036875,402.5543201994594
13.316,1839.6660859977596,1441.681989130467,364.5593691884722
13.316,1788.1092306500084,1570.9873581277168,393.64894061851805
13.337,1835.2338013074368,1525.0153984553233,380.73412618438164
13.337,1892.160208940607,1464.8417378572249,379.7405846087302
13.357,1813.858547802462,1556.9699065098628,351.2018761818354
13.357,1786.6436104304814,1465.171955466917,371.22303726999
13.377,1864.5489405173728,1497.574620833744,377.0358942961955
13.377,1814.9684627469562,1588.6546145214882,391.6125044004794
13.399,1925.247158408802,1463.5149341478875,378.30366798456635
13.4,1834.0973508542234,1564.9534790895145,403.5453994878609
13.418,1826.3535172274862,1585.5087080112066,405.907450096924
13.418,1918.4011457168815,1471.1040884072897,402.92619244013207
13.419,1862.7408899702161,1626.0631994867279,374.220097168795
13.419,1793.22617922216,1470.0994639659468,369.18310449528366
13.439,1695.3674665288936,1577.3241930660106,384.12610733958087
13.439,1925.0161448356735,1398.5915026725718,396.8805546322837
13.461,1797.6043769816222,1556.4404951356223,400.3423392781508
13.461,1910.851379911086,1507.9002033132447,372.8101234620741
13.481,1929.6811334897354,1595.7684301882646,391.6073990125638
13.481,1879.9983089682617,1500.8995048985637,391.79616460017803
13.5,2031.8035284153839,1544.4597291060795,345.79909870442407
13.5,1872.21880597821,1586.5559368047066,379.849654806951
13.522,1990.7304654092966,1470.8124343581571,382.90697428202157
13.523,1991.133655466374,1533.647619910365,387.1143715783552
13.542,1958.6720192674786,1591.6126772288283,386.07945438226415
13.542,1861.5127403867468,1531.1975147259811,377.6110748140077
13.562,1785.6348919103787,1542.122516774402,389.5910548183792
13.562,1879.0445809880596,1450.9072998235285,397.5842128702086
13.585,1902.8840155510752,1507.9545115826286,373.2148870374325
13.585,1890.7800850148462,1442.2826997126153,391.34978522925803
13.585,1964.8786541575857,1438.7784407854292,380.94967990415955
13.585,1886.56501364865,1455.5808625443294,384.83676193649467
13.603,1897.9224346957774,1428.5752643076223,385.840279471658
13.603,1786.4124973212115,1548.9165788803223,389.6253048393745
13.624,1974.217765730029,1550.9322244574719,398.2849148775463
13.624,1846.770996072215,1595.1431294226556,411.65234220820815
13.644,2035.227414586698,1434.2165387357752,397.5502966457559
13.644,1829.9824127465815,1530.4637216216597,365.55490848425995
13.664,1887.4964657727703,1592.2164476259109,369.67894461983707
13.664,1947.8900007454927,1416.1331373385046,368.76640817502664
13.685,1835.2871738947983,1517.0640420129992,383.6845305594941
13.686,1945.7273167908659,1346.5568909784545,369.4595963966655
13.706,1977.697974776103,1516.6240015401393,384.93116960603675
13.706,1798.185474182352,1606.1600403554346,356.95113337341303
13.726,1935.6353583361624,1575.4080995127977,354.0973166241906
13.726,1826.034318281117,1625.9779733881808,368.69279799159676
13.749,1837.7537970227713,1626.2570812094991,401.2076021005682
13.749,1880.4421735886872,1555.4354375339285,394.3980598400769
13.749,1956.4688721916332,1661.4808755489078,396.04059667092326
13.749,1857.2991121958262,1601.1165112600604,358.58489323938335
13.768,1828.412701384444,1639.6435807488474,375.60383280568124
13.768,1926.4442834041872,1539.0944502271295,384.8235339758454
13.789,1918.898115405779,1495.438834062115,381.86921743965837
13.789,1811.8457916942298,1547.6618234330979,346.71882162016686
13.809,1897.3776760354426,1362.6828213844465,354.06953135680175
13.809,1977.3084975320512,1526.1428947381653,386.1816753616336
13.83,1885.0407803079968,1501.900871352448,371.04125219107505
13.83,1868.0034500842505,1580.0887624118986,372.3778258283743
13.851,1857.0267406767491,1543.1077166271132,367.7480895036617
13.851,1870.4713506878086,1590.324113478679,395.7936382844824
13.871,1902.483619797801,1526.112342630031,442.24374112854434
13.871,2023.043756768863,1488.1144578514998,370.20160192075485
13.892,1799.0959891301577,1548.467319420715,393.3659288258689
13.892,1802.872765139501,1515.3781961150398,405.01737069466094
13.914,1878.9170507634417,1598.3755756096523,379.9093287824129
13.914,1834.1263087231678,1513.7624606648917,369.9537474956815
13.914,2070.2207557721085,1527.5940798710792,398.14810039355973
13.914,1796.2604753706648,1553.6310206859832,388.3815608109378
13.935,1796.462311378937,1587.7528112763912,388.3604988988498
13.935,1872.0441048520997,1518.8319278187219,383.6106098604734
13.955,1831.8826677101245,1508.2862890918877,398.7226309984046
13.955,1966.9607789772142,1590.4595379431214,377.04330799648807
13.977,1847.0041931538667,1425.6615252208119,355.6543401763143
13.977,1891.4743897763121,1529.6783315778828,405.10362495088754
13.998,1842.4852661360576,1584.8811009962235,370.9987422783356
13.998,2107.143946108698,1587.2745936247638,400.3342083906043
14.018,1857.5219825356555,1463.2462842966306,382.5652716502712
14.018,1982.911657314015,1484.2262637851559,374.9872023726001
14.04,1912.2757311081077,1488.5328819897063,381.926113232931
14.04,1877.0931500320312,1691.8154373979191,411.56189729165834
14.06,1860.5502635596335,1506.89430106381,390.3170594658827
14.06,1895.1360148688839,1586.1979464314265,395.40622143656657
14.081,1840.3368832548938,1538.009290809443,383.2716834458744
14.081,1920.1741032433467,1474.938106243871,366.00742329456125
14.082,1855.5450946044352,1582.698651280843,410.20390395576567
14.082,1953.036785652249,1453.65819333046,376.4627167139405
14.103,1851.7095806253524,1506.0865328723837,396.315635372315
14.103,1768.3056459729403,1479.5630631306533,369.87876136236605
14.124,1902.3964419171646,1538.7497183903242,368.334166681677
14.124,1858.7347934564748,1525.894273825241,395.28057858190147
14.144,1904.145716378362,1548.8399768474947,364.67298413438425
14.144,1886.57012145739,1457.4703685790184,407.4018426334094
14.164,1900.4449978237408,1539.6609531003942,409.69218993469406
14.164,1837.895856975606,1573.196773768722,371.0681560495409
14.184,1877.9953417916258,1510.4593693278005,375.0575359503336
14.184,1824.4805931982203,1678.6393963319613,391.0080203813392
14.205,1957.8419014717833,1521.183576948837,336.9974918767276
14.205,1921.1093850425527,1559.7029236411702,359.43984859660907
14.247,2048.6247752563095,1535.9712448702767,385.1665428801154
14.247,1823.8832015734167,1593.4518474706815,394.51571520638015
14.247,1841.2683692294845,1548.5188941038948,401.83581765333105
14.248,2029.1487898280348,1571.4739679134798,377.65375417987383
14.248,1755.6554183499645,1560.3772699219758,403.5924233182759
14.248,1886.9120712591375,1593.268881986876,385.1625585753899
14.269,1879.9282610150979,1518.69612256762,380.71187925533167
14.269,1786.9444278597598,1406.9393439636408,394.6954070457791
14.288,1957.5575550907765,1559.020600420002,354.35766194238954
14.288,1872.4771389288564,1585.631788770248,401.978359396859
14.309,1887.1533281631075,1657.412757563933,355.74997567098285
14.309,1962.053426404571,1554.8989096557787,396.85132356779104
14.329,1832.1300986084407,1574.8441469063148,396.94090912077377
14.329,1966.6516413256513,1539.6020058140446,378.62280813513087
14.35,1912.8591220685053,1499.1147709385089,408.55181141319474
14.35,1851.2258095500633,1593.1638309135867,369.1181404692784
14.371,1904.6033744818515,1638.0763897015684,402.98580779413754
14.371,1931.203621352455,1554.3370018481842,398.9423453283898
14.392,1849.6374952063163,1410.0049847963294,380.72369079881264
14.392,1844.6557196265944,1491.2627306629954,376.3594473873926
14.433,1677.0927497304363,1453.3991251851655,378.58308938557514
14.433,1925.1566825117197,1536.861836990335,356.8949419027636
14.433,1773.5628409275125,1626.3540783194287,388.2825482488879
14.433,1920.2176355338577,1596.2032697770358,357.21199932975276
14.434,1908.962426516384,1430.0982237111718,404.93696122634634
14.434,1843.8583223368141,1563.307227988039,378.4511927469068
14.454,1826.5256293282516,1577.7965552210783,383.4697313934199
14.454,2002.368433158128,1546.910331745592,348.84704800167833
14.474,1889.5613353163117,1567.2728143353274,404.17955428469816
14.475,1994.1566085407646,1496.939271800862,398.7195309885362
14.495,1950.556552940565,1500.4088777457507,389.89966192001964
14.495,1871.9476637224518,1465.074463969179,394.3312164927629
14.515,1845.4015998811374,1549.8624222662318,388.42612940455604
14.516,1927.3548760526387,1646.1605115119405,386.9416484447614
14.557,1866.5026744953307,1634.0755179487128,395.9535841598816
14.557,1830.9054735833513,1599.791574255786,361.20746757249543
14.557,1943.8521111061941,1505.1414848517852,370.08527000787524
14.557,1831.9549971633157,1578.8416864699893,424.02065427533717
14.577,1969.0333812832703,1530.6908897955464,389.3079368836285
14.577,1950.1810802432822,1513.409226342362,380.25095094134326
14.577,2024.9508094082355,1557.353701465016,376.7728534890988
14.577,1891.6495397107449,1517.695069841859,380.9096854938102
14.598,1884.5576725875228,1544.1903782739787,394.1138697024734
14.598,2015.730639131695,1540.088114867767,374.68692528831787
14.619,1835.0570021183232,1601.539180168653,388.4975918422748
14.619,1920.9501385199749,1514.5068467980302,387.79609173436955
14.639,1884.607710492986,1533.799868522376,350.9774825033927
14.639,1875.5912560133966,1538.0188811125015,394.9756474501062
14.66,1850.559848414937,1543.5885710841937,379.09509728629024
14.661,1860.9269711623224,1429.271575862356,423.6776525752738
14.681,1840.3670039673127,1535.282138656058,368.2719704115258
14.681,1844.3745191764713,1419.4808236423908,387.16379267424037
14.703,1879.311883708949,1494.2289323468663,356.82915040544043
14.703,1905.478570482262,1569.4061149263612,389.51137836415677
14.723,1940.046427195345,1563.299053052172,372.5389693569972
14.723,1900.2266885901363,1608.1688426882793,373.8264062301088
14.743,1894.4456149082423,1489.9087989033517,391.6002116388093
14.743,2013.0524039484949,1604.5063134754298,386.8043422097112
14.743,1916.16183818907,1543.0518563220637,374.26288322882743
14.743,1943.2085575359968,1508.0947475555538,391.29488894003305
14.764,1946.4251415159222,1579.4960531625156,407.71477520940215
14.764,1921.0792040893832,1498.5618358501927,372.68847524497113
14.784,1809.395892195971,1464.74692403172,387.9636466884324
14.784,1963.2331376768022,1513.4944311584757,365.94291936572495
14.804,1885.3984343108473,1515.1712968958527,411.7099586229201
14.804,1868.1042250750806,1370.9221047047677,399.3472388712406
14.826,1964.2894334038292,1602.4652826796973,402.0782138750276
14.826,1969.3210457419323,1594.547852305004,361.3202732245048
14.847,1885.1908159360223,1424.6759228641902,386.85925346330777
14.847,1904.4182967726651,1558.197975104596,376.5897892635225
14.869,1786.7344624740783,1434.300650994014,393.0268657321044
14.869,1891.6357082573502,1612.9644710964337,401.7201410264609
14.889,1876.5889229813488,1550.8912977996808,387.8258440387837
14.889,1940.367568791771,1488.7343871048113,397.84410530651735
14.909,1912.215920246127,1565.8347134812634,363.2510572412076
14.909,1892.7869588212486,1603.1672910134887,390.1188138566311
14.909,1932.3542144925634,1546.6231659502398,369.5270033831884
14.909,1966.5396039438883,1588.749494877041,397.13263681129916
14.931,1891.0060432280645,1570.7412664132582,391.6199601975724
14.931,1789.37633761181,1523.1825904214643,391.37373740187275
14.951,1879.5282200028673,1572.923614281072,364.67005816139044
14.951,1812.4124394603518,1588.339858451861,388.9832019116791
14.971,1793.0012695309335,1515.7983082793698,392.31095087589114
14.971,1848.205545995739,1563.3849539637265,369.90399080444985
15.01,1972.0699764912788,1494.3514994336692,373.22750621807995
15.01,1836.5059985540404,1530.6959502538293,371.9142479969211
