Time,25W,25X,25Y
0.008,2262.5160274567343,1846.5808976454537,2962.8695236685303
0.008,2259.3083015198863,1847.650139624403,2971.423459500125
0.031,2259.3083015198863,1847.650139624403,2971.423459500125
0.031,2267.862237351481,1840.1654457717577,2968.215733563277
0.032,2267.862237351481,1840.1654457717577,2968.215733563277
0.032,2268.93147933043,1843.3731717086057,2963.9387656474796
0.058,2268.93147933043,1843.3731717086057,2963.9387656474796
0.058,2261.446785477785,1838.0269618138593,2965.008007626429
0.085,2261.446785477785,1838.0269618138593,2965.008007626429
0.085,2262.5160274567343,1835.8884778559607,2973.5619434580235
0.085,2262.5160274567343,1835.8884778559607,2973.5619434580235
0.113,2266.7929953725315,1845.5116556665043,2972.492701479074
0.113,2266.7929953725315,1845.5116556665043,2972.492701479074
0.14,2268.93147933043,1834.8192358770114,2963.9387656474796
0.14,2268.93147933043,1834.8192358770114,2963.9387656474796
0.14,2259.3083015198863,1844.442413687555,2966.0772496053783
0.167,2259.3083015198863,1844.442413687555,2966.0772496053783
0.168,2267.862237351481,1833.749993898062,2971.423459500125
0.194,2267.862237351481,1833.749993898062,2971.423459500125
0.194,2259.3083015198863,1836.95771983491,2966.0772496053783
0.194,2259.3083015198863,1836.95771983491,2966.0772496053783
0.194,2256.1005755830383,1850.857865561251,2963.9387656474796
0.219,2256.1005755830383,1850.857865561251,2963.9387656474796
0.246,2262.5160274567343,1840.1654457717577,2968.215733563277
0.246,2262.5160274567343,1840.1654457717577,2968.215733563277
0.247,2257.1698175619877,1836.95771983491,2966.0772496053783
0.247,2257.1698175619877,1836.95771983491,2966.0772496053783
0.276,2251.823607667241,1854.065591498099,2963.9387656474796
0.303,2251.823607667241,1854.065591498099,2963.9387656474796
0.303,2262.5160274567343,1838.0269618138593,2965.008007626429
0.303,2262.5160274567343,1838.0269618138593,2965.008007626429
0.303,2276.416173183075,1833.749993898062,2978.90815335277
0.33,2276.416173183075,1833.749993898062,2978.90815335277
0.33,2263.5852694356836,1840.1654457717577,2968.215733563277
0.357,2263.5852694356836,1840.1654457717577,2968.215733563277
0.357,2255.031333604089,1836.95771983491,2967.1464915843276
0.357,2255.031333604089,1836.95771983491,2967.1464915843276
0.357,2274.277689225177,1842.3039297296564,2983.1851212685674
0.386,2274.277689225177,1842.3039297296564,2983.1851212685674
0.386,2263.5852694356836,1844.442413687555,2974.631185436973
0.414,2263.5852694356836,1844.442413687555,2974.631185436973
0.415,2275.346931204126,1836.95771983491,2977.838911373821
0.416,2275.346931204126,1836.95771983491,2977.838911373821
0.416,2266.7929953725315,1840.1654457717577,2967.1464915843276
0.442,2266.7929953725315,1840.1654457717577,2967.1464915843276
0.442,2255.031333604089,1839.0962037928084,2963.9387656474796
0.47,2255.031333604089,1839.0962037928084,2963.9387656474796
0.47,2264.654511414633,1849.7886235823016,2948.9693779421896
0.471,2264.654511414633,1849.7886235823016,2948.9693779421896
0.471,2259.3083015198863,1842.3039297296564,2967.1464915843276
0.498,2259.3083015198863,1842.3039297296564,2967.1464915843276
0.498,2252.8928496461904,1842.3039297296564,2971.423459500125
0.526,2252.8928496461904,1842.3039297296564,2971.423459500125
0.526,2265.7237533935822,1844.442413687555,2967.1464915843276
0.526,2265.7237533935822,1844.442413687555,2967.1464915843276
0.526,2260.3775434988356,1844.442413687555,2974.631185436973
0.555,2260.3775434988356,1844.442413687555,2974.631185436973
0.555,2256.1005755830383,1835.8884778559607,2951.107861900088
0.582,2256.1005755830383,1835.8884778559607,2951.107861900088
0.582,2260.3775434988356,1845.5116556665043,2963.9387656474796
0.61,2260.3775434988356,1845.5116556665043,2963.9387656474796
0.61,2271.069963288329,1838.0269618138593,2971.423459500125
0.61,2271.069963288329,1838.0269618138593,2971.423459500125
0.611,2270.0007213093795,1839.0962037928084,2975.700427415922
0.638,2270.0007213093795,1839.0962037928084,2975.700427415922
0.638,2259.3083015198863,1843.3731717086057,2963.9387656474796
0.639,2259.3083015198863,1843.3731717086057,2963.9387656474796
0.639,2244.338913814596,1848.7193816033523,2968.215733563277
0.665,2244.338913814596,1848.7193816033523,2968.215733563277
0.665,2264.654511414633,1843.3731717086057,2966.0772496053783
0.693,2264.654511414633,1843.3731717086057,2966.0772496053783
0.693,2263.5852694356836,1844.442413687555,2959.661797731683
0.693,2263.5852694356836,1844.442413687555,2959.661797731683
0.693,2268.93147933043,1841.234687750707,2958.5925557527335
0.72,2268.93147933043,1841.234687750707,2958.5925557527335
0.72,2266.7929953725315,1845.5116556665043,2955.3848298158855
0.747,2266.7929953725315,1845.5116556665043,2955.3848298158855
0.747,2263.5852694356836,1828.4037840033154,2970.3542175211755
0.748,2263.5852694356836,1828.4037840033154,2970.3542175211755
0.748,2260.3775434988356,1848.7193816033523,2954.315587836936
0.775,2260.3775434988356,1848.7193816033523,2954.315587836936
0.775,2256.1005755830383,1846.5808976454537,2966.0772496053783
0.809,2256.1005755830383,1846.5808976454537,2966.0772496053783
0.809,2258.239059540937,1849.7886235823016,2958.5925557527335
0.829,2258.239059540937,1849.7886235823016,2958.5925557527335
0.829,2262.5160274567343,1841.234687750707,2972.492701479074
0.829,2262.5160274567343,1841.234687750707,2972.492701479074
0.83,2248.615881730393,1838.0269618138593,2961.800281689581
0.85,2248.615881730393,1838.0269618138593,2961.800281689581
0.871,2256.1005755830383,1833.749993898062,2958.5925557527335
0.872,2256.1005755830383,1833.749993898062,2958.5925557527335
0.89,2265.7237533935822,1844.442413687555,2941.4846840895443
0.891,2265.7237533935822,1844.442413687555,2941.4846840895443
0.891,2261.446785477785,1847.650139624403,2950.038619921139
0.891,2261.446785477785,1847.650139624403,2950.038619921139
0.911,2261.446785477785,1845.5116556665043,2978.90815335277
0.911,2261.446785477785,1845.5116556665043,2978.90815335277
0.932,2264.654511414633,1833.749993898062,2961.800281689581
0.932,2264.654511414633,1833.749993898062,2961.800281689581
0.953,2266.7929953725315,1849.7886235823016,2961.800281689581
0.953,2266.7929953725315,1849.7886235823016,2961.800281689581
0.975,2257.1698175619877,1846.5808976454537,2968.215733563277
0.975,2257.1698175619877,1846.5808976454537,2968.215733563277
0.996,2266.7929953725315,1840.1654457717577,2973.5619434580235
0.996,2266.7929953725315,1840.1654457717577,2973.5619434580235
1.018,2261.446785477785,1860.4810433717946,2958.5925557527335
1.018,2261.446785477785,1860.4810433717946,2958.5925557527335
1.038,2253.9620916251397,1842.3039297296564,2968.215733563277
1.038,2253.9620916251397,1842.3039297296564,2968.215733563277
1.058,2261.446785477785,1851.9271075402003,2968.215733563277
1.058,2261.446785477785,1851.9271075402003,2968.215733563277
1.059,2266.7929953725315,1846.5808976454537,2966.0772496053783
1.059,2266.7929953725315,1846.5808976454537,2966.0772496053783
1.08,2261.446785477785,1844.442413687555,2976.7696693948715
1.08,2261.446785477785,1844.442413687555,2976.7696693948715
1.101,2263.5852694356836,1843.3731717086057,2966.0772496053783
1.101,2263.5852694356836,1843.3731717086057,2966.0772496053783
1.122,2252.8928496461904,1843.3731717086057,2975.700427415922
1.122,2252.8928496461904,1843.3731717086057,2975.700427415922
1.145,2257.1698175619877,1842.3039297296564,2969.284975542226
1.145,2257.1698175619877,1842.3039297296564,2969.284975542226
1.164,2276.416173183075,1869.0349792033892,2989.6005731422633
1.164,2276.416173183075,1869.0349792033892,2989.6005731422633
1.185,2258.239059540937,1846.5808976454537,2965.008007626429
1.185,2258.239059540937,1846.5808976454537,2965.008007626429
1.205,2263.5852694356836,1840.1654457717577,2967.1464915843276
1.205,2263.5852694356836,1840.1654457717577,2967.1464915843276
1.228,2252.8928496461904,1848.7193816033523,2966.0772496053783
1.228,2252.8928496461904,1848.7193816033523,2966.0772496053783
1.229,2255.031333604089,1831.6115099401634,2966.0772496053783
1.229,2255.031333604089,1831.6115099401634,2966.0772496053783
1.247,2261.446785477785,1843.3731717086057,2979.9773953317194
1.247,2261.446785477785,1843.3731717086057,2979.9773953317194
1.268,2262.5160274567343,1842.3039297296564,2971.423459500125
1.268,2262.5160274567343,1842.3039297296564,2971.423459500125
1.289,2261.446785477785,1841.234687750707,2965.008007626429
1.289,2246.4773977724944,1845.5116556665043,2963.9387656474796
1.332,2261.446785477785,1841.234687750707,2965.008007626429
1.332,2246.4773977724944,1845.5116556665043,2963.9387656474796
1.332,2268.93147933043,1838.0269618138593,2965.008007626429
1.333,2268.93147933043,1838.0269618138593,2965.008007626429
1.354,2267.862237351481,1829.4730259822647,2970.3542175211755
1.354,2267.862237351481,1829.4730259822647,2970.3542175211755
1.372,2267.862237351481,1842.3039297296564,2960.7310397106316
1.372,2267.862237351481,1842.3039297296564,2960.7310397106316
1.393,2264.654511414633,1838.0269618138593,2967.1464915843276
1.394,2264.654511414633,1838.0269618138593,2967.1464915843276
1.394,2272.139205267278,1843.3731717086057,2967.1464915843276
1.394,2272.139205267278,1843.3731717086057,2967.1464915843276
1.415,2258.239059540937,1825.1960580664675,2969.284975542226
1.415,2258.239059540937,1825.1960580664675,2969.284975542226
1.435,2267.862237351481,1835.8884778559607,2967.1464915843276
1.435,2267.862237351481,1835.8884778559607,2967.1464915843276
1.457,2267.862237351481,1844.442413687555,2974.631185436973
1.457,2267.862237351481,1844.442413687555,2974.631185436973
1.479,2265.7237533935822,1835.8884778559607,2962.8695236685303
1.479,2265.7237533935822,1835.8884778559607,2962.8695236685303
1.502,2250.7543656882917,1841.234687750707,2950.038619921139
1.502,2250.7543656882917,1841.234687750707,2950.038619921139
1.522,2259.3083015198863,1843.3731717086057,2958.5925557527335
1.522,2259.3083015198863,1843.3731717086057,2958.5925557527335
1.542,2266.7929953725315,1840.1654457717577,2962.8695236685303
1.543,2266.7929953725315,1840.1654457717577,2962.8695236685303
1.563,2266.7929953725315,1845.5116556665043,2966.0772496053783
1.563,2266.7929953725315,1845.5116556665043,2966.0772496053783
1.563,2258.239059540937,1849.7886235823016,2958.5925557527335
1.563,2258.239059540937,1849.7886235823016,2958.5925557527335
1.584,2258.239059540937,1829.4730259822647,2965.008007626429
1.584,2258.239059540937,1829.4730259822647,2965.008007626429
1.605,2260.3775434988356,1841.234687750707,2962.8695236685303
1.605,2260.3775434988356,1841.234687750707,2962.8695236685303
1.627,2272.139205267278,1841.234687750707,2983.1851212685674
1.627,2272.139205267278,1841.234687750707,2983.1851212685674
1.647,2261.446785477785,1850.857865561251,2966.0772496053783
1.647,2261.446785477785,1850.857865561251,2966.0772496053783
1.668,2266.7929953725315,1841.234687750707,2971.423459500125
1.668,2266.7929953725315,1841.234687750707,2971.423459500125
1.691,2258.239059540937,1833.749993898062,2961.800281689581
1.691,2258.239059540937,1833.749993898062,2961.800281689581
1.711,2264.654511414633,1842.3039297296564,2960.7310397106316
1.711,2264.654511414633,1842.3039297296564,2960.7310397106316
1.731,2275.346931204126,1844.442413687555,2961.800281689581
1.731,2275.346931204126,1844.442413687555,2961.800281689581
1.732,2262.5160274567343,1826.2653000454168,2955.3848298158855
1.732,2262.5160274567343,1826.2653000454168,2955.3848298158855
1.752,2262.5160274567343,1840.1654457717577,2960.7310397106316
1.752,2262.5160274567343,1840.1654457717577,2960.7310397106316
1.772,2252.8928496461904,1839.0962037928084,2971.423459500125
1.772,2252.8928496461904,1839.0962037928084,2971.423459500125
1.794,2266.7929953725315,1838.0269618138593,2976.7696693948715
1.794,2266.7929953725315,1838.0269618138593,2976.7696693948715
1.815,2252.8928496461904,1840.1654457717577,2961.800281689581
1.815,2252.8928496461904,1840.1654457717577,2961.800281689581
1.837,2270.0007213093795,1836.95771983491,2969.284975542226
1.837,2270.0007213093795,1836.95771983491,2969.284975542226
1.859,2260.3775434988356,1836.95771983491,2965.008007626429
1.859,2260.3775434988356,1836.95771983491,2965.008007626429
1.88,2260.3775434988356,1842.3039297296564,2962.8695236685303
1.88,2260.3775434988356,1842.3039297296564,2962.8695236685303
1.899,2259.3083015198863,1831.6115099401634,2967.1464915843276
1.899,2259.3083015198863,1831.6115099401634,2967.1464915843276
1.9,2265.7237533935822,1835.8884778559607,2962.8695236685303
1.9,2265.7237533935822,1835.8884778559607,2962.8695236685303
1.921,2266.7929953725315,1839.0962037928084,2972.492701479074
1.921,2266.7929953725315,1839.0962037928084,2972.492701479074
1.941,2259.3083015198863,1839.0962037928084,2966.0772496053783
1.941,2259.3083015198863,1839.0962037928084,2966.0772496053783
1.962,2258.239059540937,1842.3039297296564,2963.9387656474796
1.962,2258.239059540937,1842.3039297296564,2963.9387656474796
2.004,2257.1698175619877,1843.3731717086057,2973.5619434580235
2.005,2257.1698175619877,1843.3731717086057,2973.5619434580235
2.005,2263.5852694356836,1838.0269618138593,2982.115879289618
2.005,2263.5852694356836,1838.0269618138593,2982.115879289618
2.025,2257.1698175619877,1847.650139624403,2966.0772496053783
2.025,2257.1698175619877,1847.650139624403,2966.0772496053783
2.045,2266.7929953725315,1832.6807519191127,2967.1464915843276
2.045,2266.7929953725315,1832.6807519191127,2967.1464915843276
2.066,2247.5466397514438,1836.95771983491,2967.1464915843276
2.066,2247.5466397514438,1836.95771983491,2967.1464915843276
2.066,2258.239059540937,1835.8884778559607,2967.1464915843276
2.066,2258.239059540937,1835.8884778559607,2967.1464915843276
2.087,2266.7929953725315,1904.3199645087163,2954.315587836936
2.087,2266.7929953725315,1904.3199645087163,2954.315587836936
2.107,2266.7929953725315,1839.0962037928084,2898.715004931572
2.107,2266.7929953725315,1839.0962037928084,2898.715004931572
2.128,2257.1698175619877,1847.650139624403,2901.92273086842
2.129,2257.1698175619877,1847.650139624403,2901.92273086842
2.15,2262.5160274567343,1843.3731717086057,2891.230311078927
2.15,2262.5160274567343,1843.3731717086057,2891.230311078927
2.171,2258.239059540937,1838.0269618138593,2895.507278994724
2.171,2258.239059540937,1838.0269618138593,2895.507278994724
2.192,2258.239059540937,1858.342559413896,2899.7842469105212
2.192,2258.239059540937,1858.342559413896,2899.7842469105212
2.216,2263.5852694356836,1842.3039297296564,2898.715004931572
2.216,2263.5852694356836,1842.3039297296564,2898.715004931572
2.234,2263.5852694356836,1845.5116556665043,2898.715004931572
2.234,2263.5852694356836,1845.5116556665043,2898.715004931572
2.234,2257.1698175619877,1844.442413687555,2892.299553057876
2.234,2257.1698175619877,1844.442413687555,2892.299553057876
2.255,2258.239059540937,1849.7886235823016,2906.199698784217
2.255,2258.239059540937,1849.7886235823016,2906.199698784217
2.276,2266.7929953725315,1836.95771983491,2914.7536346158117
2.276,2266.7929953725315,1836.95771983491,2914.7536346158117
2.299,2257.1698175619877,1854.065591498099,2893.3687950368253
2.299,2257.1698175619877,1854.065591498099,2893.3687950368253
2.322,2264.654511414633,1852.9963495191496,2912.615150657913
2.322,2264.654511414633,1852.9963495191496,2912.615150657913
2.342,2253.9620916251397,1838.0269618138593,2910.4766667000144
2.342,2253.9620916251397,1838.0269618138593,2910.4766667000144
2.385,2263.5852694356836,1840.1654457717577,2923.3075704474063
2.385,2263.5852694356836,1840.1654457717577,2923.3075704474063
2.385,2266.7929953725315,1846.5808976454537,2908.338182742116
2.385,2266.7929953725315,1846.5808976454537,2908.338182742116
2.406,2276.416173183075,1852.9963495191496,2919.030602531609
2.406,2276.416173183075,1852.9963495191496,2919.030602531609
2.406,2264.654511414633,1851.9271075402003,2905.130456805268
2.406,2264.654511414633,1851.9271075402003,2905.130456805268
2.426,2258.239059540937,1835.8884778559607,2909.407424721065
2.426,2258.239059540937,1835.8884778559607,2909.407424721065
2.447,2259.3083015198863,1838.0269618138593,2898.715004931572
2.447,2259.3083015198863,1838.0269618138593,2898.715004931572
2.468,2276.416173183075,1851.9271075402003,2922.238328468457
2.469,2276.416173183075,1851.9271075402003,2922.238328468457
2.489,2275.346931204126,1834.8192358770114,2917.9613605526597
2.489,2275.346931204126,1834.8192358770114,2917.9613605526597
2.511,2265.7237533935822,1846.5808976454537,2913.6843926368624
2.511,2265.7237533935822,1846.5808976454537,2913.6843926368624
2.532,2271.069963288329,1839.0962037928084,2907.2689407631665
2.532,2271.069963288329,1839.0962037928084,2907.2689407631665
2.553,2263.5852694356836,1846.5808976454537,2906.199698784217
2.553,2263.5852694356836,1846.5808976454537,2906.199698784217
2.573,2257.1698175619877,1846.5808976454537,2908.338182742116
2.573,2257.1698175619877,1846.5808976454537,2908.338182742116
2.575,2266.7929953725315,1848.7193816033523,2905.130456805268
2.575,2266.7929953725315,1848.7193816033523,2905.130456805268
2.592,2257.1698175619877,1838.0269618138593,2912.615150657913
2.592,2257.1698175619877,1838.0269618138593,2912.615150657913
2.614,2255.031333604089,1833.749993898062,2901.92273086842
2.614,2255.031333604089,1833.749993898062,2901.92273086842
2.636,2272.139205267278,1854.065591498099,2916.8921185737104
2.636,2272.139205267278,1854.065591498099,2916.8921185737104
2.655,2260.3775434988356,1854.065591498099,2913.6843926368624
2.655,2260.3775434988356,1854.065591498099,2913.6843926368624
2.676,2262.5160274567343,1850.857865561251,2907.2689407631665
2.676,2262.5160274567343,1850.857865561251,2907.2689407631665
2.696,2265.7237533935822,1848.7193816033523,2916.8921185737104
2.696,2265.7237533935822,1848.7193816033523,2916.8921185737104
2.718,2260.3775434988356,1844.442413687555,2908.338182742116
2.718,2260.3775434988356,1844.442413687555,2908.338182742116
2.738,2271.069963288329,1848.7193816033523,2907.2689407631665
2.738,2271.069963288329,1848.7193816033523,2907.2689407631665
2.738,2265.7237533935822,1854.065591498099,2919.030602531609
2.738,2265.7237533935822,1854.065591498099,2919.030602531609
2.759,2268.93147933043,1850.857865561251,2909.407424721065
2.759,2268.93147933043,1850.857865561251,2909.407424721065
2.78,2265.7237533935822,1847.650139624403,2913.6843926368624
2.78,2265.7237533935822,1847.650139624403,2913.6843926368624
2.801,2260.3775434988356,1844.442413687555,2917.9613605526597
2.801,2260.3775434988356,1844.442413687555,2917.9613605526597
2.822,2265.7237533935822,1849.7886235823016,2924.3768124263556
2.822,2265.7237533935822,1849.7886235823016,2924.3768124263556
2.842,2252.8928496461904,1839.0962037928084,2920.0998445105583
2.842,2252.8928496461904,1839.0962037928084,2920.0998445105583
2.863,2274.277689225177,1844.442413687555,2921.1690864895077
2.863,2274.277689225177,1844.442413687555,2921.1690864895077
2.884,2265.7237533935822,1846.5808976454537,2909.407424721065
2.884,2265.7237533935822,1846.5808976454537,2909.407424721065
2.904,2260.3775434988356,1852.9963495191496,2914.7536346158117
2.905,2260.3775434988356,1852.9963495191496,2914.7536346158117
2.905,2262.5160274567343,1846.5808976454537,2913.6843926368624
2.905,2262.5160274567343,1846.5808976454537,2913.6843926368624
2.927,2272.139205267278,1847.650139624403,2905.130456805268
2.927,2272.139205267278,1847.650139624403,2905.130456805268
2.949,2262.5160274567343,1843.3731717086057,2913.6843926368624
2.949,2262.5160274567343,1843.3731717086057,2913.6843926368624
2.969,2256.1005755830383,1846.5808976454537,2912.615150657913
2.969,2256.1005755830383,1846.5808976454537,2912.615150657913
2.989,2263.5852694356836,1849.7886235823016,2911.5459086789638
2.989,2263.5852694356836,1849.7886235823016,2911.5459086789638
3.01,2271.069963288329,1851.9271075402003,2920.0998445105583
3.01,2271.069963288329,1851.9271075402003,2920.0998445105583
3.03,2257.1698175619877,1846.5808976454537,2915.822876594761
3.03,2257.1698175619877,1846.5808976454537,2915.822876594761
3.051,2267.862237351481,1856.2040754559976,2920.0998445105583
3.051,2267.862237351481,1856.2040754559976,2920.0998445105583
3.075,2261.446785477785,1844.442413687555,2912.615150657913
3.075,2261.446785477785,1844.442413687555,2912.615150657913
3.075,2258.239059540937,1848.7193816033523,2917.9613605526597
3.075,2258.239059540937,1848.7193816033523,2917.9613605526597
3.097,2262.5160274567343,1849.7886235823016,2910.4766667000144
3.097,2262.5160274567343,1849.7886235823016,2910.4766667000144
3.117,2266.7929953725315,1856.2040754559976,2916.8921185737104
3.117,2266.7929953725315,1856.2040754559976,2916.8921185737104
3.139,2261.446785477785,1858.342559413896,2909.407424721065
3.139,2261.446785477785,1858.342559413896,2909.407424721065
3.16,2271.069963288329,1847.650139624403,2913.6843926368624
3.16,2271.069963288329,1847.650139624403,2913.6843926368624
3.18,2272.139205267278,1845.5116556665043,2904.0612148263185
3.18,2272.139205267278,1845.5116556665043,2904.0612148263185
3.202,2263.5852694356836,1852.9963495191496,2905.130456805268
3.202,2263.5852694356836,1852.9963495191496,2905.130456805268
3.246,2257.1698175619877,1817.7113642138224,2902.991972847369
3.246,2257.1698175619877,1817.7113642138224,2902.991972847369
3.247,2264.654511414633,1847.650139624403,2916.8921185737104
3.247,2264.654511414633,1847.650139624403,2916.8921185737104
3.247,2257.1698175619877,1851.9271075402003,2914.7536346158117
3.247,2257.1698175619877,1851.9271075402003,2914.7536346158117
3.267,2257.1698175619877,1863.6887693086426,2902.991972847369
3.267,2257.1698175619877,1863.6887693086426,2902.991972847369
3.287,2267.862237351481,1845.5116556665043,2908.338182742116
3.287,2267.862237351481,1845.5116556665043,2908.338182742116
3.307,2267.862237351481,1851.9271075402003,2914.7536346158117
3.308,2267.862237351481,1851.9271075402003,2914.7536346158117
3.328,2275.346931204126,1856.2040754559976,2910.4766667000144
3.328,2275.346931204126,1856.2040754559976,2910.4766667000144
3.349,2263.5852694356836,1842.3039297296564,2912.615150657913
3.349,2263.5852694356836,1842.3039297296564,2912.615150657913
3.37,2256.1005755830383,1845.5116556665043,2901.92273086842
3.37,2256.1005755830383,1845.5116556665043,2901.92273086842
3.39,2266.7929953725315,1841.234687750707,2911.5459086789638
3.39,2266.7929953725315,1841.234687750707,2911.5459086789638
3.411,2266.7929953725315,1843.3731717086057,2916.8921185737104
3.411,2266.7929953725315,1843.3731717086057,2916.8921185737104
3.412,2253.9620916251397,1849.7886235823016,2914.7536346158117
3.412,2253.9620916251397,1849.7886235823016,2914.7536346158117
3.433,2257.1698175619877,1843.3731717086057,2913.6843926368624
3.433,2257.1698175619877,1843.3731717086057,2913.6843926368624
3.453,2253.9620916251397,1845.5116556665043,2899.7842469105212
3.453,2253.9620916251397,1845.5116556665043,2899.7842469105212
3.475,2267.862237351481,1843.3731717086057,2910.4766667000144
3.475,2267.862237351481,1843.3731717086057,2910.4766667000144
3.495,2268.93147933043,1855.1348334770482,2914.7536346158117
3.495,2268.93147933043,1855.1348334770482,2914.7536346158117
3.515,2266.7929953725315,1847.650139624403,2920.0998445105583
3.515,2266.7929953725315,1847.650139624403,2920.0998445105583
3.536,2262.5160274567343,1840.1654457717577,2913.6843926368624
3.536,2262.5160274567343,1840.1654457717577,2913.6843926368624
3.558,2258.239059540937,1841.234687750707,2902.991972847369
3.558,2258.239059540937,1841.234687750707,2902.991972847369
3.578,2265.7237533935822,1845.5116556665043,2909.407424721065
3.578,2265.7237533935822,1845.5116556665043,2909.407424721065
3.578,2270.0007213093795,1858.342559413896,2901.92273086842
3.578,2270.0007213093795,1858.342559413896,2901.92273086842
3.598,2263.5852694356836,1847.650139624403,2925.4460544053045
3.599,2263.5852694356836,1847.650139624403,2925.4460544053045
3.62,2267.862237351481,1846.5808976454537,2916.8921185737104
3.62,2267.862237351481,1846.5808976454537,2916.8921185737104
3.639,2267.862237351481,1844.442413687555,2921.1690864895077
3.639,2267.862237351481,1844.442413687555,2921.1690864895077
3.661,2258.239059540937,1842.3039297296564,2916.8921185737104
3.661,2258.239059540937,1842.3039297296564,2916.8921185737104
3.681,2260.3775434988356,1855.1348334770482,2923.3075704474063
3.681,2260.3775434988356,1855.1348334770482,2923.3075704474063
3.701,2265.7237533935822,1843.3731717086057,2908.338182742116
3.701,2265.7237533935822,1843.3731717086057,2908.338182742116
3.724,2264.654511414633,1847.650139624403,2916.8921185737104
3.724,2264.654511414633,1847.650139624403,2916.8921185737104
3.746,2265.7237533935822,1852.9963495191496,2902.991972847369
3.746,2265.7237533935822,1852.9963495191496,2902.991972847369
3.747,2258.239059540937,1847.650139624403,2898.715004931572
3.747,2258.239059540937,1847.650139624403,2898.715004931572
3.767,2271.069963288329,1847.650139624403,2916.8921185737104
3.767,2271.069963288329,1847.650139624403,2916.8921185737104
3.787,2261.446785477785,1828.4037840033154,2920.0998445105583
3.787,2261.446785477785,1828.4037840033154,2920.0998445105583
3.807,2271.069963288329,1846.5808976454537,2921.1690864895077
3.807,2271.069963288329,1846.5808976454537,2921.1690864895077
3.828,2266.7929953725315,1840.1654457717577,2917.9613605526597
3.828,2266.7929953725315,1840.1654457717577,2917.9613605526597
3.849,2258.239059540937,1846.5808976454537,2909.407424721065
3.85,2258.239059540937,1846.5808976454537,2909.407424721065
3.87,2263.5852694356836,1856.2040754559976,2917.9613605526597
3.87,2263.5852694356836,1856.2040754559976,2917.9613605526597
3.892,2266.7929953725315,1848.7193816033523,2898.715004931572
3.892,2266.7929953725315,1848.7193816033523,2898.715004931572
3.916,2266.7929953725315,1848.7193816033523,2917.9613605526597
3.916,2266.7929953725315,1848.7193816033523,2917.9613605526597
3.917,2235.7849779830017,1836.95771983491,2911.5459086789638
3.917,2235.7849779830017,1836.95771983491,2911.5459086789638
3.956,2275.346931204126,1849.7886235823016,2905.130456805268
3.956,2275.346931204126,1849.7886235823016,2905.130456805268
3.956,2276.416173183075,1848.7193816033523,2912.615150657913
3.956,2276.416173183075,1848.7193816033523,2912.615150657913
3.974,2263.5852694356836,1852.9963495191496,2907.2689407631665
3.974,2263.5852694356836,1852.9963495191496,2907.2689407631665
3.995,2262.5160274567343,1856.2040754559976,2907.2689407631665
3.995,2262.5160274567343,1856.2040754559976,2907.2689407631665
4.016,2275.346931204126,1840.1654457717577,2909.407424721065
4.016,2275.346931204126,1840.1654457717577,2909.407424721065
4.038,2262.5160274567343,1849.7886235823016,2917.9613605526597
4.038,2262.5160274567343,1849.7886235823016,2917.9613605526597
4.059,2271.069963288329,1850.857865561251,2912.615150657913
4.059,2271.069963288329,1850.857865561251,2912.615150657913
4.078,2272.139205267278,1849.7886235823016,2909.407424721065
4.079,2272.139205267278,1849.7886235823016,2909.407424721065
4.079,2266.7929953725315,1849.7886235823016,2917.9613605526597
4.079,2266.7929953725315,1849.7886235823016,2917.9613605526597
4.1,2261.446785477785,1845.5116556665043,2913.6843926368624
4.1,2261.446785477785,1845.5116556665043,2913.6843926368624
4.12,2265.7237533935822,1844.442413687555,2915.822876594761
4.12,2265.7237533935822,1844.442413687555,2915.822876594761
4.141,2264.654511414633,1852.9963495191496,2902.991972847369
4.141,2264.654511414633,1852.9963495191496,2902.991972847369
4.162,2268.93147933043,1847.650139624403,2913.6843926368624
4.162,2268.93147933043,1847.650139624403,2913.6843926368624
4.183,2266.7929953725315,1848.7193816033523,2909.407424721065
4.183,2266.7929953725315,1848.7193816033523,2909.407424721065
4.203,2247.5466397514438,1849.7886235823016,2906.199698784217
4.203,2247.5466397514438,1849.7886235823016,2906.199698784217
4.224,2257.1698175619877,1834.8192358770114,2908.338182742116
4.224,2257.1698175619877,1834.8192358770114,2908.338182742116
4.245,2265.7237533935822,1848.7193816033523,2909.407424721065
4.245,2265.7237533935822,1848.7193816033523,2909.407424721065
4.245,2268.93147933043,1851.9271075402003,2933.999990236899
4.245,2268.93147933043,1851.9271075402003,2933.999990236899
4.265,2263.5852694356836,1847.650139624403,2910.4766667000144
4.265,2263.5852694356836,1847.650139624403,2910.4766667000144
4.286,2266.7929953725315,1842.3039297296564,2907.2689407631665
4.286,2266.7929953725315,1842.3039297296564,2907.2689407631665
4.308,2264.654511414633,1845.5116556665043,2908.338182742116
4.308,2264.654511414633,1845.5116556665043,2908.338182742116
4.328,2264.654511414633,1869.0349792033892,2912.615150657913
4.328,2264.654511414633,1869.0349792033892,2912.615150657913
4.351,2275.346931204126,1848.7193816033523,2925.4460544053045
4.351,2275.346931204126,1848.7193816033523,2925.4460544053045
4.37,2265.7237533935822,1849.7886235823016,2910.4766667000144
4.37,2265.7237533935822,1849.7886235823016,2910.4766667000144
4.391,2251.823607667241,1854.065591498099,2914.7536346158117
4.391,2251.823607667241,1854.065591498099,2914.7536346158117
4.412,2268.93147933043,1838.0269618138593,2894.4380370157746
4.412,2268.93147933043,1838.0269618138593,2894.4380370157746
4.412,2258.239059540937,1856.2040754559976,2909.407424721065
4.412,2258.239059540937,1856.2040754559976,2909.407424721065
4.432,2266.7929953725315,1842.3039297296564,2925.4460544053045
4.432,2266.7929953725315,1842.3039297296564,2925.4460544053045
4.454,2265.7237533935822,1844.442413687555,2911.5459086789638
4.454,2265.7237533935822,1844.442413687555,2911.5459086789638
4.475,2260.3775434988356,1842.3039297296564,2913.6843926368624
4.475,2260.3775434988356,1842.3039297296564,2913.6843926368624
4.495,2266.7929953725315,1841.234687750707,2916.8921185737104
4.495,2266.7929953725315,1841.234687750707,2916.8921185737104
4.517,2263.5852694356836,1842.3039297296564,2912.615150657913
4.517,2263.5852694356836,1842.3039297296564,2912.615150657913
4.537,2266.7929953725315,1842.3039297296564,2913.6843926368624
4.537,2266.7929953725315,1842.3039297296564,2913.6843926368624
4.557,2263.5852694356836,1838.0269618138593,2907.2689407631665
4.557,2263.5852694356836,1838.0269618138593,2907.2689407631665
4.578,2263.5852694356836,1849.7886235823016,2928.6537803421525
4.578,2263.5852694356836,1849.7886235823016,2928.6537803421525
4.578,2262.5160274567343,1854.065591498099,2902.991972847369
4.578,2262.5160274567343,1854.065591498099,2902.991972847369
4.598,2268.93147933043,1856.2040754559976,2916.8921185737104
4.598,2268.93147933043,1856.2040754559976,2916.8921185737104
4.62,2258.239059540937,1848.7193816033523,2916.8921185737104
4.62,2258.239059540937,1848.7193816033523,2916.8921185737104
4.643,2272.139205267278,1849.7886235823016,2915.822876594761
4.643,2272.139205267278,1849.7886235823016,2915.822876594761
4.662,2252.8928496461904,1838.0269618138593,2917.9613605526597
4.662,2252.8928496461904,1838.0269618138593,2917.9613605526597
4.683,2261.446785477785,1845.5116556665043,2909.407424721065
4.683,2261.446785477785,1845.5116556665043,2909.407424721065
4.703,2266.7929953725315,1851.9271075402003,2912.615150657913
4.703,2266.7929953725315,1851.9271075402003,2912.615150657913
4.723,2260.3775434988356,1858.342559413896,2908.338182742116
4.723,2260.3775434988356,1858.342559413896,2908.338182742116
4.766,2258.239059540937,1846.5808976454537,2915.822876594761
4.766,2258.239059540937,1846.5808976454537,2915.822876594761
4.766,2256.1005755830383,1855.1348334770482,2911.5459086789638
4.766,2256.1005755830383,1855.1348334770482,2911.5459086789638
4.767,2258.239059540937,1847.650139624403,2911.5459086789638
4.767,2258.239059540937,1847.650139624403,2911.5459086789638
4.785,2265.7237533935822,1850.857865561251,2912.615150657913
4.785,2265.7237533935822,1850.857865561251,2912.615150657913
4.806,2262.5160274567343,1838.0269618138593,2916.8921185737104
4.807,2262.5160274567343,1838.0269618138593,2916.8921185737104
4.827,2264.654511414633,1849.7886235823016,2920.0998445105583
4.827,2264.654511414633,1849.7886235823016,2920.0998445105583
4.848,2256.1005755830383,1841.234687750707,2912.615150657913
4.848,2256.1005755830383,1841.234687750707,2912.615150657913
4.868,2266.7929953725315,1848.7193816033523,2920.0998445105583
4.868,2266.7929953725315,1848.7193816033523,2920.0998445105583
4.891,2263.5852694356836,1854.065591498099,2905.130456805268
4.891,2263.5852694356836,1854.065591498099,2905.130456805268
4.911,2261.446785477785,1848.7193816033523,2910.4766667000144
4.911,2261.446785477785,1848.7193816033523,2910.4766667000144
4.912,2266.7929953725315,1845.5116556665043,2910.4766667000144
4.912,2266.7929953725315,1845.5116556665043,2910.4766667000144
4.952,2262.5160274567343,1859.4118013928453,2913.6843926368624
4.952,2262.5160274567343,1859.4118013928453,2913.6843926368624
4.952,2260.3775434988356,1854.065591498099,2912.615150657913
4.954,2260.3775434988356,1854.065591498099,2912.615150657913
4.973,2266.7929953725315,1847.650139624403,2913.6843926368624
4.974,2266.7929953725315,1847.650139624403,2913.6843926368624
4.996,2263.5852694356836,1857.2733174349466,2901.92273086842
4.996,2263.5852694356836,1857.2733174349466,2901.92273086842
5.016,2256.1005755830383,1846.5808976454537,2906.199698784217
5.016,2256.1005755830383,1846.5808976454537,2906.199698784217
5.037,2252.8928496461904,1846.5808976454537,2914.7536346158117
5.037,2252.8928496461904,1846.5808976454537,2914.7536346158117
5.057,2258.239059540937,1852.9963495191496,2893.3687950368253
5.057,2258.239059540937,1852.9963495191496,2893.3687950368253
5.079,2249.6851237093424,1844.442413687555,2913.6843926368624
5.079,2249.6851237093424,1844.442413687555,2913.6843926368624
5.079,2272.139205267278,1844.442413687555,2919.030602531609
5.079,2272.139205267278,1844.442413687555,2919.030602531609
5.099,2260.3775434988356,1841.234687750707,2911.5459086789638
5.099,2260.3775434988356,1841.234687750707,2911.5459086789638
5.142,2264.654511414633,1845.5116556665043,2916.8921185737104
5.142,2264.654511414633,1845.5116556665043,2916.8921185737104
5.142,2270.0007213093795,1854.065591498099,2916.8921185737104
5.143,2270.0007213093795,1854.065591498099,2916.8921185737104
5.162,2262.5160274567343,1845.5116556665043,2899.7842469105212
5.162,2262.5160274567343,1845.5116556665043,2899.7842469105212
5.183,2250.7543656882917,1859.4118013928453,2920.0998445105583
5.183,2250.7543656882917,1859.4118013928453,2920.0998445105583
5.204,2280.6931410988723,1845.5116556665043,2914.7536346158117
5.204,2280.6931410988723,1845.5116556665043,2914.7536346158117
5.225,2261.446785477785,1833.749993898062,2919.030602531609
5.225,2261.446785477785,1833.749993898062,2919.030602531609
5.247,2260.3775434988356,1845.5116556665043,2909.407424721065
5.247,2260.3775434988356,1845.5116556665043,2909.407424721065
5.247,2263.5852694356836,1851.9271075402003,2908.338182742116
5.248,2263.5852694356836,1851.9271075402003,2908.338182742116
5.266,2259.3083015198863,1861.550285350744,2912.615150657913
5.266,2259.3083015198863,1861.550285350744,2912.615150657913
5.288,2261.446785477785,1856.2040754559976,2907.2689407631665
5.288,2261.446785477785,1856.2040754559976,2907.2689407631665
5.308,2250.7543656882917,1842.3039297296564,2908.338182742116
5.308,2250.7543656882917,1842.3039297296564,2908.338182742116
5.329,2265.7237533935822,1846.5808976454537,2909.407424721065
5.33,2265.7237533935822,1846.5808976454537,2909.407424721065
5.35,2263.5852694356836,1872.2427051402371,2900.8534888894706
5.35,2263.5852694356836,1872.2427051402371,2900.8534888894706
5.371,2250.7543656882917,1840.1654457717577,2923.3075704474063
5.371,2250.7543656882917,1840.1654457717577,2923.3075704474063
5.393,2260.3775434988356,1851.9271075402003,2914.7536346158117
5.393,2260.3775434988356,1851.9271075402003,2914.7536346158117
5.409,2268.93147933043,1845.5116556665043,2910.4766667000144
5.41,2268.93147933043,1845.5116556665043,2910.4766667000144
5.41,2258.239059540937,1845.5116556665043,2900.8534888894706
5.41,2258.239059540937,1845.5116556665043,2900.8534888894706
5.43,2264.654511414633,1847.650139624403,2910.4766667000144
5.43,2264.654511414633,1847.650139624403,2910.4766667000144
5.453,2273.2084472462275,1839.0962037928084,2920.0998445105583
5.454,2273.2084472462275,1839.0962037928084,2920.0998445105583
5.473,2261.446785477785,1843.3731717086057,2914.7536346158117
5.473,2261.446785477785,1843.3731717086057,2914.7536346158117
5.494,2260.3775434988356,1840.1654457717577,2910.4766667000144
5.495,2260.3775434988356,1840.1654457717577,2910.4766667000144
5.517,2264.654511414633,1851.9271075402003,2914.7536346158117
5.517,2264.654511414633,1851.9271075402003,2914.7536346158117
5.536,2263.5852694356836,1844.442413687555,2908.338182742116
5.536,2263.5852694356836,1844.442413687555,2908.338182742116
5.557,2278.5546571409736,1840.1654457717577,2928.6537803421525
5.557,2278.5546571409736,1840.1654457717577,2928.6537803421525
5.578,2263.5852694356836,1852.9963495191496,2910.4766667000144
5.578,2263.5852694356836,1852.9963495191496,2910.4766667000144
5.578,2259.3083015198863,1839.0962037928084,2906.199698784217
5.578,2259.3083015198863,1839.0962037928084,2906.199698784217
5.6,2261.446785477785,1857.2733174349466,2915.822876594761
5.6,2261.446785477785,1857.2733174349466,2915.822876594761
5.621,2261.446785477785,1847.650139624403,2912.615150657913
5.621,2261.446785477785,1847.650139624403,2912.615150657913
5.641,2264.654511414633,1854.065591498099,2916.8921185737104
5.641,2264.654511414633,1854.065591498099,2916.8921185737104
5.662,2266.7929953725315,1846.5808976454537,2911.5459086789638
5.662,2266.7929953725315,1846.5808976454537,2911.5459086789638
5.682,2255.031333604089,1845.5116556665043,2911.5459086789638
5.682,2255.031333604089,1845.5116556665043,2911.5459086789638
5.704,2263.5852694356836,1849.7886235823016,2910.4766667000144
5.704,2263.5852694356836,1849.7886235823016,2910.4766667000144
5.724,2256.1005755830383,1844.442413687555,2909.407424721065
5.724,2256.1005755830383,1844.442413687555,2909.407424721065
5.744,2268.93147933043,1838.0269618138593,2914.7536346158117
5.744,2268.93147933043,1838.0269618138593,2914.7536346158117
5.745,2264.654511414633,1847.650139624403,2919.030602531609
5.745,2264.654511414633,1847.650139624403,2919.030602531609
5.765,2261.446785477785,1849.7886235823016,2905.130456805268
5.765,2261.446785477785,1849.7886235823016,2905.130456805268
5.806,2268.93147933043,1849.7886235823016,2911.5459086789638
5.806,2268.93147933043,1849.7886235823016,2911.5459086789638
5.806,2260.3775434988356,1844.442413687555,2916.8921185737104
5.806,2260.3775434988356,1844.442413687555,2916.8921185737104
5.827,2266.7929953725315,1856.2040754559976,2912.615150657913
5.827,2266.7929953725315,1856.2040754559976,2912.615150657913
5.848,2268.93147933043,1842.3039297296564,2907.2689407631665
5.848,2268.93147933043,1842.3039297296564,2907.2689407631665
5.868,2275.346931204126,1843.3731717086057,2914.7536346158117
5.868,2275.346931204126,1843.3731717086057,2914.7536346158117
5.889,2261.446785477785,1849.7886235823016,2913.6843926368624
5.889,2261.446785477785,1849.7886235823016,2913.6843926368624
5.909,2268.93147933043,1849.7886235823016,2909.407424721065
5.909,2268.93147933043,1849.7886235823016,2909.407424721065
5.909,2262.5160274567343,1840.1654457717577,2910.4766667000144
5.909,2262.5160274567343,1840.1654457717577,2910.4766667000144
5.93,2261.446785477785,1850.857865561251,2921.1690864895077
5.93,2261.446785477785,1850.857865561251,2921.1690864895077
5.951,2262.5160274567343,1838.0269618138593,2914.7536346158117
5.951,2262.5160274567343,1838.0269618138593,2914.7536346158117
5.97,2263.5852694356836,1844.442413687555,2908.338182742116
5.97,2263.5852694356836,1844.442413687555,2908.338182742116
5.99,2261.446785477785,1848.7193816033523,2906.199698784217
5.991,2261.446785477785,1848.7193816033523,2906.199698784217
6.012,2263.5852694356836,1841.234687750707,2911.5459086789638
6.012,2263.5852694356836,1841.234687750707,2911.5459086789638
6.034,2261.446785477785,1849.7886235823016,2912.615150657913
6.034,2261.446785477785,1849.7886235823016,2912.615150657913
6.054,2259.3083015198863,1842.3039297296564,2909.407424721065
6.054,2259.3083015198863,1842.3039297296564,2909.407424721065
6.075,2257.1698175619877,1841.234687750707,2916.8921185737104
6.075,2257.1698175619877,1841.234687750707,2916.8921185737104
6.075,2266.7929953725315,1844.442413687555,2929.723022321102
6.075,2266.7929953725315,1844.442413687555,2929.723022321102
6.096,2263.5852694356836,1869.0349792033892,2916.8921185737104
6.096,2263.5852694356836,1869.0349792033892,2916.8921185737104
6.117,2257.1698175619877,1846.5808976454537,2914.7536346158117
6.117,2257.1698175619877,1846.5808976454537,2914.7536346158117
6.138,2257.1698175619877,1844.442413687555,2911.5459086789638
6.138,2257.1698175619877,1844.442413687555,2911.5459086789638
6.158,2272.139205267278,1849.7886235823016,2916.8921185737104
6.158,2272.139205267278,1849.7886235823016,2916.8921185737104
6.18,2271.069963288329,1846.5808976454537,2919.030602531609
6.18,2271.069963288329,1846.5808976454537,2919.030602531609
6.201,2268.93147933043,1856.2040754559976,2916.8921185737104
6.201,2268.93147933043,1856.2040754559976,2916.8921185737104
6.223,2272.139205267278,1847.650139624403,2912.615150657913
6.223,2272.139205267278,1847.650139624403,2912.615150657913
6.243,2270.0007213093795,1849.7886235823016,2913.6843926368624
6.244,2270.0007213093795,1849.7886235823016,2913.6843926368624
6.244,2260.3775434988356,1864.758011287592,2922.238328468457
6.244,2260.3775434988356,1864.758011287592,2922.238328468457
6.264,2260.3775434988356,1856.2040754559976,2921.1690864895077
6.264,2260.3775434988356,1856.2040754559976,2921.1690864895077
6.284,2260.3775434988356,1845.5116556665043,2923.3075704474063
6.284,2255.031333604089,1845.5116556665043,2906.199698784217
6.308,2260.3775434988356,1845.5116556665043,2923.3075704474063
6.308,2255.031333604089,1845.5116556665043,2906.199698784217
6.326,2252.8928496461904,1838.0269618138593,2909.407424721065
6.326,2252.8928496461904,1838.0269618138593,2909.407424721065
6.347,2261.446785477785,1846.5808976454537,2911.5459086789638
6.347,2261.446785477785,1846.5808976454537,2911.5459086789638
6.368,2261.446785477785,1849.7886235823016,2911.5459086789638
6.368,2261.446785477785,1849.7886235823016,2911.5459086789638
6.388,2260.3775434988356,1859.4118013928453,2906.199698784217
6.388,2260.3775434988356,1859.4118013928453,2906.199698784217
6.409,2260.3775434988356,1846.5808976454537,2921.1690864895077
6.409,2260.3775434988356,1846.5808976454537,2921.1690864895077
6.409,2262.5160274567343,1849.7886235823016,2911.5459086789638
6.409,2262.5160274567343,1849.7886235823016,2911.5459086789638
6.43,2256.1005755830383,1851.9271075402003,2913.6843926368624
6.43,2256.1005755830383,1851.9271075402003,2913.6843926368624
6.472,2267.862237351481,1857.2733174349466,2907.2689407631665
6.472,2267.862237351481,1857.2733174349466,2907.2689407631665
6.472,2286.039350993619,1841.234687750707,2909.407424721065
6.472,2286.039350993619,1841.234687750707,2909.407424721065
6.493,2252.8928496461904,1840.1654457717577,2901.92273086842
6.493,2252.8928496461904,1840.1654457717577,2901.92273086842
6.513,2249.6851237093424,1846.5808976454537,2895.507278994724
6.513,2249.6851237093424,1846.5808976454537,2895.507278994724
6.534,2256.1005755830383,1840.1654457717577,2893.3687950368253
6.534,2256.1005755830383,1840.1654457717577,2893.3687950368253
6.555,2260.3775434988356,1852.9963495191496,2882.6763752473325
6.555,2260.3775434988356,1852.9963495191496,2882.6763752473325
6.577,2271.069963288329,1815.5728802559238,2960.7310397106316
6.577,2271.069963288329,1815.5728802559238,2960.7310397106316
6.578,2264.654511414633,1840.1654457717577,2967.1464915843276
6.578,2264.654511414633,1840.1654457717577,2967.1464915843276
6.597,2261.446785477785,1835.8884778559607,2958.5925557527335
6.597,2261.446785477785,1835.8884778559607,2958.5925557527335
6.617,2270.0007213093795,1841.234687750707,2959.661797731683
6.617,2270.0007213093795,1841.234687750707,2959.661797731683
6.637,2258.239059540937,1832.6807519191127,2970.3542175211755
6.638,2258.239059540937,1832.6807519191127,2970.3542175211755
6.659,2262.5160274567343,1847.650139624403,2967.1464915843276
6.659,2262.5160274567343,1847.650139624403,2967.1464915843276
6.679,2258.239059540937,1839.0962037928084,2961.800281689581
6.679,2258.239059540937,1839.0962037928084,2961.800281689581
6.702,2261.446785477785,1846.5808976454537,2970.3542175211755
6.702,2261.446785477785,1846.5808976454537,2970.3542175211755
6.72,2264.654511414633,1834.8192358770114,2960.7310397106316
6.72,2264.654511414633,1834.8192358770114,2960.7310397106316
6.741,2268.93147933043,1845.5116556665043,2970.3542175211755
6.741,2268.93147933043,1845.5116556665043,2970.3542175211755
6.741,2261.446785477785,1834.8192358770114,2970.3542175211755
6.741,2261.446785477785,1834.8192358770114,2970.3542175211755
6.764,2268.93147933043,1849.7886235823016,2973.5619434580235
6.764,2268.93147933043,1849.7886235823016,2973.5619434580235
6.782,2258.239059540937,1847.650139624403,2974.631185436973
6.783,2258.239059540937,1847.650139624403,2974.631185436973
6.804,2261.446785477785,1851.9271075402003,2975.700427415922
6.804,2261.446785477785,1851.9271075402003,2975.700427415922
6.826,2259.3083015198863,1842.3039297296564,2975.700427415922
6.826,2259.3083015198863,1842.3039297296564,2975.700427415922
6.846,2268.93147933043,1838.0269618138593,2979.9773953317194
6.846,2268.93147933043,1838.0269618138593,2979.9773953317194
6.866,2237.9234619409003,1843.3731717086057,2968.215733563277
6.866,2237.9234619409003,1843.3731717086057,2968.215733563277
6.887,2260.3775434988356,1839.0962037928084,2966.0772496053783
6.887,2260.3775434988356,1839.0962037928084,2966.0772496053783
6.907,2266.7929953725315,1846.5808976454537,2956.454071794835
6.907,2266.7929953725315,1846.5808976454537,2956.454071794835
6.907,2259.3083015198863,1838.0269618138593,2974.631185436973
6.908,2259.3083015198863,1838.0269618138593,2974.631185436973
6.928,2264.654511414633,1845.5116556665043,2967.1464915843276
6.928,2264.654511414633,1845.5116556665043,2967.1464915843276
6.948,2267.862237351481,1839.0962037928084,2967.1464915843276
6.948,2267.862237351481,1839.0962037928084,2967.1464915843276
6.968,2260.3775434988356,1841.234687750707,2968.215733563277
6.968,2260.3775434988356,1841.234687750707,2968.215733563277
6.992,2261.446785477785,1846.5808976454537,2950.038619921139
6.992,2261.446785477785,1846.5808976454537,2950.038619921139
7.033,2261.446785477785,1842.3039297296564,2973.5619434580235
7.033,2261.446785477785,1842.3039297296564,2973.5619434580235
7.033,2261.446785477785,1845.5116556665043,2967.1464915843276
7.033,2261.446785477785,1845.5116556665043,2967.1464915843276
7.054,2258.239059540937,1849.7886235823016,2961.800281689581
7.054,2258.239059540937,1849.7886235823016,2961.800281689581
7.077,2263.5852694356836,1836.95771983491,2967.1464915843276
7.077,2263.5852694356836,1836.95771983491,2967.1464915843276
7.077,2260.3775434988356,1843.3731717086057,2963.9387656474796
7.077,2260.3775434988356,1843.3731717086057,2963.9387656474796
7.097,2266.7929953725315,1841.234687750707,2972.492701479074
7.097,2266.7929953725315,1841.234687750707,2972.492701479074
7.117,2272.139205267278,1851.9271075402003,2966.0772496053783
7.117,2272.139205267278,1851.9271075402003,2966.0772496053783
7.137,2259.3083015198863,1844.442413687555,2969.284975542226
7.138,2259.3083015198863,1844.442413687555,2969.284975542226
7.159,2257.1698175619877,1849.7886235823016,2966.0772496053783
7.159,2257.1698175619877,1849.7886235823016,2966.0772496053783
7.179,2253.9620916251397,1836.95771983491,2963.9387656474796
7.179,2253.9620916251397,1836.95771983491,2963.9387656474796
7.201,2257.1698175619877,1870.1042211823385,2967.1464915843276
7.201,2257.1698175619877,1870.1042211823385,2967.1464915843276
7.223,2264.654511414633,1849.7886235823016,2965.008007626429
7.223,2264.654511414633,1849.7886235823016,2965.008007626429
7.243,2263.5852694356836,1846.5808976454537,2965.008007626429
7.243,2263.5852694356836,1846.5808976454537,2965.008007626429
7.243,2260.3775434988356,1842.3039297296564,2956.454071794835
7.243,2260.3775434988356,1842.3039297296564,2956.454071794835
7.264,2267.862237351481,1834.8192358770114,2977.838911373821
7.264,2267.862237351481,1834.8192358770114,2977.838911373821
7.285,2261.446785477785,1848.7193816033523,2970.3542175211755
7.285,2261.446785477785,1848.7193816033523,2970.3542175211755
7.306,2267.862237351481,1846.5808976454537,2974.631185436973
7.306,2267.862237351481,1846.5808976454537,2974.631185436973
7.322,2256.1005755830383,1843.3731717086057,2962.8695236685303
7.323,2256.1005755830383,1843.3731717086057,2962.8695236685303
7.344,2258.239059540937,1840.1654457717577,2970.3542175211755
7.344,2258.239059540937,1840.1654457717577,2970.3542175211755
7.364,2268.93147933043,1835.8884778559607,2971.423459500125
7.364,2268.93147933043,1835.8884778559607,2971.423459500125
7.386,2266.7929953725315,1847.650139624403,2976.7696693948715
7.386,2266.7929953725315,1847.650139624403,2976.7696693948715
7.406,2257.1698175619877,1845.5116556665043,2967.1464915843276
7.406,2257.1698175619877,1845.5116556665043,2967.1464915843276
7.407,2262.5160274567343,1838.0269618138593,2969.284975542226
7.407,2262.5160274567343,1838.0269618138593,2969.284975542226
7.428,2258.239059540937,1850.857865561251,2966.0772496053783
7.428,2258.239059540937,1850.857865561251,2966.0772496053783
7.449,2266.7929953725315,1842.3039297296564,2976.7696693948715
7.449,2266.7929953725315,1842.3039297296564,2976.7696693948715
7.468,2264.654511414633,1840.1654457717577,2968.215733563277
7.468,2264.654511414633,1840.1654457717577,2968.215733563277
7.489,2268.93147933043,1846.5808976454537,2966.0772496053783
7.489,2268.93147933043,1846.5808976454537,2966.0772496053783
7.509,2265.7237533935822,1839.0962037928084,2969.284975542226
7.509,2265.7237533935822,1839.0962037928084,2969.284975542226
7.53,2262.5160274567343,1838.0269618138593,2967.1464915843276
7.53,2262.5160274567343,1838.0269618138593,2967.1464915843276
7.552,2262.5160274567343,1846.5808976454537,2970.3542175211755
7.552,2262.5160274567343,1846.5808976454537,2970.3542175211755
7.573,2266.7929953725315,1839.0962037928084,2975.700427415922
7.573,2266.7929953725315,1839.0962037928084,2975.700427415922
7.573,2263.5852694356836,1839.0962037928084,2972.492701479074
7.573,2263.5852694356836,1839.0962037928084,2972.492701479074
7.595,2259.3083015198863,1845.5116556665043,2967.1464915843276
7.595,2259.3083015198863,1845.5116556665043,2967.1464915843276
7.615,2263.5852694356836,1842.3039297296564,2985.323605226466
7.615,2263.5852694356836,1842.3039297296564,2985.323605226466
7.637,2262.5160274567343,1835.8884778559607,2970.3542175211755
7.637,2262.5160274567343,1835.8884778559607,2970.3542175211755
7.658,2266.7929953725315,1838.0269618138593,2974.631185436973
7.658,2266.7929953725315,1838.0269618138593,2974.631185436973
7.678,2267.862237351481,1849.7886235823016,2971.423459500125
7.678,2267.862237351481,1849.7886235823016,2971.423459500125
7.701,2262.5160274567343,1844.442413687555,2970.3542175211755
7.701,2262.5160274567343,1844.442413687555,2970.3542175211755
7.722,2264.654511414633,1835.8884778559607,2957.523313773784
7.722,2264.654511414633,1835.8884778559607,2957.523313773784
7.743,2262.5160274567343,1849.7886235823016,2970.3542175211755
7.743,2262.5160274567343,1849.7886235823016,2970.3542175211755
7.762,2265.7237533935822,1844.442413687555,2965.008007626429
7.762,2265.7237533935822,1844.442413687555,2965.008007626429
7.783,2266.7929953725315,1850.857865561251,2970.3542175211755
7.783,2266.7929953725315,1850.857865561251,2970.3542175211755
7.783,2265.7237533935822,1841.234687750707,2973.5619434580235
7.783,2252.8928496461904,1829.4730259822647,2965.008007626429
7.805,2265.7237533935822,1841.234687750707,2973.5619434580235
7.805,2252.8928496461904,1829.4730259822647,2965.008007626429
7.824,2255.031333604089,1842.3039297296564,2972.492701479074
7.824,2255.031333604089,1842.3039297296564,2972.492701479074
7.844,2268.93147933043,1841.234687750707,2969.284975542226
7.844,2268.93147933043,1841.234687750707,2969.284975542226
7.886,2272.139205267278,1847.650139624403,2978.90815335277
7.886,2272.139205267278,1847.650139624403,2978.90815335277
7.886,2259.3083015198863,1843.3731717086057,2968.215733563277
7.886,2259.3083015198863,1843.3731717086057,2968.215733563277
7.906,2268.93147933043,1829.4730259822647,2968.215733563277
7.906,2268.93147933043,1829.4730259822647,2968.215733563277
7.906,2259.3083015198863,1843.3731717086057,2967.1464915843276
7.906,2259.3083015198863,1843.3731717086057,2967.1464915843276
7.927,2266.7929953725315,1835.8884778559607,2967.1464915843276
7.927,2266.7929953725315,1835.8884778559607,2967.1464915843276
7.948,2267.862237351481,1856.2040754559976,2976.7696693948715
7.948,2267.862237351481,1856.2040754559976,2976.7696693948715
7.968,2263.5852694356836,1840.1654457717577,2975.700427415922
7.968,2263.5852694356836,1840.1654457717577,2975.700427415922
7.99,2270.0007213093795,1870.1042211823385,2976.7696693948715
7.99,2270.0007213093795,1870.1042211823385,2976.7696693948715
8.011,2270.0007213093795,1842.3039297296564,2966.0772496053783
8.012,2270.0007213093795,1842.3039297296564,2966.0772496053783
8.033,2261.446785477785,1834.8192358770114,2967.1464915843276
8.033,2261.446785477785,1834.8192358770114,2967.1464915843276
8.054,2268.93147933043,1843.3731717086057,2972.492701479074
8.054,2268.93147933043,1843.3731717086057,2972.492701479074
8.075,2258.239059540937,1841.234687750707,2967.1464915843276
8.075,2258.239059540937,1841.234687750707,2967.1464915843276
8.075,2258.239059540937,1838.0269618138593,2975.700427415922
8.076,2258.239059540937,1838.0269618138593,2975.700427415922
8.096,2266.7929953725315,1843.3731717086057,2972.492701479074
8.096,2266.7929953725315,1843.3731717086057,2972.492701479074
8.116,2261.446785477785,1838.0269618138593,2967.1464915843276
8.116,2261.446785477785,1838.0269618138593,2967.1464915843276
8.138,2265.7237533935822,1850.857865561251,2959.661797731683
8.138,2265.7237533935822,1850.857865561251,2959.661797731683
8.179,2261.446785477785,1843.3731717086057,2962.8695236685303
8.179,2261.446785477785,1843.3731717086057,2962.8695236685303
8.179,2259.3083015198863,1833.749993898062,2974.631185436973
8.179,2259.3083015198863,1833.749993898062,2974.631185436973
8.198,2257.1698175619877,1838.0269618138593,2965.008007626429
8.198,2257.1698175619877,1838.0269618138593,2965.008007626429
8.219,2266.7929953725315,1851.9271075402003,2970.3542175211755
8.219,2266.7929953725315,1851.9271075402003,2970.3542175211755
8.24,2261.446785477785,1843.3731717086057,2972.492701479074
8.241,2261.446785477785,1843.3731717086057,2972.492701479074
8.241,2268.93147933043,1847.650139624403,2978.90815335277
8.241,2268.93147933043,1847.650139624403,2978.90815335277
8.261,2259.3083015198863,1835.8884778559607,2969.284975542226
8.261,2259.3083015198863,1835.8884778559607,2969.284975542226
8.28,2268.93147933043,1833.749993898062,2969.284975542226
8.28,2257.1698175619877,1845.5116556665043,2976.7696693948715
8.301,2268.93147933043,1833.749993898062,2969.284975542226
8.301,2257.1698175619877,1845.5116556665043,2976.7696693948715
8.321,2259.3083015198863,1833.749993898062,2967.1464915843276
8.321,2259.3083015198863,1833.749993898062,2967.1464915843276
8.343,2260.3775434988356,1844.442413687555,2962.8695236685303
8.344,2266.7929953725315,1838.0269618138593,2976.7696693948715
8.362,2266.7929953725315,1838.0269618138593,2976.7696693948715
8.362,2264.654511414633,1838.0269618138593,2969.284975542226
8.382,2264.654511414633,1838.0269618138593,2969.284975542226
8.382,2264.654511414633,1844.442413687555,2972.492701479074
8.405,2264.654511414633,1844.442413687555,2972.492701479074
8.405,2263.5852694356836,1839.0962037928084,2970.3542175211755
8.405,2263.5852694356836,1839.0962037928084,2970.3542175211755
8.405,2262.5160274567343,1844.442413687555,2968.215733563277
8.425,2262.5160274567343,1844.442413687555,2968.215733563277
8.425,2263.5852694356836,1835.8884778559607,2973.5619434580235
8.446,2263.5852694356836,1835.8884778559607,2973.5619434580235
8.446,2265.7237533935822,1835.8884778559607,2960.7310397106316
8.468,2265.7237533935822,1835.8884778559607,2960.7310397106316
8.468,2264.654511414633,1847.650139624403,2969.284975542226
8.489,2264.654511414633,1847.650139624403,2969.284975542226
8.49,2258.239059540937,1844.442413687555,2969.284975542226
8.511,2258.239059540937,1844.442413687555,2969.284975542226
8.512,2262.5160274567343,1835.8884778559607,2966.0772496053783
8.533,2262.5160274567343,1835.8884778559607,2966.0772496053783
8.533,2263.5852694356836,1848.7193816033523,2967.1464915843276
8.552,2263.5852694356836,1848.7193816033523,2967.1464915843276
8.552,2259.3083015198863,1852.9963495191496,2970.3542175211755
8.573,2259.3083015198863,1852.9963495191496,2970.3542175211755
8.573,2262.5160274567343,1850.857865561251,2965.008007626429
8.573,2262.5160274567343,1850.857865561251,2965.008007626429
8.573,2266.7929953725315,1842.3039297296564,2972.492701479074
8.592,2266.7929953725315,1842.3039297296564,2972.492701479074
8.592,2261.446785477785,1847.650139624403,2970.3542175211755
8.613,2261.446785477785,1847.650139624403,2970.3542175211755
8.613,2255.031333604089,1841.234687750707,2965.008007626429
8.637,2255.031333604089,1841.234687750707,2965.008007626429
8.637,2266.7929953725315,1850.857865561251,2970.3542175211755
8.658,2266.7929953725315,1850.857865561251,2970.3542175211755
8.658,2266.7929953725315,1838.0269618138593,2976.7696693948715
8.679,2266.7929953725315,1838.0269618138593,2976.7696693948715
8.679,2263.5852694356836,1841.234687750707,2965.008007626429
8.701,2263.5852694356836,1841.234687750707,2965.008007626429
8.701,2261.446785477785,1840.1654457717577,2985.323605226466
8.723,2261.446785477785,1840.1654457717577,2985.323605226466
8.723,2264.654511414633,1843.3731717086057,2967.1464915843276
8.743,2264.654511414633,1843.3731717086057,2967.1464915843276
8.743,2262.5160274567343,1835.8884778559607,2970.3542175211755
8.743,2262.5160274567343,1835.8884778559607,2970.3542175211755
8.743,2260.3775434988356,1838.0269618138593,2974.631185436973
8.764,2260.3775434988356,1838.0269618138593,2974.631185436973
8.764,2272.139205267278,1852.9963495191496,2971.423459500125
8.785,2272.139205267278,1852.9963495191496,2971.423459500125
8.785,2264.654511414633,1840.1654457717577,2972.492701479074
8.806,2264.654511414633,1840.1654457717577,2972.492701479074
8.806,2258.239059540937,1838.0269618138593,2985.323605226466
8.826,2258.239059540937,1838.0269618138593,2985.323605226466
8.826,2266.7929953725315,1835.8884778559607,2986.3928472054154
8.847,2266.7929953725315,1835.8884778559607,2986.3928472054154
8.847,2263.5852694356836,1841.234687750707,2966.0772496053783
8.867,2263.5852694356836,1841.234687750707,2966.0772496053783
8.867,2272.139205267278,1847.650139624403,2993.87754105806
8.889,2272.139205267278,1847.650139624403,2993.87754105806
8.889,2257.1698175619877,1830.542267961214,2978.90815335277
8.908,2257.1698175619877,1830.542267961214,2978.90815335277
8.908,2264.654511414633,1838.0269618138593,2978.90815335277
8.928,2264.654511414633,1838.0269618138593,2978.90815335277
8.928,2266.7929953725315,1839.0962037928084,2985.323605226466
8.928,2266.7929953725315,1839.0962037928084,2985.323605226466
8.928,2268.93147933043,1843.3731717086057,2981.0466373106688
8.95,2268.93147933043,1843.3731717086057,2981.0466373106688
8.95,2266.7929953725315,1840.1654457717577,2982.115879289618
8.969,2266.7929953725315,1840.1654457717577,2982.115879289618
8.969,2275.346931204126,1834.8192358770114,2970.3542175211755
8.991,2275.346931204126,1834.8192358770114,2970.3542175211755
8.991,2262.5160274567343,1834.8192358770114,2968.215733563277
9.012,2262.5160274567343,1834.8192358770114,2968.215733563277
9.012,2258.239059540937,1838.0269618138593,2973.5619434580235
9.032,2258.239059540937,1838.0269618138593,2973.5619434580235
9.032,2262.5160274567343,1836.95771983491,2977.838911373821
9.053,2262.5160274567343,1836.95771983491,2977.838911373821
9.053,2263.5852694356836,1845.5116556665043,2986.3928472054154
9.074,2263.5852694356836,1845.5116556665043,2986.3928472054154
9.074,2262.5160274567343,1846.5808976454537,2982.115879289618
9.074,2262.5160274567343,1846.5808976454537,2982.115879289618
9.074,2266.7929953725315,1841.234687750707,2973.5619434580235
9.096,2266.7929953725315,1841.234687750707,2973.5619434580235
9.096,2259.3083015198863,1838.0269618138593,2971.423459500125
9.118,2259.3083015198863,1838.0269618138593,2971.423459500125
9.118,2260.3775434988356,1839.0962037928084,2983.1851212685674
9.138,2260.3775434988356,1839.0962037928084,2983.1851212685674
9.138,2259.3083015198863,1838.0269618138593,2987.4620891843647
9.159,2259.3083015198863,1838.0269618138593,2987.4620891843647
9.159,2263.5852694356836,1845.5116556665043,2972.492701479074
9.18,2263.5852694356836,1845.5116556665043,2972.492701479074
9.18,2264.654511414633,1841.234687750707,2971.423459500125
9.201,2264.654511414633,1841.234687750707,2971.423459500125
9.201,2260.3775434988356,1834.8192358770114,2968.215733563277
9.221,2260.3775434988356,1834.8192358770114,2968.215733563277
9.221,2260.3775434988356,1842.3039297296564,2976.7696693948715
9.245,2260.3775434988356,1842.3039297296564,2976.7696693948715
9.245,2267.862237351481,1838.0269618138593,2988.531331163314
9.245,2267.862237351481,1838.0269618138593,2988.531331163314
9.245,2262.5160274567343,1849.7886235823016,2974.631185436973
9.263,2262.5160274567343,1849.7886235823016,2974.631185436973
9.263,2268.93147933043,1844.442413687555,2976.7696693948715
9.285,2268.93147933043,1844.442413687555,2976.7696693948715
9.285,2261.446785477785,1844.442413687555,2967.1464915843276
9.305,2261.446785477785,1844.442413687555,2967.1464915843276
9.305,2261.446785477785,1846.5808976454537,2972.492701479074
9.325,2261.446785477785,1846.5808976454537,2972.492701479074
9.325,2265.7237533935822,1840.1654457717577,2978.90815335277
9.346,2265.7237533935822,1840.1654457717577,2978.90815335277
9.346,2248.615881730393,1839.0962037928084,2975.700427415922
9.366,2248.615881730393,1839.0962037928084,2975.700427415922
9.366,2257.1698175619877,1841.234687750707,2967.1464915843276
9.388,2257.1698175619877,1841.234687750707,2967.1464915843276
9.388,2251.823607667241,1840.1654457717577,2972.492701479074
9.408,2251.823607667241,1840.1654457717577,2972.492701479074
9.408,2255.031333604089,1841.234687750707,2971.423459500125
9.408,2255.031333604089,1841.234687750707,2971.423459500125
9.408,2248.615881730393,1838.0269618138593,2979.9773953317194
9.429,2248.615881730393,1838.0269618138593,2979.9773953317194
9.429,2259.3083015198863,1841.234687750707,2967.1464915843276
9.45,2259.3083015198863,1841.234687750707,2967.1464915843276
9.45,2256.1005755830383,1836.95771983491,2972.492701479074
9.47,2256.1005755830383,1836.95771983491,2972.492701479074
9.47,2258.239059540937,1838.0269618138593,2965.008007626429
9.491,2258.239059540937,1838.0269618138593,2965.008007626429
9.491,2265.7237533935822,1841.234687750707,2973.5619434580235
9.512,2265.7237533935822,1841.234687750707,2973.5619434580235
9.512,2258.239059540937,1838.0269618138593,2974.631185436973
9.532,2258.239059540937,1838.0269618138593,2974.631185436973
9.532,2264.654511414633,1845.5116556665043,2968.215733563277
9.552,2264.654511414633,1845.5116556665043,2968.215733563277
9.552,2261.446785477785,1838.0269618138593,2976.7696693948715
9.573,2261.446785477785,1838.0269618138593,2976.7696693948715
9.573,2253.9620916251397,1838.0269618138593,2985.323605226466
9.573,2253.9620916251397,1838.0269618138593,2985.323605226466
9.574,2265.7237533935822,1839.0962037928084,2975.700427415922
9.593,2265.7237533935822,1839.0962037928084,2975.700427415922
9.593,2271.069963288329,1832.6807519191127,2972.492701479074
9.616,2271.069963288329,1832.6807519191127,2972.492701479074
9.616,2255.031333604089,1839.0962037928084,2967.1464915843276
9.635,2255.031333604089,1839.0962037928084,2967.1464915843276
9.635,2264.654511414633,1839.0962037928084,2971.423459500125
9.656,2264.654511414633,1839.0962037928084,2971.423459500125
9.656,2261.446785477785,1843.3731717086057,2961.800281689581
9.677,2261.446785477785,1843.3731717086057,2961.800281689581
9.678,2256.1005755830383,1842.3039297296564,2969.284975542226
9.697,2256.1005755830383,1842.3039297296564,2969.284975542226
9.697,2263.5852694356836,1838.0269618138593,2970.3542175211755
9.719,2263.5852694356836,1838.0269618138593,2970.3542175211755
9.719,2260.3775434988356,1840.1654457717577,2970.3542175211755
9.74,2260.3775434988356,1840.1654457717577,2970.3542175211755
9.74,2265.7237533935822,1840.1654457717577,2972.492701479074
9.74,2265.7237533935822,1840.1654457717577,2972.492701479074
9.74,2257.1698175619877,1838.0269618138593,2973.5619434580235
9.781,2257.1698175619877,1838.0269618138593,2973.5619434580235
9.781,2265.7237533935822,1838.0269618138593,2967.1464915843276
9.781,2265.7237533935822,1838.0269618138593,2967.1464915843276
9.781,2268.93147933043,1839.0962037928084,2978.90815335277
9.801,2268.93147933043,1839.0962037928084,2978.90815335277
9.801,2261.446785477785,1840.1654457717577,2969.284975542226
9.822,2261.446785477785,1840.1654457717577,2969.284975542226
9.822,2265.7237533935822,1838.0269618138593,2972.492701479074
9.843,2265.7237533935822,1838.0269618138593,2972.492701479074
9.843,2264.654511414633,1834.8192358770114,2970.3542175211755
9.865,2264.654511414633,1834.8192358770114,2970.3542175211755
9.865,2266.7929953725315,1843.3731717086057,2965.008007626429
9.885,2266.7929953725315,1843.3731717086057,2965.008007626429
9.885,2264.654511414633,1839.0962037928084,2973.5619434580235
9.907,2264.654511414633,1839.0962037928084,2973.5619434580235
9.908,2267.862237351481,1840.1654457717577,2978.90815335277
9.908,2267.862237351481,1840.1654457717577,2978.90815335277
9.908,2266.7929953725315,1843.3731717086057,2975.700427415922
9.926,2266.7929953725315,1843.3731717086057,2975.700427415922
9.926,2258.239059540937,1840.1654457717577,2958.5925557527335
9.949,2258.239059540937,1840.1654457717577,2958.5925557527335
9.949,2252.8928496461904,1840.1654457717577,2970.3542175211755
9.972,2252.8928496461904,1840.1654457717577,2970.3542175211755
9.972,2273.2084472462275,1839.0962037928084,2975.700427415922
9.991,2273.2084472462275,1839.0962037928084,2975.700427415922
9.991,2262.5160274567343,1846.5808976454537,2977.838911373821
10.012,2262.5160274567343,1846.5808976454537,2977.838911373821
10.012,2260.3775434988356,1839.0962037928084,2976.7696693948715
10.034,2260.3775434988356,1839.0962037928084,2976.7696693948715
10.034,2260.3775434988356,1828.4037840033154,2967.1464915843276
10.056,2260.3775434988356,1828.4037840033154,2967.1464915843276
10.056,2257.1698175619877,1841.234687750707,2973.5619434580235
10.077,2257.1698175619877,1841.234687750707,2973.5619434580235
10.077,2259.3083015198863,1848.7193816033523,2975.700427415922
10.097,2259.3083015198863,1848.7193816033523,2975.700427415922
10.097,2261.446785477785,1835.8884778559607,2981.0466373106688
10.099,2261.446785477785,1835.8884778559607,2981.0466373106688
10.099,2263.5852694356836,1844.442413687555,2971.423459500125
10.118,2263.5852694356836,1844.442413687555,2971.423459500125
10.118,2255.031333604089,1841.234687750707,2958.5925557527335
10.139,2255.031333604089,1841.234687750707,2958.5925557527335
10.139,2262.5160274567343,1838.0269618138593,2974.631185436973
10.16,2262.5160274567343,1838.0269618138593,2974.631185436973
10.16,2266.7929953725315,1847.650139624403,2970.3542175211755
10.18,2266.7929953725315,1847.650139624403,2970.3542175211755
10.18,2261.446785477785,1836.95771983491,2970.3542175211755
10.201,2261.446785477785,1836.95771983491,2970.3542175211755
10.201,2263.5852694356836,1838.0269618138593,2972.492701479074
10.222,2263.5852694356836,1838.0269618138593,2972.492701479074
10.223,2262.5160274567343,1835.8884778559607,2968.215733563277
10.243,2262.5160274567343,1835.8884778559607,2968.215733563277
10.243,2261.446785477785,1835.8884778559607,2967.1464915843276
10.243,2261.446785477785,1835.8884778559607,2967.1464915843276
10.244,2262.5160274567343,1842.3039297296564,2976.7696693948715
10.263,2262.5160274567343,1842.3039297296564,2976.7696693948715
10.263,2262.5160274567343,1835.8884778559607,2967.1464915843276
10.288,2262.5160274567343,1835.8884778559607,2967.1464915843276
10.288,2266.7929953725315,1845.5116556665043,2972.492701479074
10.307,2266.7929953725315,1845.5116556665043,2972.492701479074
10.307,2258.239059540937,1835.8884778559607,2963.9387656474796
10.328,2258.239059540937,1835.8884778559607,2963.9387656474796
10.328,2266.7929953725315,1838.0269618138593,2973.5619434580235
10.349,2266.7929953725315,1838.0269618138593,2973.5619434580235
10.35,2257.1698175619877,1841.234687750707,2971.423459500125
10.37,2257.1698175619877,1841.234687750707,2971.423459500125
10.37,2272.139205267278,1838.0269618138593,2968.215733563277
10.391,2272.139205267278,1838.0269618138593,2968.215733563277
10.391,2259.3083015198863,1844.442413687555,2968.215733563277
10.414,2259.3083015198863,1844.442413687555,2968.215733563277
10.414,2257.1698175619877,1831.6115099401634,2973.5619434580235
10.415,2257.1698175619877,1831.6115099401634,2973.5619434580235
10.415,2266.7929953725315,1843.3731717086057,2972.492701479074
10.434,2266.7929953725315,1843.3731717086057,2972.492701479074
10.434,2261.446785477785,1838.0269618138593,2967.1464915843276
10.454,2261.446785477785,1838.0269618138593,2967.1464915843276
10.454,2255.031333604089,1840.1654457717577,2962.8695236685303
10.475,2255.031333604089,1840.1654457717577,2962.8695236685303
10.475,2259.3083015198863,1835.8884778559607,2968.215733563277
10.496,2259.3083015198863,1835.8884778559607,2968.215733563277
10.496,2257.1698175619877,1836.95771983491,2968.215733563277
10.516,2257.1698175619877,1836.95771983491,2968.215733563277
10.516,2270.0007213093795,1836.95771983491,2985.323605226466
10.537,2270.0007213093795,1836.95771983491,2985.323605226466
10.537,2259.3083015198863,1840.1654457717577,2971.423459500125
10.56,2259.3083015198863,1840.1654457717577,2971.423459500125
10.56,2260.3775434988356,1842.3039297296564,2981.0466373106688
10.58,2260.3775434988356,1842.3039297296564,2981.0466373106688
10.58,2262.5160274567343,1843.3731717086057,2971.423459500125
10.58,2262.5160274567343,1843.3731717086057,2971.423459500125
10.581,2255.031333604089,1831.6115099401634,2972.492701479074
10.601,2255.031333604089,1831.6115099401634,2972.492701479074
10.601,2268.93147933043,1840.1654457717577,2972.492701479074
10.621,2268.93147933043,1840.1654457717577,2972.492701479074
10.621,2267.862237351481,1844.442413687555,2968.215733563277
10.643,2267.862237351481,1844.442413687555,2968.215733563277
10.643,2258.239059540937,1849.7886235823016,2973.5619434580235
10.663,2258.239059540937,1849.7886235823016,2973.5619434580235
10.663,2261.446785477785,1840.1654457717577,2972.492701479074
10.683,2261.446785477785,1840.1654457717577,2972.492701479074
10.683,2262.5160274567343,1845.5116556665043,2970.3542175211755
10.706,2262.5160274567343,1845.5116556665043,2970.3542175211755
10.706,2255.031333604089,1847.650139624403,2973.5619434580235
10.726,2255.031333604089,1847.650139624403,2973.5619434580235
10.726,2263.5852694356836,1835.8884778559607,2967.1464915843276
10.747,2263.5852694356836,1835.8884778559607,2967.1464915843276
10.747,2242.200429856697,1856.2040754559976,2975.700427415922
10.748,2242.200429856697,1856.2040754559976,2975.700427415922
10.748,2261.446785477785,1838.0269618138593,2970.3542175211755
10.769,2261.446785477785,1838.0269618138593,2970.3542175211755
10.769,2266.7929953725315,1838.0269618138593,2972.492701479074
10.789,2266.7929953725315,1838.0269618138593,2972.492701479074
10.789,2262.5160274567343,1838.0269618138593,2968.215733563277
10.81,2262.5160274567343,1838.0269618138593,2968.215733563277
10.81,2260.3775434988356,1843.3731717086057,2967.1464915843276
10.831,2260.3775434988356,1843.3731717086057,2967.1464915843276
10.832,2264.654511414633,1835.8884778559607,2961.800281689581
10.853,2264.654511414633,1835.8884778559607,2961.800281689581
10.853,2264.654511414633,1855.1348334770482,2970.3542175211755
10.875,2264.654511414633,1855.1348334770482,2970.3542175211755
10.875,2262.5160274567343,1843.3731717086057,2972.492701479074
10.895,2262.5160274567343,1843.3731717086057,2972.492701479074
10.895,2266.7929953725315,1836.95771983491,2973.5619434580235
10.915,2266.7929953725315,1836.95771983491,2973.5619434580235
10.915,2263.5852694356836,1840.1654457717577,2973.5619434580235
10.915,2263.5852694356836,1840.1654457717577,2973.5619434580235
10.916,2258.239059540937,1827.334542024366,2983.1851212685674
10.936,2258.239059540937,1827.334542024366,2983.1851212685674
10.936,2260.3775434988356,1842.3039297296564,2962.8695236685303
10.956,2260.3775434988356,1842.3039297296564,2962.8695236685303
10.956,2258.239059540937,1835.8884778559607,2967.1464915843276
10.977,2258.239059540937,1835.8884778559607,2967.1464915843276
10.977,2252.8928496461904,1841.234687750707,2965.008007626429
10.998,2252.8928496461904,1841.234687750707,2965.008007626429
10.999,2264.654511414633,1844.442413687555,2969.284975542226
11.018,2264.654511414633,1844.442413687555,2969.284975542226
11.018,2257.1698175619877,1856.2040754559976,2970.3542175211755
11.04,2257.1698175619877,1856.2040754559976,2970.3542175211755
11.04,2259.3083015198863,1841.234687750707,2971.423459500125
11.06,2259.3083015198863,1841.234687750707,2971.423459500125
11.06,2266.7929953725315,1829.4730259822647,2969.284975542226
11.082,2266.7929953725315,1829.4730259822647,2969.284975542226
11.082,2267.862237351481,1839.0962037928084,2981.0466373106688
11.082,2267.862237351481,1839.0962037928084,2981.0466373106688
11.082,2260.3775434988356,1842.3039297296564,2966.0772496053783
11.103,2260.3775434988356,1842.3039297296564,2966.0772496053783
11.103,2255.031333604089,1849.7886235823016,2961.800281689581
11.123,2255.031333604089,1849.7886235823016,2961.800281689581
11.124,2262.5160274567343,1841.234687750707,2972.492701479074
11.146,2262.5160274567343,1841.234687750707,2972.492701479074
11.146,2252.8928496461904,1832.6807519191127,2978.90815335277
11.167,2252.8928496461904,1832.6807519191127,2978.90815335277
11.167,2261.446785477785,1842.3039297296564,2965.008007626429
11.188,2261.446785477785,1842.3039297296564,2965.008007626429
11.188,2249.6851237093424,1836.95771983491,2972.492701479074
11.21,2249.6851237093424,1836.95771983491,2972.492701479074
11.21,2264.654511414633,1843.3731717086057,2958.5925557527335
11.233,2264.654511414633,1843.3731717086057,2958.5925557527335
11.233,2263.5852694356836,1842.3039297296564,2975.700427415922
11.253,2263.5852694356836,1842.3039297296564,2975.700427415922
11.253,2264.654511414633,1835.8884778559607,2967.1464915843276
11.254,2264.654511414633,1835.8884778559607,2967.1464915843276
11.254,2261.446785477785,1840.1654457717577,2970.3542175211755
11.275,2261.446785477785,1840.1654457717577,2970.3542175211755
11.275,2262.5160274567343,1843.3731717086057,2968.215733563277
11.296,2262.5160274567343,1843.3731717086057,2968.215733563277
11.296,2260.3775434988356,1844.442413687555,2973.5619434580235
11.318,2260.3775434988356,1844.442413687555,2973.5619434580235
11.318,2265.7237533935822,1843.3731717086057,2972.492701479074
11.338,2265.7237533935822,1843.3731717086057,2972.492701479074
11.338,2258.239059540937,1835.8884778559607,2971.423459500125
11.36,2258.239059540937,1835.8884778559607,2971.423459500125
11.36,2271.069963288329,1841.234687750707,2976.7696693948715
11.382,2271.069963288329,1841.234687750707,2976.7696693948715
11.382,2261.446785477785,1836.95771983491,2967.1464915843276
11.401,2261.446785477785,1836.95771983491,2967.1464915843276
11.401,2252.8928496461904,1851.9271075402003,2960.7310397106316
11.422,2252.8928496461904,1851.9271075402003,2960.7310397106316
11.422,2261.446785477785,1841.234687750707,2969.284975542226
11.422,2261.446785477785,1841.234687750707,2969.284975542226
11.422,2255.031333604089,1838.0269618138593,2960.7310397106316
11.443,2255.031333604089,1838.0269618138593,2960.7310397106316
11.443,2265.7237533935822,1847.650139624403,2983.1851212685674
11.463,2265.7237533935822,1847.650139624403,2983.1851212685674
11.463,2261.446785477785,1843.3731717086057,2972.492701479074
11.484,2261.446785477785,1843.3731717086057,2972.492701479074
11.484,2275.346931204126,1840.1654457717577,2974.631185436973
11.504,2275.346931204126,1840.1654457717577,2974.631185436973
11.504,2263.5852694356836,1841.234687750707,2966.0772496053783
11.524,2263.5852694356836,1841.234687750707,2966.0772496053783
11.524,2255.031333604089,1840.1654457717577,2959.661797731683
11.547,2255.031333604089,1840.1654457717577,2959.661797731683
11.547,2263.5852694356836,1834.8192358770114,2968.215733563277
11.568,2263.5852694356836,1834.8192358770114,2968.215733563277
11.568,2257.1698175619877,1850.857865561251,2968.215733563277
11.588,2257.1698175619877,1850.857865561251,2968.215733563277
11.588,2267.862237351481,1845.5116556665043,2973.5619434580235
11.589,2267.862237351481,1845.5116556665043,2973.5619434580235
11.589,2262.5160274567343,1835.8884778559607,2968.215733563277
11.61,2262.5160274567343,1835.8884778559607,2968.215733563277
11.61,2268.93147933043,1844.442413687555,2969.284975542226
11.63,2268.93147933043,1844.442413687555,2969.284975542226
11.631,2265.7237533935822,1833.749993898062,2967.1464915843276
11.651,2265.7237533935822,1833.749993898062,2967.1464915843276
11.652,2263.5852694356836,1839.0962037928084,2961.800281689581
11.693,2263.5852694356836,1839.0962037928084,2961.800281689581
11.693,2268.93147933043,1838.0269618138593,2965.008007626429
11.693,2268.93147933043,1838.0269618138593,2965.008007626429
11.693,2257.1698175619877,1838.0269618138593,2968.215733563277
11.715,2257.1698175619877,1838.0269618138593,2968.215733563277
11.715,2260.3775434988356,1838.0269618138593,2960.7310397106316
11.734,2260.3775434988356,1838.0269618138593,2960.7310397106316
11.734,2263.5852694356836,1833.749993898062,2963.9387656474796
11.754,2263.5852694356836,1833.749993898062,2963.9387656474796
11.754,2259.3083015198863,1836.95771983491,2969.284975542226
11.754,2259.3083015198863,1836.95771983491,2969.284975542226
11.754,2266.7929953725315,1843.3731717086057,2977.838911373821
11.775,2266.7929953725315,1843.3731717086057,2977.838911373821
11.775,2260.3775434988356,1838.0269618138593,2968.215733563277
11.796,2260.3775434988356,1838.0269618138593,2968.215733563277
11.796,2266.7929953725315,1840.1654457717577,2968.215733563277
11.817,2266.7929953725315,1840.1654457717577,2968.215733563277
11.818,2255.031333604089,1833.749993898062,2969.284975542226
11.84,2255.031333604089,1833.749993898062,2969.284975542226
11.84,2258.239059540937,1862.6195273296933,2950.038619921139
11.86,2258.239059540937,1862.6195273296933,2950.038619921139
11.86,2268.93147933043,1841.234687750707,2963.9387656474796
11.882,2268.93147933043,1841.234687750707,2963.9387656474796
11.882,2259.3083015198863,1843.3731717086057,2963.9387656474796
11.903,2259.3083015198863,1843.3731717086057,2963.9387656474796
11.903,2251.823607667241,1840.1654457717577,2958.5925557527335
11.922,2251.823607667241,1840.1654457717577,2958.5925557527335
11.922,2258.239059540937,1848.7193816033523,2966.0772496053783
11.922,2258.239059540937,1848.7193816033523,2966.0772496053783
11.923,2264.654511414633,1840.1654457717577,2969.284975542226
11.942,2264.654511414633,1840.1654457717577,2969.284975542226
11.943,2255.031333604089,1844.442413687555,2965.008007626429
11.963,2255.031333604089,1844.442413687555,2965.008007626429
11.963,2260.3775434988356,1838.0269618138593,2966.0772496053783
11.975,2260.3775434988356,1838.0269618138593,2966.0772496053783
11.975,2257.1698175619877,1840.1654457717577,2966.0772496053783
11.997,2257.1698175619877,1840.1654457717577,2966.0772496053783
11.997,2265.7237533935822,1844.442413687555,2972.492701479074
12.016,2265.7237533935822,1844.442413687555,2972.492701479074
12.016,2266.7929953725315,1840.1654457717577,2971.423459500125
12.036,2266.7929953725315,1840.1654457717577,2971.423459500125
12.036,2262.5160274567343,1846.5808976454537,2966.0772496053783
12.057,2262.5160274567343,1846.5808976454537,2966.0772496053783
12.057,2263.5852694356836,1845.5116556665043,2967.1464915843276
12.077,2263.5852694356836,1845.5116556665043,2967.1464915843276
12.077,2262.5160274567343,1835.8884778559607,2965.008007626429
12.078,2262.5160274567343,1835.8884778559607,2965.008007626429
12.078,2266.7929953725315,1832.6807519191127,2970.3542175211755
12.1,2266.7929953725315,1832.6807519191127,2970.3542175211755
12.1,2273.2084472462275,1834.8192358770114,2966.0772496053783
12.118,2273.2084472462275,1834.8192358770114,2966.0772496053783
12.118,2260.3775434988356,1849.7886235823016,2957.523313773784
12.139,2260.3775434988356,1849.7886235823016,2957.523313773784
12.139,2252.8928496461904,1842.3039297296564,2968.215733563277
12.159,2252.8928496461904,1842.3039297296564,2968.215733563277
12.159,2262.5160274567343,1839.0962037928084,2966.0772496053783
12.18,2262.5160274567343,1839.0962037928084,2966.0772496053783
12.18,2264.654511414633,1836.95771983491,2967.1464915843276
12.202,2264.654511414633,1836.95771983491,2967.1464915843276
12.202,2261.446785477785,1843.3731717086057,2966.0772496053783
12.223,2261.446785477785,1843.3731717086057,2966.0772496053783
12.223,2264.654511414633,1843.3731717086057,2960.7310397106316
12.243,2264.654511414633,1843.3731717086057,2960.7310397106316
12.243,2258.239059540937,1845.5116556665043,2960.7310397106316
12.244,2258.239059540937,1845.5116556665043,2960.7310397106316
12.244,2256.1005755830383,1825.1960580664675,2962.8695236685303
12.265,2256.1005755830383,1825.1960580664675,2962.8695236685303
12.265,2261.446785477785,1849.7886235823016,2959.661797731683
12.284,2261.446785477785,1849.7886235823016,2959.661797731683
12.285,2265.7237533935822,1840.1654457717577,2962.8695236685303
12.305,2265.7237533935822,1840.1654457717577,2962.8695236685303
12.305,2264.654511414633,1839.0962037928084,2974.631185436973
12.325,2264.654511414633,1839.0962037928084,2974.631185436973
12.325,2260.3775434988356,1833.749993898062,2971.423459500125
12.346,2260.3775434988356,1833.749993898062,2971.423459500125
12.346,2271.069963288329,1843.3731717086057,2960.7310397106316
12.368,2271.069963288329,1843.3731717086057,2960.7310397106316
12.368,2263.5852694356836,1841.234687750707,2969.284975542226
12.389,2263.5852694356836,1841.234687750707,2969.284975542226
12.389,2262.5160274567343,1838.0269618138593,2971.423459500125
12.41,2262.5160274567343,1838.0269618138593,2971.423459500125
12.411,2261.446785477785,1840.1654457717577,2965.008007626429
12.411,2261.446785477785,1840.1654457717577,2965.008007626429
12.411,2259.3083015198863,1830.542267961214,2958.5925557527335
12.433,2259.3083015198863,1830.542267961214,2958.5925557527335
12.433,2264.654511414633,1838.0269618138593,2965.008007626429
12.454,2264.654511414633,1838.0269618138593,2965.008007626429
12.454,2252.8928496461904,1840.1654457717577,2966.0772496053783
12.476,2252.8928496461904,1840.1654457717577,2966.0772496053783
12.476,2258.239059540937,1841.234687750707,2963.9387656474796
12.495,2258.239059540937,1841.234687750707,2963.9387656474796
12.495,2261.446785477785,1833.749993898062,2970.3542175211755
12.537,2261.446785477785,1833.749993898062,2970.3542175211755
12.537,2263.5852694356836,1839.0962037928084,2963.9387656474796
12.537,2263.5852694356836,1839.0962037928084,2963.9387656474796
12.537,2258.239059540937,1844.442413687555,2966.0772496053783
12.558,2258.239059540937,1844.442413687555,2966.0772496053783
12.558,2266.7929953725315,1838.0269618138593,2963.9387656474796
12.578,2266.7929953725315,1838.0269618138593,2963.9387656474796
12.578,2256.1005755830383,1844.442413687555,2961.800281689581
12.578,2256.1005755830383,1844.442413687555,2961.800281689581
12.578,2273.2084472462275,1847.650139624403,2970.3542175211755
12.601,2273.2084472462275,1847.650139624403,2970.3542175211755
12.601,2263.5852694356836,1838.0269618138593,2969.284975542226
12.622,2263.5852694356836,1838.0269618138593,2969.284975542226
12.622,2257.1698175619877,1841.234687750707,2975.700427415922
12.644,2257.1698175619877,1841.234687750707,2975.700427415922
12.644,2264.654511414633,1844.442413687555,2966.0772496053783
12.664,2264.654511414633,1844.442413687555,2966.0772496053783
12.664,2261.446785477785,1849.7886235823016,2968.215733563277
12.684,2261.446785477785,1849.7886235823016,2968.215733563277
12.684,2265.7237533935822,1854.065591498099,2968.215733563277
12.706,2265.7237533935822,1854.065591498099,2968.215733563277
12.706,2260.3775434988356,1838.0269618138593,2961.800281689581
12.727,2260.3775434988356,1838.0269618138593,2961.800281689581
12.727,2256.1005755830383,1843.3731717086057,2957.523313773784
12.747,2256.1005755830383,1843.3731717086057,2957.523313773784
12.747,2258.239059540937,1839.0962037928084,2968.215733563277
12.747,2258.239059540937,1839.0962037928084,2968.215733563277
12.747,2265.7237533935822,1838.0269618138593,2963.9387656474796
12.768,2265.7237533935822,1838.0269618138593,2963.9387656474796
12.768,2273.2084472462275,1847.650139624403,2967.1464915843276
12.788,2273.2084472462275,1847.650139624403,2967.1464915843276
12.788,2261.446785477785,1838.0269618138593,2972.492701479074
12.81,2261.446785477785,1838.0269618138593,2972.492701479074
12.81,2250.7543656882917,1834.8192358770114,2965.008007626429
12.829,2250.7543656882917,1834.8192358770114,2965.008007626429
12.829,2257.1698175619877,1829.4730259822647,2971.423459500125
12.852,2257.1698175619877,1829.4730259822647,2971.423459500125
12.852,2265.7237533935822,1840.1654457717577,2968.215733563277
12.871,2265.7237533935822,1840.1654457717577,2968.215733563277
12.871,2267.862237351481,1846.5808976454537,2962.8695236685303
12.892,2267.862237351481,1846.5808976454537,2962.8695236685303
12.892,2259.3083015198863,1839.0962037928084,2970.3542175211755
12.913,2259.3083015198863,1839.0962037928084,2970.3542175211755
12.913,2258.239059540937,1846.5808976454537,2983.1851212685674
12.913,2258.239059540937,1846.5808976454537,2983.1851212685674
12.913,2258.239059540937,1833.749993898062,2970.3542175211755
12.934,2258.239059540937,1833.749993898062,2970.3542175211755
12.934,2266.7929953725315,1839.0962037928084,2962.8695236685303
12.955,2266.7929953725315,1839.0962037928084,2962.8695236685303
12.955,2263.5852694356836,1851.9271075402003,2973.5619434580235
12.977,2263.5852694356836,1851.9271075402003,2973.5619434580235
12.977,2270.0007213093795,1840.1654457717577,2969.284975542226
13.021,2270.0007213093795,1840.1654457717577,2969.284975542226
13.021,2256.1005755830383,1844.442413687555,2971.423459500125
13.021,2256.1005755830383,1844.442413687555,2971.423459500125
13.021,2265.7237533935822,1842.3039297296564,2968.215733563277
13.041,2265.7237533935822,1842.3039297296564,2968.215733563277
13.041,2266.7929953725315,1842.3039297296564,2966.0772496053783
13.064,2266.7929953725315,1842.3039297296564,2966.0772496053783
13.064,2272.139205267278,1842.3039297296564,2974.631185436973
13.084,2272.139205267278,1842.3039297296564,2974.631185436973
13.084,2263.5852694356836,1844.442413687555,2974.631185436973
13.085,2263.5852694356836,1844.442413687555,2974.631185436973
13.085,2247.5466397514438,1839.0962037928084,2960.7310397106316
13.106,2247.5466397514438,1839.0962037928084,2960.7310397106316
13.106,2267.862237351481,1836.95771983491,2972.492701479074
13.126,2267.862237351481,1836.95771983491,2972.492701479074
13.126,2266.7929953725315,1844.442413687555,2972.492701479074
13.147,2266.7929953725315,1844.442413687555,2972.492701479074
13.147,2260.3775434988356,1843.3731717086057,2965.008007626429
13.168,2260.3775434988356,1843.3731717086057,2965.008007626429
13.168,2256.1005755830383,1835.8884778559607,2968.215733563277
13.189,2256.1005755830383,1835.8884778559607,2968.215733563277
13.19,2261.446785477785,1842.3039297296564,2962.8695236685303
13.208,2261.446785477785,1842.3039297296564,2962.8695236685303
13.208,2250.7543656882917,1828.4037840033154,2952.1771038790375
13.23,2250.7543656882917,1828.4037840033154,2952.1771038790375
13.23,2262.5160274567343,1845.5116556665043,2972.492701479074
13.251,2262.5160274567343,1845.5116556665043,2972.492701479074
13.251,2273.2084472462275,1857.2733174349466,2967.1464915843276
13.252,2273.2084472462275,1857.2733174349466,2967.1464915843276
13.252,2260.3775434988356,1840.1654457717577,2958.5925557527335
13.273,2260.3775434988356,1840.1654457717577,2958.5925557527335
13.273,2262.5160274567343,1834.8192358770114,2963.9387656474796
13.294,2262.5160274567343,1834.8192358770114,2963.9387656474796
13.294,2261.446785477785,1840.1654457717577,2961.800281689581
13.316,2261.446785477785,1840.1654457717577,2961.800281689581
13.316,2259.3083015198863,1840.1654457717577,2960.7310397106316
13.337,2259.3083015198863,1840.1654457717577,2960.7310397106316
13.337,2257.1698175619877,1829.4730259822647,2957.523313773784
13.357,2257.1698175619877,1829.4730259822647,2957.523313773784
13.357,2259.3083015198863,1841.234687750707,2969.284975542226
13.377,2259.3083015198863,1841.234687750707,2969.284975542226
13.377,2266.7929953725315,1835.8884778559607,2967.1464915843276
13.399,2266.7929953725315,1835.8884778559607,2967.1464915843276
13.4,2265.7237533935822,1840.1654457717577,2954.315587836936
13.418,2265.7237533935822,1840.1654457717577,2954.315587836936
13.418,2266.7929953725315,1845.5116556665043,2971.423459500125
13.419,2266.7929953725315,1845.5116556665043,2971.423459500125
13.419,2260.3775434988356,1841.234687750707,2968.215733563277
13.439,2260.3775434988356,1841.234687750707,2968.215733563277
13.439,2266.7929953725315,1842.3039297296564,2967.1464915843276
13.461,2266.7929953725315,1842.3039297296564,2967.1464915843276
13.461,2262.5160274567343,1840.1654457717577,2962.8695236685303
13.481,2262.5160274567343,1840.1654457717577,2962.8695236685303
13.481,2255.031333604089,1841.234687750707,2953.246345857987
13.5,2255.031333604089,1841.234687750707,2953.246345857987
13.5,2263.5852694356836,1840.1654457717577,2967.1464915843276
13.522,2263.5852694356836,1840.1654457717577,2967.1464915843276
13.523,2261.446785477785,1841.234687750707,2962.8695236685303
13.542,2261.446785477785,1841.234687750707,2962.8695236685303
13.542,2261.446785477785,1838.0269618138593,2965.008007626429
13.562,2261.446785477785,1838.0269618138593,2965.008007626429
13.562,2265.7237533935822,1840.1654457717577,2957.523313773784
13.585,2265.7237533935822,1840.1654457717577,2957.523313773784
13.585,2266.7929953725315,1840.1654457717577,2977.838911373821
13.585,2266.7929953725315,1840.1654457717577,2977.838911373821
13.585,2259.3083015198863,1843.3731717086057,2968.215733563277
13.603,2259.3083015198863,1843.3731717086057,2968.215733563277
13.603,2260.3775434988356,1843.3731717086057,2963.9387656474796
13.624,2260.3775434988356,1843.3731717086057,2963.9387656474796
13.624,2257.1698175619877,1839.0962037928084,2968.215733563277
13.644,2257.1698175619877,1839.0962037928084,2968.215733563277
13.644,2260.3775434988356,1836.95771983491,2967.1464915843276
13.664,2260.3775434988356,1836.95771983491,2967.1464915843276
13.664,2265.7237533935822,1832.6807519191127,2975.700427415922
13.685,2265.7237533935822,1832.6807519191127,2975.700427415922
13.686,2263.5852694356836,1835.8884778559607,2967.1464915843276
13.706,2263.5852694356836,1835.8884778559607,2967.1464915843276
13.706,2272.139205267278,1854.065591498099,2966.0772496053783
13.726,2272.139205267278,1854.065591498099,2966.0772496053783
13.726,2255.031333604089,1841.234687750707,2963.9387656474796
13.749,2255.031333604089,1841.234687750707,2963.9387656474796
13.749,2261.446785477785,1841.234687750707,2970.3542175211755
13.749,2261.446785477785,1841.234687750707,2970.3542175211755
13.749,2260.3775434988356,1833.749993898062,2966.0772496053783
13.768,2260.3775434988356,1833.749993898062,2966.0772496053783
13.768,2259.3083015198863,1838.0269618138593,2971.423459500125
13.789,2259.3083015198863,1838.0269618138593,2971.423459500125
13.789,2261.446785477785,1839.0962037928084,2972.492701479074
13.809,2261.446785477785,1839.0962037928084,2972.492701479074
13.809,2258.239059540937,1838.0269618138593,2959.661797731683
13.83,2258.239059540937,1838.0269618138593,2959.661797731683
13.83,2261.446785477785,1838.0269618138593,2967.1464915843276
13.851,2261.446785477785,1838.0269618138593,2967.1464915843276
13.851,2270.0007213093795,1832.6807519191127,2972.492701479074
13.871,2270.0007213093795,1832.6807519191127,2972.492701479074
13.871,2262.5160274567343,1832.6807519191127,2967.1464915843276
13.892,2262.5160274567343,1832.6807519191127,2967.1464915843276
13.892,2242.200429856697,1845.5116556665043,2969.284975542226
13.914,2242.200429856697,1845.5116556665043,2969.284975542226
13.914,2267.862237351481,1840.1654457717577,2972.492701479074
13.914,2267.862237351481,1840.1654457717577,2972.492701479074
13.914,2257.1698175619877,1834.8192358770114,2969.284975542226
13.935,2257.1698175619877,1834.8192358770114,2969.284975542226
13.935,2248.615881730393,1835.8884778559607,2958.5925557527335
13.955,2248.615881730393,1835.8884778559607,2958.5925557527335
13.955,2262.5160274567343,1841.234687750707,2963.9387656474796
13.977,2262.5160274567343,1841.234687750707,2963.9387656474796
13.977,2265.7237533935822,1847.650139624403,2960.7310397106316
13.998,2265.7237533935822,1847.650139624403,2960.7310397106316
13.998,2268.93147933043,1835.8884778559607,2973.5619434580235
14.018,2268.93147933043,1835.8884778559607,2973.5619434580235
14.018,2258.239059540937,1835.8884778559607,2965.008007626429
14.04,2258.239059540937,1835.8884778559607,2965.008007626429
14.04,2260.3775434988356,1832.6807519191127,2963.9387656474796
14.06,2260.3775434988356,1832.6807519191127,2963.9387656474796
14.06,2266.7929953725315,1842.3039297296564,2966.0772496053783
14.081,2266.7929953725315,1842.3039297296564,2966.0772496053783
14.081,2280.6931410988723,1841.234687750707,2967.1464915843276
14.082,2280.6931410988723,1841.234687750707,2967.1464915843276
14.082,2266.7929953725315,1833.749993898062,2975.700427415922
14.103,2266.7929953725315,1833.749993898062,2975.700427415922
14.103,2261.446785477785,1832.6807519191127,2963.9387656474796
14.124,2261.446785477785,1832.6807519191127,2963.9387656474796
14.124,2252.8928496461904,1843.3731717086057,2959.661797731683
14.144,2252.8928496461904,1843.3731717086057,2959.661797731683
14.144,2261.446785477785,1836.95771983491,2962.8695236685303
14.164,2261.446785477785,1836.95771983491,2962.8695236685303
14.164,2271.069963288329,1843.3731717086057,2968.215733563277
14.184,2271.069963288329,1843.3731717086057,2968.215733563277
14.184,2266.7929953725315,1843.3731717086057,2971.423459500125
14.205,2266.7929953725315,1843.3731717086057,2971.423459500125
14.205,2267.862237351481,1844.442413687555,2970.3542175211755
14.247,2267.862237351481,1844.442413687555,2970.3542175211755
14.247,2263.5852694356836,1851.9271075402003,2981.0466373106688
14.247,2263.5852694356836,1851.9271075402003,2981.0466373106688
14.248,2261.446785477785,1841.234687750707,2970.3542175211755
14.248,2261.446785477785,1841.234687750707,2970.3542175211755
14.248,2270.0007213093795,1821.9883321296197,2961.800281689581
14.269,2270.0007213093795,1821.9883321296197,2961.800281689581
14.269,2266.7929953725315,1839.0962037928084,2971.423459500125
14.288,2266.7929953725315,1839.0962037928084,2971.423459500125
14.288,2264.654511414633,1847.650139624403,2972.492701479074
14.309,2264.654511414633,1847.650139624403,2972.492701479074
14.309,2264.654511414633,1829.4730259822647,2977.838911373821
14.329,2264.654511414633,1829.4730259822647,2977.838911373821
14.329,2263.5852694356836,1842.3039297296564,2971.423459500125
14.35,2263.5852694356836,1842.3039297296564,2971.423459500125
14.35,2272.139205267278,1840.1654457717577,2966.0772496053783
14.371,2272.139205267278,1840.1654457717577,2966.0772496053783
14.371,2264.654511414633,1845.5116556665043,2966.0772496053783
14.392,2264.654511414633,1845.5116556665043,2966.0772496053783
14.392,2260.3775434988356,1847.650139624403,2966.0772496053783
14.433,2266.7929953725315,1831.6115099401634,2973.5619434580235
14.433,2260.3775434988356,1847.650139624403,2966.0772496053783
14.433,2266.7929953725315,1831.6115099401634,2973.5619434580235
14.433,2270.0007213093795,1855.1348334770482,2973.5619434580235
14.434,2270.0007213093795,1855.1348334770482,2973.5619434580235
14.434,2265.7237533935822,1848.7193816033523,2966.0772496053783
14.454,2265.7237533935822,1848.7193816033523,2966.0772496053783
14.454,2259.3083015198863,1840.1654457717577,2963.9387656474796
14.474,2259.3083015198863,1840.1654457717577,2963.9387656474796
14.475,2266.7929953725315,1841.234687750707,2970.3542175211755
14.495,2266.7929953725315,1841.234687750707,2970.3542175211755
14.495,2270.0007213093795,1848.7193816033523,2967.1464915843276
14.515,2270.0007213093795,1848.7193816033523,2967.1464915843276
14.516,2266.7929953725315,1836.95771983491,2962.8695236685303
14.557,2266.7929953725315,1836.95771983491,2962.8695236685303
14.557,2276.416173183075,1844.442413687555,2981.0466373106688
14.557,2276.416173183075,1844.442413687555,2981.0466373106688
14.557,2273.2084472462275,1835.8884778559607,2971.423459500125
14.577,2273.2084472462275,1835.8884778559607,2971.423459500125
14.577,2267.862237351481,1840.1654457717577,2960.7310397106316
14.577,2267.862237351481,1840.1654457717577,2960.7310397106316
14.577,2262.5160274567343,1828.4037840033154,2968.215733563277
14.598,2262.5160274567343,1828.4037840033154,2968.215733563277
14.598,2268.93147933043,1838.0269618138593,2970.3542175211755
14.619,2268.93147933043,1838.0269618138593,2970.3542175211755
14.619,2262.5160274567343,1841.234687750707,2978.90815335277
14.639,2262.5160274567343,1841.234687750707,2978.90815335277
14.639,2266.7929953725315,1833.749993898062,2965.008007626429
14.66,2266.7929953725315,1833.749993898062,2965.008007626429
14.661,2257.1698175619877,1843.3731717086057,2966.0772496053783
14.681,2257.1698175619877,1843.3731717086057,2966.0772496053783
14.681,2262.5160274567343,1824.1268160875181,2967.1464915843276
14.703,2262.5160274567343,1824.1268160875181,2967.1464915843276
14.703,2267.862237351481,1839.0962037928084,2966.0772496053783
14.723,2267.862237351481,1839.0962037928084,2966.0772496053783
14.723,2262.5160274567343,1852.9963495191496,2958.5925557527335
14.743,2262.5160274567343,1852.9963495191496,2958.5925557527335
14.743,2248.615881730393,1842.3039297296564,2963.9387656474796
14.743,2248.615881730393,1842.3039297296564,2963.9387656474796
14.743,2262.5160274567343,1843.3731717086057,2969.284975542226
14.764,2262.5160274567343,1843.3731717086057,2969.284975542226
14.764,2255.031333604089,1835.8884778559607,2960.7310397106316
14.784,2255.031333604089,1835.8884778559607,2960.7310397106316
14.784,2268.93147933043,1830.542267961214,2970.3542175211755
14.804,2268.93147933043,1830.542267961214,2970.3542175211755
14.804,2251.823607667241,1829.4730259822647,2961.800281689581
14.826,2251.823607667241,1829.4730259822647,2961.800281689581
14.826,2264.654511414633,1839.0962037928084,2972.492701479074
14.847,2264.654511414633,1839.0962037928084,2972.492701479074
14.847,2255.031333604089,1840.1654457717577,2963.9387656474796
14.869,2255.031333604089,1840.1654457717577,2963.9387656474796
14.869,2252.8928496461904,1844.442413687555,2958.5925557527335
14.889,2252.8928496461904,1844.442413687555,2958.5925557527335
14.889,2266.7929953725315,1845.5116556665043,2965.008007626429
14.909,2266.7929953725315,1845.5116556665043,2965.008007626429
14.909,2267.862237351481,1836.95771983491,2967.1464915843276
14.909,2267.862237351481,1836.95771983491,2967.1464915843276
14.909,2256.1005755830383,1835.8884778559607,2974.631185436973
14.931,2256.1005755830383,1835.8884778559607,2974.631185436973
14.931,2268.93147933043,1843.3731717086057,2972.492701479074
14.951,2268.93147933043,1843.3731717086057,2972.492701479074
14.951,2259.3083015198863,1842.3039297296564,2962.8695236685303
14.971,2259.3083015198863,1842.3039297296564,2962.8695236685303
14.971,2263.5852694356836,1841.234687750707,2981.0466373106688
15.01,2263.5852694356836,1841.234687750707,2981.0466373106688
15.01,2265.7237533935822,1836.95771983491,2974.631185436973
15.01,2265.7237533935822,1836.95771983491,2974.631185436973
15.01,2258.239059540937,1842.3039297296564,2963.9387656474796
15.028,2258.239059540937,1842.3039297296564,2963.9387656474796
15.028,2262.5160274567343,1842.3039297296564,2968.215733563277
15.049,2262.5160274567343,1842.3039297296564,2968.215733563277
15.049,2277.4854151620243,1828.4037840033154,2985.323605226466
15.07,2277.4854151620243,1828.4037840033154,2985.323605226466
15.07,2261.446785477785,1829.4730259822647,2960.7310397106316
15.071,2261.446785477785,1829.4730259822647,2960.7310397106316
15.071,2258.239059540937,1848.7193816033523,2974.631185436973
15.091,2258.239059540937,1848.7193816033523,2974.631185436973
15.091,2277.4854151620243,1833.749993898062,2969.284975542226
15.112,2277.4854151620243,1833.749993898062,2969.284975542226
15.112,2257.1698175619877,1845.5116556665043,2971.423459500125
15.133,2257.1698175619877,1845.5116556665043,2971.423459500125
15.133,2260.3775434988356,1834.8192358770114,2972.492701479074
15.153,2260.3775434988356,1834.8192358770114,2972.492701479074
15.153,2260.3775434988356,1841.234687750707,2971.423459500125
15.198,2260.3775434988356,1841.234687750707,2971.423459500125
15.198,2263.5852694356836,1844.442413687555,2966.0772496053783
15.198,2263.5852694356836,1844.442413687555,2966.0772496053783
15.198,2256.1005755830383,1836.95771983491,2981.0466373106688
15.217,2256.1005755830383,1836.95771983491,2981.0466373106688
15.217,2252.8928496461904,1842.3039297296564,2972.492701479074
15.237,2252.8928496461904,1842.3039297296564,2972.492701479074
15.237,2255.031333604089,1841.234687750707,2968.215733563277
15.237,2255.031333604089,1841.234687750707,2968.215733563277
15.237,2260.3775434988356,1838.0269618138593,2971.423459500125
15.28,2260.3775434988356,1838.0269618138593,2971.423459500125
15.28,2268.93147933043,1851.9271075402003,2967.1464915843276
15.281,2268.93147933043,1851.9271075402003,2967.1464915843276
15.281,2257.1698175619877,1835.8884778559607,2971.423459500125
15.3,2257.1698175619877,1835.8884778559607,2971.423459500125
15.3,2258.239059540937,1838.0269618138593,2968.215733563277
15.345,2258.239059540937,1838.0269618138593,2968.215733563277
15.345,2264.654511414633,1835.8884778559607,2970.3542175211755
15.345,2264.654511414633,1835.8884778559607,2970.3542175211755
15.345,2262.5160274567343,1836.95771983491,2958.5925557527335
15.363,2262.5160274567343,1836.95771983491,2958.5925557527335
15.363,2257.1698175619877,1845.5116556665043,2969.284975542226
15.383,2257.1698175619877,1845.5116556665043,2969.284975542226
15.383,2265.7237533935822,1854.065591498099,2973.5619434580235
15.403,2265.7237533935822,1854.065591498099,2973.5619434580235
15.403,2261.446785477785,1839.0962037928084,2973.5619434580235
15.404,2261.446785477785,1839.0962037928084,2973.5619434580235
15.404,2266.7929953725315,1840.1654457717577,2965.008007626429
15.423,2266.7929953725315,1840.1654457717577,2965.008007626429
15.423,2264.654511414633,1842.3039297296564,2962.8695236685303
15.445,2264.654511414633,1842.3039297296564,2962.8695236685303
15.445,2270.0007213093795,1835.8884778559607,2962.8695236685303
15.465,2270.0007213093795,1835.8884778559607,2962.8695236685303
15.465,2261.446785477785,1842.3039297296564,2970.3542175211755
15.487,2261.446785477785,1842.3039297296564,2970.3542175211755
15.487,2272.139205267278,1835.8884778559607,2974.631185436973
15.509,2272.139205267278,1835.8884778559607,2974.631185436973
15.509,2255.031333604089,1839.0962037928084,2957.523313773784
15.529,2255.031333604089,1839.0962037928084,2957.523313773784
15.529,2262.5160274567343,1841.234687750707,2958.5925557527335
15.548,2262.5160274567343,1841.234687750707,2958.5925557527335
15.549,2267.862237351481,1844.442413687555,2974.631185436973
15.57,2267.862237351481,1844.442413687555,2974.631185436973
15.57,2262.5160274567343,1836.95771983491,2973.5619434580235
15.57,2262.5160274567343,1836.95771983491,2973.5619434580235
15.57,2266.7929953725315,1841.234687750707,2974.631185436973
15.594,2266.7929953725315,1841.234687750707,2974.631185436973
15.594,2258.239059540937,1840.1654457717577,2963.9387656474796
15.614,2258.239059540937,1840.1654457717577,2963.9387656474796
15.614,2262.5160274567343,1839.0962037928084,2973.5619434580235
15.636,2262.5160274567343,1839.0962037928084,2973.5619434580235
15.636,2264.654511414633,1844.442413687555,2962.8695236685303
15.655,2264.654511414633,1844.442413687555,2962.8695236685303
15.655,2266.7929953725315,1838.0269618138593,2970.3542175211755
15.677,2266.7929953725315,1838.0269618138593,2970.3542175211755
15.677,2262.5160274567343,1840.1654457717577,2973.5619434580235
15.697,2262.5160274567343,1840.1654457717577,2973.5619434580235
15.697,2257.1698175619877,1841.234687750707,2961.800281689581
15.718,2257.1698175619877,1841.234687750707,2961.800281689581
15.718,2262.5160274567343,1840.1654457717577,2968.215733563277
15.738,2262.5160274567343,1840.1654457717577,2968.215733563277
15.738,2255.031333604089,1844.442413687555,2969.284975542226
15.739,2255.031333604089,1844.442413687555,2969.284975542226
15.739,2262.5160274567343,1831.6115099401634,2975.700427415922
15.758,2262.5160274567343,1831.6115099401634,2975.700427415922
15.758,2261.446785477785,1842.3039297296564,2972.492701479074
15.778,2261.446785477785,1842.3039297296564,2972.492701479074
15.778,2248.615881730393,1842.3039297296564,2973.5619434580235
15.798,2261.446785477785,1845.5116556665043,2965.008007626429
15.798,2261.446785477785,1845.5116556665043,2965.008007626429
15.82,2260.3775434988356,1845.5116556665043,2969.284975542226
15.82,2260.3775434988356,1845.5116556665043,2969.284975542226
15.842,2260.3775434988356,1846.5808976454537,2969.284975542226
15.842,2260.3775434988356,1846.5808976454537,2969.284975542226
15.862,2264.654511414633,1836.95771983491,2974.631185436973
15.862,2264.654511414633,1836.95771983491,2974.631185436973
15.883,2263.5852694356836,1833.749993898062,2973.5619434580235
15.883,2268.93147933043,1842.3039297296564,2963.9387656474796
15.904,2263.5852694356836,1833.749993898062,2973.5619434580235
15.904,2268.93147933043,1842.3039297296564,2963.9387656474796
15.904,2271.069963288329,1838.0269618138593,2971.423459500125
15.904,2271.069963288329,1838.0269618138593,2971.423459500125
15.925,2261.446785477785,1834.8192358770114,2961.800281689581
15.925,2261.446785477785,1834.8192358770114,2961.800281689581
15.947,2257.1698175619877,1841.234687750707,2972.492701479074
15.947,2257.1698175619877,1841.234687750707,2972.492701479074
15.967,2250.7543656882917,1843.3731717086057,2970.3542175211755
15.967,2250.7543656882917,1843.3731717086057,2970.3542175211755
15.987,2257.1698175619877,1841.234687750707,2974.631185436973
15.987,2257.1698175619877,1841.234687750707,2974.631185436973
16.01,2265.7237533935822,1838.0269618138593,2958.5925557527335
16.01,2265.7237533935822,1838.0269618138593,2958.5925557527335
16.029,2279.623899119923,1831.6115099401634,2974.631185436973
16.029,2279.623899119923,1831.6115099401634,2974.631185436973
16.05,2261.446785477785,1844.442413687555,2974.631185436973
16.05,2262.5160274567343,1846.5808976454537,2969.284975542226
16.072,2261.446785477785,1844.442413687555,2974.631185436973
16.072,2262.5160274567343,1846.5808976454537,2969.284975542226
16.072,2264.654511414633,1838.0269618138593,2967.1464915843276
16.072,2264.654511414633,1838.0269618138593,2967.1464915843276
16.092,2261.446785477785,1844.442413687555,2968.215733563277
16.092,2268.93147933043,1842.3039297296564,2966.0772496053783
16.112,2267.862237351481,1854.065591498099,2957.523313773784
16.113,2267.862237351481,1854.065591498099,2957.523313773784
16.133,2261.446785477785,1833.749993898062,2966.0772496053783
16.133,2261.446785477785,1833.749993898062,2966.0772496053783
16.155,2255.031333604089,1844.442413687555,2971.423459500125
16.155,2255.031333604089,1844.442413687555,2971.423459500125
16.178,2268.93147933043,1846.5808976454537,2975.700427415922
16.178,2268.93147933043,1846.5808976454537,2975.700427415922
16.198,2260.3775434988356,1838.0269618138593,2966.0772496053783
16.198,2260.3775434988356,1838.0269618138593,2966.0772496053783
16.218,2260.3775434988356,1833.749993898062,2963.9387656474796
16.219,2260.3775434988356,1833.749993898062,2963.9387656474796
16.239,2258.239059540937,1845.5116556665043,2967.1464915843276
16.239,2258.239059540937,1845.5116556665043,2967.1464915843276
16.239,2268.93147933043,1844.442413687555,2966.0772496053783
16.239,2268.93147933043,1844.442413687555,2966.0772496053783
16.258,2268.93147933043,1846.5808976454537,2977.838911373821
16.258,2268.93147933043,1846.5808976454537,2977.838911373821
16.28,2259.3083015198863,1834.8192358770114,2965.008007626429
16.281,2259.3083015198863,1834.8192358770114,2965.008007626429
16.321,2262.5160274567343,1843.3731717086057,2967.1464915843276
16.322,2262.5160274567343,1843.3731717086057,2967.1464915843276
16.322,2272.139205267278,1836.95771983491,2970.3542175211755
16.322,2272.139205267278,1836.95771983491,2970.3542175211755
16.344,2266.7929953725315,1844.442413687555,2969.284975542226
16.344,2266.7929953725315,1844.442413687555,2969.284975542226
16.363,2264.654511414633,1841.234687750707,2975.700427415922
16.363,2264.654511414633,1841.234687750707,2975.700427415922
16.385,2261.446785477785,1839.0962037928084,2968.215733563277
16.385,2261.446785477785,1839.0962037928084,2968.215733563277
16.406,2260.3775434988356,1838.0269618138593,2968.215733563277
16.406,2260.3775434988356,1838.0269618138593,2968.215733563277
16.407,2258.239059540937,1841.234687750707,2968.215733563277
16.407,2258.239059540937,1841.234687750707,2968.215733563277
16.426,2262.5160274567343,1839.0962037928084,2969.284975542226
16.426,2262.5160274567343,1839.0962037928084,2969.284975542226
16.448,2271.069963288329,1844.442413687555,2960.7310397106316
16.448,2271.069963288329,1844.442413687555,2960.7310397106316
16.468,2267.862237351481,1840.1654457717577,2967.1464915843276
16.468,2267.862237351481,1840.1654457717577,2967.1464915843276
16.488,2262.5160274567343,1845.5116556665043,2968.215733563277
16.488,2262.5160274567343,1845.5116556665043,2968.215733563277
16.509,2265.7237533935822,1838.0269618138593,2967.1464915843276
16.509,2265.7237533935822,1838.0269618138593,2967.1464915843276
16.529,2264.654511414633,1842.3039297296564,2966.0772496053783
16.529,2264.654511414633,1842.3039297296564,2966.0772496053783
16.552,2268.93147933043,1846.5808976454537,2965.008007626429
16.552,2268.93147933043,1846.5808976454537,2965.008007626429
16.567,2265.7237533935822,1841.234687750707,2965.008007626429
16.567,2265.7237533935822,1841.234687750707,2965.008007626429
16.568,2266.7929953725315,1839.0962037928084,2969.284975542226
16.568,2266.7929953725315,1839.0962037928084,2969.284975542226
16.588,2256.1005755830383,1843.3731717086057,2970.3542175211755
16.588,2256.1005755830383,1843.3731717086057,2970.3542175211755
16.608,2266.7929953725315,1848.7193816033523,2974.631185436973
16.608,2266.7929953725315,1848.7193816033523,2974.631185436973
16.628,2260.3775434988356,1840.1654457717577,2970.3542175211755
16.628,2260.3775434988356,1840.1654457717577,2970.3542175211755
16.671,2260.3775434988356,1843.3731717086057,2972.492701479074
16.671,2260.3775434988356,1843.3731717086057,2972.492701479074
16.671,2259.3083015198863,1835.8884778559607,2967.1464915843276
16.672,2259.3083015198863,1835.8884778559607,2967.1464915843276
16.692,2265.7237533935822,1843.3731717086057,2986.3928472054154
16.693,2265.7237533935822,1843.3731717086057,2986.3928472054154
16.715,2263.5852694356836,1845.5116556665043,2962.8695236685303
16.715,2263.5852694356836,1845.5116556665043,2962.8695236685303
16.734,2268.93147933043,1835.8884778559607,2975.700427415922
16.734,2268.93147933043,1835.8884778559607,2975.700427415922
16.735,2259.3083015198863,1834.8192358770114,2968.215733563277
16.735,2259.3083015198863,1834.8192358770114,2968.215733563277
16.755,2264.654511414633,1840.1654457717577,2963.9387656474796
16.755,2264.654511414633,1840.1654457717577,2963.9387656474796
16.775,2261.446785477785,1851.9271075402003,2962.8695236685303
16.775,2261.446785477785,1851.9271075402003,2962.8695236685303
16.797,2263.5852694356836,1833.749993898062,2973.5619434580235
16.797,2263.5852694356836,1833.749993898062,2973.5619434580235
16.818,2267.862237351481,1843.3731717086057,2974.631185436973
16.818,2267.862237351481,1843.3731717086057,2974.631185436973
16.84,2260.3775434988356,1843.3731717086057,2971.423459500125
16.84,2260.3775434988356,1843.3731717086057,2971.423459500125
16.86,2259.3083015198863,1838.0269618138593,2970.3542175211755
16.86,2259.3083015198863,1838.0269618138593,2970.3542175211755
16.88,2261.446785477785,1838.0269618138593,2955.3848298158855
16.88,2261.446785477785,1838.0269618138593,2955.3848298158855
16.901,2257.1698175619877,1840.1654457717577,2966.0772496053783
16.901,2257.1698175619877,1840.1654457717577,2966.0772496053783
16.902,2256.1005755830383,1843.3731717086057,2968.215733563277
16.902,2256.1005755830383,1843.3731717086057,2968.215733563277
16.926,2248.615881730393,1836.95771983491,2967.1464915843276
16.926,2248.615881730393,1836.95771983491,2967.1464915843276
16.943,2256.1005755830383,1843.3731717086057,2963.9387656474796
16.943,2256.1005755830383,1843.3731717086057,2963.9387656474796
16.966,2251.823607667241,1842.3039297296564,2958.5925557527335
16.966,2251.823607667241,1842.3039297296564,2958.5925557527335
16.986,2268.93147933043,1843.3731717086057,2962.8695236685303
16.986,2268.93147933043,1843.3731717086057,2962.8695236685303
17.006,2271.069963288329,1833.749993898062,2969.284975542226
17.007,2271.069963288329,1833.749993898062,2969.284975542226
17.027,2264.654511414633,1834.8192358770114,2962.8695236685303
17.027,2264.654511414633,1834.8192358770114,2962.8695236685303
17.048,2265.7237533935822,1838.0269618138593,2965.008007626429
17.048,2265.7237533935822,1838.0269618138593,2965.008007626429
17.069,2260.3775434988356,1829.4730259822647,2960.7310397106316
17.069,2260.3775434988356,1829.4730259822647,2960.7310397106316
17.069,2264.654511414633,1839.0962037928084,2968.215733563277
17.069,2264.654511414633,1839.0962037928084,2968.215733563277
17.091,2261.446785477785,1838.0269618138593,2973.5619434580235
17.091,2261.446785477785,1838.0269618138593,2973.5619434580235
17.111,2261.446785477785,1855.1348334770482,2963.9387656474796
17.111,2261.446785477785,1855.1348334770482,2963.9387656474796
17.132,2260.3775434988356,1838.0269618138593,2967.1464915843276
17.132,2260.3775434988356,1838.0269618138593,2967.1464915843276
17.176,2258.239059540937,1839.0962037928084,2971.423459500125
17.176,2258.239059540937,1839.0962037928084,2971.423459500125
17.176,2260.3775434988356,1843.3731717086057,2966.0772496053783
17.176,2260.3775434988356,1843.3731717086057,2966.0772496053783
17.196,2264.654511414633,1833.749993898062,2969.284975542226
17.196,2264.654511414633,1833.749993898062,2969.284975542226
17.216,2265.7237533935822,1839.0962037928084,2971.423459500125
17.216,2265.7237533935822,1839.0962037928084,2971.423459500125
17.237,2264.654511414633,1843.3731717086057,2966.0772496053783
17.237,2264.654511414633,1843.3731717086057,2966.0772496053783
17.237,2265.7237533935822,1842.3039297296564,2966.0772496053783
17.237,2265.7237533935822,1842.3039297296564,2966.0772496053783
17.258,2260.3775434988356,1838.0269618138593,2969.284975542226
17.258,2260.3775434988356,1838.0269618138593,2969.284975542226
17.279,2265.7237533935822,1842.3039297296564,2970.3542175211755
17.279,2265.7237533935822,1842.3039297296564,2970.3542175211755
17.299,2266.7929953725315,1842.3039297296564,2967.1464915843276
17.299,2266.7929953725315,1842.3039297296564,2967.1464915843276
17.319,2252.8928496461904,1840.1654457717577,2970.3542175211755
17.319,2252.8928496461904,1840.1654457717577,2970.3542175211755
17.339,2257.1698175619877,1836.95771983491,2963.9387656474796
17.339,2257.1698175619877,1836.95771983491,2963.9387656474796
17.36,2257.1698175619877,1845.5116556665043,2960.7310397106316
17.36,2257.1698175619877,1845.5116556665043,2960.7310397106316
17.38,2262.5160274567343,1843.3731717086057,2966.0772496053783
17.38,2262.5160274567343,1843.3731717086057,2966.0772496053783
17.401,2259.3083015198863,1840.1654457717577,2967.1464915843276
17.401,2259.3083015198863,1840.1654457717577,2967.1464915843276
17.401,2261.446785477785,1834.8192358770114,2963.9387656474796
17.402,2261.446785477785,1834.8192358770114,2963.9387656474796
17.422,2255.031333604089,1843.3731717086057,2970.3542175211755
17.423,2255.031333604089,1843.3731717086057,2970.3542175211755
17.442,2264.654511414633,1843.3731717086057,2972.492701479074
17.443,2264.654511414633,1843.3731717086057,2972.492701479074
17.463,2266.7929953725315,1845.5116556665043,2965.008007626429
17.463,2266.7929953725315,1845.5116556665043,2965.008007626429
17.484,2236.854219961951,1839.0962037928084,2970.3542175211755
17.484,2236.854219961951,1839.0962037928084,2970.3542175211755
17.504,2259.3083015198863,1843.3731717086057,2966.0772496053783
17.504,2259.3083015198863,1843.3731717086057,2966.0772496053783
17.526,2255.031333604089,1839.0962037928084,2965.008007626429
17.526,2255.031333604089,1839.0962037928084,2965.008007626429
17.546,2262.5160274567343,1845.5116556665043,2975.700427415922
17.546,2262.5160274567343,1845.5116556665043,2975.700427415922
17.567,2258.239059540937,1847.650139624403,2974.631185436973
17.567,2258.239059540937,1847.650139624403,2974.631185436973
17.567,2260.3775434988356,1838.0269618138593,2961.800281689581
17.567,2260.3775434988356,1838.0269618138593,2961.800281689581
17.587,2260.3775434988356,1814.5036382769745,2963.9387656474796
17.587,2260.3775434988356,1814.5036382769745,2963.9387656474796
17.608,2261.446785477785,1838.0269618138593,2969.284975542226
17.608,2261.446785477785,1838.0269618138593,2969.284975542226
17.629,2262.5160274567343,1834.8192358770114,2967.1464915843276
17.629,2262.5160274567343,1834.8192358770114,2967.1464915843276
17.648,2267.862237351481,1845.5116556665043,2974.631185436973
17.648,2267.862237351481,1845.5116556665043,2974.631185436973
17.669,2268.93147933043,1838.0269618138593,2961.800281689581
17.669,2268.93147933043,1838.0269618138593,2961.800281689581
17.691,2262.5160274567343,1838.0269618138593,2972.492701479074
17.691,2262.5160274567343,1838.0269618138593,2972.492701479074
17.714,2261.446785477785,1834.8192358770114,2969.284975542226
17.714,2261.446785477785,1834.8192358770114,2969.284975542226
17.734,2266.7929953725315,1844.442413687555,2969.284975542226
17.734,2266.7929953725315,1844.442413687555,2969.284975542226
17.734,2261.446785477785,1846.5808976454537,2965.008007626429
17.734,2261.446785477785,1846.5808976454537,2965.008007626429
17.756,2263.5852694356836,1847.650139624403,2971.423459500125
17.756,2263.5852694356836,1847.650139624403,2971.423459500125
17.776,2253.9620916251397,1843.3731717086057,2962.8695236685303
17.777,2253.9620916251397,1843.3731717086057,2962.8695236685303
17.798,2261.446785477785,1843.3731717086057,2968.215733563277
17.798,2261.446785477785,1843.3731717086057,2968.215733563277
17.84,2270.0007213093795,1842.3039297296564,2963.9387656474796
17.841,2270.0007213093795,1842.3039297296564,2963.9387656474796
17.841,2261.446785477785,1852.9963495191496,2973.5619434580235
17.841,2261.446785477785,1852.9963495191496,2973.5619434580235
17.861,2266.7929953725315,1833.749993898062,2968.215733563277
17.861,2266.7929953725315,1833.749993898062,2968.215733563277
17.884,2257.1698175619877,1840.1654457717577,2972.492701479074
17.884,2257.1698175619877,1840.1654457717577,2972.492701479074
17.905,2257.1698175619877,1833.749993898062,2951.107861900088
17.905,2257.1698175619877,1833.749993898062,2951.107861900088
17.905,2265.7237533935822,1843.3731717086057,2970.3542175211755
17.905,2265.7237533935822,1843.3731717086057,2970.3542175211755
17.925,2275.346931204126,1836.95771983491,2974.631185436973
17.925,2275.346931204126,1836.95771983491,2974.631185436973
17.945,2262.5160274567343,1838.0269618138593,2967.1464915843276
17.945,2262.5160274567343,1838.0269618138593,2967.1464915843276
17.965,2262.5160274567343,1833.749993898062,2965.008007626429
17.965,2262.5160274567343,1833.749993898062,2965.008007626429
17.988,2263.5852694356836,1836.95771983491,2965.008007626429
17.988,2263.5852694356836,1836.95771983491,2965.008007626429
18.006,2266.7929953725315,1833.749993898062,2976.7696693948715
18.006,2266.7929953725315,1833.749993898062,2976.7696693948715
18.026,2265.7237533935822,1855.1348334770482,2970.3542175211755
18.026,2265.7237533935822,1855.1348334770482,2970.3542175211755
18.047,2260.3775434988356,1835.8884778559607,2961.800281689581
18.047,2260.3775434988356,1835.8884778559607,2961.800281689581
18.069,2258.239059540937,1835.8884778559607,2962.8695236685303
18.069,2258.239059540937,1835.8884778559607,2962.8695236685303
18.069,2262.5160274567343,1854.065591498099,2967.1464915843276
18.069,2262.5160274567343,1854.065591498099,2967.1464915843276
18.09,2265.7237533935822,1839.0962037928084,2968.215733563277
18.09,2265.7237533935822,1839.0962037928084,2968.215733563277
18.11,2251.823607667241,1849.7886235823016,2973.5619434580235
18.11,2251.823607667241,1849.7886235823016,2973.5619434580235
18.13,2262.5160274567343,1839.0962037928084,2973.5619434580235
18.13,2262.5160274567343,1839.0962037928084,2973.5619434580235
18.143,2266.7929953725315,1834.8192358770114,2976.7696693948715
18.143,2266.7929953725315,1834.8192358770114,2976.7696693948715
18.163,2262.5160274567343,1857.2733174349466,2956.454071794835
18.164,2262.5160274567343,1857.2733174349466,2956.454071794835
18.184,2264.654511414633,1838.0269618138593,2959.661797731683
18.184,2264.654511414633,1838.0269618138593,2959.661797731683
18.205,2271.069963288329,1846.5808976454537,2970.3542175211755
18.205,2271.069963288329,1846.5808976454537,2970.3542175211755
18.225,2257.1698175619877,1834.8192358770114,2974.631185436973
18.225,2257.1698175619877,1834.8192358770114,2974.631185436973
18.246,2259.3083015198863,1838.0269618138593,2954.315587836936
18.247,2259.3083015198863,1838.0269618138593,2954.315587836936
18.247,2257.1698175619877,1846.5808976454537,2968.215733563277
18.247,2257.1698175619877,1846.5808976454537,2968.215733563277
18.267,2262.5160274567343,1844.442413687555,2962.8695236685303
18.267,2262.5160274567343,1844.442413687555,2962.8695236685303
18.287,2272.139205267278,1844.442413687555,2968.215733563277
18.287,2272.139205267278,1844.442413687555,2968.215733563277
18.308,2264.654511414633,1838.0269618138593,2962.8695236685303
18.308,2264.654511414633,1838.0269618138593,2962.8695236685303
18.328,2266.7929953725315,1841.234687750707,2962.8695236685303
18.328,2266.7929953725315,1841.234687750707,2962.8695236685303
18.349,2263.5852694356836,1834.8192358770114,2977.838911373821
18.349,2263.5852694356836,1834.8192358770114,2977.838911373821
18.368,2266.7929953725315,1842.3039297296564,2970.3542175211755
18.368,2266.7929953725315,1842.3039297296564,2970.3542175211755
18.39,2268.93147933043,1847.650139624403,2970.3542175211755
18.39,2268.93147933043,1847.650139624403,2970.3542175211755
18.411,2257.1698175619877,1844.442413687555,2960.7310397106316
18.411,2257.1698175619877,1844.442413687555,2960.7310397106316
18.411,2262.5160274567343,1836.95771983491,2956.454071794835
18.412,2262.5160274567343,1836.95771983491,2956.454071794835
18.431,2266.7929953725315,1838.0269618138593,2989.6005731422633
18.431,2266.7929953725315,1838.0269618138593,2989.6005731422633
18.451,2261.446785477785,1841.234687750707,2958.5925557527335
18.451,2261.446785477785,1841.234687750707,2958.5925557527335
18.473,2282.831625056771,1835.8884778559607,2973.5619434580235
18.473,2282.831625056771,1835.8884778559607,2973.5619434580235
18.496,2263.5852694356836,1839.0962037928084,2966.0772496053783
18.496,2263.5852694356836,1839.0962037928084,2966.0772496053783
18.515,2258.239059540937,1835.8884778559607,2958.5925557527335
18.515,2258.239059540937,1835.8884778559607,2958.5925557527335
18.537,2268.93147933043,1842.3039297296564,2971.423459500125
18.537,2268.93147933043,1842.3039297296564,2971.423459500125
18.557,2266.7929953725315,1840.1654457717577,2969.284975542226
18.557,2266.7929953725315,1840.1654457717577,2969.284975542226
18.576,2267.862237351481,1845.5116556665043,2974.631185436973
18.576,2267.862237351481,1845.5116556665043,2974.631185436973
18.596,2260.3775434988356,1842.3039297296564,2962.8695236685303
18.596,2260.3775434988356,1842.3039297296564,2962.8695236685303
18.596,2255.031333604089,1847.650139624403,2961.800281689581
18.596,2255.031333604089,1847.650139624403,2961.800281689581
18.616,2262.5160274567343,1834.8192358770114,2956.454071794835
18.616,2262.5160274567343,1834.8192358770114,2956.454071794835
18.658,2262.5160274567343,1846.5808976454537,2962.8695236685303
