Time,25W,25X,25Y
0.008,1877.6204256182339,1847.8605969256644,2537.518459368516
0.008,2099.9365573812393,1577.1667419224282,2454.768023891583
0.031,1962.9561136367706,1753.7202076555454,2944.2871035574494
0.031,2294.8578187178937,1636.1484737781434,2729.9894621236317
0.032,1991.72197186083,1520.242600948835,2673.498829319187
0.032,2025.5998043974703,1585.3592085064734,2646.6950801955036
0.058,1864.028378009965,1515.516278804006,2419.7017074755104
0.058,1858.790705573295,1497.4623710781746,2649.807988775612
0.085,1889.402197459274,1605.3854988080466,2723.9718552112927
0.085,1915.5240627872222,1728.6632219951346,2617.6149927290194
0.085,1854.0311280774386,1636.245637639031,2505.9312890427855
0.113,1972.3852866503878,1654.8000449184765,2483.089252280806
0.113,2283.401369797651,1536.0577094348453,2533.2733250528577
0.14,2191.2309649992626,1684.4601395846123,2585.744939392987
0.14,1890.1365612430159,1620.3463759222748,2770.597467194874
0.14,2120.497850249067,1699.2346567358334,2679.830199487287
0.167,2044.0329233499292,1566.5998637528257,2561.699682202873
0.168,1896.7423814698898,1486.4095389976978,2557.9501722856858
0.194,1994.3177554545587,1448.8060068409752,2728.1022824993443
0.194,2065.451625401006,1614.4888891421976,2704.7027544260104
0.194,1938.4141866943914,1634.513939474852,2683.5773313789564
0.194,1869.9140635915628,1577.39994361268,2811.4780102605014
0.219,1959.2961307089981,1530.8560571226653,2682.578368230535
0.246,1724.277803342324,1409.4198769874179,2516.816342855475
0.246,2139.3626686311354,1673.0153792399292,2559.7064035028257
0.247,1958.0767660027066,1589.1353742622675,2848.102660922629
0.247,1935.8667200182747,1598.857367107442,2670.777983240991
0.276,2005.2866403056262,1601.356759499716,2914.329995763169
0.303,2084.606956321314,1549.6705570030738,2721.0574855606687
0.303,1830.6246112435874,1530.3636205066764,2501.7770733538064
0.303,2117.9113862889094,1578.6096473372968,2606.190557065838
0.303,1776.8868517959688,1611.7597094497028,2535.0256940855593
0.33,2042.8606773743861,1601.709529430529,2644.705709344529
0.33,2074.9045582374906,1642.0616688381936,2736.1347565774986
0.357,1872.911120623579,1519.6750710299432,2705.321849728398
0.357,1935.0386689942866,1676.3831793890288,2642.98932811207
0.357,2002.2510669431322,1486.4415691271931,2558.638339269303
0.357,1942.6993608977866,1541.268397007266,2765.968108006529
0.386,2070.804564867903,1625.939576706742,2842.5528558563033
0.386,1827.6864590051443,1425.2118267933786,2371.5937782849583
0.414,1803.6014345500937,1593.3410631033848,2631.9211111893637
0.415,2023.3602629963116,1799.1424763553237,2843.528653136392
0.416,1824.6556345516274,1636.715987561402,2683.119786598568
0.416,2027.269781864229,1707.8366465612148,2866.410322676006
0.442,2079.265957455155,1668.1358383549664,2601.1630342699727
0.442,2199.4940642248184,1663.2233078857898,2368.3201371059363
0.47,2098.937983793923,1654.1659017750574,2602.6213424022585
0.47,2061.4073400567445,1599.6564550733024,2792.9930023668553
0.471,2006.832581424929,1643.6187506134033,2642.7437587445615
0.471,1934.5613954040243,1608.1675918395845,2904.057547929136
0.498,2129.8974303511727,1570.1863036666605,2470.260605233372
0.498,2102.544167206629,1609.9137906354172,2889.9057030996296
0.526,2041.4288686349728,1890.3862382149,2883.956645536793
0.526,1773.0960493850002,1631.4376613584777,2697.795107809261
0.526,2075.794860799373,1697.1573758836848,2629.247289302565
0.526,1971.0876549049926,1608.1711422002088,2621.707589476871
0.555,1857.5869989986347,1561.6025591891816,2492.718626230258
0.555,1954.774260448224,1628.677061117082,2345.690768209461
0.582,1947.813972344292,1698.7496185376172,2702.78528516745
0.582,1952.4969880923634,1665.8010094866604,2681.3814472980725
0.61,2053.1271306170916,1458.1875185785084,2802.398589606419
0.61,1850.6465349503235,1683.5151311134655,2955.265688981337
0.61,1893.99966675842,1680.5021794161212,2629.556790734497
0.611,1990.9621021980824,1653.2359806202544,2589.075547870874
0.638,1831.4121481316931,1615.1443872818963,2683.498005794507
0.638,1844.9890413225562,1689.9204463287076,2456.3258423868688
0.639,1952.571647595198,1717.2252355477794,2569.4069330597176
0.639,1915.8675202701834,1635.3855963501082,2447.1900725790656
0.665,2043.8820064656375,1612.3464412583305,2499.4833325807476
0.665,1958.0526244339167,1504.2475573339113,2595.3023956552493
0.693,1832.1652662870229,1597.890486168605,2764.923463451591
0.693,2126.48269903327,1661.2685620413795,2798.8021550774147
0.693,1853.5189539274616,1581.9533084706084,2452.8028527324805
0.693,1972.7522341534327,1578.1784761824586,2536.8175969548197
0.72,2062.2753311370693,1723.7344596681414,2795.680109601441
0.72,2168.3980630912915,1469.2185991522242,2752.464461191471
0.747,1848.1060409333338,1530.605642852618,2795.3499884331313
0.747,1996.3302578354692,1520.6735418623655,2969.2612424912004
0.748,2000.5584106082329,1563.6537515927444,2902.6339530623545
0.748,1838.0348713967096,1567.358739368967,2891.5570984549313
0.775,1888.577019587288,1592.547439937683,2436.0142112122694
0.775,2014.7484726930948,1619.7867489327543,2786.753824751567
0.809,2040.4688799664434,1754.5655908617641,2649.5936666522516
0.809,2002.6456473476385,1585.8187060051637,2139.261687923574
0.829,1972.9953780294366,1586.1325698223143,2703.5868325504166
0.829,1856.2170681158934,1483.005893236618,2722.894609599483
0.829,1992.7634159010072,1564.5930672340996,2613.4827418049767
0.83,2019.8181462676296,1527.9908672611925,2815.1860290378636
0.85,2162.371999449875,1712.8200950655516,2809.5521529462685
0.871,2308.4941714115794,1668.5932278211606,2543.494961763606
0.872,1744.4019712622087,1617.50769570964,2578.9570455595644
0.89,1576.62553865745,1562.3268394681158,2750.334310029556
0.891,2019.6439354848796,1445.2532053128828,2367.0493488899356
0.891,1961.0993836836271,1588.3094725057845,2529.022807850026
0.891,2021.575781240318,1639.061018822799,2712.3456637144086
0.911,1960.9575105740419,1635.5449139020182,2366.891652357589
0.911,2071.219851926698,1488.6145237146852,2438.277939902957
0.932,2002.8895291642316,1575.4102087125516,2362.2678738432605
0.932,1923.8708059619923,1562.9072360284024,2431.7682011023912
0.953,1933.109063900816,1631.2291965211696,2725.578068131349
0.953,1761.1304566341998,1498.725752808747,2590.5963344420725
0.975,2281.2549160265435,1608.4051735150354,2576.9189856916587
0.975,1892.552258637766,1489.8489007357782,2579.971451099922
0.996,1831.1061583982628,1458.364818490189,2761.4532770271708
0.996,2103.2798302356273,1634.703190372736,2324.3991801693533
1.018,1945.8561238092705,1736.891145876507,2373.8048324154006
1.018,1972.2253806804422,1589.0296647921307,2570.340591040758
1.038,2060.4821806290424,1579.0321594239817,2729.501219063191
1.038,1752.6671134044598,1618.1557393004534,2601.2404474517243
1.058,1786.1841304436607,1623.9438867091455,2746.1044476271263
1.058,1850.8425707058007,1621.304297344029,2751.7726018904577
1.059,1969.7204214556912,1583.1376539161477,2390.690320755526
1.059,1891.9150243424388,1664.6106220160427,2544.390874289085
1.08,1947.8596687588868,1655.936369399344,2553.0726542695393
1.08,2040.4765770224571,1720.2296675340433,2441.1560437878034
1.101,2145.6258547731704,1540.657894176697,2388.307256178108
1.101,1845.1863573679277,1679.9464758370075,2277.853075613739
1.122,1770.3852404039103,1605.1320078322904,2605.988877606231
1.122,2016.4965799046915,1421.1578302057103,2423.6360433108052
1.145,1961.1968469632027,1555.9666259030005,2731.9537511049225
1.145,1892.5614349135735,1535.4050579965,2619.3727392242863
1.164,1883.8147583660643,1585.7004797445118,2638.976258239317
1.164,1812.4743286575138,1709.7794012821403,2733.8724643183346
1.185,1894.1817034702108,1497.4767416379566,2670.897260653119
1.185,2005.0051492749067,1583.113155967481,2448.3437121184056
1.205,2056.429639246525,1647.1233195773123,2433.6442258359734
1.205,2068.752798238472,1523.013627163315,2812.541921410509
1.228,2209.618967376649,1470.730721940309,2774.778298977294
1.228,1891.178975414259,1575.768051652979,2578.1285407003124
1.229,1849.2650446161322,1562.2823171281884,2493.9622575645667
1.229,2212.1800408447375,1353.2108487014448,2511.8413351770623
1.247,1758.8687831547857,1459.4952977783537,2446.9774099491683
1.247,2055.667411008672,1552.0605805371283,2577.850335201858
1.268,1787.3152650921068,1613.8923264585078,2687.391244981821
1.268,2221.613519748766,1759.669993796047,2669.4650000052293
1.289,1852.5132312671683,1561.684045973441,2379.152650299533
1.289,1875.5393375391216,1648.1167689554984,2632.66101113159
1.332,1818.2358187579948,1532.3297300559825,2564.7935275375603
1.332,1905.9154970460888,1662.845736316278,2299.362802330286
1.332,1871.4426683712406,1619.4527866431476,2730.3164644772505
1.333,1728.1466369308228,1660.696804662313,2605.873186674859
1.354,1911.2580581884486,1542.9542867252974,2417.3755195660087
1.354,1738.9919840125685,1700.6558463978167,2516.39315159528
1.372,1981.9175574583535,1853.7606757299923,2450.9992936079993
1.372,2036.8816509818992,1740.859650324337,2316.371868369685
1.393,1957.119590518325,1671.3130168639852,2542.0577277709453
1.394,1920.937398365581,1544.616708502556,2312.6465075066803
1.394,1973.1759742080628,1657.6650109178224,2657.178570606653
1.394,1863.604515717826,1628.8059094722246,2534.30005275871
1.415,2041.8369276849876,1766.3945260929609,2611.8594381708185
1.415,2032.317519611314,1409.153013404142,2800.0579189761643
1.435,1939.6330785630462,1618.2350362104544,2691.2819336403813
1.435,1983.2028309114492,1622.5731367322246,2602.169920465726
1.457,1981.8500301089591,1648.0600983281338,2560.905986010307
1.457,2020.962727786668,1429.1144246117547,2673.626789572812
1.479,1777.4617526780087,1742.549822157485,2535.1802431062492
1.479,2010.7540689193263,1519.3473942236026,2618.525436165526
1.502,1918.4014221813056,1440.8515628958571,2666.010880906092
1.502,2189.423768418917,1553.6973056394843,2538.732335741909
1.522,1838.8431637515043,1584.6930859960626,2368.3918214263963
1.522,1879.5208516772639,1544.7786241486554,2518.508880486821
1.542,2018.885892762473,1495.7892160539366,2690.244455292931
1.543,2028.868460923007,1704.6550005689248,2315.573911516896
1.563,2012.064721737599,1553.8837158734761,2591.3527004823795
1.563,1956.9378803926634,1524.591533883669,2606.08700648769
1.563,1898.4879016490966,1623.8058781090797,2665.9356396249123
1.563,1970.8001448047492,1615.1803051162383,3055.388799926857
1.584,2005.6875988369218,1377.6538962437946,2562.8087860850846
1.584,1930.2269624365465,1619.505645525512,2813.828441584999
1.605,1805.3599368416044,1572.2233621773962,2465.2042665877943
1.605,1803.9271828547235,1691.3793517182087,2594.9971493555126
1.627,2054.7763042943307,1415.604546061607,2679.336982696549
1.627,2111.6918363051973,1739.9093750894806,2392.112802106878
1.647,2007.5339048260873,1467.439457413812,2690.3575873077125
1.647,1769.775177927254,1558.242429616394,2742.1401555478387
1.668,1688.4391377205473,1663.182194084693,2745.6367079630973
1.668,1954.629200352072,1559.372185604494,2725.3621880662517
1.691,2131.9926088679895,1641.3458009446585,2844.3247331539
1.691,2024.826455972707,1477.3838577903707,2827.7699017229957
1.711,2251.0940874303187,1550.3516932138944,2474.171810511552
1.711,1799.1964328371255,1739.884585248175,2408.9487311179296
1.731,1964.6785593850384,1632.0906054431287,2614.444452244695
1.731,2078.445494676345,1627.4210610783682,2333.712575358813
1.732,2060.891782717238,1567.555931132753,2421.7939861935056
1.732,2047.5364003769698,1470.6626357895282,2451.159265625157
1.752,1852.2401802198815,1585.7661981494673,2631.994572295209
1.752,2042.6054991751803,1463.6505078617743,2571.5505653007276
1.772,1990.521096958988,1648.6023533413845,2267.858792478538
1.772,2055.5602355846413,1582.775103703271,2507.010877996659
1.794,1941.002999879096,1467.1539705508746,2633.4870067645325
1.794,1942.7059373628567,1459.0107051770976,2543.855790585752
1.815,2108.255764508349,1496.579169473114,2506.7117613131372
1.815,1997.0111096729538,1709.0023524376877,2458.6539095976855
1.837,2008.0078013475618,1500.4871099462528,2566.3681098696525
1.837,2039.9131849332025,1703.9029721150544,2525.4824467273
1.859,1745.1172122309556,1647.2562325005676,2693.1793478182594
1.859,1941.2124096599657,1571.3142959277068,2771.345941274737
1.88,1846.2690142623255,1483.1340173277026,2469.5165518604035
1.88,2071.5577513233147,1422.7070565221409,2708.6854135318754
1.899,1735.6440296295832,1597.837762948512,2549.7815112174517
1.899,1982.2730680260636,1515.9733808192013,2883.997933609514
1.9,1963.0041297311718,1618.7002601213444,2385.810514398039
1.9,1931.0228320383262,1690.527811980514,2606.3575008808316
1.921,1836.7097337925404,1612.472915345261,2585.6036413847955
1.921,1838.5934147765588,1491.293412056535,2687.947278644033
1.941,2087.9753405226274,1567.3306295798443,2603.591067573986
1.941,1790.9908921553322,1590.5516611074488,2904.932389156309
1.962,1998.4436373806072,1771.3229119569332,2555.2245867517163
1.962,2068.2971717297246,1594.0540439826248,2701.66268216357
2.004,1998.5187942147631,1623.246483113639,2629.359543182646
2.005,1952.063827563981,1484.1473639611481,2770.8100023254046
2.005,1917.9202460291015,1441.762239744059,2627.677001020045
2.005,1971.4569030171085,1491.627114918066,2494.7034510218996
2.025,2159.353018711821,1488.9622812571693,2472.756274510173
2.025,1802.7213791460758,1637.2282194246968,2810.545814257484
2.045,2063.888356052711,1685.2360684971527,2255.8061637570236
2.045,1937.692415364882,1621.0779190500493,2766.2635171297843
2.066,1815.60624548181,1702.958094773448,2466.0539048721375
2.066,2135.2409813467157,1707.1733990838038,2427.093165565432
2.066,1864.1185337036472,1625.1868273628813,2474.351197395688
2.066,1779.1608335642613,1464.6100170438217,2771.150641889209
2.087,2056.494780583717,1679.4618406870998,2591.8919338546098
2.087,2009.1951773245275,1761.9469941990217,2554.391537148069
2.107,1774.90250187243,1637.437675615418,2479.2496730179696
2.107,1869.6351693566733,1702.7374928966256,2521.845216342574
2.128,1961.7543383821585,1507.7234517535537,2537.7980035971013
2.129,1833.918255862705,1715.6009843642512,2566.351046163228
2.15,2163.520170959577,1480.3485476716316,2554.0701412831454
2.15,1835.4299424810724,1589.7270513470573,2663.3738259239185
2.171,1994.784677866659,1719.5463723400107,2613.538414144679
2.171,1882.9768113374782,1622.8878837788523,2658.45622993739
2.192,1935.1242763139487,1398.848597916257,2473.082728844709
2.192,1920.4713591698883,1429.5113590243582,2910.2941626975494
2.216,1693.3626617608081,1617.2414463358373,2695.001961441512
2.216,1781.3460392199177,1553.3376682825894,2637.4772566787037
2.234,1819.7894109336191,1628.7483918187297,2521.5875366694413
2.234,2031.0069298798182,1583.5002906282675,2387.086843198252
2.234,1930.844145248636,1531.8280806417445,2654.840158870584
2.234,2177.0783152156737,1570.596117939213,2564.9509231793086
2.255,2021.4237136605802,1638.789014654493,2420.8865361159137
2.255,2129.2342377535997,1507.216704438964,2978.3155878219054
2.276,1956.1014111545142,1593.0318305204312,2681.4183247562346
2.276,1878.9115214953474,1778.2825962700808,2670.568677958672
2.299,1903.42600174539,1597.1496763668554,2550.168393437104
2.299,1907.4496644866028,1630.0667027015058,2737.9919357582276
2.322,1856.2264470055804,1754.651264501746,2774.4332895892494
2.322,1909.2144972214562,1569.0042135674978,2554.747674957778
2.342,1920.6873547095115,1636.878930759923,2555.2708444972513
2.342,1873.6187997655986,1540.0946251947153,2731.956822063988
2.385,2167.9552863637045,1524.422633052702,2484.268296160173
2.385,1875.8458214535078,1659.9799963032292,2534.749768346465
2.385,1868.4432735542673,1622.5657405299937,2502.9501999557033
2.385,2131.8749150784724,1591.6605670626789,2669.3576071507355
2.406,1998.9326163781502,1504.2954302953694,2478.4357370777057
2.406,2080.1336895221343,1496.1636007694415,2384.6642826506773
2.406,1952.3317703330908,1541.8920274368172,2693.6247009053927
2.406,2064.6656813842587,1488.4129751069102,2530.0949568429783
2.426,1806.0151845669718,1667.4408446435398,2586.647457505761
2.426,1951.0721293930164,1750.9764831274563,2586.5247527284746
2.447,2098.5800381939907,1651.7955652776877,2659.625385030405
2.447,2043.5955089082267,1482.8834360458986,2498.7162895104357
2.468,2130.972615300851,1631.6668281682241,2694.462013243258
2.469,2131.522892547536,1624.3430782326418,2289.4157538069394
2.489,2145.166385789483,1591.839245290126,2643.331588104457
2.489,2266.60453516273,1646.2209806275087,2742.581976390928
2.511,1998.1678468000102,1597.801454289072,2422.567631457749
2.511,1931.2051968026794,1320.2988869138517,2677.087917792051
2.532,2109.6095775357553,1690.6014038397645,2799.7875194265594
2.532,1934.984379539632,1592.0976264138321,2469.663956979133
2.553,2101.586827223778,1646.3840298749788,2792.2832300987698
2.553,2060.5420472467567,1544.4371743053182,2847.5765137601666
2.573,2113.58697901631,1492.72226452107,2476.0667441470155
2.573,1989.4234433713643,1563.0148194927026,2399.6428286849514
2.575,2127.832236155451,1551.4896130600805,2513.9152231898747
2.575,2002.403165489525,1648.2090466410864,2696.487145482816
2.592,1744.4026878509144,1622.1743657525183,2792.2118539550875
2.592,2066.6407743975856,1809.340981123981,2546.09122482955
2.614,1804.1923598126991,1448.0368055321035,2485.375735302554
2.614,2240.349246495629,1681.3452833342349,2666.142630759039
2.636,2247.190355898416,1621.1228916371126,2630.736362972738
2.636,1819.8114011631562,1580.2053554952636,2702.177760428198
2.655,1836.0197512262216,1560.2709250955343,2725.3578007582128
2.655,1914.3549247462488,1493.9717414766942,2472.6795463195667
2.676,1960.9515400757975,1548.5097001157449,2209.730780052321
2.676,1738.1954585295193,1623.027623399725,2629.2228598266856
2.696,1925.41875358485,1726.482289715425,2729.009667789002
2.696,2242.1007055891487,1590.4310469250004,2712.4738367129194
2.718,2238.154288808383,1580.0714932704018,2784.4691713332063
2.718,2090.3364213291125,1536.524987534357,2458.7069596176775
2.738,1995.4907453778812,1529.597840840376,2618.687648171361
2.738,2246.900776448845,1521.56748318454,2310.2999398488873
2.738,1882.625721273103,1567.7858871237208,2608.6565350151413
2.738,1949.2270687865812,1765.5214110079446,2697.5212541990627
2.759,2020.4237124710328,1607.8343230984735,2631.6979262529258
2.759,2055.542650190442,1762.5118483408835,2598.619958018705
2.78,1980.8236287473574,1527.5694985003438,2616.3880480558405
2.78,1804.3170782717953,1706.4675602642797,2674.4587426977214
2.801,1904.2005590461386,1407.6747827522543,2477.375779952364
2.801,1817.879987147261,1631.6249225153485,2493.6108642816384
2.822,1936.1998486351486,1578.3783885340943,2378.4656939984243
2.822,1824.1497500609105,1664.177763939866,2597.1728956875163
2.842,2123.210461935627,1676.8020185188911,2485.5846779818594
2.842,2096.284182964544,1618.763957761514,2537.363255371567
2.863,1913.8584053737238,1565.7010988246,2626.958218653012
2.863,1986.3534279507574,1592.6195643312028,2383.977959828054
2.884,1947.5361744385193,1699.7589818191705,2634.0474719981353
2.884,1939.5656569302976,1520.4958258659262,2611.828287288327
2.904,1858.343030306864,1538.2978764976576,2487.6870081745983
2.905,1811.315485514762,1594.3692303824323,2043.705111232912
2.905,1982.4932328972573,1492.377631935513,2344.360452783996
2.905,1820.0718443951857,1484.0114461864896,2199.7163403172362
2.927,1716.731959949424,1625.6663777546653,2506.243484819684
2.927,1999.203962048286,1597.390336239834,2583.991893077705
2.949,2079.4819967786225,1441.1372554360175,2417.676942790614
2.949,1934.8583679734438,1599.983946547437,2359.7689736093876
2.969,1996.7946372484996,1662.2500280023255,2407.579942782756
2.969,1996.5434492403385,1512.0700464748354,2652.493506169471
2.989,1968.8917258923175,1599.6947678877768,2794.554627395345
2.989,1840.864871783308,1644.3410571066377,2672.1552571082366
3.01,2017.7797377013721,1561.869903075204,2588.780132185599
3.01,1997.1689922451794,1745.1549477541207,2452.155594335894
3.03,2008.2402462931702,1549.81913541129,2793.6760509697187
3.03,2092.5485441641317,1557.3966102512597,2502.995896291338
3.051,2263.6927016592663,1505.7702678558385,2301.8998385657133
3.051,1981.6938891769832,1592.4449405279236,2499.4169047422765
3.075,1961.7980934574407,1599.4838170105093,2913.6774204411877
3.075,1981.8260739880975,1645.172965486549,2265.832017550744
3.075,1805.4571996032948,1714.5665426941978,2495.679835433347
3.075,1917.049527257363,1660.110803652598,2612.2964496423665
3.097,2029.0111001065497,1578.5919096170499,2462.439326782833
3.097,2063.043335617475,1464.7226104343467,2630.2777377764446
3.117,1801.4174123632442,1615.7853813811923,2757.199058594385
3.117,1823.3344132524244,1691.7533292933185,2654.449938925604
3.139,2159.1118690324183,1680.640368870046,2076.5639721907505
3.139,1758.022211602095,1612.476025596078,2377.5140339509485
3.16,1708.2120275000068,1360.6404664085426,2579.2068695306903
3.16,1978.5782234706387,1621.6258188050026,2479.6203646943827
3.18,2050.549468085797,1559.5040862665392,2750.852534232268
3.18,1936.0832092941282,1721.04365520043,2607.326680404039
3.202,1864.4340142609838,1531.1561931727726,2233.017796903656
3.202,2134.8002037552683,1542.5257800867973,2643.1426806390295
3.246,1775.3953994500175,1568.0490628842833,2556.4807942689336
3.246,1834.31659896951,1513.804597869185,2555.7659740923646
3.247,2010.8585369369607,1475.8513348890651,2551.9279828049707
3.247,2076.2518862772154,1406.8713791233288,2487.3296715408605
3.247,1950.7831175071826,1462.4986415141407,2469.949787600738
3.247,1924.373219290442,1515.8308855566374,2616.2202862084478
3.267,1992.8207222214892,1423.4133885532115,2781.4203760779583
3.267,2121.242982004136,1499.7422384134693,2767.920361059242
3.287,1997.538153857877,1670.2398784555398,2435.720381688616
3.287,1945.4524353049476,1519.2470393035617,2632.300648714792
3.307,2151.50650080359,1528.2288969491242,2600.5520503891785
3.308,1961.5098078422227,1570.900889237256,2410.9197507794975
3.328,2003.1960179292241,1531.807175281662,2527.6520953415634
3.328,1775.033671948731,1450.4997090561892,2366.8054444851937
3.349,1974.637697112632,1595.265633629789,2620.617013586194
3.349,2054.4887616388337,1615.646938670668,2565.3637827381713
3.37,2056.0152214517084,1632.8616799930942,2663.9474615036906
3.37,1979.4634732537525,1680.3436590398705,2495.385383484956
3.39,1855.4686236726407,1543.1485737615287,2501.5068424965275
3.39,2043.5746720145432,1669.4683243166812,2594.409136658999
3.411,2054.7042675355,1655.1783511566377,2660.1476996866304
3.411,1887.0235039260465,1507.1356387477765,2827.299009874379
3.412,1905.000619983903,1613.516559778519,2681.2989392672753
3.412,1921.7144267843696,1624.8571083382874,2668.9654250339954
3.433,1956.8182597792572,1474.687134047399,2668.1048668739186
3.433,1883.215539627559,1474.5192454044948,2427.0031985641467
3.453,1863.566094642446,1524.7117973251334,2401.819222963677
3.453,1990.4430198442462,1458.68738630208,2661.6678981110895
3.475,1983.1540032134217,1609.4496159250639,2503.5803772629656
3.475,1934.2979506997851,1582.5271337764784,2428.801410664222
3.495,2153.5999260407766,1765.4397919435953,2640.4232488323355
3.495,1833.3287300367313,1623.2795531930406,2432.726560443059
3.515,1987.8256779946037,1732.3925049912102,2586.5251901716506
3.515,2054.1348241191836,1535.4452585590984,2429.2401910883073
3.536,1839.1475093767772,1703.1719157115276,2541.3892868141115
3.536,1959.6995737460554,1714.1138215350325,3020.589300641065
3.558,1823.9114986376883,1583.5038714184823,2589.9094580285673
3.558,2129.0397560797633,1645.2727204931155,2501.3162853203244
3.578,1949.7518820710313,1537.4175150866147,2615.225095141085
3.578,1957.5690136208452,1586.6778518561825,2419.3478195436933
3.578,1997.8645559767574,1474.534985407225,2394.861536634337
3.578,1814.835645094414,1874.3024246579243,2863.3349018250146
3.598,1790.4534677956417,1683.6161914352456,2638.8287803835974
3.599,1984.9456295784305,1478.7743602473388,2416.3201514434495
3.62,1936.6538286700916,1570.7329678068559,2542.3023278104524
3.62,2124.6507080026977,1591.430267506522,2665.7491426542124
3.639,1988.8193817380206,1546.6150837004793,2449.1860546223666
3.639,1945.7652297247575,1715.3876631675055,2682.451929489754
3.661,1875.963154882731,1747.541747961416,2650.8669249718896
3.661,2045.8969983449558,1618.8053931686466,2391.692094439922
3.681,1925.6994589393605,1542.2662888299747,2700.730047337155
3.681,2058.0253997998234,1787.3537282016136,2493.9249658412086
3.701,1792.2039729507978,1496.2865255157851,2593.3291981344005
3.701,1934.7636489379217,1541.9393054911964,2763.7845728328534
3.724,1956.0210198725408,1434.0996131051663,2415.1774763713306
3.724,1760.7093038167222,1537.7191014794698,2449.465204024839
3.746,1815.0737428679754,1792.892494538848,2460.8481616140293
3.746,1962.2141603704893,1528.479809806069,2577.220142424474
3.747,1963.3250020308246,1550.3117453657617,2425.173498703035
3.747,2137.8443673465767,1592.297564639708,2371.1247172232797
3.767,1874.0422737194667,1566.0322363572195,2583.9006505032667
3.767,1833.2127976668744,1515.4399005163941,2959.9751241587737
3.787,2014.7927965912127,1497.3046382633747,2596.348172263464
3.787,1906.1578685120387,1548.8602508018303,2676.944873265812
3.807,1942.8515795882738,1569.9466555896513,2358.0920806246663
3.807,1903.1686204463954,1451.9508352545672,2573.131265515297
3.828,1937.3125114731106,1422.2149704622748,2766.861692708471
3.828,1877.0236418396578,1474.5078164439428,2507.1337532077982
3.849,2109.5948445395115,1723.4224920512374,2640.2112840157392
3.85,1640.4529309745335,1522.379503986717,2421.9515285973716
3.87,2027.5129463870903,1489.5340071113294,2519.7709546045116
3.87,1943.717163271776,1653.4665142186811,2499.2921528184047
3.892,2031.7556144659825,1597.197017752668,2760.458065502073
3.892,2118.2462330842454,1396.7155563266267,2398.3060036036463
3.916,1900.798496645252,1766.2054156328034,2751.9135151819096
3.916,1719.673924971511,1563.0478728566986,2754.6415613651648
3.917,1893.8641064363474,1621.3744356871655,2563.9471878583136
3.917,2121.675232462466,1568.7906179123277,2553.6065160509547
3.956,1834.4167744958386,1607.2232814282181,2488.4248646631586
3.956,2033.8809112596282,1659.3779413741725,2329.9009312177777
3.956,2108.986225721796,1598.3101121367467,2456.2214503448035
3.956,2035.655908872715,1567.3607114428717,2560.6617136974482
3.974,2000.016128552527,1502.300629718899,2630.6704254159067
3.974,1942.254231743276,1673.9325230699446,2409.2396018869877
3.995,1878.248906606169,1719.466624274045,2486.3938152801225
3.995,2053.797852095133,1458.9409461871287,2206.4918927580948
4.016,1989.5365694946263,1561.4815235757148,2142.913101768453
4.016,2311.6356056935506,1587.932887412292,2513.9264834305177
4.038,1945.302836262185,1620.3161876256352,2288.6681015048
4.038,1937.5284644958729,1464.4695906444986,2552.477306404273
4.059,1899.0260548065019,1562.658528539687,2832.8050733653217
4.059,2002.090790183913,1583.8645323523267,2668.889200023471
4.078,1879.890658875577,1568.6887447629388,2438.8988532975304
4.079,2191.4360002879525,1633.292771191534,2688.7391660738235
4.079,1972.7483943699149,1479.3530998236627,2356.4765384537777
4.079,2088.423102480021,1736.8163859185759,2637.1250823022
4.1,2161.4070945328685,1587.5137400485792,2570.7591127238834
4.1,1928.520219414007,1526.7271724582733,2322.6892388673878
4.12,2041.32291991271,1545.8071668082976,2455.493954166543
4.12,2071.350419920731,1520.2898645199168,2540.2825942850513
4.141,1845.843285599664,1546.9331239969326,2522.514474015631
4.141,2020.6284679057744,1464.8550214984543,2434.978506573273
4.162,1950.102300565983,1477.8213781144834,2675.1648375603077
4.162,1950.5623876910777,1648.0851131972113,2459.0725797004284
4.183,1847.12299837368,1375.743336505443,2560.0830874139283
4.183,2182.8218830066467,1539.287427354297,2522.9133444979025
4.203,1801.696311869663,1468.5500943635705,2408.7962640963383
4.203,1992.8093587321437,1577.664892301551,2571.890265373057
4.224,1861.499257574175,1544.8397441192885,2469.485480188012
4.224,1817.4864258978137,1594.3958861961637,2753.9114012162463
4.245,1689.4630909357497,1652.43041930263,2451.8350924378196
4.245,1854.6460064840694,1460.7657763054297,2583.8290918520215
4.245,1912.3056661858457,1738.6442644874073,2686.664683391807
4.245,2015.784995624596,1558.7122285318126,2456.135526819858
4.265,1744.460059635207,1472.9540768608708,2691.8701946442543
4.265,2144.3064562916843,1479.219118651209,2656.4719478081265
4.286,1879.8934823581271,1698.954816407889,2353.5406967083395
4.286,1968.4560634494785,1528.3383564425353,2574.5222335529547
4.308,1838.1999381951437,1565.2500176408848,2758.833830873921
4.308,1957.784825527349,1511.81697735208,2660.7357517348855
4.328,1832.2013171648846,1632.3557248239772,2620.8475783712006
4.328,2070.453140001774,1718.286869143611,2522.0091737540165
4.351,1902.8216842694787,1815.7468029066213,2658.2982745777135
4.351,1773.8228472775024,1544.7411804654678,2403.48507515489
4.37,2189.481560600735,1548.351014051174,2492.5451808335515
4.37,2263.729707774102,1523.3160934449145,2531.983742062856
4.391,1962.9341065847811,1498.53086032616,2405.688314113503
4.391,2024.927111335481,1658.7557808518727,2558.8259255882062
4.412,2088.051977015516,1616.71501177104,2698.555247302689
4.412,2003.1486231687431,1651.4648433221907,2580.1840943434295
4.412,2169.058157551959,1642.50221784488,2654.378584412739
4.412,1823.4331916290753,1554.5310467444697,2624.030489185452
4.432,1877.5422647444652,1742.0192762015686,2638.958351012107
4.432,1943.9070549802761,1482.5409822297436,2546.2487647511493
4.454,1808.9936250281467,1563.7761865993857,2588.3240431827076
4.454,1904.00298766477,1639.8250666398935,2421.566126908493
4.475,1966.298431824041,1617.402332594906,2316.1540770480774
4.475,2157.0233452869998,1703.352146276502,2503.220103848178
4.495,1849.5575630787453,1742.7575380941569,2639.777505237778
4.495,1877.2858987090028,1660.8751187269122,2480.9422694676286
4.517,2084.3185278890746,1606.6227288084694,2558.5511170987365
4.517,1901.9183657400677,1461.7649917066196,2817.9239157100706
4.537,2112.813119333489,1599.0017342802523,2812.8151591410356
4.537,1888.8946005237458,1339.3596437121053,2773.1533697545315
4.557,1992.3198108592703,1466.0079831008702,2523.659405462723
4.557,1961.7393113401158,1619.6028972591018,2515.4613268263874
4.578,2142.299680886726,1696.1302245814484,2431.0128854662353
4.578,1795.6510827536192,1756.811702701209,2689.829037780327
4.578,2046.2558782854603,1580.8831664372601,2627.5577558394903
4.578,1987.5214047191446,1622.3161302033104,2509.3760224373373
4.598,1753.4943158089766,1659.4371050415002,2555.3558985902346
4.598,1897.5293881363657,1374.6418991192336,2772.1149252470846
4.62,1942.2302965484437,1679.419164902554,2582.0243422325343
4.62,2047.6929486510542,1750.2506780500437,2610.074544481976
4.643,1873.6681799648604,1630.528110685968,2575.356414523891
4.643,2030.9218692720049,1393.1955924291008,2583.440494211351
4.662,1972.7810573119161,1519.2591485993826,2352.557583103922
4.662,2045.9295346549861,1785.9289313254717,2395.9030107662834
4.683,1860.0725989126427,1633.3003272048825,2619.388230223179
4.683,1796.838801004898,1404.6679542846082,2569.3480597029156
4.703,1777.2947123961776,1609.2841606063228,2432.186372423551
4.703,1991.1814956953037,1620.825330058949,2934.697043579926
4.723,2090.7829743423636,1599.353113090368,2590.1050549654947
4.723,1910.2804776284074,1635.2594129592917,2537.3778496765476
4.766,2023.2509259548735,1705.1477603494723,2641.744579100368
4.766,1960.5462610836992,1648.562646411321,2448.924170617751
4.766,1995.4355994671475,1523.1561023815896,2746.7427805602106
4.766,1952.5415397426837,1610.609015330861,2380.673200216349
4.767,2059.9858370765796,1706.3378686129827,2687.7931035614447
4.767,1761.602364185743,1622.8811840402934,2564.430360016058
4.785,1799.4091712684951,1683.202826723732,2663.3552069614925
4.785,1892.4506548681024,1468.1850059549772,2424.098218121064
4.806,1955.26568174572,1659.393370606539,2527.388063353656
4.807,1997.9867784405096,1770.7758724276255,2615.316002837225
4.827,2146.7093804374945,1648.309000576053,2389.7019066223743
4.827,2208.038635967875,1537.475722874543,2724.6930452282227
4.848,1916.7020422343214,1632.4139212352136,2417.1654797267247
4.848,2194.9918058126664,1517.124249100302,2439.015970238131
4.868,1980.2062601581085,1522.4607797304243,2477.3661377605563
4.868,2105.6735615641537,1632.1262912829811,2648.6544233393865
4.891,1813.5611475387996,1665.2453430507544,2705.7164037578714
4.891,1809.9720687225001,1595.130890793973,2516.554630142502
4.911,1967.2360075820734,1735.9237488440888,2563.069663502627
4.911,1983.8864226146245,1498.1838398523257,2450.5033976961513
4.912,2202.051144016813,1678.9879933554853,2639.581601786837
4.912,1915.2633667486937,1530.967045230387,2510.3365656084843
4.952,2113.2804505033628,1710.995825804073,2573.498719721569
4.952,1964.964941228184,1570.8006698397066,2474.555697264345
4.952,1899.3182341346806,1464.0522001433828,2342.3437446911557
4.954,1903.1726187969841,1506.6936213212118,2383.4389848410638
4.973,1855.0073867151166,1562.8206243595625,2745.88458026802
4.974,2130.092762729911,1649.3037722484994,2403.3225754424607
4.996,2192.639264150929,1487.4194556865962,2542.2067592476537
4.996,1813.8265951387266,1700.4419677265817,2658.0295943796687
5.016,1971.9087674432405,1838.0816691198972,2415.792973429937
5.016,1821.59084727839,1685.2545952196792,2554.554638182676
5.037,2027.6931358262495,1708.1499005753096,2701.2664354942963
5.037,2011.7011572455397,1397.274391572409,2411.09141605851
5.057,1940.2192733353297,1603.5533459448293,2519.7502550976114
5.057,1823.60526759299,1630.1530650793259,2620.003060203309
5.079,1964.5868337835357,1612.9225432558446,2570.7308129155344
5.079,1938.336226889279,1620.06526586773,2479.4332353719315
5.079,2049.101848004605,1687.7247743651562,2750.9641873340156
5.079,2214.495065411755,1712.4437294092036,2835.605784282501
5.099,1929.153458755805,1531.9958039642759,2591.2530060478784
5.099,2189.7581169502473,1548.6420757861042,2622.504860072536
5.142,1981.108619218906,1646.2905306545542,2429.3388720242583
5.142,2029.257188771856,1571.9403948992651,2681.1939044111323
5.142,2071.3518756282406,1509.3048732713041,2742.6934072815875
5.143,1947.3379544663921,1735.8422303374975,2505.455190837583
5.162,1896.8523156446706,1544.5388241391001,2617.429504120515
5.162,1977.6397368297737,1645.7079021480508,2692.6525298074257
5.183,1867.4446576667983,1738.6272193207794,2397.1966348788865
5.183,1794.915008738771,1581.1475478457628,2588.9802245704677
5.204,1967.4945739124669,1528.5498485672958,2982.0080797255614
5.204,1972.7765044882858,1539.6132588438393,2833.1144318602437
5.225,1924.9263915679676,1479.3556602984386,2625.054796835408
5.225,2166.673727996741,1756.3517773733422,2738.6191390984086
5.247,2164.6440227917606,1522.4015423843916,2430.7577180928056
5.247,2001.6742169594622,1625.4302007796932,2395.1372270725938
5.247,1965.56928144628,1702.546614844456,2485.5493698462296
5.248,2168.156581072606,1529.111747998464,2492.25304409482
5.266,1947.5616452898846,1763.8497938624932,2619.6587947852477
5.266,1928.6652956136954,1558.6618355170663,2442.4373139544455
5.288,2114.7337623181547,1647.3149508024142,2526.526039758099
5.288,1802.8287003407954,1599.252281039544,2753.7833120868645
5.308,2040.689651403891,1534.5653039461881,2599.62616993753
5.308,1929.031577361839,1627.3333009886626,2499.4847380570423
5.329,2066.9567890673193,1698.27352430633,2654.7749499673973
5.33,2000.786821753475,1515.8724284350742,2618.631171172758
5.35,1727.2578102197444,1538.835392635379,2710.5741610247455
5.35,1998.939177597492,1604.3926991580488,2448.1312217873556
5.371,1902.780443771333,1503.1077555390652,2498.829784147187
5.371,1929.3749918670972,1792.9436777510787,2652.239424951188
5.393,1971.6248919627303,1596.9329009256064,2445.951196615506
5.393,1979.75659685231,1480.5041903662893,2464.3238853910625
5.409,1921.7377253478332,1622.8451381821367,2667.460759379855
5.41,1983.086889829611,1513.6869617335653,2753.8637072633815
5.41,2125.6609444631977,1710.5465016513301,2875.3379303659253
5.41,1734.560529351239,1635.4393884591193,2554.8558688498297
5.43,1908.4997190758818,1643.6758499870036,2524.7769206052058
5.43,1700.0928175461568,1474.6344993854393,2711.198739802062
5.453,1895.800647519044,1725.6111147105682,2392.70524368055
5.454,1938.9611174970144,1489.7923631056694,2344.0100119271324
5.473,2040.659827818558,1676.2263321391442,2482.8358597517113
5.473,1833.7033572838332,1522.0987420180895,2183.393968727474
5.494,1799.2132565069403,1647.4133422943357,2644.4567626938215
5.495,1744.2999104948894,1358.6005696771108,2435.4137745940648
5.517,1871.120915377739,1478.3194207064596,2575.864134640488
5.517,2035.2919758973728,1674.3503683759056,2600.253412698318
5.536,2032.5461555441657,1544.7344548569015,2416.7801182923113
5.536,2057.591224791152,1665.3064478266976,2383.272325434376
5.557,2075.4251407859474,1535.1106077665195,2820.6025879479885
5.557,1891.9107320806984,1497.0520784516477,2570.5077969165886
5.578,2065.374920228535,1619.442140876183,2351.0386101878794
5.578,1921.8554564797125,1504.910071265594,2506.0001705294235
5.578,2127.857197470965,1642.3602812529323,2565.4592571727067
5.578,1981.2642842996413,1551.3478360565314,2896.6534080777087
5.6,1993.9047496834405,1654.5741118201604,2630.3804627762856
5.6,2264.1621045787047,1640.3130680535116,2454.845592363191
5.621,2184.815025179183,1868.2411727842014,2747.570459642549
5.621,2161.8638822637868,1505.2119660188996,2738.1536076685707
5.641,1845.9063644720807,1733.3277577066733,2562.742266635985
5.641,1918.0698137464829,1745.4168973208389,2395.453522136402
5.662,1876.7839083318374,1736.6009488776535,2808.035160067513
5.662,1833.4850463553785,1676.772959960815,2599.5332468115134
5.682,1902.7559507012902,1682.2902285269852,2557.728313666673
5.682,1949.7833930414954,1686.8684130534384,2657.9242604372334
5.704,2046.7746381656782,1693.8757428618685,2468.7958756368394
5.704,2310.2218325698345,1717.9447281211578,2721.998269559208
5.724,2054.8621681476934,1628.322061215501,2729.3101129019733
5.724,2119.9408332130306,1694.055407701842,2288.1983121917096
5.744,1839.8833170925088,1641.7016232910928,2585.118501009067
5.744,2017.6451527553959,1445.8730616390565,2479.7245434797405
5.745,1959.6061191358112,1522.697305858853,2451.6582919726534
5.745,1839.9660322587702,1637.2170586948403,2600.6521216236683
5.765,1991.844770330857,1588.3832700957462,2490.2422242925145
5.765,2034.3694021206113,1682.1612228394595,2533.6572377675907
5.806,2136.90436070929,1481.1322977744685,2694.4596387399224
5.806,1978.844983113691,1570.4851583842712,2907.808941314689
5.806,1945.3006790589836,1581.2928993927203,2293.256470792204
5.806,1966.159613731724,1637.147776342631,2571.893254947097
5.827,1973.5960926839948,1575.9165946121025,2439.4676669510513
5.827,2073.057481571172,1355.947878663691,2683.1386345062874
5.848,1915.3486568014257,1568.2377754199156,2529.9556573818954
5.848,1849.0676484811584,1574.4270143996569,2603.8396988073096
5.868,2033.0865944472973,1545.7813992147392,2331.1571136436796
5.868,2079.9709999184565,1512.2944691735172,2831.291692176922
5.889,1856.341914885142,1401.3817404138324,2550.3585832006193
5.889,2096.1502527031944,1591.2170716179935,2540.8925307866034
5.909,1990.9383134337465,1522.7688611835426,2312.5304818562963
5.909,2018.9846677267424,1657.4009188736609,2687.098289569216
5.909,1843.3160563284302,1575.958789297477,2666.527751963628
5.909,2028.2555646583871,1603.0665479724883,2584.1284494522656
5.93,1977.70280716968,1414.015950750367,2550.5854372033914
5.93,1793.3363970368268,1501.1953700998538,2533.972466083239
5.951,1806.623518128983,1485.7005314711882,2385.203897971756
5.951,1918.6872543565376,1421.578879636967,2433.7782542229384
5.97,1865.4807898697388,1590.7624807188538,2372.3893126299395
5.97,2079.4921690948513,1458.1769881040286,2250.6751033241335
5.99,1915.1112596063485,1487.503542324694,2598.500098400323
5.991,1766.2854386525376,1634.5318256253336,2609.609288251607
6.012,2005.0495025590783,1556.1946826277413,2636.2582122892836
6.012,1702.2440371414148,1491.800868914957,2550.1091222372947
6.034,1933.293419124993,1493.3507773965807,2254.163291205317
6.034,2057.4815349440837,1658.9018245830716,2547.6275206106466
6.054,1852.3881284647862,1442.2845812477265,2508.9100795680683
6.054,1972.2876490963756,1479.9434878172187,2931.262753748087
6.075,2144.7113163500007,1459.2471234456248,2338.5968853710474
6.075,1815.9747486319238,1613.1904685156317,2667.8827497980183
6.075,1827.34761957939,1507.7848816467297,2466.890334491726
6.075,2164.2344944017646,1401.8185129060246,2189.834313519189
6.096,2208.9548967529613,1719.6712629971487,2715.4845663450815
6.096,2067.2099482101635,1598.3676962416534,2596.309505448907
6.117,1964.233993782945,1690.1336570869012,2392.297674639143
6.117,2154.731006569702,1646.8612833355498,2761.72391799814
6.138,1899.5433450802645,1543.8163463925691,2614.701006018274
6.138,2051.489054995501,1522.7378336023658,2263.9705191259222
6.158,1996.8814222245862,1579.218001164697,2306.229269064836
6.158,1939.2850885878486,1539.8127881501684,2244.8126235715204
6.18,1927.816746282777,1480.7953277249565,2265.792105398401
6.18,2181.2588016824507,1741.5359470703527,2312.0517881817063
6.201,1923.015416126283,1409.5625603575577,2534.598415476131
6.201,1795.7838087933558,1514.0649855940014,2642.630633778969
6.223,2172.9722846765862,1576.8187758547926,2479.2767001785946
6.223,1930.2967975384495,1689.868930742125,2400.3375165927832
6.243,2088.6661056934718,1555.7761778769845,2481.709384797346
6.244,1686.40571108134,1534.6623861793605,2596.2780651489147
6.244,1692.6262755196005,1611.1326698508676,2620.7010393366813
6.244,2128.645993826673,1548.1334689428165,2392.5819153770217
6.264,1844.3363297255405,1444.281957988349,2403.3977503482542
6.264,2030.6883821742422,1479.9632631617471,2446.118153369465
6.284,1751.0409983935651,1487.8580623201287,2798.6442040755533
6.284,1856.8729540771108,1501.6898154177204,2855.8391247777176
6.308,1988.0081418091997,1632.5185891519584,2381.795080697999
6.308,1937.541561200992,1476.6101699549763,2750.807086345135
6.326,2029.7225522892172,1514.053617999105,2416.1161069655727
6.326,1968.2600516357204,1481.2655085030672,2485.1802688407615
6.347,1894.0702740521306,1625.1366168772954,2425.2213801599482
6.347,1979.8174615550683,1570.5223332716323,2584.4125150613536
6.368,1868.9717931021257,1590.1331254244426,2439.2179363805385
6.368,1842.070980424844,1732.061201157096,2611.731861285676
6.388,1745.1631930378253,1507.0650386999184,2648.5899142815806
6.388,1924.6360834459576,1517.8539386567281,2570.5080913542492
6.409,1966.755881100401,1499.41067476841,2629.203009532409
6.409,1836.5906935723744,1455.5396241735632,2185.125125397243
6.409,2008.291117545586,1620.5973396724598,2643.301113785995
6.409,2017.3915502749453,1383.7746287811979,2627.0273369983215
6.43,1862.362504957092,1482.633817012658,2435.097372292104
6.43,2101.68007295184,1540.6646434752438,2709.926886819046
6.472,1851.5015321389737,1469.0977850481254,2536.05439761568
6.472,1887.9172464099145,1547.6183493728638,2478.4121865149195
6.472,2135.3707390547906,1628.4714887987755,2498.0304361369954
6.472,2022.642067877777,1556.4347356421067,2519.963855670749
6.493,1969.0256925888875,1462.5661067621293,2514.011264655651
6.493,2054.3813036037627,1607.3518958396203,2395.3320270745917
6.513,1918.5476246533315,1346.6937933527438,2259.305562880693
6.513,1984.9171516049923,1588.5864298804051,3021.256845229066
6.534,2030.9151659040758,1568.8506997269055,2594.096247439855
6.534,2114.7070912394884,1690.3746831007088,2586.42058871005
6.555,1995.0512228375205,1498.1771374459204,2466.8101675672015
6.555,2141.117721498036,1415.9674520644346,2725.9649208364704
6.577,2026.5916659477555,1571.597412540831,2411.8788481249276
6.577,2023.3931851776945,1607.9219083193298,2408.6255497238203
6.578,1877.4799468332958,1545.6125505336006,2198.5934727726067
6.578,1986.1714200167196,1543.1913489756894,2654.521332186273
6.597,1964.0530005504038,1597.766069005437,2341.812732990504
6.597,1961.017855471424,1640.6802348786507,2689.8836140263948
6.617,2100.968806644249,1643.302612229841,2312.0048218584725
6.617,1967.1525117226722,1520.5144641652878,2306.5208733533887
6.637,1948.5285406520711,1565.1232812070182,2710.1222766548694
6.638,2007.3935327549418,1477.2095363738335,2599.704410387966
6.659,2114.6970886319496,1602.1693352447712,2674.618960181005
6.659,1994.5342430192445,1517.9612627007746,2378.2489913798945
6.679,1753.1869834979395,1589.5265755873975,2517.0544299263497
6.679,1973.0631126262183,1681.7316612599361,2546.1241595653883
6.702,1975.3548447963233,1546.6119263371493,2530.024246088086
6.702,2028.0937107317627,1634.3107313804128,2666.0765319828156
6.72,2035.8084319990905,1578.8195722723044,2499.9639754561276
6.72,1850.1250220380853,1510.1978990442783,2412.983792231734
6.741,2116.4690491229403,1613.1658687181325,2749.0911161081776
6.741,1753.1836326950367,1658.497825465338,2498.9445480380346
6.741,2012.3200601900337,1629.7406699687645,2650.78655061405
6.741,1978.0140935519025,1525.4450038564466,2478.0936567860517
6.764,1852.1526294812695,1551.5560851093478,2534.4219031351704
6.764,2036.198923525294,1607.3057228474324,2401.00808847623
6.782,2005.5883437131731,1679.057335503953,2717.473268193807
6.783,2099.4762243759883,1527.67503862466,2546.3738493964847
6.804,2008.4484981286198,1645.1116288566773,2542.592075132301
6.804,1912.2217705716744,1515.0726864894277,2637.213833762389
6.826,2020.865754739971,1563.2159248781716,2583.6889183320286
6.826,2102.6132907890724,1706.0344418406933,2732.731137576374
6.846,2243.239137201886,1515.4460619270137,2651.2325139271
6.846,1964.1263353955198,1431.3480917185097,2403.9291240641414
6.866,1972.1611347065163,1594.1765441713462,2740.9053837307106
6.866,1909.924212483198,1588.5279580483061,2418.768064434566
6.887,1957.9611580914975,1596.0581568483829,2572.1536666886755
6.887,2126.688067810594,1590.1110853474854,2590.035890552591
6.907,2114.4606061982813,1532.5045810953416,2490.131588899508
6.907,1985.8776438264258,1582.439335701476,2671.486361124789
6.907,2030.7224985089604,1630.768308529676,2769.358032155968
6.908,1900.0481941741311,1430.4493507417722,2426.278034617272
6.928,1923.7023656019194,1648.4573692980834,2821.470462704652
6.928,1901.7015738209036,1559.5387317959019,2333.467146481814
6.948,1921.5053557515755,1556.2188603190132,2442.6495176777844
6.948,2005.5892749626437,1640.0114886604238,2435.24439375288
6.968,2034.921698889124,1477.347024297084,2204.9738409598394
6.968,2166.1411511126134,1634.2901328163314,2541.1358319484743
6.992,1976.0691588526229,1568.5761539796483,2643.4689777100616
6.992,1960.9720998885339,1489.3527455134015,2350.3500754590787
7.033,2071.208948495779,1637.8787920550149,2532.6771448579093
7.033,1945.3623532490108,1565.3339911777605,2529.5499455471654
7.033,2017.8318296652017,1612.3716724904218,2322.1465644602076
7.033,1961.1531491350127,1604.0464111750389,2555.044865770312
7.054,1958.4190534333811,1552.1410308264722,2294.7243564290366
7.054,1750.1868059337257,1475.9339796260733,2528.8887311340713
7.077,1921.1366634469623,1691.1548448326919,2278.866461643331
7.077,2157.98899295957,1649.0970517769242,2509.078747242717
7.077,2069.9021711617875,1420.7478246864243,2366.3724131805734
7.077,1764.9161425111886,1452.3276986097856,2280.8587495822226
7.097,1970.0227286733768,1486.467850953388,2681.9813408210043
7.097,1910.413164945658,1373.5546600645653,2535.0198255056353
7.117,1920.1337691271654,1450.0029330884586,2545.1364733457785
7.117,1757.7268988035446,1461.9058150307337,2568.716947924007
7.137,1981.274739569259,1521.4507056390285,2583.3443497361454
7.138,1894.2747842436838,1519.9673456772819,2190.5221944881614
7.159,1923.5051801159882,1619.3926139287112,2737.318027850765
7.159,2053.7483359853863,1613.0260118851593,2800.99112003043
7.179,1896.913631117357,1677.78853446556,2556.2996943501216
7.179,1840.2911244651384,1732.0518507785432,2646.2935920559435
7.201,1969.1079687442455,1533.4139646897227,2520.5448337263697
7.201,1882.351662429865,1583.42148244896,2709.9017236918753
7.223,2083.0154330765367,1663.3262176676337,2615.3708139657792
7.223,1997.6780683128925,1553.4875230571272,2605.244781384217
7.243,2023.367770613188,1604.3734504451338,2557.7266860118943
7.243,2002.5771198884952,1666.1171052831544,2629.972897686829
7.243,2023.0363122151314,1480.509641730003,2409.969365189228
7.243,1823.9515503390617,1492.775574596209,2632.0623053839704
7.264,1805.5218726094258,1457.8367359554363,2443.323840601555
7.264,2242.201065544576,1817.4047601993311,2465.9137889710346
7.285,2050.638672703393,1574.1202974139496,2551.9662183926303
7.285,2106.786984940609,1820.8280893014166,2416.5908605333084
7.306,1866.145332174062,1328.7475789284567,2595.647343794976
7.306,1877.468727683544,1659.1394842219338,2506.987444559936
7.322,1824.741187871265,1540.202699617967,2618.2276962258184
7.323,2044.0083415363667,1581.2450197265887,2330.814919206367
7.344,1936.2138882027984,1500.0926202661435,2523.5002421156023
7.344,1924.2967670185142,1552.2550369636447,2411.3184020033336
7.364,2092.048993254988,1481.6880065848159,2368.3730244241506
7.364,1843.3434701401363,1648.6864036280992,2559.9919563196754
7.386,2047.3216707594431,1599.2867508098795,2317.6807988560304
7.386,1919.3004669168633,1655.798353524599,2723.574954046055
7.406,1929.149899851112,1649.257559036974,2542.5899437677913
7.406,2134.8192743590694,1520.0238480860621,2647.490369761607
7.407,2108.947210500556,1452.507000499812,2620.1017789749594
7.407,1908.1524959140677,1588.9969701963992,2533.0337973531173
7.428,1926.8567328007043,1587.439441555619,2615.6540587429176
7.428,1940.4876999508658,1402.8388138173098,2562.884186065836
7.449,1766.866975987498,1619.2402062218619,2281.5453008203594
7.449,1814.4568338800868,1445.0785945796288,2624.288524769653
7.468,1998.6252447858546,1534.8358199168533,2976.7447399969915
7.468,2021.3199492511267,1690.2194406505128,2392.1836678732925
7.489,1936.9636475092304,1695.8351366138568,2334.998159292657
7.489,1919.7427252807577,1544.5244025203333,2355.8989442224943
7.509,2179.697221119559,1484.789241913501,2739.4117979702132
7.509,2041.5689157679049,1597.2694059508017,2812.980191078847
7.53,1887.9941917640967,1606.6339097863279,2845.057625946786
7.53,2182.9249648084024,1703.407962064471,2427.1986904469345
7.552,2061.3599345315806,1411.505773104087,2485.793118780211
7.552,1836.2267336370867,1464.0381331920482,2479.5563501559313
7.573,1913.3549201138583,1585.6103039768952,2758.723535659007
7.573,1994.734318305359,1507.2374243160125,2516.6238193895597
7.573,1961.426031108203,1585.6124761048327,2202.4964685357663
7.573,2119.1149357738386,1669.8325315611714,2762.215989628279
7.595,1823.0089365677804,1719.5734236482074,2584.541570172753
7.595,2192.044491282653,1631.8224157934171,2372.170304944153
7.615,1990.113145487963,1620.5173665278965,2607.1310874738315
7.615,1933.5669710521759,1520.1455639945946,2665.0845597091165
7.637,1920.7777791296003,1609.5934910815067,2406.472074093219
7.637,2006.7891095865616,1525.9307195738488,2413.8000960385966
7.658,1932.4341855325606,1402.0513542528981,2432.949043569137
7.658,1849.4672336397582,1566.0003881938735,2713.850378473867
7.678,2179.170714166276,1699.0671535776873,2493.545627094151
7.678,1707.4355224150356,1565.5567377949412,2712.270034257902
7.701,1856.3392951511878,1360.3757437650206,2707.5446150113553
7.701,1982.7872336288483,1550.4532032896682,2379.453072482584
7.722,1952.7791318023633,1373.2783421200998,2337.774516841573
7.722,1930.6538889070184,1600.0093133716869,2409.791480669204
7.743,1886.2856733625779,1542.9558097468714,2645.0608310237326
7.743,1870.4310409157492,1519.6513598459353,2366.898930798872
7.762,1812.9900857484636,1460.2572827005993,2521.604134446006
7.762,1986.3364009845645,1561.5579585647029,2672.0648111783603
7.783,1920.228623888124,1625.0453560373335,2728.4395248349897
7.783,2013.040770151078,1590.2162098230397,2852.8931927760536
7.783,2229.1007372343747,1419.583329074976,2531.4310737191176
7.783,1850.9421519922432,1550.1439527646762,2784.578664870488
7.805,1926.8828637413778,1596.6143998779073,2243.5530220073024
7.805,1873.3541557935469,1441.720567809267,2455.897819108891
7.824,1995.440056393129,1634.1274603409913,2535.1283151222956
7.824,1801.6061659893771,1395.2557409608146,2438.768589998228
7.844,1903.017957855335,1480.5559238695637,2611.894974439555
7.844,1905.6140946718526,1572.5559221888643,2604.963668386346
7.886,1922.0078260219034,1520.9380246560058,2421.9579174590735
7.886,1907.4368734269879,1305.7020995315365,2360.30249006701
7.886,1947.3101723319858,1572.0089586347624,2562.409248292604
7.886,1875.16271714307,1570.8337175084937,2407.871166084468
7.906,1814.7769836821708,1578.4425241692416,2628.418264412769
7.906,1994.9746545935805,1588.4269733882056,2637.322661225368
7.906,1959.0402097719182,1593.2872713563522,2612.447305240911
7.906,2004.7288099123243,1714.163026710146,2411.1532814457305
7.927,1745.118065672639,1483.9510726938497,2660.5022336110515
7.927,1878.7749629209402,1780.062031335093,2679.234986443943
7.948,1969.4685225335406,1596.239491780771,2604.521225051452
7.948,2027.7355334157144,1538.208088646593,2648.9804310782565
7.968,1799.0480828518243,1547.0936589228327,2443.3174941530297
7.968,1970.8085430023534,1369.3895651400676,2513.905277546298
7.99,1795.1522305559492,1565.5793781173807,2489.3449354740333
7.99,2242.068715502285,1542.6792107086853,2340.087551188665
8.011,1991.50605975865,1543.3386258751152,2629.6231147553285
8.012,1949.302262994667,1517.2583037887691,2296.4480101389645
8.033,2070.8894863416685,1498.4983082049966,2388.003882098417
8.033,1904.9213212378058,1614.8193345189318,2753.7691292860745
8.054,2088.38530876481,1668.3271008292836,2561.4910664647246
8.054,1997.8083491594632,1739.0662913923434,2261.9697000155047
8.075,1749.1182320647808,1412.0873812909135,2486.4027732329064
8.075,1892.0024111707319,1547.5320621651738,2577.2708066155706
8.075,1952.236713683153,1631.8770366060696,2463.7088547781796
8.076,1859.8571831943432,1552.453473224159,2682.5580729118465
8.096,1885.921121774222,1492.7711727724172,2418.2502995194523
8.096,1996.2328298150665,1562.2605898285153,2384.0145632804733
8.116,1965.988229764699,1595.6119909734064,2434.1275311480267
8.116,2027.085852609185,1571.4774738495732,2585.7957758009675
8.138,1864.6729576740547,1666.7737053140816,2687.249391918833
8.138,1757.7248086537818,1553.8158421093726,2499.9318525658127
8.179,1855.0300211149379,1509.3263964361252,2548.9227596845267
8.179,2028.4145038663833,1582.2202483371045,2486.6139722978874
8.179,1986.471666138452,1635.483830471671,2591.756452047084
8.179,1817.5294364994472,1615.3481422462582,2394.619684365471
8.198,2027.9019930328013,1481.5525317549236,2604.5216693872285
8.198,1840.5387289390417,1613.9317789734,2442.661716773629
8.219,1910.712572179476,1565.9765393176358,2391.3728680290887
8.219,1977.4034327172924,1562.5144849041667,2533.2052080760136
8.24,2029.4894580622595,1459.6004082153163,2622.4538479711077
8.241,1952.5845019286298,1554.8436241354595,2409.3599159420087
8.241,1766.4566142955657,1439.2063353480237,2553.342696491225
8.241,2091.074320085828,1549.887106988964,2620.0637648257903
8.261,1921.7146351405545,1608.1934529050789,2503.517926247322
8.261,1951.7377583237774,1689.984091073751,2144.078176385141
8.28,1768.2131093890714,1718.6693895981236,2688.6723990631604
8.28,2127.892547402781,1516.8744977612628,2457.91365498639
8.301,2021.3114906020496,1664.7013978181915,2900.615267494155
8.301,1891.9881240303787,1604.132292657255,2313.5271151374454
8.321,1962.309546152855,1474.1731677849957,2526.927789955345
8.321,1877.5406363765444,1560.4869267907948,2393.374826634237
8.343,2111.6584736460595,1558.1707024470195,2560.3287635120737
8.344,1907.3103825191997,1610.4193703531805,2721.890679837352
8.362,2029.026965375648,1404.5895357912918,2579.5755304799486
8.362,1888.010902340369,1641.096069073512,2472.392530245446
8.382,2131.420854331103,1683.0411826949903,2450.844045066427
8.382,1826.3670354817643,1802.2847445439224,2561.890455979568
8.405,1909.4898519185272,1588.8428538882602,2657.2683177008603
8.405,1962.8441080263317,1478.0757084067006,2493.8482190161426
8.405,2088.9329490231726,1844.319324997436,2324.043066838078
8.405,1916.350876264898,1395.7857115126742,2470.4181753870057
8.425,1812.451679317846,1634.1629766208353,2550.4077622301543
8.425,2053.683041113151,1778.3900130552279,2566.235318877239
8.446,2072.784909091885,1400.3308855028454,2559.7676093685786
8.446,1906.965060297252,1672.2840609351613,2632.1399225937375
8.468,2099.8087563739273,1640.5996606731153,2623.9864710070397
8.468,1865.2934932968892,1522.9266819503416,2536.6148450130213
8.489,1915.7580456399235,1487.545714837544,2494.3407086881516
8.49,2028.8621859557345,1410.719273374063,2438.8795916138624
8.511,2105.8647914876906,1493.6547630867271,2460.073554142228
8.512,1819.1186672699207,1639.4445187697263,2485.7692075817354
8.533,2025.6390481513754,1538.826148882739,2520.060494059467
8.533,1882.4239313840394,1672.376449296994,2489.3188658487843
8.552,2063.8791865165786,1629.0822076129282,2586.3599247634975
8.552,1855.5923541351272,1448.048248841048,2636.795524722298
8.573,1706.8320412017633,1687.7376601829003,2268.393748235268
8.573,1996.8309875982736,1620.9623988924552,2472.355780362179
8.573,2042.2522677435234,1498.9811151867057,2634.3327696546025
8.573,1874.7515518895336,1645.6591311640402,2719.9776770024273
8.592,2128.910492409058,1420.6648611430214,2361.7392318703414
8.592,1828.7618385311969,1538.8775516417215,2564.5928667869966
8.613,1872.172659968454,1626.9843556453689,2466.7889735592585
8.613,2105.958198693182,1567.7997852505305,2434.0916230426737
8.637,2022.9673285252336,1536.9595180148515,2401.2553508929664
8.637,2157.8585542933147,1610.9557413804937,2451.0447854340937
8.658,1824.9108812816553,1526.7482862149936,2311.2260899492785
8.658,1944.6052387282868,1449.5111647143617,2372.3561534697615
8.679,2074.0298265586844,1547.4921640326816,2271.7072139716324
8.679,1719.9370774603192,1423.7780858201857,2415.500212137066
8.701,2049.092079513176,1364.9030539198193,2522.1901698431484
8.701,1809.8236685184731,1591.1726820277322,2383.227081906736
8.723,1999.8855135119848,1460.722604722952,2536.730003473095
8.723,2126.502252555762,1627.1010564950552,2701.9906326897576
8.743,1869.7287957357603,1582.0345829159783,2159.223085776219
8.743,1971.1016065898139,1593.9529474020205,2563.984450031107
8.743,2030.194386528845,1523.3780451321602,2590.3313407608025
8.743,2112.2777806314175,1584.968648600173,2475.679160440815
8.764,1735.7159836336077,1621.768303342463,2636.696248487342
8.764,1819.9839267872621,1718.249562351246,2378.6581864142495
8.785,2068.367615022099,1540.7283184250273,2735.949819939284
8.785,2048.608831274761,1625.1299745642139,2481.1599576377566
8.806,2113.114977505963,1528.4126614900008,2223.269525253027
8.806,1863.6749287549433,1642.9712741396427,2223.8099319879793
8.826,2094.284620305698,1499.0246178403581,2365.705177072751
8.826,2017.9734123954202,1403.6295552773195,2180.039731391162
8.847,1729.5518927180951,1477.7478970500758,2329.6634811580952
8.847,2045.6041915128233,1459.9294762346856,2641.960128999008
8.867,1957.0503962671391,1683.8453128858605,2361.9580074956093
8.867,1997.572884642331,1608.2265400608226,2491.8316481850748
8.889,1813.7416056290583,1377.572920679519,2484.8513820693347
8.889,1920.048584403676,1686.0159294821426,2628.6911884213396
8.908,1785.237768741942,1438.1584381177402,2435.5659740283536
8.908,1854.5414218129079,1545.0377185777375,2608.895279704045
8.928,1941.017228485016,1567.604514282409,2575.530130415869
8.928,1892.128521872537,1672.5561350324924,2661.1184410344254
8.928,2080.192841197651,1501.9694559367092,2626.36668757982
8.928,2033.0922092923533,1589.7316561022733,2562.320125286714
8.95,1922.607976332357,1664.0350299282316,2439.0077233533143
8.95,1952.4386607229444,1691.781531742543,2686.597368415695
8.969,2035.8588178218083,1611.2633582786575,2724.785550685369
8.969,1926.0566452547723,1519.9220841742508,2402.2064630554855
8.991,1984.7185363420879,1335.8692478852383,2362.873879017416
8.991,1894.1752310158129,1424.2199787074117,2657.465084597073
9.012,1874.4122246784218,1579.9023642143027,2395.479413426226
9.012,2123.025421838063,1474.5872278697407,2534.1475930153397
9.032,2231.6980897876147,1395.2756835686796,2513.8512214702296
9.032,2038.6796368199505,1604.0211771106858,2416.8053955448704
9.053,2065.6163755436783,1503.0139434470811,2552.2018794354917
9.053,1976.0916964085714,1521.40645199771,2516.766497086711
9.074,1916.0263248204835,1410.6011803746692,2448.61815827649
9.074,1867.8440827162226,1697.047588460069,2504.7641957987407
9.074,1998.9390055261558,1392.1587171631702,2468.3727901392735
9.074,2029.6120190498066,1733.4093976210916,2630.5135663619544
9.096,1985.5832096295705,1586.7434860907067,2562.8322184137046
9.096,1942.5125750095563,1642.4772382143776,2344.5564220594065
9.118,1795.4601784292197,1497.9027155863018,2581.44785252287
9.118,1878.2664794999164,1548.5796694830126,2702.327614590327
9.138,2017.6702643242556,1464.191563481196,2432.9555764479674
9.138,2089.948433700411,1566.942837375884,2482.2498326155014
9.159,2165.4127834296028,1469.759520156447,2308.5799255458915
9.159,2188.6399888042856,1546.3199731532825,2640.548336538921
9.18,2043.1519207682015,1572.6955637294182,2643.9434722047067
9.18,2057.5002854567124,1608.4860387657554,2244.338505335937
9.201,1861.4058854834348,1525.9870149677006,2292.1408898301447
9.201,1941.522204651808,1780.5995352566367,2582.423022258767
9.221,1975.5736291032354,1303.7968947661207,2281.883632423439
9.221,2129.773329145876,1657.5452462649114,2449.5347997522986
9.245,1874.0297335010644,1440.3058987586555,2510.373763100342
9.245,1946.2846800807906,1443.5816694184596,2525.518392837968
9.245,1958.4887553743283,1589.2028033304077,2447.1888461760745
9.245,1873.569831349907,1552.070407387155,2539.535373033022
9.263,1907.457157605262,1662.3118558903802,2564.7443730953537
9.263,2021.5068413170306,1739.2615761410736,2700.146954550305
9.285,1966.3597113694045,1669.4684545988546,2540.19073163498
9.285,1806.9566107398539,1620.3915038072887,2422.2743602051596
9.305,2146.3605056195142,1589.352267082312,2495.2786348896875
9.305,2011.1048184990962,1551.8511552855955,2671.363717500137
9.325,1850.9615533559272,1446.6735481753194,2535.1272565768613
9.325,1721.7802103376416,1519.4517284952774,2640.5505663487743
9.346,1847.471035618482,1474.65693843323,2383.7331484606666
9.346,2096.5773356573836,1560.1412317289728,2524.037553756493
9.366,1873.5013228829816,1740.7887619983921,2285.925033258512
9.366,1773.5603840369913,1612.0046843142582,2429.4917426095553
9.388,1912.934969208661,1617.8412112631443,2553.8927353065806
9.388,1802.6122828498153,1502.6617595747086,2269.87641269724
9.408,1815.2231607478384,1645.0259168995144,2612.944279227906
9.408,2109.984156269195,1473.3767747934417,2592.759008786191
9.408,1858.7952561376621,1610.716539386562,2250.0795850861887
9.408,1936.1162124442703,1697.4792275217671,2467.1263544047247
9.429,2029.7017236956171,1663.2526470691841,2399.0502513382885
9.429,1690.8679424814118,1390.2595738469338,2410.8006907032272
9.45,2098.23835273827,1583.964253173643,2471.7390282455635
9.45,1937.5978786858875,1424.571513370008,2247.846008295835
9.47,2032.8719033020761,1702.7060488030038,2509.428184781672
9.47,1904.1310075978408,1557.5118115939285,2518.549730749023
9.491,1935.4101670106486,1484.0038805179854,2251.044257215311
9.491,2014.4599567596695,1510.2016352742294,2476.7901550566203
9.512,1873.7328005557513,1458.177394510671,2547.8779736472898
9.512,1986.5966282629813,1676.7830749734555,2194.0565873005735
9.532,1764.5175219457726,1711.4233805692454,2549.3961861603866
9.532,1897.8208335298082,1555.6957425031276,2717.3963568162044
9.552,1957.7436216654908,1592.0761967500207,2584.109771017872
9.552,1920.2732159546997,1732.8195093315924,2371.788200119676
9.573,2000.1408028822498,1564.941295460519,2577.064597154082
9.573,1897.222693743493,1598.878333446077,2361.575086979456
9.573,2004.0971142326773,1612.4195078814355,2383.6266303194443
9.574,1892.5233015858385,1391.0869274617817,2371.402346745095
9.593,2166.1403624494415,1592.4729225301048,2409.7134300913717
9.593,1986.1823413102177,1465.0110547912723,2499.7551732849406
9.616,2075.2952355925922,1650.04069014303,2293.3579110947226
9.616,2077.57861664136,1542.9374752899203,2645.725291321862
9.635,1906.536398613663,1580.6934801587722,2536.5673581035885
9.635,1987.8352498639363,1296.9445514423705,2602.1297708495244
9.656,2134.301809018574,1508.5707776960103,2520.2863788305517
9.656,1897.026135552289,1694.7254564493994,2286.9553807877205
9.677,1801.7119440141487,1397.3823667517609,2557.5803808879436
9.678,2001.8860560263904,1473.655782327037,2565.596804863022
9.697,1999.668858581213,1635.8145645370137,2403.3971487512626
9.697,1967.9376177854265,1442.7489654721803,2670.681681866896
9.719,1967.3403094663988,1678.7662313524602,2594.74535466067
9.719,1992.349073974012,1704.5915413793061,2564.9320450843693
9.74,1858.591577752227,1356.633213436826,2610.848242871882
9.74,1952.4801118778655,1537.3387373664598,2275.838642950768
9.74,1986.565322798629,1559.333999446189,2393.279903266984
9.74,2174.617116798242,1559.7993040338472,2755.468171805218
9.781,1910.0620049488143,1519.7637270464281,2555.803123004862
9.781,2173.1885343918198,1744.7601269150312,2656.146349219243
9.781,1776.8903259407189,1608.2761256119418,2555.6505342306896
9.781,1952.357735122942,1617.397095124122,2580.3044252895206
9.801,2057.6159904483193,1668.3504103679227,2298.1068197151008
9.801,1889.4259551840616,1593.2641518475937,2592.1784763467267
9.822,2085.2768842813057,1607.734670223617,2516.7026851232654
9.822,1665.968005647233,1659.2430620520836,2716.8719394537293
9.843,1656.05506610633,1769.3704721671957,2540.849067349605
9.843,2014.6032301415053,1348.7149680331365,2203.268858535381
9.865,1862.127187309479,1529.0275940266392,2566.869347277196
9.865,1868.8437427214305,1339.5586366936993,2622.149378528123
9.885,2071.614935961602,1524.6036563514035,2308.9148499335797
9.885,1713.3358314733698,1546.6759280859512,2756.730774012777
9.907,1952.9517289045145,1652.9707486997704,2442.960239428811
9.908,1972.1741790298897,1635.4999834860496,2623.5078394667357
9.908,2071.290640846966,1529.0037006896196,2564.722082419146
9.908,1900.088211324648,1633.0470280332167,2571.099942955992
9.926,1946.9783688922253,1509.3964973158431,2402.4701525643463
9.926,1990.0741156974316,1558.0466705994943,2628.5175542100505
9.949,1935.5931633711054,1528.2554367292696,2547.0069855384545
9.949,2088.7109266844627,1419.0279587466116,2495.3369503793992
9.972,2009.3966122360864,1398.1707099128807,2606.3669185591843
9.972,1918.2699804015801,1561.5943919231872,2528.698850092321
9.991,1807.9707590607777,1622.9721016612368,2464.8418134024782
9.991,1942.097849552367,1423.5737499359368,2518.875996230202
10.012,2031.5025590326968,1463.280331148439,1967.7488152404153
10.012,2178.2119381009775,1562.0574819791773,2601.5539186405445
10.034,1950.260775410626,1417.2372935022124,2425.82653861123
10.034,2081.3204865863995,1741.966203622248,2257.220329197513
10.056,2110.818309122422,1556.367243586316,2429.1363971976766
10.056,1813.8054220331812,1497.4006782995668,2461.605214153132
10.077,2058.4982149041784,1530.67805763128,2266.3525962586
10.077,1960.0763507551826,1544.730133747775,2610.2037825776524
10.097,1858.962314535606,1355.6458166119555,2425.63682072936
10.097,1996.5190549948477,1575.0767698965426,2643.813781981623
10.099,2064.776578086383,1675.0003096064925,2629.603845195749
10.099,1805.1294849100461,1589.8644062068695,2266.3367333060146
10.118,1909.9379038598092,1490.1542990627252,2576.4369826500233
10.118,2095.951031994669,1359.7307084330678,2433.4219581173065
10.139,1775.140986544193,1455.4090744203286,2388.6618512655855
10.139,2010.7652088910152,1472.5493071330131,2432.9953474426884
10.16,1947.42230668035,1503.1571801623377,2611.4509641557806
10.16,1802.5912572390694,1582.417612122461,2640.283698901588
10.18,1774.1829986994824,1513.8749820962414,2472.753742998578
10.18,1840.2701804050591,1509.1590700759564,2347.58716311918
10.201,1851.6418681159266,1389.879164823232,2428.9240220141332
10.201,1957.1404727069948,1424.1132438954292,2579.0996672698425
10.222,1821.9009939222494,1525.7967655240614,2910.3074974889796
10.223,1993.2104171405858,1347.811184873383,2255.6919670684333
10.243,1843.3061489521372,1494.4865228363617,2607.276536958601
10.243,1853.8975264968108,1525.5669865376656,2498.2359307342977
10.243,1896.928826812455,1741.6729521973211,2743.0512943798612
10.244,2082.0101214964566,1552.346668874271,2400.1024322822777
10.263,1909.033924378042,1555.2693662789577,2510.717092981562
10.263,2078.308109393126,1525.8040486299687,2233.5344445728983
10.288,1887.8343809265264,1828.3510732726468,2599.9466037530456
10.288,1827.6920229270563,1548.9381268193824,2417.54239477208
10.307,1849.470261542495,1530.1382474276654,2270.0438561475116
10.307,1891.308147983924,1567.595051985632,2523.099818424748
10.328,2003.1125437619871,1501.8216422777298,2426.408269103859
10.328,2021.1589988048759,1547.0112648377558,2453.6765300140596
10.349,1891.0433507969726,1565.3386185842787,2546.368677759952
10.35,1830.747704753001,1451.1081475002327,2289.609094017352
10.37,2069.853327093621,1635.991362154321,2521.629664718284
10.37,1884.847971112618,1465.5656052564589,2253.788842273276
10.391,1770.4193122592733,1675.6566223118482,2725.397881231002
10.391,2105.769504341274,1616.9697659650644,2697.8077990270403
10.414,1992.1991195163625,1573.0594323009414,2737.3709587816675
10.414,2103.7565547340755,1608.247649255433,2502.897951684727
10.415,1812.4364452103298,1705.2592703046857,2041.5287102922643
10.415,1901.343013106528,1524.7616336947526,2740.558580078136
10.434,2060.865697630476,1574.6463926721206,2791.95179200494
10.434,1615.532637684235,1716.9066890531258,2810.03914155349
10.454,1762.0436752763144,1575.883988908481,2820.959190543934
10.454,1974.5016736186499,1462.9067580827796,2976.0608270134785
10.475,1933.205423178593,1499.0484380835906,3059.1684552971183
10.475,1926.2368718582943,1529.2054017040248,2630.9353758726525
10.496,1841.5709270339003,1520.1342149823238,2669.5654939631577
10.496,1950.0994884986542,1650.737545713532,2604.8435660137225
10.516,2046.2179513141589,1569.0348332759752,2649.3228924530267
10.516,1708.9295855565847,1526.396032077927,2681.16732650984
10.537,1852.8161950601425,1524.9555145602194,2688.0264434711557
10.537,2202.2286650805536,1518.1128055004642,2581.7880846709613
10.56,1928.3063046488564,1651.6433447502325,2759.2773367512923
10.56,1946.3690755551474,1718.1532005349532,2593.0524747204126
10.58,1962.5962046564448,1608.7687334059706,2662.3136458641193
10.58,1827.259904390671,1584.6575494565227,2597.7319875868866
10.58,1819.0199700613798,1586.7526292581515,2723.711172423893
10.581,2162.934460656725,1541.0024469878076,2873.5277040267365
10.601,2135.4051154876875,1616.627467665727,2998.3233437146278
10.601,1894.4629436202617,1711.2963459129219,2834.2904922827797
10.621,2051.0948542869332,1676.9716596128153,2588.869951190886
10.621,1937.3094109369254,1745.1130607149285,2829.7932738915733
10.643,2147.954677264461,1614.6992189320954,2820.095029402353
10.643,1999.660776036001,1600.4370606246634,2753.618104561453
10.663,2014.998514262922,1558.4675723758614,2670.3468567026175
10.663,1853.735891061469,1596.187381990762,2594.2738115160123
10.683,1946.9428970559125,1545.2330806458183,2755.480264845207
10.683,2066.506461399813,1572.0931373542521,2794.653560842279
10.706,1977.9978296234906,1732.5156787429364,2650.8899188420905
10.706,1972.3096551065375,1686.714983579909,2488.404911600144
10.726,2198.4468883821055,1531.2854456118348,2812.4324256741047
10.726,2025.8200276660332,1468.195133161888,2756.119947620447
10.747,1931.9693158774617,1540.9663614455628,2647.4430433141433
10.747,1933.8423742142443,1448.9290725247718,2662.055445265171
10.748,1799.2334725111918,1495.5243175374728,2817.9411676869126
10.748,2081.1425544307003,1594.282981529756,2693.9014049571374
10.769,1937.9354791331255,1666.3688157527438,2773.263552440142
10.769,1705.1293543639022,1647.5742382978144,2698.9888526111645
10.789,1757.1287042005993,1730.5314758657007,2793.8209061120656
10.789,2126.0280387934395,1664.0611728197482,2474.513568746945
10.81,1865.4330508692938,1512.8804507144005,2759.914822834466
10.81,2165.499776587547,1561.3968072469684,2883.4103741240647
10.831,1742.034908207345,1628.4226450222104,2801.7915860120843
10.832,1822.1108654669881,1560.4717519356261,2700.7162768921094
10.853,1821.3167768438414,1630.1098457398873,2375.21592325327
10.853,1854.7474882215513,1410.4606048618825,2724.8832797389673
10.875,1840.7470692405727,1829.022021210556,2638.9232940726583
10.875,2105.456836668927,1527.78318352568,2707.708042041693
10.895,1882.0691958903192,1549.7795656233106,2883.7966100100057
10.895,1981.734427463081,1635.9883341255784,2610.17328519063
10.915,2039.3218487226006,1510.759115864367,2763.1728868258074
10.915,1977.845603475695,1538.2427781515887,2902.574481171835
10.915,1978.2848032236225,1511.1211878224149,2819.4208455678186
10.916,1663.6982303670538,1741.4534381777619,2805.2850883610367
10.936,1813.9134162145426,1652.7150348950915,2736.937058939693
10.936,1986.6175814496212,1576.132922354978,2808.3716733974948
10.956,1886.2266150064174,1480.7649945798898,2146.6314031073866
10.956,2079.7999486786894,1509.407967639624,2721.475569886533
10.977,1910.0282389697472,1679.235283438469,2645.1428780190254
10.977,2039.8003479719007,1839.602843936899,2781.4027223907215
10.998,1968.2541556761198,1505.7847299485086,2753.235331741363
10.999,1931.6950153710634,1565.8082491080575,2844.63571104208
11.018,2086.604612113252,1652.302143491837,2727.273964260613
11.018,2010.0098001600663,1687.3286765909018,2857.109804966621
11.04,1823.9413418527802,1646.4485395858878,2731.497286507366
11.04,1918.596022128972,1585.57968568338,2841.8035198569214
11.06,1980.8474937783506,1610.9441110501834,2637.3989395799563
11.06,1827.2012316159512,1505.3886651410976,2738.4985265358955
11.082,1908.3000154971894,1607.157773746728,2801.4396871192935
11.082,2014.9809431401027,1570.605708046506,2751.9491855151223
11.082,1705.3588484907127,1556.4661542185058,2579.9211061416063
11.082,1828.3653943139507,1652.573376718312,2811.6763329256123
11.103,1885.0225112599483,1593.420593827214,3019.503518220977
11.103,1999.8993127239683,1621.0435399941582,2619.5819098953502
11.123,2291.5154729731244,1433.575631155882,2620.0046077220672
11.124,2113.1235154689384,1614.3706141792534,2635.621519373122
11.146,1847.694283244959,1619.8813565498122,2694.9678347549716
11.146,2067.261405822113,1513.8990762850644,2588.754126500144
11.167,1868.334869431989,1600.7348671383563,2344.7588921235674
11.167,1943.7857880876302,1577.7816690616714,2658.4830080105116
11.188,2057.949632614227,1714.8728003243043,2706.26597419631
11.188,1835.5768315017215,1529.9246806022343,2411.8886151019487
11.21,2031.7073313453172,1538.705192164915,2859.42498860002
11.21,1962.7879656606199,1510.040494514933,2958.54439906268
11.233,1992.6500295391704,1514.2780113187564,2594.1397746635407
11.233,1943.404395351145,1501.1699180630999,2720.8948474042445
11.253,1869.6120220055134,1558.9659248198889,2636.367992032385
11.253,2066.6217358004383,1665.0413620693903,2524.6646603606173
11.254,2053.195224470925,1671.8244784995413,2848.2361897158717
11.254,1932.224371448797,1544.506219157475,2632.846602247212
11.275,2045.7002039050167,1728.076598988309,2752.4355589264205
11.275,1711.1196265676417,1790.908817374512,2393.8772390279178
11.296,1962.393710037918,1435.4131267209973,2457.99278236728
11.296,1806.3099340142012,1447.251769463921,2666.684834864445
11.318,1967.0603053646385,1569.4557565099954,2540.929995393349
11.318,1992.8030022878756,1721.6738370463136,2447.1411650509135
11.338,1907.793467809904,1654.878256887971,2713.924022142778
11.338,2032.4916942474083,1570.657850259553,2653.754975446781
11.36,1834.0760541307368,1608.5779982843626,2403.33530738075
11.36,1937.6126977964998,1626.89318468843,2798.2999780115088
11.382,1876.3551279251421,1518.216861603986,2640.9622016617027
11.382,2113.74560778848,1564.8043731791922,2431.6535925858525
11.401,1771.5564019550948,1616.8823386292095,2668.186083096783
11.401,2080.3241315618206,1751.9509384493524,2569.1555814637773
11.422,1955.6192691272904,1562.1691791161356,2820.000491992041
11.422,2113.2123210291693,1639.9210103858702,2615.04012319678
11.422,2029.78189363004,1546.8417878359662,2675.448847865274
11.422,2069.4254981640956,1616.8646856266184,2590.337993670327
11.443,1863.7465643571456,1679.8348672565367,2726.639173875621
11.443,2212.876156034852,1706.852097629745,2526.9686981264526
11.463,1936.4699384800142,1597.2642645780202,2443.592113935293
11.463,1937.1794780330324,1587.9630107151845,2518.810544502822
11.484,1957.9724470298327,1653.9350715584994,2686.606349263349
11.484,2136.048361960142,1644.0312672071252,2862.3598217540525
11.504,2004.5351100499615,1517.1535945226258,2522.5489315707728
11.504,1983.8049074959838,1614.4589586409347,2712.8119105307155
11.524,1977.1465260300508,1613.8504912097278,2608.541857799312
11.524,2039.3104975825634,1685.312227779674,2670.9344433414713
11.547,1714.3210840515528,1524.674098378802,2728.3411391907603
11.547,1881.0693460931707,1430.493181666575,2923.019236870131
11.568,1990.9120393044775,1567.2903198300264,2593.094517583208
11.568,2189.303122370618,1459.255922894612,2745.9689390957615
11.588,1905.399295910274,1540.6225396412785,2591.534182970844
11.588,1955.8340959757625,1602.9254092132744,2288.1391645638028
11.589,1906.0529561683388,1679.63163275203,2665.335088545096
11.589,2009.506452918843,1720.6119834403441,2671.3089769032467
11.61,1794.462165035608,1599.797598401066,2794.3052474780657
11.61,1878.422060165106,1584.8640657237356,2635.820622222741
11.63,1933.4275316856836,1673.2149918110629,2750.634626160812
11.631,1949.7183462546523,1441.457749516236,2548.942571337376
11.651,1926.6733664422081,1629.6743709485895,2983.9123733603765
11.652,2210.4548035925923,1540.3460214840372,2884.8856975056433
11.693,1828.1407980121674,1733.4838867832127,2631.1101195012166
11.693,2095.2521676246283,1531.7771107581864,2598.2930800332847
11.693,1900.0519747145497,1527.1574330429512,2696.9231214192446
11.693,1994.9463506858644,1511.8797000832171,2684.327968834855
11.715,1987.5443323670147,1818.7976598775397,2709.5350857123017
11.715,1806.1451443766962,1530.064190518992,2695.0017146113255
11.734,1956.1974074722734,1614.2017634429508,2773.793209137809
11.734,1945.7173444063892,1583.7206434308832,2646.5779381950947
11.754,1817.08204201925,1632.1752826259064,2558.9746694506807
11.754,1997.6377277831775,1706.4161221950746,2596.293213188758
11.754,2029.783528172566,1599.6941042765948,2420.102570564876
11.754,2167.258784167021,1569.868807361804,2690.1945947951544
11.775,2230.5825530047546,1571.6866467928646,2870.856441821128
11.775,1928.6918281744333,1625.699259740218,2788.482911623129
11.796,1973.249763045843,1572.6054580341709,2826.786567694516
11.796,1858.7764260930728,1518.6583804289185,2800.2927395598354
11.817,2015.7559179086386,1481.031131113189,2461.7964418431634
11.818,1942.0734416513396,1533.6372990880354,3008.390395791623
11.84,1953.324588626621,1640.5588431507292,3017.2786923976682
11.84,1706.0549345333072,1765.115168448487,2723.298047556822
11.86,1999.6249068967577,1574.5827910456999,2271.2747088136866
11.86,2221.502112264915,1616.1916991242729,2826.4461509596376
11.882,1647.165864501307,1571.9620227994676,2685.7941952108686
11.882,1918.703374761459,1562.6254878502928,2246.7027317559014
11.903,1946.3062489906092,1652.3126928034299,2781.5248388545883
11.903,1911.6190064664565,1773.2120555563097,2463.1623520471658
11.922,1836.9280718800621,1755.9311639713624,2529.638316491734
11.922,2079.386214386686,1501.3698108201343,2936.6923048649205
11.922,2004.533591675767,1546.931097850453,2632.9666858761243
11.923,2095.7355915134,1791.2249566459059,2972.4308659046983
11.942,1819.869224182965,1512.210478943389,2814.692890063754
11.943,2003.1463064449467,1572.8857883723167,2545.8637771418603
11.963,2101.3386087695617,1600.4371703167917,2796.9549022088995
11.963,2086.0370092393296,1365.6454176442091,2459.3263613977015
11.975,2012.2443519166732,1610.5688028438544,2374.9494089126943
11.975,2021.746219099245,1695.1915743462284,2651.1486424189466
11.997,1871.107614910607,1612.2303236172795,2797.251214567691
11.997,1938.1265345397555,1607.0187625478757,2574.645019582409
12.016,2060.2572041260505,1475.4764406580257,2789.2637574590444
12.016,2062.926999970433,1568.8614878905253,2579.110387255365
12.036,1906.655528543311,1515.4909540982067,2388.1155578192374
12.036,1926.2968100686905,1513.5930415570942,2704.7798125773284
12.057,1858.4125944942712,1632.628527528783,2442.570220784222
12.057,1785.5188765648018,1498.7589061273686,2646.7575979631647
12.077,1834.3202540543023,1542.616088539697,2648.9442627404705
12.077,1844.6263627526444,1829.4524196835362,2586.8661529579326
12.078,1961.8294490685123,1655.937410214305,2461.519612164726
12.078,1885.1077749407098,1427.901949820191,2162.1291999426335
12.1,1740.0303494932732,1696.0055244436587,2775.1184962526972
12.1,2110.3977737568835,1528.8241605551207,2681.08423914942
12.118,1716.565567989091,1894.0682051783228,2597.561982424469
12.118,2055.202041952067,1618.4049070322478,2693.4298563422826
12.139,1806.6741181617547,1691.8020316984305,2803.1687401163827
12.139,1882.452518636706,1600.513890033972,2803.224317272771
12.159,2058.941981982432,1711.41307972612,2579.692684769922
12.159,1849.744931537837,1533.4997656758462,2663.6682332309483
12.18,1915.0269122876946,1506.790544745046,2936.264848086128
12.18,2076.44304387488,1657.942442550809,2713.179368677822
12.202,1873.5264760340392,1580.5694654398803,2650.7564571068115
12.202,2157.143394671744,1519.2002692769213,2735.2669387174856
12.223,1787.7115871221,1598.7559131370779,2751.5933641845254
12.223,1920.546606622296,1636.8138494819855,2826.215244480883
12.243,1691.8922036741606,1581.2546013864758,2838.0778840072367
12.243,1824.2714598199852,1572.1782877395426,2928.868740112127
12.244,1768.6777329366014,1618.8038094516617,2568.858263301324
12.244,2160.4710633925124,1528.7643162445638,2512.763197824793
12.265,1808.8513462218796,1439.394866975304,2783.720541539176
12.265,2057.7377317447963,1515.879111543107,2701.9055918848635
12.284,2005.1717877954031,1655.6942451152343,2755.940054287742
12.285,1891.0451415414666,1551.5106886475007,2616.163889741264
12.305,2119.6600385030074,1509.563929140899,2571.4325761634927
12.305,1968.1556236463662,1406.3261855335782,2536.99911858344
12.325,2115.095054764511,1522.794870106547,2687.002128789693
12.325,1970.0619893270627,1634.0664482880538,2690.3246820540244
12.346,1936.7092565281644,1856.3060051271227,2669.356033345439
12.346,1996.7528905971606,1611.6301727201947,2808.3578572858623
12.368,2102.5111898621003,1586.1569588584375,2362.896136872031
12.368,1853.8390927140958,1521.0960513488546,2662.4565677818723
12.389,2019.501724710105,1572.6125718846276,2883.8138514687366
12.389,1791.5522798216493,1615.4728714170592,2595.494861044058
12.41,1933.9216200706805,1550.1402777619833,2637.8030728296717
12.411,2128.576364526339,1664.2703819861522,2720.959505748624
12.411,1967.8264066037334,1602.876309307329,2725.0560495078203
12.411,1973.2968970882819,1596.1067144643716,2711.1878792734556
12.433,1993.5917939786582,1558.856078291714,2487.144382519251
12.433,1860.2788700945027,1443.3027138484988,2719.5623142958484
12.454,1870.6279229883087,1461.2027882761872,2580.296450128573
12.454,1857.3755512799323,1694.220716311511,2695.4798090618056
12.476,1988.741789808414,1522.0827748208244,2709.2387237457365
12.476,2131.1933314197454,1592.0979077436114,2728.856595119292
12.495,1867.2025894715161,1640.1171528347488,2710.312900600438
12.495,1790.3874887221384,1516.1691250113345,2569.6544423525183
12.537,1850.9008848052017,1624.767209857948,2845.998841441806
12.537,1920.994623599922,1469.0163829026676,2608.3777885230966
12.537,1826.8946926177907,1374.5886118671965,2670.6598207965008
12.537,2007.6827167728468,1667.058880266272,2318.5121116541995
12.558,1804.3632172604157,1478.0046086561795,2888.533165111678
12.558,2023.548173527744,1606.245017352343,2760.2893597084535
12.578,1977.9200022101304,1654.2427140691016,2658.521987627394
12.578,1767.426542481433,1677.6253795699606,2709.9772655938623
12.578,2019.685930753998,1695.8625012218192,2878.5734807025615
12.578,2085.6469001004816,1749.5675747693776,2766.7493577457058
12.601,1882.054871593892,1625.642382994679,2790.4876369106178
12.601,2011.2868638344314,1574.8084163741687,2504.2259294693617
12.622,1995.6665089039552,1631.5339640602042,2562.486805162039
12.622,2081.222266160202,1561.4820038608057,2489.3220210942154
12.644,1994.765795650269,1487.7585596768015,2537.8313173713523
12.644,2030.4563681150717,1436.9972951069117,2929.17777223875
12.664,1954.246410409445,1580.1613851124025,2699.815522616764
12.664,1965.7512631223997,1644.3670850116637,2776.231627687571
12.684,1830.3580243094793,1625.572836906068,2612.76676059658
12.684,2007.0268238670435,1559.1127078205852,2596.861431527247
12.706,1810.6943766099735,1658.0095531755405,2534.4636521394987
12.706,1814.4231598564593,1596.020597837055,2391.871241585531
12.727,2021.7775997800984,1806.7821076623504,2693.7605443343623
12.727,2216.6743380563726,1473.602361762735,2419.610008617453
12.747,2031.2562857284329,1549.5157735845557,2582.099936562656
12.747,1755.3908165000807,1566.380040377701,2782.6903123580246
12.747,1939.6682718411691,1520.1515812782677,2752.1723976580197
12.747,1944.571493541165,1699.0022417546315,2471.6950763484406
12.768,2155.2883914760732,1688.2317764442703,2764.5226756949455
12.768,2102.476023859856,1650.9515257882185,2750.9883624917998
12.788,2040.8362933997107,1432.1897054226038,2680.0875326324344
12.788,2061.368549134283,1664.3159095347971,2800.24345809415
12.81,1735.7937259615665,1704.9065027750785,2629.9518529703914
12.81,2009.7732449499963,1472.151806450552,2631.3521737411365
12.829,1560.540524593974,1560.739756337394,2872.8803807556656
12.829,2096.22396999652,1805.3916687867325,3049.0478852592714
12.852,1934.5657364344033,1724.6220611350611,2598.8450867261927
12.852,1935.5165620131836,1562.55674466866,2795.1664657208607
12.871,1716.4448643927235,1534.0484025448716,2835.1280532569167
12.871,2010.1080929673244,1573.862752207162,2856.011380961651
12.892,2051.9952496461133,1472.3949322559333,2395.353286924151
12.892,1988.3443971586098,1631.5939241591502,2482.9437531600934
12.913,2242.0881556504783,1512.7602908457147,2718.4035257882265
12.913,1939.6082407821366,1714.1225667495455,2458.5196846247727
12.913,1824.2703265519026,1522.0600314091694,2630.0311943243587
12.913,2131.673924224337,1702.1725834642896,2639.1271159032945
12.934,1779.6230460837508,1743.9101189698135,2634.003604951202
12.934,2081.42730412507,1512.3180818205278,2505.8291557285966
12.955,1768.1341930989906,1509.1434718633552,2938.3957622309354
12.955,2027.903958358245,1628.2109499543167,2470.872672294957
12.977,1887.2001348777303,1415.4246747043633,2644.4900294921335
12.977,1824.9046457072282,1671.8817748330218,2915.2657051756046
13.021,1958.0046780760483,1634.969814630375,2671.866231260769
13.021,1834.517981959083,1640.0782358767651,2547.4403039910458
13.021,2009.0598797799507,1552.1997448217423,2816.8258742025646
13.021,2126.9053096864736,1663.7872279864632,2697.0908236344285
13.041,1912.4978997749397,1558.6108234933017,2713.0223865361636
13.041,1938.9871267669034,1530.7051080211074,2628.3102977518097
13.064,1997.4102036420466,1650.8660788549616,2749.291225739944
13.064,2101.1633103578747,1645.282703304732,2391.236281589288
13.084,1846.506342939635,1464.5598820012924,2881.192450171374
13.084,2258.3838479151464,1497.8518252744573,2882.4176815028304
13.085,1909.1320039495263,1516.2521861981097,2438.383206600688
13.085,1801.633437483388,1652.8478169448267,2669.5884213207323
13.106,1839.4150629107935,1644.5035526695967,2795.4693456163877
13.106,1789.4556319300282,1542.8711521264847,2568.064617227405
13.126,1886.2624424511969,1478.8825727601563,2658.8324229092846
13.126,2047.0595852659078,1530.750806573134,2366.19890835473
13.147,2024.8194606532609,1718.3075771681524,2629.71254987723
13.147,2081.457155483191,1603.0219068252745,2796.5896369158777
13.168,1997.5462149222524,1598.054494192631,2711.6665582604373
13.168,2079.166347058302,1459.8220868717924,2841.9932148175617
13.189,1841.067622473246,1669.261828018597,2861.129661977304
13.19,1805.6921888654124,1638.8318005518097,2584.1923184810325
13.208,1594.3217946322782,1619.99183765307,2518.509199709035
13.208,2070.4229743678366,1616.502402232215,2914.977743565352
13.23,1874.0687770908876,1502.2207096471122,2855.969248248883
13.23,2120.203516052513,1484.7187253695968,2651.2055077147243
13.251,2121.920996420896,1558.4786549450116,2619.8672433641414
13.251,1932.591444035851,1621.2861807335707,2782.374113070333
13.252,1940.1220835074191,1478.962224849289,2420.356534474554
13.252,2009.004593354026,1472.3188247625355,2757.9404981055454
13.273,2044.504488897454,1649.1876832782418,2858.67706751683
13.273,1935.636066553986,1486.2187479160111,2642.244283076876
13.294,2184.8120242342247,1552.5147057395484,2880.420320857219
13.294,1905.1537816284583,1586.6728074658545,2462.1840289547295
13.316,2035.2291050416889,1581.9637842054312,2588.4154179387237
13.316,2198.135404873,1451.9556248761596,2795.32311413591
13.337,2343.012897101686,1735.155875999398,2714.9469527417705
13.337,2100.036819525206,1560.4872594650838,2666.302737701268
13.357,1925.2499272485215,1693.5593358628491,2422.94924229498
13.357,1952.7247881469293,1456.622943131873,2798.488882957473
13.377,1961.7756299490945,1626.5696489536053,2709.224787364619
13.377,1999.2363843308844,1483.174651771298,2580.259964226943
13.399,1906.1020685081542,1783.1831907343594,2396.7945604542306
13.4,1976.4522187842317,1746.3353237923054,2766.610829477304
13.418,1907.3700907157277,1609.7211351139792,2657.571793014469
13.418,2279.442746714231,1494.3794458889768,2648.398513925005
13.419,2020.6455036900797,1664.9445790090344,2546.934973181741
13.419,1993.8986264474515,1538.571360250474,2446.2086477676316
13.439,1731.2963947087453,1554.2366732408982,2406.350426089347
13.439,1921.340511310683,1498.6231861402587,2786.542996787964
13.461,1933.9473326868833,1620.790513145346,2678.246648523122
13.461,1839.3980753077308,1688.1830111267961,2759.2753898277333
13.481,1851.161476021105,1537.3727978003615,2465.3896966499215
13.481,2007.0223287558317,1558.1080592934102,2729.300441739412
13.5,1776.742877833265,1594.9150669650396,2605.5688258306595
13.5,1869.3357225484228,1550.1912871092932,2370.8454420424914
13.522,1969.901305701772,1644.0319379496054,2630.199333607393
13.523,2066.409498435504,1477.5098612080187,2571.9659402698753
13.542,2034.7187072419083,1585.6930853561,2640.0068765308665
13.542,1951.7141840626168,1495.5337014340394,2770.482418893303
13.562,1936.6743123689573,1594.2652560915615,2538.9203085505264
13.562,1948.7645897665195,1768.6071989748364,2771.4882028075867
13.585,1910.9219984159638,1532.9731728995052,2550.623505481981
13.585,2054.111473855761,1505.3507147223272,2729.809667481425
13.585,1983.2264465755607,1598.223782581622,2823.885889673889
13.585,1907.0404262298025,1506.380511242307,2607.7378947399784
13.603,2140.1578692201124,1730.7885345279474,2640.239043799784
13.603,2007.2448381919887,1550.611109114428,2449.0157356126792
13.624,1881.8215071168095,1550.259988291269,2659.896211705016
13.624,1907.9488054635726,1541.038425895436,2730.6707815360933
13.644,1899.1066604354053,1462.0456254095768,2876.7520074415374
13.644,2156.288348677048,1426.269969931549,2452.8360215165935
13.664,2127.2713430223434,1689.0829005950918,2716.630897540482
13.664,2045.879799143759,1396.9909690859606,2414.36453613754
13.685,1854.326414735337,1531.179267587536,2800.3774296888655
13.686,1981.6024419475068,1697.8468788059083,2726.543461244865
13.706,1983.217344279424,1535.2945090166452,2684.2827802793586
13.706,1893.065502737632,1551.2818189778343,2391.150586005574
13.726,1890.2776941743466,1663.7084614660605,2610.3908330465747
13.726,2104.557447902869,1696.0925905870452,2309.797647555016
13.749,2108.1692789649533,1708.91974821134,2837.436440868823
13.749,1983.7474935280788,1716.9779557454838,2605.435572026553
13.749,2085.0159745513274,1481.0267700605189,2591.636510684167
13.749,1931.2477891061849,1656.4928056230794,2711.932710063464
13.768,2084.6424234789083,1766.3325057246986,2460.526927199187
13.768,2044.5673279753034,1603.378169431194,2486.4510527713887
13.789,1696.5635885904726,1650.0576854806275,2777.6544324984225
13.789,2038.0890713333501,1696.645722335202,2725.677104211078
13.809,1925.0395681365826,1612.6327011814192,2499.64940838046
13.809,1805.5654027350379,1457.000244576275,2810.522533246789
13.83,1950.041877739549,1595.1768630980025,2548.33766476939
13.83,2029.7240123584425,1516.0548139389743,2568.277544406833
13.851,2006.9461239470004,1469.2342702524736,2389.2773876658785
13.851,1864.7476685637735,1680.2920229347553,2333.3288874809273
13.871,2046.8602677279455,1749.4586556928857,2591.1864544499613
13.871,1794.0550616733221,1774.4711005081904,2723.5365270098755
13.892,2077.145886868953,1618.2556024065439,2829.2890578868714
13.892,1968.8029886367278,1606.6575702718253,2917.748759030863
13.914,2025.9366283698678,1602.0861526435078,2803.3959068697022
13.914,1870.1512223260495,1563.0178069308372,2634.1236195790643
13.914,1893.1835121574813,1589.4853375811476,2767.207024981356
13.914,2086.8782586261964,1711.2781625737239,2595.197427893066
13.935,1819.3820285920917,1440.5037152345353,2567.7517159172844
13.935,2129.7342981103816,1465.1132485774463,2651.2060545419563
13.955,1955.8613988843524,1597.053454461156,2695.077689026972
13.955,2123.161917724649,1593.5632079188745,2655.9336608671238
13.977,1946.917746661213,1583.2015304641498,2898.3738378326316
13.977,1864.7514230071356,1620.6817504390103,2433.876729830977
13.998,2176.283177042215,1524.8237721019555,2878.946116748473
13.998,1862.3554768002655,1620.2006436163513,2447.1397747892647
14.018,1983.2821746558386,1678.0807536282032,2393.956930571013
14.018,1637.7645271686863,1607.634462353027,2806.654020364653
14.04,1953.1123087818353,1597.9691316812598,2579.8351174523923
14.04,1925.010543883388,1693.0878612001313,2834.565501389649
14.06,1957.4497459420072,1543.7823018257695,2967.5615224568664
14.06,1967.6965376018895,1550.9708043228327,2652.1612388694357
14.081,1781.0021625656484,1530.7816403102383,2907.952216876501
14.081,1978.044059985532,1652.6158837713037,2733.1073502586696
14.082,2033.2360525918639,1568.0564090557561,2853.396117304438
14.082,1996.9426953243012,1636.5194929907916,2805.1643914539345
14.103,1843.63411928346,1539.6687465829166,2630.6379325806965
14.103,1991.2793782368183,1642.3363324070453,2890.619997274599
14.124,1822.0587244744565,1445.4796370629804,2630.934777800367
14.124,2008.947297616213,1779.352601434812,2699.7956165718715
14.144,1913.6476591912478,1561.8808791587069,2330.555272958688
14.144,1830.5086364650588,1684.5928879564426,2564.6826771876913
14.164,1882.706970731083,1591.9848854640584,2828.2411737449784
14.164,1880.6637866677224,1721.8273678151654,2750.3753300990043
14.184,1867.066111699303,1671.2953919509175,2643.1763664164364
14.184,2031.1491314293664,1689.5814548663127,2575.7396244470256
14.205,1933.9005679832524,1577.3713103021407,2687.2384510538623
14.205,1998.041120448996,1722.1211621500286,2581.875989840941
14.247,2007.0172967996014,1465.8575182341,2737.2049352998347
14.247,2231.8229489115624,1459.823900055096,2827.154615265455
14.247,2091.352750298,1793.8251072384899,2552.455679461845
14.248,1723.563130970496,1669.0174767732287,2682.263210961515
14.248,2063.9274154996874,1566.4332126105496,2400.494779751695
14.248,2226.28906634213,1590.1984978785194,2648.0791335487925
14.269,1840.4819837503476,1571.5624727440256,2776.9144735454006
14.269,2213.245939548307,1603.0358783136023,2579.148949705185
14.288,2168.6537418732273,1496.676832668389,2823.291411038993
14.288,2044.8613601696663,1718.5723123199507,2735.2836250490136
14.309,1940.229823753107,1667.4886937969816,2664.100470970438
14.309,1923.8947607341902,1501.8689285561393,2706.0528591247967
14.329,1699.713836230353,1653.845231806474,2671.56116670215
14.329,2057.041771050779,1624.230701854275,2906.5925300423864
14.35,1957.7616635971935,1697.3017396602365,2467.331245988395
14.35,2075.7799572067183,1566.2912173443626,2619.6371723523007
14.371,1719.0991454969758,1695.45514420676,2481.1153060178967
14.371,1864.0043387541302,1625.8915744360122,2481.444091374502
14.392,1919.4375956625142,1718.8660753220709,2622.982124842324
14.392,1910.1207234540313,1509.9008415600056,2511.4796513511687
14.433,2163.580170223592,1456.269690635753,2261.7453582972703
14.433,2010.3801462586637,1706.8532054245622,2523.106361173211
14.433,1933.4890060299495,1622.0522902699167,2813.236225211541
14.433,1958.476452774491,1537.5157092040565,2669.357170956348
14.434,2214.8148024234024,1524.33342822089,2438.2118848038326
14.434,1999.7349099534208,1546.571420203102,2900.206451568082
14.454,2055.333221996728,1452.7742079684883,2257.211446102624
14.454,1856.8267949749638,1623.1224594319772,2514.1920643935555
14.474,2168.0274742045476,1638.1812845978843,2888.535307480361
14.475,1842.0081878983156,1464.7917703496066,2572.7330517644446
14.495,1805.1368581334866,1727.5579864503586,2808.502989729457
14.495,1870.4025723631353,1627.4176950956403,2596.2609357956717
14.515,1923.325887384805,1604.5717821600585,2596.348204849011
14.516,1918.9206428313705,1475.3005176537652,2674.962680703961
14.557,1958.292483525295,1673.8877371290207,2696.842883490797
14.557,1929.2677623569198,1551.4980019572035,2712.1023023453904
14.557,1942.0424295804721,1360.2889769232322,2674.527551983089
14.557,2121.9871770926607,1529.1929971068073,2712.538118693304
14.577,1886.0471940848454,1679.1772387423364,2770.222622431355
14.577,2157.536816115607,1711.9795594990767,2688.4080710510802
14.577,1978.6770828752017,1618.6103794954888,2731.3129960711585
14.577,2128.3486578924562,1601.9910431735204,2635.650547856389
14.598,1882.4756835661199,1629.5913245603792,2528.913092889608
14.598,2078.920140884946,1645.9489068077896,2622.1271498874685
14.619,2179.19657255822,1448.5367694565582,2626.5487862149894
14.619,1959.5854564542078,1596.8761208302935,2734.816497765621
14.639,2147.202660175411,1641.515019957779,2668.3576808415146
14.639,1945.2722394739264,1759.1358065442264,2564.057470582561
14.66,1807.3766652416443,1544.3436579876454,2638.5040954428155
14.661,2033.3517350459704,1745.7657145837534,2689.49596284173
14.681,2112.8185699639967,1495.3124668871972,2902.8433650377856
14.681,1909.2859229991304,1616.5634527439795,2779.6153726866255
14.703,1903.338383934228,1485.662485724211,2524.85057612579
14.703,1938.5017746561025,1609.733736614383,3024.1612741333975
14.723,1898.4982983619088,1605.995599064039,2449.060202690765
14.723,1856.6202598308712,1502.9546637119236,2590.8721523956247
14.743,1773.9590892836845,1428.9934441517635,2685.392782200982
14.743,1881.1423257540696,1749.4259811634356,2632.4538016995293
14.743,1968.5010155439008,1515.1405007352275,2597.1661421486306
14.743,2024.5868923148146,1559.3676519895741,2494.6320727595853
14.764,1877.8201439130025,1706.0082945977383,2930.2004000235165
14.764,1986.9182353123194,1666.719460578399,2644.332765753378
14.784,1904.2014636486513,1532.5657884119496,2701.421843226478
14.784,1965.8650698640063,1706.1815347694696,2895.4299406069204
14.804,1861.251584197572,1490.0054097810605,2533.4527568731064
14.804,1976.115339958735,1584.740462075678,2713.0645468316225
14.826,1864.3330547555984,1636.7184148988456,2573.2455918062665
14.826,2045.8602346670862,1830.5038883433765,2883.876740374245
14.847,1985.3564790264536,1636.5857512779396,2354.933897538752
14.847,1997.6362851775673,1566.9142460065138,2394.2383921250707
14.869,2033.668063008225,1522.5521592750595,2445.2903538446812
14.869,1885.5381504969184,1416.540785720651,2648.473355969171
14.889,1778.269962714021,1713.6181568604725,2499.251845946816
14.889,1870.0902395917278,1473.3956908289856,2568.430643169007
14.909,2022.077115819895,1422.9695067923349,2604.7642482381857
14.909,1913.1122434350427,1501.1299900181996,2992.4254297432512
14.909,2051.3119367299964,1668.4713510503047,3172.309393640188
14.909,1854.562544787563,1730.396852533312,2800.636552340141
14.931,2070.283144038887,1585.0306218323049,2539.3008865569195
14.931,1943.691755943625,1558.552134458982,2544.251840620727
14.951,2078.4743913683114,1582.7815597097895,2656.590673705417
14.951,1824.4694917576342,1743.4704111405035,2569.0592711545437
14.971,2005.5070941689612,1721.4073745611593,2841.5045773687743
14.971,1878.976326721222,1580.0414507598869,2549.535203095943
15.01,1948.7185047904456,1683.9689461059347,2601.778893641395
15.01,1903.8911687710697,1533.7572132070823,2702.886274963082
15.01,2315.5859397110207,1649.6728170669955,2651.203764448988
15.01,2020.8897795604958,1537.7262036319576,2845.1703128018576
15.028,1987.37344575907,1651.0109191709373,2525.188485181039
15.028,1899.6841200990016,1607.2565473592115,2660.580952813611
15.049,1977.2368781566443,1585.0204461613855,2812.077477454956
15.049,1805.624555886876,1512.6144830067042,2521.6617643385584
15.07,2029.3785944958088,1508.3428637400352,2571.125432626912
15.07,2008.9341375748425,1473.9345286708822,3133.8879401268314
15.071,1778.103891624658,1675.6463744627006,2353.4443579920503
15.071,1966.1067819705527,1561.8280648885382,2189.962469495624
15.091,2107.8277207665406,1642.8923203494016,2524.3543852883518
15.091,1894.1711628611945,1558.8012244771166,2664.5096328050463
15.112,1954.1342715497572,1702.3288451701242,2505.317397548999
15.112,1905.7124179162215,1621.4420223422926,2271.210655326021
15.133,1919.9091331338877,1626.216583969975,2641.9575095679065
15.133,2164.444718803241,1702.5644541286983,2667.513462339856
15.153,1893.7582538515205,1440.7992979986138,2977.0650510091887
15.153,1779.9766917537868,1701.0258521921685,2399.602863400179
15.198,2033.5060084857769,1516.809819053056,2467.292544499676
15.198,1964.600143672433,1503.5808573882568,2673.538653439766
15.198,1798.6066993845034,1546.9246153384363,2546.682016146808
15.198,1810.648620263833,1430.0887895528952,2686.809665123478
15.217,1952.673116703586,1556.0958664601699,2370.4776348807404
15.217,1838.4977997715341,1634.6758284563937,2497.622551100971
15.237,1864.0367707553262,1546.2837200957106,2510.402112675524
15.237,2065.802273179592,1513.4857602125824,2599.337139346361
15.237,2128.741710408593,1591.6611808311714,2520.056715795852
15.237,1912.338061165442,1631.3580590629551,3119.4448621517786
15.28,2066.2539485987,1534.274080268516,2888.532493032438
15.28,1823.0618686891994,1605.3983827622667,2466.6497650999463
15.281,2031.9959573509125,1563.403737669711,2384.3079414153026
15.281,1840.0028808943707,1506.66083923341,2645.185961822961
15.3,2004.1029376378783,1492.6451867607186,2916.478399248086
15.3,1991.898163197537,1569.0170263973146,2553.048540047908
15.345,1756.2096669616135,1385.0217788969449,2564.421763369524
15.345,1997.8962816589692,1548.0777363253596,2514.8695139908104
15.345,2039.5103048930555,1617.845346232518,2594.2350219566406
15.345,1893.3197153107676,1545.5677236957445,2355.0481564190227
15.363,1993.315864916564,1662.0442068701848,2728.5923718330355
15.363,2060.3569527768313,1660.2573584533966,2899.5155897206773
15.383,1951.0318135995865,1730.912338249509,2726.556826857197
15.383,1818.2819653234617,1596.9028451245401,2701.3855940504827
15.403,2109.528619236117,1743.2662081455403,2822.6456610990876
15.403,2022.9897102980542,1565.6033100419827,2668.6151125445244
15.404,1940.0681454641644,1414.3792386416917,2820.2472084902015
15.404,1904.60545121952,1526.6202176059458,2720.407579318501
15.423,2122.3537044872824,1561.6652240290998,2562.722620312966
15.423,2102.299456372583,1502.6312231135553,2321.366969000876
15.445,1975.0605336219903,1525.8629168506302,2587.9298565898303
15.445,2029.7665626873747,1686.6167321342643,2569.085442010384
15.465,2064.723807978787,1533.8262569865587,2574.2152046042506
15.465,1829.5432702968865,1460.1418917524009,2744.1707262419745
15.487,1956.915979640447,1647.1586702548561,2617.248162999815
15.487,2242.6872451690833,1708.4774532067686,2715.817462662591
15.509,1941.7904846911665,1552.501348775954,2778.7031949245365
15.509,1947.2071249795342,1538.8778649217777,2516.7573014818577
15.529,1866.7091605387338,1563.3295482272783,2603.77333087069
15.529,2056.117467578449,1623.4753738383242,2829.3562973724856
15.548,1814.4264904566066,1688.572305342868,2666.543637432109
15.549,1827.1713566841531,1733.2358049050636,2722.360330604616
15.57,1871.5543969474484,1625.1978591392476,2524.248206462814
15.57,1732.625593897933,1663.354586748306,2725.9134124765533
15.57,1920.8951821671594,1595.5440433012316,2675.852036600434
15.57,1830.9138320403,1594.2500025346615,2550.6335598562023
15.594,1938.4339167131338,1577.76934365225,2653.742241990966
15.594,1944.688277536865,1694.9383884784834,2466.106211658739
15.614,1889.5846388764583,1594.4643382619543,2647.9685776151077
15.614,2044.2133879435833,1689.1095153330068,2740.8586772705526
15.636,1952.5726743305984,1600.9119504699272,2516.2304604275837
15.636,2098.684824030484,1701.360018670009,2968.297129632304
15.655,2096.1360232630127,1700.4570520913062,2696.8691707274643
15.655,2035.280930321174,1542.2306263076648,2718.960997447116
15.677,1972.2649075530708,1573.4758295257866,2658.752286695462
15.677,1688.4244650231415,1630.1567039149231,2477.114512123198
15.697,2099.130959683279,1447.7039102058418,2954.5857186727276
15.697,1924.7710910798185,1724.8253060861011,2800.2694247346913
15.718,1856.4026231995902,1423.6115991045845,2565.059409675124
15.718,1832.2884091544063,1733.8604203575735,2620.967951882332
15.738,1964.5112709903867,1599.6626972179508,2749.2861928561892
15.738,2026.0163004824894,1696.613882055117,2739.4841000583015
15.739,1910.0465067942464,1516.2737867085302,2625.4172483830303
15.739,2100.621830999303,1712.6609429884904,2340.1734816110356
15.758,1874.0666569108453,1635.1863652851216,2902.8002045185685
15.758,2079.1516362424645,1717.0405934653525,2753.5050879695536
15.778,2064.9845751529238,1539.5449508275972,2726.3529938222127
15.778,1999.0803193307133,1547.5710783785055,2467.7497383247446
15.798,1709.6703696091722,1435.1393843440414,2770.3840454972697
15.798,2090.3109863652794,1558.3172869686284,2531.5049112236024
15.82,1909.306787962598,1666.9098839541514,2758.3461534375447
15.82,2082.024462169451,1694.2898220482296,2800.3408791914217
15.842,1959.8961546043859,1577.4589878632867,2545.7796152189258
15.842,2017.3608326095007,1628.1887018988646,2487.8678625239686
15.862,1988.1210765166497,1471.4323976539279,2559.611251878899
15.862,2064.0371369501295,1612.6226874332208,2654.4342032846407
15.883,2158.7193284571244,1517.5396216907016,2543.584445156602
15.883,2118.6078080883944,1563.0394021953825,2707.3002132280085
15.904,2155.9265659635553,1523.595363520417,2569.073294936127
15.904,1900.7259348992443,1644.8279929278926,2605.180920211527
15.904,2152.720881203315,1617.7891906851544,2626.908606539623
15.904,1813.8422182378306,1662.4919479309963,2781.2092684189083
15.925,2090.22208331149,1496.6562067802236,2659.731136470937
15.925,1872.2144327769736,1652.2338045598658,2795.5933670394
15.947,2057.8254716842994,1632.6011324640695,2927.306605119733
15.947,1901.659884986424,1749.60678086903,2735.8358805452403
15.967,1896.557844372135,1654.8746679569094,2642.919445471771
15.967,1982.7683715922662,1564.5714024062731,2585.5358776237986
15.987,2009.2427393352875,1692.6645050544778,2462.552142376369
15.987,1834.1987984512057,1698.6345226479552,2636.909537764654
16.01,2003.115355941309,1802.9891732686629,2787.9341378100708
16.01,2016.945064173571,1558.1107882672848,2656.534623451787
16.029,1858.3645319709185,1599.639047506651,2792.5852856610736
16.029,1693.4726495988402,1617.1814123394602,2596.387317670921
16.05,2186.396776633874,1512.032893763413,2524.4459023036684
16.05,1997.1877945736726,1494.3636461454319,2559.5984259656148
16.072,1927.8115004422577,1597.364323592333,2583.8665933077637
16.072,1887.3433079095525,1442.3320520063112,2580.4646448291446
16.072,1773.7705017993082,1482.1627998525826,2748.2616322645554
16.072,2043.190238145652,1700.0562582367857,2563.694571029135
16.092,2142.5001176017495,1537.3764389732041,2717.723750333063
16.092,1899.9919170670396,1605.957400468597,2871.310671629664
16.112,2023.4463912950714,1560.5215653700711,2746.731928883019
16.113,1935.1373322127981,1562.2310036419267,2659.834344381128
16.133,1978.4738831210675,1515.873799052966,2686.7199772523577
16.133,1866.9440214206331,1627.3908109419433,2706.7770885063564
16.155,1901.2845425709256,1669.241970858204,2887.450664562894
16.155,1843.3631250716103,1657.4883436078107,2542.801385369585
16.178,1947.789301009107,1682.4569550899553,2653.8402902379908
16.178,2023.372958707139,1687.2603084400737,2616.0692162340233
16.198,2019.578144025058,1659.1631612088327,3069.493143426439
16.198,1839.796573037181,1592.21498816297,2431.6478079039803
16.218,2157.537912770794,1729.8814198295997,2799.310969589212
16.219,1855.784238458425,1462.884433079511,2610.3739328244874
16.239,1796.3083564021242,1595.3309437985272,2377.286109983519
16.239,2074.18778964336,1612.9372595813466,2553.133199652422
16.239,1821.9297339661778,1376.3808489964592,2596.549553597895
16.239,2008.9400333686697,1506.619778148934,2819.278884118071
16.258,2179.4671714329447,1561.8955128386722,2772.471463447
16.258,1928.0467126377287,1542.1460561453127,2873.804372116246
16.28,2288.3875754896826,1553.9620157830154,2860.3139107795723
16.281,2141.965454873464,1638.4003204566234,2562.159198952473
16.321,2005.2316962903703,1574.1689946759388,2623.879933355075
16.322,2016.155282517466,1565.21714673514,2606.3963109534125
16.322,1727.5704352492858,1486.246083235205,2789.0489517965675
16.322,1953.7591640083565,1531.0121325303396,2718.4007172966717
16.344,2004.6958570947327,1480.260349444793,2705.0331893579814
16.344,2040.3791030785665,1724.540495118312,2632.555198716526
16.363,2039.9992128680149,1686.6138334849975,2568.741125901952
16.363,2050.4440370144903,1553.8037745446045,2719.973434634348
16.385,2019.0678378678015,1573.9575009767627,2674.565269743543
16.385,1878.304408539386,1631.7669343558068,2817.8914447704233
16.406,2064.1961307180068,1553.8359198085218,2659.4292004247914
16.406,1832.5130967937355,1668.6665743684748,2586.2527046818686
16.407,1965.513419456899,1650.3978121288603,2843.3409455354113
16.407,1816.1836299888912,1696.7965532932587,2500.9257079879276
16.426,1857.402468872026,1603.9907963282415,2361.1852347954014
16.426,1813.5737841527125,1579.9022134835361,2406.5780950153508
16.448,2037.5788514196254,1750.7666737780291,2729.272630823169
16.448,1742.306192696205,1631.894118522032,2612.555574363771
16.468,2007.3359600605163,1583.3976319235237,2752.1708451480845
16.468,1950.5672611862208,1587.8800988730916,3220.012796288774
16.488,1847.581533179986,1633.5421243644118,2977.427406345636
16.488,1899.5823390106955,1788.5882259872278,2900.695685282658
16.509,1910.3271358917432,1775.8092916811283,2546.4106213506752
16.509,1928.2599336966655,1561.092727891391,2342.6709538967234
16.529,1798.157730403333,1551.6182548736617,2839.5692592146183
16.529,1856.7163179105821,1428.4114429050264,2647.433175514739
16.552,1765.3675298563564,1676.5342965052982,2749.4514332560993
16.552,1807.9961885522503,1699.7205778616294,2632.694027488535
16.567,2053.214158316423,1706.388177075277,2550.6158437282957
16.567,2010.2735942922066,1509.2103729528972,2722.53969895263
