Time,25W,25X,25Y
0.008,2005.432287115946,1678.611704766521,419.27131294869224
0.008,2119.04281358953,1651.1718078561853,405.22983449051725
0.031,2028.8392236361076,1676.436223285892,414.1868707447596
0.031,2079.4978777272045,1691.5421102776259,415.5469625184363
0.032,2067.3963692615503,1644.0146302957908,433.238493916046
0.032,2067.3639766393885,1718.5241154254616,421.15660722137744
0.058,1872.6752986026536,1665.0779540740884,385.11725282716907
0.058,1968.1133688527134,1502.4389589701482,425.999071449032
0.085,2119.760571866223,1700.4415378079536,413.34035890755996
0.085,2036.9079103135468,1592.4567868388135,422.14394922778945
0.085,2043.2259025422327,1668.1910153508527,434.71980292733036
0.113,2183.213058976994,1721.5996827863446,426.4421861399197
0.113,1922.6768590077568,1627.9367555287702,416.2073922005162
0.14,2082.7586270981483,1639.4329343265524,423.10856295341114
0.14,2051.973170997471,1630.3598877314635,424.98834794223995
0.14,2035.5656127438067,1669.6752431057305,420.3693278884847
0.167,1918.8569481000231,1711.2504885298183,418.6519897065059
0.168,2104.101575467047,1730.94960118151,400.828434236728
0.194,2024.663614076969,1559.7569879443943,398.8703844402375
0.194,1998.960063264968,1591.9720642956424,444.56590356922015
0.194,2041.5705433551618,1682.793071475197,415.7277760367191
0.194,2057.72656326934,1641.850465079126,430.4372766549533
0.219,2059.359655845938,1562.9523980451668,395.3750086230532
0.246,2041.2701809852995,1736.7598428932693,419.2985954627272
0.246,2179.956412281341,1736.6708177712928,395.34462843579354
0.247,1951.3851978240777,1672.9467255783397,422.28947940780677
0.247,2071.938922546882,1780.0214738800512,416.94128184582684
0.276,2035.8817855914483,1552.6810718665702,423.1293076693881
0.303,1984.777555881115,1631.7487376727438,409.64871279501835
0.303,2030.1003682557428,1673.312623445174,405.577258028415
0.303,1956.1599628064039,1612.2487236109873,405.08236703670946
0.303,1948.8859002553813,1624.823970456673,414.4187837356679
0.33,2003.0372003872255,1620.9002710462532,416.207010753859
0.33,2112.2502730126193,1735.551788635509,434.68742932674076
0.357,2112.6492801212667,1598.5504443369862,438.3769715243648
0.357,1992.7862796797626,1620.5690180897545,413.8661513468198
0.357,2153.2164039620825,1581.2285622233867,448.1379805117265
0.357,2081.903735734466,1632.2873605170169,387.25173055625703
0.386,2077.172980133648,1771.7037952907658,407.33194858421115
0.386,2091.1713787035724,1672.3684129268056,424.465251192868
0.414,1995.7354711781472,1632.354273309622,391.076653093782
0.415,2053.3928666698575,1581.0402937388799,397.5471733121593
0.416,2125.396563346311,1617.2802536234965,431.87810406592445
0.416,2122.8651481376114,1731.0162181099813,452.8042961384841
0.442,1898.3090322588023,1644.999231018635,412.1299260831614
0.442,2072.9341584808762,1572.9693656563704,428.06841903795583
0.47,2045.3702736050768,1634.2105436901184,434.7024512974182
0.47,2090.9899599256687,1602.319787997702,400.8138427409588
0.471,1986.8845068218218,1643.2571278675816,396.07508565676295
0.471,1963.1786826403977,1665.0570009824507,429.6957355160302
0.498,2187.4052819049816,1642.6577190662742,433.2923704729993
0.498,2076.684655328939,1764.9982192857933,435.03159907681277
0.526,2135.6920432145334,1651.904292992776,427.74146557394494
0.526,1921.7079934919095,1570.1730345642948,396.1411447058998
0.526,2090.0488614006495,1653.2898958736514,446.6787275881625
0.526,2107.814059259209,1770.1376426096028,423.815284457911
0.555,2039.7289918450626,1734.4273702187368,447.12825985059663
0.555,2029.4549254528208,1561.3470681974034,421.64871637073344
0.582,1960.3274057761453,1728.8830350007295,405.05459332083035
0.582,1927.318780701985,1553.8241872871681,400.5681935016875
0.61,2061.8303250296813,1690.5045608602775,393.89116603558193
0.61,2046.8477936822947,1699.794510942544,423.3635863069124
0.61,1990.0798162476528,1625.3406255374264,436.2119206623821
0.611,2073.3318317101835,1694.472472544776,435.93183404144605
0.638,2036.6201829861518,1564.137863079253,403.721965129586
0.638,2078.222100557149,1576.4936459221803,410.6356332819107
0.639,2131.081381115698,1491.5678345457263,414.30536975271303
0.639,1940.9750142246137,1612.4291255734283,441.7818389763344
0.665,2095.6237114534474,1606.7460601866426,438.9054949103131
0.665,2096.1937225611523,1619.1264000496399,441.64970342276683
0.693,2125.1284916054615,1614.9851859038645,422.2432449258215
0.693,2018.301292600068,1675.671326289934,416.2949707712135
0.693,2051.520242328254,1610.3025202123142,411.58044409844166
0.693,1909.8479585883288,1616.1237680828042,425.08908548963853
0.72,1983.8031861662241,1788.1595046232717,411.0835307450851
0.72,2078.264517930564,1754.200066454412,438.8352986093022
0.747,1960.0080310319127,1719.8911247429523,393.052393339243
0.747,2034.4636881953927,1691.833570425208,381.28012683200654
0.748,2043.2891347375603,1720.8867325079996,419.6196224638151
0.748,2133.489110171637,1638.7233455144287,399.09037909152073
0.775,2138.927340755436,1706.760075181435,414.31311994120375
0.775,2037.7897479692272,1651.4222363108245,418.2983220483077
0.809,1923.194436003924,1668.968306650933,406.88172999002524
0.809,2115.309851132612,1750.7580465180445,411.4943485985552
0.829,2073.030966654853,1789.1254710704916,420.52295419613085
0.829,2179.801572514651,1584.6559277773567,406.0049108728467
0.829,1997.965858189158,1604.5730680861136,409.4793797816199
0.83,1998.2103535334618,1660.8321596517715,406.9231738143993
0.85,2036.2555496241916,1673.296347751513,411.09720415778133
0.871,1988.7737658996762,1689.0120707496824,395.054884609549
0.872,2035.3490798016576,1611.8863674610507,396.91865315232565
0.89,2014.0379031068635,1688.8175045564979,414.89668952180733
0.891,1972.6299663686111,1652.688253626087,410.17044918278566
0.891,2045.0224251750633,1670.2212501786626,403.73539883181206
0.891,2184.322354321645,1601.0299828814616,414.96329250177456
0.911,1993.1760224108398,1689.779000364888,415.0042841289728
0.911,2117.2049898050177,1677.436422987275,395.81318637371845
0.932,2049.1477284998346,1710.3120922744329,433.3073884410371
0.932,2071.4896537922054,1736.5587210683661,392.5448414825898
0.953,2044.0154270134108,1607.6416420537405,409.83486822832805
0.953,2066.9656358772213,1693.2006289087446,409.2293316027667
0.975,2000.3305403876063,1670.7039757139562,445.0516326097507
0.975,1960.1614849674681,1705.2033412960666,420.85568773787014
0.996,1870.1189014350646,1723.8956415293117,426.3373321657633
0.996,1947.2364643550043,1579.8700305295308,386.5514415892538
1.018,2096.827099812986,1672.8710271702835,429.9912381966062
1.018,1978.416386448116,1606.866331646586,419.0517479111904
1.038,2080.644233353466,1672.9544707265143,455.594203288967
1.038,2198.117447767974,1680.7598028471764,434.7537687191891
1.058,2074.76494848766,1592.1729061690573,404.4586711618528
1.058,2109.904126547745,1656.7353565467658,434.9357302147709
1.059,2061.302106082243,1552.854938406931,437.06909604055375
1.059,2026.8316811131028,1606.4122701407346,417.8352178103628
1.08,1928.673590938733,1592.1163722131564,436.50798761425307
1.08,2046.7281479165715,1643.0829570263566,405.73474888963995
1.101,2188.3950724029733,1681.5997979098918,404.12312209479364
1.101,1943.0702955861345,1742.5937595693397,425.8741231376145
1.122,2019.8918833928612,1623.401533387272,428.02722726932956
1.122,1957.0522432607233,1697.7624173083004,414.9535433686256
1.145,2118.904835581601,1665.1963259896036,424.1119671796466
1.145,1959.199579331926,1644.185319878632,433.01755719100936
1.164,1938.9172647739267,1602.8574430605408,412.4529261027635
1.164,2059.5193777193217,1667.1365148338598,429.9172217060152
1.185,2007.3700991781573,1661.6646675529776,452.0841507924255
1.185,1880.7811484696363,1695.3137714693555,415.8351301456296
1.205,1998.2095548447696,1494.0278190265913,426.42708976717455
1.205,2011.1407178996058,1787.4902383358444,441.39341693055667
1.228,2148.6457301077103,1654.4854686210485,443.84389676220724
1.228,2062.2616648180933,1694.6100712185748,420.18867357073015
1.229,2054.932756300785,1719.9687295372432,416.4312656028522
1.229,2059.729514828819,1603.6305458346962,425.7731951174098
1.247,1985.126290803514,1596.7010591391777,405.3220690069147
1.247,1961.6595052444977,1652.854913667752,415.4505761813519
1.268,1984.4205194103517,1718.8176227707684,400.5394896209473
1.268,2065.600657862964,1742.252107587677,389.89962326556036
1.289,1996.2634898253825,1675.703289658235,407.9345086990324
1.289,2071.0037779373533,1630.356120506787,412.63801560729036
1.332,2050.136846667351,1642.6160059435651,410.2324395880893
1.332,2142.2113572785966,1680.7888112298428,427.1760740818092
1.332,2005.6207004977764,1626.8798306695662,407.0564438361414
1.333,2071.2416378732023,1677.7866406781677,409.35384707807304
1.354,2028.9640514471132,1730.8065748343297,409.74954063942727
1.354,2153.516407161166,1689.13399470801,378.81783310193805
1.372,2064.2316372849723,1560.367305425924,406.3645522839295
1.372,2004.0043078403426,1591.4396919804403,407.49730459127164
1.393,1877.3555582227648,1722.0567476301667,410.47982054145933
1.394,1911.4340468934263,1633.8323662100413,423.63278148480634
1.394,2100.1658994053823,1625.4897363751652,404.0008400240511
1.394,1935.0163636271413,1645.8895642464538,416.15227132342227
1.415,2092.987274776754,1621.020044240371,411.874533094036
1.415,2013.892931352601,1574.027551497476,417.25575067342345
1.435,2127.857198619414,1632.5977852185285,404.3983526546738
1.435,2099.079194999976,1710.6432023604007,398.715181621117
1.457,1901.3231489968841,1591.7669173675604,439.67656198508763
1.457,2096.8551672093436,1663.0247157925846,414.1719533523646
1.479,2017.048956304583,1577.0173572104566,428.49721758096257
1.479,1985.6086148042548,1688.9782557943731,450.4820649769543
1.502,2046.5795448548406,1563.9486727259994,402.4101606633233
1.502,2030.826613236627,1655.9185821808826,428.53132095083873
1.522,1972.9443634300885,1648.7387727225607,421.8428964592197
1.522,2096.378589448115,1652.9345317487598,404.708148828369
1.542,2097.022349660198,1627.786562384723,398.61274706086675
1.543,2140.381761039741,1652.0851392396617,414.3091130831001
1.563,2152.7142319585755,1707.9244839153632,404.2525504355061
1.563,2063.3051913641916,1731.4390730642783,458.7201861341679
1.563,2086.4028695545603,1639.2718647659526,421.4342336706576
1.563,2105.193361775378,1750.755568446231,417.49301024585475
1.584,1991.5540959278753,1715.5341476869635,444.97255060580807
1.584,2135.153254377105,1794.8614904645208,433.9909339364232
1.605,1987.2276247737893,1737.9729048957447,439.2292187623132
1.605,2025.178110137817,1555.4622875780815,391.69572896067325
1.627,1944.3179482609817,1605.8120757876945,416.13375364135214
1.627,2087.1856056798633,1743.4281230283373,402.190634770518
1.647,2193.755379103542,1656.9532972403183,426.23133239178827
1.647,2027.9383725946868,1621.9126503354037,411.0352374603518
1.668,2040.7258511045738,1623.2101398331415,409.5508565990782
1.668,1984.52846173859,1708.5659346286573,425.38653487135923
1.691,2113.468217792808,1649.6648531820465,411.30975080221145
1.691,2008.6655432392815,1614.9867727515996,399.51590609851513
1.711,2034.5907378118982,1687.4712208571177,416.64693355325204
1.711,2031.7788899141713,1671.9475491126436,403.0147089055762
1.731,1975.734724659062,1578.1775117664572,419.6044125040249
1.731,2059.786953461096,1679.620713590155,414.4839401273454
1.732,2016.1484536800028,1589.7363902554214,410.1513473649604
1.732,1981.2186037151744,1596.9513154352871,422.49628618500293
1.752,2123.506553952457,1642.766688156488,392.67527227191863
1.752,2021.6189703024634,1749.7330084064222,419.1932233022939
1.772,2096.536850754644,1626.0888191901035,442.25269402583734
1.772,1966.2802606279931,1645.3020115360596,398.91328141071415
1.794,1987.194279163381,1559.3148121247866,417.0700441012911
1.794,2111.7085631307427,1673.3820936041475,452.20868688685016
1.815,2038.9066407125824,1660.4091511517906,422.60643136430735
1.815,2101.2529143497263,1715.1960541422116,396.07430751409663
1.837,2017.3511894280748,1692.8584283907278,414.9802984368579
1.837,2119.048271978674,1679.0712899700295,408.4337895079459
1.859,2044.776325584118,1561.8703796302775,419.4354714895795
1.859,1931.880101272012,1624.6266305759007,389.9375450267649
1.88,2054.307388730746,1704.727388995335,408.3178465025294
1.88,1969.3659789610751,1663.34395580851,428.44749757158183
1.899,2027.581314635688,1625.3289363119914,408.40447402087636
1.899,2105.5701589658597,1698.3481881557975,404.3535269706868
1.9,1926.5320201229886,1727.7069186148244,389.4754709813687
1.9,2012.068204987392,1627.3212732658508,419.8068187465275
1.921,2051.5040214069513,1603.710933108656,424.15828795062606
1.921,2099.491129563082,1633.447007773877,433.9637226599548
1.941,1955.3329341015176,1656.1034968392448,393.99194826658146
1.941,2157.768063613147,1567.0435976534447,404.2770156096793
1.962,2095.774937169364,1741.5435476745731,410.1554878928983
1.962,1959.3011424373394,1574.487581135223,381.13190822354187
2.004,2027.5225120918146,1550.9098068582489,428.54060225518964
2.005,1977.8680880741065,1711.1282201195036,418.1547418340956
2.005,2078.5923466465174,1594.7886545326323,437.2573494718778
2.005,2152.959246467461,1595.532471124563,402.9161969424629
2.025,2068.7856295515626,1606.758270429289,441.68809749760226
2.025,2101.2198356075123,1609.238417453662,431.7779332729221
2.045,2003.4036279620136,1672.5404365509614,406.5727744961807
2.045,2027.7213007982307,1653.7504310441614,422.9140578500034
2.066,2147.110946418381,1705.852408706969,407.28017927264943
2.066,1915.2992260523397,1618.1231041007532,393.4834905145227
2.066,1868.452863169733,1667.2130839140173,414.422390579324
2.066,2138.1823784542335,1581.249979083665,410.95269807922136
2.087,1996.599778300596,1714.8851162231554,413.603562091249
2.087,1944.1160956395722,1767.0225677292842,421.2026761287843
2.107,2039.2027880141848,1599.6790709945637,398.5719931383284
2.107,2112.002267378684,1636.5663790479236,426.47850834308
2.128,2005.8320367528256,1711.5888030826409,406.0443191505597
2.129,2024.0468226766031,1674.0603586069285,414.1836169318543
2.15,2063.1428945579164,1673.1759740810885,426.95916479787564
2.15,2002.7177997747112,1707.3630616543203,443.5926217542216
2.171,1978.7105184838479,1600.4407646244756,442.8419057551063
2.171,2073.4688054468666,1605.7069660757932,402.85010913712057
2.192,2059.4256617578008,1690.5036236987762,408.5983307185102
2.192,2034.932623454926,1762.9359154480776,428.5706402986266
2.216,2045.552061456401,1703.3528510031554,397.52442780689375
2.216,2050.1142251110846,1647.2743241000758,389.8182050873661
2.234,1970.1586934950576,1688.1097041963546,405.2605269149784
2.234,1987.4452602149481,1639.5346003280533,385.5020050056267
2.234,2188.7549659558645,1792.8879372161653,436.70469551454335
2.234,1917.5816028279087,1458.325795999319,408.1246843965903
2.255,1918.1388058518535,1634.080777230467,431.7486252345219
2.255,2028.133767151666,1668.4751761542254,430.4854185436765
2.276,1941.3469479718567,1661.6353952720024,389.79777890014464
2.276,2058.6343553501474,1624.7340404554504,416.9853610874668
2.299,2067.8725855214702,1697.7272394250563,435.290311039172
2.299,2049.4285008696706,1639.5669205582296,415.52887481394265
2.322,2109.3129144327577,1687.1930258443754,411.84736736456193
2.322,1906.2640628176903,1773.9392258239018,411.27023505981833
2.342,1938.8403906445299,1557.7001758636484,424.85915501491013
2.342,2105.189624537981,1645.5057813087456,437.8110535693006
2.385,2184.5158620619018,1665.2152355859703,420.06971063257595
2.385,2110.0331061748307,1665.8548397296195,422.08338861289917
2.385,1993.3567624024013,1620.8440905815846,412.0543326583968
2.385,2176.2948447955314,1713.3243319080134,398.53924603855603
2.406,2036.0722593126773,1713.2616442161102,392.7608198880688
2.406,2097.907119718585,1562.2773869161,433.7130287623751
2.406,2055.576951811596,1737.3330064269414,410.54284115419097
2.406,2004.6802507269272,1681.7033781951384,435.72110860863313
2.426,1869.8858623308145,1630.813421884072,399.54175160769864
2.426,2120.5452181910405,1638.778570221526,394.02387038669065
2.447,1940.493195461549,1668.1584775476872,419.71534187586127
2.447,2061.88758374922,1725.9252425416685,428.08279084246146
2.468,2080.4402320843824,1583.4893374422945,429.5483968474781
2.469,2064.239005700986,1667.4850199490845,416.80320289119754
2.489,2164.8471610491647,1663.7430029388104,413.1520111478289
2.489,1989.8682980764027,1710.314981080818,439.3120146111613
2.511,2148.2969839409543,1625.2878626287825,418.7439109980108
2.511,1922.8698445891798,1715.313449730669,442.25551843552097
2.532,1970.2599280656173,1622.2786091012586,425.43125988711586
2.532,2046.6434968541848,1512.6071766655239,416.46823745292755
2.553,2179.5844339757928,1616.1102646682152,414.1901820578431
2.553,2102.039119072712,1563.1610109278254,413.31468959538927
2.573,2033.1573783218575,1642.528846111447,442.715209102186
2.573,1978.9780712037089,1630.6934745621568,397.07682696148163
2.575,1932.2361591776587,1724.4557387384793,422.4977397086689
2.575,2102.6151957431944,1705.6595865050008,384.74968143422296
2.592,2029.1813597341027,1613.3860428805363,430.0336036313168
2.592,2021.0487974336686,1687.5536104843559,391.98732540033075
2.614,2173.1339356003105,1722.9344727006564,406.5819763397845
2.614,1900.2778729226384,1758.2464083188222,436.2380171413879
2.636,2020.6571291847115,1691.7304869103325,434.4966971028625
2.636,1985.8096315549099,1674.379473922666,415.0659647668988
2.655,2121.44379783007,1627.4673586177237,444.28232269145303
2.655,1971.374385636914,1673.9161961813606,418.9309267201163
2.676,2012.967916639292,1579.3900321603778,422.6082622784294
2.676,2031.1572014504013,1627.6227425626128,430.6163201347831
2.696,2107.3316943227574,1629.681017638488,401.1339986193007
2.696,2075.0541260737004,1752.2134324480098,432.0212444595907
2.718,1946.545917013351,1619.169843103119,441.05613113650185
2.718,2050.483894840149,1655.6932284315917,426.9493593207423
2.738,2045.421724243544,1658.909975449732,424.92992342735613
2.738,2123.944357053779,1597.9167647105855,411.74241727055
2.738,2112.7953311379656,1671.749469361356,424.50721597288884
2.738,2051.2184634512414,1714.3747025464186,395.4743100355801
2.759,2124.7296924971824,1736.0780698215012,415.6674731127772
2.759,2024.712470383581,1672.6740607371876,405.39748590077176
2.78,2023.100086334306,1642.2429363691513,384.90780273754683
2.78,2055.5817645234915,1685.3356539643132,430.0599440564934
2.801,1942.805337013334,1589.1788638253097,407.1570016504315
2.801,1956.5333429402353,1640.4862418669825,422.1647172601062
2.822,1935.654838895414,1774.5582073459518,413.79485949423963
2.822,1988.4526813084997,1647.606325721739,416.5562373876146
2.842,1975.719636494627,1552.4505330170182,410.330547546213
2.842,2157.148415255646,1573.6439049464338,409.9659326803486
2.863,2035.8306377703775,1752.5076476198424,408.71473244590464
2.863,2080.7555901885157,1598.2487106355395,400.3639842907714
2.884,2036.5676968459657,1601.8883363456139,420.86535784681257
2.884,2075.464661685895,1594.3155639880033,395.97653464219934
2.904,2035.3359213289257,1625.0901768288418,432.1719593523794
2.905,2109.253504722998,1681.215672022644,424.6112512877212
2.905,2017.0996073746062,1603.5256857600705,440.44042929841976
2.905,2145.9447575830045,1657.7785725398035,407.84643502602984
2.927,2037.2070484155267,1649.24839512994,425.0287635910632
2.927,1940.7363464535508,1616.9004668708565,430.79680817672477
2.949,2081.5574274170995,1693.4297890161965,420.7302164253507
2.949,2161.422070044739,1580.001443686383,440.15054436097074
2.969,2093.398113740442,1621.0371818016988,440.5367708905504
2.969,2075.5553169257496,1733.8436984586006,418.8943079741103
2.989,1932.6168252822824,1709.547103905513,405.27173702291697
2.989,2070.2419477219933,1595.6101969267181,410.9466116641446
3.01,2155.371228808621,1709.439279072148,410.08647696680737
3.01,2008.8974447613655,1706.8674134604648,425.5827293024353
3.03,2058.428185878452,1695.270619166199,435.2286701319182
3.03,1967.285267142256,1619.8491899560731,395.99147013951693
3.051,2145.442802597055,1604.9922794383212,455.6976363817964
3.051,2090.744172295008,1699.066506315777,418.11844049911
3.075,2124.561460710242,1590.8478789381002,393.7827700130759
3.075,2153.9331513872107,1632.212169271462,449.1507611750877
3.075,2044.2092017996868,1769.3694310667909,434.1775680940378
3.075,1887.9987710156624,1610.195253998834,431.722603975949
3.097,1894.6879976641328,1701.5149266317699,407.17191626547384
3.097,2061.496802244255,1720.5001108032734,429.92793929635644
3.117,2137.3680033886244,1545.7994812985578,432.43480180132434
3.117,2029.4117674336228,1642.8970254470325,418.70475383802693
3.139,2122.1557809079204,1651.5439770454602,406.35000767236966
3.139,1947.3678635066847,1694.7307720981375,425.99882081868964
3.16,1905.4898728949674,1682.5635757797522,384.75463633596615
3.16,2061.0922238273133,1636.274200765924,446.368710292923
3.18,2082.008119386457,1684.9120099839417,410.295389320278
3.18,1952.1886406926167,1657.2776316323234,429.9389663162939
3.202,2050.6588173526075,1642.3524416835824,412.9643562863918
3.202,2087.2793163861975,1569.9162920261165,383.4938335236738
3.246,2225.8853076974265,1579.3888458626284,437.7970214328317
3.246,2061.5545018131816,1642.0897199948363,412.08948895423777
3.247,2049.2351246592602,1602.611204245183,447.9891384127711
3.247,2258.6768055194984,1559.5481867429032,437.30169830509476
3.247,2069.226171990066,1652.67676191894,434.85957925272936
3.247,1972.86958108096,1729.5351445146848,409.4979231224492
3.267,2007.6267794716,1766.3801712464672,391.5938804534855
3.267,2061.6608610251465,1634.9621828787222,421.59767226985775
3.287,1957.5623199415875,1662.0714432884495,427.8684036327865
3.287,2182.1536323401206,1709.904970158715,429.80678690229087
3.307,2068.742556986621,1662.818328681721,425.93310990523463
3.308,1971.0919392785959,1674.971059071061,429.9512540526834
3.328,1996.9855122142815,1577.4543641278615,413.35816815313586
3.328,2002.3110217358583,1733.8940681273225,435.02780885853997
3.349,2127.6755499902056,1651.3494185232025,400.25205166518947
3.349,1986.8743653481808,1660.436618657401,399.0689726153804
3.37,2098.200722137285,1606.7724203844114,398.73174278962836
3.37,2081.981825952859,1616.9225212059375,405.8885502687555
3.39,2056.8746483759232,1691.3978700673847,392.8375491544212
3.39,1978.0765547120093,1633.6045991348765,436.7777377770042
3.411,2057.771094033735,1696.6963195671633,411.1090744930103
3.411,2186.161455427571,1645.1842873927224,423.9072104528285
3.412,1986.347551826299,1707.7709011959125,396.2672785584507
3.412,1990.3396486142283,1676.740336457641,405.43423944273377
3.433,2179.787714346488,1653.2071201320368,423.5131572288034
3.433,2047.008968383119,1756.4724680722309,407.99648327733485
3.453,2083.781490766921,1715.8537914910405,416.2359417357792
3.453,2054.0667523396132,1670.8925263795045,428.39398011687626
3.475,2044.416554229446,1667.645067547394,411.921045308823
3.475,2100.187200359199,1591.673290234472,435.8253281549463
3.495,2032.0069444963121,1655.0833268795152,422.55924749088587
3.495,1986.668721775542,1587.7289753712796,381.10041593460807
3.515,2113.881117861841,1693.0055628221771,402.44527338077233
3.515,2147.7376929820707,1623.7305133537989,455.8479621589089
3.536,2140.410953994976,1712.7921570386277,442.49624006805834
3.536,2054.059355078462,1579.43930226265,405.5889060677232
3.558,2041.1676000895757,1556.9142737052769,411.2216686506378
3.558,2131.424656858083,1597.6650723146493,413.00790299550374
3.578,1960.516275236203,1628.815905264742,426.3458007225292
3.578,2050.786333043608,1757.0563340954557,395.9885013889156
3.578,2114.033892777539,1561.1622707922231,398.7118330732477
3.578,2009.153819134765,1709.4805549560956,421.24228270995945
3.598,2109.553733615651,1578.2421783729885,422.23835918055624
3.599,2066.0047607956008,1571.301876418537,423.0554801470914
3.62,2106.5988043809275,1717.1354821738103,424.87134969039937
3.62,2046.357676913174,1657.6401624824864,422.0705574297534
3.639,2078.317300043481,1600.837367062425,402.53622162289696
3.639,2109.6722370905322,1702.5390998578273,394.8278803893068
3.661,2004.2010689549859,1657.8567289937769,441.9906091004596
3.661,2055.484348741579,1703.2693480639794,430.9795659981555
3.681,2001.1890202682816,1671.1195295298903,428.599467778059
3.681,1914.5628598249314,1628.8001115203817,421.50358582705246
3.701,2004.9623857805564,1592.9216272499466,412.69951709310016
3.701,2077.763597696426,1596.731848097182,430.3616388852313
3.724,2057.714241073206,1662.4242210178827,408.9739062522257
3.724,2120.594139091156,1670.8337236109357,417.5164497221736
3.746,1953.1416528672053,1636.4190857615151,406.91673695445377
3.746,2045.1725784557161,1620.101338040334,408.21495105428244
3.747,2069.6233678845965,1720.313915765645,408.6910511159117
3.747,2149.4737287965245,1641.862685524332,441.1083818182521
3.767,2109.2931684077253,1602.7958106023116,428.64837061490573
3.767,2220.533783009269,1579.7594012766933,409.69829678947264
3.787,2022.5452202545323,1692.106126767901,417.5569867214406
3.787,2038.4417164159024,1707.6026022610104,411.02939539065216
3.807,2073.7074569568,1715.2044956390564,404.77944735352537
3.807,1976.0897537960288,1678.8759339197343,420.31247625027595
3.828,2037.96633757158,1575.4038678875909,412.48497110378116
3.828,2009.1681491266968,1673.130103596124,427.91803567853395
3.849,2100.9669998533564,1703.6357945535756,413.01042351732013
3.85,2035.0674945552787,1665.1732007709627,435.8882404948936
3.87,2031.4934048419004,1640.6499873624614,409.5377648679643
3.87,2092.718827123029,1693.7144194861453,427.74645771604065
3.892,2089.369001119139,1745.7475018444604,403.3757926294488
3.892,2147.9707273784816,1675.0871862309596,430.16960800832595
3.916,2005.336227632045,1667.5346820946106,417.5714619856756
3.916,1951.0317827309643,1669.1914253625423,411.54263681187535
3.917,1952.0817125719693,1703.821075428261,398.2619602941354
3.917,2039.5804163220394,1682.4323167615696,404.71327512798007
3.956,2193.1246754799013,1580.8844023188726,432.4238860774059
3.956,2016.492827521438,1685.258286627105,420.82724269991627
3.956,2074.2352227099805,1604.716886928112,432.7152370666448
3.956,2031.386735790896,1689.610218791622,422.1217169891963
3.974,2209.180619178476,1746.080860081891,420.0870740824942
3.974,1979.8245514156474,1605.9620336429455,414.1249523078881
3.995,2058.248794296585,1584.2675308925368,416.3399234511184
3.995,2044.0568825046046,1724.760223560549,423.2765676741438
4.016,2110.3702566560364,1648.0625933271683,397.823971753928
4.016,2095.7758525513536,1732.657938591332,406.83369480434453
4.038,2030.7713244067463,1586.3087185197721,411.02558555829694
4.038,2108.109070459574,1735.315621808074,416.4009385220082
4.059,1953.011453634329,1642.9348099069248,410.36338393820057
4.059,2024.469493513047,1713.152311463426,398.3495369780854
4.078,2200.373340310265,1633.9644614450706,420.374125850922
4.079,1988.0137864080468,1686.8514605558178,427.82193346638627
4.079,2045.0902533807464,1668.9870046103395,461.2046459698989
4.079,2034.4097880734305,1636.8167064819556,399.50809395300223
4.1,1944.9509272350954,1648.501657281548,401.7814634913529
4.1,2156.8901963310145,1617.3083989426896,396.22899621701765
4.12,2009.824898744897,1725.011069131284,393.20594084304486
4.12,2077.178141254679,1778.9199773857968,401.0702019230699
4.141,1936.671546328752,1653.0265721891358,398.98426155582024
4.141,2004.0588621530937,1674.4757016498131,449.4696398707526
4.162,1993.6748657907483,1601.1226765945985,417.7893740741406
4.162,1943.0648147653526,1768.8090219014614,438.8354462498162
4.183,1990.1969282800965,1558.0054587923134,413.7226249235719
4.183,2007.050227607078,1632.4261407363235,418.492935561843
4.203,2003.3984079536426,1653.2513399843474,425.234656295342
4.203,2080.313693212824,1734.9370370109689,393.4639711787895
4.224,2108.300906706352,1579.7208383782652,426.04626868422315
4.224,2101.2546479036814,1703.9489134119294,433.44720818637467
4.245,1984.6177243265008,1560.0393875888485,409.20429451414833
4.245,2002.3840220934924,1791.6880582108465,425.34771519254883
4.245,2035.9328461378311,1715.7443336023596,390.5711307865283
4.245,2086.097920343138,1632.086288584078,409.13921378775575
4.265,2111.530674367043,1682.7035414047368,427.2723087565968
4.265,2028.996648701241,1619.8804860723467,433.0122682958979
4.286,2112.5575737026265,1575.7527833762617,424.1875150240309
4.286,2158.7090375311404,1674.7747616140896,435.3146313715795
4.308,2206.3599911039237,1678.6813421184752,436.3565586221134
4.308,2166.162490512453,1661.9951842524881,392.8365811934649
4.328,1995.5261523861745,1792.6186275066318,436.06937367277226
4.328,2150.407197966852,1621.4928107227672,398.2778362597923
4.351,1988.2377980046465,1767.3182122645553,411.1275318687496
4.351,2034.2232419131383,1565.4493344333393,389.38279743105846
4.37,2005.5456182705786,1756.6984026779803,426.9940552153884
4.37,2034.9270127070033,1659.6407678338937,389.6261878340596
4.391,2063.849458880016,1709.9460845861668,414.6730603802202
4.391,1987.1436641321002,1668.606976346076,420.87461685626744
4.412,2130.979731774509,1685.8449924833094,410.56949069798287
4.412,2059.4573177675297,1705.9808490203845,416.3012618406884
4.412,2073.8557514788763,1649.1678631887369,394.7405358893693
4.412,2086.966988930243,1686.9618492686213,440.40562951645336
4.432,2140.2886871562678,1675.9632301503896,406.86119739463976
4.432,2082.9724891205838,1641.0828455405158,439.77739977195256
4.454,1999.5446942345961,1659.678690166626,407.0052021084937
4.454,2065.7390463072234,1641.6210316238667,423.9077275517206
4.475,2021.3197299189908,1654.8229131285289,438.4804680372652
4.475,2243.41923760449,1730.2837523903156,437.4176381930811
4.495,2088.939799376686,1638.1793275084483,403.6237142093321
4.495,2166.7081321984715,1736.6330127653246,419.63515509994613
4.517,2055.7923218974324,1566.593725435056,393.8312515198887
4.517,1930.0869153833341,1667.111219065854,426.097453539652
4.537,2060.0001793780193,1518.0093907953287,423.5937094811684
4.537,2068.907511195109,1586.8686892770606,415.4494306135068
4.557,2103.3600577356765,1590.9034361053962,421.6752486017857
4.557,2057.719908841414,1577.3298314228507,420.5721025638521
4.578,2045.397935493825,1555.1805029920943,407.1946086918715
4.578,2075.8691756837643,1670.0297682908813,388.96672797917915
4.578,2129.309202465487,1808.9992385158725,420.28119852422924
4.578,2026.4368183264348,1695.3767191208171,430.1754376953769
4.598,2057.647810820098,1695.9821334462933,431.0110480955281
4.598,2037.9491840467565,1726.336923680734,426.9550881383978
4.62,2062.8849649855524,1703.3216003219281,432.1881283130389
4.62,2199.7799085974225,1645.5748942247853,421.6246910070855
4.643,2096.4523011935557,1679.8223500017175,400.4752129080839
4.643,2020.955343931126,1619.0623266323885,427.2212998437979
4.662,2133.1932991578187,1711.2177890076905,442.11098071996736
4.662,2106.4448767336526,1647.9492498920383,425.16583366921867
4.683,2120.3504737401336,1681.730842883156,411.7045143844624
4.683,2054.903513842781,1651.4828054198647,393.18234273813323
4.703,2037.0388741135957,1691.6263877140043,439.13331555099086
4.703,1937.6788620379111,1483.7077987117318,385.41065794113655
4.723,2073.633792641192,1579.4423954563072,424.7481358261415
4.723,2112.405111055954,1720.9687518031703,418.25648564881664
4.766,2030.6667403644499,1634.8466322749919,383.2246226199717
4.766,2031.7333530507483,1660.5830804954578,391.4828342162627
4.766,2010.6119248393245,1617.3633525552107,425.4829498189119
4.766,2092.603468022418,1716.8585193125261,407.3705141445953
4.767,2140.116863271071,1639.4140223246748,437.5168138619223
4.767,2142.0665111477997,1670.2543755545757,417.6814545423618
4.785,2114.336912116593,1638.4150647853583,465.64081342112013
4.785,2061.568279497533,1725.2603232239494,384.32092008623505
4.806,2105.877843241482,1595.216343223016,453.2653370465637
4.807,2042.8430932186345,1766.3561574712512,406.7228052807827
4.827,2138.9833413253496,1635.1609364750564,431.8200996974562
4.827,1969.1501263717773,1659.1260762970733,433.82235147537676
4.848,1922.013049668883,1622.8784101813092,416.1027555428119
4.848,2060.67942069224,1586.9462647092437,435.1483325863976
4.868,2114.308459550669,1589.9092140173661,419.8916195403399
4.868,1977.1657432434308,1655.8983090046308,408.66328946152385
4.891,2091.116908220029,1592.3110871456424,432.16435185301486
4.891,1881.5647993764833,1644.7902316739678,442.43079049201395
4.911,1990.7306213633242,1705.6721731389812,426.7617503165505
4.911,1959.114181179196,1667.3143866387015,412.0362344068535
4.912,2225.8082493161837,1687.7795739058936,416.92041217946104
4.912,1980.6718394986335,1598.1286195014202,409.3949387734144
4.952,2045.1101760367153,1572.2215913209516,429.3189899570986
4.952,2074.7038072258633,1653.1888060966423,410.6486730017595
4.952,2170.066541072725,1623.3885139233103,423.65034829331967
4.954,2008.8695596836596,1654.5410239030614,418.94679217867775
4.973,2006.7247327781388,1684.9188061935586,405.3107747319214
4.974,2014.062709032756,1665.1931438100655,374.531663593786
4.996,1891.3732554948072,1640.0028269409993,437.8362485126339
4.996,2013.449933203885,1690.2098501875134,406.1577614589766
5.016,2220.604963124024,1630.996986585042,422.0769179333384
5.016,2010.1764951468256,1710.3252600208282,384.99684666065394
5.037,2029.2258861393188,1660.418637821223,406.45209848437975
5.037,2063.8333519125495,1679.6185574132173,419.06684538237465
5.057,2043.7081333762783,1765.762922493757,439.3273915954153
5.057,2129.9182652205686,1701.7729789833816,441.48501394325024
5.079,2001.937394375408,1784.810755160499,415.5214710233473
5.079,1965.985687620981,1589.7799795873277,420.7470262871774
5.079,2071.933893929099,1676.7236659569578,425.2819442637465
5.079,2108.5737388810967,1671.7132210672041,402.6402127544767
5.099,2119.9871322242816,1662.716922321511,396.58017414849655
5.099,2086.6111222602067,1647.7823788539165,416.1529728955313
5.142,2121.3934911027677,1616.7367751446286,405.65318126964615
5.142,1942.801321548881,1564.359234120973,412.8638483617344
5.142,2211.4712090194694,1737.3307501522136,441.27882302080246
5.143,2009.964997417359,1617.9263112378185,415.6133405879076
5.162,2065.778783640759,1791.0278234225339,407.47448534130433
5.162,2139.1706431545927,1708.1700386754887,412.59209878203563
5.183,1978.1797757603256,1646.4280298303079,435.38361912436795
5.183,1914.2619464988281,1697.660790222889,431.94883555135783
5.204,1982.7127761498548,1705.7161889402491,410.30736008530675
5.204,2106.4301335620603,1561.383094472796,383.5095213126467
5.225,2034.8800403792,1823.481427920435,382.0691005484405
5.225,2046.7979718788424,1615.709525313089,419.5500311472242
5.247,1969.0790403738222,1679.3384830527707,425.44279629674077
5.247,1998.5237751558186,1689.704346058923,436.8205476645111
5.247,2053.499383739313,1687.4675290589948,438.7725815398813
5.248,2063.158113164163,1745.1784847357774,422.5804337777883
5.266,2018.4808203025827,1625.2345392146212,409.84137357095483
5.266,1971.9752813947855,1671.5570636105576,432.06928336808363
5.288,2003.3109834769812,1621.7981256493622,412.4790224344279
5.288,2061.6076072671235,1707.8752163169606,406.5779998355947
5.308,1961.596711072135,1687.450025294362,398.6107625151164
5.308,2099.0525071784696,1613.229372443895,379.80176543446726
5.329,2033.772597556565,1610.0576179929233,413.17647142197967
5.33,2117.138214050717,1610.2594408976202,414.29516391764423
5.35,2061.271609885209,1661.2093214812398,431.6310241528791
5.35,2011.4474902399218,1702.1917817487754,410.6865791188472
5.371,1941.3919449900716,1673.9564339854626,425.0233658560082
5.371,2091.183806866742,1616.0883648308118,394.32579981958287
5.393,1930.8389422883192,1625.698715062147,399.19144348757277
5.393,2069.4082084461547,1626.0368007172085,431.4230123305266
5.409,2049.9378424898196,1619.7829712822468,391.65510809389167
5.41,1887.9879180235305,1639.7593244678606,409.3045163898249
5.41,2129.717298389273,1727.9821107623577,406.3255053019463
5.41,1909.5072187105873,1620.16742839447,402.62261310517704
5.43,1914.4804891689635,1587.1233710653178,403.0203435275987
5.43,1982.1241828404357,1513.7678783216552,411.2108615047759
5.453,2000.844452761363,1667.5046572240017,387.0562228159282
5.454,2030.6523453003163,1701.8774608947265,422.75478915380086
5.473,1920.7134964726458,1703.3916016962817,417.610676387449
5.473,2147.7341234291,1665.2847430529096,416.2614995980937
5.494,1963.9860078536108,1544.7896461495145,402.6260194946467
5.495,1973.5242716716823,1668.997160940159,408.7892116731345
5.517,2041.5134912654225,1519.0965266885978,428.26551246421536
5.517,2074.941244978418,1550.0391874830154,391.69689339702137
5.536,2145.7615083065893,1759.2965140603626,419.54736622438065
5.536,2040.6133486887336,1672.626861851525,397.97863330812805
5.557,2029.0209241890786,1542.20084608435,427.7354897666736
5.557,2107.5998496062207,1504.7780157238863,415.40451762154856
5.578,1994.2222300500885,1616.5467166400704,394.6181570790852
5.578,2032.7780885332468,1726.2115255447616,389.3057462372205
5.578,2141.4101925481223,1657.8243926528,424.20128633297605
5.578,2039.6016783307837,1658.7378505080676,424.51820106481847
5.6,1947.7734706341532,1749.7974675494575,419.15190158112205
5.6,2019.523948575129,1544.5674428096122,407.28670241125275
5.621,1908.4998604231291,1578.2971458669138,395.1246784685628
5.621,1966.4472844104753,1793.3925151332867,410.48816342278366
5.641,1905.9161704482644,1687.236982376311,415.77001493057264
5.641,1932.088281614251,1703.1223552001818,371.1930288281983
5.662,2161.2813187022466,1682.7712175294319,388.66772085915403
5.662,2088.7046444831135,1675.7083671484581,424.6048429895168
5.682,2170.6021616053904,1627.8348863882077,415.85615661785016
5.682,2070.618476259351,1683.9842759146577,421.38473458708825
5.704,1917.4870847956051,1593.1741754560448,405.5669987523001
5.704,1977.9749134299234,1576.1646874834844,405.9461868910007
5.724,2036.4863006287924,1549.5430786980116,410.2434469110889
5.724,2143.3671841273062,1777.6843379914317,399.18756661666833
5.744,2063.3502131324276,1505.8538455779967,409.6456805949367
5.744,2131.1146953086436,1687.6895978390087,403.4776215249609
5.745,2015.5213201217032,1747.0187719723015,404.83523775318065
5.745,1961.4608061472484,1646.9730510097386,421.80723418017067
5.765,2058.0685185964603,1650.2726011381203,402.85973822957465
5.765,2089.9290698840973,1645.123536498607,398.89178161208474
5.806,2107.16583874921,1582.2807425207932,378.26465856604113
5.806,1987.9428296731517,1582.3405431764795,409.8314552214826
5.806,2005.8413142939717,1678.7953344716109,430.50347649821725
5.806,2096.879435786235,1576.3879638688582,439.4392623082979
5.827,2114.5064889552496,1711.3455159805426,405.91321551998453
5.827,2128.5222558734336,1718.6681925400153,401.5467272263875
5.848,2096.7420683066175,1721.9470175554402,413.791769325959
5.848,2040.9593473861971,1701.1715460414478,380.70331218525337
5.868,1932.3685817189378,1600.7935271377225,390.66997260877963
5.868,2149.859044858766,1644.796949248138,392.32379922197714
5.889,1995.3286022421778,1631.9130896287459,375.27761508891473
5.889,1940.519161559952,1674.8080508104836,391.59956210613063
5.909,2059.6733721922114,1654.0710770824912,367.8190064716914
5.909,1884.9822278749914,1556.136807017135,423.09677928963146
5.909,2127.637055879042,1597.1994293500625,406.66461777470363
5.909,2069.750770694707,1615.8571834703187,400.08391083605306
5.93,1899.5982850838463,1573.9462747601797,419.6900108486956
5.93,1970.4851895562406,1597.1902508291982,433.5492409104771
5.951,2040.8254986594893,1588.421250263082,387.1266431235274
5.951,1907.5078520972,1576.195495461951,422.5234151094082
5.97,2083.1596540124365,1760.6533980710833,428.13230582658633
5.97,2092.6965423548336,1680.8437696684182,433.73283698462734
5.99,1936.7761720869305,1623.1616567418369,393.798131874877
5.991,2140.6685073864264,1738.2555631149494,391.0986956474973
6.012,2074.0468671201147,1657.2973724000212,421.71670281374713
6.012,2007.7252571124513,1560.2938391362973,435.8618957049795
6.034,2044.2583697124405,1614.2179965556766,388.3146722677996
6.034,2007.4944337983848,1704.827416195415,417.99429474455644
6.054,2108.081620799168,1667.3228647227088,398.95455762115955
6.054,2095.058232481782,1582.5552044604945,403.193969037443
6.075,2076.5246853127733,1516.1681872910217,412.47592774517034
6.075,2031.0414212284254,1659.5396138812887,394.298396589206
6.075,2175.1375424247785,1560.2147255626423,385.16709321808935
6.075,2034.511280742109,1585.0372239589249,411.98682841166743
6.096,1997.8085949166502,1625.2353357038808,398.856530583923
6.096,1988.6790167923339,1599.9836536750213,389.48535219761413
6.117,2051.720445304088,1644.7631872131635,394.8807536053006
6.117,2076.713289688759,1617.3579317332917,410.43634074923034
6.138,2093.9760879018577,1656.419786491155,426.28364763989975
6.138,2069.989788968788,1648.4817980968817,394.81544953593396
6.158,2021.480439882871,1608.7587972306744,407.4879338253189
6.158,2000.0580344114526,1655.932128587757,404.79964187257815
6.18,2020.11819724675,1629.041677334326,418.59119208109917
6.18,1951.177940645398,1578.0110171859624,402.5105805146127
6.201,2017.8698795306373,1665.3610390971178,404.147323240739
6.201,2096.02636273763,1629.8018834987236,405.7278495231159
6.223,2113.0759295998937,1567.4703507565305,386.757166562624
6.223,1966.915002921603,1647.4575019796812,411.83811478332075
6.243,1963.3809291355276,1615.5032126151675,419.7623747708915
6.244,2037.995061535125,1763.5026609608162,407.10063310030654
6.244,2007.5873207384818,1628.0014044561426,391.17661379296896
6.244,1935.774157316769,1597.6922186534603,396.45759739676726
6.264,2155.311757228328,1667.8563906417191,416.09598848331245
6.264,2164.263405861204,1601.2195499565023,396.52285469030863
6.284,1904.6870122383193,1634.2186360062908,394.122003805711
6.284,2023.6970521660976,1654.7624761054701,402.37013523628343
6.308,2038.9055521069183,1670.4292768724392,418.0229965765866
6.308,2113.767121626701,1603.7138810730544,419.0191230538704
6.326,1907.7916194694726,1648.7910780085508,404.9015346862925
6.326,2083.0183530943086,1561.9038119353743,386.31006146249547
6.347,1924.3416663048474,1585.7505385531995,424.4790556025931
6.347,2007.3842979196343,1599.9569594780662,435.8587137670305
6.368,1988.3181713671813,1651.8371423506333,432.46976695096447
6.368,2147.8228174816354,1578.642893128342,423.7279708775668
6.388,2087.5926387647714,1625.0874432006237,398.57501231790553
6.388,2108.177313868015,1605.9552987474908,393.8928543580018
6.409,2100.654835662259,1675.8786896778777,374.6832708912953
6.409,1939.1759348720634,1597.0079508020422,374.87184732151275
6.409,2071.6963984289455,1704.1114747842598,429.61798508141885
6.409,2032.9585560508124,1623.7114015271318,397.53136512832236
6.43,2056.8610689740613,1662.1003775347917,367.31861999784894
6.43,2116.947789082177,1741.172945626375,383.4412431764309
6.472,1998.311138549756,1576.4154220028367,409.57851063862427
6.472,2028.070984737686,1627.4440550660247,420.99057994164195
6.472,1961.6333642128425,1618.231213097213,384.9807144833648
6.472,2064.103956808678,1614.3358573260618,424.7526225626027
6.493,2037.0111544169595,1622.7712001031084,427.1426568116912
6.493,2054.089934561016,1529.314743642971,429.98321109200253
6.513,2041.174711743992,1543.4162684951293,414.8791261243823
6.513,2135.939906729624,1649.0724523109798,423.6991989594903
6.534,1951.9985677885106,1659.13280506377,408.3457706653599
6.534,1954.1786856919766,1631.2653605925098,419.560869539597
6.555,2112.3688787524566,1645.488961391111,404.07455611781427
6.555,2016.8094669553298,1711.1689605451545,383.974137081049
6.577,2074.099162499547,1598.1810164983,392.08611360034996
6.577,1990.3668251168008,1663.2590341787452,410.833468759922
6.578,2155.029859824015,1683.7646402467867,414.9062616108959
6.578,2114.744518611908,1667.3356868215214,403.4000047585541
6.597,2068.243689561004,1670.9582087453364,398.0386141437914
6.597,2046.2805042620869,1594.0933281449234,398.64682233470984
6.617,2037.0242531580884,1684.3600142054022,416.8393648849052
6.617,2074.668011025379,1707.533826944751,420.0594039935405
6.637,1886.316061801964,1689.9190351797704,424.7324518186506
6.638,2093.663583221093,1646.8844904261105,399.9044818375993
6.659,1977.7151592774326,1697.5702982594748,421.20234506693305
6.659,2181.2971869321595,1618.4714066263266,393.6648687489555
6.679,2127.604549076092,1621.7908102874933,407.4667988947274
6.679,2064.6535702502424,1634.3946914708179,424.2587772175297
6.702,2012.988342285707,1567.479994007056,397.08255042225886
6.702,2138.3614122640565,1571.0777495747514,403.08181830445096
6.72,2019.789841423662,1631.6297059784488,399.1654257836565
6.72,2088.27605470885,1621.061401582725,409.2149012482225
6.741,2078.81037675907,1507.7056574936812,389.8040450652477
6.741,2012.4429753190902,1620.7952529272266,411.9509498595658
6.741,2092.383683625119,1716.748139128391,432.17570138888397
6.741,1915.865596129522,1584.9096092044529,396.80429872040725
6.764,2074.345850046379,1606.6494908018005,373.878740775449
6.764,2129.8926203447736,1701.842102125841,399.5522796795089
6.782,2043.1954576455435,1636.4217121560362,382.82981069240424
6.783,1935.884600827183,1693.0430611642205,397.91876500559
6.804,1829.1426478971116,1651.5592642633567,390.64889505944745
6.804,2049.3093460702294,1693.2629929923728,401.7921752647683
6.826,2117.421321117324,1652.7439330229495,392.93988327539756
6.826,1994.8301411930786,1623.6780406196497,380.37263245483945
6.846,2069.4129958975022,1559.054738993237,401.75102531275047
6.846,2168.952819415464,1646.1184388728855,402.579239802934
6.866,2032.258005203435,1729.2552123670519,386.58467152113616
6.866,1974.0298551327319,1687.5893505376264,411.3944167404815
6.887,2039.222271870297,1644.351828316735,411.5123254460412
6.887,2122.869334782916,1622.6694144715289,405.42471977539117
6.907,2047.5232952718768,1548.6882694262931,390.84021930506583
6.907,2016.8597095452799,1619.2177044627745,413.2646626899163
6.907,2140.489738559975,1563.1471767500034,428.5069682230172
6.908,2000.145134039704,1660.0892926642991,406.4774373904071
6.928,1954.041851953168,1516.4869085821103,417.1125132808624
6.928,2066.4670538487335,1618.591010554374,416.38846803699715
6.948,2072.113071244844,1788.462790643981,422.2967376956583
6.948,2104.9977158266,1734.4911755799114,424.79564986410526
6.968,2083.1608598325492,1521.8233505789958,392.27417708704775
6.968,2011.6904898081264,1554.0645609418655,419.60821971209504
6.992,2067.2969167678716,1661.655958829633,430.15902101162146
6.992,1924.9775813477856,1575.395619404074,400.18142661323776
7.033,1953.9846484659818,1516.1933155006266,400.7600639090614
7.033,2075.4240380212777,1748.9250838616426,414.43836599146135
7.033,1992.9621781950361,1572.7434027200577,399.7732853641776
7.033,1915.1777701596138,1678.3680668930836,427.6240346682468
7.054,2080.4202578877107,1696.779563666298,423.88281213044496
7.054,2172.170910308783,1655.298324581866,403.5346310581512
7.077,1961.481282536428,1629.1843928594099,426.7410793549436
7.077,1986.668637217013,1628.1537306662576,385.0141789644913
7.077,2003.9594898882965,1581.3939194961476,385.1353669188967
7.077,1956.2608634349026,1672.845121663908,398.942983243007
7.097,1889.992161471988,1628.5150709663524,372.03587485905314
7.097,1984.2746360023593,1610.0855443665034,421.3664848817301
7.117,2064.664989157119,1525.9130737896285,432.9648306031033
7.117,2087.0288432918405,1683.8076480744496,416.84284371183895
7.137,2038.335803330667,1662.9520677233438,400.37074597995445
7.138,1995.0943212826935,1654.590542953669,416.03010620124144
7.159,2098.8311850699006,1525.8514083044633,400.920211673689
7.159,2101.691678374293,1532.5201720043615,399.7549801701639
7.179,2018.9781308450167,1567.532501841401,368.36503076148875
7.179,2012.9465600553233,1541.1946464189573,412.5196233481228
7.201,2152.869025653657,1628.6362910486707,388.56909775781355
7.201,2212.1326914226524,1629.2779460962772,402.84790920072675
7.223,1976.620889527665,1659.8260994348475,433.8041007125894
7.223,2015.5326565497896,1686.2960250930842,408.52930240204967
7.243,2183.8425762947636,1628.8779131298013,416.93897309478456
7.243,2030.974969055288,1619.228202632325,427.70008862867246
7.243,1974.7551431273375,1531.4055403405973,406.57256440760693
7.243,2026.0891949906152,1581.7738708101476,382.69913793546766
7.264,2097.317271777479,1654.6456701594539,414.8967247432899
7.264,2129.946670910831,1544.2129202057113,383.7683186732729
7.285,2028.607134925557,1600.8672163613574,410.3791491647722
7.285,2099.8091711735005,1605.8484022205978,409.9098940616905
7.306,1998.5275611037796,1685.2861879789136,404.48710592134586
7.306,2057.7283914835434,1721.920767076174,421.5787269417243
7.322,2026.050546914944,1576.2099275649252,421.8301855100864
7.323,2124.3556217183414,1663.3052210282226,411.8259857348449
7.344,1977.1451769840087,1635.8442884604985,390.6588235585521
7.344,1990.7626777724327,1630.8133287578596,408.84421319659015
7.364,1942.1809586742663,1634.6794164990122,402.2875365839753
7.364,2079.777192160658,1739.737064466592,409.70790614809613
7.386,1985.6886627861895,1573.305592796666,425.09569196756354
7.386,1970.2501848278962,1622.3113887726468,402.46425941314226
7.406,1954.039177009916,1599.4709258130897,388.37137900555206
7.406,2072.381800869833,1638.639598481531,411.87168103507634
7.407,2140.7608768510586,1675.4368231894541,384.3276507343803
7.407,2003.8775730891914,1621.033704841155,438.4605040462019
7.428,2008.0886489719305,1671.3655837289075,425.0909675275351
7.428,2038.2664656091345,1657.0094240880574,401.70157562222175
7.449,1878.1582106336987,1697.8349571830258,398.81254924423433
7.449,2086.0166608363384,1647.759109110787,407.5887977538827
7.468,1942.6034351777603,1717.240542457881,381.4342160435491
7.468,2124.9665273681767,1649.699193880904,423.648222489363
7.489,2014.7014746328873,1647.0609369765589,412.07149664639593
7.489,1965.8730299773263,1726.9504274059304,409.14230352460896
7.509,2091.3257765641247,1652.4222518737656,418.77256458931936
7.509,2000.2275895345058,1640.7360452616672,396.7039152181521
7.53,2009.8683218391282,1670.9969881261877,402.3659944071313
7.53,1986.9788119977916,1702.0686706499785,410.1691124717448
7.552,1987.9886600585346,1621.5994695676247,409.68502631533835
7.552,2096.3678957453076,1642.2056650463144,394.91842151021865
7.573,2015.3979620334244,1765.3967177541979,380.5912524775853
7.573,2046.826982011529,1702.4716890770237,395.96524873902354
7.573,2085.239317722945,1666.4170276924415,444.3945195990457
7.573,2116.293810553789,1638.7804157410528,392.73441503391194
7.595,2028.2126476236344,1650.7201751028576,413.4818940957286
7.595,2052.9079633373963,1641.7793537574357,404.61052591936146
7.615,2142.844555516789,1648.3324809602343,415.74658877373497
7.615,2021.1405105574045,1539.1677848683196,417.5781782676091
7.637,2033.6564155075162,1544.2592117421623,441.76241723318503
7.637,2177.7002360785937,1609.24832277415,428.5743149143048
7.658,2063.7868470911976,1572.955676679077,429.8895036346073
7.658,2136.4851808857056,1596.399073822231,406.80199421324784
7.678,2006.5943378404606,1687.3819365805762,415.00040321279835
7.678,1908.4071878429447,1638.04188162207,392.6070450707568
7.701,2068.9415421224667,1629.8055042595063,400.80278123511806
7.701,2023.4059241808777,1623.4749094825165,407.4575839411664
7.722,2037.0580513451866,1564.238676341693,407.21758607501573
7.722,2015.2804798446973,1672.6532293864657,381.18629494964466
7.743,2005.2651580939903,1513.4228751606322,430.6344012981991
7.743,2050.6396910878934,1606.7142827349273,427.90977202892265
7.762,1994.6266822193472,1596.047271986153,420.3949235620133
7.762,2060.0683276452505,1576.1169160462618,398.1363482179826
7.783,2064.0967293439176,1747.7242680705392,417.2056155696011
7.783,1937.5996463850072,1694.636554996603,409.85988534104536
7.783,2009.4029880713458,1612.5624930880886,402.8282019944548
7.783,2015.4042862948584,1558.9542166158017,375.8851465779305
7.805,2181.4250243130036,1663.275911935114,381.0026182196734
7.805,2047.0534627756429,1638.7446270009373,416.66631383932605
7.824,2136.8630532895786,1700.993756697154,387.8230684624727
7.824,1989.478658724796,1662.844773643647,411.9405256058466
7.844,1914.9592578320937,1684.248750407484,378.51461380492884
7.844,2064.357192334802,1682.8074315463082,436.06366250969916
7.886,2061.2490689308584,1599.3944060013448,417.83416623116875
7.886,2061.664381049026,1682.857497693399,414.7213035263953
7.886,2075.1778065930953,1520.6302381693488,413.6193562416321
7.886,2093.434446149502,1547.983632133267,422.1612646638736
7.906,2071.9222448563305,1657.6684059523905,392.12610730675533
7.906,2016.3364929437298,1623.708652855895,400.8702901604987
7.906,2055.548661522705,1712.9850274365297,398.1945206142207
7.906,2077.5384400639437,1689.5663813947804,404.55021466869533
7.927,1902.4727168584052,1540.0466058055451,402.0844453025298
7.927,2091.065751312042,1570.3924968373433,396.3841093578773
7.948,2045.020488617941,1581.593214983432,370.0703788217456
7.948,1978.29694235994,1659.1476301189614,415.05211349029287
7.968,2103.455508757549,1702.4271478626188,407.15328221872386
7.968,2030.4152349532967,1640.1926058654103,409.7907693664465
7.99,2121.241965913,1644.69114133134,403.4073276594097
7.99,1929.561853549371,1657.0139822534252,411.21465715425813
8.011,1968.9064635441248,1731.154766455073,391.59838726864274
8.012,2060.719912401065,1656.08256473752,401.86032321916974
8.033,2010.482317144904,1666.9896618059106,392.0659533734242
8.033,2004.9117545040424,1648.8622548712751,387.9116181278049
8.054,2010.4933480070815,1531.1023097720342,413.7263064378083
8.054,1989.557964030742,1624.8970128662215,409.37045005828634
8.075,1911.022174461048,1645.2755496851232,431.6205753683698
8.075,2059.838130165561,1543.052857264437,399.838270915903
8.075,2008.055712693687,1545.798416471198,383.04926494532015
8.076,2060.827380911099,1615.778448463869,369.80979076220126
8.096,1952.7349785421222,1638.451961592888,407.1405025001374
8.096,2161.7968172438323,1628.9538667780519,404.7203939714608
8.116,2043.7504015553557,1658.8685948346954,416.8188489609087
8.116,2031.7644770025177,1516.0083855559665,393.0166323638606
8.138,2093.209138013327,1718.7412586395326,423.71094780350245
8.138,2130.244472194075,1539.653448336527,409.1492576588302
8.179,2032.4510241448722,1707.2750225981156,378.80051896813916
8.179,1995.8106631094677,1632.9617915453791,421.51859501601376
8.179,2010.3885928599236,1671.1739093716255,418.618280505502
8.179,2082.8514944185317,1588.205889119928,420.2317244135079
8.198,2013.1517785090566,1733.8187314518175,427.67212759958954
8.198,1965.1078505096116,1618.5287032393155,370.8503272791344
8.219,2140.9686609477394,1637.6922031952613,389.8024790552842
8.219,1971.1425417600103,1628.0615693005425,397.57057637656163
8.24,1954.3293115696204,1605.221301070783,427.2574805549064
8.241,2056.341439831384,1683.486281943514,432.4980992657539
8.241,2113.7926343464565,1641.5364725073289,444.77303454477027
8.241,1882.7696280386585,1697.866111290609,412.6668663060517
8.261,2089.3067845454857,1608.3278454568826,405.35863939660106
8.261,1951.8499432109736,1759.7497752656705,398.06690588654374
8.28,2096.186173210685,1568.050110772509,404.6901464734315
8.28,2088.4819111033166,1623.0591720646592,407.38983332487135
8.301,2149.1159620441936,1456.9547196754731,410.3868764232446
8.301,2081.5796579684634,1610.8881544535125,398.84832082917933
8.321,1981.1536756251655,1596.444535524049,405.3612613192927
8.321,2001.4651534039024,1671.8449353922801,442.5413210162051
8.343,2061.3326534759294,1638.7203092527036,414.5569759345392
8.344,2079.5070439431724,1690.162388905569,429.61992407671323
8.362,1934.4122747707584,1608.7528568535329,407.27552257391255
8.362,1953.4758696351341,1536.8591022216347,400.59719805525305
8.382,1943.6110938716877,1510.39344320754,412.4426699558407
8.382,2077.907288520422,1694.0459775030229,386.04263059010884
8.405,1958.0833609197575,1674.899113432574,411.3048422505187
8.405,2103.768749279551,1555.617748693163,376.4959505986784
8.405,1974.1288378191273,1640.8899972275779,400.11295452947274
8.405,2024.4177995180955,1708.2848327286906,402.1168540455884
8.425,2108.9920943516695,1701.3385068507137,405.39637467492065
8.425,1915.8930257436814,1641.1071051483343,394.4187156050615
8.446,2119.962808338152,1625.462929776841,406.42008266719256
8.446,1919.901785946423,1721.1864886360124,397.69217593758384
8.468,1959.4442325779714,1647.8686927718036,428.2541142750993
8.468,2033.6036055967068,1559.308537583622,405.7032110703375
8.489,2028.736019452472,1581.620262414303,390.3961536560501
8.49,2006.4128468412368,1602.6882007838096,439.1836994797125
8.511,2031.1343544741833,1724.07244841726,419.47221435275065
8.512,2068.2853929743123,1681.8032890604557,400.174063562704
8.533,2087.228206595609,1702.496605303334,409.3797110247499
8.533,2028.6935370842207,1601.1797117537815,420.8986286117759
8.552,1946.670714871532,1712.9539719238637,385.44395881861664
8.552,1956.6263703745092,1796.4434228719872,411.7083113098237
8.573,1970.2224280914659,1578.9895619765193,412.36934379724386
8.573,2052.8904517371766,1670.5809171479996,410.5674172412332
8.573,2092.382555143689,1654.6446031015455,395.0283310475024
8.573,2071.9482951603222,1651.190243207115,414.5346827525113
8.592,2043.562542763552,1673.6135842371646,427.84180104382125
8.592,1987.2445698903366,1669.309893168856,388.57841601062927
8.613,2047.3377159221334,1613.6887283914523,404.94703930348254
8.613,1975.6400249286928,1625.1443607227382,383.5657215093139
8.637,2024.0115113846498,1658.049844637607,441.80794938441664
8.637,2034.2376132189606,1673.947664216608,432.8179295056868
8.658,2040.5513990956538,1673.914638985193,424.52746326122104
8.658,2042.8241221684525,1657.634285986258,412.2785080766976
8.679,2019.1387476540356,1604.185138705073,437.6108340730208
8.679,2135.003003553204,1656.4612537159633,418.03552492623305
8.701,2104.44339762,1593.1076056593618,399.67246139812823
8.701,2050.657657767099,1596.434112586146,401.39295398026803
8.723,1994.1229944795612,1523.7877330786248,383.976361890877
8.723,1910.7888049356243,1694.8966760321932,376.472833190889
8.743,2005.1626430441415,1613.1374441420219,417.306898915492
8.743,2014.5040944764196,1656.857721519341,419.5914144953952
8.743,2090.934620096254,1630.7109045488855,425.5656710030564
8.743,2095.528367063069,1600.2799466229899,389.8973557092227
8.764,2071.970570322853,1488.6597964403752,401.809128680921
8.764,1954.5361544378152,1552.5601777350334,361.50781157965923
8.785,2059.657228585051,1543.4910809775956,406.64744543473154
8.785,2056.516768787952,1558.3211359522656,437.5847827511987
8.806,2104.168809734834,1622.1664223291912,427.24792936465207
8.806,1863.134537074558,1635.109493178495,414.1225784392264
8.826,2018.654787975752,1589.129825234115,410.80776197042104
8.826,1954.6652774382048,1659.0935081117668,394.76877140893754
8.847,2075.3116502927637,1688.4667100475156,397.2463788850867
8.847,1991.1166999959607,1697.3639175234725,405.22201960520545
8.867,2088.1578354019757,1651.5551965220805,406.18940818240935
8.867,2051.1288009517334,1627.1635885878898,410.4591701223811
8.889,2139.816976516829,1744.2711381620093,420.02061142178405
8.889,2111.9683211759525,1636.747735938468,426.453032137584
8.908,2033.4080085294893,1741.4373069721478,425.33774675509727
8.908,2010.5121008868412,1720.9505202134653,398.59211587970196
8.928,2013.052413959152,1557.7284611084835,424.55204002686725
8.928,2027.7771623552496,1680.7986579385472,400.070588709973
8.928,2096.028277442245,1604.796863492803,400.48397218751427
8.928,2102.0862419149585,1683.694049699952,406.71213543007235
8.95,2063.838587761377,1694.3197120647064,411.8077167590635
8.95,2042.5317370322866,1570.476308405918,403.9781708881485
8.969,2102.553647216782,1629.2496161777945,380.5471272388142
8.969,2023.1043840554541,1581.0065822901836,415.9290384689482
8.991,2041.7818522255352,1610.2732454937682,403.99224124452735
8.991,1966.899597813851,1500.4462729938593,380.4276145452467
9.012,2071.8864302366287,1671.0776446997988,414.40481125566396
9.012,1961.5303773481362,1684.1552844830858,399.1981423835213
9.032,2012.7682776020122,1635.0588358265015,424.99933438561345
9.032,2042.1711092291177,1676.44286560006,422.34365570435335
9.053,2135.7969405547706,1634.4528743991596,363.57636008513896
9.053,1941.7497371258873,1632.9922942204046,440.4180457729411
9.074,1932.731687981978,1639.662181919356,426.31552099574697
9.074,1990.6459414910275,1638.0997669553335,422.85581887549756
9.074,1981.1458523679496,1638.0314175789943,421.38421701748143
9.074,1989.496401031587,1679.9681756950074,388.3694907832987
9.096,2172.2351932041724,1679.0920009790389,392.0987249148642
9.096,1973.4772273069252,1633.0199310077817,395.45663119608463
9.118,2047.589912666469,1496.581624043344,438.54206712769104
9.118,2110.0602945653545,1477.8814625704933,400.4541980377257
9.138,1975.826890949315,1712.6676415519673,399.91699954117723
9.138,2106.5671644555905,1642.5940117060597,404.627291892971
9.159,2093.8159560406293,1599.0957945005082,424.3487761206265
9.159,1919.924211042835,1738.8507483839307,409.61735130484584
9.18,2045.3116068718084,1659.5216925650327,396.0179203397979
9.18,2111.8649223069024,1688.6344181191926,437.946899983603
9.201,2092.641287814767,1696.8942076357373,418.9422246591936
9.201,1977.5324268346346,1635.634973597048,441.767802246678
9.221,2029.22820291509,1644.5438453686,403.61685277128095
9.221,2073.406481340766,1711.886446218589,386.1992779918957
9.245,2091.3754720286684,1613.3297472063432,409.15005088496116
9.245,2067.3283974670194,1669.9262293216264,418.37123765088444
9.245,2041.5992002273497,1685.2704536211465,384.7261664646179
9.245,1956.6278299347175,1627.26502332308,389.0567107721533
9.263,2101.5420176144444,1588.3948285235497,413.787637639649
9.263,2106.0212498190235,1699.4286074902852,399.5038398825609
9.285,1895.6545521805024,1601.2626571720537,390.8869326447105
9.285,2112.8910852075387,1564.0178806201557,412.69264831848113
9.305,2057.1341521352624,1752.9259981831062,412.39595597463364
9.305,1978.2812868215156,1562.16089029597,401.00787407574427
9.325,1967.5373214050423,1695.1825299856062,385.18316245343107
9.325,2045.3718042846685,1628.7855641096558,402.8052840624297
9.346,2097.5867891563153,1642.335015878363,413.2937069885271
9.346,2022.5998709553623,1613.64208775926,422.02152271222747
9.366,2126.9237223634727,1586.3611978279353,412.1348474344845
9.366,2112.1846764163624,1657.7738054937874,411.60828935043435
9.388,1988.5977582928729,1544.7698131060488,443.63987598239095
9.388,2075.9658240765552,1675.3146344002369,419.77895016411424
9.408,2030.0582330113243,1604.7755460064639,414.76868197733125
9.408,2025.3950948768677,1721.632794812033,379.2671274458346
9.408,1983.6356387560327,1621.7378418107023,410.3185201939431
9.408,2081.31586281493,1623.0988063516245,404.3490374977303
9.429,2187.5007564948673,1637.072948413877,420.8953163574267
9.429,1935.6393770985728,1648.906205473541,427.07646775967606
9.45,1980.2168800420077,1477.5864439425472,425.0248000939594
9.45,2089.5632406090235,1618.0714492028858,399.08571852469896
9.47,1971.8971997948277,1655.4564992557614,415.2106902886648
9.47,1949.5786190649085,1568.1182817463216,400.908574830894
9.491,2119.908106053211,1588.8151290894975,388.3023473374289
9.491,2094.2205981824554,1601.056319390822,376.2278855507615
9.512,2119.4995425659213,1633.2162439751917,397.70787732190405
9.512,1994.140109969822,1684.3981035202355,432.58356209997646
9.532,2071.4059015234666,1558.8043902510617,404.08005176807706
9.532,2045.958243718741,1667.4889740400345,417.2341566165352
9.552,2003.399191281193,1662.842867006158,421.24714493469764
9.552,2191.789198204524,1607.1221039407346,400.1074249646679
9.573,1966.9376931667734,1548.4847043613179,437.72293381593875
9.573,2027.1978331856706,1650.760952912583,387.4326299870178
9.573,2139.9203035594205,1740.5374173606822,389.4012529134019
9.574,1962.2382252480638,1587.6492738449163,417.349480503535
9.593,2063.283842515414,1604.7180795856164,409.6155044815022
9.593,2049.2417841691567,1663.6930667822369,399.4456270690605
9.616,1911.367825682413,1599.6016112305929,411.2886238113056
9.616,2201.2201749024875,1618.0889655219723,381.4496555102501
9.635,1900.0233459504038,1602.9135855817194,400.9004942062587
9.635,2081.5299903315213,1668.7540261623794,399.0136700497347
9.656,1967.2253616237163,1671.6557117357665,417.36374456578744
9.656,1974.0891737437637,1595.2025864674642,448.18461739718214
9.677,2028.7035640331894,1612.2752101770561,396.78270511436756
9.678,2035.2217423615791,1714.4102953601132,412.96129913223183
9.697,2032.8487604757634,1755.9185911704956,404.52184749535587
9.697,2034.3483491381958,1565.4636433363423,406.6232121082012
9.719,2044.7699690448794,1720.7356072412458,412.266157726637
9.719,2123.723985559155,1662.692968649043,375.99862810660716
9.74,2180.924174980675,1685.8847887565555,430.6446747739809
9.74,1972.8690338613892,1618.923241122237,408.9193804228652
9.74,2100.7663057992468,1609.6477521506688,400.6901875114801
9.74,2088.274970083307,1604.4080706037082,440.3093365084748
9.781,1998.3842545176879,1634.4384473932953,412.15171594631704
9.781,2005.4475530250752,1602.7164071862508,402.8243883806538
9.781,2062.7409371732474,1615.4740959082958,412.12426276228814
9.781,2134.6596678258516,1672.556351560028,416.00036816773235
9.801,2042.8147933480009,1669.5500825635902,418.68170822505897
9.801,2191.9497754855233,1676.0997282809544,423.80313238580254
9.822,2040.9657220240113,1620.7906758039526,385.34240243943395
9.822,2003.8526926105344,1683.4199029018114,418.0002983862803
9.843,2047.2876799112687,1694.411848465887,414.75970065396416
9.843,2032.182856790837,1624.869476446332,405.8908945646526
9.865,2020.5064063643,1568.0043726655526,420.47705944273673
9.865,2028.8846670501716,1620.533595507453,400.3067459475167
9.885,2056.3752525505697,1667.4573144850256,417.7675837705596
9.885,2070.8696284966054,1606.038189755198,420.34483704786845
9.907,2173.5118850805566,1699.8914205170645,406.5302482265199
9.908,2062.754899337182,1648.2580355290818,387.27631280916955
9.908,2068.5409968274967,1586.7987564627692,405.14523129903023
9.908,2151.063058376796,1724.857641855232,424.93627457336
9.926,1946.896515107617,1612.7030084151515,379.4704287927526
9.926,2038.2523850079726,1606.9039321057994,398.1667165566367
9.949,2033.8012001294114,1606.2487630435378,384.98697563316273
9.949,1992.4448150304252,1742.074449621475,379.1899329488421
9.972,2043.6442124618104,1590.3113483148795,411.81735004022346
9.972,2094.6368395307845,1666.599997610827,398.25889526678225
9.991,2009.4162893668408,1653.9088995725033,422.2723902791633
9.991,2019.3547639501628,1701.556887037006,392.17375154947723
10.012,1883.7628216574853,1591.361834232719,427.25379700855495
10.012,2049.8266631126653,1731.478210133661,425.98024427465367
10.034,1874.426127877182,1623.450571819968,410.1834059537991
10.034,1913.0109604321192,1667.3354085037392,406.4061749193286
10.056,2008.2741561265673,1595.602123537485,409.13010883736126
10.056,2066.907614563214,1659.80779612427,394.91411081203796
10.077,2035.1808682125195,1668.0212241155448,404.1078722269679
10.077,2005.7243802183643,1678.1147157521787,407.7362617237152
10.097,2090.1305430446564,1639.0386826435697,405.96704464811097
10.097,1870.873345556596,1649.0096126948251,439.7949924764828
10.099,2040.924224399738,1571.1273939807656,400.0075275171221
10.099,2009.0552916267031,1598.3536132318316,414.730826124654
10.118,2009.4938186584723,1543.806211596123,418.8754801119741
10.118,2104.818366207608,1593.9480809838196,412.3993997016909
10.139,2095.1037758537814,1749.1790779051926,394.76101563375045
10.139,2007.977309427257,1615.385846228275,416.4627187801256
10.16,1932.869680744244,1623.533512806449,422.4967815232435
10.16,1931.9102492426628,1615.6890968525436,405.4582020045811
10.18,2002.7947762623594,1578.5212088411222,393.932201385331
10.18,1969.6789230063303,1654.884919417089,429.77650179241635
10.201,2003.5128063740694,1647.4729684300692,419.5697550394674
10.201,2069.601847335272,1615.57920954002,401.3563882689783
10.222,1946.6001644259125,1700.5952160890486,406.50966350150793
10.223,2025.3607925519805,1600.0930559218084,409.1066331161912
10.243,2038.1632429740946,1554.977282801925,392.163375106606
10.243,1994.2191798691297,1603.5356533070874,398.26170617438254
10.243,2112.4576697072616,1550.919620274929,398.65010780111885
10.244,2092.384738238867,1649.3418923228928,400.51841380382086
10.263,1948.6437747740817,1595.2116493073338,431.26855860673743
10.263,2007.2707216335737,1581.1404659007005,395.46636234118574
10.288,2183.748791707662,1546.9185800001408,406.30832459797136
10.288,2240.124995146035,1721.647568276377,411.3922858313767
10.307,2060.1832690446995,1529.3668304337455,416.16701420264013
10.307,1969.771148446022,1633.0133626076956,419.49003298410815
10.328,2197.659701694276,1616.489969809422,401.0006909301259
10.328,2012.9657778730977,1654.205585459172,408.6007543443186
10.349,1950.1325589629878,1592.939009740601,397.6047495133115
10.35,1928.653979394254,1695.0870424237528,408.3437659561214
10.37,2066.696075332466,1559.0843913140031,415.08917334829863
10.37,1957.4841599484355,1461.2581408034384,406.19844766224554
10.391,2031.3162971180363,1623.3823928014165,398.10846774509906
10.391,2076.008198008851,1780.2292550261943,409.8493395792258
10.414,1936.6756608575433,1564.4629418422203,403.4750703139091
10.414,1979.0812624362052,1706.6341633864527,411.4679196095993
10.415,2012.8838267822557,1607.42728161447,432.81474945230815
10.415,2025.9941352502985,1786.5084309893343,394.84291493607356
10.434,2043.460051259582,1550.830255337503,412.822804301233
10.434,1972.3063984902328,1663.9327432099153,419.84633773492874
10.454,2027.9677201499119,1774.743178957613,389.43500777698335
10.454,2176.81337040425,1719.3614565831385,413.6593557638647
10.475,2097.779242063308,1617.146239905738,402.1011098290326
10.475,1983.7885200685905,1662.7012061567966,417.35727622727813
10.496,2069.850809520609,1755.6184230786141,422.50295586600095
10.496,2186.0985576796224,1579.3929452410173,416.5288528502327
10.516,2016.8868341625864,1696.1900830962504,380.81974899581144
10.516,1944.9457897376706,1658.4923986334647,399.3356769155118
10.537,2000.7070997066608,1672.9940247224529,392.9881204952856
10.537,2158.253462431173,1637.165812782765,414.7045983483285
10.56,2008.6982237978696,1654.484903391645,392.35454390965816
10.56,1892.03163535744,1616.9064457419188,435.3380541828662
10.58,2090.844325159272,1617.4815194576322,431.3205957865796
10.58,1953.0807192950265,1685.30973582867,443.63165015604636
10.58,2058.0445399092673,1655.5957343009873,447.11625648050887
10.581,1982.3555530092858,1625.847613213156,426.8640016032106
10.601,2140.66108729589,1532.8649940176845,401.7764757653105
10.601,2068.7083016616007,1720.499677307274,424.30528545441064
10.621,2003.6664312941446,1728.1381678358337,409.40912353558076
10.621,1816.118595420462,1594.4228416926271,397.65788095107143
10.643,2012.4457182526073,1591.9812443754472,421.52511999626154
10.643,2129.4500873118504,1707.1887759015408,407.555396267936
10.663,1933.352793540003,1627.2000044180556,397.65654817878993
10.663,2129.9914503762766,1637.762511654028,417.19396547693304
10.683,2109.7128378575085,1662.1296929563725,428.45195361673115
10.683,1977.1009666054008,1636.4247687138995,414.10982518322595
10.706,2094.6385599080836,1603.3370224500266,405.4906562355128
10.706,2000.6838182466706,1687.3346397865164,405.69164415975786
10.726,2199.8386470754713,1558.7779463618804,425.68670144406764
10.726,1939.7511517200996,1749.0205082853918,421.24338784152815
10.747,2152.3641654941207,1616.6775002117529,408.42403914871653
10.747,2036.9418319075098,1776.014308927733,416.6464493363592
10.748,2016.7277392642568,1658.412431361178,410.6124045174296
10.748,2046.2457590928973,1569.3856391438815,384.48819824495297
10.769,2038.3308619742554,1709.0620268573198,440.45968622104846
10.769,2037.59444875788,1634.3983067203565,426.4719091340725
10.789,2092.649987412107,1576.1076239098331,439.09837027374726
10.789,1992.1567278865953,1663.310396460533,420.11180038167464
10.81,1907.2241856300154,1695.457551905357,393.06761700081597
10.81,2149.06458940057,1615.334568326572,394.0822644081677
10.831,1974.2535893644977,1658.3069001033614,403.76089863039635
10.832,2017.8532005011605,1602.569391969451,405.54962023055276
10.853,2037.0475465034867,1618.8522682285861,416.39721483708774
10.853,2037.200396867921,1618.1346889364843,415.90452230723616
10.875,2092.804511980955,1644.0711114828591,410.41990402850456
10.875,2129.874841590774,1693.9987579590502,416.2891746457211
10.895,2012.0906443517888,1583.3981821053737,429.34811990655015
10.895,1974.550378715247,1636.7009982536233,417.09580278923136
10.915,2132.253306049189,1682.4159790446347,415.38048372879734
10.915,2043.6206953681929,1635.1284750856942,411.6627424983196
10.915,2085.5624365894873,1516.730096604752,430.1730229595224
10.916,2038.1314874904908,1678.4684346380022,418.10166774762814
10.936,1972.5031314914809,1593.850144901116,417.164151690642
10.936,2055.216912934813,1645.8813562987368,424.420825884427
10.956,2035.0794893045565,1685.0235449669017,409.935895283175
10.956,2097.401680656397,1629.2411444802403,418.82999269150514
10.977,2044.9831669231055,1609.8416977376821,388.8825627866041
10.977,2051.2017071193327,1627.1248102616269,427.0216231279167
10.998,2132.5758984173654,1674.4049950043789,439.392359704311
10.999,1974.589158641778,1672.316968832484,403.5317895170872
11.018,2088.7054946862595,1639.6486494384362,380.16738987135517
11.018,2062.3365848533713,1554.1739181798573,431.44475146863255
11.04,2117.360674751082,1730.6929769475896,420.80585108732816
11.04,2136.489117104432,1602.3122836620716,418.6097380359277
11.06,1917.2167038852913,1684.9254445864372,392.8954365540835
11.06,2136.2190861029353,1611.293711660644,434.4184097326909
11.082,1958.1180173578514,1646.2001145452077,378.2275557661134
11.082,2016.4565948083277,1655.6969525213983,418.10494184579096
11.082,2056.6691416507897,1673.6723910562023,423.17635946141803
11.082,2125.4459474536843,1694.3109698479436,413.490251916195
11.103,2115.6712453165815,1693.4822463823848,400.3206009980285
11.103,2111.6693955343912,1574.117025520554,431.35483001702994
11.123,2187.251990630526,1645.227893340997,417.512442855707
11.124,1979.5678686662095,1663.469674785635,438.5953722380483
11.146,1976.7241808890758,1665.8418625402264,413.115747923011
11.146,2056.595760051582,1600.2295814813106,409.09898446642273
11.167,2031.1911198161492,1728.365934328766,406.63636486084437
11.167,1946.7724436277103,1643.6157439054077,401.13614626588077
11.188,1898.5812505769977,1669.1489645625406,407.726037152187
11.188,2133.636123587732,1685.432143151913,421.54480529481503
11.21,2098.237283817917,1672.5978281030502,413.7678245214853
11.21,1998.6277144611995,1670.5905783647836,427.1090441437306
11.233,2150.891646350623,1622.292524488976,419.36910797467465
11.233,2032.7140408011912,1742.8237200233455,424.1879815237643
11.253,2189.5285890247624,1604.1340925404984,441.0061554515267
11.253,1902.428491273271,1591.0570212411094,425.1251936235891
11.254,2241.226313425291,1638.3039430126225,417.4967622217844
11.254,2109.0288937446144,1631.4398081849117,420.6439321226612
11.275,2018.857652880317,1602.7934590141845,428.6050872289024
11.275,2128.5619611971706,1669.4364920244127,387.689795718712
11.296,2098.024559618441,1724.4978735455738,394.8402801082288
11.296,2030.520504824665,1684.4508193919999,412.2942958826264
11.318,2016.4889958386061,1711.8119469670148,393.8814671634748
11.318,1873.7239074026947,1503.099082059048,405.2585810882457
11.338,2091.66711453892,1720.8422966250143,400.630579208518
11.338,1964.739670446578,1610.352704542266,424.02963951186905
11.36,1995.7528483931671,1557.7525862120335,431.85829014883717
11.36,2046.1121549219072,1767.5088149554288,437.03335080529706
11.382,2056.7964264583097,1690.1990653087773,395.05796475975427
11.382,2087.640103315617,1548.0453296059034,403.76042771545895
11.401,1905.102320443123,1629.2963075542718,411.0224000748152
11.401,2063.9179528568375,1591.2392305217206,415.49164133957066
11.422,2092.1395137814816,1647.528802348527,432.9340471861819
11.422,2026.0574461537253,1643.6997345373236,401.8063562355702
11.422,2094.9319201459316,1730.707257854684,397.9822358972147
11.422,1951.6599334973714,1667.5817526687897,415.115821962882
11.443,2073.1025390350874,1614.1222708660657,430.3942559507459
11.443,1987.1932722751867,1738.058742264212,426.42816121056114
11.463,2039.7669950873214,1631.178373059167,403.3531280658828
11.463,2181.3568098468777,1659.148903608935,404.8158367838455
11.484,2026.745961024543,1733.9807878093188,392.3263715612793
11.484,2059.8484138267263,1660.9454785532969,427.3564426309494
11.504,2030.553915760277,1653.9458432892554,414.6483296174511
11.504,2177.3553992564603,1611.6314077677207,448.2675461934118
11.524,2107.1458293878413,1682.60822564349,414.5917445338902
11.524,1967.8611431785575,1724.8453942378258,404.8766585346298
11.547,1951.9429347497114,1520.7493955515847,439.7770495446951
11.547,2102.53103322531,1638.3319567851022,412.90401895978175
11.568,2003.807367926098,1577.2686962189205,430.0569502231539
11.568,1972.0549038125318,1705.1153120862748,394.9352106013507
11.588,1931.4019685051126,1700.536291375956,416.2888423516769
11.588,2076.983405830586,1608.2066587261247,439.01232546824406
11.589,1920.2771812240317,1581.8334386679958,428.1918213419888
11.589,2069.089294091938,1691.7061174203984,418.43211109586747
11.61,2058.7137900597986,1675.9703463181684,414.5412316525437
11.61,2048.0977735169863,1595.6552428717473,440.43555482979406
11.63,2000.7793795720443,1627.6646141831422,424.86077755971525
11.631,1961.1461986414422,1729.7663599768334,408.08826985998587
11.651,2152.568345183447,1604.8901792461218,413.2144533354125
11.652,2075.861989926467,1720.9428776775726,413.33276625241075
11.693,2059.1216728500294,1634.1417513454692,424.0760963692685
11.693,2141.1774914691405,1660.7291293510398,395.54811511568175
11.693,2029.7812979880177,1703.9140626720537,426.3685164946454
11.693,2061.5313594516356,1647.1718996129491,420.00376049419606
11.715,2012.0132853707412,1619.3415826475625,441.8663160710607
11.715,2064.1921974005213,1623.9272875563665,382.9587641454301
11.734,2051.0113232722015,1638.8978072016569,420.01624780141333
11.734,2053.7156913861327,1469.6050372347631,392.85307868580816
11.754,2076.729753203729,1644.417039065367,408.97969672853935
11.754,2065.0741184541475,1686.8558744452262,412.37494891786355
11.754,2084.935072345099,1598.6528365656222,432.9047810724138
11.754,2099.509316863463,1571.7733101652275,422.7107705510226
11.775,2045.124982342399,1733.0754497196338,423.44985094159273
11.775,2008.0466697393883,1703.7993888615495,405.140809423153
11.796,2080.86124899929,1624.1064544732346,415.3803412222305
11.796,2087.2883076249923,1637.2504242726827,407.6147538932405
11.817,2202.1558235810244,1700.714258199639,370.8120768533491
11.818,2046.7910087880098,1681.654342281839,386.24302485486703
11.84,2139.7475544702993,1610.6117902013254,420.82030590272313
11.84,2102.4364604036773,1620.902494715239,443.3853404117592
11.86,2025.4740860457362,1652.5969806113076,412.505698676955
11.86,2090.3489610759943,1647.688541267993,400.9200377952722
11.882,1979.1910980664027,1643.7734942126306,422.7063745863367
11.882,2045.3710463164414,1605.8980490840008,399.1935489177924
11.903,1971.1065293984293,1634.1932965586443,429.31260596893156
11.903,2003.7147037627417,1737.8456277881528,403.800452046535
11.922,2051.2685100349836,1607.095188248412,420.97933760635175
11.922,1956.1857860943628,1570.1377244988128,430.3917465739188
11.922,1981.289556378801,1651.8975423250884,415.21086530997263
11.923,1987.0981362926982,1674.6149835504648,428.83244021551957
11.942,1943.7220124260332,1608.4685080201616,406.09943402948966
11.943,1985.0062027711897,1766.1064218062897,421.7550320061352
11.963,2114.727566456768,1691.0098958644621,398.49115518241956
11.963,1958.1063902049996,1715.011543575161,413.53484614280796
11.975,2028.2159567844747,1589.0771972791804,390.4827351248718
11.975,2182.167334380711,1666.8058179883403,412.55160739498405
11.997,1952.6624413233617,1568.5913067537392,441.95236996808944
11.997,2064.4823826515476,1657.8072310703635,414.1545945501146
12.016,1958.853252928311,1625.4433272312558,435.5028191101244
12.016,2066.27848105508,1632.000814594762,423.43257085188407
12.036,2124.9686132723737,1676.4407469325886,417.8766265384826
12.036,2051.700603918749,1628.195928438925,417.7063942903518
12.057,1991.535554918098,1709.3830662255646,421.13354692710755
12.057,2067.053786965984,1655.0826997847878,420.32306115435705
12.077,2098.8821334801487,1666.621232359416,408.04622302580526
12.077,1931.7697655766333,1604.5625539349994,423.7344704124714
12.078,2004.903276687068,1566.2965741486846,394.6862129828444
12.078,2057.5931157860223,1589.7837301408038,415.6255132921257
12.1,1952.7092607001823,1696.7737898618984,400.75034171837365
12.1,1932.9698558216269,1603.8921140668392,399.0124678390905
12.118,2082.2412478116635,1584.3657322349065,405.93595480777066
12.118,2171.6551236969053,1694.3042182706654,453.4294658509229
12.139,2092.4234999119817,1665.2088763906902,410.8325591077341
12.139,2223.979407897742,1533.3701955136646,417.46314580192274
12.159,2156.99724493606,1536.2506834351932,415.40739842254965
12.159,1992.8924366547799,1669.347057500902,403.72165782246327
12.18,2080.400526449938,1581.048477742479,441.5636919639299
12.18,2068.3286286132643,1623.0800048338904,422.18394989939827
12.202,2055.414490524194,1573.972546860613,396.1220563346057
12.202,2038.1987268215423,1647.9181523895527,420.79005882557817
12.223,2082.074624059354,1680.0708233019755,436.5342087241331
12.223,2004.1851009536376,1618.2852844843214,415.2328026141177
12.243,2134.119316591627,1610.6232391165538,417.56188165073684
12.243,2083.925810022952,1595.8124010207289,437.55382281272017
12.244,2078.727929242224,1648.714049864217,421.68996520304074
12.244,2153.517975328052,1668.0713735786,453.1797860170319
12.265,2008.155816102333,1623.563844559682,413.3468785265979
12.265,1994.6379424927914,1632.417636144828,423.54782029445045
12.284,1963.7638744048775,1642.5622829840904,400.5416298702438
12.285,2053.9679736979274,1796.2301193592195,405.75797374252517
12.305,2000.5254812364667,1620.041541536133,423.0061787271503
12.305,2084.0264923710074,1709.3534580722037,467.8030341621928
12.325,1964.2897516315688,1702.3044419880873,446.98853606513416
12.325,2089.0099534386613,1719.0115765396297,408.81335274956723
12.346,1995.851830087177,1653.549318321674,440.88993516312274
12.346,1974.6794617734843,1546.7682150477872,400.7754664195655
12.368,1979.6784490075795,1671.5271142726847,402.4349911596415
12.368,1983.4588982888365,1679.7175618979854,430.0719115944141
12.389,2183.8398198958166,1663.996239862324,421.9478263901382
12.389,1981.8008598558977,1597.2934686408855,434.38836244460396
12.41,2123.702159775394,1605.1511065692896,422.61203638894585
12.411,2087.184963256116,1585.3559704725744,380.33120889291587
12.411,2032.7225131763944,1601.6875381972964,432.50756102210613
12.411,2063.7507847361658,1587.301344572805,412.56791297603195
12.433,2009.998224140727,1673.5673504472504,401.39699225046115
12.433,2178.081756357908,1677.8387664542947,423.9212776313354
12.454,1993.3269204403646,1709.6082546828916,429.00353272573176
12.454,2051.5978661355853,1604.4449008155666,409.314879463021
12.476,2039.6882159391564,1667.1156095624642,413.99228553911814
12.476,2038.2094222214419,1662.7182231871027,426.8080618949473
12.495,1924.8175629446855,1658.8850738835358,428.8838024802839
12.495,2016.9972732348376,1640.3690047205757,419.6633822638506
12.537,2127.3004126763662,1604.8673206495973,436.221540870512
12.537,2107.037575192577,1712.8527845486292,426.7048006544508
12.537,2004.9768334622113,1627.9416325854033,415.63169860519105
12.537,2054.8921835907436,1675.3296415646648,418.6423657041053
12.558,2133.6563151636196,1659.6638823272651,392.2830897921432
12.558,1974.0255284345149,1593.4915743759796,398.2297466895026
12.578,1927.8418453328088,1621.4130162936374,406.1115980567554
12.578,1932.5853216971036,1655.5662080724223,417.7951495878116
12.578,2079.2238591420946,1712.9969845817182,439.92275986801315
12.578,2103.1736814815404,1733.5592772732743,467.7576482783747
12.601,2031.5551720819121,1734.4811878567587,404.6872221852008
12.601,2119.9575310691075,1580.4494310602101,416.4245861351795
12.622,1990.28845334603,1752.1884575009633,410.87667474997824
12.622,2078.372730847036,1610.1724555235842,428.7138494139394
12.644,2046.7138966866812,1666.5964167144325,434.5190575878009
12.644,2035.0794824898146,1668.507054123158,406.13569843385244
12.664,1917.9990830740783,1597.0763118415587,417.62708110367646
12.664,2032.7683367091865,1700.569761362799,395.9957774863729
12.684,2184.7448263088645,1614.105373525179,409.5494417711468
12.684,1972.2660572764476,1565.280310492581,411.926941281461
12.706,2034.0051192151286,1664.1495329506924,406.47156825810066
12.706,1975.0930618397665,1597.3365078621207,410.9636861133007
12.727,2089.142720862361,1692.9436090446814,406.5648455127816
12.727,1961.699946088144,1608.3161187908902,406.9575646977498
12.747,2034.407652520285,1541.6824428213276,427.4937657532056
12.747,2143.307370896875,1624.9392922435904,428.2785522894754
12.747,2079.080365017586,1739.881443742797,398.31254099020924
12.747,1983.847596044687,1613.552522758538,441.48583900190005
12.768,1940.7800144448247,1599.9204932180135,410.79417431740154
12.768,2115.4252779364474,1647.2414230767088,429.31357177469147
12.788,2064.7666471715283,1580.8942483366184,388.0248462226519
12.788,2033.4154172565884,1662.0347813988346,416.47451753553105
12.81,2132.3066671360248,1613.2293110120838,428.843600412385
12.81,1970.0271725025507,1557.0577219388178,411.3808471005322
12.829,2074.6924457309665,1763.849930623936,418.7858640227122
12.829,2029.1699370878525,1608.8630789926267,419.2751045293617
12.852,1918.2717902512302,1570.7963338674351,394.6352380185972
12.852,1993.1067264211424,1657.3989612115797,383.01561737633597
12.871,2134.2692609693427,1639.772168737695,432.1331931257793
12.871,2044.0551586199463,1582.191542150353,419.22356736954697
12.892,2096.7930308228,1544.2564334477643,430.0639853399385
12.892,2010.823462739449,1646.0315146767211,409.2362663476452
12.913,1991.2319572919967,1666.7116179763188,392.9285024358302
12.913,2149.499471165206,1619.8257049323204,395.4519259711842
12.913,2028.0288163325379,1782.29376211884,431.6508760907936
12.913,1975.5979296668997,1702.4050686201724,419.3143320669009
12.934,2070.3808006767617,1625.6963682072378,435.90240645202505
12.934,2063.0937671294046,1507.1783044696758,419.11931762354044
12.955,2049.5583752535335,1742.792549209043,434.35741384846625
12.955,2010.7827825201841,1658.6048561843045,421.334070341697
12.977,2219.680079199211,1720.6255849680892,429.08219474575515
12.977,2043.8960856394451,1657.1610324039113,410.1591411025059
13.021,2140.9363217654573,1724.3960690699196,424.98155167975267
13.021,2157.7477936654495,1728.0185470058104,425.81365931758427
13.021,2072.0048376551294,1611.391335521445,414.16439144364676
13.021,2157.7415944454847,1768.1341196168908,399.42537707561536
13.041,2211.851541254457,1597.97174993151,384.5665139318582
13.041,2093.335716151175,1669.7614692992183,421.30705023657526
13.064,2096.9339310849155,1581.2814768290289,435.05827965906826
13.064,1947.1212807462286,1630.9960802169198,417.78764651741795
13.084,2169.5850587750533,1675.9059175445952,414.19507564300704
13.084,2112.7825571912517,1621.2273240585941,428.8208540030275
13.085,2025.615947292062,1688.0744077765662,422.31599172606104
13.085,1983.4349209757181,1690.873026260643,409.61862040699225
13.106,2005.2375351354376,1656.5180895510762,413.1696956570212
13.106,2037.5733968974912,1674.6961427888996,406.82705355510905
13.126,2016.4644319433157,1610.0445167861005,436.72657530358845
13.126,2091.0362112835087,1616.356306896815,427.0409490678002
13.147,2053.049233015485,1783.4683807546207,414.85932929726687
13.147,2000.7153774717278,1602.7606926657027,416.3298514865801
13.168,1968.4175684439076,1607.4908507647144,412.4620955679644
13.168,2041.958932949856,1622.3103393262868,416.8753872509242
13.189,1966.6760253322777,1712.7925662135765,429.40658465917926
13.19,2002.1577052253338,1678.926432852877,426.10538188766105
13.208,1969.9958965922083,1693.268623753349,417.3572458227919
13.208,2005.8286167601111,1593.6658389817546,450.9352326966487
13.23,2002.1431428754213,1594.2263550610564,398.14079525561704
13.23,2109.9959464443377,1606.2456927660576,434.8729392500912
13.251,2052.919731744022,1690.8278522877326,414.7913016386103
13.251,2049.525163861817,1659.859551576408,448.76236261994444
13.252,2024.1981265350819,1711.1882138804813,417.7373831567719
13.252,2050.135532245092,1624.874257194492,395.6377108917748
13.273,1965.5315749886968,1606.7844464721636,404.4203770638319
13.273,2106.0318220400704,1686.4516766101901,423.311798329274
13.294,2185.3990629061036,1627.0802915543857,403.92980999613934
13.294,1968.69287676511,1622.5094516018717,421.9442454710632
13.316,2141.5832781412255,1683.334163764418,417.5491366589643
13.316,1932.661524264407,1716.672498199511,408.2160085464934
13.337,1969.5797048082209,1624.2864558624153,426.73689637629565
13.337,2094.758172973189,1714.3110456249278,426.86859346092604
13.357,2069.9219221219455,1671.6375952199337,378.8038850075409
13.357,2059.0376811457418,1677.6178005604957,418.92806598646007
13.377,2014.5449425495724,1646.6210512927992,425.208380799176
13.377,2096.6118270278216,1778.6975270800338,441.48255574980385
13.399,2006.9805332076905,1680.6976819077122,423.6432791836922
13.4,2118.2882376611415,1621.6339828675666,418.5037281162134
13.418,2076.090005126421,1574.269427941471,425.01533934937805
13.418,2057.024135256665,1646.03697635085,412.57479184067125
13.419,2154.524255559794,1708.5239147782959,394.9891426300946
13.419,2133.709552583389,1573.5866597940924,419.19832910729826
13.439,2001.675278375362,1611.384633700215,406.70011431329004
13.439,2183.440197411367,1671.5782396796264,410.75900919958923
13.461,2096.881673950041,1649.6908267152116,381.1610063923295
13.461,2052.7019574676087,1736.9649671069326,432.59675641855625
13.481,2161.9478087459256,1684.1073981448421,444.3133073966064
13.481,2048.317518422621,1654.8478824555102,426.89157496997404
13.5,2030.3947540679392,1600.0128147922276,420.83933632227837
13.5,2083.434761117159,1634.0171860555886,427.5512320739972
13.522,2038.1702358550979,1634.4444383025248,403.6846629498076
13.523,2058.394586299938,1610.653399229483,421.32061719170974
13.542,2100.244866245874,1708.7538427888485,425.9193816794873
13.542,1959.8960543797184,1588.9838423085712,417.80521019897947
13.562,2046.1564360236953,1715.5484811041417,436.0451994344192
13.562,2036.5042984930067,1590.723746532359,439.40110824017535
13.585,1906.421022874314,1653.09548208814,416.13885800808123
13.585,2000.9220813544302,1582.6173606682187,396.3876144277329
13.585,1997.426837921688,1566.5101598522112,414.77250991064477
13.585,2092.040032732725,1702.9877333755833,427.95636322160095
13.603,1988.3857683426147,1663.7139776930683,411.58318856403537
13.603,1988.3706967860255,1648.1454727362802,401.6192587772452
13.624,1986.4292633365549,1609.0809939885958,391.9050650581305
13.624,2041.1765488768713,1720.8448395646546,433.3222009198718
13.644,1992.6238428717618,1684.4522188108554,393.22097091277294
13.644,2020.8489498773954,1668.439474732009,410.5518295959655
13.664,2112.1229539472733,1675.3777936604674,420.26202057241693
13.664,1886.1031297891593,1654.0833528737287,411.41141957366403
13.685,2093.883910745902,1627.665260670631,421.9110458251047
13.686,1973.14093297812,1712.6092885764688,426.6971862240779
13.706,2116.661178176691,1651.2521853594626,429.325343197163
13.706,1967.4871058646336,1697.223353056118,420.3555033408188
13.726,2004.612249295692,1758.2157485325677,430.6910188204216
13.726,2054.4541468303196,1582.9660778096882,426.03280980231165
13.749,1934.97863565223,1668.9044533179522,416.6287642240803
13.749,1939.9308739454607,1654.8532883091348,449.8705704844361
13.749,1904.3455659559831,1597.7005712717123,401.99756490545695
13.749,1952.1596147054834,1649.1348676223568,414.2648965485111
13.768,2093.3121245419093,1700.972044088786,430.0034622552518
13.768,2013.7395984199497,1583.5948252106473,418.15724173345035
13.789,2236.3127526847475,1624.274742043857,411.52091040878895
13.789,1997.1946887614,1517.8680852990487,403.20764452985713
13.809,2007.64655907288,1696.9887116539742,428.128698906307
13.809,1987.8154665901527,1661.7169027680218,413.0865271591119
13.83,2198.009869896938,1776.2047856268114,428.6472702502967
13.83,2000.6640028735585,1749.206461082813,438.04973069740527
13.851,1968.467168768935,1796.0522027963616,420.4209533134966
13.851,2013.6721578274728,1524.977732788525,447.3904068873035
13.871,2033.9860553246124,1554.0585398669816,408.632078541058
13.871,1956.5216188848262,1753.3908863147622,411.7494566462681
13.892,2048.1455397061127,1637.7412200169197,417.9904817199168
13.892,1980.9593461594986,1605.4774678492565,449.5027175932
13.914,2130.649372630458,1555.1234208344108,429.24490697046406
13.914,2082.0847975849165,1676.749334892768,412.23639250106856
13.914,2072.638300270017,1624.1199704524868,439.95789110781527
13.914,1858.090389146423,1683.4247756848138,424.18445457219656
13.935,2079.30533847781,1565.7366107826576,426.5206950889604
13.935,1980.7633920919798,1621.737209565072,437.0258170146509
13.955,2084.844358700262,1654.8465577893526,392.354218908551
13.955,2076.3132488643573,1603.6199768170648,432.03158796486406
13.977,1988.6480341302422,1690.0035754589153,411.9507334471682
13.977,2133.012258639378,1733.9814211727348,423.26822634093355
13.998,2090.7727494102974,1629.964916988016,426.007341977071
13.998,2111.923991755301,1645.041897804502,408.0503537142255
14.018,2088.707527726281,1712.5480263963007,393.1502034997053
14.018,2090.776478956159,1625.778003852048,429.78155784882813
14.04,2170.337560456002,1730.9255649396453,412.64182153434996
14.04,2151.555573947564,1711.701958611665,424.0018453885388
14.06,2022.120498077331,1639.175937529425,434.16015617214026
14.06,1917.261312934032,1610.6505764993535,413.53256653523937
14.081,2110.2334923634176,1594.9036095686904,420.39868956460685
14.081,2124.858422020434,1647.4656822864872,418.14729664526686
14.082,2090.276779922066,1619.155529720687,428.3192439452674
14.082,2128.3800740282213,1695.0705802488017,389.1878973391698
14.103,1956.620751214045,1688.0651946972473,399.2365661252727
14.103,2124.422884130159,1563.306068643646,425.3575317334754
14.124,1991.324242831615,1673.5474695080727,399.6410839726871
14.124,2046.3465421357955,1591.0411912692857,432.96618967202545
14.144,2029.0289100219363,1631.0867919404823,401.6924879076956
14.144,2050.124465968174,1670.6522518058648,436.6236325348727
14.164,2015.4437858283625,1711.0317694532234,421.23001842075735
14.164,2166.4543164355237,1767.9648412604706,406.19199572376476
14.184,2094.518342250834,1660.1800826076847,433.4332177876586
14.184,1969.209323577607,1700.5918384112274,442.9179959498435
14.205,1986.2618885762095,1625.8923822311206,420.6700513278713
14.205,1935.5230970965,1569.649375641932,408.04832993296566
14.247,1949.0363928970348,1516.1062885007045,429.3550157557831
14.247,1911.6168389801674,1644.6451780721652,408.1479517324917
14.247,2024.3684945401442,1627.1022916815264,407.57617024521033
14.248,2038.2866449452151,1577.6544360415294,395.73069005713046
14.248,2116.2327018017077,1648.2346181928324,382.59324072721427
14.248,2049.8400336064706,1673.2722415055507,414.0784597732487
14.269,2045.1672419982972,1690.775408040981,429.2861870314406
14.269,2139.7256995116904,1629.4535394536235,408.0700506799458
14.288,2148.3005549026147,1644.2942461072594,422.7819371054067
14.288,1826.8042214306797,1596.419660603763,407.2456775010517
14.309,2076.996278052674,1534.9621453881591,424.2136074764862
14.309,2018.660671282774,1623.5284873157498,412.9302772416148
14.329,2088.217565188261,1615.8791205391262,386.78169966811237
14.329,2012.1204213726762,1648.749802968473,407.4013233130522
14.35,2044.6098277524661,1707.679458582188,427.7865566788489
14.35,2018.7151102732657,1526.3687628546475,402.9019446945836
14.371,2030.9607187124996,1687.462395593252,423.2693793988429
14.371,1979.6771158658842,1668.9196908547713,424.6666128476769
14.392,2132.9214357666606,1645.5504453112326,403.0382989822541
14.392,2143.7118108528007,1694.648095263989,436.52005236982023
14.433,2007.5438425274929,1693.1861746477896,419.36697732020383
14.433,2136.8564595214466,1543.8161511350984,439.2640662356193
14.433,2002.3622019322759,1681.9875329946951,382.0091367114522
14.433,2191.420114746768,1739.4341093956637,418.2265853897606
14.434,2036.942256844262,1656.9999098282606,415.88350511556456
14.434,2068.744637205932,1617.4598415084906,457.2090448402723
14.454,2125.041320168666,1591.763361496372,408.0455636138972
14.454,2026.0543227865965,1617.1738629377232,417.7052024054654
14.474,2037.2808373277774,1672.5066477662826,421.80229716006636
14.475,2069.177593239697,1578.5638837312351,446.17899558591205
14.495,2178.826282455861,1626.4382030882732,424.9568412968588
14.495,2036.4383558278637,1554.0684824555356,417.96489499788225
14.515,2044.1175421689784,1664.6498984115167,425.88544054475614
14.516,2161.6328803851866,1613.8603135949195,417.103103232707
14.557,1931.0366711402096,1647.19328560626,407.3146556403317
14.557,2016.0344893041954,1640.9438352660832,427.67572319674156
14.557,2031.2414711884692,1635.9339186149343,415.9999358304207
14.557,2013.6379610820923,1702.196898692091,428.14715418974794
14.577,2079.4848423991675,1598.5458085475188,426.63628738266704
14.577,1985.5096355587264,1687.429560863614,400.2442297482979
14.577,2048.051261672976,1616.7849748208084,424.4621776969216
14.577,2107.2546757105033,1583.1064223134981,413.70492441747155
14.598,2015.6575054007694,1713.995082460781,417.4347287546304
14.598,2063.816072856524,1655.7580853105278,386.2199226781442
14.619,2082.1497389056635,1612.538188169869,412.7694426821184
14.619,2088.8008864412577,1642.581246257599,440.4446475016289
14.639,1976.5563370289415,1658.457738100771,416.15593341182057
14.639,1975.753819915784,1655.5000245262563,448.52694985917674
14.66,1979.5192926491684,1647.2936581848408,411.89008622466093
14.661,2066.4688856010257,1612.1905181851341,397.52910062964577
14.681,1921.6951727954045,1638.3102115353645,412.498909864981
14.681,2051.1808945972907,1614.8715996347275,424.0857233733916
14.703,2002.1207614331527,1607.9312167694873,439.96855730228367
14.703,2091.4785190581306,1674.0233620521183,437.4912060529455
14.723,2052.483401975845,1666.517235314264,414.6653576530817
14.723,2156.079789958799,1651.5245836311312,408.189095537726
14.743,2043.6658256107971,1717.1759056142607,421.5169997251859
14.743,2057.4716222431525,1626.391234874431,412.46546220566626
14.743,2066.31973950719,1705.3009120912086,438.25346147265446
14.743,2091.807954225007,1689.279262429189,415.27714802736557
14.764,1926.2333133688103,1617.2090886700626,403.80718661791036
14.764,2026.589050708898,1628.1871007820635,398.8530633793372
14.784,2050.5565020092854,1648.8591397438677,446.6189721261671
14.784,2046.1460718592155,1623.75949870303,392.9864490249662
14.804,2118.512573168165,1603.756294944259,401.8862625957702
14.804,2033.5359573698604,1652.3989931501958,400.2290454878887
14.826,2018.0437740375712,1659.8525867647038,413.0660083944654
14.826,1946.1342520303615,1726.7376672227524,418.70927193380913
14.847,1971.0181793949698,1705.5212189201607,438.40122298793216
14.847,2141.810898852179,1672.227976066256,417.4571306617065
14.869,2044.854040808915,1730.5415769109447,419.71870669068176
14.869,2005.529489218784,1570.187561698003,431.97575477754765
14.889,1902.3303472260857,1588.7750517297977,409.31754291292145
14.889,2027.7088332989538,1626.8640493614935,412.9145817692168
14.909,2091.570565008223,1793.564977464933,392.3197703524344
14.909,1953.8584097746152,1781.1667145208428,380.3301196657071
14.909,1995.9851459572192,1590.955354659718,431.64314711458354
14.909,1961.9959467262504,1584.1580358322626,427.7808211750556
14.931,1997.2407176984673,1604.015685832889,430.9239282690936
14.931,2113.250934638416,1690.1473951029075,425.14261323689857
14.951,2049.12721618602,1531.6090128736905,385.24449901578066
14.951,2035.7790910707083,1646.2774432174208,415.0147517545381
14.971,2002.5905776022958,1634.5310795077576,418.59226996703677
14.971,1996.9263541213663,1639.7753647514749,416.7207101119915
15.01,1979.7038705480518,1728.455245629823,403.57180229908
15.01,1962.375685983637,1616.577066141748,407.76374837170187
15.01,2066.8101273054945,1678.0736890937533,452.2331987084528
15.01,2052.430646678399,1692.0063736596182,410.12934491082
15.028,2016.169341097035,1619.8145386660144,411.4066654071664
15.028,2039.152227662229,1641.7275988141496,408.605032898896
15.049,2069.362929396556,1583.5938528860045,397.2382362373652
15.049,2097.6622057849877,1640.5313175531144,431.7377109737948
15.07,2071.886880444032,1621.4155983414541,418.9970096567471
15.07,2117.0882108134515,1716.6798409969954,436.0346456449103
15.071,2004.2287799953428,1718.5786073661675,403.3542996637978
15.071,2012.5489785442105,1634.638602950267,406.48505789929453
15.091,2057.6044865142167,1733.6845315120768,409.8751564716263
15.091,1948.5449322421473,1666.355396983637,412.46542809019445
15.112,2056.368017472379,1572.8472581456585,416.14099970241256
15.112,2112.1183466597436,1582.2110810729655,411.4411795203178
15.133,2017.3249667087623,1623.2712299889859,413.3314417384751
15.133,2046.6227563615328,1717.5675874358183,396.24226733822434
15.153,1931.973821826396,1699.7169946326599,402.9996093199513
15.153,1997.0389401925638,1686.9392662448881,407.54351598273104
15.198,2001.292956945748,1584.0351275284556,421.03887479376453
15.198,2138.7140882676354,1619.731150603889,413.76250521998924
15.198,2044.900814282061,1603.8432944888814,424.9011230565115
15.198,2053.073304231198,1666.927320668385,427.5000660712346
15.217,1994.3037602594954,1651.4641897128683,417.7997909198176
15.217,1965.9367632949782,1649.3621633258554,410.3121811499458
15.237,2014.4256107404167,1552.7055985985237,415.15645459238
15.237,2109.9737891028394,1616.8379764539775,429.475514647258
15.237,1982.9804157562346,1687.5992256526722,448.6213703911382
15.237,2022.3072980364711,1690.3606197241304,404.3926094139604
15.28,1927.9906606768634,1549.8468766849312,410.8533166852707
15.28,1963.2484586663857,1652.4879641489765,400.67606397412777
15.281,1972.8298627290417,1666.1439219580868,426.5144386986169
15.281,2028.3012234649414,1654.0338310254722,426.5851779446546
15.3,2076.602505216032,1687.6155799491817,420.9533220915894
15.3,2010.4283367016617,1599.6651266017109,429.56410234872584
15.345,1971.6083503187838,1732.166594301807,417.72025846882707
15.345,2190.3205659126957,1744.5304430563297,427.5772981322629
15.345,2049.765976194697,1682.919486539699,426.44611360621565
15.345,1957.2085456528669,1667.8289519746033,414.0746700066764
15.363,2012.9646722628709,1641.5291117153054,400.9994294485997
15.363,2135.2298805630626,1752.6000679951505,433.67255690517163
15.383,1965.3253875106784,1639.1609541964817,385.74036004743647
15.383,2025.420610540023,1645.1963575416053,395.42552908707006
15.403,2075.9078116831847,1616.5910797646227,452.7128877450031
15.403,2175.8448644249106,1684.6608529644966,409.98346571170276
15.404,2064.8861144959747,1699.113156781326,434.1859113892025
15.404,2011.82357698332,1648.79447606283,407.1984866152231
15.423,1993.1390245126033,1809.5129211521407,436.97535501084775
15.423,2101.6105319619846,1711.8353398552683,449.8427378129859
15.445,1932.6207168068436,1733.658090986338,419.06776274236967
15.445,2000.9918907843196,1627.8054782621784,413.5165073726061
15.465,2096.848323086458,1584.56729244481,449.10330448581067
15.465,1882.8464031647156,1547.5203632111563,419.91082041316866
15.487,2079.8404981985104,1698.3329017545225,406.18983554870607
15.487,2047.5570366269565,1597.6134638567564,422.21136069965684
15.509,1930.9041361964928,1697.7557442909674,410.57488390589805
15.509,2093.4688395969893,1644.544339623573,402.839950159838
15.529,1946.5310947291787,1625.4997479880078,432.4117167988937
15.529,2122.311670183106,1647.3906244430661,415.23731203874604
15.548,2043.3617204417926,1695.7253064569218,417.45243462743736
15.549,2033.9065974776643,1560.6559304656828,401.19258293663916
15.57,2024.6682653286127,1699.6084327727558,396.4812909253504
