Time,25W,25X,25Y
0.008,2246.9892008702127,1766.2622464066174,3597.571454132063
0.008,2451.8319209511296,1564.7238380199476,2728.0322170911995
0.031,2099.3948746617657,1645.9465198458206,2912.3945512805776
0.031,2324.2255467264013,1814.3828301209119,2914.805970764515
0.032,2235.0692578051476,1786.231516742923,2774.4099185919213
0.032,2370.611989059763,1780.327030070149,2452.774558221308
0.058,2262.13375802399,1684.2793775469381,2911.0660744174097
0.058,1914.118981665591,1829.566984165272,2786.0099044814456
0.085,2398.841726147668,1814.87122560972,2338.419533550812
0.085,2100.8808095735603,1538.048068539368,3187.482896832949
0.085,2417.60373032468,1696.7116660346267,2664.7804528211554
0.113,2001.151676168912,1542.4992700406863,2771.0908254486617
0.113,1966.4324321230474,1767.0218935183498,3280.017915512809
0.14,2105.21566789483,1680.6790890995153,2935.713590945876
0.14,2223.3787285578046,1782.977220143635,2270.2334088092393
0.14,2154.7922928908124,1820.753466898694,2784.8438714166423
0.167,1951.8494296354336,1996.4962089371215,3302.377786883905
0.168,2139.5383042112708,1747.9353912542667,2691.220176198221
0.194,2225.8710696215676,1480.5078597571498,2898.365222967728
0.194,2097.0378225662384,1813.637405517054,2663.4045004262307
0.194,2011.6025278408658,1617.2726257935856,2668.5871136602586
0.194,2181.2364606686983,1735.9489922003465,2680.613317710332
0.219,2135.7944057073773,1736.1145525331706,2759.7131451140467
0.246,2662.4766691195423,1733.7653131071218,2752.700772004812
0.246,2245.5277978102185,1443.0504943488809,2897.6069770406025
0.247,2089.405262125186,1685.020933992929,2723.103689811768
0.247,1891.7850251581847,1678.6884738373953,3078.4817878294793
0.276,1930.6051274057145,1445.0332298317014,2705.3500739795863
0.303,2030.8604201299026,1994.2487094775788,2655.3358296444535
0.303,1976.0744437677843,1811.8639735415857,2509.090762591496
0.303,1855.1031389677769,1557.8384147891843,3290.3432915419157
0.303,2121.57555617367,1615.24729368456,2924.6396804907426
0.33,2105.507571235328,1779.4162443271878,2904.9307576004776
0.33,2027.9878429878568,1610.6770366454305,2661.23344744787
0.357,2100.4220868774983,1447.0399034356456,2782.684460484233
0.357,2194.9799748296205,1705.55052708125,2799.288173369622
0.357,1908.9430361562086,1995.9505236372447,3029.5065664180347
0.357,2115.4580433800957,1914.170710566968,3340.655045701343
0.386,2523.289267442886,1844.0850440088718,2499.5367319670295
0.386,2209.3205036966942,1885.7418313576868,2691.1153296648117
0.414,2061.099967891569,1790.280728631693,2596.8301430279334
0.415,1923.2009084145984,1500.5225616414934,2436.5794705928993
0.416,1722.1529836820255,1631.2064459064986,3067.045466695961
0.416,2359.3649324875378,1518.8669025404427,2550.487550042352
0.442,1970.036150557722,1741.421667955711,2941.8040381748156
0.442,2237.7937987645223,1766.145075948135,2611.444961391732
0.47,2132.144153027876,1921.8188535311388,3069.6252951021042
0.47,1984.3819010314112,1753.2526706023189,3504.3512849039257
0.471,1777.9407806420666,1998.5678507195444,2409.1675208882707
0.471,2226.9494751019083,1683.2309518160876,2747.9231408446713
0.498,2060.3361686798457,1581.7974531869668,3076.2639250302213
0.498,2180.373239353488,1553.505963076302,2884.650793361534
0.526,2172.994700802529,1465.5739918248923,2750.1536902491152
0.526,2050.343414141656,1875.543947380997,2697.7411068053343
0.526,2539.8199255790423,2009.3983863390454,3048.2986046747706
0.526,2343.0679814096266,1808.223868522016,2970.595126532999
0.555,2049.3150806457825,1725.615609099699,2669.7593199072558
0.555,2098.9023479088924,1890.6307312314811,2905.6536402991615
0.582,2334.554521474331,1780.8163164982086,2930.106992110093
0.582,2179.9585897832835,1398.6134352501285,2986.0836364964393
0.61,2175.6438872960616,1830.7529352112763,2541.4253218361864
0.61,2026.0031222993473,1692.702545120065,2488.0302220719395
0.61,2194.2590249963037,2062.4377219682474,2789.1457695984705
0.611,2101.533159743922,1653.4961734556846,2591.926332764816
0.638,2328.1972912485135,1793.1530216845767,2793.4033080470963
0.638,1956.10221520476,1853.6455417034729,3041.6184705419214
0.639,2405.9687424783883,1757.6402038818048,2989.477537836608
0.639,2206.0541445806443,1689.998555399984,2955.725695144237
0.665,1720.9077814169516,1710.152835132002,2766.9781759017187
0.665,2056.4263016120676,1790.3668302974254,2737.349492424189
0.693,2186.6375825257,1555.710707597282,2911.1228325879583
0.693,2038.3571756138228,2100.585673689771,2469.2838227999964
0.693,1801.8647682408014,1851.9490492605894,2713.6539250897476
0.693,2134.687481643385,1695.650395391819,2854.8417997641823
0.72,2116.248014001144,1725.985044006623,2868.052966019703
0.72,2176.1069867509923,1734.7001719516902,2466.5718802245
0.747,1801.670846650611,1854.6901288563386,2672.7711494725127
0.747,2472.772109326147,1486.0647919483667,2852.3128967788493
0.748,2026.949109423989,1840.9114329229606,2622.5553444544626
0.748,1893.9841692398013,1628.1344989258396,3120.997163245992
0.775,2479.4687360483863,1836.3781701747719,2770.11032114936
0.775,2460.6189619317183,1638.6228830331452,2748.8138898648244
0.809,2048.2594781150033,1381.9777085146939,3036.0716079434637
0.809,2360.763170350392,2009.2031525836278,2796.0391629152073
0.829,1862.1368056482916,1642.1752575675525,2659.1786327149894
0.829,2272.1105831910822,1777.3810325255115,2612.4703669203027
0.829,2556.3196217573027,1943.8363927520086,2727.202201285677
0.83,2254.2510612878505,1924.0508233857818,3100.63760890836
0.85,2174.9942697126476,1750.3469386700842,3422.6461157024733
0.871,2541.1995532491915,1959.400266582539,3149.494888906631
0.872,1753.4939343493954,1860.1694529310091,2338.1828055978494
0.89,2505.825459699371,1480.26767782225,3226.0723712086715
0.891,2271.3778919416254,1906.4471643620113,2536.167383598646
0.891,2057.348924658182,1861.0965977973071,2786.2748591072004
0.891,1949.2623491793283,1818.5328941123507,3015.2606966231997
0.911,2265.5533053743584,1726.6450525091457,2794.2944063657983
0.911,2258.1443433626887,1709.2957638425473,2617.628993044215
0.932,2057.760668398444,1968.25741293412,2361.4211693248076
0.932,2574.942562001001,1909.8082892394325,2702.057154354403
0.953,2443.5481501683853,1663.9328731869184,2498.8370376913595
0.953,2249.214160299504,1763.0616008118163,3027.560376360153
0.975,2109.745803698848,1756.9851466284006,2844.592282034816
0.975,2213.262826669825,1735.6165556495366,2128.332562761174
0.996,2155.3246776462424,1669.9994184089244,2955.0123585415176
0.996,2120.1123068491306,1977.9537778402407,3026.496951669777
1.018,1710.2664495321867,1763.8117684803926,2781.09408692835
1.018,2249.27927263238,1751.1077683072726,2530.9386830137464
1.038,2038.0232249625938,1817.3536912356162,2808.4672432383986
1.038,2150.0155565958657,1566.7932800264982,2654.82496098899
1.058,2138.8517294925605,1611.1172147073685,2316.841720543971
1.058,2132.2282729319704,1821.323787411733,2953.957216238284
1.059,2353.268788010362,2066.4012004873307,2649.1334282149714
1.059,2486.441889824389,1873.7613175607626,2607.4010480944285
1.08,1864.5039197971464,1676.0837468977859,2472.435433623205
1.08,2052.3179490712896,2046.2296811989686,2676.71816123651
1.101,2263.210197632282,1697.875927779431,2762.4035120918297
1.101,1925.6107396359712,1668.477948919621,3323.95356504111
1.122,2233.7115225220505,1748.7444342952065,2862.743745531416
1.122,1987.6129715333318,1674.6828600625684,3038.8739172510914
1.145,2170.188060461571,1601.5456447847284,2564.7579985673538
1.145,2007.3795500501321,1741.7096205057105,2787.7839329259878
1.164,1996.3846565535973,1923.2678953109823,2668.3591156960347
1.164,2069.6677168897186,1769.311130659895,2615.6707217970256
1.185,2085.1256066137134,1660.6064814678596,2576.051622305771
1.185,1899.0094201216837,1894.9436999216625,2652.1556021662664
1.205,2238.320248433234,1867.3628283945,3196.796448087323
1.205,2084.7303064525913,1846.8786026814357,2622.4282844382556
1.228,2078.9086710324113,1557.7243100617948,2863.1554056215064
1.228,2053.993825025349,1597.4412187185408,2357.9432664572037
1.229,1979.1273480591597,1780.2909450959655,2672.86439679032
1.229,2141.9777597847346,1978.6010492361816,2919.68013750885
1.247,2014.2382946889388,1621.4556846483042,2732.716316320222
1.247,2368.1917057659703,1633.0855737400414,2717.11722137235
1.268,2269.5862795167272,1491.3156956868227,3383.60361063677
1.268,2294.3299499987506,1881.8006426131637,2760.829672055424
1.289,2345.762975610541,1679.2954746511825,3186.936728930075
1.289,1708.453847345712,2061.839946276478,2597.2970215875152
1.332,1924.8727544405551,1768.2399923137416,2771.7718815819376
1.332,2243.0900645856786,1663.3165876381047,3057.1454682973954
1.332,1943.1214742655907,1843.0941506799766,2860.3669719066056
1.333,2256.553937395763,1821.8327799087929,2557.7728146534614
1.354,1867.8053272480975,1705.8978477696755,2760.677162019933
1.354,2161.5258679826993,1957.1176004867727,2595.575690951495
1.372,2219.0130758482915,1628.1063330161433,2744.370010958613
1.372,1566.02267932414,1749.154807892626,2662.117967512997
1.393,2043.8057636794906,1524.787775462747,2653.523058464922
1.394,2007.8940464281823,1697.0031183888916,3012.3025153577823
1.394,2098.943893978571,1424.5366522020936,2966.6973772169154
1.394,2202.7736547334657,1663.726696244081,2564.6165816068656
1.415,2074.868001142679,1806.5862668760562,2956.4230958527573
1.415,2356.0498071340353,1697.9126180077749,3125.5755794688484
1.435,2218.0490443046137,1624.2263412644402,2722.1216165424585
1.435,2367.7490612409747,1586.6039530317532,3138.820242455366
1.457,1979.6571032787049,1764.9246180822852,2980.3169899988793
1.457,1980.3101665282668,1827.5320103598935,2684.8578080563543
1.479,1993.5861899771376,1824.8898090473504,2628.739789227446
1.479,2112.8105909984124,1732.0496684106818,2890.4689780158187
1.502,2249.0782341889953,1857.315835973062,2425.1439325267984
1.502,2178.4633023467472,1727.757798441409,3112.2842116676243
1.522,2425.9344994203702,1794.3009695523845,2509.1614564268098
1.522,2163.0761935249952,1948.8102657252555,2844.9691270351677
1.542,2203.809062891967,2119.959964377136,2852.4200918596825
1.543,2135.956200459537,1796.3909220417981,3267.434317595488
1.563,1819.715000619051,1921.0176584093185,2914.2474772181918
1.563,1583.380017462369,1769.5731743125011,2718.5905372108837
1.563,1916.2552612658228,1480.9589756581322,2597.398334503081
1.563,2242.53409327823,1828.2585928616109,2578.4252367454787
1.584,2176.861311845734,1608.1722602643501,3374.547042228626
1.584,1955.2079236232705,1645.3211760194934,2815.4455938861493
1.605,1970.294238049808,1718.568404011338,2834.624598225729
1.605,2003.45537861057,1733.9886255598892,2597.797642746665
1.627,2303.9807919897466,1960.0187341518788,2615.7321950089395
1.627,2476.8527889958996,1721.521674554868,2761.517211580021
1.647,2312.380168080636,1712.6041030971035,2634.252960363376
1.647,2354.6656135537482,1816.1455055010751,2965.3676515051993
1.668,1947.6157994211032,1765.9078793510485,2989.2864735665653
1.668,1943.5365395787856,1431.2225920981928,2663.306590675672
1.691,1685.0447630633498,1561.7228213655162,3233.2311057114425
1.691,1775.2334009942497,1637.7697341812343,2964.718470179407
1.711,2238.5039146930985,1812.6419677191402,2830.7314398981084
1.711,2251.2690741812057,2011.2933661832415,3022.90203470516
1.731,2401.466685771616,1510.1805015361845,2917.9766922590447
1.731,1944.8537988516234,1670.9552341664228,3086.6131366743653
1.732,1956.9959237741791,1841.221440008646,2620.8688742572
1.732,1950.9370796982037,1687.4291163513087,3222.242043623963
1.752,2259.3518632240725,1815.63958513194,2564.5608819614895
1.752,2273.047693618903,1744.2134660584568,2670.746884396294
1.772,2366.5666418011406,1937.0903184037347,2276.213960319881
1.772,2177.4475703652947,1739.9729111516508,2959.5646265414885
1.794,2343.0871412254664,1963.2052048662395,2566.43814076363
1.794,2629.810735542005,1273.8371186409372,3048.4660584538947
1.815,2320.343494502176,1681.3562429277056,2981.7108836458756
1.815,2292.5179684368904,1896.2770156046836,2809.341134173578
1.837,1933.3527385997468,1700.8563789068987,2747.262250436365
1.837,2289.7902517374696,1402.2802224321067,2785.355421645698
1.859,2222.7188947554628,1471.8853550879478,3159.078369040588
1.859,2160.302688200826,1856.2768848358476,3244.5612899485072
1.88,1807.4297065026126,1976.3826580753857,2717.0062587037305
1.88,2371.445011295445,1986.796881587794,3036.5812585387507
1.899,2184.3784054179455,1581.8912494500664,2710.3148906692477
1.899,2322.2956650189612,1565.5739911824487,2853.3915255918414
1.9,2410.074716486682,1617.8362646723308,2987.6221177811667
1.9,2387.2455450332845,1992.4260460474816,2538.200681893559
1.921,2034.412307073404,1872.473364424212,2795.381875986137
1.921,2056.3285638905127,1862.6402012122542,3136.3594882234315
1.941,2182.1737045435525,1671.6961127282714,2675.677611112036
1.941,2115.5248747048227,1591.49147481385,2461.108353789744
1.962,2256.8667374929273,1713.5223519072122,2630.5542238738517
1.962,1958.9144871751148,1563.9066397560955,2890.1393440475367
2.004,2413.2250581983476,1975.2809509126953,2763.6886174415317
2.005,2250.3645613022018,1737.486402628739,2726.98194489015
2.005,2157.912304453162,1832.9061736322706,2364.9883976172546
2.005,2144.2604721708944,1792.3621323819496,3253.2307211877273
2.025,2274.6197296199257,1975.8636653728715,2616.709178802256
2.025,2175.770844312768,1765.2301097313843,2911.817611093604
2.045,2384.1768324677523,1900.0081022578624,2346.4785841995053
2.045,1800.9866754777695,1354.475954442404,2929.8418236519665
2.066,2169.9597420186974,1702.1183962015562,2937.973419923453
2.066,2090.7093971569793,2042.677242657096,2374.7286625333936
2.066,1819.6906893030894,1804.3732217932723,2526.9757534971504
2.066,2371.0588720128794,1637.8026978589583,2599.2916280526583
2.087,2174.8016488454514,2027.8697086096533,2881.6987427510003
2.087,1873.786439086123,1853.8639837191763,3056.016707428066
2.107,2189.4468826653124,1820.414539636169,2821.1676746266344
2.107,2379.9348070627,1622.2315583735026,2482.594296738833
2.128,2136.570418780796,1721.9232985183662,3244.827965197543
2.129,2133.829105027433,1746.3249872240888,2929.736691238282
2.15,2376.00519264587,1536.5706156591773,2670.809803551276
2.15,2124.442273630942,1713.4537113422102,2347.065040530915
2.171,2179.938139360732,1917.9098062191538,3067.3349511699903
2.171,2200.6166708954356,1872.145284104592,2988.3241566441093
2.192,2060.925982452456,1688.3006343833338,2650.110981779731
2.192,1952.7847692509906,1781.2405293206489,2617.5152076023087
2.216,2143.9744817762494,1714.9936850499798,2887.050565453308
2.216,2038.5696523754227,1826.181583594785,2789.0504054984053
2.234,2387.032894370781,1688.0065643828118,2164.172614157991
2.234,2207.2206964139336,2184.3902326044868,2483.2796665408664
2.234,2280.5863231488624,1679.1498200098756,2856.46538725452
2.234,2294.069356958211,1842.5513817480348,2519.1051757504038
2.255,1907.86736297554,1387.8704598034371,2561.740039030946
2.255,1954.7205340787166,1758.0901544673693,2464.074694489554
2.276,2264.113907295223,1675.658551687924,2890.704570006775
2.276,2205.860825753475,1999.9478182195508,2519.4522774978777
2.299,2064.5780886771836,1625.9882304489615,2635.9675487374134
2.299,2323.452918274845,1601.1202989787103,2223.0189724167885
2.322,2162.456910057881,1536.869489944374,2757.502633652245
2.322,2075.5263956954327,1524.3001930848932,2478.83092859515
2.342,2383.403675644048,1771.9922138914944,2763.9143197990184
2.342,2199.4565274549736,1708.0304311223697,3083.007921852559
2.385,2441.9332229905413,1570.7278098707989,3117.5575283422936
2.385,1852.7770626880792,1791.6938222316905,3238.958841334515
2.385,1564.3301323959436,1867.6762799037783,3149.131909387157
2.385,1891.763484966013,1910.5933657744267,3023.3262648826785
2.406,1966.267593695633,1752.916613538292,3231.791325705528
2.406,2025.8319770546977,1525.0460692420484,3054.647895638424
2.406,2239.7933430011126,1636.8920815966492,2745.790719577526
2.406,2239.8290908382537,1555.8940148354852,3164.354571548601
2.426,2350.5900542765594,1719.8563014069591,2850.506946671071
2.426,2130.83361789503,1653.87516790338,2742.6253695809264
2.447,1680.3105777748513,1525.369175390547,2646.369752536525
2.447,2165.4685854146046,1530.5246733585357,2822.908953760256
2.468,1961.039441554979,2121.9143263842893,3269.605785381573
2.469,2004.1666907694023,1859.3150359542954,2542.017145853299
2.489,2405.745303404796,1881.547132968576,3004.755449873585
2.489,2187.7735017031678,1685.4048047868107,2755.6831684343106
2.511,1986.6687310162213,1804.304419537865,3057.672755647549
2.511,1961.615870779144,1886.5487576955927,2557.868935530682
2.532,2248.566633868779,1601.8309280717483,2662.3486171901245
2.532,2181.2598837149576,1725.0196134253242,2644.6162798756873
2.553,2295.92840099635,1720.5918417672149,3171.089428899898
2.553,2183.2212044394337,1675.7637729464973,2516.161769146907
2.573,2363.0098324511246,1440.9177304390046,2563.9795249710887
2.573,2534.5424841951826,1805.2583305692117,3219.0915640221597
2.575,1883.0544041673313,1700.6867081973755,2712.4106623862845
2.575,1964.7306074647806,1509.1503782914488,2714.8720167606803
2.592,2453.6067874223945,1860.2044171846705,3401.298968544675
2.592,2151.1783531656056,1897.2807039777765,2795.049297948207
2.614,2142.3997530788997,1664.6948171644794,2943.9155455074538
2.614,2176.951523241764,1483.5440429836794,2758.3137648346265
2.636,1978.765472283062,1724.2368836757764,2453.0726830792737
2.636,1950.319918613255,1792.835239015461,2522.897291026952
2.655,2112.6272106737442,1494.7112284153307,2730.0232800941
2.655,2211.676227818356,1749.8633225670078,2568.491287276201
2.676,1880.7498440265576,1911.7520868475115,3122.9944726223034
2.676,1974.564794323074,1745.3390626038195,3240.0850350754813
2.696,2008.4167764974386,1662.5772991833137,3092.9066332635784
2.696,2256.76088889645,1910.418303886544,3008.0119292785093
2.718,1627.0950001860233,1943.0333464126488,2653.4972268368774
2.718,2207.923774223942,1806.121811735437,2585.9924951173525
2.738,1947.647802314028,1843.4246770049967,2694.107034825636
2.738,2219.302558096435,1853.8523950059375,2721.823472354021
2.738,1860.0328981787245,1912.6640171103609,2791.123967502196
2.738,2079.2013090977334,1663.782390806868,2718.132858750433
2.759,2310.4774144570765,1635.1521305363897,2878.473017489688
2.759,2056.8409182613095,1809.9363513545559,2637.281024669577
2.78,2414.208055816923,1603.590344722803,2743.518278663234
2.78,2060.3858001165154,1969.5685226858316,2465.3226537816467
2.801,2235.2628161217626,1586.935862280374,2774.7445284665696
2.801,2343.649818775423,1428.2913211747193,2546.6715204036595
2.822,1989.965511932357,1955.7872536635523,2914.0477657430247
2.822,2198.1413831781488,1785.2253473975893,2738.8366102301006
2.842,2212.7229449445017,1586.8389926534746,2395.81000962739
2.842,2002.1790785995183,1661.070137362015,2780.1620407728724
2.863,1835.13408977584,1844.6780926385043,2729.171728811424
2.863,2194.8841312498444,1694.2548496485047,2641.857185157281
2.884,2174.2657476403297,1563.2760708920882,2901.833037630602
2.884,1932.8086156474778,1882.9747131220847,2002.8758926112491
2.904,2177.073848212981,1988.4492382310334,2831.5064182500796
2.905,1946.759961008809,1701.0333175464539,2867.9896103000365
2.905,2111.3720731682924,1521.278709906857,2575.705863333972
2.905,2064.578715572063,1612.527726392935,3527.901691220208
2.927,1864.3781309107867,1702.3594326615064,3075.5513221622186
2.927,2288.9083395160424,1788.1880513783692,2600.688980048572
2.949,1971.689973282331,1721.088770570773,2633.138727716861
2.949,1784.1832685134304,1835.5181668463138,2611.8632744205365
2.969,2098.744438597012,1811.6363974731687,2398.029305243692
2.969,2582.041517091469,1759.892281608992,2682.437976548861
2.989,2182.481758794939,1769.7468073236234,2569.3790590032654
2.989,2049.968980612566,1510.2033257862677,3274.156689221382
3.01,2042.927705449231,1844.7797578526336,2953.9960834065437
3.01,2115.658315647282,1488.7944423731574,2665.7808642349432
3.03,2351.153440863935,1726.3361599178181,2479.26178136067
3.03,2113.5070149239914,1779.8456452157955,2415.7041515201236
3.051,2043.1359815106773,1850.7086425655943,2943.9113930073927
3.051,2315.8459212121224,1863.6410372036962,3085.5781660007538
3.075,1848.2363187759545,1578.290917503351,2780.080373791607
3.075,2089.1402968378366,1715.6299707194657,2819.5245655517924
3.075,2101.367671214651,1961.1316335116624,2621.564797321894
3.075,2390.43986310506,1707.33272671516,2376.2766355212875
3.097,2237.2691675116494,1728.2697102052277,2993.414995625314
3.097,2158.364438656132,1829.9540504612114,2681.552848960199
3.117,2105.0904696844973,1540.0873480814641,2877.961358836058
3.117,2314.014703216544,1857.96161914304,3115.2716183734406
3.139,2010.0056419907264,1838.3657518835753,2899.957704426959
3.139,2499.727984127756,1755.255701290545,2728.1001771466617
3.16,2507.3838583900233,1829.2439888677304,3032.127153659804
3.16,2350.1894283430684,1697.8507595804222,2556.1165370994736
3.18,2001.0511168063085,1800.8080676566408,2795.1139421323037
3.18,2203.9797181888684,1449.927188106677,2622.6153382866382
3.202,2114.1213312824757,1454.022843903661,2702.06399183678
3.202,2406.540929305483,1741.1140842985674,2919.6290927145474
3.246,2423.437532617901,1756.2209415141294,2930.879767485068
3.246,2053.515290758495,1701.09226066648,2493.9722382692803
3.247,1808.5555242623439,1646.6063161496475,2930.8199189216693
3.247,1948.4985549284488,1810.0925006910568,3141.0843270318455
3.247,2007.592271647906,1542.030801574725,2859.197058498022
3.247,2213.5709094436934,1622.5311359335315,2663.5457723827594
3.267,2358.431807368581,1613.4322468686064,2974.600564402593
3.267,2214.1482894753817,1590.5573773080034,2591.564877456292
3.287,2379.249522779731,1570.214548086155,2805.1519173318793
3.287,2125.5058511137513,1654.5750788000655,2970.8218297614976
3.307,2004.1211174259097,1737.3974393496762,2589.070112391164
3.308,1978.8035783669266,1496.724281574021,2927.8689668323736
3.328,2002.859440526178,1647.1709182930845,2481.3656672982925
3.328,2172.4309529395246,1861.4833728355313,2537.272850896383
3.349,2002.5639971147134,1498.569157050596,3275.3529378668595
3.349,1958.8975875090318,1965.3569283337542,2909.3336645101535
3.37,2270.5670227775636,1800.1158590188666,2494.253109582161
3.37,2269.7905386068414,1917.002380120683,2418.6455820949805
3.39,2288.44319115361,1580.6997474146947,2432.551281777181
3.39,1928.2407129835824,1946.3760881035248,2504.2975866133474
3.411,2051.5979116509525,1807.7136160161037,2706.2352764359184
3.411,2048.8084739257997,1846.8624359016808,2784.3491363375388
3.412,2188.946923671229,1772.5483312165481,3055.281430042948
3.412,2196.604880851626,1900.8691552345158,2925.1588309410918
3.433,2458.188555947474,1746.3671630111303,2746.3231383946627
3.433,2108.7413020653503,1415.0975218771086,3289.2308209311527
3.453,2005.4602080398045,1867.6796240533909,3007.7077110859927
3.453,2030.1395206567622,1911.8559373861435,2731.7438279531816
3.475,2394.2715351937663,1539.289662699502,2408.9001590546054
3.475,2318.587142963136,1551.881253406011,2720.2368556833303
3.495,2109.4462552536274,1782.7205742868741,3011.6132535741335
3.495,2167.4888633289283,1881.286045360263,2588.9549507576803
3.515,2071.864117653354,1582.9012113864549,2355.6235030024254
3.515,1908.9399568712274,1599.3294893066613,2970.7069016948517
3.536,2283.648099945914,1789.100060949323,3123.133424311805
3.536,1890.241594652548,1581.5848919565276,2902.081331309683
3.558,1954.3356640216696,1740.7544222052143,3103.253245766008
3.558,2014.6464087782313,1486.5573110996074,2555.9648690608965
3.578,2078.725958093451,1920.6933118677398,2243.964083839329
3.578,1922.729561549224,1650.490504881114,2719.667791681189
3.578,2043.9334935529585,1628.27864389442,2414.4751740764837
3.578,2152.213098409756,1505.7880828381165,2798.4684995750295
3.598,2259.314970493711,1815.016976965017,3312.9961182678035
3.599,2215.004635695675,1748.185259866479,2669.342009056614
3.62,2207.584841053563,1582.863172381812,2467.2841724405625
3.62,1914.3021353472095,1581.3866085765644,2617.266712393354
3.639,2136.85227391226,1685.590438939464,3111.6209990270345
3.639,2153.076786586736,1869.931119335216,3279.183969172339
3.661,2183.35614898476,1822.9136852220652,2862.828888461576
3.661,2078.5757106304736,1693.6921994986828,2704.550013497359
3.681,2064.690790636477,1904.1868235359286,2933.645483844756
3.681,2495.8489770371707,1799.9255442653775,2888.2299074152925
3.701,1847.3062277002969,1897.0550218341868,2934.047593913124
3.701,2050.122622605564,1812.7731001291631,3210.5711662763138
3.724,2068.9303570444167,1754.7748521689944,2583.3369223812574
3.724,2063.0993197313137,1929.9492173333495,2765.001341219234
3.746,2340.2008486885456,1824.6029423172365,2614.676465771022
3.746,2569.394659735127,1762.6923718108587,2470.8414679826155
3.747,2276.469235645564,1658.0385015469185,2604.421846443678
3.747,2099.2095758877294,1751.1664128226882,3298.4980365147435
3.767,2018.542936294954,1799.7892270267264,2577.000339860466
3.767,1834.2039165766232,1674.001310888104,2762.633630106442
3.787,2004.7753721304666,1789.4442151650278,3016.784290271057
3.787,1964.5087983161673,1988.6324610977226,3275.9392806026717
3.807,1907.7404985498877,1582.6844796511655,2659.086556041217
3.807,1782.3423956556453,1970.8903988893858,2687.389722615829
3.828,2248.8911530263695,1969.981185344839,2604.6610018378437
3.828,2258.2870420252634,1622.4737760819605,2695.949161786301
3.849,2228.831238887982,1910.7832254016919,3227.720941311442
3.85,2049.049410464349,1631.2418533180664,2473.0892397861808
3.87,2185.2264325463702,1989.9874743354499,2499.74432434538
3.87,1956.5268469475127,1698.5041286362216,2662.6428047319046
3.892,2308.1137182198163,1728.6760938242435,2792.00376108344
3.892,2687.743314755483,1738.4371158730735,2444.4197243761987
3.916,2373.516947733047,1707.3994145468432,2480.7783767902642
3.916,1852.2639252373765,1573.2096667833976,2680.9900397201973
3.917,2122.7973639129864,2112.786248005023,2966.2463088078225
3.917,1831.2949766535903,1844.3783473170677,2741.880394188683
3.956,2031.3600194703688,1697.2830230921552,2612.179316551094
3.956,2198.204779460368,1844.2818490787392,3101.2866362379045
3.956,2007.6039688677622,1612.6549997222025,2665.6895623549735
3.956,2270.3206339235667,1911.926641827561,2595.150453113229
3.974,2364.4971767441552,1792.1759170403095,2664.5863181499044
3.974,2032.68096787811,1747.4881048893808,2595.149501510783
3.995,2086.259079210459,1717.0849290898484,2849.268414545428
3.995,1899.6490360664088,1844.0882860343022,2735.7868602107155
4.016,2215.903989307319,1866.0381091162765,2709.598306359717
4.016,1840.9986889964364,1859.4627650944535,3065.4402378992995
4.038,2186.6524383087644,1845.6604187958033,2542.8220551181817
4.038,2028.1795827353508,1816.0403360487348,2912.436232819932
4.059,1673.1889001935197,1850.617447162673,2896.6184714160404
4.059,2124.3907201269662,1648.1021244978322,2775.790655070716
4.078,2109.222337016589,1816.8111707898443,2348.3407165145068
4.079,2489.68541452323,1931.3075340543655,2821.692351932139
4.079,1736.649615604136,1727.3360887259623,2895.4236225421455
4.079,2476.7913577155778,1828.6264428491659,2637.9478190921172
4.1,2292.917274957835,1877.2661535749762,2643.875436375381
4.1,2210.0714584907814,1779.4418985225382,2813.999362485092
4.12,2124.3200137346134,1951.855202964812,2716.828186085436
4.12,2276.280492659136,1719.4160226474373,2873.6495840842426
4.141,2082.7305027243706,1819.7173703276103,2763.537719083039
4.141,2308.2702068653857,1878.5440474598574,2978.832283682282
4.162,1866.010239147775,1446.2481099871636,2914.786693504307
4.162,1864.2902600386703,1671.835156907909,1924.0606798413983
4.183,1888.263928534213,1881.38092695312,2794.8461062942706
4.183,1937.004519000789,1617.414584777452,2758.9031902051606
4.203,2512.1899733046275,1643.4103483050526,2696.0423863504193
4.203,2047.5764789342265,1775.737987451426,3236.096685276947
4.224,1771.955169051149,1606.8332566513432,3103.885931120777
4.224,2010.6180480720086,1629.3915494197477,2901.192428668247
4.245,2317.6805945354304,1810.912007654681,2747.4579232244428
4.245,2306.4860201092897,1568.6363311943944,3080.8351272939776
4.245,1666.7787784027128,1584.4324567749857,2496.987881299279
4.245,2097.0790007356145,1750.9242546310677,2471.7059451644845
4.265,2219.857484244156,1570.6829573417617,2816.539138017338
4.265,1899.816147776358,1895.408588724817,2743.5486902032267
4.286,2039.8970404593822,1790.5597506703775,2594.0473500717303
4.286,2254.8579108061767,1652.7486869932816,2903.0776660193233
4.308,2037.6183933222771,1654.0363530827385,3139.794636878427
4.308,2445.6274498059565,1562.436320890541,2943.5772019629535
4.328,2043.1942928926665,1824.7009133195595,2564.713139777022
4.328,2228.387608111203,1657.92308582884,2123.524429741691
4.351,1746.8807332092563,1779.5249676360806,3296.4001143191144
4.351,2014.6089098974549,1677.07822627155,3037.836841400646
4.37,2067.4844873619004,1504.1008676815404,2869.627074539719
4.37,2123.0844526841233,1572.2559787313955,2325.458355838822
4.391,1824.117795018462,1801.6917899873065,2923.146694167673
4.391,2279.482693750702,1606.5757805262583,3108.6822870352
4.412,1902.4644401564665,1919.9936696684504,3220.65750986858
4.412,2243.841819452139,1589.1482027699028,2935.2754449986164
4.412,2095.366214745235,2017.6195512342451,3290.056994564613
4.412,2151.4500984006245,1591.2256785055447,2823.9617003922344
4.432,2170.5621506219977,2108.1997137455073,2826.2723169256783
4.432,2107.1469112172917,1947.3222632287552,2996.4209245809398
4.454,1841.1577432234944,1754.0568910809802,2545.030972272114
4.454,2108.124466298755,1552.3441339987596,2871.3232666423332
4.475,2159.6945523218665,1815.614727027593,2970.0415252554258
4.475,2076.065740439547,1635.5089387116393,2264.5793372358085
4.495,1913.0045206173693,1697.4330855079625,2326.0671183087543
4.495,1875.5145870421616,1884.048030616379,2961.8962344273336
4.517,2100.8872439488446,1489.3944475052635,2797.999081525053
4.517,2223.5849673918156,1594.0660975496237,2781.0145310137837
4.537,1925.6228285252296,1901.5889839890815,2367.246048262052
4.537,2071.2558983420377,1377.3166238849699,2883.0286073811267
4.557,2442.1875017975035,1646.366779864383,2751.0307547228313
4.557,1931.4437995457808,1741.2572507090076,2587.092842895985
4.578,2131.817736206319,1671.0504820145006,2500.446485314654
4.578,2186.0927229437357,1955.233862026204,3273.587929344346
4.578,2304.7843491362255,1824.396263717942,2697.9086448409375
4.578,2274.998830177918,1440.7325412792138,2689.7348812733303
4.598,1969.365255944887,1874.2937765417898,2459.4352003006125
4.598,2089.9322579222717,1544.4072890251257,2547.6426647135268
4.62,2209.0807183909515,1750.3523964232677,2994.359120472068
4.62,2465.543868026413,1652.497068532286,3050.6588366492997
4.643,2032.4776064586445,1789.4579537020822,2418.884141931341
4.643,2368.513135765747,1857.8427549539354,2995.3948751862267
4.662,2510.891334016326,1956.0470374296453,2827.906594742533
4.662,2102.4910338043974,1494.4428133868785,3000.0647747886114
4.683,2260.4188039928063,1851.2227689937815,2964.780012373964
4.683,1981.6564385928857,1753.2321203098732,2663.245048562604
4.703,2192.9731847081857,1973.4162675510752,2869.9944580871193
4.703,2198.2417798528536,1489.1972094378075,2966.4581569297707
4.723,2339.3506281036275,1611.081353848178,2996.8095543181616
4.723,2251.949180564603,1901.5903075687352,2453.2141780714533
4.766,2817.9868647425396,2080.639864608479,2445.7754308362614
4.766,2252.0422992606595,1828.1244494892749,2584.5992767971884
4.766,2341.36862220927,1935.252841621866,3103.82940017176
4.766,2153.538795408406,1578.3247405852194,2562.774758849553
4.767,2549.9199087433835,1631.3453297519611,2812.044717353199
4.767,2286.0530054654487,1673.225465857809,2300.7173215081284
4.785,2359.1641456957354,1697.9085771567125,2772.587880961211
4.785,1912.8078471270678,1763.61424878819,2699.386326088712
4.806,2002.19163071904,1626.0912407026544,2240.191296880833
4.807,2111.0504425208455,1820.243757613402,3057.9913059930245
4.827,2117.7190932629437,1835.9009589192628,2413.9064300719765
4.827,2159.0274047105,1569.994420145839,2592.0608532206734
4.848,2339.48433087553,1502.5430864725445,2664.852928563632
4.848,1968.6385194708946,1488.2452326496968,2798.03461263789
4.868,2189.3816421398487,1676.9182615977477,3271.358746086967
4.868,2135.2238568851503,1816.748107148177,2848.340599626436
4.891,1923.413746635034,1947.7224075152078,2715.50332806774
4.891,2132.3750906204004,1732.1678403299893,3068.2355246755674
4.911,2103.7250138008185,1612.693812549967,2894.891013364424
4.911,2051.2086167849575,1877.3197439597923,3285.89999558155
4.912,2232.953588750559,1727.5234996591735,2581.6953278749124
4.912,2245.8617060339293,1971.2199668186556,2555.070957265135
4.952,1899.5889601843219,1658.0735716083918,2553.5462525337675
4.952,2162.779374568642,1674.17843938249,2680.7871704505933
4.952,2308.9070524512586,1739.4632444834494,3052.0473584506617
4.954,2092.211568564099,1723.920277063012,2875.5753361882134
4.973,1915.3868977106454,1773.8988879902186,2592.301087422384
4.974,2399.1961571178545,1790.8596306614377,3011.5417743223884
4.996,1997.97792540907,1597.1301729628512,3095.603606462252
4.996,2049.048280458992,1741.0606763794688,2386.320578984317
5.016,2327.4080473678405,1568.8233106399516,2529.8199197583726
5.016,1819.7404653160354,1847.0603998086035,2695.2081902534665
5.037,2048.8151972511296,1702.7073022101258,3085.49036115112
5.037,2218.4419885469697,1567.3270335656161,3139.65534124435
5.057,2445.6825460062782,1870.451449335816,3243.5124137034272
5.057,2433.0634459852417,1959.5933195097596,2655.262555398591
5.079,2595.177628919592,1798.0606620758654,3071.878647744764
5.079,1822.8386003472076,1755.0400709973123,2905.247251185428
5.079,2122.6284358647144,1707.302344712587,2936.651600940602
5.079,2255.5317503137676,1560.4415226067915,2869.733839000655
5.099,1924.596182650873,1830.2366971355025,2338.6476482445814
5.099,2121.346445735052,1781.9334697523634,2627.6228275484727
5.142,2161.223052622105,1689.6548859350514,2857.8194425697975
5.142,2253.4929266922095,1629.0334470428145,2513.2791453496807
5.142,2025.3326746882296,1609.7248710413019,2833.3995962759345
5.143,1972.8850622357559,1760.155941418827,2398.890277345525
5.162,1880.524755123847,1741.3134307976752,2791.0071795416243
5.162,2245.9486211081025,1760.3374393438046,2599.4470097907465
5.183,2122.192681104889,1548.7821222071254,2739.6394273840383
5.183,2156.445801005378,1538.9552086319036,2810.3900356618483
5.204,2231.573437616887,1738.514269524104,3053.8011984072837
5.204,2293.630960198057,1800.4814745985893,2920.044608635896
5.225,2240.481297265964,1767.6794359013352,2273.0301623958985
5.225,2041.3971647469773,1862.7937418365648,2855.9501346763677
5.247,2058.6684671482058,1695.3301252795843,2516.125656383814
5.247,2076.872539298004,1749.6454183290352,2395.601065475696
5.247,2400.073749563875,1767.1051077577947,3121.358374463365
5.248,2125.528150267132,1646.497923092911,2569.8764213538125
5.266,1934.2869839462896,1741.6274606542931,2836.956193706533
5.266,1929.3475274616874,1675.3840752308172,2681.7250000851664
5.288,2068.796018153943,1509.905021020669,2396.6785759639256
5.288,2332.7865494131984,1567.0518962218632,2907.2000778895867
5.308,2131.6504415297777,1772.9454260171321,2954.8445292570213
5.308,1687.5152437641716,1865.5636939550475,2674.1041788347025
5.329,2147.796224989765,1847.4081673416356,2828.506015238068
5.33,2038.2433155243173,1998.745205739257,2600.32301312839
5.35,2276.8170814047553,1705.5794924253316,3033.3170199157857
5.35,2037.681261027568,1723.319850196234,2714.450260160671
5.371,2498.386567829738,1814.5575408408226,2549.793527269972
5.371,1987.9420608689265,1475.8277838251656,2269.598226630738
5.393,2314.9404381217532,1797.5940458644411,2516.9815406470966
5.393,2221.5405876425634,1576.2633269720047,2585.525968214793
5.409,2017.474350834866,1610.335665232347,2494.1111046581154
5.41,2223.3023655104807,1732.211241834168,2615.7183046831387
5.41,2152.779575330112,1913.4091171189743,2465.611320134115
5.41,2283.321585994811,1774.937794840911,2837.6809072906917
5.43,2228.3747564588116,1774.6118974104124,2561.738419261748
5.43,2297.787532235352,1481.4355766624196,2504.431532223388
5.453,2240.1928293551655,1733.8304843221872,2569.1355842666635
5.454,2065.578272202652,1800.8197126763978,3465.6552081822556
5.473,1999.2763529770396,1533.88066117778,2794.134141912007
5.473,2053.580459187005,1772.3878254644,2747.6436250410384
5.494,1833.9835655995676,1693.012100259077,2677.0098867014567
5.495,2283.137768866844,1759.8352625126822,2754.0314503438003
5.517,2226.005595895922,1628.2316797495025,2942.133900386541
5.517,2078.991929142919,1733.7201681713484,2514.942442540967
5.536,1935.9705051287535,1630.0663131791835,2843.3742440988185
5.536,2145.033697404914,1863.0519669611178,2544.9927135067805
5.557,2246.9666855483424,1841.7946949051682,2768.1319394248044
5.557,2373.707353172329,1756.053899168991,3023.74393013283
5.578,1986.6606105530968,1512.9813112483785,2752.082811082549
5.578,2255.620415186064,1652.0122011324893,2656.9652807215753
5.578,1996.522526722326,1753.5630003692609,2503.8278533269126
5.578,2345.1588293401896,1608.4851400557147,2988.0092233083483
5.6,2239.6609395563455,1937.1773968120224,2995.6733260328533
5.6,2055.6481742021233,1497.8838482740189,2660.4815920231586
5.621,2424.2932767440125,1815.564316343283,3128.440810939297
5.621,1774.7277040852348,1663.9477386335495,2857.5964340112027
5.641,1953.586780478485,1903.8771931750318,2840.8457086018343
5.641,2309.260732182116,1925.4740182433725,2790.527651543059
5.662,2292.404312956895,1434.1941824197104,2485.8414679730495
5.662,2215.383067418423,1911.7791378566121,2765.990366906515
5.682,2091.0908824142166,1353.980164257959,2875.686328019074
5.682,1882.5409054824752,1644.0871242054927,2481.146139566081
5.704,2104.2091120034993,1712.7687894783041,2840.8751510452435
5.704,2138.5816776785923,1620.2711884154448,2787.3715215863785
5.724,1914.618682793066,1888.032782870084,2270.5639729959453
5.724,2222.487598392339,1566.6959344809325,2158.829019504089
5.744,2317.330721729712,1394.3933300449141,2626.5205217867506
5.744,2331.0751790539043,1833.692999001263,3223.37828900448
5.745,1939.8625785993884,1505.0371022310856,2805.8353264654206
5.745,2024.7614956516798,1677.8929165448722,2183.483917307331
5.765,2311.6938005829766,1707.5918691690465,2741.223554898675
5.765,2248.97133680852,1732.0569123765943,2367.675919886183
5.806,1949.4370764018108,1666.789930207167,2801.5898939562685
5.806,1948.4096752302078,1670.5333958807469,2394.1532434406204
5.806,2015.6459014822708,1721.2441575025894,2717.91850780837
5.806,2275.0369161011417,1800.144804674307,2447.560411709126
5.827,1979.9440522188975,1770.2239319437754,2953.8073547585072
5.827,2301.609114663708,1796.6891992038677,2941.443687137461
5.848,2222.618830426635,1754.166358543316,2760.0141527798487
5.848,2499.2788725318114,1538.0159182976913,2584.9075990477736
5.868,2153.5034541529803,1642.307995465047,3048.2484292245076
5.868,2094.482727859013,1666.156088625912,2635.555284537541
5.889,2133.0504944222953,1669.1066048105158,2331.161643750941
5.889,2493.5233567059786,1760.6993655557103,2941.316030502445
5.909,2158.5215666812405,2014.4235415180838,2404.644163370374
5.909,1792.1978020181355,1896.8509129457766,2574.6143369203533
5.909,2658.6183256838244,1545.584393140114,2657.9062223901033
5.909,2178.1286786026717,1691.2315029733923,2860.8359747799286
5.93,1918.6034061571306,1470.7541435737878,3070.227792315103
5.93,2559.785113322434,1206.9359064961684,2580.9788833737393
5.951,1817.9633233516474,1838.863125384065,2906.1387988347674
5.951,2330.13985281355,1776.770670542572,2808.2257683593584
5.97,2526.0865516163285,1952.0558836369555,2367.2393095604502
5.97,2146.676546517774,1634.6672837351073,2585.7019955721526
5.99,2209.6547150048996,1372.5457936239386,2913.033652674035
5.991,2006.5143635701058,1592.8943615273977,2190.1016717680727
6.012,1955.330480666652,1745.3183771123524,2712.73077512004
6.012,2023.344067215226,1696.7891341029242,2260.3840922166
6.034,2183.1577425752657,1897.1242720292264,3002.082508565993
6.034,2261.2277605566587,1755.1955523911051,2956.4373347374903
6.054,1985.9485405761845,1711.9338997828029,2348.338171655178
6.054,2141.5107914877913,1636.491903098493,2597.5223119012126
6.075,2276.35494412949,1892.8628624980652,2349.2939029951376
6.075,2199.6142698127296,1756.4104257005235,2564.3805079229082
6.075,2259.3947913358384,1704.3154669604132,2790.9105260367605
6.075,2070.720391147872,1963.695607865994,3200.9877535700316
6.096,2078.859779599346,1801.5618704143424,2656.4483537502624
6.096,2479.051760358029,1650.5054335767106,2717.587759133097
6.117,2344.3919762865075,2056.386585139497,2639.4349772924566
6.117,2300.7799921094243,1580.8114062011603,2666.8199412711865
6.138,2555.748603272751,1547.7640395571268,2708.8121691590386
6.138,2513.6246037342385,1708.8819544353903,2894.9612747679116
6.158,2343.8978852065284,1998.077221257407,2833.681649033844
6.158,2115.6367798432925,1434.0066864527082,2723.047269753494
6.18,2217.269518480179,1314.828422364418,3155.9783449323522
6.18,2289.3571542267255,1821.6224438520435,2988.355155460256
6.201,2189.2708303182853,1812.569463018014,2570.9149586107415
6.201,2048.6518643364216,1657.6586771020336,2311.320993299994
6.223,2258.34229145431,1906.4185684147506,3069.028498296307
6.223,2240.109516837924,1705.4261286822295,2795.0412550808987
6.243,2339.1024310367097,2146.634258527135,2106.4624909719987
6.244,2227.478755396908,1601.5974371006132,3213.4217322980676
6.244,2153.727547975704,1777.0580804046856,2960.28879275241
6.244,2026.1610859919313,1600.994129039988,3235.647301217252
6.264,1929.8645728312936,1647.11218786913,2711.203455313025
6.264,2175.654043755575,1690.837413379633,2810.965234755052
6.284,2309.8318974942263,1728.4106924615446,2949.494265017325
6.284,2304.138897939665,1770.653397272597,2561.1609050990014
6.308,1991.6516807600087,1568.58512388627,2735.9787128787307
6.308,2112.2232900882304,1677.905408696972,2916.567976299391
6.326,2151.115247681138,1928.85577167784,2560.5751760487324
6.326,1921.8501393205984,1951.6956991266234,2332.6869615126434
6.347,1977.3733788696914,1504.5017033096412,2958.356429477482
6.347,2070.6290214077626,1431.9588835043103,2880.979389681044
6.368,2058.87903668443,1973.427227053625,2728.1645733020273
6.368,2080.4270734206057,2138.3000481623403,3032.1402179472493
6.388,2032.430469830919,2035.3934755305588,2644.4923163225085
6.388,2360.9937014915245,1682.480665812744,2550.2840796059845
6.409,2314.506312347813,1838.8376972419505,3385.7406153150414
6.409,2138.472878138687,1738.3266863064136,2577.5894477615025
6.409,2217.327705255562,1538.8891457333032,2594.9530253654116
6.409,2323.3802436218807,1882.144925807039,3028.109009848674
6.43,2285.8529860833523,1642.652405183286,2979.912974686854
6.43,1664.8470598253448,1707.361452543802,2730.679426825056
6.472,2252.8596096227707,1537.4090200587498,2787.0540403165305
6.472,2207.146429014009,1644.7353072378971,2971.075199138019
6.472,2163.8897098196708,1578.146775033204,2798.507978726267
6.472,1896.2237461982145,1490.5004364903416,2110.5017381098237
6.493,1794.1739685269793,1636.079307955755,2417.9364450966636
6.493,2252.6357162587537,1788.1248947434765,2531.957063852355
6.513,2177.689618734585,1671.1392746510655,2734.2060990623254
6.513,2304.5974739715966,1964.3415941710255,2939.923598093199
6.534,1995.9820700586567,1831.521562764622,2647.000462389431
6.534,2423.5677375400755,1670.4901479048945,3097.4851217202645
6.555,1956.9978954599883,1478.1352530134734,2670.615640808444
6.555,1994.1126914905692,1631.9545845896473,2489.9316009593995
6.577,2056.716265694443,1636.3333701845077,2461.2368568580737
6.577,1982.6267988996742,1546.263845022776,2684.140205392224
6.578,2464.1219243945443,1844.0149737423058,2587.4124689898194
6.578,2329.0323093424463,1682.6806040067513,2659.834789434746
6.597,2310.659503765614,1948.0180436383712,2331.6203172071237
6.597,2027.322403066992,1436.8248411497718,2291.1547118618423
6.617,2216.2428839823406,1851.6617449592163,3094.742711117072
6.617,2211.393428681183,1923.3121166578626,2411.861546575575
6.637,2007.0475428142165,1538.1163888007434,2994.283668265127
6.638,2035.3124774625496,1693.3260225332954,2965.9748763614493
6.659,2182.383229352169,1998.5555108082335,2458.0342574299057
6.659,2021.7329365661856,1804.5494004357918,2811.866468892987
6.679,2490.4132547760373,1688.4654690774355,2718.099377052385
6.679,2252.8686844686663,1630.2984210650516,2547.2803063480933
6.702,2132.799235857272,1913.4432838993005,3017.039156097039
6.702,2535.5761372871266,1647.3760624000188,2415.8145989431105
6.72,1862.3201518557223,1724.3485668171331,2533.3756091719665
6.72,2237.8868233188355,1815.9863574719507,2785.5005236241
6.741,1911.2099314143534,1685.4503639508291,2471.571842352074
6.741,1935.2352701147615,1613.2658476463291,2519.5722114813525
6.741,2029.0042797399524,1407.463872845871,2656.5492463237997
6.741,2296.161729240062,1558.502782774903,2546.216305660201
6.764,2267.82510810839,1824.8193540195894,2473.0494481417795
6.764,1856.0247292326972,1812.4703807225246,3142.574619536862
6.782,1908.5824072379046,1677.7704037114045,2273.277597892717
6.783,2369.280633442547,1649.9240838456794,2523.278486680514
6.804,2446.5480324923437,1759.003549076769,2825.0284030616103
6.804,2471.3303182578484,1721.2409332612476,2602.3568295256096
6.826,2368.7146273741564,1666.27530459761,2327.6991590055277
6.826,2108.4737936903944,1856.6499757665306,2175.0939744213993
6.846,2346.4536375322173,1896.6982948170792,2958.2951544725333
6.846,1997.7821003619288,1737.7943877780035,3017.897541287608
6.866,2439.9584451128526,1871.7082803022593,2961.4807098425185
6.866,2194.5641448790707,1699.1816900099122,2626.9004943647574
6.887,1921.022634741915,1956.299686363314,2804.949983193997
6.887,2183.706951066402,1988.369535178081,2753.2821433637287
6.907,1958.3732233966548,1565.2986350857418,2711.6506512251563
6.907,2065.977151950398,1694.3900363800442,3073.1322232894754
6.907,2140.652313920496,1499.7283035559217,2897.2719492369984
6.908,2350.6492322104336,1843.94655060883,2800.4470078292493
6.928,2338.8759044114386,1525.7570333490708,2611.1897367079187
6.928,2125.5086116996063,1720.0619068903152,2428.8624541449017
6.948,2040.4727392498053,1418.587945454417,3005.7612996314488
6.948,2094.8702485237313,1792.9554102373925,2728.1316060628014
6.968,2051.898746381484,1703.9049082417646,2566.436349291148
6.968,2238.0501293402194,1659.0144344294736,2436.332576098433
6.992,1867.3171824126684,1531.9052534390291,2862.0658059265156
6.992,1893.7673572444783,1678.9563522779374,2613.7005711818615
7.033,2664.4184305132894,1803.3761886227862,2634.9295474626338
7.033,2072.099141321763,1667.4305121314014,2269.242765544696
7.033,1999.1121472637874,1848.3860676803804,2676.53618192672
7.033,2052.3710263974604,1979.1956752634205,2996.7148171677864
7.054,2244.384265789155,1861.830193380499,2770.568032171827
7.054,2334.16336373532,1835.263699544494,2939.0205511551194
7.077,2102.3521193868546,1800.6752094864912,2861.7144192056176
7.077,1877.769101079452,1781.2068068635251,2693.1127533660892
7.077,2044.969427083911,1790.9982754973926,3008.76396358547
7.077,2022.5238842275237,1462.9524645549795,3138.7105165964576
7.097,2019.1253491021125,1758.865171816964,2593.6789988454834
7.097,2412.795589012076,1536.209193896326,2581.6994950025055
7.117,2062.2298952797723,1792.3374149183742,2916.8985174559175
7.117,2503.11150155055,1612.762225844092,2196.235624494676
7.137,2271.046767041984,1740.5136629134154,2197.4453275171263
7.138,2001.77907478174,1862.5485278354877,3033.7822733340276
7.159,2048.742539893336,1732.0761395567338,2518.542020043342
7.159,2239.1107553049987,1968.6936769731692,2202.1643321724196
7.179,2061.021094284174,1844.5279863932424,2936.4540685214206
7.179,2109.421275690781,1707.5537780331501,2571.247961159681
7.201,1976.5474149850304,1661.8896258204595,2738.3954454968425
7.201,2145.170702706082,1547.9310232721505,2640.30404264359
7.223,2242.83961633459,1619.3839249728962,2613.660808512617
7.223,2147.389121096517,1968.0009838236058,2766.853447731329
7.243,1905.705741365918,1532.474234778108,2196.0684044059744
7.243,2424.801285424844,1936.861109787529,2194.5090012220653
7.243,1666.137889981598,2000.9530571732284,2499.2967401364394
7.243,2510.5645156670807,1852.2057421352367,2572.497052325305
7.264,2172.2906391044457,1633.3072469236554,2753.0419820772495
7.264,1911.861072827557,1973.8733038402102,2411.2300721132697
7.285,2139.7480182253057,1847.5911001037853,2689.9299088332737
7.285,2250.6380947402163,1552.5968115261905,2879.2220654717016
7.306,2219.0632016817203,1564.500762876159,2948.277723265513
7.306,2141.142029237436,1741.7602954692734,2844.9990879822867
7.322,2086.7519395693416,1570.4021600940891,2355.1527345779537
7.323,2285.8103973117163,1778.3509940556912,2903.047792815288
7.344,2301.676127822242,1856.5519428321345,2729.7483546396147
7.344,2260.934749615693,1845.4858094124734,3219.546434285814
7.364,2116.2188197524897,1309.7122231342044,2787.38948291374
7.364,2052.9420813015663,1582.1607771444212,2662.489477685171
7.386,2098.43087071116,1731.1733847533628,2504.8048171019745
7.386,2490.9338981611118,1760.7130453336506,3115.089288545941
7.406,2170.3702354528486,1697.370536775618,3226.1870672996743
7.406,2282.495174678316,1657.9103679429868,2540.512030634571
7.407,2164.2834346019013,1668.1910336709868,2898.0978564009624
7.407,2441.699087448611,1443.4780432295734,2915.3739446392133
7.428,2076.7332018951283,1722.0958654335166,3092.4434302188743
7.428,2146.7103081228256,2142.947181674721,2665.8810540010745
7.449,2623.554140876793,1792.2809093821884,2585.08511733106
7.449,2199.9065237087343,1584.2368064052382,2787.144093403472
7.468,1998.3374500749037,1821.938589041814,3029.157278536389
7.468,2130.8360251312924,1782.4791762576888,2791.7005566714747
7.489,1853.5799963903944,1620.364920532677,2909.3041123912535
7.489,2033.895571201083,1593.6891984299632,2808.6870470653603
7.509,2163.13733260786,1733.1215663756366,2353.6798136780076
7.509,2406.9951053608047,1710.214331848677,3350.2790210243134
7.53,2074.8915921468592,1476.3205523013057,2762.0974425536174
7.53,2297.9610060006416,1680.6539167648575,2751.4947364095256
7.552,2233.3487643703997,1776.8424225517504,3020.4820292854643
7.552,1978.832853594494,1474.7665667765907,2567.248495185225
7.573,2129.3835643263296,1610.6503913585466,2330.630947803425
7.573,2214.5186506717287,1755.389315220111,2827.2793432817634
7.573,2189.212977901016,1597.5068982763946,2710.6225985995025
7.573,2020.3776963923908,1611.643443686374,2767.6303983785538
7.595,2372.315401672575,1856.3076361799676,2811.6806928760557
7.595,1962.686212365341,1833.213775800195,2770.9502977089705
7.615,2079.920243914118,1914.564174830377,2527.093419199269
7.615,2295.436623935335,1911.2666802683254,2917.638877186297
7.637,2764.4310386759844,1680.9536215716628,2514.4502884847543
7.637,2389.918485594583,1690.1032100836835,2994.0759089412736
7.658,2211.4686724306903,1666.2273518967402,2886.605390019566
7.658,2270.41242840978,1753.7092071051338,2463.9768633266453
7.678,2215.696696971074,1890.1928030996548,2838.9281977804376
7.678,2474.7596156029163,1929.9315330353784,3235.0810504713672
7.701,1937.8248114042137,1625.9597562794245,3137.514750273043
7.701,2106.034522788914,1573.6958369913348,3017.057904034991
7.722,2280.0774008287704,1601.1501620137053,2314.7482399962983
7.722,2134.012811341455,1783.9522202091507,2531.636048876368
7.743,2228.4894294237006,1567.2870961374113,2966.0880743497
7.743,1890.2209007710028,1651.1233600969595,3132.058922214189
7.762,2100.173094753072,2053.047771760541,2954.0671212416078
7.762,2135.3387149495543,1466.568535108949,2067.7786113167513
7.783,1807.2894253245431,2011.1871875451593,2595.6203989343994
7.783,2060.8298568008663,1771.8596481032655,2935.8382708784984
7.783,2237.1753805403428,1519.830942263143,2735.195744344113
7.783,2239.1769743126993,1900.329829449125,2583.7326616436826
7.805,2069.4259665225154,1828.4921669371565,2733.6033203265015
7.805,2324.2665334543462,1852.681929515527,2639.7594547376975
7.824,2431.3794129231073,1616.3718026166212,2612.8221676825897
7.824,2252.723886060873,1421.0112408099876,3165.5329700267416
7.844,1937.2647807365584,1812.7878589860402,2513.168665653596
7.844,2426.4622860745735,1656.400640973412,2548.6473237333853
7.886,2227.6982255655635,1791.72936755106,3026.301937839681
7.886,1977.0510705676497,1674.784565912734,2517.308539247855
7.886,2410.769006427157,1837.712707055436,2966.5364906882405
7.886,2298.6608909764777,1723.7599153844344,2937.3687789774112
7.906,2361.7551761889044,1589.3649533568373,2586.588003365157
7.906,2346.758928679402,1545.6321613944222,2526.456730808984
7.906,2237.2156148480562,1943.546839283615,2797.2596383679506
7.906,2510.6198077544464,1795.470969491934,2823.120569293378
7.927,2158.2579710981154,1634.8094625419703,2625.5461708608964
7.927,2286.0376934827573,1852.6232023714795,3057.1995313809066
7.948,2114.9214319736516,1870.526144406274,3009.6992974317645
7.948,1891.815430138971,1618.8794709028145,2390.2564659297605
7.968,2140.773326225347,1548.572146090112,2922.496350506102
7.968,2243.6035808906313,1727.7804617249371,2641.611587705772
7.99,2007.3995000990471,1951.106183332179,2370.451687879956
7.99,2392.0593551500256,1714.251707982147,2868.2411284067084
8.011,2225.13195938574,1902.9431216780863,2619.269173980641
8.012,2236.5972582439645,1635.2489506312454,3068.2008442357037
8.033,1974.8906058511968,1634.3370006871394,3340.443960649015
8.033,2275.3508083096162,1631.8806363468782,2709.192525518296
8.054,2130.8513664622437,1718.4552463169832,2926.1173660274667
8.054,2029.4450366244682,1723.704755283383,2608.431709726932
8.075,1983.0601724244095,1446.7983426897092,2556.9303279500073
8.075,1945.39217890277,1781.630984614535,2291.1077122939923
8.075,2066.0272242309684,1820.3390220745148,2808.379755872711
8.076,2331.029365052162,1704.4634537904267,2434.571755492283
8.096,1954.8582418000249,1314.8724558003364,2789.4193752209653
8.096,2099.464814348303,1590.0475361433355,2664.1518243910964
8.116,2152.5508510722,2029.2796465113786,2725.5805470769274
8.116,2049.4124464670813,2216.1749799670424,2539.139652808874
8.138,2194.2026402593583,2022.8432606924582,3019.8040695429895
8.138,2032.3970609339522,1542.2681722428758,2838.4669933766554
8.179,2081.0491003933944,1819.9723390079916,3034.3190944150906
8.179,1980.8330207637714,1619.5043202879353,2435.8854231626938
8.179,2096.7293045225942,1760.9714482773315,2602.172768369927
8.179,2211.5169625414815,1634.5172131023003,2391.248109323529
8.198,2184.9753398120693,1895.9961875733381,2968.252809620856
8.198,2011.7908065984866,1603.6684823364096,2711.7089645116057
8.219,1984.699690972795,1622.8529189381063,2543.4194132668026
8.219,2529.3692384302785,1871.3969645665231,3116.710125756622
8.24,2033.1434678412575,1579.3503845341595,2702.528840524507
8.241,2166.638245385183,1782.2678552003829,2997.9888351192403
8.241,1856.317835006208,1972.6700223603664,2689.542560715821
8.241,2323.0034194404807,1779.8143097443376,2683.11281686733
8.261,2166.10546232096,1908.9532611981406,3042.8221203327166
8.261,1884.7777621576997,1574.9477569379476,2937.2545396860965
8.28,1936.9067067227138,1726.385807437517,2866.8151234412476
8.28,2278.0893707328332,1818.8951172749519,2506.324248908637
8.301,2138.045465845232,1755.3947304366452,2976.0977944879896
8.301,2192.048741554981,1707.2672275088235,2597.8931121889727
8.321,2295.4829615469666,1548.2855315099896,2774.2924421946213
8.321,2000.6588574035356,1955.0374200888887,2827.419780130245
8.343,2175.5864984505847,1847.7233629387542,2391.5921491261697
8.344,2206.3677148846446,1581.509365400335,2506.3241405152194
8.362,2214.5399147139124,1840.0974444611522,2726.5818625847696
8.362,1929.577618978877,2014.56581125601,3101.807295629001
8.382,2143.0911596785577,1799.0164035300181,2408.5797041508795
8.382,2219.800678499425,1597.801178749866,2922.058258327412
8.405,1959.1351494071985,1513.4220384778125,2918.905511094521
8.405,2066.4033273014606,1606.8067197951264,2611.085287952173
8.405,2168.407924015609,1594.6926352981957,2971.35320075335
8.405,2182.5907257086183,1611.34794900812,2720.569586445988
8.425,1969.3925591829752,1924.0491196636362,2449.723025116907
8.425,2372.8236866947846,1831.0593895443926,2619.4797413510046
8.446,2194.930154338692,1767.471275425138,2518.736136964217
8.446,1725.774736683452,1519.728033945013,2960.465744195219
8.468,2322.293062999542,1931.8612427762614,2287.738497919219
8.468,2326.4557932853295,1681.2203532774977,2814.586707696212
8.489,2014.588207867931,1298.0753304954733,2936.839757115075
8.49,2346.651855575185,1948.8539957442397,2770.3872361941603
8.511,2156.0905380328077,1630.3721614445724,2898.5371023502234
8.512,2324.344958625719,1737.1413289618465,2332.3297758733975
8.533,2360.896550598935,1745.2718090604312,2719.4664975724804
8.533,2174.634837627298,1609.2263036640513,2682.5587480472827
8.552,1978.3241756100283,1742.7811789080295,2766.921021717728
8.552,2110.462139745518,1654.9594273613939,2279.7865348413875
8.573,2190.638216839299,1653.0075195536792,3203.9575499775715
8.573,2010.9604250686916,2019.3205310637456,2523.779142366399
8.573,2075.1652657727795,1965.137358734187,2677.115311446702
8.573,2261.341447290984,1794.6994203122872,2546.3749804289805
8.592,1870.6758761390874,1582.1665817502546,2597.4347119145305
8.592,2245.6415317565657,1531.476361143585,2560.99611802276
8.613,2004.0872505402617,1587.779485337977,2618.2286587409535
8.613,2404.0436896048564,1861.818789746017,2929.8126634401924
8.637,2069.891211929116,1874.9060515323667,2901.6109416306717
8.637,2145.335733463539,1776.583194345351,2925.8578493497407
8.658,1985.4763759332532,1542.777949452128,2769.122436409002
8.658,1996.0153495818302,1651.4011221747667,2583.247951028417
8.679,2661.3264889471902,1972.2076878607936,3249.1293543587103
8.679,2196.6485221259322,1647.8040213208312,2723.1149159083275
8.701,1738.9492929800563,1808.5239637558332,2244.591313822703
8.701,1961.189497417245,1834.718252622211,2819.9715745964495
8.723,1751.7370426198213,1871.6846051291366,3254.3772584202184
8.723,2511.405895340284,1523.5874749441853,2750.122684716309
8.743,2150.7353024890817,1659.5917981009582,2942.132064031124
8.743,2359.7741998803435,1654.900214321488,2861.5409141594632
8.743,2219.252364107631,1634.0711265327184,3302.7721522769725
8.743,2064.6665942560667,1791.4255040591393,2766.8281018898306
8.764,2307.6964830959,1372.5266070298976,2392.596008334477
8.764,2366.7326554048373,1721.7955511085609,2299.4139308778385
8.785,2317.046068453636,1618.100259444715,2436.4377455243757
8.785,2775.4054066905273,1557.3414048631325,3064.5190661036827
8.806,2068.4303259284793,1871.7819383653912,2299.1311603426984
8.806,2304.160464039031,1694.750793537905,3131.1107745196136
8.826,1921.7582738092217,1858.0054642864106,2502.10655087741
8.826,2215.108600042909,1573.6681948571336,2683.71936854666
8.847,1951.8810893329558,1954.7386285364225,2788.786005675245
8.847,1988.0690550954364,1606.3349577157808,2815.3410447931674
8.867,2096.0221637799227,1955.8865935704266,3110.7095529372464
8.867,2303.1641588585853,1490.2407095590504,2753.9105548930957
8.889,2253.781990826114,1870.4559031176575,2590.2639574039513
8.889,1839.331514810824,1508.1629329149348,2928.685432353991
8.908,2255.853252413907,1717.7358716992312,3207.2458091536228
8.908,2106.298219001173,1607.0352020089877,2564.9046075158058
8.928,2304.307362428416,1584.8065722300628,2453.720553656788
8.928,2035.9355422187748,1574.0122098632894,2693.751721555766
8.928,2178.790638541031,1874.4996523069142,2709.6792760196586
8.928,2118.9616469971893,1595.2154260527377,3313.7028271684335
8.95,1937.2393734891552,1789.2840879089501,2848.9545342649067
8.95,2389.18176895478,1538.0083004267328,2602.7734777546793
8.969,2398.464914718919,1570.540894691925,2508.3981387857802
8.969,2102.314870585745,1586.2277859083897,2793.4595386513647
8.991,2310.28604762329,1789.7651323712737,2619.8317252158786
8.991,2201.8104333899864,1793.301123537728,3110.147518956995
9.012,1900.7258740937173,1738.6039974871142,3068.332512992617
9.012,2053.6320604349885,1596.3221395599544,2205.5203673748806
9.032,2404.769146173889,1731.520400659661,2661.537605936643
9.032,2130.0748604999126,1446.5817204971936,2269.1025252872396
9.053,2358.393070730089,1782.8879405628504,2642.238292591229
9.053,2489.56680426761,1563.9012013862202,2756.834376802601
9.074,2255.253854774852,1996.1296477313942,2843.204091037647
9.074,2341.5552105788856,1576.7955915073107,2801.254181572188
9.074,2263.664316963377,2138.6163306503095,2647.111737473013
9.074,2246.95530518887,1467.1115432643485,2960.5602283237195
9.096,1772.8060065639656,1460.7371279811991,2703.1283524307046
9.096,2012.4331854294228,1440.2147796573615,2691.3011526208975
9.118,2144.3000709390076,1441.1361510387776,2468.5347493505938
9.118,1959.7761149120229,1669.784781926138,2585.565165160946
9.138,2175.5709680719897,1806.0638855603056,2822.637693028503
9.138,2560.3800005928647,1866.3587376102196,2992.5616372500745
9.159,1985.6379864343157,1731.444498642787,2638.0036001063354
9.159,1981.4592568293274,1421.1533989663951,3097.482624530028
9.18,1956.3863924445523,1714.6049439372691,2989.673017605393
9.18,2161.7328757404625,1604.755595687532,2997.2069894689002
9.201,2065.2937898719133,1631.7601485999564,2718.1279616810284
9.201,2121.5876259127012,1553.7866887428454,2604.831352246136
9.221,2182.5923247000956,1603.3976230884084,3013.4672615567124
9.221,2223.4078870745616,1774.2998909030855,2857.8444464563927
9.245,1821.117036404783,1810.2857588080233,2365.29911131828
9.245,2318.083329859233,1624.185011527868,2623.384218319059
9.245,2030.2196054643557,1917.6635463872858,3352.178902299603
9.245,2086.356421029985,1575.3199859261974,2680.8474366454093
9.263,2023.1313215540472,1635.8542170393944,2942.458985273241
9.263,2103.605823441679,1606.0438885087963,2421.9708800119156
9.285,2123.4627540031884,1689.180126926221,2535.603250837286
9.285,2184.90271576941,1592.3451126532016,2735.9668255127226
9.305,2181.8206187820942,1753.609395832301,2462.586549620782
9.305,2296.498222731336,1898.9911740258153,2795.986962684825
9.325,2540.179280812277,1703.4582496705573,3279.2050005156552
9.325,2020.0760985040927,1513.9254849311294,2797.9175837322305
9.346,1780.1433484933968,1133.740784746501,2938.0613542934634
9.346,1787.81164742656,2000.256285354961,2914.304043353985
9.366,1967.8432556478576,1861.4919037879745,2553.171020060311
9.366,1899.6934333794597,1627.005273676336,2824.211488551231
9.388,1977.196922374133,1671.9897873508692,2691.551748842882
9.388,2044.4580054814915,1545.7563951170089,3116.7847511340865
9.408,2133.7390232315706,1595.243879907142,2990.7854940039797
9.408,2574.294344879903,1818.8335332917204,2501.948219730137
9.408,2067.6908557569577,1765.1124190362814,2813.1253165240314
9.408,2219.93895503693,1892.2342999226792,3039.993453952294
9.429,2128.8872136815676,1912.9051370361337,2697.859280337207
9.429,1849.7809007240437,1715.3198532778995,2793.672717347923
9.45,2115.9364014739563,1681.0821808697278,2765.7123286786164
9.45,2148.060045540626,1657.6959691752263,2850.783992222788
9.47,1999.2743503231454,1763.4173849815568,2533.2324175473373
9.47,2038.789335229803,1780.0885574624629,2331.7015188156147
9.491,2203.19618492453,1893.7759595153761,2663.5399911113245
9.491,2342.886306360385,1726.8054702236323,3014.32925049274
9.512,2469.9883047259455,1949.2483957150234,3036.544079172118
9.512,2032.6411053566396,1929.5877008581485,2850.846307214219
9.532,2267.403851353842,1816.2446896752665,3069.9894733774922
9.532,2145.733778656313,1852.0259914039425,2331.291201164237
9.552,2652.017535424252,2003.1046561327312,3224.968336845933
9.552,1863.1439080737541,1815.232602035727,2537.1102611407714
9.573,2330.7641947080892,1796.8473962525622,2657.236484595103
9.573,2283.1893487812536,1758.2188265492546,2910.0790490991644
9.573,2013.9358355394331,1937.2450601118223,2449.142825981918
9.574,2116.718183925781,1842.4923058272761,3100.080931852484
9.593,2056.1615009981197,1755.0731138582598,2367.7918125038645
9.593,1803.4957151014032,1904.625825543606,2598.5236332986256
9.616,2067.481970691359,1715.691342336601,2989.286940426149
9.616,2256.8874548410818,1879.3820838513232,2910.404043091419
9.635,2213.018710451255,1607.8746529203386,3115.1819370506564
9.635,2071.5416669601154,1899.4681454738873,2666.043315771735
9.656,2167.115738881379,1600.3756071905368,2721.8403332926423
9.656,1878.2180768497567,1559.7049373758239,2643.9821117159836
9.677,2161.5286700363395,1690.8528522001702,2381.5603480366008
9.678,2132.553413378458,1577.7647689572677,2846.0194401248696
9.697,2175.452378383395,1872.7074568340297,2989.9602963261686
9.697,2346.4944321447083,1786.2588493920564,3212.5613492453676
9.719,2309.2985305853613,1873.3239246415746,2602.632744418935
9.719,2163.6532803147034,2006.5801232004635,2832.032634497234
9.74,2312.660826903756,1986.9867799984222,3257.9516700466925
9.74,2135.9927348271135,1601.623435387329,2609.1642429876592
9.74,2222.883388835034,1961.529951862505,2564.504420678754
9.74,2070.019183606522,1661.875673155327,2665.6760391426515
9.781,1951.018144486655,1678.0222629746818,2702.077653883307
9.781,2118.917299166889,1815.6939146004304,2906.313773854298
9.781,2697.7109075994786,1630.165435754068,2759.7043678880996
9.781,2114.015265275724,1786.5419763091813,3007.5303642822696
9.801,2146.73179198919,1683.6113024112692,2944.4842372359635
9.801,2222.9132870255876,1902.405278820457,3019.838009039852
9.822,1930.7834166402677,1471.5492356260443,2536.9551030962716
9.822,2340.168163694548,1923.670438519637,2388.206383152293
9.843,2247.5211505884185,1503.925831679818,2701.0977651078774
9.843,2127.7268056196485,1655.1252297830663,2725.324286435371
9.865,2509.7264722669124,1680.4557389261797,2664.3384920358
9.865,2007.4490973959696,1884.205492061312,2918.5612398044213
9.885,2199.811710120878,1688.442605730897,2680.4593616668594
9.885,2313.2018811354174,1617.0806253229653,3003.1163779707317
9.907,2246.9641785384424,1852.981838358305,2898.3568729092726
9.908,2123.024331995677,1595.6764015092,2949.2143697927145
9.908,2213.6537597282654,1523.190824494408,2487.741184748716
9.908,1991.3327735260782,2024.207314261358,2474.5249542653437
9.926,2262.5513552497287,1930.4704249436245,2579.1277283230647
9.926,2195.399691272273,1970.8698177483348,3088.965825871361
9.949,1682.437063082857,1793.7437362633787,2833.4385620138205
9.949,2027.3584932490376,1804.303348289827,2902.4603882650176
9.972,2141.9449298741715,2083.1218107854056,3207.4418217905118
9.972,2214.5999163196275,1709.1000247481504,2432.704167827267
9.991,2092.5152106328514,1768.2339224764276,2213.058392945358
9.991,2274.1025056835033,1610.0764795993543,2706.7876422320983
10.012,1993.6740070676292,1905.3918621358573,2850.405324324383
10.012,2292.670568887374,1869.7409041376338,2797.0981722499805
10.034,2263.238332519242,2036.2176333696666,2436.782179394661
10.034,2146.036856978882,1538.8064698689016,3030.9894526714247
10.056,1992.490253701722,1928.5994231231898,3120.4492377480196
10.056,2304.1931144084424,1853.7354704229663,2930.010099094443
10.077,2068.657692348303,1820.4267181511468,2891.4906367879817
10.077,2064.9499224805963,1405.0372853999377,2702.17047968161
10.097,1861.5794574123092,1871.6697988951337,2880.916903115058
10.097,2003.6093540120632,1648.0860553920004,2970.4987270474894
10.099,1984.3671802622039,1825.4908241582123,2456.465770287631
10.099,2001.7522097342535,1755.776346528863,2570.9453574027457
10.118,1835.8005434906693,2017.7530241457348,3134.0876813264813
10.118,2137.619575288542,1737.5483157371225,2080.2322460207356
10.139,2016.37348442927,1899.9727910408733,2888.48234994604
10.139,2159.7000899743302,1753.8807116406745,2485.72257393082
10.16,2098.8009700580205,1500.0379692063339,2634.339258725915
10.16,2087.250501191369,1769.7614166443827,2501.596798012314
10.18,2106.8462906145946,1843.2335964552585,2786.296125043024
10.18,2080.415414235102,1728.7200840347357,3177.645039013273
10.201,2046.5093515187496,1736.985171537504,2683.988324417229
10.201,2069.2802969679697,1737.305070124553,2913.659008478058
10.222,2031.3998891973354,1932.9498205111481,3091.1142281227258
10.223,2264.9178603576547,1750.7567958622085,2655.4913176927203
10.243,1792.2247208012059,1870.0725076828471,2711.6134931105807
10.243,2243.5557305882485,1936.8793904265226,2745.8647787224118
10.243,2142.7699144154985,1258.6215961951648,2308.239915205675
10.244,2173.3285134097755,1501.2056945750371,2601.3818156535463
10.263,2390.1320683409863,1660.4499472095365,3184.356424817209
10.263,1871.8821282907084,1971.2164735238557,2765.0020189444604
10.288,2035.6012879804664,1803.3772424549013,2908.5394723855234
10.288,2088.623946537224,1576.2335280637421,2986.1420141305193
10.307,1697.9936241040596,1526.2179372290218,2212.9791773519273
10.307,2396.815628550306,1919.349234345403,2626.915406378058
10.328,2080.237125684231,1910.6925400168207,2633.9970220576424
10.328,1976.408302969564,1723.756393107601,2663.4778187464462
10.349,2219.397933354589,1659.8450453533771,3068.6337263633927
10.35,2318.7560399322106,1979.5904440335535,2618.276937919729
10.37,1880.0059209565493,1894.9334873411585,2659.578246394375
10.37,1795.9162415319977,1647.8932972703594,2733.8874697055803
10.391,2313.6383705721687,1705.7054685005107,2163.819964665899
10.391,2162.87072754603,2016.215732348451,2978.9983363325964
10.414,2336.7373337184035,1576.9630813761746,2672.523396097336
10.414,2295.6895605631325,1856.0707654691735,2685.8459934318344
10.415,1778.383950722126,1766.3792200734238,3122.1828393687856
10.415,2138.464051275238,1733.2925043797336,2748.0871775763344
10.434,2123.093728283487,1543.6347553578025,3136.6803822264274
10.434,1990.2747665649763,1862.7233560955494,2582.4371706693237
10.454,2473.1096646228734,1771.8302234231992,3143.8261124569012
10.454,2118.826917564346,1548.4440715893477,2727.0068386307817
10.475,2325.3870801861767,1578.3180999571684,2791.5877104188785
10.475,2449.614202336907,1509.6320012096708,2978.6173535427147
10.496,1902.0857601107693,1688.1584420521174,2816.0742847235624
10.496,2027.3521387154933,1888.259111154513,3024.455332639247
10.516,2062.4314546023797,1968.6851762716458,3031.154932901229
10.516,1868.2044341722003,1942.950247092421,2877.7657980184986
10.537,2287.500950809328,1707.8464960105237,2910.6627228258503
10.537,2177.7198375349712,1614.1057906389726,2933.7206422828767
10.56,2057.6389965259123,1938.2354486784282,2727.086434437081
10.56,1852.9038449130198,1680.676132612152,2718.3722409440907
10.58,1969.1987681029605,1924.6204555297475,3347.175816462468
10.58,2129.3032914009814,1858.7705957191874,2986.529727444934
10.58,2213.1480137512376,1751.7879862206516,2780.434248060421
10.581,2228.0073622943346,1553.3511689098414,2436.491703051307
10.601,2234.970853058631,1698.256647499951,3015.6848157317368
10.601,2051.5298416079736,1522.8471503967014,2768.176355986407
10.621,2099.3784353460687,1691.1629262589324,3061.0219742116624
10.621,2192.1462081892237,1765.0152512337365,3016.7124053817115
10.643,2076.1830157854597,2024.489512442376,2859.4788638619216
10.643,2057.8882238268407,1850.1435288376442,2510.3032402452695
10.663,1751.9229853870793,1653.6573360508387,2797.2712958734032
10.663,2282.9259394392993,1595.2170410426982,2690.5165885975866
10.683,2218.8121098897986,1891.3390988267536,3132.6740735848875
10.683,1987.2703198512759,1595.190268400013,3356.194134257289
10.706,1915.8627187024658,1240.7996928513562,2692.037036028144
10.706,2079.309284083262,1765.5629610816688,2733.52531243425
10.726,2213.3964406982946,2057.130342049626,2934.986954865758
10.726,2185.684513162155,1845.3139066360047,2494.190941296924
10.747,1978.4687064993902,1590.9274033074457,2804.1942725990484
10.747,1850.2438507783063,1707.4905302759075,2851.9175951513134
10.748,2185.7191036322174,1825.626304735697,3043.1049896170143
10.748,2150.7024797434656,1653.0004584338506,3401.3601107863014
10.769,2421.5443569606327,1512.6874371397544,3310.6043947451008
10.769,2524.0896818878973,1684.776157987411,2640.803078740387
10.789,2199.508692731968,1497.0272608133178,2929.3424941579196
10.789,2167.9341014077786,1810.7454346245843,2579.728748452018
10.81,2139.149357238281,1446.3794684629283,2667.024413545998
10.81,2146.9188896274627,1713.6611403984425,3028.9482086300336
10.831,2223.8216726191563,1866.6964886407068,2920.4270826937973
10.832,2177.8501951534013,1902.540320951639,3399.0223497351744
10.853,2232.8210390832833,1457.3473450535312,2694.3704089986177
10.853,2074.1852600537995,1764.7586761944751,2771.076293241086
10.875,2170.9701345944327,1835.0670109447149,2613.6387505486996
10.875,2174.532263606496,1725.104951601005,3130.981388426856
10.895,2220.443877241137,1657.5871277265067,2694.328306072489
10.895,2119.191532689716,1700.0177062095051,2452.4069331409282
10.915,2157.3630790251236,1637.0064059121578,2656.367580836643
10.915,2419.998138516569,1831.4549464220972,2570.9151745395675
10.915,2172.957405772723,1571.3469949244006,2883.3702680862752
10.916,2162.4165633879616,1539.0128722899842,2546.9443325910643
10.936,2051.984727100336,2166.249371780397,2919.881484515466
10.936,1651.8002639327856,1394.1869894519664,2500.4868132318015
10.956,2545.359135309487,1676.0570118815856,2673.5849858114875
10.956,2154.7061846610522,1751.8912085646302,2626.8086907828956
10.977,1987.9049848218312,1521.9939569476514,3116.078491614476
10.977,2209.1461115870393,1885.1025002693718,2346.0003169833612
10.998,2405.4593608031723,1744.7221862350784,2793.5777156528043
10.999,2245.7095144928676,1724.016264852759,2505.134407401528
11.018,2053.6810945694037,2001.8930705321143,2577.1266815344816
11.018,2592.7328286198663,1479.4042211826757,2822.631546248349
11.04,2307.890942608592,1634.5716873438705,3030.557266081471
11.04,2070.747556199664,1487.72517971203,2407.290120478392
11.06,1970.9974840705186,1585.4003206744114,3158.621942160265
11.06,2286.568619635642,1934.8696202326528,2559.193007898653
11.082,2365.7783602965687,1704.8684448994914,2742.6930630859356
11.082,2253.4200585784947,1687.1824656675003,3173.029289306179
11.082,1942.9634385828797,2048.1698789117186,2699.11932694405
11.082,1956.403988843694,1797.7667946850345,2386.0053305118204
11.103,2060.718869580939,1715.2055846363382,2477.3547919163148
11.103,2163.9132430082304,1729.261588939776,3004.7560022085713
11.123,2352.166936956474,1654.8822447334574,3073.4248264416756
11.124,2429.5782733270808,1799.6821489122165,3085.094021575159
11.146,2315.284403775878,2007.2536462281207,2912.7917760588043
11.146,2193.0409556095865,1953.1911039837464,2208.9881025928976
11.167,2217.7131437979815,1810.9739516382974,2690.849182627656
11.167,2193.177251364243,1584.4738874129553,2885.4826097523364
11.188,2699.4319759216073,2091.4370425908005,3002.113170274084
11.188,2189.927479411001,1796.169203282154,2870.025441158655
11.21,2310.2083694135795,1917.587984098055,2832.0039578244287
11.21,2050.405068553746,2053.83873784072,2666.037928337605
11.233,2060.2235194475616,1867.4224712153723,2862.5466105465202
11.233,1913.4139402945882,1837.0202918139962,3229.9029723685558
11.253,2499.794030938357,1758.2248899170504,3286.154793558604
11.253,1921.7020033787533,1656.360276426902,2611.5523206022326
11.254,2232.34945239729,2005.136354550401,2530.967295567322
11.254,2100.9246751067885,1643.5966307542712,2583.8170130124295
11.275,2397.28262217927,1717.3432370438663,2459.284216490629
11.275,2543.2677777143776,1670.8608603745124,3221.1931569460467
11.296,2354.6003648245687,1824.4215625373636,2861.0859616598195
11.296,1891.7627356296434,1876.049169611807,3061.1184399041686
11.318,2275.658722267295,1612.4074968444907,3072.3374564795067
11.318,2745.650264638692,1744.7928468449973,2784.8267732113636
11.338,2378.8502522710032,1763.8501390055599,2906.0671782523254
11.338,1756.6592834265844,1522.3802166381079,2735.0992621115556
11.36,2168.7439282705604,1564.396246626308,2820.582906738404
11.36,2468.3758780456315,1511.720933046901,2698.183004417327
11.382,2326.255794901883,1617.4522657334253,3051.983781712399
11.382,2304.1501976933623,1822.284219019013,3044.976837051594
11.401,2095.4768177406727,1438.4560141448694,2539.895236769891
11.401,1854.5170315283779,1750.9453841245704,2871.498946889303
11.422,2108.992332619794,1659.7945127706182,2481.022458334435
11.422,1880.7666373931436,1608.1466868414593,2858.159505842904
11.422,1962.5275730876363,1843.766167844543,3026.301848459301
11.422,2004.816123829697,2043.9046413983774,2528.6908088230475
11.443,2054.257053418975,1636.3086486648253,3148.9462932876936
11.443,1925.611953146903,1665.2030447467318,2514.076094894979
11.463,2048.886033673685,1739.7978843575918,2480.1710105988095
11.463,2263.6345168739713,1651.2326860375642,2287.706852425729
11.484,2224.191718482094,1912.3587718764559,2583.411988968083
11.484,2179.6924540221225,1864.7015533086649,2965.4745270889316
11.504,2372.233761165762,1653.42279373821,2269.4202814625883
11.504,2323.3686814645826,1981.3652485150512,2560.856136854415
11.524,2244.717615300082,1565.4896977512944,2609.1968698995274
11.524,2107.6923582024165,1906.6964381525204,2629.4713525521424
11.547,2220.035066170271,1680.2107544414016,2865.969990827646
11.547,1880.2695314825867,1753.0384347124966,2918.7010049388646
11.568,2247.5678631776527,1822.734840832303,2996.9482788692594
11.568,1811.955102107774,1926.059291067278,2908.4409130529343
11.588,1918.5692946541876,1584.4364477221868,2987.494911882818
11.588,2526.385907900559,1879.712261669208,2613.506593603972
11.589,2205.902389952705,1808.9780804619206,2647.010435014452
11.589,2090.075032061526,1700.5044943470264,2548.0469089821318
11.61,1933.702530172539,1665.4055246998205,2612.2773606838878
11.61,2080.660599339494,1666.2165612580272,2771.0605230581177
11.63,2179.8276396026963,1805.8076145768594,2660.0067462018105
11.631,1770.6328398728156,1907.0686984934428,2906.9291873953016
11.651,2234.026050767229,1785.1189515160265,3053.0963752374946
11.652,2329.8301747580285,1909.538977500663,3065.226152997403
11.693,2353.9317575392665,1880.943069576803,2900.4518438902237
11.693,2020.083996464824,1683.2171165099796,2482.9295849112614
11.693,1876.9865975948617,1663.7636403123665,2942.2543174985685
11.693,2100.545516502738,1736.2319475195663,2809.737770123193
11.715,2168.3390551344123,1363.1495574623407,2796.8933154118463
11.715,2049.315617389775,1906.3073143558272,2562.5889650003423
11.734,2018.9670539751146,1853.7417875758129,2190.905620603019
11.734,2352.4235684954774,1910.937557958984,2938.661746774873
11.754,1885.356681896772,1843.9960210304987,2794.49480248564
11.754,2024.0595094792168,1825.3713845304837,2874.6724853344717
11.754,2047.9525077858984,1814.0334698251088,2542.233915369806
11.754,2142.237033673406,1819.2867590980145,2892.2829261827083
11.775,2028.8311536115812,2033.905457438496,3123.183620644249
11.775,1925.7564333932878,1904.0206782772595,2599.8056287401587
11.796,2298.222589652548,1873.3085998810934,2765.7949802631233
11.796,2002.8014498152747,1861.644952906212,3090.751185045117
11.817,2043.5206863519109,1778.1111960939083,2807.3386394623208
11.818,2047.4597134871344,1839.2625647962582,2393.88402772482
11.84,2083.3183250404268,1685.397162418095,2759.528507973755
11.84,1959.889277352775,1699.9505929070917,2585.360031087678
11.86,2124.1149377652755,1823.2330812457283,2679.4602687725833
11.86,2123.3689753356393,1650.315182505307,2767.479515285148
11.882,2448.671941595448,1761.1009175130434,2868.962852675908
11.882,2352.663081708337,1857.2248533571292,2977.9774565844923
11.903,2155.1744709142836,1704.0321791849278,3449.794771633654
11.903,2097.9547314688966,1736.872729439247,2686.2681395982836
11.922,2336.768364316455,1872.0481257806416,2798.17932588664
11.922,2258.962283337401,1588.0458846734145,2983.3952045567426
11.922,2110.1878654052903,1319.7568011981903,3271.2903054511894
11.923,2376.876378369478,1681.1322095567712,2908.57143485583
11.942,2331.5257287860304,1836.9090427450358,2599.9115021284388
11.943,2206.03711664925,1594.0803563227873,3086.8624381119766
11.963,2437.4151820423003,1883.1064760522077,3288.257969857123
11.963,2229.665119125279,1846.4626861662543,2585.2921435594794
11.975,2454.2811633765696,1950.0996877981315,2579.004280786468
11.975,2352.869990247015,1975.4137264857034,2668.8746168007456
11.997,2194.839199673556,1785.7215289917044,3067.776938848249
11.997,1953.5739623795125,1834.457642384285,3094.652318843763
12.016,1998.092493874228,1811.2922016514526,2818.4638163509053
12.016,2263.058639165462,1783.992140034201,2829.325295382253
12.036,1977.2103502765385,1680.5465260883584,2157.74575993279
12.036,2141.2553681804507,1610.1415263733704,2681.3900085424334
12.057,2274.8710648039805,1766.8948754714659,3016.3546094721296
12.057,2219.5946155802144,1994.4388552661858,2824.4661567066455
12.077,1954.1628139098857,2078.49673277488,2848.126876864747
12.077,2385.0085877660235,1513.5384366520661,2774.3466606544816
12.078,2247.436769730199,1846.728319148726,3041.133864484713
12.078,1970.3474764038344,1971.210011620415,2612.7654692805836
12.1,2117.2972071922795,1481.1678460976555,2967.22690138967
12.1,1732.7672416344597,2083.902222921289,3086.5082685014845
12.118,2035.9438760434386,1761.88374793514,3123.5842613953278
12.118,1826.3585787640923,1596.531605728501,2331.058556800199
12.139,2113.5168545652978,1749.9055638963614,3280.1573084409065
12.139,1679.5632595606219,1498.962345727409,2891.2346787843185
12.159,2123.7681211731415,1625.1818309074117,2754.9897023858666
12.159,1956.6141639537354,1658.647629001603,2785.96579579153
12.18,1860.1269225753294,1517.8814114794684,2851.1591795347813
12.18,2352.709524999771,1909.7360898025433,2377.7262352942253
12.202,2319.235298732128,1505.5300202545445,2893.1290153511545
12.202,1922.9854170742324,1609.1745493848837,2788.5918229736
12.223,2108.0853000933844,1450.3863355618587,2963.186074146762
12.223,1926.5795258921285,1935.9867691580544,2896.1234786722835
12.243,2329.550853330942,1520.8559005103593,2349.1011689421066
12.243,1936.55952304037,1847.9528102252793,2570.2565183553947
12.244,2315.299600277489,1651.76942180642,2568.9187103982727
12.244,1941.3087753168259,1796.6144311593819,2884.401307418153
12.265,2205.6696640609043,1763.949527813195,2924.9129928299944
12.265,2378.1886739600427,1724.7353464299863,2655.05539686947
12.284,2049.266973453823,1712.3600441372485,2611.990408853343
12.285,2192.064077008009,1904.4763642660682,3063.7053294254288
12.305,2170.221532102473,1704.2384318090694,2786.41702933489
12.305,2015.3688387224802,1670.3347791481788,2791.877790765905
12.325,2100.2674807056246,1811.0690992040836,2844.0928268541606
12.325,2098.061220527418,2139.888946732436,2710.6449515587788
12.346,2141.3189362330463,1729.269807290912,2861.7027943941753
12.346,1978.8962057949975,2049.549542633011,2769.4986396953113
12.368,2152.655058882765,1748.2074946992052,2456.404241883316
12.368,1917.0549038123138,1789.2800573340076,2424.4395747573244
12.389,1698.5759653227813,1891.4183237504196,2839.2692711435393
12.389,1797.8651006449443,1718.222766659133,2583.056300495921
12.41,2544.7079852468623,1586.0466013674622,2942.6381284760278
12.411,1648.8469986265895,1655.3741475703096,2931.218462863091
12.411,2216.907116875611,1738.7008391215527,2784.1557937954335
12.411,2181.278748282273,2011.1736609683535,2864.6837530393314
12.433,2086.055049310106,1658.1636652588297,2925.1941931217766
12.433,2169.6130129294697,1949.8889430287222,2238.1993744144224
12.454,2078.718925163093,1893.1575418672708,2670.141608129959
12.454,2176.5135934961268,1969.4365070183926,2708.5944860811687
12.476,2019.660552578316,1878.4926796792463,3027.4297276535094
12.476,2266.9235008382425,1990.002609722954,3260.2273296950198
12.495,1685.1371388978407,1768.8803341754317,2328.2675342061775
12.495,2482.4508541001346,1690.360864484916,2704.1382391570733
12.537,1905.4565594552341,1652.6675432656748,2454.8867794951943
12.537,2270.1013462571555,1830.27603382761,3396.7201010463104
12.537,2271.950941761298,1626.673603599331,2653.593248077369
12.537,1964.1171832742737,1733.8836004847399,2896.182329889359
12.558,2049.993259011323,1675.0452627503262,3019.2497057973756
12.558,1849.7198629943007,1625.7685479814813,2952.2188117682185
12.578,2263.9893554089076,1861.7551035492577,2784.397212302402
12.578,2449.22090814056,1950.9046742068283,2963.191746488575
12.578,2209.914534803225,1781.3341575583036,2349.852383263747
12.578,2025.946097631048,1923.0078181662077,2723.846977330699
12.601,1905.57869208524,1634.6002441679384,2356.3804930168876
12.601,2100.5231096812645,1796.4253267881209,2975.6461096287508
12.622,2338.3564445096345,1539.3322028342457,2892.787322654538
12.622,2144.942520062155,1678.6686599461416,3277.0601849423647
12.644,2205.418167238299,1552.7773156878377,2850.4573351224567
12.644,1878.8573481849135,1668.2370233054967,2779.483006480882
12.664,2044.463620151915,1836.0694920697506,2923.3498772657217
12.664,2299.248969519567,1763.969479539217,2395.7719141734156
12.684,2164.187977583438,1676.3603418425655,2388.1035933758385
12.684,2171.6813531561907,1860.867407597697,3057.4995766129355
12.706,1739.3088335361633,1778.6347661348477,3107.0693464195942
12.706,2407.24926131167,1527.7735688059329,2516.8211796633573
12.727,1788.0812153092497,1756.3083284199672,2903.7411556861534
12.727,2159.016943529756,1612.2531645392753,2288.17712284445
12.747,2232.636351701654,1530.469358094221,2660.3131177632495
12.747,1954.155808293635,2010.5531298868123,2723.0254691649766
12.747,1980.505460102662,1790.2649902378273,2977.3622842898217
12.747,2220.7025333967254,1935.2317952831104,2623.166521484939
12.768,2048.5892010399584,1525.67602475207,2629.6847933172367
12.768,2050.0621684230705,1853.6145099069756,2915.5102824606765
12.788,2169.773928389753,1738.879652433088,2538.0210255858037
12.788,1849.7786921922464,1765.5996941477304,2950.3722929749533
12.81,1914.3568461787002,1902.1866203037139,3125.9279747268524
12.81,2235.01209757079,1545.8368749794338,2889.654097419584
12.829,2197.250979918138,1898.5761628187056,2520.292985133571
12.829,1828.680629360573,1946.9100502162287,2384.174347597291
12.852,2185.3377280457908,1515.1745731507945,2831.18225671811
12.852,2469.3871865602136,1430.5894657565402,2782.9306331030843
12.871,1890.7568966378722,1804.6842751299096,2981.6722508169496
12.871,2125.534342251742,1814.4808427147336,2621.9538630640736
12.892,2353.553311593309,1490.4555017336813,2775.896991430112
12.892,2250.344282995159,1803.3220035500149,2966.2385811669233
12.913,2242.92951624304,1572.0812597621386,2913.8274105735636
12.913,2255.2117771426024,2165.7843562676967,2913.907391439488
12.913,2396.8778784297965,1716.3074149323843,2871.166976992418
12.913,2302.529220486848,1699.1754379079086,2302.235133406982
12.934,2081.4364593403498,1686.342996438247,2929.4114377307837
12.934,2203.861829945578,1878.021675649719,2898.410134607742
12.955,2240.4235176534676,1888.8812552711638,3190.9591431446024
12.955,2279.858912402313,1915.4985985182557,2612.213461525337
12.977,2177.5706864518347,1836.5466531770862,3457.826168101179
12.977,2295.3182237191004,1760.5704760911988,2975.9426788800793
13.021,2247.3300109416127,1700.509563913609,2746.3934947760636
13.021,1867.2741457893371,1942.4182083664405,3365.672949360849
13.021,2102.8085078358513,1676.541359966778,2918.7086772161792
13.021,2012.0780283358813,1748.412031391463,2426.5983616679164
13.041,2447.2240111770043,1767.347515395453,2630.5285700616
13.041,2201.6110222208827,1770.0520321298618,2902.825493848775
13.064,1881.8298190485732,1753.5426565284781,3043.828885174953
13.064,2266.2438625419127,2029.1576674805704,2677.4778646213804
13.084,2224.340086360477,1564.1044457017827,3268.583952798381
13.084,2418.2593624427004,1721.9302666822846,2268.1306731593068
13.085,2415.494515253795,1986.1029964260458,2868.291156316212
13.085,2037.966985449096,1759.5904504063528,3055.436783880936
13.106,2120.8314091745674,1377.8539651026101,3195.8383263525534
13.106,2154.7454976069894,1926.316099700797,3013.008666610803
13.126,2070.3334829564965,1887.7891693141078,2763.418910376924
13.126,2173.124475852529,1711.3665640324405,2920.7640871309136
13.147,1839.8270591262767,1594.413295118345,3399.736053035318
13.147,2101.29291655328,1761.618678197021,2679.1862585328777
13.168,2091.570675668571,1625.2662983541638,2934.209840934876
13.168,2092.589258883979,1963.5874184863007,2614.597842761436
13.189,2033.1980561482162,1774.5630623601912,2488.7941289121145
13.19,2231.9022016744707,1468.5083121757366,2550.988440582004
13.208,2240.711255872478,1515.8332101795409,2785.5218884563915
13.208,2325.8150627514824,1304.3976969221358,2801.5651670558946
13.23,2277.032600902666,1770.2463009829155,2385.687238615118
13.23,1910.33258027241,1886.4585877580616,3008.7125035259305
13.251,2275.26546721043,1808.0610418578715,2512.3377096699373
13.251,1876.8270680684343,1642.8236254957903,3430.167780930311
13.252,1834.5133926502908,1912.4634060852748,2729.229727890681
13.252,2337.8047928007154,1676.5618915415491,2685.391035097325
13.273,1825.2490538339346,1875.9859825142587,2717.866198801179
13.273,1709.9805339933741,1853.1750515996675,2923.5769655241784
13.294,1987.1461435688107,1552.185488907775,3118.5963283567617
13.294,2275.30645575316,1613.430674473487,3172.5002230720775
13.316,2122.6641846626685,1793.260024236558,2829.7858270979195
13.316,1913.6979033284015,1999.0447640477028,2764.7733381335925
13.337,1976.6905790345065,1581.420433235714,2875.437377186383
13.337,2142.497141676301,1693.058703251433,2577.082822525579
13.357,2118.9389726941317,1649.1058695016293,2455.9934650240925
13.357,1952.0480933917802,1797.0607942062852,3218.436328988394
13.377,2048.0337768763916,1668.0351182117415,2662.4377223658926
13.377,2379.5307172729163,1704.5383951855886,2945.6194011321295
13.399,1971.991214830928,1671.10768830711,2703.6775801950816
13.4,2265.4906899170733,1560.0213080757162,2568.1602537053063
13.418,2020.0983694872198,1585.7503655048977,3162.8448601958185
13.418,1982.0494780769363,1712.5952661453507,2806.8803589715976
13.419,2278.450959529931,1487.5807242385245,2457.502375871895
13.419,2111.422960973035,1781.3465763661386,2680.032671255348
13.439,2409.7757790864543,1383.8332079193738,3150.230990476128
13.439,2016.7548322804005,1877.0230689684267,2738.2656946766033
13.461,2279.005970534395,1539.1700395718954,2909.1018839867033
13.461,2337.221954877527,1766.7941574970048,2774.765756322368
13.481,2151.685426748739,1868.9319856713764,2696.8940481985187
13.481,2085.787485696375,1794.97712718724,2485.811812234538
13.5,2348.014157847415,1666.6335655675045,3209.9124654697007
13.5,2249.775813871434,1952.855692384785,2770.3456132426745
13.522,2084.3388000718996,1709.6121421260164,2711.8444261038608
13.523,2316.5065896880687,1969.0749202366242,2489.8072507741094
13.542,2605.591537587578,1517.8601406839978,2872.4613230762893
13.542,2041.5315488406743,1911.8727064011523,2767.897802224178
13.562,2411.840885392038,1614.4813555117034,3104.8752397463845
13.562,2238.6482134293233,1857.1370606687206,2665.106613508617
13.585,2028.1575502103956,1604.0829601955552,2315.716421343056
13.585,2112.801925991292,1684.9858516700092,2634.154074141922
13.585,1924.548760046022,1627.3309330786649,2890.8627870354144
13.585,1964.177203548135,1963.1595713240754,2565.689994748554
13.603,2383.746675547098,1670.436273353375,2910.560013614458
13.603,2117.5479442656183,1724.1290012192762,2727.683742454151
13.624,2109.2257338172294,1924.9413205226924,2899.8936680931383
13.624,1960.8823123637035,1640.2637020714485,3023.8524615722517
13.644,1867.703397426043,1900.7963347552009,2646.992445179164
13.644,2075.10393638232,1540.2843600858666,2753.292655675004
13.664,2003.1703949281007,1994.9311595526437,2480.5074986700724
13.664,2096.209151834706,1683.7792230638304,2709.1473569482273
13.685,2274.9374508452183,1771.2803555355329,3356.4987355895246
13.686,2223.5596997403113,1954.8683654840593,2524.043845936192
13.706,2167.2278975494537,1697.6344543685777,2919.170899046921
13.706,2037.9412659441482,1814.9833886067217,3152.8557630345736
13.726,2224.342210333298,1668.0652765835875,2573.0352655894553
13.726,2060.299970908278,1956.2568421498454,2769.191063160727
13.749,2155.3137509841745,1402.1153390130803,2463.635485021018
13.749,2074.002837076198,1809.8305344828884,2624.8301875063466
13.749,1905.1540251594135,1462.2637802842805,3211.332358129216
13.749,1733.3092911374147,1863.2977799532234,2553.610824717931
13.768,2298.5621008730454,1419.1858407711352,2579.1193223965092
13.768,2053.404871409085,1953.1752089081465,2758.584539035701
13.789,2302.500767186101,1911.2000860670344,2609.3997222581847
13.789,2061.2494023593613,1758.4905101774543,3241.261292831007
13.809,2186.1211918059694,1707.007848919565,2620.699394470608
13.809,2280.9660287085258,1757.1526813053465,3175.3548476727656
13.83,2254.4960663358374,1698.5785174311286,2844.953651829414
13.83,2201.250754238515,1717.4005286495978,2475.687680309572
13.851,1832.8181602012878,1577.4926115709438,2897.389755912115
13.851,2047.0883183588749,1805.831768797533,3027.6195973478857
13.871,2172.4964763350777,1645.3198537134454,2924.493810062216
13.871,2416.4448689525,1815.0895128368968,3018.474929491162
13.892,1942.6956554941016,1790.6204148484112,3168.906301762264
13.892,2231.838432381747,1704.5825535130134,2435.8482373747893
13.914,2035.856562601107,2016.6383625409242,2719.4698624982016
13.914,2103.2439899417845,1798.4099419764188,3078.757257177147
13.914,1930.3730472369157,1673.3036858051678,3091.086790810139
13.914,1960.7639396543582,1767.2202820988684,2811.5885709452214
13.935,2192.942426188544,1817.2137950553458,3514.2426417876486
13.935,2400.7986771048845,1575.6369920272866,3187.276244701331
13.955,1847.080054022047,1552.980361666848,2646.687851240107
13.955,2141.932294134601,1645.9893433991654,3479.6206222488336
13.977,2205.537194947885,1523.3630335834507,2723.901227830311
13.977,1971.5417620330356,1623.2759249940034,2593.9160572145884
13.998,2053.6067009993276,1865.8117624508634,2877.625363328718
13.998,2046.2307503027707,1739.7339977406684,2857.1680074891733
14.018,1958.4154027004558,1827.3404409687296,2973.7768865670973
14.018,2379.1840413784557,1783.6989384918515,3000.0268296185695
14.04,2074.89868236879,1613.3197623875042,3004.6679992036325
14.04,2158.2385098497475,1778.8523700815076,2706.8706802808642
14.06,2118.811983348408,1904.1127216055681,2714.576352243337
14.06,2072.322100189012,1678.050903273622,2648.6548728132548
14.081,1939.2800258308023,1825.4555234270088,2595.4648131030735
14.081,2065.5892394493317,1886.279637817446,2801.690811619677
14.082,2144.6265486653083,1583.2683637152224,2762.0362413963353
14.082,2099.4989124562057,2059.8668817576267,2392.0964193444365
14.103,1939.8165957941897,1702.5173040469635,2219.2853222420936
14.103,2080.2792496784264,1566.6540264615799,2580.8419186405963
14.124,1914.969238552044,1894.0421819643122,2836.6675275984276
14.124,2288.223390336056,1833.9795813615656,2875.167613934104
14.144,1973.1639532863646,1762.0258126128483,3195.3979452794347
14.144,2049.240910480507,1759.0098091740383,2838.25556979304
14.164,2199.8559908837187,1755.7162943655642,3307.0068914189424
14.164,2260.221038331515,1680.3830641942875,3004.5511205334456
14.184,2387.291906332182,1712.496999365521,2714.866335447342
14.184,1755.5677084634183,2003.8899614639515,3107.214829680998
14.205,1969.9225829933255,1956.2383679603706,3170.9551303495614
14.205,2206.5466627901274,1684.0437847131404,2518.5429959698095
14.247,2388.5209052537,1449.2149335877111,2680.71330838939
14.247,2586.2723560813906,1890.6133576463271,3323.5240052516237
14.247,1497.3700256042066,1596.5543952728538,2776.0656628180604
14.248,1759.2707372837347,1556.6398379570478,2667.2314622421386
14.248,2237.00079554606,1273.4425012428142,2639.9877241443082
14.248,2133.765036817047,1768.5636389002282,2580.738096563462
14.269,2362.249813741143,1816.9255629249017,3049.6926972214196
14.269,2244.176709075435,1496.6786778770822,2480.617862258863
14.288,2114.008070999364,1807.4772162223687,2819.7673861020717
14.288,1911.9897385517488,1752.703187315483,2954.1429390375692
14.309,2151.3427299545324,1718.7059072802244,2640.009957413652
14.309,2309.1501940864387,1835.6482740239046,2903.093038941283
14.329,2258.16698927892,1517.24940531637,2762.5390016069036
14.329,1927.1177929591083,1686.0272102144243,2916.324832279932
14.35,2217.6832207506823,2061.9733867356126,2985.37098380057
14.35,2345.456278521555,1886.090123956452,2368.677920796783
14.371,2154.6747290185426,1742.5605452323553,2930.96466394378
14.371,2069.2829694064853,1728.6704454743974,2974.0432169590013
14.392,2325.399583502303,1623.399397168381,2681.4755867880385
14.392,2324.4251106354245,1574.827097191924,2894.062483805854
14.433,2307.113177132836,1883.974642862996,2471.113454060049
14.433,2320.460013718739,1572.0319702292618,1987.3664114114836
14.433,1884.096340306403,1873.854202156748,3022.4121057834545
14.433,2153.6423312815573,1624.783963021282,3117.633073704033
14.434,1986.9015735112907,1788.9239296961525,2835.0146698860685
14.434,2265.084331157323,1795.6297608832097,3343.591508985255
14.454,2282.9583029075775,1621.5672220084778,2499.2086669673226
14.454,2114.1052648310006,1689.8961870593632,2874.5872046956233
14.474,2068.089010542875,1893.4531852812543,2886.097016263409
14.475,2051.0242497041427,2013.9808197325815,2841.52993362786
14.495,1859.6797707311516,1499.2208990110516,2959.6997706564325
14.495,2249.06437343036,2077.730954020427,2627.2164597877513
14.515,2340.1212478523466,1808.3936896581563,3185.915464651429
14.516,2342.236216463534,1687.1132403825131,2937.0981455706583
14.557,2302.255957134184,1484.5843784206997,2744.5926003424684
14.557,1990.8851803366094,1732.8626867503028,3056.1784437786146
14.557,2309.429404202303,1745.989886874834,3224.9736845016837
14.557,2056.9420659966763,1829.8452936299839,3221.8158400616144
14.577,2244.5745673949627,1310.146367272488,2390.222683054857
14.577,1910.0587231440472,1780.7420481751403,2555.407381000031
14.577,2183.1755235052624,1479.3354469209748,2803.6101356471545
14.577,2064.245986099485,1582.9588841927732,2819.7026982061866
14.598,2248.1845303378345,1428.181971131518,3155.6557783211383
14.598,1874.6604250086243,1765.7750150823288,3266.7903247636295
14.619,2025.4548683567973,1804.249895208973,2992.117401239131
14.619,2143.0452794353737,1698.6045986934757,2677.7681053027554
14.639,2151.7147935842418,1799.7576952618774,3095.9319832302435
14.639,2077.7699511132723,1562.3127553406257,2862.8300072692678
14.66,2234.5866089755373,1746.5183110947257,2595.9883284584084
14.661,2072.0634059053164,1648.8593269659561,2989.999356963442
14.681,2214.9067087267713,2106.5524078071744,2789.8401601190153
14.681,2584.8530987340164,1790.4340285717813,2574.6459713463028
14.703,2070.1856368774793,1940.2241652413902,2888.9657131698277
14.703,1873.073551908406,1410.9451661493665,2633.0725243148113
14.723,2226.549973321092,1554.7646740331897,2479.8486874969467
14.723,2036.0443221299286,1604.0167615700916,2640.773066226761
14.743,2076.8669229629977,1598.8565202660277,2589.026263897269
14.743,2201.342402759185,1899.4474552544896,2878.230080397105
14.743,2285.4529007116257,1645.2535302982997,2898.395661754476
14.743,2047.8633779231943,1822.1287901014416,2710.7429269843415
14.764,2051.770798024515,1659.2899337442666,3209.9784017440265
14.764,2030.1567061042133,1923.771747711824,2793.0561343594945
14.784,2163.3935093351406,1836.1015181294554,3053.5969250331736
14.784,2340.0204178331733,1443.4602929053303,3069.636640082934
14.804,2509.9342495119836,1754.289064323159,2686.0034919371374
14.804,1862.8479646535998,1917.937786763907,2463.2248263211154
14.826,2274.7722899332666,1849.185731291662,2470.40272802351
14.826,1741.2046891022542,1796.6256127540953,2642.8267814738183
14.847,2428.340500383882,1471.3352051651716,2686.0351662526755
14.847,2145.644856857158,1834.5488005114685,2317.8193297874855
14.869,2139.2733523764027,1754.0310333501395,2918.7441820152303
14.869,1893.4128952061747,1963.8949188671393,2401.1584414400254
14.889,2278.18841276263,1744.362926328645,2768.5143920877103
14.889,1956.7315301824203,1629.8927595494074,2981.6500232237504
14.909,2072.989846528888,1876.0889826278146,2889.115189305434
14.909,2257.4643513021333,1761.6354125223293,2633.8192754980055
14.909,2497.4042554736625,1926.3261880324794,3059.288978776512
14.909,2002.134875796491,1878.9691394728766,2640.318676967125
14.931,2340.245250836879,1970.0002922482784,3184.9479934408214
14.931,2114.8228850823803,1838.5170823794324,3021.0832106343146
14.951,2264.212779201192,1791.35520589612,2810.6566153687204
14.951,2408.2275259976336,1868.5070325740853,2404.1615781751793
14.971,2266.648345863895,1545.3726153511973,2794.391072243583
14.971,2178.3078666934384,1915.7715933407421,2643.704986732506
15.01,2022.4797877115996,1534.5923142541483,2778.542024282116
15.01,2167.521881728201,1711.5679516953135,2267.471834673167
15.01,2553.6254239352857,1672.6448669037152,2488.8476000430146
15.01,2110.887854027155,1775.0783532938594,2742.6490985632026
15.028,1972.887376326668,1629.423130940339,2737.2167793255553
15.028,2239.119608648015,1767.308774287411,2719.0791767603923
15.049,1914.688796312657,1847.9772239816887,2717.1264130313302
15.049,1525.0200196432029,1449.59620188163,2787.456330808293
15.07,2083.224231700079,1593.6276122386998,2818.023266138529
15.07,2235.6257907645804,1702.0718511605628,3041.295795377771
15.071,2079.983382970191,1728.1212875025722,3121.068477614139
15.071,2024.8288714255907,1811.665612721697,3073.421915943034
15.091,2125.6487615209016,1628.1385504157975,2829.9295426227827
15.091,2266.003858046511,1793.4874951664362,2731.446290324556
15.112,2024.835667325854,2014.5199305233305,2900.824015675532
15.112,1667.7434886641158,1789.574960896735,3197.304106600415
15.133,2029.8327115321872,1830.1043983024936,2834.142189563046
15.133,1947.4782190439905,1636.9249044841383,2896.9272531983256
15.153,1809.6360690002189,1642.4248118105415,2598.0656773879628
15.153,2125.4867336970697,1866.3647952976362,3148.6764361705887
15.198,2271.7211057236777,1790.1580634059546,2674.2604521124213
15.198,2238.196185373589,1777.9373058569217,2484.2824060498183
15.198,1998.0222323551625,1888.4849455914446,2382.7871134325333
15.198,2120.0662957571462,1767.4726945052419,2605.8309799073472
15.217,1990.0213223646356,1708.2559088781345,2605.912943400617
15.217,2128.9009560345607,1555.679066677766,2677.479853883134
15.237,2199.49928100668,2001.4209176969316,3190.7067458229576
15.237,2143.3116993522262,1888.3987180512677,2668.493603281888
15.237,2074.541546772572,1760.1425502604986,2946.8284070995205
15.237,2221.5759982901523,1785.976065809713,3242.44568558234
15.28,2166.109151208995,1659.6107773287054,2564.6126142923404
15.28,2207.2003092176456,1972.0195127634222,2752.2661236626177
15.281,2015.8942370916059,1800.5609641223527,3031.9921285148025
15.281,2163.8942014756717,1577.0815914299224,2843.1502442914043
15.3,1731.2628468629491,1612.2336883980727,2409.683559079443
15.3,2400.5783461095652,1515.2212577787059,2906.4279363378982
15.345,2399.3214897206653,1355.6663165970742,3053.636917145747
15.345,2038.058509523342,1634.4969393866193,3236.304331820889
15.345,2341.7457475930696,1890.1917861500247,3279.746144273099
15.345,2315.9317951778376,1978.6641803210869,2442.6833553628694
15.363,2281.5915058754154,1902.1182286445103,3400.4749320770284
15.363,2070.3098950991684,1744.2281284603287,2730.2532749628617
15.383,2233.9284960767222,1828.1311494030465,2627.6286261106475
15.383,1695.8936244430301,1814.4640618244357,2850.1354452843198
15.403,1847.0821170346057,1836.1787601262884,2896.022003475153
15.403,2406.906822952027,1544.4887691316285,3195.0667380065306
15.404,1814.3408907649414,1813.3743070063342,2394.856474099368
15.404,2203.4249252266436,1803.499591185441,2936.6821945577644
15.423,1806.0373418366732,2015.8444405727573,2366.963430499185
15.423,2080.04829026964,1604.4440241097384,2728.337863179729
15.445,1953.0579371414412,1588.2454843673522,2714.7994083453027
15.445,2019.731237416467,1971.4421018168687,2904.0782694109344
15.465,1942.9615744686485,1914.6683141065375,3255.386429059763
15.465,2606.434156484601,1712.747305665232,2763.6761019974037
15.487,2400.325161467001,1637.2289372482614,2884.0505299003494
15.487,2006.8949911754978,1849.4425327488416,2654.4740580928265
15.509,2370.501876447038,2020.4658633144797,2636.256936176094
15.509,2399.3615866567297,1431.3879144940556,2341.680384911962
15.529,2166.1974299096682,1745.5423649726079,2844.826169748628
15.529,2131.3697055093094,1690.7672248941865,2539.8222741811064
15.548,2378.5610849147297,1791.7041230218263,3019.319371697418
15.549,1977.9478894405252,1577.3132253231365,3017.8382470243423
15.57,1797.3889652800945,1672.4307594153033,3046.9401492888655
15.57,2426.409098866119,1750.8143564532802,3037.0910887463797
15.57,2353.5436507982145,1878.0997465344951,2994.845746237479
15.57,2296.72100266195,1509.4266645296232,2895.9716572928523
15.594,2246.765826080664,2043.236861594898,2803.1115299543258
15.594,2524.914468220008,1894.4035352307724,2702.7305058677093
15.614,2119.4357453603543,1964.622140529858,3131.605265767056
15.614,1999.9266210466026,1704.979865353559,3277.9449868760003
15.636,1838.9120809881247,1680.7363925899595,3235.245312445565
15.636,2094.7199480037934,1542.7758728105578,3157.5234676739137
15.655,2241.6159943831085,1846.0331019239402,2681.6853069997605
15.655,1954.0382646596513,1607.0787387535179,2516.091231595801
15.677,2142.993884278732,1850.2511333208317,2905.1961349531034
15.677,2029.2557871353417,1905.183789211393,3176.1583340073985
15.697,1941.6395662073921,1659.3283278052331,2296.520135012574
15.697,1969.0220642928932,1841.374220366872,2703.3961368736823
15.718,2208.9379285303885,1739.9310079994625,2479.907046817217
15.718,1875.9804874053343,1821.4036355994656,2928.3458292021046
15.738,1998.5521854016981,2031.7163318951043,2994.0677517001623
15.738,2408.1979943625997,1982.0838808303442,3212.349767181699
15.739,2229.3218912352645,1674.7816798745266,2342.6496422800824
15.739,2402.8529295427406,1773.0117408168642,2329.484274381616
15.758,2026.808410035926,1774.9784456786658,2633.0995940996577
15.758,1925.2719579892744,1533.370630535,2929.842586526386
15.778,2341.9248312071127,1925.924015110466,2981.3650019753145
15.778,2097.3924313136695,1564.1465651391795,2808.419088933211
15.798,2093.0066413165277,2011.6978725060749,2764.894587190155
15.798,2318.3542776868467,1887.0838115245854,2566.1882767874195
15.82,2220.366540770582,1794.3998602862837,2927.5541681497302
15.82,2275.037661107598,1772.3495571926433,3015.6820856363465
15.842,2069.483403263418,1691.9256584399363,2676.0708829642326
15.842,2277.0002487460238,1989.7359787686103,2972.260846069235
15.862,2130.355669920121,1762.390901608283,2682.1309097808708
15.862,1854.5514232179114,1781.0933265076658,3016.6861417772216
15.883,1977.3774921636723,1659.3873527897947,2638.9079706731313
15.883,2338.2449197011492,1535.3348050604714,2818.8428079283913
15.904,1990.1739399013582,1869.1974071531772,3367.1344299191164
15.904,1998.5336449398524,1663.2939316860513,2745.1973621616826
15.904,1964.50056819713,1557.9556140119032,2656.664056825635
15.904,2226.7927719403638,1768.4957619954762,2739.136043345877
15.925,1987.7088065041173,1780.5731866303015,2908.4191604880666
15.925,1684.8693952764725,1715.7384086744896,2792.2622436406095
15.947,2116.0774537267644,1800.473661172582,2319.0779068850343
15.947,2028.3526378486138,1712.4416314413695,2783.67756312792
15.967,2506.7851498802893,1652.1516375590245,2562.3852570507147
15.967,2019.7065129744076,1878.5960582490263,2819.589797260185
15.987,1782.3695706156727,1692.936049103902,2673.4467911349866
15.987,2065.5957742411083,1922.8311942139185,3131.291480330649
16.01,2189.095776730341,1658.1143574035398,2961.8417487947854
16.01,2297.795901876051,1959.3751474940366,3124.4113606831097
16.029,1883.6739976995182,1665.1602622666564,2928.747569253105
16.029,2234.3996195623395,1655.2720249503307,3060.499528617834
16.05,1988.707761574181,1692.972883987099,2937.427367402399
16.05,2223.059462523205,1806.868319706062,2847.6335601524493
16.072,2042.0195821088582,1621.3708777813304,2611.4066519882185
16.072,1888.2921088064695,1727.777444107207,2870.2312768900033
16.072,1997.4262484619956,1436.9589124908741,2780.659197758639
16.072,2572.041256139797,1993.025246056787,2947.113031352782
16.092,2349.7897274289458,1761.8639567732898,2636.144664147519
16.092,2020.846270329437,1729.594145230071,2696.4411597421145
16.112,2155.4728056063163,1478.209936545819,3170.947006222664
16.113,2360.1465750670345,2116.2835644590878,2559.9068405532407
16.133,2286.911706617958,1752.8783866178671,2855.8840528989513
16.133,2058.360697901365,1762.7450959760931,2404.0766261452713
16.155,2253.3031471497366,1835.123090013212,3014.703167355439
16.155,2049.9389136928794,1949.244514088735,2731.8788472238543
16.178,2413.5883552700775,1950.8464267182314,3114.739079289351
16.178,1955.1411581725897,1882.4750026595245,2647.2858090694876
16.198,2496.3836065049504,1492.4747450356017,3156.882584934422
16.198,1763.6854636296373,1827.5469242672843,2710.2525600369645
16.218,2000.1031461750658,1554.395894708653,2632.27017428986
16.219,2174.6302802803157,1782.977575592296,2474.2447480763135
16.239,2296.1433088259973,1529.7937794379911,2993.2612950315165
16.239,2001.6350633752206,1843.2968703146903,2741.1158614760143
16.239,2143.642800417088,1812.2046565269031,2910.3588429136075
16.239,2565.544884951412,1628.0894315662085,2508.406250708156
16.258,1871.6653924739066,1797.6359342280016,2806.4210693416117
16.258,2468.446521824065,1822.3914045360118,2680.8592848281305
16.28,2249.474685403373,1785.4279881904738,2720.606728493779
16.281,2444.181636378512,1804.1359701953913,2854.632616274424
16.321,2263.836041262949,2019.4912797968132,2578.1936662469075
16.322,1913.9542891947076,1691.3990780145823,2802.9097143929844
16.322,2101.8089845810205,1731.2842862397742,2757.6170266201916
16.322,2151.483275318551,1570.9725342073461,2965.2144419325214
16.344,2098.2271099669338,1360.0041254109697,2571.1699688812455
16.344,2036.3025923128598,1701.9471293922868,2237.569194407442
16.363,2162.253650914639,1747.772842993827,3283.3094277136142
16.363,2612.7578070401223,1613.3171732291867,2826.9425871638277
16.385,1888.0963842183576,1606.829665522986,2914.318443390546
16.385,2183.964809410918,1549.0189952588476,2936.247921506656
16.406,2362.058448719927,1724.209272451592,3043.058672183626
16.406,1853.3726561722738,1820.0464879095944,2650.3896406762406
16.407,2180.6343527841345,1797.014472216759,2896.2549063099214
16.407,2548.244930164887,1753.0818692985956,3391.409845822937
16.426,2553.174081059028,1702.9300909656295,2559.725664645275
16.426,2462.5438791569222,1608.1292762114792,2592.537640042437
16.448,1944.8263940303489,1788.6373744682508,3028.9742576249196
16.448,1853.0741271710044,1775.7700802157733,2857.859064629091
16.468,2225.357443528163,1772.8311626123002,2885.1820550142947
16.468,2282.084882656643,1915.130025589676,2016.0504720229178
16.488,2037.7513511715279,1828.5027501569737,2711.204155619616
16.488,1969.1961594239744,1612.6450701033145,2623.789142243612
16.509,2296.0900207691866,1563.299316927155,3285.648438776227
16.509,2196.5922296960584,1574.7608619860275,2639.238039889647
16.529,2259.4167204981572,1951.978688677441,2866.842879236073
16.529,2194.251397183713,1689.1717920236656,3173.4805433737843
16.552,2148.1592671439707,1490.1630448142312,2292.2593088395406
16.552,2145.4653248280165,1946.54971827361,2885.1968056299265
16.567,2429.2283017048057,1994.8040603383872,2899.09435025369
16.567,2149.0505911988926,1839.5996832378444,3078.9963245521676
16.568,2057.670693774083,1782.7795404368476,2610.310410444365
16.568,2035.3567788030446,1699.9497174737078,2715.4408838175023
16.588,2235.1350804291696,1909.1151081280484,2801.272250115363
16.588,2511.582834226228,1809.27869413577,3029.7933495245948
16.608,2142.4869039266323,1539.3444201964137,2725.397695223142
16.608,1984.7173189722268,1626.6818810118182,2973.9426202128057
16.628,1946.4850002583114,1532.3632621580034,2769.5258148217695
16.628,1826.7493936710948,1601.3034082901559,2795.903258393938
16.671,1863.467779330316,1755.4604910829787,2841.869095672715
16.671,2063.6879899138603,1773.5947961255572,2817.212312337981
16.671,2109.95137555276,1762.8132285878173,2900.8161024579963
16.672,2058.664753641917,1923.5204515383007,2916.028921133072
16.692,2062.1077470589794,1591.985651711411,2586.8101716973683
16.693,2111.6205404849065,1943.5604922751374,3058.672752740221
16.715,2050.3326512865524,1730.0104470725323,2602.4495387409584
16.715,2091.005713792925,1737.4909400301644,2694.3513777181397
16.734,2253.964629001029,1742.6758775045064,3113.4089558036044
16.734,2052.466589348703,1608.541353898759,2943.097090826553
16.735,2207.8056677029613,1729.0031824046457,3385.4688975151807
16.735,2101.992312849191,1541.840246591394,2654.3984356547517
16.755,2091.2529300312126,1785.7411769227267,2485.244624805404
16.755,2243.7040331816265,1846.2592965600886,3141.0855926460104
16.775,2176.2831356306365,1984.0476105994255,2998.052127114769
16.775,2240.238131598737,1531.141882228385,2574.3826262472503
16.797,2107.712297362577,1686.7952961739484,2627.181850625281
16.797,1879.7982692787323,1735.950815317877,2588.9122519500656
16.818,2120.2821063100537,1852.7982756961408,2784.740118925889
16.818,1947.8963267069985,1669.6780654152528,2853.3944982666185
16.84,2355.3222696932503,1495.32972279957,2825.077426543997
16.84,2298.1705679008096,1950.8686660070678,3248.2101221688063
16.86,2116.402338634044,1977.033210586251,3147.7425077520784
16.86,2148.9765233045596,2041.8256322322627,3038.5107005687405
16.88,2251.3644836463463,1714.1231246826928,3134.8778986539187
16.88,1818.157734117195,1895.6125089576374,3112.079718433518
16.901,1980.219404951585,1719.1792926836624,2599.6999121423637
16.901,2270.0231878171335,1764.3830875721615,3274.206356878177
16.902,2365.676125732268,1561.627198562179,2808.6529066888875
16.902,2004.5308091372153,1700.7691222169199,3163.7706943890375
16.926,1883.4159241637371,1863.6197634474997,2569.265531530548
16.926,2319.0022988556107,1822.5457084734703,2776.3398467404736
16.943,2308.820066927308,1652.211606918706,3402.0060743104327
16.943,2201.272891774562,1777.216731525866,3142.1584669592635
16.966,1984.189168846659,1779.5164512556248,2961.2309559478617
16.966,2111.689412456763,1451.3864109262197,2902.181668909253
16.986,2033.8220427898175,2010.0062355584796,2728.239703416303
16.986,1970.6281591999038,1609.7282795691508,2972.4827242464276
17.006,1879.1398155564596,1877.8700091657363,2822.6924576325837
17.007,2336.4251976058536,1674.3081010543676,2894.834253190748
17.027,2000.2271619481323,1808.0041605367835,2729.8803864571123
17.027,1986.4432739709953,1615.3403060049268,2617.7692820605916
17.048,2025.6035490525996,1889.9191999249233,2489.02382037857
17.048,1803.3513259069632,1740.6145155124964,2666.7812816161286
17.069,2386.998826946761,1468.307030250031,3151.7655197838803
17.069,2240.957564189807,1754.8749216741421,2791.9011196191896
17.069,2145.2758515278792,1826.8829633309128,2823.4666138723837
17.069,1808.890902761264,1831.5769813204465,2768.460729708882
17.091,2289.9761142553525,1749.881699044807,3093.799753791632
17.091,2263.6947452280992,1894.3527225600208,2448.6122093921044
17.111,2255.0558512178136,1232.0219261308982,2939.5846706669
17.111,2432.987873847697,1703.4937932149135,3132.5158102174737
17.132,1991.2355374152753,1611.591354696562,2878.788246576332
17.132,1817.4832960845472,1694.7104236202697,2978.815149840337
17.176,2291.170297156828,1697.0984956112588,3146.7877696127
