Time,25W,25X,25Y
0.008,2192.570110271081,1834.4323043498775,2217.6311067846855
0.008,2037.4303334225913,1330.1481214515354,2010.2136754664014
0.031,2121.8392414176637,1689.5458782103058,1938.3661449311137
0.031,2043.9493443298416,1460.1706523414305,1869.4328385367212
0.032,2085.983004438928,1382.8487206229806,1852.9850863134236
0.032,1675.8229370357703,1532.4966307252248,1832.1509809931945
0.058,1995.9200287277395,1279.5594622215428,1958.7249527356132
0.058,1841.0653501578697,1679.1694366976917,2085.610005089211
0.085,1919.2744412633788,1768.3842892931134,1745.2703603702887
0.085,1736.8210954590377,1665.5558632381835,1415.5401724002638
0.085,1708.7570642916846,1439.6561974488088,1667.49831703049
0.113,1928.9983487891448,1359.1206089851285,1657.0115800654337
0.113,2022.6604883892114,1578.6535611211518,2042.4140492273648
0.14,2257.793363445808,1515.385836491736,2082.8617674588622
0.14,2270.2375383011304,1909.3565591969536,1719.5060935248164
0.14,2027.3806903814707,1456.611242715013,1849.144875956276
0.167,1763.3987204523573,1573.7161075279205,1718.198752050751
0.168,1910.7278725708613,1664.5893952091458,1762.815530056279
0.194,1868.6351872252674,1416.331341571818,1537.6852253191782
0.194,1710.5221522871536,1288.9328695911329,2027.7629412867107
0.194,1961.737612757349,1622.1567191042811,2007.477752494986
0.194,2135.636030227813,1697.7038646621463,1867.6604046560822
0.219,2233.8973641076345,1436.4692231813135,1921.1311553667729
0.246,2111.138482269413,1690.7301647619277,1812.2357897919198
0.246,2102.508782193975,1541.1471253722975,1859.1534188827861
0.247,1748.9854081472904,1519.755692937401,1796.0035182946206
0.247,1683.4345811261337,1369.8811346209009,2073.0629509167584
0.276,2065.3998965609735,1817.2594045377746,1529.4433740666698
0.303,2132.567445683226,1590.1238192462588,1887.17488318287
0.303,1822.2080040131734,1654.1069410904558,1829.6652687593262
0.303,1677.6071711363268,1512.5772486335661,1870.90852270372
0.303,1511.803154203935,1358.5221748825822,1838.524791700655
0.33,1914.279766021588,1911.3810542363526,1966.7451781488398
0.33,1632.9035288938014,1707.2049887215771,1639.3679079521025
0.357,1678.1054835886796,1400.38803283333,2032.6209956182054
0.357,1824.1001841914558,1875.7203708840893,1863.1232509314946
0.357,1630.833089505897,1647.948112239091,1636.5364963576167
0.357,1494.8453551357068,1415.2375242383218,1601.6973282818212
0.386,2021.0178605944277,1286.8518371462944,1677.9878923752865
0.386,1669.5771049706498,1625.9278540413204,1898.0013989102242
0.414,2141.2746068734427,1333.0523264491296,1712.6588072253703
0.415,1913.3221602166047,1454.624235802795,1885.9040816230245
0.416,2149.440839897942,1457.582808966546,1972.627325374934
0.416,1540.130650166066,1520.1266477798747,1869.4789423479203
0.442,1704.5499981707608,1794.1678378364895,1903.7953373699297
0.442,2000.8407291411118,1486.3838599489616,1844.4866792778573
0.47,1887.5189626960691,1479.191817837693,2030.50968195198
0.47,1616.2171086877045,1841.315010751865,1864.2392276371154
0.471,1870.8082703105472,1572.4108413314925,1684.4189663296272
0.471,1931.840836653592,1428.315522668129,2001.442753072899
0.498,2197.9370275438905,1731.3027995557716,1538.1188517314474
0.498,2322.6232055242976,1667.4633992009096,1937.9545471350616
0.526,2019.8059571072013,1291.3325598283789,1755.1752114692054
0.526,1939.1471869801364,1857.6850097854604,2125.67087635141
0.526,1979.2280345796116,1701.7351799369108,2322.2259195295655
0.526,1892.9379364905076,1411.3942655801159,1847.766139064083
0.555,2212.9826768077255,1693.2482768049717,2206.220433372583
0.555,1634.4916263939563,1463.9298905220085,2034.51792381162
0.582,2052.6835367385265,1713.7995319859642,2004.3210948636913
0.582,2083.6671961354323,1451.1143738913831,1460.1983824968581
0.61,1707.116414588979,1561.5316119229683,1218.0170175421704
0.61,1563.5676338552576,1602.230008966336,2271.3360759394554
0.61,1797.6894512369417,1433.4156702119233,1849.3712995304872
0.611,1731.0858081777058,1307.349391803545,1536.3271145921312
0.638,1822.534932967769,1536.5858259179308,1416.28457079296
0.638,1766.5713046963692,1616.2503271519038,1684.6780185155592
0.639,1604.9907277720304,1261.6899537261022,1664.1905407708293
0.639,1740.6128611796064,1686.8670151384274,1779.1235953855512
0.665,1848.27029176819,1350.7068369173942,1799.0273189340294
0.665,2010.0044127606595,1876.5732172110402,1691.1165905728014
0.693,2395.6148761094205,1183.7763776469576,1636.709385819952
0.693,1922.3264594151167,1312.769491251589,1932.914490903476
0.693,2173.2245025716165,1645.4294597935473,1928.8875819399498
0.693,1614.2511307774316,1709.4097282977202,1846.6084983002925
0.72,1953.8684962390118,1580.7817701746153,1860.280387691497
0.72,2097.3205469362606,1744.7027792445556,2032.4422874794543
0.747,1753.2454649954757,1525.593119229556,2025.6136560905588
0.747,1887.677650507685,1498.6389334130256,1849.3800232932635
0.748,1753.930490229256,1624.5579060776386,1730.9823800842578
0.748,2210.709787502226,1484.3094617616011,1767.3312060508085
0.775,1777.258593206994,1553.1783040663793,1882.4699492297893
0.775,1935.2327650685593,1564.176780519329,1907.5249598277387
0.809,2049.00704032798,1521.977306409995,1907.2573658547428
0.809,2040.9486475707035,1202.0035806679796,2010.9284946319808
0.829,1959.6693816220538,1421.203342618902,1852.6583825154773
0.829,1883.7833101131184,1475.942164562323,1819.8571139099254
0.829,1725.9167635879578,1548.8302119516477,1785.208272096572
0.83,1707.5827834439374,1687.9051500880507,1661.539036359169
0.85,2084.5477913305062,1677.5516586933204,1859.8955409361802
0.871,1843.0872855919677,1459.6983989208627,2139.405129429074
0.872,2230.521929748206,1610.8424074814095,1717.3576316801739
0.89,2115.6835527466665,1257.0852363239844,1837.7811183867932
0.891,1764.289595724128,1378.0560613909538,1855.5709564365409
0.891,1923.6910912785102,1690.0109307202272,2068.190373035069
0.891,1606.6875092584842,1684.7987443116158,2195.4305952432355
0.911,2315.784720450608,1639.374768241791,1780.6626709403427
0.911,1838.0785436853207,1468.2628054594315,1566.2187295112126
0.932,1842.015773836033,1614.5792130883492,2100.7979035096246
0.932,1965.6157235074343,1641.1511116928398,2001.7040069289637
0.953,2202.333336188419,1190.591096511589,1866.7515795316158
0.953,2084.9704815550167,1683.521888474223,1976.01331571968
0.975,2248.6536050903346,1749.8105406774807,1302.837105265521
0.975,2131.677103313664,1473.9219268934205,1926.4801214654765
0.996,2041.510058891022,1523.366067474219,1781.3190166167797
0.996,1900.9778805696767,1730.2745121120024,1656.8648534346496
1.018,1962.5825723907205,1720.941396160652,1884.3071024604603
1.018,1790.8931225019867,1641.0705828040457,1898.9283407524154
1.038,1689.5285536309163,1202.4255122640184,1619.7799001571975
1.038,2229.0332890268346,1758.6724595031878,1784.0514835076158
1.058,2000.1129804076186,1694.1600885572047,1613.5506470013652
1.058,1869.1406542287189,1668.8745780885306,2031.1306271229053
1.059,1875.817641778275,1497.2575799995232,1962.8326527160064
1.059,1881.7139317184658,1286.8193941078691,1939.2570423511684
1.08,1678.7163578120094,1524.208985293706,1941.377096439126
1.08,2011.2272156692666,1430.5666182694497,1863.5057983952472
1.101,1838.9262824700745,1493.9768545398265,1828.5836352447946
1.101,1761.4340475985757,1769.4008170272268,2078.8370165299816
1.122,1908.6866346706017,1750.6554432838652,1354.8151626956392
1.122,2027.7989052340754,1536.5025431669753,1979.891885311491
1.145,1875.6066756467144,1581.299608440794,1340.4599257997006
1.145,2340.8595347279256,1356.4470836145103,1772.034482337465
1.164,2194.0162192590406,1635.1785511528337,1567.1897411927787
1.164,2218.505290373387,1508.0163549681067,1851.5505346043587
1.185,2223.771088355792,1573.7020768460839,1776.5877673378338
1.185,1761.0727904279988,1412.8088903470698,2105.5648343392913
1.205,1813.1207718429648,1568.8388804364404,1472.6911008716602
1.205,1805.7201066323921,1468.9265444704595,1748.775614645674
1.228,1712.9341590898885,1359.141860010538,1739.6381545071379
1.228,1966.7318591061999,1360.6977759100803,2054.7676987388154
1.229,2275.4255039371656,1391.7410705782258,1793.9902889087082
1.229,1836.6558139675592,1803.7598943598312,2053.4190805535814
1.247,1472.2770153591055,1375.4366109125363,1976.4769490815293
1.247,1691.9979918783743,1586.5060717125154,1603.1683292838825
1.268,2192.376242304402,1641.4896754870329,1743.6389703030318
1.268,1973.151819477093,1354.724818919484,1987.685946603336
1.289,1671.6077808252276,1610.629447991164,1877.932093811692
1.289,2186.6600305823868,1724.8281387570328,2187.7911433208646
1.332,1574.255869988889,1441.548209672355,1948.5781299104867
1.332,2127.1682357602645,1654.2301929302603,1753.3612714289861
1.332,2030.6162009370632,1371.7799464327454,1732.6296154034244
1.333,1881.5203986296037,1768.2775968757546,1597.1238801671832
1.354,1911.0351464288817,1342.4089161918096,1831.1712374386873
1.354,1649.252551545751,1539.3452016052004,1886.1581755833663
1.372,1831.5924815470858,1423.8035207517464,1758.1313460439312
1.372,2016.5155491026567,1733.6365278446324,2021.0561010547688
1.393,1747.0362578112495,1791.9908380668662,1823.3997227019036
1.394,2266.1550589165927,1384.2616417917013,1992.9652704929006
1.394,1950.7057625411853,1311.5894642436058,1795.7073885470616
1.394,2068.1921750136075,1447.0477001639563,1729.889733649199
1.415,1775.6397538071685,1489.168700951386,1580.0105235757305
1.415,1609.9985412858803,1663.292026933508,1662.4408801157736
1.435,1477.6470594721272,1624.5805793819143,1814.88333751128
1.435,1572.4825145175696,1755.8071857909117,1877.3461147706794
1.457,1701.5368819771847,1538.4628837176322,1671.6131159695194
1.457,1846.661970336161,1541.362516278446,1871.812990906122
1.479,1857.9982406749477,1793.7033606747787,1623.582709097395
1.479,1776.2504349917426,1506.6868803853215,2154.264108686936
1.502,1813.240714529933,1754.2494145432624,1854.9332578595297
1.502,1743.3475998159397,1359.9807389759721,1781.4006632445028
1.522,1632.976311939645,1314.0063932873043,1697.021191152427
1.522,2271.0192370460218,1584.0358559282372,1765.5693469297737
1.542,1756.9554418470768,1393.0612754783,1863.7853799608524
1.543,1751.079822878204,1834.9335231662542,1978.5560362359038
1.563,2257.647944716708,1330.524164980863,2038.290710579714
1.563,2142.52878559672,1326.677658208279,1724.6880223115645
1.563,1932.0333902339448,1681.3446178090032,1525.4254054363264
1.563,1714.4273421120347,1464.1595077292657,1878.394716023097
1.584,1995.0649596079072,1521.4402266194752,1700.3782887662983
1.584,2159.4578272785493,1625.9387755025452,2232.5401845626247
1.605,1938.7140753332785,1333.7681223637549,1525.2362850111213
1.605,1724.2520710333913,1713.5760055070916,1799.7096350136237
1.627,1925.8201219091566,1326.1817603644026,1777.0376951112382
1.627,1565.302396035867,1564.4278849301584,1804.1254237143544
1.647,1849.6356149187914,1794.5650742581593,1897.6097673185661
1.647,1827.1811806259636,1508.059903750122,2228.7678385731106
1.668,1910.5850890877828,1590.4416286318592,1825.7433411174109
1.668,2031.857618428084,1667.6807731633412,1781.1997281973875
1.691,1488.4569150873867,1355.0724688586954,1930.7107511821316
1.691,1952.0845032972636,1608.3119083867846,1666.6845430703663
1.711,1830.236173526191,1605.5465129364088,1875.6338146689259
1.711,1986.5365048541557,1651.4542745083686,1816.081947842946
1.731,1819.3282932512177,1335.598671551419,1775.181187450672
1.731,1740.5637426630917,1666.251399036799,1732.4211630577654
1.732,2335.7831825792337,1382.8720073639158,1902.2594966550505
1.732,2085.9654440495283,1305.0939812328686,1740.9296494268174
1.752,1855.5985719811574,1729.6700809034594,1974.5702028592798
1.752,2035.625074598095,1453.1482722460423,2021.7715741182692
1.772,1679.705033647393,1550.757029981885,1811.5477260742455
1.772,1632.542231854742,1836.7149413520833,2059.692613254122
1.794,1874.4150454943635,1414.3836098370462,1634.0073202518467
1.794,1867.9566808237296,1580.9137949109822,1867.1702171484337
1.815,1709.210418473477,1478.4213318724037,1946.7403569663516
1.815,1841.567815224828,1584.654032480695,1499.8940816318293
1.837,1585.030154587839,1575.044642786613,1909.654481846033
1.837,1907.893433340445,1567.766127601523,1867.5267637128336
1.859,1969.3251249473217,1439.7363030730696,1757.715159913398
1.859,2103.1144720892285,1407.5731295758267,1771.0840771399064
1.88,1829.2703784611351,1603.6232718285225,1771.5776724369016
1.88,2091.0158010563614,1521.4349407773718,2035.0842186772643
1.899,1515.8939155490623,1534.606180776137,1813.4349547473435
1.899,1935.0339514330326,1718.9336798554154,1855.331055945464
1.9,2100.220401788311,1275.8719361430644,1791.1125248742442
1.9,1561.0865609939926,1291.5949897460528,2064.4640797362717
1.921,2200.456174494833,1860.8088752064757,1300.0532051894186
1.921,1834.7527394144922,1446.1841079897347,2051.63765258675
1.941,1794.324090498317,1368.0324355371736,1963.0381100504192
1.941,1837.8504834410437,1296.0307100018354,1913.3827422764211
1.962,1875.7363732108506,1571.417531355025,1841.5392174546566
1.962,2128.168280388889,1432.165709847182,1846.8563093486239
2.004,1835.4037946783744,1734.6534365302916,2140.639579712883
2.005,1395.7718703426988,1487.1158027760814,1366.4771859408027
2.005,2196.268633389569,1573.805171144928,1613.9404853907686
2.005,2116.6712988451736,1212.3921822250252,1935.5389139335023
2.025,1987.0358325216391,1515.7800671303794,1773.608777186496
2.025,1695.294261937619,1455.073990623085,1879.584175588293
2.045,2280.9055443649218,1662.9054785333187,1511.7107371309676
2.045,1929.586886230424,1530.0133558556624,1780.193879898247
2.066,1848.629721476111,1589.3834723766342,2187.716637914911
2.066,2219.0800129703753,1436.3066793385483,1657.4693925102297
2.066,1789.40210423162,1577.7726437179574,2043.2296764175414
2.066,1842.777037691037,1474.7358272328884,1832.6638140144187
2.087,1962.5293715683679,1716.9999535328977,1609.9398948364747
2.087,2389.153649692667,1611.1236964754376,1934.4852786458507
2.107,2143.2137443492243,1422.3858724676497,1853.2559308127375
2.107,1879.6414712882831,1352.2425548383922,1774.2718862907077
2.128,1941.3401693759863,1524.160485214166,1950.9943594138165
2.129,1620.0303712023806,1334.9369186987665,2001.6704140089964
2.15,1916.0467742170076,1632.9455128250934,1868.5621670641297
2.15,2041.4318309855764,1286.7490755878914,1801.917742135155
2.171,2117.0560635393617,1546.5383586431014,2149.96329439352
2.171,1993.5919646024975,1681.1681407192448,2072.674324852197
2.192,1787.9667329650017,1567.9551844840025,1841.471007774907
2.192,1579.247366356598,1718.3879998391099,1880.117852021515
2.216,1984.4734702387002,1797.8916411334396,1782.751850608084
2.216,2024.4429191045695,1515.0893456824138,2018.8440500558922
2.234,1778.9867280074568,1714.8433013202493,2236.8454775700407
2.234,1960.8008023559225,1684.5389230272356,1982.7514564535086
2.234,1716.347133291499,1548.1793621484899,2229.32131035242
2.234,1707.4792905012541,1643.1450846367034,1549.279998723002
2.255,1831.110966784754,1311.2548368648595,1802.1093758051313
2.255,1983.4057534644096,1543.413641437778,1831.3789597201098
2.276,1879.6787273882924,1931.8720546005557,2041.4607997649646
2.276,1755.750987703148,1549.297182895077,2003.1619437480426
2.299,1912.8916218856891,1409.600934423257,1877.8464139479402
2.299,1953.120812883235,1508.3355883068025,1897.7027687756738
2.322,1925.9789824497013,1561.2534610437262,1929.850344822199
2.322,1746.4707021374393,1722.8675258459211,1661.035421642293
2.342,1668.0411385250975,1592.2150008505696,1892.120310066712
2.342,1722.7252347178949,1651.9044590221736,2110.030598455222
2.385,2065.6739688274374,1518.5588609034469,1724.8244555170363
2.385,2051.2354368373117,1464.0807993203089,1836.0252580852537
2.385,1813.2701014148047,1566.6035290261266,1746.569373899576
2.385,1714.2152738859384,1610.9087827450933,1680.1663279324573
2.406,1889.6008818627768,1203.0470835242363,1525.717957482907
2.406,1857.575418489125,1731.3630767922573,1634.95041647919
2.406,2165.8047202931107,1729.804831966549,2069.7963005118636
2.406,1834.3488286882675,1354.0700556055958,2020.1764568304116
2.426,1912.8151243226412,1431.547892161643,1720.185419016136
2.426,1674.9423437699393,1938.000865178151,1570.7895271124871
2.447,1919.7273161616195,1243.0371118110943,1918.0376101749537
2.447,1893.4697201568777,1306.137758733208,1744.3782041288773
2.468,1933.811970590979,1533.5605562285666,1779.7980123233597
2.469,1880.4939275838287,1470.4275724113786,1897.9440773934316
2.489,2059.340120099403,1535.1422496473363,1711.4376520520038
2.489,2149.177389969778,1800.95277633863,1630.8573376519332
2.511,1869.1582972082706,1289.910058220265,2077.3498366357526
2.511,1741.9736308519582,1187.0108514954366,2011.6079863462649
2.532,1734.520648980087,1490.1651441891354,2129.040699004245
2.532,1686.2110154385223,1577.0416968145337,1902.9021314986712
2.553,1843.0278086621352,1516.5707835774258,1679.75596408484
2.553,1893.4163808009628,1494.4506356210725,1781.9929359024818
2.573,2044.6194766110748,1344.6590496621595,1858.1869073272337
2.573,1834.3229368261398,1776.8116807782717,2142.996229120538
2.575,2013.7452766530232,1653.1914774255854,2037.577130465371
2.575,1902.131200316291,1088.403913610562,1596.4821200785254
2.592,2235.256679939648,1306.3608700178565,1459.3561851432023
2.592,1231.725467497225,1396.4962902668117,1813.2390732663714
2.614,2061.987013520578,1354.7469419002825,1757.3520192756316
2.614,1908.3013469164443,1963.6434174842507,2012.4417702103126
2.636,1924.799738921452,1234.4659883098184,1688.161546142178
2.636,1879.073383381219,1565.1391835092113,1400.9084651745857
2.655,1783.5912189687385,1260.810254917144,1920.5567566140867
2.655,2039.2827869955568,1555.7457294171588,2084.4430127717583
2.676,1732.0534076208578,1142.7726168855884,1528.4836339271262
2.676,1911.3625889596851,1140.7717765358298,2095.612902778105
2.696,1796.4558210560137,1506.5319902554224,2159.013171596885
2.696,2000.132747284225,1602.5648261277597,1714.8841838921983
2.718,1611.282449436741,1543.2730212681288,2330.224390833876
2.718,1855.7089067990266,1379.410651902959,1830.341296626245
2.738,1679.1959902162107,1514.3241690454859,1917.698498594583
2.738,2075.794626272683,1175.5811086115025,1962.6264896319178
2.738,2094.115970756532,1595.5572161409416,2199.343800429465
2.738,1889.4851925827616,1367.1226951591705,1778.5397193104554
2.759,1725.794115188902,1769.3165579359265,2042.9780932349515
2.759,1848.6886597032396,1476.4857103314764,2000.0245660729415
2.78,2068.577191569296,1384.1299137218898,2095.029382397738
2.78,2071.1688201314732,1623.5464722840068,1611.7578519458084
2.801,2111.6914128880035,1513.3433364081557,2120.9094107551814
2.801,1704.4579932506563,1610.1473485087474,1758.5047375913443
2.822,1767.0712459267363,1487.8090621596987,2208.734604868896
2.822,2069.8987888872343,1455.47951362323,1811.5753250974788
2.842,1996.4102081958385,1420.3649850403433,1915.954941658589
2.842,1853.5646116702414,1582.0228908636304,1754.99078699855
2.863,1925.2934445611138,1709.0584847659957,1730.9691317444103
2.863,1829.5689383533868,1690.9932110104342,1933.572620287378
2.884,1735.4585276693954,1502.4046242548975,1797.2256843389816
2.884,1905.634743538465,1763.6347075350623,1949.3314540508818
2.904,1835.9464998425187,1631.8634941406744,1617.7149071363926
2.905,2108.6913015930895,1423.4026790410662,1598.9462287856395
2.905,2081.7101021080234,1675.7582495291476,1851.525148672568
2.905,1862.634663407742,1336.3499467239428,1870.9323149776387
2.927,1823.2247648099715,1304.1464341410426,1832.6402909462545
2.927,1464.4577131322778,1752.0032457074203,1452.2261565868391
2.949,2059.887359233384,1292.1672417475825,1854.2654729592423
2.949,1783.9895265184596,1370.5539096048494,1840.7342326288883
2.969,1639.9764567381953,1461.8904979244062,1352.1284553406838
2.969,2207.789430152302,1531.396105416775,1968.6945162416584
2.989,1523.6722489971016,1527.758609329441,1900.858668061264
2.989,1718.9068105045474,1557.388733113792,1692.5053718023762
3.01,1865.4389765195544,1679.063076231003,1730.6211289386913
3.01,2124.156630802743,1304.128080637378,1753.8597582273583
3.03,2001.100877074455,1712.4344515787743,1632.0856292872745
3.03,1931.8601353045462,1583.4520572209326,1691.5616042609804
3.051,1638.2448386584217,1297.173006740596,2133.852780926137
3.051,2236.2860445424444,1282.645423997937,1599.8942170723255
3.075,1844.9228653188204,1811.1484738365903,1848.0415254848463
3.075,1824.407447812962,1676.1267579720936,1595.75302231257
3.075,1764.179882157692,1440.8492242942762,1779.4249297793735
3.075,1759.4727308345703,1618.9086741875612,1794.560803488819
3.097,1960.0715672867307,1615.4034538453518,2050.650592339101
3.097,1694.3167830472148,1583.2650403390878,2145.4669696340347
3.117,1637.8746856575417,1861.919796402266,2126.378455753284
3.117,1837.4557117565205,1577.6748346534428,1596.7529791355882
3.139,1546.414831944474,1514.504610444111,2009.1095550917992
3.139,1880.7291865404848,1514.9984618007734,1886.4088182782016
3.16,1807.238400638643,1705.7256650615273,1922.1028792403959
3.16,1938.5128576886411,1824.007879395111,1673.6310175006506
3.18,2065.3200891921124,1275.6352847771334,1474.192941167673
3.18,1883.8925846192042,1552.6792770862185,1812.4547619242383
3.202,1849.29746963042,1640.6307789854995,1656.0839471589343
3.202,1588.5008998198118,1249.2447192259763,2263.419792995284
3.246,2116.217640552972,1629.6460413730374,1614.2660422698173
3.246,1904.767154579949,1581.5422679052742,1953.6965327042717
3.247,1888.394031417971,1435.0389555533245,1932.1028904363882
3.247,1709.1995254267686,1552.5420615869596,2088.8509942035253
3.247,1901.0357414145537,1586.3546289014814,1849.4035209071792
3.247,2075.5014752813468,1611.9159558704414,1783.703716026973
3.267,1758.5157479872103,1476.5708190705836,1518.853135497663
3.267,2132.612482696931,1731.1139992284316,1787.1841820583975
3.287,2149.3269958386913,1549.48642936626,1821.3084810378414
3.287,1730.236697454151,1890.0964506310875,1826.8420654355548
3.307,1791.620700029759,1480.0243677700917,1781.1209483835871
3.308,1314.2970783471305,1256.4898688420712,1886.8063314808926
3.328,1496.1092138205902,1337.4311314521606,1644.8043581414613
3.328,1894.6564533495848,1623.2463839657748,1645.9469667772
3.349,2529.094745863968,1676.6211077857956,1763.2915473085206
3.349,1780.0234553802356,1530.17645669586,2062.5786368731124
3.37,1730.1420045196176,1528.7612069220825,1717.2031220252825
3.37,1829.787910294323,1664.1894574386029,1912.0930502975236
3.39,2092.328762769344,1744.8494955249182,1922.8695809665198
3.39,1762.8465271034465,1427.0226172913406,1565.0250911717833
3.411,1755.7528099354217,1376.2126695492268,1420.228573884082
3.411,1922.2841736759026,1810.6639647896047,1899.925432533566
3.412,1858.3589352110484,1610.379923540199,1701.3435591429823
3.412,1443.8702100542841,1489.4853961667304,1595.0438370117238
3.433,1915.84401983378,1663.8851156383425,1858.6711615233698
3.433,2201.647384049512,1652.3946259801698,2097.86497833569
3.453,2083.501186578408,1566.4575468950868,2002.514601939837
3.453,1716.0263919266151,1299.7272381052746,1878.4813074336612
3.475,1884.1687700666714,1226.6012873446848,1936.2412395768013
3.475,1655.0648939465182,1330.6284332962662,1743.7147904066603
3.495,1747.9506369481026,1690.5255402784176,1859.0076018458794
3.495,2159.306957637796,1714.6175934035132,1983.0384103906745
3.515,1567.8638023048159,1515.2047482286853,1536.8961606571427
3.515,1934.3145268802102,1628.7691537272394,1794.1374579991418
3.536,1987.30784406787,1438.0518741821834,1732.314088639951
3.536,1643.7737275901186,1587.5532095222861,2025.1018297734518
3.558,1882.460530238403,1622.5823141764286,1747.111862691888
3.558,1715.7426574673914,1720.2568466073021,1926.2581972962248
3.578,1769.0573402473676,1582.4038506791362,2233.1132248086824
3.578,1877.374847934785,1486.252278095912,1652.1414349568572
3.578,1545.828812247719,1693.3445616656652,1913.6963135082985
3.578,1705.4602559736863,1222.501522298028,1723.4543470209371
3.598,1879.5049314369287,1442.6945778917718,1826.1762292224473
3.599,1832.8791839639816,1414.883967956526,1708.1328502924355
3.62,2048.8350484357966,1854.1699082906664,1687.444640249584
3.62,2112.620148230441,1531.5045264657522,2128.8432707575603
3.639,1730.0946416139377,1264.477885660117,1823.4829635734882
3.639,2165.4573868994685,1367.922307795512,2091.0527049823245
3.661,1822.312764952099,1226.2987940091944,1998.232198823469
3.661,1862.214982394719,1778.1955252765385,2023.200306800071
3.681,1795.8637193987086,1858.1537940616681,1866.724550483755
3.681,1872.669757966705,1857.3604828545317,1266.736323909254
3.701,1617.3531470756534,1385.3011099692972,2094.770566697617
3.701,1782.3347504920682,1320.7768212442975,1592.4194147566839
3.724,1873.3679140425234,1508.4595326616434,1659.4692517720705
3.724,1676.0133258536252,1552.476731407945,1794.3259157139098
3.746,2144.2790605098244,1951.3716559027903,1610.988060238708
3.746,1905.4354406042733,1606.6884482083806,2264.0910712608534
3.747,1699.7021758037413,1517.9672204368976,1983.786209051557
3.747,2013.125078053825,1665.7498530405205,1750.098073941071
3.767,1937.4583341772498,1752.8739251256723,1765.0339653763253
3.767,1956.3835569402231,1788.6826021877891,1877.6353236004345
3.787,1843.0755942357316,1409.8387730340364,2142.98104301369
3.787,1908.407761594712,1721.6128851351168,1864.7512639071579
3.807,2072.7276546690377,1286.2174865571594,1791.1889355760038
3.807,1841.5256472872115,1559.6211845215346,1878.2165621872862
3.828,1979.8274197827113,1626.1040250914507,2288.6598712743266
3.828,2016.567705986549,1585.7607298737285,1779.8707959966155
3.849,1644.2026438687215,1297.72756529489,1601.2719192586246
3.85,1769.7242068304083,1773.193358351185,1736.3457683162524
3.87,1996.6950903492757,1534.9718834788443,1547.4529271506233
3.87,2055.7459199371933,1576.4106451077446,1606.520528354638
3.892,2129.8635625776583,1527.9097816681297,1813.6760617848504
3.892,1749.5132135457638,1523.4297457810865,1848.377967334414
3.916,2298.623295012878,1042.4381140409955,1959.3275223199626
3.916,2019.0167121028012,1574.3206773274517,1614.7638719333552
3.917,1906.97272961948,1545.2519074163902,1916.1966325867595
3.917,1630.2842054538282,1463.5494672030225,1926.1876238980005
3.956,1566.2776585943334,1518.5372251390347,1558.2551748317153
3.956,1616.2526148029542,1515.517845342763,1637.89646276634
3.956,2005.6352878912594,1525.9883423730962,1979.1945356850501
3.956,1676.6754806684928,1313.841059220463,2092.0557558537557
3.974,1656.5086071077378,1723.1302486196005,1792.4123548972968
3.974,1704.5610639170761,1592.2378094734343,1880.768577647122
3.995,1968.949223993495,1347.8698675263122,1785.241774675911
3.995,1657.7503355818126,1786.41238644663,1955.8902952330945
4.016,2426.4331291740673,1483.7652719514908,1265.523550954702
4.016,2100.813190488823,1531.4854389402185,2140.706958612688
4.038,2198.33297905621,1671.0073518310355,2055.2440367431805
4.038,1799.4044124183,1540.1297334369851,1925.070114098582
4.059,1980.9124589082517,1437.7395931622682,1593.1453921968484
4.059,2107.9628519825806,1476.4324072804611,1616.539833254187
4.078,2020.656465707767,1288.0373823701261,1713.6092316934141
4.079,1840.0748368253787,1460.5685007159686,1781.5608656739914
4.079,2081.6028214537955,1406.8146235783088,1838.3314662257744
4.079,1992.5737990405069,1970.956411704003,1544.151886377541
4.1,2107.878904343736,1583.322107539378,1941.887143942333
4.1,1838.461103442665,1306.5270519753315,1607.0255666677533
4.12,2007.2320135855996,1234.1499640459942,1904.852865277191
4.12,2069.974491357148,1573.8050496007966,1879.332219378444
4.141,2303.0147806783516,1597.9973581229954,1940.770205449697
4.141,1879.8762440975593,1406.0551440563318,1600.512354126293
4.162,2078.1791346237237,1677.0231010725524,1768.9110779131877
4.162,1977.8946614636538,1726.1973752051308,1643.7909620161622
4.183,2106.4336245455415,1896.002857452705,1880.547117259181
4.183,1762.6555290375081,1353.382425470698,1727.2809365640346
4.203,1981.1110067600287,1680.0691547680008,2010.1823952509162
4.203,1958.4739673453073,1371.8024874358891,1842.721503988845
4.224,1743.271108511197,1516.9401784165107,2006.271251181859
4.224,1685.6213932054975,1474.6729048436207,1753.8607653843217
4.245,1801.7935767919935,1637.2063414954355,2114.760250586705
4.245,1719.867781757284,1588.1886380179196,1729.9874177758827
4.245,1752.0519120245422,1506.4024035017796,1990.2966424118913
4.245,1923.031219962227,1364.7351624922787,2045.8666697969823
4.265,1779.191324261356,1259.323093258849,1756.8323397631661
4.265,1882.6265633478897,1552.3445628898148,2140.9293870570896
4.286,1694.3289629620022,1460.8524838653018,1776.2910777930217
4.286,1973.6842897677327,1536.171907049657,1826.1043009956577
4.308,1788.576055526581,1309.8863255632102,2046.0503296422312
4.308,2081.7009695922848,1536.493405041206,1748.1467768956695
4.328,2096.5034259791064,1169.8117359659489,1752.8495071764653
4.328,1896.9301442309961,1579.8779304858895,1772.8977005440177
4.351,2061.5798252863406,1658.8656336383349,2051.868989062889
4.351,1913.8105809686015,1555.4053521739504,1684.3912706755418
4.37,1894.448934700707,1472.916387531802,1574.0478072710582
4.37,1513.1459464680086,1431.3929435952612,1546.6847551025112
4.391,1498.5187823039055,1661.6131695604129,1683.836473826475
4.391,1910.1678976157566,1168.6936626018999,1514.770378491977
4.412,1724.0636523904514,1727.981790259767,1791.3733001824194
4.412,2267.085370850318,1536.7852979456336,1691.3324515539132
4.412,2146.5215467817184,1509.2748565475806,1576.4700719857467
4.412,1877.8312305630948,1314.1754377627362,2074.0227101539526
4.432,1970.039087763566,1479.34239347278,1794.0899732567302
4.432,2057.6679777533896,1555.7611238640484,2031.1252654092436
4.454,1737.7823530841788,1546.630286764407,1974.2030175124648
4.454,1880.143329050953,1551.9693913246247,1955.2913516203848
4.475,2186.9280793663524,1761.0219283548367,1737.1782654856088
4.475,2176.5878015959893,1554.324048894801,2058.562699694049
4.495,1589.5103938247344,1355.3630636624657,1980.7755281828172
4.495,2120.7647903419884,1471.2437117706436,1943.0227356317073
4.517,2087.408896744094,1582.0207577742658,1805.2345541502511
4.517,1957.5423781889792,1496.7188120740445,2167.0847436751214
4.537,1994.710750249992,1698.3301312137496,1778.4712130877708
4.537,1988.9861924777588,1479.905016079678,1785.3889090552327
4.557,2061.2150098981742,1367.034371987495,1949.7040187164184
4.557,1634.6243233676885,1690.8238197449152,1374.5247760813786
4.578,1749.9152412113283,1739.7379447714723,1825.6906390573686
4.578,1836.1292588102988,1405.0295550989042,1770.5356952028292
4.578,1811.709721981876,1495.447084140882,1684.1841596647828
4.578,1510.9036853646573,1648.1569569384233,2147.83112400162
4.598,1881.1959822396566,1452.7627085724544,1843.440337839997
4.598,1547.347029913065,1442.6476215845835,1895.8682018867069
4.62,1925.5682483369646,1510.8197858524131,2276.6147041000204
4.62,1915.049726829596,1354.4728964415267,2161.0733125795077
4.643,1907.8498871886522,1493.032016290684,2037.9618817574783
4.643,1922.2205823118447,1358.4082328248794,1895.07200598061
4.662,1544.0793805291735,1604.8314528420997,2359.7077606756693
4.662,1892.558987976525,1444.8330855765116,2049.886245859166
4.683,2036.9208302356046,1229.4507602278215,1947.8235506213725
4.683,1951.9634676192657,1406.4327878611152,2019.3440104945357
4.703,2062.333143860962,1445.332775249879,1886.9971566877937
4.703,1900.4802425213627,1505.0593159996224,1935.3372596094132
4.723,1481.6296451223275,1118.0661870691154,2104.08577821713
4.723,2008.9384365599851,1623.4460859061296,1841.576538156336
4.766,1511.9083434353965,1416.0820007630966,1729.1330184842477
4.766,1695.0654153623068,1676.1499646525747,1902.6846295201988
4.766,1759.7532318885515,1450.6355564086412,1939.1201830649557
4.766,1849.412977175281,1458.0230461745648,2037.9498113538152
4.767,2109.6424526747305,1497.3988113302544,1507.1249317533557
4.767,1631.4253687586151,1659.49706035381,2066.3526953027217
4.785,1930.090405119261,1401.654747341577,1739.130882401484
4.785,1984.9112855631229,1458.8728382350655,1741.2425213800502
4.806,1910.4978407795286,1347.173921213317,1972.0634846859866
4.807,1981.4969912390918,1547.534420530886,1727.4132480705591
4.827,2160.9971251483166,1619.2997919758234,1817.9454208829807
4.827,1750.9906650444534,1552.378948907648,1945.2386268466498
4.848,2290.3497139899428,1594.733558703167,1976.1169379459725
4.848,2130.393299360429,1814.6287106767795,1566.882285268315
4.868,1789.3879595966073,1726.0977325443114,1914.2491171935144
4.868,1962.83955054832,1504.4541155498414,1656.5634822166671
4.891,1856.6571868977085,1378.7129250915043,1861.276687741042
4.891,1886.6005205829854,1309.882792636935,2262.3619970166446
4.911,1654.3172347333707,1132.6024564166273,1613.5353233888573
4.911,1877.5006511186152,1759.2579052420092,1757.1175598132734
4.912,1710.1479550074853,1145.8128932711704,1821.3127330523128
4.912,1972.5198508503888,1368.4450920773024,2089.209241277097
4.952,2264.723336223772,1517.5102414244961,1743.5143355310415
4.952,2156.326296658716,1595.4928875469168,1844.3746447661194
4.952,2144.597014545694,1392.187806705974,2044.3141979028048
4.954,1866.3600525756906,1531.7014809722084,1656.3393231302643
4.973,2050.5182386157026,1461.3372791009451,1534.3965493822343
4.974,1605.5763416145162,1505.879549040106,1987.6310294252355
4.996,1943.6692681694003,1510.2555111352758,2077.530841656631
4.996,1874.473179428853,1396.5315215692885,2003.0168375638468
5.016,1845.9375726433334,1578.0200511431306,2178.860139640314
5.016,1807.6808129960996,1670.730750814039,1760.7750989108856
5.037,1959.9066186757002,1585.784232093406,1802.3711942794666
5.037,2147.3229363589503,1354.6570841455193,1852.6977139231126
5.057,1815.8268827254842,1603.383118073273,1791.2789410678722
5.057,1692.6338924500033,1234.432969367984,2114.7489992657884
5.079,1777.8602395821683,1621.5435049574535,1817.7839329797653
5.079,2179.221176710642,1555.6187462519526,1943.9210563197214
5.079,1960.027331921461,1387.8847159892982,1596.802640216688
5.079,1740.0121440052515,1583.5314215250814,1958.2680457475833
5.099,2197.528317625602,1522.3378471353913,1392.1586261641526
5.099,2046.730346707753,1448.4789613522842,1840.678518852005
5.142,1883.3006325085425,1624.4079430961544,1703.8123756355271
5.142,2191.6833055735033,1539.2664796312613,1853.1068990788835
5.142,1852.7174893762656,1482.8019231707397,1477.9308678185832
5.143,1926.6313638636532,1249.063754907946,1947.8365524885146
5.162,2045.4285006798602,1378.4141443648964,1806.8014507567304
5.162,1556.8940417173978,1438.33111093783,1868.2853480202295
5.183,1998.761061971495,1510.9078020467703,1834.1339295144755
5.183,2113.1261763996,1542.8622293344806,1800.3348755194374
5.204,2132.8301073077714,1690.9033873728602,1667.6069941332646
5.204,1896.382186872863,1481.2526396350659,1576.7855440514124
5.225,2141.261755361208,1488.584912035968,1885.545474259576
5.225,1993.5770400844845,1504.2912928349247,1758.3392719763958
5.247,1850.5382314553165,1359.4830494235018,1826.7309104672306
5.247,1604.2606417470479,1364.9111300535772,2023.554048969492
5.247,2147.023675886521,1302.3469313307178,1781.588196256258
5.248,2026.451785328713,1352.8772132184063,1977.2839932226575
5.266,2088.6714834151585,1268.8273322828932,2149.969051829425
5.266,1820.6587550125573,1417.146253021957,1839.1615572106828
5.288,1939.0066443017395,1372.6918703357512,1537.848054098613
5.288,1871.4138783340409,1509.3209096949627,2074.212684132413
5.308,2008.889898024184,1787.2700689681878,1881.0947460283685
5.308,1944.224517236957,1225.2735182922142,1642.2145656408393
5.329,1783.721192387734,1531.4318696785633,1821.233460847481
5.33,1681.9109896270943,1646.8570007243263,1990.4087531075745
5.35,1941.1047869948768,1453.3913811486855,1884.6962849561548
5.35,2231.8326945331983,1983.036381712516,1873.2497452164973
5.371,2256.9410250707133,1561.9607686692868,1466.7502719112167
5.371,1985.8052945488705,1434.8773475581584,2009.5353170946942
5.393,1734.555827466701,1341.4618821257422,1933.49998428003
5.393,1577.756564542596,1779.90248573184,1862.5281694362604
5.409,2004.3119576534284,1608.9020960225391,1897.9485555271185
5.41,1892.3723864837148,1398.1971155637034,2037.6223434854858
5.41,1927.579121142775,1490.5878392440086,1824.7632789104218
5.41,1920.2485802430058,1379.0489166869131,2007.4690987566087
5.43,1921.4912540437215,1607.380524255989,1809.1981653914813
5.43,1835.203984375914,1390.385982834685,1594.6311940999146
5.453,1508.1528915382871,1225.1509532325765,1925.9966444401039
5.454,1806.5806400885328,1485.7106845853248,2084.4731316044035
5.473,2147.744454076595,1368.1352467426786,1792.9814547019794
5.473,1876.6291267138454,1457.470493026962,1539.8009907201176
5.494,1859.3828178320691,1577.834828410812,1922.7758773286596
5.495,1724.2091914566406,1442.2975714247987,1887.8842703411267
5.517,2144.999026332057,1534.5776093274567,1650.2207809892361
5.517,2006.6711331746553,1565.707157720155,2169.168322807895
5.536,2123.0038160304402,1596.1074824492146,1642.465600084876
5.536,1813.2607123543448,1355.3237694776508,2146.6962727954624
5.557,1884.3925793153871,1313.053983068804,1692.0797795427138
5.557,2229.634609819259,1326.7630900640422,1745.132334513261
5.578,1950.8819474236934,1509.4084057274968,2213.5172072671226
5.578,2066.123732747877,1618.7547671399157,2041.7136305288266
5.578,1824.9738593044374,1620.0999080745485,1596.3210235150207
5.578,1810.1098772715022,1458.7379507326652,1968.3403647854686
5.6,2083.6651741677692,1610.1018819705662,1909.7205357091382
5.6,2046.7383157913546,1514.7781584620877,1467.3917746375005
5.621,1947.5808371327425,1728.6293431492008,1796.9453277617051
5.621,1705.2750887994746,1549.873266114767,1878.3453118831017
5.641,2311.4975162466744,1384.8259449354712,1721.6595840534362
5.641,1812.847864631867,1649.3513830215156,1632.3358403970124
5.662,1569.6900236190547,1470.978933182026,2215.1316161334184
5.662,2021.0656705417912,1469.415164449643,1557.3531403032011
5.682,1914.7288954111925,1394.560629007917,1617.4168747244255
5.682,1881.943167111033,1591.8416003723253,1986.2980322183284
5.704,1865.8120621004364,1508.163304050681,1725.7281060584323
5.704,1684.272273931752,1650.8578468107276,1756.9434377891018
5.724,2091.7501992962357,1563.3980746143109,1744.6429817672667
5.724,1720.353382147844,1426.3557211025877,1759.6760741048513
5.744,1852.6066685075928,1378.595284166875,1445.3701731399567
5.744,1906.0072191119536,1157.5611855213388,1529.6052073991484
5.745,1978.9368575487078,1530.9931526165612,2231.969083389915
5.745,1863.1982042965444,1522.7191588269595,1834.857794917421
5.765,1768.4868785452659,1726.9292139387192,2310.643219068382
5.765,1827.150082504795,1390.839445789502,1890.743766403543
5.806,1676.4117419716588,1273.2947507955473,1943.4077721106032
5.806,1640.1364319985978,1428.243948417865,1928.2147391468086
5.806,1901.8294129149344,1471.2675687545316,2052.4212388606497
5.806,2132.161397274918,1621.3049184451443,1796.3158694524823
5.827,2085.3324446321267,1296.0259566674197,1654.9963151280433
5.827,1979.282329781802,1578.4226154597857,1532.6927476215524
5.848,1818.4694637653552,1444.4384426726408,1928.9358484327402
5.848,1997.137761934257,1491.5441494982715,1926.3199426399945
5.868,1815.5281343214301,1645.8906369272333,1230.8224214738023
5.868,1650.554872546123,1374.783376478779,2257.4947718606263
5.889,1708.815673824108,1705.0560556105916,1843.9621075942096
5.889,1687.4347052340572,1722.7181485833653,1952.107768943068
5.909,2199.7835439424225,1534.7261829137692,1644.0969213846324
5.909,1667.8080317941476,1462.0757502539489,1846.396091458422
5.909,2112.3221719398443,1333.5519148037122,1964.7835838386734
5.909,2210.25567426544,1513.1527221858069,2389.305438830318
5.93,1982.7017305702063,1589.3029398513213,1984.756334052805
5.93,1565.1116986552238,1436.3114400141478,1926.8786732421886
5.951,2130.1169806670687,1361.9007807408539,1771.1899896126063
5.951,2068.4957181212353,1438.849734312103,1952.973528443885
5.97,2109.4941552022774,1569.2492902470176,1787.5239056025625
5.97,2395.8984937901387,1295.3519996800962,1533.492307283476
5.99,1900.9370656427116,1557.4462160534315,1865.375184605107
5.991,1834.6572785608876,1487.0721633704106,2175.5787334386396
6.012,1884.2646976664255,1560.036142133385,1904.6092781440502
6.012,1687.070573249634,1742.4457235149143,2025.3852981403447
6.034,2054.735960377173,1442.6120367587546,1856.2118866674027
6.034,1777.6124583758594,1053.6676648492996,1797.8586218167427
6.054,1792.0189678888953,1339.4446891667749,2250.487064202686
6.054,1882.6575511122135,1586.5103925126944,1929.1809805282155
6.075,2005.6927417623237,1394.6952277430296,1769.2947938644215
6.075,1845.4885158288284,1616.125712778499,2060.4032311695933
6.075,1752.0489706002747,1573.2375347494913,1487.5117092599685
6.075,1546.4498478232886,1414.9013135669156,1783.1390680053112
6.096,2153.898050074441,1714.881996636477,1629.5162849428914
6.096,1725.7763313818828,1525.1492320194563,2010.1234731657305
6.117,1916.4314737841773,1554.7835940742332,1661.3237995342777
6.117,1713.713833197799,1479.4359971046576,2158.860945315693
6.138,2251.0626912903494,1894.9540036715532,2185.3109442966465
6.138,2045.5758531507608,1586.4755541504903,1615.3353392282474
6.158,1917.049657764614,1622.2003223488152,2129.138897272906
6.158,1956.6263456307597,1654.2676055573747,1502.5422030336356
6.18,2059.8614873106308,1541.7346623593735,2028.8097072591358
6.18,2238.361080199013,1443.2126617121457,2002.723035250901
6.201,2055.8421263925597,1527.2097560887232,1567.7201650198351
6.201,1788.648060635612,1870.6849074645133,1621.6763529428147
6.223,2249.49060406213,1567.7723642784622,2277.070241249545
6.223,1964.2983248558667,1752.0370137542147,2167.2875871660026
6.243,1882.854779765487,1626.0872486881497,1631.531092204539
6.244,1878.967023766254,1689.342608348967,1916.911349562797
6.244,2041.360986364106,1683.9205199992327,1631.9649920583965
6.244,1939.276489139964,1504.6303028350628,1834.2627801143697
6.264,2078.929525039614,1924.0374508834434,1878.2183412198337
6.264,1512.0092189792201,1378.0228833379938,2130.7414782858336
6.284,2134.8847163943165,1602.7982144673847,2162.306650720733
6.284,1555.418023336085,1358.6961105326122,2032.9133989350587
6.308,1760.908784173173,1366.4365899924185,1897.3704857520693
6.308,1984.3320959047305,1410.8311073540601,1855.1563147736442
6.326,2068.648167100409,1762.3659995184519,1945.6689335403753
6.326,1968.9127113019845,1215.6410669667746,1989.277006544868
6.347,1699.9741021856917,1365.0721137327096,1841.502807036771
6.347,1937.7674105233007,1291.7490802998032,1900.1447275594094
6.368,1757.5458348703896,1577.5019875311405,1987.1357221861454
6.368,1767.303631479067,1313.6851419085629,1643.7065203190893
6.388,2082.209736883439,1599.5199625578236,1864.071595116796
6.388,1876.071867968447,1519.928422340825,1482.1028167494906
6.409,1823.993813519246,1605.3276336805554,2095.3958542709192
6.409,2145.6693251129955,1911.3840968001966,2013.2515848394112
6.409,2090.585993071805,1473.1433202197363,1873.64077898839
6.409,1925.8976370000153,1081.9754897373664,1985.8880814362508
6.43,1709.1018373560394,1242.2381144626054,1605.1557027176568
6.43,1770.8835089353815,1292.1863867033935,2190.1286950335193
6.472,2196.142115561729,1743.9855015950031,1527.021262292111
6.472,2095.8804607477214,1358.3384862556059,2121.3262940341824
6.472,2047.078644592729,1616.5306155474154,1979.525429260653
6.472,1690.9446214297711,1579.946951115137,1614.7784211738958
6.493,1862.403932749245,1846.1144082844994,1668.9594964231462
6.493,1814.155029420042,1709.06371690565,1891.2510650198333
6.513,1743.0671346781696,1461.4043943062748,2159.544777228992
6.513,1662.9132262062058,1327.7919215406039,2095.9708967972083
6.534,1940.0449160719083,1362.9763903839169,2135.4607451186253
6.534,1747.3468822868435,1292.2496055271556,1957.407341764237
6.555,1861.1263941032737,1487.9068323595734,1743.845496576549
6.555,1745.0160243393393,1868.9081683972145,1655.39014005007
6.577,1866.4913089558613,1655.9886500354912,1851.5951381027662
6.577,2177.846710211787,1214.836597636265,1610.2657513656031
6.578,2016.0534358268358,1770.404063641489,1832.073230762069
6.578,1922.5878368131998,1803.1044448485966,2076.1122420232323
6.597,1973.1289421790364,1611.4071003134873,2223.418695959795
6.597,1923.2157054546544,1506.3337546998569,1882.961396556729
6.617,1810.7843689719134,1578.8412813261098,1789.7349123133542
6.617,1659.022176998023,1476.3545421210586,1471.9019438358769
6.637,1804.0751185084541,1235.2452131941668,2051.253764846909
6.638,1775.5354143433115,1843.841686715074,1967.1188299328412
6.659,1725.1499416778695,1768.0704555458944,1896.9536059274358
6.659,1830.6883399492956,1458.3870169986053,1739.7555332486868
6.679,1897.938429707562,1265.037794761584,2174.8428977184844
6.679,1923.834761172865,1238.0742736440316,1836.8082508104762
6.702,2115.1651848941947,1583.4403447738148,1870.2283623737665
6.702,2303.9055678174177,1646.4676071538954,1790.2984939437647
6.72,2266.0780563348967,1280.975438317461,1629.906227675159
6.72,1853.446380249951,1561.975943736368,1727.522455118395
6.741,1594.8206943480282,1331.3045996831927,2035.7069918305203
6.741,1954.9811018061769,1396.5396695780928,2159.5656730060655
6.741,1807.6023848126936,1713.8154640036219,2070.902729705369
6.741,2580.2196004467746,1414.3396163673735,2038.3555362381574
6.764,1491.0281689007315,1590.2519142220037,1678.991260135891
6.764,1838.0051322177821,1337.139661153029,2225.3492341061933
6.782,1875.1145934050262,1758.2024839560984,1824.2378947776892
6.783,1628.223042972306,1624.1736721677623,1788.703111266368
6.804,1854.6882592220988,1419.593905333686,1715.0650809715405
6.804,1743.0576154680728,1911.5685352999292,1664.5437685690151
6.826,1810.1180827715034,1555.5421854564518,2000.8228776333776
6.826,2117.967887385504,1659.533625456413,1561.7618973401272
6.846,1816.505583290762,1419.8954151437965,1850.0054443519984
6.846,2224.3606843324856,1523.4298213148081,1925.1636426217628
6.866,1966.3743275693091,1386.090796949402,1481.946002497969
6.866,1906.6332580541557,1545.407843089163,1815.0634150475983
6.887,1997.3500934237825,1929.2467237995852,1558.7479259939237
6.887,1935.2768057962862,1508.611096286392,1893.8480071827025
6.907,1697.3957804123133,1551.5968881710683,2002.0113540019656
6.907,2005.5841006784106,1249.894366971063,1512.400637799283
6.907,2091.9573756951895,1544.485714167646,1745.9797855296442
6.908,1687.4747421839338,1741.7863655700103,1855.0186688642325
6.928,2079.6424436674665,1483.4890838677727,2074.8213016361647
6.928,1781.939548058983,1542.8812621811799,1750.023370898827
6.948,1807.6822894750815,1545.1636746733416,1719.7284209236357
6.948,1771.5204228461673,1222.8486713659222,2268.241420967381
6.968,1672.0234740607807,1411.370850775797,1526.9921620977823
6.968,1897.6907752037268,1588.878425112303,2130.454910627685
6.992,1985.1362029450552,1456.6480426065255,1900.5007208055756
6.992,2206.076293262386,1321.3881241071385,1891.7095636295805
7.033,1695.1635836781477,1634.9680893062693,1972.904126107888
7.033,1645.3480146553877,1243.8861534405742,2025.5040183126807
7.033,2047.127962534678,1585.6996255787535,1832.8291608465202
7.033,1885.7935001350506,1555.4986418821527,1657.114007294595
7.054,2005.0591332793551,1648.0796379624298,1907.7225154993976
7.054,1367.9572568990275,1380.520134592944,1761.3913980428595
7.077,1955.89878160105,1484.9644587645025,1692.7123504632002
7.077,1672.7811413401596,1203.5935500359114,1872.267770950163
7.077,1522.901459914465,1366.3084702811943,1992.0807266947188
7.077,2010.58144938093,1527.3009397558085,1988.1980286274054
7.097,1714.20646065473,1672.200452637456,1707.286537786055
7.097,1841.9532204537172,1514.2517943792861,1864.1020978532283
7.117,1769.515743078307,1565.1493358224016,1596.5457132280326
7.117,2290.1090459284314,1685.6280896473445,1654.3031628862814
7.137,1792.2480322421027,1505.6275324441883,1691.5908355256904
7.138,1584.7696053417033,1471.5142182981938,1486.2401531773205
7.159,2112.8360693176296,1490.4680697046451,1754.1210562987037
7.159,1567.2912789764232,1426.9452262216553,1649.42604544963
7.179,2137.1303990816405,1453.708186741181,1632.4524154273736
7.179,1811.5059487153987,1513.6718153220647,1947.0573270002633
7.201,1846.2051941678942,1490.4106614303314,1809.270607158967
7.201,1785.275966496118,1491.5050521075905,1900.1966989817133
7.223,1696.9114638588176,1234.6545960627227,1811.1560642223799
7.223,1841.6820384302102,1408.0730937526619,1609.4451679210117
7.243,1979.2661945417524,1299.3873407445838,1850.3111752132306
7.243,2208.2229215216166,1172.2579465453384,1896.5825592395654
7.243,1896.1779997619947,1234.1416277678495,1685.4659114665217
7.243,2064.3743364130733,1549.6774029188446,2324.2289985217376
7.264,2254.272465574008,1538.6230184499254,2238.090360633413
7.264,1928.2629155018326,1206.50957531893,1638.7670702587463
7.285,2126.7896309403664,1380.0229553321153,1921.32952575055
7.285,2084.955386041814,1664.5138701928927,1743.7821502280685
7.306,1734.9944962506106,1841.1087631816079,1925.943703315311
7.306,2281.3547145983052,1570.94713396957,1961.5464172638947
7.322,1917.6522473402156,1465.2049674714833,1599.7392949282614
7.323,1784.9208415634062,1649.8723549939298,1779.2361350625372
7.344,1644.4910711527962,1569.197998199623,2263.3609040217652
7.344,1933.1376421412162,1702.8865752799534,1580.9388320640235
7.364,2164.6172771197316,1560.72342139775,2065.747893578163
7.364,1947.8948084869264,1550.5001172179636,2006.0608627067522
7.386,2205.419422205412,1656.7065227409248,2236.766552590584
7.386,1904.5743831322486,1811.8768402225896,1934.6488470107374
7.406,1683.0433723355186,1848.7098920539743,2057.913625616974
7.406,2116.3315511108563,1476.9058377083738,1711.6578014225606
7.407,1810.8485034257105,1613.5540658747445,1918.8991777676993
7.407,2156.5529109744884,1161.0159439048348,1605.135313697901
7.428,1792.0170125925583,1529.2601503127744,1905.9095242059063
7.428,1671.6640803074074,1445.7786904673264,2051.923784938076
7.449,1928.4452869104298,1128.3185978116708,1983.0919365377958
7.449,1964.455193091803,1653.2839879226226,1959.23165901767
7.468,1507.898017606203,1596.6826190094694,1714.1833067256025
7.468,2243.3911626037784,1491.2910535592632,1972.1056038790994
7.489,1883.185490315846,1477.2681718186475,1944.2198896920845
7.489,1905.5104359112036,1383.4865578303159,1950.7487137378912
7.509,1736.6012039626635,1693.3502969612664,1737.0599163137238
7.509,2034.5595518922971,1309.8484600387806,1637.1513874833186
7.53,1981.3054326304546,1764.3762301832285,2141.9230469123677
7.53,1937.5017562676235,1822.1173346516441,2053.80395612023
7.552,1898.5634417759993,1639.4806298384497,1926.5687871259056
7.552,1698.9735584722503,1267.831811302451,2047.7613635551156
7.573,1697.4653386877546,1746.0547771408026,1903.7404600400248
7.573,2090.702293520682,1106.2940641783637,1702.983982551923
7.573,2136.9428447279683,1491.7999617096152,1912.44196572722
7.573,1967.1847805035973,1495.224505320206,1919.82767711328
7.595,2095.9590113289387,1329.1506658962596,1774.331976768627
7.595,2020.5599514244232,2011.4628830904437,1893.1114915426112
7.615,1830.1848033569872,1451.2374458884817,1958.7786902752607
7.615,1468.9843684187695,1334.550568869584,1835.9932234186924
7.637,2010.7697329799564,1762.2489992867338,1777.9041105483122
7.637,1772.7339633551273,1214.2325928788446,1821.93864523489
7.658,2076.1844621229216,1367.5587852354845,1637.936707730366
7.658,1822.6888643439322,1669.3161618704783,1593.1646487772502
7.678,1587.6528276107654,1594.1791503695772,1802.1636953399816
7.678,1775.7375264441462,1601.518028094893,1797.6500983629426
7.701,1895.9596742329386,1458.6374479401886,2014.4900517615065
7.701,1960.6055414161292,1535.2397858119314,1677.4185777928894
7.722,2055.580289800706,1553.0756992441345,1769.2901310475406
7.722,1936.5988944195653,1504.8725775973487,1663.7301535422985
7.743,2427.505403572419,1582.0955450233996,1893.0760768801913
7.743,1888.7555241669077,1684.8600874307351,1983.1445773733965
7.762,2241.348490465963,1384.9306617338127,1641.4476832090102
7.762,1884.3567395963894,1611.4267107673427,1975.4237888972975
7.783,2094.309290755788,1537.0863412259744,1593.0563150829803
7.783,1606.5478447387165,1698.9827796534923,2164.8556652572083
7.783,1487.665381900088,1511.070539792127,1958.7388659080016
7.783,1641.1509501576284,1655.2009976061622,1915.1436980645908
7.805,1832.1586339585733,1454.9846926578546,1872.6744274944085
7.805,2033.0829029501747,1235.214264093069,1954.0258377419354
7.824,2103.2039047776843,1453.206605750793,1890.989862846654
7.824,1763.2572716768727,1526.5964079146684,1752.5583484887131
7.844,1883.7053441916967,1258.6384858177282,1818.427851356148
7.844,1976.314711140951,1193.1452616412832,1845.4441301284658
7.886,1964.3634674936877,1530.855977731901,1458.9098594530033
7.886,1706.0388651515352,1476.4144749763693,1792.4724158719796
7.886,2239.783260883885,1478.4302284374376,1739.5729049764718
7.886,1991.1540526499023,1464.6716674124057,2171.225797394184
7.906,1787.0873773152484,1539.1678450015697,2119.902048507935
7.906,1755.2198214817338,1480.396078169258,1837.4118290880358
7.906,1660.8951579132715,1350.5295393674414,1865.9307624270941
7.906,1761.5232335709425,1375.9779070806128,2118.778953519113
7.927,1986.6340862922941,1232.0663268548403,2048.9075961220224
7.927,1612.5006393525068,1740.4634149602084,2135.962616175323
7.948,2099.492525779393,1534.7054549073564,1788.9982290948888
7.948,2095.2659195069327,1580.40213887873,2010.6009958390102
7.968,1881.9198385160737,1662.0691800997463,1765.9752429333726
7.968,2033.1851869940742,1574.5405375451403,2043.769079935112
7.99,2140.6311714854905,1399.1169656677723,2082.634183895847
7.99,2031.282515082422,1621.9642884489729,2097.782604606075
8.011,1613.463087577439,1391.5550804537086,1832.6097051584297
8.012,1644.9683363064512,1501.9526340465088,1672.3223630209147
8.033,1795.4152910360901,1589.8165789979164,1878.4103083836196
8.033,2007.3574976585173,1550.854741479004,2429.023257888171
8.054,1580.8507614707755,1697.666001599357,2129.756722837058
8.054,1811.5863035301352,1589.562126811083,1475.003456253281
8.075,1995.854914396282,1659.0042725382225,2112.589307106517
8.075,1853.131585972488,1411.3889769287125,1938.6770793233168
8.075,1554.3929752039157,1815.3283317606788,1846.612223313387
8.076,1823.5488840904484,1445.6585663853045,1888.033049317418
8.096,1766.6770435963192,1512.7510714387065,1775.9650460092096
8.096,1938.0878293408966,1805.1086229508846,2130.7045145011866
8.116,1916.2113635362261,1686.7934097727311,1546.791455981844
8.116,2123.634708052666,1884.1625483591565,1838.412618634762
8.138,1777.2526957718571,1685.153869034713,1906.2550692781783
8.138,1741.3956713017515,1610.8814774070665,1832.3435861422145
8.179,2085.0558336917506,1447.3256618759747,1881.758134820971
8.179,1989.1138996265142,1527.681878522738,1897.8570738078051
8.179,1645.189989758697,1473.1802241750765,1934.0597552922
8.179,1873.4795378295503,1419.442897641999,1953.9806136444072
8.198,1936.2721842515189,1281.2809716842758,1766.914728067747
8.198,2013.8939566824502,1673.4586925771468,1873.085327983712
8.219,1960.5199812339451,1533.920199030688,1811.8136523734806
8.219,1735.6331392033196,1629.4865931915526,1320.6616877049448
8.24,2075.874481344686,1542.4661322960492,1817.2719157687434
8.241,1958.1008365466575,1228.3371694596176,1973.068977561787
8.241,1548.605269687913,1483.7752096653476,1793.9760813566045
8.241,1847.9791336112503,1332.639872012343,1740.1545619371175
8.261,1693.7353997593154,1678.9877122373043,1876.1885797239029
8.261,1825.8112446791067,1504.7488003002247,1913.1733554959612
8.28,1633.2854284401728,1535.5693944768843,1887.4686654109867
8.28,1650.48935094902,1811.1380176950997,1457.561604219792
8.301,1652.8527489321027,1131.6910674963553,2129.3450407208074
8.301,2010.7513944057948,1539.7242781804002,1621.854320897183
8.321,2163.6429482949625,1415.6471809851755,1952.367640087526
8.321,1811.228341599667,1434.8364601674639,1892.6542022393724
8.343,2218.169106166012,1829.3480669536616,1831.161816656605
8.344,2115.0281761370416,1554.666488817313,1769.54370940013
8.362,1878.671648199083,1829.814343904094,1725.809162051909
8.362,2034.373477101346,1705.517781457342,1899.9517409439493
8.382,1843.5414540164447,1479.9468360781264,1667.9653979345837
8.382,1657.2870323719565,1489.2369597969816,2149.490390531456
8.405,2263.8000301399916,1572.7405432533717,1768.0304987817208
8.405,1768.9821724770009,1415.3688894047143,2129.1843295855815
8.405,1741.0393171276844,1427.1400608803033,1797.8472113060113
8.405,1708.564425005226,1553.6951001409107,1906.943064635439
8.425,1642.8258532151497,1472.6841877211634,1405.923081738001
8.425,1897.2658072419047,1731.6095699265218,2229.2718953660815
8.446,2145.787559446369,1388.26486782871,1819.4579845490016
8.446,1785.852495669267,1778.3937492757357,1968.3974783594713
8.468,2125.8862431955604,1635.816309247084,1521.634639132115
8.468,1739.9695286800302,1501.485986066978,1657.2815258680703
8.489,1876.159098399534,1361.3809583285743,1591.6592207242993
8.49,2111.599066959338,1595.1086838895958,1864.090051292793
8.511,1506.8191371640264,1402.0885445097028,1572.4117321294368
8.512,1716.5983197172566,1146.306034954518,1495.4745129531525
8.533,2157.073224258544,1650.5914856401662,1499.5527861330286
8.533,1845.7681717323917,1734.2333396083156,1728.6597062147944
8.552,2227.2415238005005,1633.5008107381354,1624.8297103130647
8.552,1820.7972365704195,1735.6448566462573,1831.685810605258
8.573,2015.488311457668,1432.714113479354,1848.0251844514441
8.573,2088.512522111465,1394.7298229982546,1928.3077232427308
8.573,1828.058488343273,1652.9281137910193,1873.2446794328512
8.573,1891.2198400011282,1799.560703395511,1926.194072417643
8.592,1748.7124092160432,1495.833951735177,1741.0252455910713
8.592,1776.536418793974,1628.5008883167266,1653.5060895948052
8.613,1834.52956132665,1417.7845555959111,1944.9972619603413
8.613,1863.628096476406,1452.2425849693786,2030.9424239293749
8.637,1778.9762585206743,1467.6278468996256,2008.6385753884465
8.637,1946.480269135648,1385.835666368882,2098.3286741220195
8.658,2111.1561134877797,1440.757938509465,1851.3050969673875
8.658,1811.3900450981073,1263.753780813324,2137.78947812806
8.679,2089.128339658058,1637.7594115681986,1520.1029180007083
8.679,1863.198523321081,1403.2857545098454,1663.9079343543935
8.701,1969.350380740454,1641.3830145476436,1730.8863333917711
8.701,2079.2025441473625,1557.3960194596468,1747.918820010194
8.723,2235.415439372522,1705.7488003387416,1640.5176917384438
8.723,2046.2581439122337,1809.3195326608325,2090.5920820729057
8.743,1845.1615900010806,1566.1252978351963,2235.5320264965017
8.743,2071.1521132022835,1665.9376232716093,1737.8131539388146
8.743,1763.5264902647918,1458.313104264381,1889.1564801390582
8.743,1585.778149071342,1701.7464864016752,1927.1520849970643
8.764,1764.5111770881347,1750.6834379862107,2029.3567094254581
8.764,1794.0880455417994,1635.3727312649348,1702.9454878341253
8.785,1449.2024642536132,1283.9585246296492,1670.8948684301336
8.785,1660.9986140024098,1532.6963667869816,2027.6861235171075
8.806,1655.6000447723197,1373.4050202744525,1482.4829641304166
8.806,2025.7481443800925,1519.3679141524879,1910.7177781684984
8.826,1970.2719912046746,1547.9908456056733,1815.0628500876392
8.826,2098.0966108209527,1558.5245139189083,2375.7935871058335
8.847,2012.9500415882394,1664.3558799267203,1491.5778853536744
8.847,2065.3081429698072,1299.906521948455,2209.6218774089843
8.867,2207.7695701034518,1550.0671955222242,1911.1706767652854
8.867,2194.4639479569073,1548.4467663726264,1849.9227676400108
8.889,2013.789258385023,1477.9286075254788,1836.7364496323885
8.889,1787.84746880597,1622.3938841567851,1992.3863728957606
8.908,2119.4416263577505,1421.176815908965,1749.2843374426595
8.908,1802.4705890331966,1622.6078971245834,1678.989394829418
8.928,2159.8819565258973,1626.911185968901,1970.3655250860822
8.928,2012.4686043823638,1669.7089335174785,1969.4753779799273
8.928,2410.7006117478572,1336.805781670189,1611.121916043918
8.928,1553.7727645410566,1197.473589093876,1872.6380252411054
8.95,1934.0917340329065,1503.6707813630874,2026.0635499218522
8.95,1712.699985991699,1513.811370580776,1354.9239689882247
8.969,1998.6137861956458,1541.1570797539234,2007.0127886608534
8.969,2194.0620923285446,1492.3736270401612,1952.8042786056237
8.991,1886.9264660238578,1324.4318980111077,1970.6872553146343
8.991,1586.6127523324205,1486.983678863764,2009.8809126821639
9.012,1970.9525110269146,1544.6080677287587,1597.8846045737318
9.012,1306.9864940908365,1530.0599490457807,1963.7447519238253
9.032,1646.6214668526927,1505.9668110040986,1830.030509825801
9.032,1827.3185299220675,1602.2967611689724,1841.7424446257535
9.053,1843.1710992034234,1736.5218627098825,1674.367965786133
9.053,1893.1155376502813,1356.0036531467945,1578.702739017914
9.074,1761.3948197087525,1573.4101400484785,2213.651642318559
9.074,2359.436087013718,1543.5382368688015,2024.00678267514
9.074,2277.001397983509,1456.5818307131392,1869.8143442063863
9.074,1643.3664718495347,1874.3200261856416,1823.136979154006
9.096,1941.9191949323008,1440.033490780419,1574.0464383857434
9.096,2041.0394183229332,1549.0479677143844,1800.2643377578468
9.118,1902.5412727561873,1445.507223867444,2019.5266092243917
9.118,2301.441814964867,1553.646482748645,2324.357776306978
9.138,1698.8956501499397,1496.125645493777,1944.2104247391476
9.138,1776.3291085754884,1647.3121066497006,2146.856738286827
9.159,1949.3542568907446,1429.8187539696692,1735.8971775770756
9.159,1868.4776828301215,1456.0079018827444,1977.4610806508315
9.18,1951.6125903834668,1657.4047900534404,2149.850983431253
9.18,2151.512703956479,1651.2934899120057,1817.8481907383127
9.201,1814.3158681484904,1380.3571068369822,1870.6109528963705
9.201,2083.3456528892034,1679.9951590883925,2131.0012396008483
9.221,1884.2646661111514,1695.324108776805,1810.6457771228415
9.221,2104.008033166778,1546.304581962492,2196.2271481665744
9.245,1897.810819993724,1896.9306080178299,1936.2534633162945
9.245,2118.3766307794576,1557.0811522276822,2078.7514587467062
9.245,2057.485211445334,1630.589935266552,1977.4653749297468
9.245,1841.2414432620237,1635.316332382107,1748.4257805574996
9.263,2026.6751409776102,1432.2639383849648,1887.7669628971914
9.263,1849.091599733093,1643.9806729162315,1734.3812281039238
9.285,1892.0538578773237,1482.2589313104515,2034.3683039472041
9.285,2029.6203943950952,1452.06533382281,1840.0191273168223
9.305,1489.7273089265627,1430.1128162408402,1860.2033442175396
9.305,1921.716624557845,1521.4076315747625,1915.3468640704295
9.325,1758.9642616078656,1697.666120629217,2055.321318370685
9.325,1974.216125709439,1540.9037153525674,1487.0177457079017
9.346,2025.1599926205874,1882.1834460597204,1642.2947824828939
9.346,1779.3694205941156,1602.2156280723493,1892.4960248874334
9.366,1844.7440722241115,1501.5900513577894,2151.960142504479
9.366,2021.868278279738,1412.9048455543464,2064.0650302265867
9.388,1867.7450414055713,1504.1000062491298,2015.9487753604137
9.388,2286.6380049547224,1240.550947088356,1984.1611845430073
9.408,2399.4617633809307,1399.8305041513224,1817.2342324446292
9.408,1975.6954469986665,1465.7066303399845,1828.090951204165
9.408,2183.6883132418798,1918.2620051467638,1623.7568992316844
9.408,2135.653102771497,1745.4355921060437,1852.6646558827772
9.429,1894.0815193240103,1456.0840679727364,1356.1669213036275
9.429,2043.33456402241,1443.788499849335,1834.8473062911073
9.45,1873.919222436892,1567.4561803636807,1977.4528002233026
9.45,1742.993118285403,1781.3909382029415,1934.3509800730794
9.47,1977.9988879344971,1602.9875610269078,1917.2729395298902
9.47,1951.2462550911744,1349.8521515609123,1991.1460168602973
9.491,1801.7632054440828,1582.7589066489825,1510.195598014608
9.491,1919.8087366547145,1710.3504540704441,1865.1555998156352
9.512,1817.124761884017,1716.5503920960264,1892.721991863235
9.512,1740.4631440643059,1574.171853284548,1963.0335992128294
9.532,1760.2566239097387,1544.829190840271,1963.1604305917256
9.532,1847.8014476508595,1484.8545745742724,1844.198376869548
9.552,1649.2502041277178,1656.7025461314552,1901.5921728020421
9.552,1778.1552775151958,1813.1825581443466,1874.5169380128941
9.573,1909.2341106964454,1192.7532219901877,1690.1931647271497
9.573,2262.3129409188027,1616.6946517501917,2153.1485920175974
9.573,2616.48107848526,1407.590249587488,1789.3910286575967
9.574,2018.1437794906378,1236.8077806844838,1204.3977695778567
9.593,2019.3171471301396,1658.9553135441656,1886.337872048375
9.593,1900.6016473782206,1487.7435540267722,1640.9968871988399
9.616,1654.2298929311416,1610.646097527929,1865.1326944204955
9.616,1791.650696626641,1364.7107400713364,1578.3092659484141
9.635,2042.3123148628001,1682.9649455985805,1738.6407828528975
9.635,1951.7740825504031,1480.160528186851,1914.33722452337
9.656,1684.4686481784706,1328.7481871214823,2245.638836294559
9.656,2087.5706274976965,1421.4118166793996,1809.8832556592727
9.677,2167.4394470536286,1875.2484510669822,2202.773661198027
9.678,1862.1721894487578,1461.4273490431074,1553.4051077039705
9.697,2094.0268086474216,1575.6767140441273,2079.331436454405
9.697,1873.4893198932123,1554.827260887548,1941.5119911467186
9.719,1702.349204872653,1614.0030323104988,1970.6474274211787
9.719,1749.6783566519778,1799.6050622985713,1756.880215591573
9.74,1910.4455688561295,1579.9135531426712,1929.6981548003928
9.74,2043.2192631641458,1651.5004717363647,1742.3642689680787
9.74,2052.25656856105,1419.5886351929519,1856.4959419855647
9.74,1443.3167356760346,1556.624485960192,1894.7110868101965
9.781,1839.2591389186864,1411.3152688343773,1793.5668004041393
9.781,1571.1052911042211,1702.9832258110764,1510.0153508510232
9.781,1790.386817261051,1524.4878400374128,1737.0892923288045
9.781,1894.5685794885512,1885.5121136715418,1696.4703437114358
9.801,2044.0352762731566,1468.094300244239,1612.0784369016874
9.801,2206.376045062697,1536.9111469570676,1824.1684094845498
9.822,2135.7074308736596,1588.95663776346,1513.6616374152636
9.822,1563.1980121083507,1472.5967773514265,1741.793648418211
9.843,1910.0250698569528,1585.6881428126026,1746.9775936142742
9.843,1814.9839106085249,1804.1089610591055,1726.7644554678684
9.865,1811.6898606868792,1086.0460933611193,2119.0440303192527
9.865,1899.108132914309,1662.2041175177287,1701.61345504467
9.885,2175.3369070397985,1514.7843813659633,1685.6122521228
9.885,2004.0402015050759,1616.1369370247544,2157.18276190384
9.907,1746.0403743982986,1154.8538226069545,2072.356218661913
9.908,1963.221327298679,1509.2822687439084,1628.6126966453485
9.908,1824.649832424207,1345.9522307443303,1766.3136821171347
9.908,1724.779487902043,1554.8164046112431,1750.9540437495298
9.926,2172.6716872925354,1818.3173863250595,1887.2529208175679
9.926,2087.3663173285368,1626.4126925611843,1899.0759663706633
9.949,1786.8745931503156,1815.3782475789408,2128.9607596387114
9.949,2007.3531548003618,1510.0862060502293,1844.323144386973
9.972,1821.791575999256,1655.6628941764418,1805.8957488879269
9.972,2229.2712811949377,1655.5782340445776,1577.3000908728993
9.991,1963.2663501166537,1432.5616421827986,1753.795313067911
9.991,2259.462012281038,1529.5884397232353,1883.750883030813
10.012,1924.2968753487676,1440.7025415706655,1822.8025028958875
10.012,1616.5188271851644,1432.4051239811872,1932.8212160542325
10.034,2144.1702948485226,1536.013119834267,1853.5077934366097
10.034,2120.6616913098565,1382.985461288973,1927.9817389514158
10.056,1869.881710200564,1784.72371723919,1728.1207569001306
10.056,1959.5304365257148,1359.0633216795063,2157.9324624232095
10.077,1870.4814147248146,1564.1133925300983,1871.8835588357867
10.077,2125.8142117191423,1738.0965690158757,1831.3022422014258
10.097,1959.9198900292065,1434.6854423972584,1847.072489863665
10.097,1668.747864875072,1637.6839376780522,1684.8148839108023
10.099,1807.0019274702868,1288.4059493522634,1595.6778134012216
10.099,1782.9310696913312,1497.1181194653182,1617.4272702722794
10.118,2136.6055156447815,1366.2327705555904,1809.9718754524201
10.118,2034.8377278712887,1508.1097739869047,1879.9824200803523
10.139,1743.0621242232894,1440.334183084299,1667.879008234871
10.139,1904.7285514513533,1568.287959506105,1944.4693785726638
10.16,1810.3137723208263,1527.1084597420488,1809.5438898577454
10.16,2241.4533178246634,1426.513760318674,1871.5047077609604
10.18,1914.068377214892,1495.0022479223237,2131.7160028668236
10.18,2034.1555861188824,1489.8955157111945,1805.5208699925606
10.201,1885.3709422510074,1547.2533647954356,2047.6630509235138
10.201,1626.998106721801,1546.9259227916448,1710.0577005629127
10.222,1940.5765132241231,1470.8818188607993,2362.6366163812436
10.223,1981.4289277530024,1336.2538793367012,2026.2938333562238
10.243,1852.7005970574858,1544.0481267300584,2084.4644594369543
10.243,1962.2155957257285,1556.2233728292806,1801.6716522089082
10.243,2353.7432491296304,1652.7660170010117,2104.188251521596
10.244,1687.4143797942438,1780.8794392841053,1881.4215634109082
10.263,1709.4970196896295,1655.8249287819951,1865.172451816024
10.263,2293.8073437662233,1689.7239374628846,2246.154476842319
10.288,1997.895008466611,1603.1358110379401,2420.870370566552
10.288,1848.003490859423,1620.7528356719217,1855.5736731768113
10.307,1755.2216475905902,1426.9943460671436,1941.9472515365578
10.307,1826.66883694633,1415.610406706326,1764.6119571563693
10.328,1761.4446497378926,1111.6371836080946,2083.2906204864184
10.328,2222.814583872413,1687.4718070600334,1857.5956498105663
10.349,1861.3252966386283,1611.782736474672,1750.5747701417454
10.35,1741.89035004295,1394.9296988128733,1860.4580183059597
10.37,1810.017386109846,1548.9361677636352,1831.8683957642893
10.37,1739.8127680218595,1695.8508432445688,1632.2512034314325
10.391,2011.031995479554,1559.7098918139145,1759.3025879688275
10.391,1958.8365591768406,1467.0478433960498,2108.786915448426
10.414,1871.9396698561745,1427.635473879837,1901.2436941172818
10.414,1920.1006037269983,1852.2150938692487,1599.401097207568
10.415,1730.6729315062776,1513.4362169254364,2148.2511964326704
10.415,2119.2692079627636,1429.1485344939474,1873.6261757627512
10.434,1882.9529569038552,1734.8632528364606,1909.6017126091226
10.434,1888.9896633083576,1519.5333736415655,2060.0308546905103
10.454,1726.4538654697249,1464.20775828276,2158.2634882374587
10.454,2028.8615955387206,1579.8785607176603,1790.0689968780948
10.475,1970.966931071678,1210.833011432312,1622.1276183498712
10.475,1965.271162480365,1613.524132562377,1660.3484171172931
10.496,1583.4411300641088,1438.3675404668274,2197.269177999377
10.496,1848.5935419087798,1661.1459841907106,1673.3074088936846
10.516,1550.8073845968743,1842.833673214692,1730.0074382946684
10.516,1808.7791102877902,1592.225740073568,1797.7004702518968
10.537,1638.8453858791834,1350.2879650968414,1854.5580444549325
10.537,2144.600759811452,1410.604051837216,1822.1973510162936
10.56,2065.8798979397034,1639.1108107689352,2007.438515225571
10.56,1874.9801766199673,1437.6422665386847,1897.5843700231537
10.58,1919.075099474257,1718.2200743478072,2020.5221530770546
10.58,1960.958628103061,1339.3034941100966,2035.5671249057928
10.58,2125.1794223068423,1619.6571934012936,1722.3017675968458
10.581,1841.003692106852,1520.0973945571723,1957.0077556390127
10.601,2247.6270347611085,1486.7550664059822,1394.5570404942964
10.601,1540.3581697297914,1787.126722239557,1986.0809628279756
10.621,2072.290442006717,1571.7090854480784,2138.7826614917276
10.621,1906.4844008751152,1249.8628355772132,1613.5165705518964
10.643,1511.8975297864672,1327.2760014061935,1957.8460110951078
10.643,1844.346200828673,1678.375868846833,2113.1002527603086
10.663,2136.7662766469566,1583.692435189326,1519.0594544256303
10.663,1637.565017893341,1185.408271889371,1811.7754348324984
10.683,2052.2412217436076,1695.1860354821715,1904.3528866315175
10.683,1897.578597653829,1559.2153492059629,1759.8591501834753
10.706,1799.3952427325903,1882.633661714987,2118.93743257156
10.706,1864.8654478849107,1675.447042018185,1473.3776498975249
10.726,1880.601087990052,1542.3512993554646,1771.4115876691187
10.726,1876.7768187847387,1950.4130603976664,1824.9349457247126
10.747,1574.0362854929444,1399.0202417324742,1929.2023858162277
10.747,1753.3517610956278,1450.7557654836887,1847.3232967884933
10.748,1839.5058286515232,1631.5680851554016,1633.3860566209696
10.748,2013.211026656897,1482.1655740938102,1971.8765974790874
10.769,1563.8600900475524,1634.6704851249947,1691.481783047123
10.769,2022.2026317742846,1517.893006209498,1936.1572031829346
10.789,1701.2236910441259,1500.2817775080457,2046.5210078063237
10.789,1782.5126816690215,1634.3917111489252,1543.5780918065043
10.81,1921.2775557864372,1501.306967649846,2164.8078634428475
10.81,1790.3205851111857,1644.828600754097,1838.6426879216745
10.831,1711.8597453528448,1763.0673711085915,1984.9523619477527
10.832,2122.3151348835395,1412.6292973108705,1599.6135431525022
10.853,1966.6595925466177,1527.3243982041056,1509.9188286449032
10.853,1900.3127871415932,1426.741135847818,1454.1453714902993
10.875,2224.3975949646797,1522.7728842518825,1918.820485146606
10.875,1907.9198151356643,1716.374275671763,1794.0627932473558
10.895,2142.945591659706,1594.9495657199416,1800.4495471486339
10.895,1843.1218885002668,1478.9510999714535,1825.9254355199982
10.915,2069.7402085358217,1289.358928183582,2037.6896712816213
10.915,1689.269481275498,1594.6756762661887,2131.799508188086
10.915,2004.6657245553197,1388.889789230492,1991.378188018169
10.916,1993.7569143756386,1810.3031134163189,1701.9535473385702
10.936,1991.5694487197784,1618.6302268499098,2136.237575886526
10.936,1543.2093615192266,1457.0241154512023,1756.11149211868
10.956,2156.89212394039,1777.571549460648,1903.8248618022078
10.956,1784.0825109718348,1434.2228318084321,2003.0178342740694
10.977,1637.7840726511472,1733.3503999184834,1811.3111448336824
10.977,1617.0126011381076,1542.2533202395216,1960.2803669123696
10.998,2105.358327220568,1303.096176870562,1410.5630509174891
10.999,1700.0270387096323,1471.6594003112905,2190.558940193421
11.018,1916.7022949988846,1546.976943555194,1837.7975385147422
11.018,2019.8202202726507,1239.3240198262472,1559.2743440553454
11.04,2019.5101263723247,1518.373514534206,1800.3249603184538
11.04,2096.4044297688365,1721.9279533543981,2111.221604519469
11.06,1934.8579393904822,1565.567082099169,1719.1005869438354
11.06,1625.402677537892,1627.2149969185668,1773.959910184374
11.082,1815.5766328121533,1505.9016841354612,1866.9872929998141
11.082,1957.2370783606232,1465.8137918857008,1911.849308581372
11.082,1781.579157318196,1239.7174455302033,1783.3503189986418
11.082,1704.829548759772,1581.1417704354742,1818.6900370450844
11.103,2267.4636909406945,1532.4722889921313,1931.8924844562343
11.103,1850.9021034733069,1530.5616415659433,1864.9911027799506
11.123,1986.1650912287562,1511.6305141791474,1762.626184442456
11.124,2090.4689464778676,1502.5815926426326,1859.7137090845558
11.146,1760.0682433761663,1730.8401483167238,2079.3190803528387
11.146,2057.8241374653935,1544.4702689187845,1973.0924121006374
11.167,1753.366861604087,1573.4767128548792,1868.7466444702045
11.167,1545.9810314147949,1531.8769236026092,1925.4322222070975
11.188,1769.554313037931,1865.1821840155412,1612.1672375650542
11.188,2069.2029838914705,1305.9774874523864,1702.8257951540036
11.21,1720.3996621583879,1840.7696739776388,1706.2605827184207
11.21,1680.895736727124,1497.930053520146,1915.5415459887547
11.233,1996.8710401617238,1617.055627792224,1985.0475757604402
11.233,2060.74974773107,1277.4960266925987,1721.9770403571376
11.253,1831.676007994535,1487.952191607618,1680.630230140845
11.253,1751.5412659976555,1491.5635930262886,1526.5798559805924
11.254,2011.7830634133363,1765.085275024797,1483.6063474451944
11.254,1870.8509361229414,1502.1810784976178,1886.5638072976055
11.275,2054.9855236665117,1431.816637025676,1833.2238932492992
11.275,1740.7081438458358,1434.389552668011,1817.739011352447
11.296,2091.577522412779,1663.6326442811496,1508.0910976206687
11.296,1776.3018579344446,1264.5693275615515,2076.8530816584675
11.318,1718.7467401906067,1639.0127980304665,1665.8843111744736
11.318,1995.261145504388,1801.1062352331483,1862.122485383392
11.338,2209.7514063402873,1599.5330193701525,2338.279534094421
11.338,1720.1293011744851,1565.4625522633526,1993.125683551135
11.36,1796.7219264716343,1429.0636274950082,1942.5357076902649
11.36,2280.2035704244295,2066.3144400612246,1982.5133028960877
11.382,1836.8514687976121,1753.6615670354427,1515.6176298297091
11.382,1944.833731696662,1719.7787663773984,1871.9890474561155
11.401,2161.2343883117396,1545.277908698664,2088.8111759961002
11.401,1974.7382856513818,1589.3325082439635,2052.4660217451888
11.422,2241.0211327602947,1525.334232508275,1820.0956131204048
11.422,1857.5314290590209,1527.9060949512373,1675.088612517095
11.422,1881.206869706704,1162.3897260000842,1899.4297459233967
11.422,2068.195871930922,1413.3626645019622,1932.8210933223158
11.443,2018.223397611478,1553.8179468132846,1659.680926398201
11.443,2241.490831793485,1671.35557646511,1801.4996428839447
11.463,1839.999528823972,1717.657609765256,1893.744952034631
11.463,1963.7983850603232,1683.640505219832,2208.4509850395234
11.484,1957.0158887782773,1321.5196060325868,1542.0379586198142
11.484,1791.7956326367416,1593.783103415587,1867.6745186064072
11.504,1539.9312241545426,1571.1216239776377,2024.6401614607485
11.504,1736.601218127487,1535.5550987976123,2045.5782594879893
11.524,2082.15962424555,1497.245315574964,2185.9642729434636
11.524,1933.4859845094645,1292.5143263481668,1851.4223836578262
11.547,1654.030894727813,1748.0449042263936,1691.3041681606683
11.547,1670.711580899504,1642.2391659319935,1706.843542073293
11.568,2026.5259862031357,1644.058635747956,2103.8665053454956
11.568,1799.4003411177466,1403.5347536260479,1521.8378862808922
11.588,1718.4682042670966,1821.4673642887867,1735.0722358304652
11.588,1717.5497094142177,1656.4586492381154,1824.6631354551757
11.589,1944.8799664666792,1675.0044746565086,1863.6566359626006
11.589,1595.0496191140364,1609.8446904031546,2127.3667290341127
11.61,1981.0835437778096,1827.6852418490673,1737.3830873911447
11.61,1947.6443624358626,1012.0245309552491,1774.7343294634766
11.63,1929.7127908683585,1690.9991012344174,1701.3230621520706
11.631,1835.7442585659644,1246.5626182635815,1891.3971194669448
11.651,1773.8473294874088,1543.4076611221803,1835.4280200359096
11.652,1842.692696207823,1634.522921041182,1747.9550362086923
11.693,1942.7456055732878,1520.837292681105,1919.303258775185
11.693,1830.6157262976242,1485.878467586416,1866.8344292232825
11.693,1857.6432704217677,1841.553558631497,1970.2219393788482
11.693,1990.2655505702944,1570.069227763885,2023.3379529476772
11.715,1865.4154956679452,1581.7671875625008,1993.3435899788121
11.715,1690.6826153361349,1275.540814778696,1456.5174185399853
11.734,1761.248581422417,1472.181367808349,1880.4970100715743
11.734,2006.794210778818,1586.426543644006,1816.9275159098788
11.754,1724.8132786054682,1492.8208358645945,1793.6835598890902
11.754,1759.9260714317484,1741.5673507077115,1633.833334889551
11.754,2029.9719369587392,1341.5230598168962,1759.4217586931336
11.754,2178.641450808508,1540.679709298546,1661.680872717524
11.775,1898.6210826420488,1357.6698663238064,2156.537156455743
11.775,1946.2222241669167,1654.2741381902017,1899.104426412425
11.796,2048.1237703488923,1549.9899055669657,1982.0816371340595
11.796,1800.205923016535,1501.868398850114,1372.309006296718
11.817,2015.1919430860464,1555.7690318176192,1908.9312450424095
11.818,2169.9080993050775,1588.134362568401,1926.845573753262
11.84,1771.8957296750825,1675.3646440536884,1874.972990277788
11.84,2160.4905479174977,1819.6575078736898,1713.768413410123
11.86,2163.9886435224307,1643.2055675720844,1592.6114902661848
11.86,1536.128418785051,1327.7603448783136,1700.2818526188798
11.882,2161.83372183959,1864.9847058603473,2146.658283702787
11.882,1923.4123435503502,1406.7057041510775,1711.7482501499264
11.903,2048.937742866369,1698.9977958292736,1904.9961621757463
11.903,2005.913861615694,1548.432875618731,1898.5821376027939
11.922,2125.6024226052828,1524.8278927583144,1850.9912275655372
11.922,1961.1002509846596,1571.7263162088639,1653.976369462437
11.922,1625.8041332802095,1270.1454897002445,2066.971510833785
11.923,2031.1988341595986,1732.924002131091,1814.327613850518
11.942,2121.2876959474643,1454.977310704198,2019.7047184366218
11.943,1831.8772143769713,1428.7512771219676,2060.870690362477
11.963,1576.975917952792,1329.3129130300917,1799.9971063970268
11.963,1951.8350603709814,1371.744235448969,1735.1048027819206
11.975,1918.155799150916,1522.0869993307313,1631.2607088135828
11.975,1906.114849811683,1151.4218540409872,1486.4988843421506
11.997,1691.0195227816098,1430.3857361650419,1678.9893397751828
11.997,1890.0505500549289,1658.6706920280208,2059.733562837209
12.016,1589.6930935424848,1330.9062166417223,2019.1424705376087
12.016,1579.5548430970819,1426.9245058187173,2020.0935866974628
12.036,1634.8478805029033,1281.0634009381429,1816.638549221068
12.036,1987.5232007973448,1600.6210891011335,1801.9006124198934
12.057,1875.2021907390174,1657.930532990657,1697.1386549888296
12.057,2092.769564105392,1418.7420642396205,1749.3751595296544
12.077,1814.0659739307575,1581.8644706913649,1999.6179041386035
12.077,1705.8377235281896,1623.385122764425,1997.3447543118195
12.078,2207.6664838366482,1436.8851456266943,1735.9296312520669
12.078,1941.743667441248,1801.0179198997935,1990.0744468640291
12.1,1997.543021072938,1371.8042139617728,1905.345263188374
12.1,2133.803382094402,1597.9761827603013,1929.0955983706285
12.118,2071.0795824835322,1662.331536364068,1598.2279963716464
12.118,2408.68429838367,1252.769740509161,1758.7259183624915
12.139,2108.4183280560574,1278.0382387068998,1985.0977794769303
12.139,1774.667766790053,1648.547310972956,1717.899784896334
12.159,1749.6454306452888,1587.57827530179,1680.6407532439516
12.159,1871.3248285099803,1476.9621588407958,1750.6625526600621
12.18,2033.620176465484,1636.2558540268906,1881.8753632698804
12.18,1664.926026359319,1400.6288427188124,1919.5298153770461
12.202,2157.2035866908523,1478.1226182336688,1837.3625937303384
12.202,1680.6553327868535,1445.7186414972743,1727.39926445716
12.223,2136.5910746984405,1546.438152508638,1828.262586401447
12.223,2099.1136880720314,1716.6592273879157,1906.2378901177183
12.243,2110.7355795720728,1559.434682860074,1952.5020438396214
12.243,2021.0555471142548,1513.1334299572197,2235.8758548197366
12.244,1644.1144638228097,1692.7057847062283,1919.6526304839733
12.244,2259.8479005578315,1596.8404603831245,1897.2415765325186
12.265,1875.483963221324,1720.3739198276141,1893.2505835645513
12.265,2320.97344068584,1519.7605517972843,1732.4095746389537
12.284,1757.5325785185332,1532.1559963199793,1972.6886135115037
12.285,2152.048744949464,1575.2039451234148,1818.6770084709717
12.305,1924.5878428386757,1407.3249607823905,2020.9205554058794
12.305,1917.316978357533,1304.159262827821,1913.480741583447
12.325,2060.380432627553,1541.383711484555,1629.0680168286133
12.325,2085.678826314901,1750.9835681955947,1712.9346433699652
12.346,1888.7286730988815,1698.7159871844758,1725.9751283651624
12.346,1782.8583428137529,1609.3407141224764,1776.3704077507625
12.368,1603.9778286835874,1488.740214646255,1874.6231510493267
12.368,2213.1995070816074,1298.7445955321282,2182.608470883987
12.389,1784.074602807524,1862.0553900386428,1757.3043789869969
12.389,1915.0141125298012,1519.0368260588843,2010.125859272734
12.41,2004.80317321019,1481.8708723130603,1688.1345273762427
12.411,1800.2307834861158,1621.833491492051,1637.678243839118
12.411,1722.1681134303992,1628.7099460750476,1623.7890065441836
12.411,1835.9577075279556,1436.5276840138258,1523.1126806024993
12.433,2076.485535471968,1647.9331906252082,1715.5066446193282
12.433,1871.8503561804207,1270.9057737811672,2137.5081805985965
12.454,1908.2247660816092,1357.673847272401,1452.2393749060745
12.454,2219.458993171694,1395.3084162654288,2057.9349453722525
12.476,1787.861554235676,1459.1758735700732,2075.6633930638536
12.476,1930.0731021744925,1656.4162756654073,1838.7275914672023
12.495,2009.2878926979793,1524.516514177316,1764.1319839567204
12.495,2158.192146520878,1727.9112878424135,2056.1722659804104
12.537,1948.6723807970125,1246.3996250002845,2218.691724135149
12.537,2504.8798753846836,1708.417803264466,2096.2488076817563
12.537,2008.5017841749648,1608.4826373079102,1980.3703274452014
12.537,2250.200975218166,1185.2850321207102,1697.1163086280521
12.558,2035.3686502195392,1544.5101201295374,2095.8520157217404
12.558,1875.6229287011042,1627.2720483381438,1825.9519890618603
12.578,2110.278863176383,1449.4386755833657,1837.078481784662
12.578,1745.4789835259978,1466.469254418844,1947.853103171257
12.578,1999.1853241926303,1787.6702412393176,1606.4900128535087
12.578,1830.1821424059483,1597.5680223940449,2059.490512379057
12.601,1823.502211517223,1590.1153305165724,1705.6634310580914
12.601,1833.8810121293404,1665.8023013418447,1849.058146924487
12.622,1649.900564628212,1580.496988338014,1478.5548967302393
12.622,1729.9980896558106,1287.8862629674807,2110.379835761484
12.644,1724.7618324832881,1542.9458856342592,1759.8257929211177
12.644,1903.6305766076673,1655.3098109811147,1996.46365731893
12.664,1931.0608056031533,1717.6616608558559,1998.4133394605187
12.664,1732.8818118883519,1314.220062300325,2115.0306834122725
12.684,1861.860602431592,1386.663653690288,1999.5608326136967
12.684,1952.5435641128452,1726.39998108777,1972.3921789140456
12.706,1770.318888829103,1605.9644711359267,1832.272221832691
12.706,1834.6300508105337,1704.7370651115416,1698.4235566833322
12.727,1730.649286136879,1574.5432190830848,1663.4933730390921
12.727,1953.913003843314,1579.7295537244038,2123.6587742046545
12.747,1856.8798964869086,1682.5881108145295,1723.74101432677
12.747,1804.00752646788,1195.6524438270749,1490.3171314958172
12.747,2021.494606232774,1437.4973665667417,1747.846777463805
12.747,1700.4200687005236,1450.7220455405966,1884.5583445151397
12.768,1737.3871859798373,1694.3593707052103,1872.1702207773317
12.768,1999.800187537591,1518.8517493484546,2008.4093554627561
12.788,2501.4358762653487,1399.1655539995024,2050.445176444531
12.788,1703.0563209925872,1396.4178506811436,1798.1920002600505
12.81,1960.3760074159466,1423.7063271555949,2150.0737060481133
12.81,1729.9428450061835,1059.7317775854106,2092.933041256118
12.829,1689.5715639626637,1799.4447845445682,1577.5685325509323
12.829,2056.648268706307,1279.2439198802992,1973.8259081618096
12.852,1692.7369122880655,1507.2355625045398,1610.9279767477356
12.852,1976.9168752315513,1812.062682378436,1774.2713609976972
12.871,2144.7225327748856,1496.8618591178906,1828.9057899097565
12.871,1911.425299035337,1578.2628848304591,1731.124654513682
12.892,2234.9440743606965,1653.0918486385153,1686.2104281133225
12.892,1737.6401502643023,1486.1730861511821,2018.748208031789
12.913,1951.900105054233,1184.6631527555774,1884.2770514397307
12.913,1904.1089432877147,1437.1168297520128,1525.921759849331
12.913,1853.7447515063511,1568.398445947315,2020.923073833296
12.913,1606.3348474710876,1331.4064438864684,2050.824862230502
12.934,1775.6073354064947,1341.7465598526599,2020.7463639820173
12.934,2068.1105206374514,1189.4041530303462,1888.5175211436533
12.955,2147.4295470874404,1722.03800492055,1697.432489973017
12.955,1691.122180231614,1488.5307438770571,1908.5795503490951
12.977,1661.8514753604031,1770.993656297412,2047.5837964111186
12.977,1564.7491269378552,1598.3683567842536,1906.8781662893975
13.021,1918.2411400121744,1625.910510749371,1801.6692151363566
13.021,1734.0041223165906,1450.5856858254444,2097.7735206551074
13.021,2105.9793059285225,1525.1270665700747,1548.2584087284963
13.021,1895.200475699571,1545.7923864951924,1785.1339940754142
13.041,2076.771417297829,1427.1941345427604,1943.9366935921457
13.041,1890.953997873619,1564.298152454484,1911.4730642669906
13.064,1768.0362735421843,1421.8815206017591,2009.0260728224853
13.064,1842.0448994559138,1389.4474376305654,1748.436732233946
13.084,1956.0909994267524,1776.8158111455164,1586.1016208857675
13.084,1793.221286204361,1309.262333705012,1923.7390424669647
13.085,1922.6370664336462,1614.394491660298,1844.1228196845718
13.085,2036.0505105412635,1355.5049294117948,1977.7810851845843
13.106,1699.4406853149135,1475.8693594019792,1679.6959854899853
13.106,1747.146169380155,1583.2166525387881,1921.9155893271923
13.126,1894.279322478524,1415.4552122866778,1740.3526440698065
13.126,1941.9668929170819,1740.3055823788836,1875.2510088616891
13.147,1625.1429434784877,1487.723106102104,2194.2324753980097
13.147,1656.8377598910738,1590.5632189766077,1752.8621361063801
13.168,2182.100054267556,1385.263258471161,1734.362615527534
13.168,1619.5977278385913,1538.8284153102268,2167.072781100912
13.189,1864.787932151859,1519.7760487281769,1796.7594536102465
13.19,1684.8357943695892,1553.834439227072,1643.1362544427461
13.208,1848.639095478968,1449.2951998567007,1794.9706485895213
13.208,1858.174092840224,1683.9941506988835,1785.7972548176385
13.23,1934.9891178807538,1866.966215429845,2043.5593098380741
13.23,1892.4386820348564,1224.4758258558943,1809.2939798884222
13.251,1648.678976718279,1815.5385076084206,1880.689577204726
13.251,2196.0846095028273,1791.4383516359183,1900.7888245017946
13.252,1813.201700030838,1707.7391551406695,1932.8353305127644
13.252,1994.8147127656657,1310.1080932141058,1911.1035451979697
13.273,1577.1905897363908,1818.6929855917635,1924.9843197765776
13.273,2168.3671802198314,1679.3263475613192,1760.5100474814562
13.294,1708.7349822589197,1367.7581128493064,1985.4760676311043
13.294,1690.4251464634026,1647.7295083086008,1982.393439176587
13.316,1518.4038160924547,2053.8836927860334,2024.681580940739
13.316,2046.9510922171442,1427.4046564742805,1719.5560421906548
13.337,2056.5644522291013,1548.6564385143788,1970.56026671504
13.337,1879.7295280478754,1369.547132399311,2114.46215303962
13.357,1797.4175317166278,1550.2362563294043,1856.3634418710972
13.357,1968.4841662734693,1269.3763238490014,1600.2177288214218
13.377,1979.1558868984287,1267.8637918441989,1862.1312413269266
13.377,1788.529637947802,1480.607865624052,1843.3402670349574
13.399,2225.8156868897718,1360.5864389149433,1988.8722543051144
13.4,1571.4108659120361,1261.861417016533,1757.330871922218
13.418,1673.0892303853364,1500.5523039659508,1762.3765778366894
13.418,1635.365342470518,1332.4038205200536,1684.094210777291
13.419,2174.861547238364,1579.6602136730878,1937.9472326297098
13.419,2211.121693454745,1385.2493234897067,1771.88087374517
13.439,1972.2971163521956,1583.6462480441935,1938.2815589888296
13.439,1980.3384841588838,1249.4246102630343,1990.3500207807722
13.461,1735.0234017396597,1413.6171620661605,2107.4220334424467
13.461,1809.1475119339798,1535.788867264096,1452.9097761177688
13.481,2068.8787208931067,1503.4751377726877,1658.0648888223404
13.481,2007.7167150812863,1653.3066558479857,1774.2173055262122
13.5,1629.9725184067495,1717.3239211102946,1872.4704827257542
13.5,1842.2729195276543,1438.9323292964593,1717.837982750424
13.522,2153.160862135575,1670.8901742557368,1896.6828814290873
13.523,1872.9842221216566,1823.1125586861663,1774.81181333557
13.542,1746.8460515345378,1602.1182453717129,1871.649603132334
13.542,2136.1409693972114,1580.953854536661,1668.2510789831729
13.562,1865.1957725662871,1650.7285005086183,2044.9824884408476
13.562,1668.5918989495203,1411.587025167035,2239.9770776995774
13.585,2034.9030003426028,1494.397893338769,1912.6772447985534
13.585,1805.1762034876306,1573.6707874586232,1487.7094088641356
13.585,1795.6302562211297,1728.5648288712105,1503.9448136940516
13.585,2144.327019296848,1549.7872467077584,1716.144783125093
13.603,1548.399862429442,1326.086911398847,2104.0459124138933
13.603,2413.147083467646,1494.9771504540113,1841.9436803071442
13.624,1826.5158482453046,1643.5335809737294,1607.2072077116238
13.624,1979.3871938552647,1691.1331110504734,1581.7674315906536
13.644,1834.3412493242054,1558.6339104701365,1814.292727919161
13.644,2116.163662227329,1610.408837498747,1838.701076950641
13.664,1963.446181224544,1499.7081208321313,1877.0434309418551
13.664,2092.1799148127643,1646.7449052821742,2124.715081083804
13.685,1893.9849678049898,1708.2791179980695,1668.9680443854004
13.686,1625.208734464399,1573.907164709883,2088.463923397689
13.706,1936.3182206314225,1396.9015967102775,1875.3133675568383
13.706,1600.7719069334157,1768.2210314847,1766.4193057577822
13.726,1881.97018981392,1718.4880730082493,2021.867803014112
13.726,1969.5633039982333,1904.518873154342,1740.0124968454465
13.749,1571.3810918958866,1633.0905697691906,1914.1305281645723
13.749,1932.651781715521,1576.6456593935043,1696.1967623377086
13.749,2079.9763065182333,1286.5919366411745,1707.7690488218163
13.749,2271.760500577992,1472.8389664146432,1687.495953413504
13.768,1913.4997343499194,1660.2640317140417,1704.344377799782
13.768,1958.1971270332147,1873.1595527279737,1687.452379371933
13.789,1581.123328157877,1754.3052895501203,1800.8991399201507
13.789,1828.8680873783396,1251.081070829505,1613.8804697661922
13.809,1862.8787685566645,1727.503392299012,1745.3353615278272
13.809,1950.5819472411542,1541.7815249242774,2034.1451369755027
13.83,1895.7540187415327,1621.6068732851923,1792.2027852815586
13.83,2294.182142887675,1300.9982343756674,2027.853601021898
13.851,2213.63406346258,1599.0421983328426,2003.4700231750564
13.851,1569.9785985206845,1317.8113018388858,1862.5379734541277
13.871,1771.0760943527482,1475.844166658993,1979.1612826003845
13.871,1999.0233329186076,1611.8253597978742,1961.7249089901702
13.892,1829.223779030831,1631.6844827449029,1762.1168596618352
13.892,1638.274594204705,1513.6396827214044,1724.110243780143
13.914,2141.581550652253,1549.4285372025888,1877.5381744819902
13.914,1834.813500662748,1539.82393219176,1827.6218079677449
13.914,1774.0636409149915,1117.2952496886548,1896.4547039538613
13.914,1848.13434206964,1575.7883023148922,1787.7442563244094
13.935,1827.7109572634154,1813.556667321519,1446.202182285442
13.935,2448.799042726966,1677.2181644376892,2182.1074552303107
13.955,1838.861129852067,1618.5074214666065,1791.4400933171567
13.955,2046.5518634364141,1404.912526568642,1771.0000425870494
13.977,1916.745994123407,1624.624513264872,1609.2380342270883
13.977,2126.559560756985,1644.3012171410135,1842.2141590721963
13.998,1753.4022704441281,1590.4400779058317,2129.1788133663663
13.998,1770.5677164668505,1629.9230355193695,1868.9560767012224
14.018,1926.4710550283496,1345.6999532573473,1706.725321631315
14.018,1842.338432616519,1722.8626076093035,1753.7384108541437
14.04,2185.420222439784,1433.5129621195695,2133.3530406087525
14.04,1797.5445254336673,1337.106782016676,1839.9519431088609
14.06,1798.6911869954904,1538.1266040541245,1854.9660435084922
14.06,1693.6789101618938,1576.3034352435027,2153.675286318996
14.081,1745.00965441277,1694.733031487361,1982.744894785965
14.081,1800.6388125946555,1738.5553949689108,1855.5774075439026
14.082,1830.391789510799,1583.4342912386296,1469.138021186825
14.082,2028.9239602674643,1386.912698987885,2017.0702691212462
14.103,2201.7643759378057,1341.7208804545844,1969.3450370786118
14.103,2214.574619633722,1626.690383261115,1803.0482822139763
14.124,1722.8669654678415,1705.9358802252877,1802.2258515651863
14.124,1961.5260601034238,1474.7312577638238,1811.1304350078983
14.144,1984.689403292574,1710.4574213454957,1790.0747321303654
14.144,1627.8359998783083,1910.4907578038324,2019.734662530555
14.164,1849.9896549503785,1619.2797986901392,1851.1447590459754
14.164,1780.0647647077662,1285.2178030939915,1913.590482774221
14.184,1539.7418036527204,1616.9758164116067,2054.1121922112684
14.184,1900.6667696562838,1614.301503061172,1663.6988159268187
14.205,1681.1025934827037,1488.1411918766714,1864.3107583029646
14.205,2243.485808911861,1540.5227351147644,1541.6158720581684
14.247,1668.263206074509,1457.994614607174,1804.8696186779114
14.247,1743.6503766976477,1470.9475670848594,2128.907021374998
14.247,2175.8541130375656,1332.8291265038422,2217.4010226232076
14.248,1920.0069736878434,1778.5505794349233,1909.118160900416
14.248,1781.2813042608611,1595.2324616458573,1854.6212041190793
14.248,1914.9108211348855,1398.7508627011002,1884.1661252591166
14.269,2061.1316683339346,1813.2591668407854,1787.9606284693014
14.269,1877.1023321997566,1716.2682934352847,1913.6979023095253
14.288,1965.1861834909425,1674.6331314733477,2101.0728178641366
14.288,1703.560597680429,1522.0335602664234,2057.4447338375185
14.309,1546.6287189448844,1854.007882516608,1675.5910508533275
14.309,1948.0678881049264,1572.2743583707158,1643.518124741548
14.329,1551.32553465531,1532.3605131937197,1852.127340723358
14.329,1944.9340072035793,1300.2510339646028,1661.379233798139
14.35,2042.2744407717728,1286.89152340816,1746.031181191248
14.35,2259.9755799544114,1702.598885282053,1953.434017035024
14.371,1865.2311093131825,1389.6997639928388,1653.5923250867625
14.371,1974.562375592042,1736.0562967167298,2130.743184342714
14.392,1558.3286237688296,1629.8470646492947,2042.7918253832706
14.392,1893.47540799296,1705.281672007197,1911.2012180416716
14.433,1896.656844270195,1573.0572708230286,1953.6369337303374
14.433,1501.5383871589886,1560.1654091077596,1665.907730331613
14.433,1991.45898530132,1189.838384541284,1742.9944365135343
14.433,1813.3825768128052,1463.883932544181,1671.926632946103
14.434,1564.182217282756,1582.7186427257695,1967.5319381885597
14.434,2348.564623049561,1461.8157832717757,1920.9942744812668
14.454,1763.009265316334,1743.3875046876979,1883.9282956723287
14.454,1834.1008582751515,1975.3078989609003,2226.1777834241548
14.474,2180.1672771574104,1689.782686768025,1710.2810803875595
14.475,2119.6215558721187,1495.9183462364392,2165.7920693460796
14.495,1820.0353595899003,1373.5113718963921,1848.27340706896
14.495,2372.9470357951823,1348.0423185830878,1432.9731971401939
14.515,2167.1050425156754,1625.6350830068588,1720.6755424062083
14.516,1871.2050576098136,1324.9184102722988,1940.7382411615442
14.557,1673.876559306684,1662.426066711495,2059.363444103087
14.557,2024.2341682373037,1933.6616926060892,1941.4864973826902
14.557,2020.4110020207431,1279.296669110135,1991.0940251508366
14.557,2072.038654301856,1420.5865769831976,2400.139360910024
14.577,1713.764295613495,1463.413495789907,1546.3854326644725
14.577,1996.608213453935,1550.1224804632393,1774.8676666566305
14.577,1589.6200169823128,1655.9490291152622,1905.90333407371
14.577,2035.0779233763426,1649.4089883977424,1833.8224529360893
14.598,1801.6720354361144,1718.4412865894,1813.439020832855
14.598,2038.074386083791,1572.9812051517076,1619.644394850915
14.619,1788.02527678259,1293.2469205874288,1754.782841878822
14.619,2001.1077564315028,1837.3152516505952,1825.1613508590426
14.639,1683.9236438784667,1815.6598431088423,1615.6970834251258
14.639,2173.371243268244,1750.0468451907852,1998.060170933001
14.66,2026.304730952419,1300.514871200542,1672.947303828296
14.661,2193.8798122265757,1485.796583568052,1873.8154188174603
14.681,2269.071024355003,1324.9048523677222,1651.9831293712055
14.681,1983.5868025321174,1552.7800841328801,1758.4974841895623
14.703,1866.4251736109507,1753.8938388563265,1933.9738933270455
14.703,2142.8989661701653,1448.7779906034839,1956.8571785139577
14.723,1737.4084176615718,1366.34513143265,1706.9016596490867
14.723,1912.5565245068483,1170.9931461817,1841.4478569368255
14.743,1691.964718154876,1422.9707965664466,1780.0338515335045
14.743,1892.7461572293223,1611.424927635946,1891.009010062952
14.743,2265.2247253014857,1555.5846405987138,1910.6494882520067
14.743,1920.1929498181833,1197.0184994491326,1965.8231439086198
14.764,1922.5061101598506,1648.8963083145536,1558.071731047888
14.764,2162.5089719157218,1399.5774356467555,2143.6803913176386
14.784,1738.317877341806,1723.1233575213257,1893.7514636049928
14.784,1938.6646272260894,1731.2994370447648,2082.040585870401
14.804,1601.752936711697,1558.234301756871,1750.723816536012
14.804,2208.3466410084648,1843.1310069654137,1614.5660166168175
14.826,2133.0379465915557,1528.8770317391973,2040.7291660278238
14.826,1989.2857921981163,1369.2446734671355,1818.1954536417838
14.847,2019.3525790533442,1383.0734121471314,1599.1168409854124
14.847,1990.9734866745084,1560.0338954623867,1960.12276773623
14.869,1967.2952895677274,1754.8989256609757,1921.0612391673124
14.869,1939.6311116048857,1667.2981911005631,1872.3132154819023
14.889,1891.073336042058,1617.827022592653,1980.3319964917887
14.889,1606.6961748637898,1543.316136778362,2300.3120375582007
14.909,1868.6101616389308,1665.7111545995363,1805.8890797868105
14.909,1985.7855969861857,1722.4791680130375,1905.7610563468043
14.909,1676.9734804202108,1351.724279279337,1770.4538257257113
14.909,1818.7290449969933,1233.2820936466217,2073.778093691003
14.931,1713.6206348465541,1768.1056491976997,1540.8043304481744
14.931,2166.1309143936596,1512.3169870929478,1927.8003565866507
14.951,1902.2285690709364,1834.0499272777301,1892.9534639565643
14.951,2024.5296151756377,1485.3657472831765,1555.4853960050573
14.971,2234.032684323797,1476.7109289462876,1776.4997620729096
14.971,2134.8874550595565,1637.7106407980782,2204.2712328049734
15.01,1937.5200666872327,1410.2801642050858,1842.2934208649008
15.01,1678.5906442860585,1425.9483858455212,1729.9150022016527
15.01,1718.1370929967711,1740.111713909805,1964.218813165556
15.01,1771.3074294763262,1364.4573625256166,1865.4093966519515
15.028,1910.1758961179876,1683.6753656109543,1973.486322103361
15.028,1484.4999512388702,1447.0040124958193,2020.8023619769585
15.049,1805.5934428274495,1572.5138837922416,1965.7277793562448
15.049,1944.2765211860901,1587.6685694276152,2099.916550969112
15.07,1887.3700700901666,1452.6892903051948,1737.872338263899
15.07,1698.563664759366,1639.9143721115329,1836.997064281398
15.071,1698.1237391965099,1415.9685013827066,2005.1920840684472
15.071,2080.10793651904,1542.7709717368173,1863.9598528958613
15.091,2138.97149209022,1806.9705138954614,1973.602495823695
15.091,1757.9289524957303,1392.4755757626924,1933.2753846588487
15.112,1880.291337681815,1899.0335806014818,1846.2909941691544
15.112,1851.0735317735648,1466.8958087830088,2105.291778964613
15.133,1653.9292678452698,1147.7152446887844,1494.52937642124
15.133,2028.0019129400384,1411.0052126745156,1983.4531032930586
15.153,2007.5813783272943,1619.5981775005207,1833.763810770875
15.153,1343.2176341074073,1786.8249746460956,1321.5196044260415
15.198,1984.4665412481697,1605.16677586464,1882.4695034652054
15.198,1845.0219081110354,1592.3627094874091,1823.8842019380118
15.198,1952.7635816992504,1363.117746222253,1835.0979691786422
15.198,1954.3737311989205,1750.6957997747008,1792.5603618798568
15.217,1686.5700295486783,1415.3069188184734,1859.967412434628
15.217,2034.5660174741174,1518.396810266066,1805.4070049448949
15.237,2090.6286402820165,1772.4189230459126,1626.2829280115814
15.237,1617.4806917788842,1618.352761457238,2207.906598193215
15.237,1674.0520539001332,1472.6275135041503,2102.73212552215
15.237,2382.8469880519283,1337.3085266994508,1887.3024358876212
15.28,1754.3263131809113,1449.6453649109885,1932.5755758190294
15.28,2318.668130115133,1794.537638731791,1847.8069113534298
15.281,1973.9844616418122,1628.1240499139515,1824.0185481385115
15.281,1853.685931238323,1633.2662986692567,2016.6064025055528
15.3,1637.5290948075906,1618.408646763308,1771.1003984574436
15.3,2153.3967703668227,1741.5497480876165,2079.213974660108
15.345,2090.578900855753,1669.3343932619682,2031.246871910876
15.345,2124.9850583582643,1287.0866150447182,1684.1731412027054
15.345,2073.7517715222707,1250.5998763818873,1629.3627186919318
15.345,1932.2902279407283,1444.1904909932732,1623.2998652719918
15.363,1889.257498722684,1461.139849919958,1986.5942804897652
15.363,2030.8240314019058,1683.727362678058,1998.782508615295
15.383,1954.4444009817307,1482.8092889945578,1750.6644454842672
15.383,1924.359083101321,1347.8742018260473,2132.323077297959
15.403,1859.3698757602633,1594.54361220506,1794.8722971306777
15.403,1824.3253412334059,1431.3616539403909,2068.804880328844
15.404,1692.7895685481976,1401.6052080204695,1740.4446495517896
15.404,1833.5486339521517,1608.0989303897964,1677.4233623378454
15.423,1591.1468991984182,1563.6157928751682,2108.7760840851874
15.423,1648.957700529872,1465.4603858898195,1589.5792430461381
15.445,1980.7988410731884,1421.6145728427334,2094.910440953631
15.445,2154.4082154963867,1589.6857337737033,1793.376072705434
15.465,1852.7660737942742,1660.4440276318537,1804.3985278325188
15.465,1764.7586662868518,1606.0419351283465,1586.0176766509533
15.487,1900.6862282600564,1397.1241510514712,1907.7671066841165
15.487,1886.3100533174677,1578.9866643750688,1834.8452771465118
15.509,1890.4377490148884,1561.0509151764927,1538.793658232793
15.509,1682.0664878968776,1591.7203878116468,1747.8318905624012
15.529,1753.59837723017,1535.4705913491555,1673.759149830709
15.529,2073.2982541278025,1330.3751143575837,1725.8883287786384
15.548,1906.414191671428,1915.1713906977643,1622.087277588633
15.549,2207.788985557418,1542.085750901234,1885.1809914682808
15.57,1659.7883043069803,1680.724661913507,1785.3898901166422
15.57,2013.0937908082772,1611.5401292214608,2360.7245924939707
15.57,1885.7505885885323,1280.243540003244,2068.038441105985
15.57,2126.9862585536634,1489.9696283220655,1790.935530428429
15.594,1841.4036117948635,1734.6748571401852,1759.9611240749518
15.594,2047.3191852370205,1653.3465822125481,1915.0330563994648
15.614,2126.5119420052633,1763.5755047805092,1601.4780482710335
15.614,1952.4468904813928,1405.0937162975295,1984.8420871146725
15.636,2040.130687958507,1405.1766025030665,1740.236276458462
15.636,2274.279860180863,1453.7035470412816,2188.1298966168665
15.655,1883.4277596064287,1633.2175104608107,2033.4209256053634
15.655,2004.1644079383896,1648.6843076702917,1960.3502237208759
15.677,1818.5155736784698,1708.6907981951517,1689.3345259524958
15.677,1662.1147548158592,1660.1145517919076,1923.214789996556
15.697,1474.7011157479706,1401.2789821096706,2094.0848715131365
15.697,1758.2073140127195,1822.8333250470746,1905.635492579127
15.718,1713.9420973365475,1628.068935067019,1666.950229511161
15.718,1987.5435066921914,1687.988687980503,1801.8690863539673
15.738,1768.965621694074,1296.1419488584866,1929.8358180928544
15.738,1715.277549072413,1556.3986471630312,1634.1448460029974
15.739,1712.7258679579688,1303.9719438485279,1592.6588006974703
15.739,2269.732821616751,1436.7642885305104,1766.5103169455049
15.758,2145.302368108383,1519.5491635595229,1845.3313406662755
15.758,1620.0985446259365,1472.4096563447763,1800.9722763423063
15.778,1951.0179582642809,1453.279396811646,1618.2918589765056
15.778,2017.6353685349825,1608.2408249531445,1762.7810194741758
15.798,1683.3888791736124,1698.8013907292066,1594.3073938189148
15.798,1725.4372337891261,1540.1184623613412,2015.376824673581
15.82,2023.4013276570079,1487.0981889697664,1696.0591496978154
15.82,1768.2953366592917,1568.7409739946904,1867.1035145581127
15.842,1933.3879907246164,1654.5506670956484,1906.0282738971043
15.842,1721.3023078988983,1264.6553787049922,1841.7488045741882
15.862,2350.7995761371885,1613.352689886355,1997.76154187759
15.862,1732.680901076935,1470.1994308884719,1961.95046477288
15.883,1828.4205959903966,1549.2995509399973,1886.2876545606186
15.883,1932.3247835453074,1723.6543301947236,1690.2653149974042
15.904,1790.9731076682274,1713.5143357259988,1754.0909293371155
15.904,1504.0758032486242,1532.0370875856795,1580.5220337191793
15.904,1970.1229234205352,1506.323768179586,2092.276625810494
15.904,1675.7194264553145,1560.0286700364138,2176.7776742482138
15.925,1765.7071215317092,1545.8825549368175,1745.2387611631357
15.925,2006.323581889235,1542.5861434526255,1602.1635765487854
15.947,2039.6462302590637,1520.7519767903314,2183.4861844898364
15.947,1607.3713045415382,1766.3427630137037,1880.2960028642208
15.967,1853.9102490377957,1305.802895382662,1926.605440998456
15.967,1932.292942143661,1769.7077236529085,1949.9607954646613
15.987,1542.141995926473,1560.6771404717629,1906.5041217587443
15.987,1772.5995316696558,1726.9792492414301,2109.9234316476313
16.01,1657.7408931601833,1236.1519291877037,1784.919571826581
16.01,1869.2012635978735,1767.9868960280928,1908.5470731070777
16.029,1869.3893478430684,1329.6203859338384,1982.634598101951
16.029,2055.488044368238,1363.3031695057618,1946.9881158615033
16.05,1955.1268516905395,1431.8633988037145,1804.360717451056
16.05,1625.0791605534473,1447.7522892191223,1939.04877487085
16.072,1878.6442931538381,1383.2278362201312,1950.1638895350059
16.072,2067.306972802986,1519.3152816895144,1928.4607354087723
16.072,1931.3633537752441,1748.4514867835167,2125.324907611252
16.072,1626.8295421365324,1590.6628726694523,1628.6728277280247
16.092,2157.4091491363215,1458.9380639308272,1831.4055744670861
16.092,2031.335693042612,1420.0581769293376,1779.812848493283
16.112,1714.6658804767555,1454.2128556929154,2137.022494126911
16.113,1991.3696829483551,1379.7055538404481,1714.9011211732309
16.133,2451.672295206521,1744.543811600823,1922.182657959943
16.133,1880.8977374606445,1626.65136314037,1617.265029102028
16.155,1776.9067235775556,1675.226241855022,2297.2806873915993
16.155,1482.0168023877688,1534.1199305379405,1567.837767597494
16.178,1959.475573374112,1270.634157713647,2106.9241642572824
16.178,2007.8333094570196,1509.1297814062061,1760.8905859552353
16.198,1991.6425012439174,1471.2720898747846,2138.730524568619
16.198,1877.3924201967268,1761.1753145112762,2004.4351780663196
16.218,2125.025963306177,1854.8536039450764,1865.3096654546612
16.219,1597.6127638766784,1503.6330336620774,1846.1697646566313
16.239,1824.2474868417128,1540.1370502237098,1888.2158931185916
16.239,2043.0070435104387,1718.1264353177803,2070.335465094926
16.239,1726.3546689950783,1337.570740044756,1796.004405716688
16.239,1698.750768811157,1519.9784843834277,2055.6915518813958
16.258,2237.859531561256,1486.8821450963324,2074.432470568476
16.258,1881.7615069008386,1568.6359781587598,1879.0609455542956
16.28,1608.30675535924,1700.1331421705345,1962.6333400896578
16.281,1543.842015836615,1557.8728024739164,2174.57069488465
16.321,1854.1595690238105,1447.4663583397582,2122.2584658603537
16.322,1460.9494577962623,1414.4870922704558,2201.5990104020757
16.322,1844.8577833741333,1570.422469445378,2129.5614504566774
16.322,1691.020113130271,1564.7370213997226,2050.5820301451495
16.344,2109.392562790595,1759.8400545889244,1758.4039930651604
16.344,1694.4151530403337,1700.1819552341271,1629.6780248782143
16.363,1852.7862601529628,1596.1703140284642,1665.2106825203614
16.363,1947.0143672851634,1557.7996475520315,1633.255174276524
16.385,1907.615297350485,1635.0243902411596,1921.621673776033
16.385,2241.0869711774058,1466.6097581715883,2026.9734988241373
16.406,2200.650024812082,1376.248207613818,1926.0266104477184
16.406,1632.5443704244385,1236.4848077719466,1969.7726386307522
16.407,1625.0414341540563,1326.6635828239257,1943.2248451983455
16.407,1999.6791493463923,1601.588795055126,2162.423212662464
16.426,2065.195684631799,1810.3534840225414,1925.3164685641018
16.426,1770.2376154779001,1544.9961471379834,1680.4710832588426
16.448,1935.6334848233441,1746.5069768310225,1887.3733601130884
16.448,1909.9017911504432,1581.0288905001712,1695.679170968584
16.468,1455.6199139231117,1278.177263501891,2008.8121654773668
16.468,1999.1393225530837,1469.3107077323275,1787.9769454572433
16.488,1953.5854824513801,1565.563772318224,1780.3893925886998
16.488,2010.9564102066959,1573.795117968378,1727.9667476767195
16.509,2035.7265669234498,1317.1917737919066,2044.5710744210965
16.509,1961.573690905314,1571.866030269578,2194.5458071936973
16.529,1865.1647021053275,1806.0990726397613,1892.3314216400963
16.529,1855.1373566828452,1595.9289929588188,1818.9604629841933
16.552,1924.7964398762779,1408.7848280945373,1814.763839728419
16.552,1793.5518963927418,1720.7568582045562,1944.8889557166606
16.567,1678.8034934818916,1502.3362783502414,1257.7408072271849
16.567,1940.6344392306842,1470.1089036481758,1892.9256759470425
16.568,1788.5820464287451,1363.4931346931346,1883.4847390206971
16.568,1751.5334514279166,1752.0751409468762,1812.550096044014
16.588,1713.5463517201972,1584.3988893817102,1723.1442508507223
16.588,1772.735617527097,1320.0480371866754,1838.6020171755156
16.608,1837.7838818439677,1509.8639272012315,2225.151534549444
16.608,1718.8150831223124,1288.7988330541757,1827.591323056959
16.628,2130.4489549987397,1692.032359772964,1881.3299723391362
16.628,2158.008343021897,1345.967889851009,1714.989686130714
16.671,1844.311331911552,1608.012451916781,2088.9544880719873
16.671,1963.827535710333,1542.6618270895053,1778.0925842307715
16.671,2003.5530776031565,1470.4506985291391,1644.1453081749933
16.672,2049.964335398151,1398.4834258325773,2050.183310995671
16.692,1771.9707423802595,1621.1493960633122,1888.6002496417436
16.693,2013.8083741357593,1704.048678934313,2027.4444614888062
16.715,1566.4662854818891,1577.4468515771914,2201.7983199906157
16.715,2147.916055479703,1802.0312789599816,1934.7062806433692
16.734,2156.102754251538,1487.820806209187,1460.8280030132803
16.734,1722.4837712781466,1529.285838205515,1807.2027088609752
16.735,1946.641790715457,1547.3286963404817,2115.325286871761
16.735,1569.5015765975154,1384.2998643481858,1982.1990983550543
16.755,1902.198970050475,1345.0457214515786,1838.4348155405364
16.755,1619.7592973211129,1495.995100876359,1459.718636482756
16.775,1738.1092345222871,1737.2964827724988,1642.6018732189227
16.775,1979.383186532158,1524.6946751606545,1810.5779221029486
16.797,1624.3240480081688,1748.6139939805096,2113.6900615574864
16.797,1669.2818459528442,1455.8652389441158,2104.33551873653
16.818,1854.484686457367,1851.1140986496846,2018.1391718147452
16.818,1979.2163184974943,1664.6234380021199,1760.8820894506762
16.84,2091.398945311534,1641.8242120286493,2079.520121179645
16.84,2164.4472136354593,1639.642137691752,1950.6435833159517
16.86,1891.078032901501,1271.8537214012501,2311.739520200836
16.86,1391.2516689109575,1571.3856999271181,2342.7258042203184
16.88,2164.1338733956845,1231.232539349171,1880.1073762512815
16.88,1792.1155822479968,1658.7078083628867,1919.7745994097527
16.901,1789.9607606715372,1529.3266144788413,2041.9928362424873
16.901,1830.6633032571092,1769.999813666782,2035.5059921050654
16.902,2222.385007271847,1587.8552086079794,2020.364735427549
16.902,2157.3909627404532,1160.6037635803557,1939.4272972326078
16.926,1822.8273715196055,1721.2357125208719,2084.6810787762506
16.926,2193.939457708831,1673.9564786143244,1702.5371392756292
16.943,1811.8719432723422,1658.6298261126594,1783.0489460674846
16.943,1919.3711837582246,1589.103477459412,1927.3961306097324
16.966,1781.4580067753586,1633.2477316831348,1689.3365720819722
16.966,1513.4985022793185,1751.5148173215111,1686.0757698517746
16.986,2123.171788389038,1568.8629592337377,1881.8395902285945
16.986,1882.173958070575,1520.4695235227418,1508.159468968926
17.006,1593.7856918713765,1706.1453372989138,1947.8987247395535
17.007,2354.790638407369,1449.6698269764072,1973.268551467998
17.027,1782.1948120208044,1549.560513387331,1651.9760835443167
17.027,2032.641522448267,1629.2241837326333,2349.3767510878906
17.048,2020.7012219868557,1514.086064278052,1895.652043470887
17.048,1662.3247796698681,1661.696701997221,2045.5458341468247
17.069,1562.9436535275897,1829.615454716478,1920.1666566644049
17.069,1852.209083348901,1486.455174176153,2157.474384549097
17.069,1922.308871946732,1410.0299938519515,1535.0129398554268
17.069,1871.9816399958659,1572.1390481434155,1776.1669431366126
17.091,1661.486042578857,1690.3838272003186,1751.6822601017507
17.091,1709.3750749836483,1388.2364317572822,1582.387712599571
17.111,2148.622950309085,1398.3941774817445,2058.0145790976503
17.111,1910.5676306530356,1470.1566715266838,1705.9448836196316
17.132,1994.2838918869609,1462.163390891498,1936.4603282566877
17.132,1982.3311138243116,1128.220678173465,2004.8432253677097
17.176,1804.700562527305,1507.7230309673726,1632.6228740322472
17.176,1850.4068075077485,1614.668557345457,2139.6994729769262
17.176,1518.8658047952936,1357.4409321336577,1647.9023307690363
17.176,1893.9018220028865,1663.7142295261017,1904.879127509134
17.196,2053.402642187514,1721.6953277941752,1445.4603193897742
17.196,1901.6210825659655,1532.2742196894735,1817.6845042710222
17.216,1470.314488167194,1770.9805133568414,2249.366174721904
17.216,1894.0292988911172,1888.849941634162,2082.1580562801714
17.237,1441.3956979358672,1568.9844528170825,1809.5200141761431
17.237,1907.7157860364948,1646.3535746579191,2153.0541047923084
17.237,1861.830422694982,1739.050373330878,2164.2669464676155
17.237,2038.5328311250864,1275.2158223368997,1788.2119291641877
17.258,1832.1371415775382,1499.579107482366,2048.5508381037357
17.258,2015.855861450304,1330.2808377170884,1947.1689755578209
17.279,1771.5782479952297,1570.6640412186998,2118.889424601947
