Time,25W,25X,25Y
0.008,2471.4090944940567,1959.2340491653852,3582.1683541089255
0.008,2007.2244032858575,1870.8784037649277,3329.041192251075
0.031,2294.780122125102,2059.686144557718,2657.3434313661237
0.031,2470.5409197552494,1600.1972636476319,3449.605899835798
0.032,2462.590955078583,1565.2937926231093,2886.5546290704924
0.032,2312.2619219400344,1986.2252545712097,2930.1213184940034
0.058,2717.2448068111776,1719.6238131499008,3080.951778994609
0.058,2328.022589055099,1935.4448852085427,2595.3824540229793
0.085,1936.475572649725,2092.466673943724,3023.0962111599592
0.085,2475.272658820181,1749.0138405059492,2946.12196866305
0.085,1888.1426666177945,1983.0486960452922,3414.2727686407716
0.113,2410.7957691879137,1942.9888867274158,3170.231594535415
0.113,2691.8140454914105,1915.1312838430429,3221.015797814229
0.14,2560.7502944427956,1897.943358077463,2978.4075009627504
0.14,2402.518381718223,2177.121317203145,2843.1811426021563
0.14,2245.30835091826,2276.131039079706,3237.7986284875988
0.167,2040.5448098120335,1940.8185429761104,2828.6569535858216
0.168,2470.616325851913,2018.719554770016,3332.7749903813547
0.194,2284.2720567541164,1846.149241543522,2943.9940215921924
0.194,2518.6276527565083,1811.6133635849046,2711.8893678691243
0.194,2081.651432236068,1680.2515079443183,3018.3417681471665
0.194,2486.49179541954,1877.08957569313,2982.9081103978806
0.219,2277.7487632676807,1758.2350782817532,3023.397693105115
0.246,2532.0423091603893,1975.2228186526577,2942.2714794880467
0.246,2163.9440014351917,1854.0010354363026,2964.51810416471
0.247,2480.169449497849,2088.60763251019,2936.462154245579
0.247,2436.2625975232586,1998.8519678047694,3274.6556967871156
0.276,2121.0564167617226,1598.0998206465713,3292.61231924611
0.303,2329.287486914883,1708.0876696731334,3445.3093817808935
0.303,1995.6368302926546,1767.1690331247387,3576.403173712129
0.303,2201.2258038440127,2146.9322579837713,2813.009202011608
0.303,2366.549004972095,1909.2530861471464,2784.997817779654
0.33,2347.7943434097947,1886.54481779845,2989.2596956078587
0.33,2626.8969593087672,1918.5534835846233,2980.365004925927
0.357,2311.5833814269813,2114.1388278481845,3217.336337808738
0.357,2238.385293215687,1779.4525450673423,2991.853359031908
0.357,1953.544993805695,1831.947655229889,3583.8688687264917
0.357,2324.9847995008026,2029.0885500840927,2788.884075656325
0.386,2534.11002167995,1922.899284064507,3326.5054465364888
0.386,2279.1413563516476,2321.4873006410035,3465.9185620674125
0.414,2393.941263799099,2179.5959053128768,3275.8673318601286
0.415,2376.040640679342,1834.6104109613555,2660.4928253449293
0.416,2238.281360391023,2159.234837463302,3282.22423083482
0.416,2394.0395660874096,1568.2310632440544,3320.7825319532226
0.442,2246.618625646768,1935.6949184363946,2750.5602456157817
0.442,2542.91541923936,1876.3022364818676,3013.9423801295657
0.47,1854.699649429091,2014.0674521093808,2901.030489370892
0.47,2418.219093033746,1940.5879064132187,3086.668921361569
0.471,2459.687978530516,2044.6468651753003,3257.441786113015
0.471,2263.4099938665563,1714.9678052677198,2884.2763272737425
0.498,2540.7156559845266,2268.722784083223,3327.0600297090477
0.498,2839.906457813835,2115.4961428197726,3145.0959756497145
0.526,2064.854828323081,2049.0933584922273,3069.7531255222266
0.526,2089.4314988060983,2059.1380316421187,2734.9154805061926
0.526,2456.7116761890497,2101.949137002024,3574.54886465482
0.526,2342.3303018529946,1636.8536489358644,3452.9260309295796
0.555,2708.054485378682,1844.9593855800294,3286.518302696339
0.555,2332.737482321092,2003.2969334446313,3517.770433661935
0.582,2151.8548382150652,1749.3851714607383,2661.851706654914
0.582,2570.675304233164,1976.5495394034172,3276.9386963279762
0.61,2389.289855621716,1639.3992541097073,3051.9462525905715
0.61,2297.827810087588,1982.9996229989697,3083.2144483635634
0.61,2568.035864527619,2013.9032556532602,2819.761691380568
0.611,2626.4985956656355,1766.9910274907445,3045.2146284609303
0.638,2405.218971228814,1884.5108785423363,2797.2531101067593
0.638,2660.7642383627967,1835.537890919877,3135.7979277526924
0.639,2372.1740836843937,1823.1983386560846,3479.4222737382406
0.639,1970.4191965714515,1712.912961958461,3021.6598072467004
0.665,2342.885182516175,1840.320298375873,2574.9540237728115
0.665,2489.433718014268,2002.7810732781938,3078.573983825765
0.693,2196.3954467307185,1936.7850718916438,2557.650737283759
0.693,2544.257101134531,2242.985919533643,2780.8715629983717
0.693,2300.479911171003,1875.971442051938,2944.5206556723806
0.693,2231.7207228990333,1914.0924268387787,3190.4939787138574
0.72,2285.2182896979625,1952.2051569935193,3413.6673998634724
0.72,2427.0978358189755,1813.3770894837276,2648.1706992517747
0.747,2602.4968954659817,2119.280383100418,2510.212091026335
0.747,2452.6476360801726,1957.285842198328,2719.2542713406247
0.748,2453.549859721079,1850.497820765085,2303.0498381545713
0.748,2640.102579645746,1781.1635788001195,3169.7981457542464
0.775,2638.8445021789043,1994.7642261333885,3051.501188678624
0.775,2461.298756652268,1976.8899270941083,2968.3796310007756
0.809,2266.9897915185256,1912.2507474768304,3390.604507757564
0.809,2593.591248301195,1853.263460719452,3326.6710050206616
0.829,2457.5764059663643,1846.120895352788,3239.4333253179666
0.829,2470.740597663549,2102.3583478696833,3007.662598741087
0.829,2253.1115526184913,2000.8721881590118,2895.986866531681
0.83,2458.5097873223444,1783.765709570905,2824.000615191203
0.85,2537.968298228567,1934.3800736381406,3058.418141921764
0.871,3064.799794373622,2240.3272844381345,3303.9581310119797
0.872,2086.402671459827,1538.5617780894418,2819.2945266976
0.89,2200.330534086793,2119.2970568858536,2752.7251254460875
0.891,2210.398693981579,1886.1414494780904,2876.0155672212695
0.891,2647.052693769795,2138.669372671182,2838.3771413355944
0.891,2359.43376351053,1979.999477167264,2567.2791077740944
0.911,2073.4135061960087,2316.9705345245275,2716.279804592953
0.911,2282.519512368543,1815.6983421924886,3037.2359879510195
0.932,2152.317130090442,2003.990943054408,2802.844067416987
0.932,2252.646784589532,1956.5594322511256,3762.9460947052844
0.953,2198.919236974063,1832.050623443412,3284.592892845877
0.953,2309.5865745103843,1911.7178695692826,3193.5519132044524
0.975,2546.2497616468,1908.133924678167,3212.11608726372
0.975,2548.8191397021383,1856.065379644253,2404.598563309299
0.996,2399.5549375896962,1706.397560591634,3182.088497481946
0.996,2174.1262133852547,1638.4250862106828,2957.37287609939
1.018,2546.31200182001,1945.2194848496372,2645.819895859874
1.018,2353.301637806532,2398.110243663209,2906.747471273198
1.038,2491.2898612375016,1978.378258028054,2935.488107701187
1.038,2505.521085072719,1737.2670279752722,2971.0785811407595
1.058,2352.127803897296,1912.7355698361625,3134.5590046552156
1.058,2256.6968928387437,2051.898280685159,3393.50732589695
1.059,2212.6040339380875,1786.9447337272711,3064.142797668464
1.059,2537.4937449809745,1700.7089947156574,2896.0258227891404
1.08,2250.140254257786,2119.712414675645,3419.790234511013
1.08,2085.641606889106,2086.655515825817,3316.9290793252394
1.101,2302.001626739377,1727.6421123392925,2771.738867430033
1.101,2337.942735816787,1779.4052085686328,2974.8810167624256
1.122,2707.350799402386,1827.7510265674732,3128.216609237913
1.122,2345.105666903505,1825.8830053600384,3382.487436209615
1.145,2090.0109667938177,2211.1599818181867,3554.6215188395936
1.145,2518.375143557258,1750.8990047944355,2893.609913548479
1.164,2164.1636627368275,1919.233719473191,3526.946733703977
1.164,2584.6377745945438,1599.6542358229221,3338.8137172881843
1.185,2628.3553193524435,1823.9136800433316,3027.1545631333315
1.185,2524.254323576375,2126.6264981944787,2602.065337908134
1.205,2628.4212957283453,1943.4713028566864,3026.1180925932904
1.205,2865.6120280353925,1700.6817971857413,2769.3501654904885
1.228,2210.152064228139,1945.176618120872,3494.2036110096506
1.228,2323.3890389512626,1816.760479721657,3310.758050283727
1.229,2317.189058698861,1879.59624961446,3260.4472342521576
1.229,2547.457823190219,1895.974572359228,2971.859899081512
1.247,1946.074245498781,2076.4337778676872,3067.3995756582513
1.247,2021.638106380532,1902.348385952454,2793.619862275381
1.268,2158.291008973201,2078.294617345275,2801.8861626783337
1.268,2351.358296586948,1547.0835880783054,3556.222320137652
1.289,2236.287748964101,2209.5516331563376,2857.8749615849742
1.289,2227.521455374541,1832.6837595825302,3008.8358270990598
1.332,2282.4454218668784,2007.2819889364391,3276.579844797781
1.332,2154.333886631694,1989.6962757974711,2632.9171597452832
1.332,2398.5762860996056,1980.293620722096,2775.560628205215
1.333,2345.2869605738283,1928.5694317069197,2733.7187114018593
1.354,2349.249132051084,1976.345333246821,3151.1403242769215
1.354,2346.0730828483684,2197.704395736989,2911.085664035825
1.372,2370.510872538949,1873.5339315929975,3217.673747974614
1.372,2123.271446942806,1999.690812326276,2774.1365570666876
1.393,2689.379292575769,2042.1691365552774,3262.47114499176
1.394,1969.5110417950323,1956.103228079046,3511.728255112245
1.394,2501.6314329753236,1811.8695913008291,3091.43998543945
1.394,2055.3436053804335,1927.0771696157294,3128.5311525094426
1.415,2502.0293718439093,2340.074458587704,3340.867500761245
1.415,2352.386500241622,2003.1716096368216,2828.8406219095214
1.435,2687.614342254024,2002.9761190985841,3082.8111325061986
1.435,2385.8550514179365,1738.9012300498123,3092.577973967504
1.457,2291.7340538514054,1918.529240016752,2888.69745042997
1.457,2054.5320719382457,1731.4912153466555,3530.001798170758
1.479,2354.9123619461284,1965.9246480738075,2817.17342623034
1.479,2783.089831042613,1954.34087618773,2719.8121441634553
1.502,2395.144279025438,1799.5691155428115,2978.1097202915453
1.502,2016.9835779430662,1825.930170066902,2684.5415121644273
1.522,2400.5556389038093,1702.4049750845102,3216.119645542607
1.522,2232.273282251848,1716.9137774473645,3562.212700866543
1.542,2027.1417561616277,1696.2256287486973,2742.413780947981
1.543,2302.55652978102,1979.5326570852455,3354.182146896835
1.563,2322.3015287730095,1754.6144945028868,2830.288155318324
1.563,2004.5229980360725,1826.0061648175765,3273.415925174856
1.563,2487.1790447762096,1965.0571576826858,2817.4897140357057
1.563,2289.86843706442,1908.9250350421516,2878.8718951734622
1.584,2490.1164750300863,2040.1715621365547,2932.3782971330475
1.584,2373.9621685196576,1935.1009942706105,3496.7770448275674
1.605,2748.812091060406,2032.457754680194,2706.160968231282
1.605,2497.7232627289404,2011.152236228613,3365.1362896890914
1.627,2319.3756352070345,1892.2339338700444,3690.3937334479424
1.627,2289.0431602369667,1904.3665274509558,2889.6444221153406
1.647,2155.5952536860045,1923.1132024124006,2697.1015093777055
1.647,2583.3107051333186,1768.1842672493274,3076.1052452797967
1.668,2358.3856348773056,1892.1332844604585,3241.7861630516145
1.668,2408.0371643972685,1996.498167924326,2983.0947064713705
1.691,2442.5341787550346,1912.4919628841635,2676.7269975531626
1.691,2431.447076793169,1751.4050332559962,3107.4342640879113
1.711,2559.7209026833334,1865.14603252108,3051.3802628880576
1.711,2444.226224404342,1967.3298056558524,3225.508963058633
1.731,2160.9265604979846,1860.551486718925,3221.9291314751936
1.731,2107.1631165216213,1980.2999290611913,3377.9912981822963
1.732,2151.0301539278616,1941.354998410822,3092.493937081653
1.732,2453.3630067565405,1875.5782341042516,3144.949000509778
1.752,2456.774686413244,2310.888846302067,2728.019099866515
1.752,2488.2958221516524,2228.8705754632947,2862.009822002184
1.772,2466.1597773230633,1931.165454691131,3223.244300449791
1.772,2198.0345258489615,1911.9262199238015,3074.5652824562353
1.794,2629.8698784336843,1614.7524368778659,3311.25029771065
1.794,2349.1315116083806,1669.5420899302692,3430.7614712031364
1.815,2525.2135671958126,1675.1308552542184,3026.083343127379
1.815,2166.686277339994,1980.1600375129967,2958.7650753216626
1.837,2364.752503944728,1972.1246475890248,2363.2864267118375
1.837,2598.159798609707,2054.345533126278,3312.2735889228675
1.859,2305.5317991135835,2104.6373450268075,2847.413148255017
1.859,2332.0022192931688,1832.0337567625456,3043.5676615180478
1.88,2170.9042946119953,1944.0228900676318,3324.3342672538147
1.88,2423.1290725573367,2184.7709729927315,2796.562848075144
1.899,2517.706638429385,1965.530084869369,3401.1619195256235
1.899,2124.1837065747955,1935.9185147050903,3198.8602741538175
1.9,2344.9080584716176,2006.9316526014702,3058.0018673514915
1.9,2203.9979933061413,2007.868591138924,3527.6731926175216
1.921,2170.657034886028,1870.5721176564532,2426.5208437505485
1.921,2547.4438699181155,1955.6658753797778,2882.6283854656804
1.941,1958.96647648004,2005.8901883340247,3100.473991129201
1.941,2287.101575181437,2118.444323167826,2836.5718490879067
1.962,2367.6149654574174,1822.9023388872984,2811.8629043451665
1.962,2491.322763009879,1754.342914491027,2793.8639083581115
2.004,2766.7345790390955,2030.967822399401,2948.515504696366
2.005,2021.2722724983605,1971.1839844272674,3313.622160270235
2.005,2371.5325263594927,1813.5680847437998,3287.1064266956355
2.005,2677.6424720622363,1974.2695895028078,3022.5187513533538
2.025,2423.758046278934,1780.4384485416938,3760.2281337094937
2.025,2215.4958608796674,1921.0360201012854,3305.10380591039
2.045,2260.026024208988,1942.143911823194,2909.3275500212435
2.045,2334.1949801796463,1973.8912473424891,3312.004544824706
2.066,2275.9834893756783,1705.0625659117682,2847.2398538079983
2.066,2284.214479517385,1938.0810523789173,3003.440115965916
2.066,1982.2480757487356,2101.144664342737,3032.9612105843844
2.066,2424.64251738468,1936.1342577389069,3164.30565976465
2.087,2461.735955623689,2092.276906004187,2906.130420870947
2.087,2571.1218560299144,1974.1879571419508,3443.669645660608
2.107,2465.9748785768675,1740.216192651433,3324.016760885038
2.107,2176.6615421887645,1947.0522390124515,3302.901708541068
2.128,2120.572671048476,1904.4874496579448,2645.7656552582725
2.129,2225.1117115457514,1975.53493826496,3346.5984217754763
2.15,2139.7817809543626,1866.0697794315943,3073.011827148312
2.15,2293.342196343098,1911.0951066991304,2651.389131479603
2.171,2196.2673870207464,1883.6824094751244,3028.671926634286
2.171,2318.6904867959215,1838.7134351938312,3198.9750430251015
2.192,2709.79013562531,1868.992047629699,3034.1429078369824
2.192,2144.700464469873,2156.609154159812,3048.487480876432
2.216,2062.1259436487617,1832.5782422434363,3149.6235633874594
2.216,2288.4929259752726,2041.122117645444,2678.645746769495
2.234,2648.225206485131,1686.0828643259515,2845.1817741292084
2.234,2256.30048445783,1824.8909985583132,3178.734536296183
2.234,1982.0599072532755,2018.4142288677142,3181.2071490099556
2.234,2681.6933630184567,2348.6220077012686,3067.762793777898
2.255,2548.177431844922,1829.6834608202694,2783.54725661203
2.255,2567.374524900957,2018.828877429722,3320.9236075246145
2.276,2843.946088568686,2081.814560270541,3180.3130736408852
2.276,2248.4880166818534,2025.3412704201137,3446.3466262333177
2.299,2474.6282835279035,1929.408216491924,2946.806817184186
2.299,2501.378813642368,1729.9631833860326,3148.860092788267
2.322,2264.0305976285313,2061.1069457950794,3079.8212317016287
2.322,2611.60353314374,2049.0841572849044,3140.7292847024555
2.342,2642.9095452375223,1999.4594823929658,2906.798256169874
2.342,2575.4219541438074,1852.0858623955212,3460.112499997587
2.385,2424.887457642528,1986.3050237795478,3229.433390654678
2.385,2695.8971751337913,2073.8840657262544,2963.7882317489107
2.385,2337.4187523015225,1817.4465286356908,2877.0633232878104
2.385,2268.604052776627,1673.6832763515224,3043.4633484756832
2.406,2116.4024122128394,1601.6007892750965,3457.896742602545
2.406,2275.63450942049,1907.4541968118028,3369.9202830299487
2.406,2332.0928942695123,2192.7073507663495,4080.407711396934
2.406,2199.2021445355117,1865.6921455001145,3474.7612128681876
2.426,2414.8886838966014,2014.9798085163516,3652.862305160702
2.426,2326.01703300374,1947.265346192558,3117.7555482846556
2.447,2128.83972569866,1898.0245321027119,3320.837007577702
2.447,2304.7207549055424,1834.3953396154945,3683.6341309336085
2.468,2319.295511557847,2292.21860240363,3524.815172264381
2.469,2193.1336036684984,1804.3331496870192,3283.864077993813
2.489,2291.428243467576,1964.6484401051196,3611.5749685213195
2.489,2285.8139928180794,2162.254933115311,3108.819576435016
2.511,2382.8280560262774,1846.3004005059865,3060.3203262015186
2.511,1819.3837542059887,1784.0237797582372,3044.813984975452
2.532,2553.6556790129252,2059.096272557666,2666.4845692685885
2.532,2075.816073878443,1777.28044592662,2951.5768164519754
2.553,2184.5204742346136,1901.2528967048981,3184.2786499213407
2.553,2090.0305592459126,2147.997014667844,2761.636459255065
2.573,1923.6192191295238,1624.0229231073345,2925.424508502949
2.573,2376.878361084162,1912.8279940839427,2791.8712201486182
2.575,2231.057789780399,1926.252854076321,3241.622120572018
2.575,2327.017365652474,1859.4167828921247,2740.921829069259
2.592,2328.373546955281,1980.9514555848905,2668.9918325249528
2.592,2447.123406704418,2246.625802864314,2718.94485759946
2.614,2213.401652206336,1809.1031509223217,3571.2286953447274
2.614,2473.0173332219165,1770.1628501258122,2960.2823746622157
2.636,2377.723077360831,1917.6835352857713,3844.080337635156
2.636,2308.606013319932,1858.3607565853667,3040.3313118453993
2.655,2197.901308248596,2004.9974232854229,3263.5204323525736
2.655,2715.932791244987,1814.0194317071628,3132.2840030212847
2.676,2558.310355842724,1810.9193927104982,3250.353319708034
2.676,2187.4668390231363,2192.260587475918,2717.4600523277313
2.696,1975.769421074414,1731.1851224386573,2828.872536078107
2.696,2806.72910324465,2281.634672081598,3055.0772982428207
2.718,2495.91395711686,1951.6846607785883,3083.386669823058
2.718,2012.7824148516322,1918.996847557589,2850.8768230641012
2.738,2126.6931222398202,1815.8851856279266,3315.739155674007
2.738,2424.600562420494,1940.7767056141213,3271.088742168283
2.738,2415.826084180838,1890.5345666585883,3624.4382945521966
2.738,2372.4211190554342,2016.3531686356089,2964.720312264715
2.759,2199.830484275149,1859.4317422135416,2896.3645270121315
2.759,2271.897073248114,2029.8093670880296,3042.039455950902
2.78,1928.1959951675697,1709.0149039230985,3469.4664080529574
2.78,2183.0544521962493,2193.960759152199,3046.4646009850926
2.801,2216.5674074726453,1721.0813458080104,3017.276773873413
2.801,2442.869671972295,1934.0144234403201,3166.3766740323376
2.822,2338.6874357249544,1981.647742795144,3367.968918909635
2.822,2293.2196335348967,2123.4231139105386,3243.8684622201304
2.842,2238.4837957621717,1955.8145543403057,3153.053994342734
2.842,1975.9970909197905,1609.2273891034645,3206.9710066231723
2.863,2110.933631436846,2138.2756758503156,3130.3245327144596
2.863,2607.0412843884224,1772.5268776471903,2716.374002103281
2.884,2405.1061859843835,1973.284767626171,2771.576050778473
2.884,2471.2590483763306,2083.2631412252267,3098.9660669150985
2.904,2521.521955363393,1840.7765971676763,3440.1297576280517
2.905,2810.1587502519305,2157.7233117643773,3491.0892817521903
2.905,2157.072279719287,2155.139527819107,3393.2469631314734
2.905,2383.0865736669766,1586.1018264074849,3264.939851755173
2.927,2201.1197018806643,1531.234098864819,3132.275088052456
2.927,2544.116351911169,1703.5295179006525,3376.492866725932
2.949,2383.221403654444,1706.9683747290878,2922.6112406019024
2.949,2571.000066176054,2106.445323938207,3249.226947925381
2.969,2892.6865023114474,1874.5124694579367,3677.5249118056418
2.969,2900.706086010201,1772.7648726348275,2970.2020514270785
2.989,1987.4986429440028,1943.0459201454817,2612.4079289218184
2.989,2596.957799921004,1706.9181460537038,3091.350701522898
3.01,2313.353180741854,1691.1710421604694,3023.755875641335
3.01,2465.5802451919017,1911.5546657636742,3428.944013278147
3.03,2679.7472822791933,1965.4215593341373,3200.118162793366
3.03,2314.69241033651,2029.7266848017637,2752.5903225923225
3.051,2386.5189139591484,1937.3794496160801,2918.8451613127613
3.051,2225.6833000228976,2038.7169545936983,3493.9151996755795
3.075,2590.6915234616818,1799.0764301849413,2847.6909589612437
3.075,2508.0713397335007,1957.694652226381,2851.8842395651413
3.075,2452.8891317912767,1710.2444261684204,3594.028528655641
3.075,2428.832685818434,1928.1374801731522,3370.5714842537864
3.097,2331.623892756527,1709.2584359788948,3091.243116902458
3.097,2136.2633949339365,1697.0450835208603,3078.498345529021
3.117,2402.562902017059,2087.826989005599,3071.9947037689076
3.117,2682.1717061015565,1776.0069699681062,3178.3211019161813
3.139,2080.3450751384003,1975.6251091784106,3024.79021463166
3.139,2493.6522034536397,1814.9578906618158,3026.015454256983
3.16,2373.9761281437086,1729.2510714082086,3529.933810183427
3.16,2263.4717181033225,1926.848002413507,2951.85476628674
3.18,2402.483610656983,2134.436526817256,3188.3395251806282
3.18,2268.0886104853207,2013.120748758135,3313.412504105067
3.202,2084.856602931971,1961.4008437857374,3285.3700662684228
3.202,2229.9374156951844,1816.7166853867782,3110.210645617362
3.246,2569.2946828560325,1966.6725914820577,2991.95068477251
3.246,2658.7656011002177,1954.0759529967158,2971.493115485975
3.247,2415.9742178831966,1854.828225512552,2933.4310004364006
3.247,2300.30311687628,2002.8912748252062,3003.81399198813
3.247,2007.9222446608403,1951.4581717765357,3089.2274006563935
3.247,2382.288129226591,1896.7487325909872,3153.4011298620458
3.267,2407.232476751305,2076.8429935858576,3335.6682355111907
3.267,2299.1917173341844,1790.5039771139939,3208.014498192353
3.287,2323.325944605927,2045.8344118036039,2778.6355227131985
3.287,2544.6772806261874,1751.2935053464482,3238.4711190507664
3.307,2319.296905054088,1857.1786984667237,3253.4440829156138
3.308,2354.889491437369,1974.9463990466927,3184.6418152392953
3.328,2286.794929408998,1825.4373086426783,3085.4790648131752
3.328,2371.2521062242536,1792.2572910183364,2848.276657979532
3.349,2579.1920831772372,1879.1631396527027,2749.7387386017235
3.349,2390.0692731720183,2062.0731841520624,2784.332701348616
3.37,2347.571454309106,1852.2833744686654,3382.7965867457474
3.37,2452.915306880206,2085.0080913043503,3184.828535311539
3.39,2355.91790660193,1936.2928938616235,3060.776815233042
3.39,2281.683660907168,1894.5390339573805,3088.481163038007
3.411,2294.0688121056246,1840.3814010973942,2970.2967126810527
3.411,2578.3642039418196,1967.5181256435321,3154.1343247217314
3.412,2245.358393814964,1863.0559392066782,3249.6795677866603
3.412,2441.423041873086,1575.3367738928855,2950.6863332261337
3.433,2556.8769633142792,1844.6823711495417,2763.3021111844773
3.433,2440.354758919342,2027.5986732759573,3201.6250121881017
3.453,2300.4531002805656,1979.7744493098087,3191.94575287457
3.453,2615.3016267230096,2080.72011078947,2880.8778321235372
3.475,2290.2636292944258,1883.3244903645414,3208.3474352364797
3.475,2379.593031807084,1983.7620475090357,3274.668481771573
3.495,2421.8282693171336,1881.8302543103935,2694.565447296133
3.495,2017.3865005187688,1908.6248510915716,2804.0298487582413
3.515,2372.5940371383135,1924.2128950194817,3132.580518049703
3.515,2203.1269654991866,1860.3755299731697,2964.284027028536
3.536,2334.7033227839092,1925.0805395940545,2967.495395138366
3.536,2460.968307162858,1910.1934005926184,2970.667839140539
3.558,2394.9108699778385,2160.8282809939633,3111.658691963528
3.558,2422.16566260747,1951.7400833585684,3166.083455047017
3.578,2359.498933171123,2182.415421659132,3011.32013046279
3.578,2361.5229818482044,1893.646960314685,3527.838193043359
3.578,2611.158097171435,1924.6857947684014,2957.0882155170907
3.578,2448.2532056654477,2002.7073351240595,3608.4469063945753
3.598,2101.1085094889445,1999.096388846316,2888.4880289358366
3.599,2290.371277107635,1910.0777215856647,3129.8215490372877
3.62,2546.659495137275,1882.932840817396,2780.757947664044
3.62,2131.4737723075195,1722.6720133839108,3364.679512523273
3.639,2534.3799274528487,1999.9741344467648,3173.5565415706974
3.639,2523.6202040007743,1887.420913451064,2819.9657284082696
3.661,2569.6496750932274,2034.4592684438949,2642.181181751399
3.661,2591.6502717719513,2153.509656240998,3279.72684917796
3.681,2437.073822038276,2021.774209844753,3137.6693767183287
3.681,2317.5228935503874,1984.543771301146,3594.5350114682556
3.701,2350.960547801208,1969.10984286728,3081.215430208314
3.701,2504.644586825807,1811.8917930154703,3447.6456704780785
3.724,2213.8238695298746,1716.1125686179143,3141.4979986662192
3.724,2315.012110532318,1923.8825973611893,2867.0410598198887
3.746,2223.9984218415766,1899.1310461903868,3081.503138860713
3.746,2468.6222393649664,1963.5367524869323,2939.490775735278
3.747,2346.5977260927525,1893.0462474452504,2975.256417333948
3.747,2277.891148361623,2108.508048639277,3127.0442535611046
3.767,2428.03945967367,1985.0468444915296,2920.5039859471135
3.767,2270.5976754189132,1730.0869474350884,2949.4122208575777
3.787,2196.501797555577,2224.13917595831,3195.289855823997
3.787,2262.102750315369,1862.179846177015,3198.357779718676
3.807,2505.2358453114916,1588.997244177369,2965.209890717894
3.807,2388.092219938144,1872.5045921412961,3167.028116704301
3.828,2247.734360577132,1823.1637692382,3342.0850496011913
3.828,2305.370758280839,2079.1149244340822,2696.178714844317
3.849,2471.0158593563074,1925.851169543585,2902.4894932553498
3.85,2102.9572772173933,1738.851731781874,3062.222625393963
3.87,2132.697908763214,1900.4858290602929,3156.2184250997047
3.87,2449.6461637459392,1933.070991588133,3417.609475660657
3.892,2367.800453086027,1815.332986763123,3118.974179477616
3.892,2051.275522177195,1821.673389891325,2986.358592056909
3.916,2229.955982795003,1991.477776920673,3214.436433548903
3.916,2544.075484212956,2284.8423022716756,2563.971668029079
3.917,1987.8567679914133,2021.839082998109,2706.64058797927
3.917,2027.120532786835,2148.707977703293,2857.8010924366345
3.956,2046.3637989140861,1917.5774625388963,3281.8877583518124
3.956,2580.5804473506114,1546.1319769498198,2521.2261102669318
3.956,2280.2790479606874,2040.2043769315842,3360.6366688058492
3.956,2024.6273712471436,2022.0901076910068,2838.436943531917
3.974,2608.291711304563,2106.0858523272645,2995.2871441694715
3.974,2209.1560923200946,2039.9500038557512,3080.9794891223937
3.995,2256.7808942349384,1917.4467061627352,3418.0024558091204
3.995,2205.245092535477,1880.9398073222976,3123.8696625835305
4.016,2292.0193897036456,1675.5502689118327,3150.6629754524715
4.016,2489.4022362125716,1814.7954334766825,3188.6285226794066
4.038,2443.809033353858,1729.7264761872298,2813.3659689395868
4.038,2554.7878389126763,1643.8634643220628,3000.564162010409
4.059,2315.715203825646,1727.592529244736,3541.5722128624257
4.059,2297.2723424720616,1701.2396259974769,3230.611344899843
4.078,2174.584455302654,1808.3280689597352,3401.3579415845093
4.079,2704.002157989534,1692.7224429849396,3475.7284137420597
4.079,2680.1802349789928,1933.9101809457159,3305.0284976758453
4.079,2286.4030177949226,1854.4878298447125,2607.2687670955756
4.1,2401.881412553515,1765.5611834013932,2938.3287982540924
4.1,2485.0433791125333,1825.485633353664,2940.59349772613
4.12,2461.6620134148507,2046.8406096244876,2729.1118353997
4.12,2450.518069553349,1832.210770257856,3138.197451927781
4.141,2531.4997647808254,2021.5088662699927,3278.9709319268563
4.141,2177.6429887118966,2020.4094961494652,3165.5887265674464
4.162,2383.1434871064657,1631.8455768370425,2668.066378831103
4.162,2038.93277501953,2161.113014334817,2987.5894832115987
4.183,2302.3294829378074,1904.275854039545,3357.077814566292
4.183,2669.344237074935,1847.5084138622256,3529.2776593939298
4.203,2522.2456442695525,1900.671676506415,3134.452644084722
4.203,2510.6064643126433,1821.4718116718325,3306.5768544610696
4.224,2291.2020434866345,1721.5294587079495,2952.7022216519904
4.224,2169.8921974711893,1693.9370230929953,2823.680261695373
4.245,2514.810846455742,1700.7879911345892,2801.1864196479055
4.245,2579.970290023516,1994.3613822009258,3273.2495614074273
4.245,2522.139474934465,1784.4881819322004,3206.94664929846
4.245,2543.292277923759,1931.2447661338185,3296.866817901892
4.265,1955.693182674125,1835.7094351536643,3375.7881754418004
4.265,2412.417746096618,1967.5375486707876,2789.4981317243723
4.286,2308.459281181588,1963.0221610339456,3367.9078663240416
4.286,2500.3243817743605,1685.5410422637308,3022.629439690192
4.308,2186.4101815975564,1879.6542791383356,3443.3786759102786
4.308,2154.6887070457424,2168.1234993657936,3259.977415319649
4.328,2280.4868011778017,1992.0191852046614,3363.004717028099
4.328,2581.992454997251,2128.117345597098,3212.4804103095516
4.351,2549.7450125681517,1773.2329857048485,2957.947065058317
4.351,2275.1747566695503,1914.8267076121856,3183.0615253879846
4.37,2319.316263102283,2182.4869898859292,3021.970810830231
4.37,2397.1950667704696,1744.1137907670136,3417.630610493117
4.391,2286.950282719135,2163.8789345395253,3065.8417185721214
4.391,2204.3140710589087,1867.7395286848416,2886.685616911219
4.412,2189.357034252354,1857.2090357006725,2943.3420925611317
4.412,2089.8351325961553,1613.6443265217692,2744.2163867479107
4.412,2763.730206040783,1944.6414465802695,3211.4770614978142
4.412,2209.651608238634,1839.7654567922323,3306.0956585523218
4.432,2616.3417805081904,1933.1650502576647,2954.3263592162552
4.432,2184.4407869103457,1896.6262056078435,3063.5825492073213
4.454,2221.637296202649,2259.4543487312867,3765.0338885890546
4.454,2390.6408845334267,1757.8761928740555,2966.3382674493632
4.475,2702.009747920356,2328.066213300445,3482.120898170337
4.475,2408.2748600390046,1919.6554722322023,2718.913481277016
4.495,1783.1332802040904,1731.4436716395069,3389.7513881881496
4.495,2433.3840750900968,1988.3668782750697,3018.7116454712627
4.517,2531.8118484604306,1621.2360233619797,2988.8983084104257
4.517,2395.236284394775,2270.1006855411906,3173.8725592911524
4.537,2429.7025268829534,1630.1833919153337,2898.17113189823
4.537,2580.8931499286546,1837.8658802336422,3196.4095267017815
4.557,2656.189835745228,1709.7576168411617,3295.0364577024393
4.557,2566.2405977526255,1809.2500661012718,3291.9410125357213
4.578,2521.203383544291,1852.3544886558404,2901.589112041211
4.578,2501.3486960649316,1948.7826274191584,2815.4736897724033
4.578,2482.122221539308,1864.448789597429,3012.731402426914
4.578,2569.936103112953,1791.037112350984,3120.5526307933296
4.598,2235.4428630977036,1954.685980358546,2977.263165732215
4.598,2572.8436696155027,1816.6511940506032,2595.675387852251
4.62,2567.297675244761,1997.0863485512807,2792.1699019669913
4.62,2503.0304786624993,1984.8995853430313,2949.983356470432
4.643,2305.5052733848806,1828.5288608012488,3173.9025329966853
4.643,2375.479089580821,1819.770407962711,3102.1386821367223
4.662,2357.329294757363,1935.803374679065,3203.0476015762015
4.662,2316.2386283141764,1949.2775982235494,2579.441575798938
4.683,2063.6189775166927,1789.5489220426139,3051.2128195458104
4.683,2420.636255501295,1952.7660985894531,3301.6246345393147
4.703,2668.7129133255744,1956.0451149356543,3417.3859287837536
4.703,2185.5298543761155,1694.0348182836956,3271.987279821723
4.723,2705.0792109320882,2056.445280480674,3631.7500333837497
4.723,2474.2281241973415,2146.6598577269497,3493.908257480337
4.766,2238.299384684595,2020.3028708604504,3222.769149270078
4.766,2528.4767493755185,1900.6811466621364,3092.0542239693073
4.766,2375.069948796623,2207.9393705915777,3362.9066460532677
4.766,2446.2389638309724,1977.248811445128,3146.023459131453
4.767,2019.4808749659535,1758.829822275716,3186.773469481115
4.767,2236.7080121940876,1592.4610088936934,2839.400415456753
4.785,2311.0512945727883,1936.7376326204399,2797.694468893484
4.785,2219.12815895336,2067.417944315968,3467.1923857207494
4.806,1979.2314463364191,1910.4809827955667,2404.3731018899575
4.807,2429.0213148710795,1686.9368846453308,3831.600239199078
4.827,2723.498364908351,1794.8859435226948,2705.2058510404477
4.827,2187.906311611584,1858.483604429525,3236.2305285214134
4.848,2211.4770850363184,1918.064550087629,3000.926240423222
4.848,2396.1499569423568,2045.1001984947243,2659.7032817488093
4.868,2408.195970168507,1823.1341869376088,2973.0373547138147
4.868,2557.040571999253,2081.6955031178272,3118.1336613006238
4.891,2256.8046134676524,2056.2960203229272,3132.6762869213476
4.891,2274.3858458897607,1897.3044661046197,2914.082329350876
4.911,2303.5067285661316,1841.97168943508,3188.134677400392
4.911,2348.263957283973,1892.4952618062116,2888.8581144141185
4.912,2023.2459873985724,1959.4854212572145,2457.1963729962863
4.912,2167.521018480869,1725.2826841574406,2981.297224878504
4.952,2865.7124842140697,1900.1690578095217,3009.7462486621735
4.952,2287.355638562452,1853.9714832626441,2900.200770622252
4.952,2335.2344831340515,1988.8981384006315,2981.2606230894876
4.954,2398.1107018412704,1871.2734882528443,3377.941190362892
4.973,2421.1041678379916,1743.1013929074145,2776.2832276048352
4.974,2351.6653243557116,1612.5499262743547,2779.912985607372
4.996,2480.116752407196,1732.1660630608346,2883.2092082581785
4.996,2302.394463814919,2065.6715347948575,3090.1257657244755
5.016,2202.9974560419914,1678.668723156631,3012.219905644542
5.016,2076.4672154646114,1983.0745821191194,2745.9010537407935
5.037,2060.9503930787478,1721.7810248056862,3341.697649651476
5.037,2009.2275272491922,2119.055138995685,3079.440270756291
5.057,2255.2078583012103,1938.056546064826,2705.512000982163
5.057,2395.971734694908,1543.857544886369,2564.085540146202
5.079,2769.0044301724865,1943.7256977336604,3139.268596857263
5.079,2293.1131009197848,1948.5179434430568,3341.8863596715164
5.079,2687.268970802365,2010.5235897190867,2575.2858317083524
5.079,1969.0762970980177,1966.9224957450378,3114.208685878067
5.099,2217.9014160906186,2145.899898957573,3039.7898873468066
5.099,2142.3760084191067,1968.5677348705972,3240.6765144990422
5.142,2255.1847238449873,2041.0655313004556,2318.940249796792
5.142,2359.8083312630224,1801.3638589565662,3166.7635660930396
5.142,1952.9565595697452,1904.4535052075828,3061.9412315566797
5.143,2254.1636116815616,1715.421582910319,2994.358228778336
5.162,2297.2667197936908,1842.628668696178,3248.419005795271
5.162,2501.275423299132,1772.5554424442464,2996.8691053132247
5.183,2537.200020024005,2071.4450430434476,2590.595816939236
5.183,2445.619298858455,1960.3186774529656,3197.0324087969643
5.204,2322.7720779759516,1889.7036999803527,3088.464856361853
5.204,1931.8677804711062,2090.4658989604495,2966.600891572362
5.225,2100.1113604474886,1709.7669337005998,3218.059224000169
5.225,2135.960729475176,2099.637134155401,2699.5933183780453
5.247,2608.4072307701304,1842.2458227756279,2525.3273127076495
5.247,2027.4784254600395,1967.708638228426,2844.0245359839487
5.247,2342.1692576087544,2070.2708558506033,3294.501850291839
5.248,2529.0920167216614,1951.8938228501886,3070.557388332443
5.266,2524.5758784998075,1772.8351705454288,3423.704666698738
5.266,2406.7415382915165,1950.281121418145,2920.5046503268904
5.288,2473.6632137218835,1924.230028757344,3097.230035164561
5.288,2073.06706144248,2188.2969443015636,3299.856107964842
5.308,2415.2458306042745,2126.0907478249005,2817.798458907384
5.308,2391.555224468553,2257.0095616483954,2904.990955516468
5.329,2409.880657708423,2000.47821268415,2801.439136415008
5.33,2380.6565847926013,1930.6817232716182,2408.4823966329727
5.35,2632.6959941122395,2040.4610865511822,2842.5206920860064
5.35,2250.49178138536,1711.1312472129066,2845.7634082610257
5.371,2477.5979597193814,2057.11966093105,2980.790902723541
5.371,2529.653777557418,2026.57896977555,2322.302995404161
5.393,2356.5872968237686,1717.4917205002537,3420.9351344505485
5.393,2439.0220048117844,2067.279149790565,3152.774244241205
5.409,2485.202992103842,1774.0230060099352,2835.0930487829532
5.41,2231.3631790337195,1923.042339944929,2651.1795269060576
5.41,1910.0935936711603,1868.381338978428,3109.426855945921
5.41,2277.461726705622,1891.8547125369241,3089.061473753884
5.43,2247.158945534937,2122.2120103505176,3295.748800878958
5.43,2194.19401511708,1700.764899125274,3026.141642809114
5.453,2627.9872071977898,1866.5160437177387,2868.45319188491
5.454,2314.0485197928533,1810.4654386177824,3314.865981660428
5.473,2597.6610376020994,1827.7029185241154,3485.1767355843476
5.473,2481.2314731735587,1592.9993554115104,2462.957850210829
5.494,2239.184263705954,1792.7847645796169,3252.900074925949
5.495,2051.096226507734,2026.4032784120932,3065.624069108276
5.517,2072.574523526443,1850.7388337131817,2777.8023559736926
5.517,2309.4454415902846,2019.9993851298343,2976.8844865268234
5.536,2401.2255878453147,1742.9613973506298,3044.5980910271687
5.536,2204.7432630830035,1809.2640618825192,2926.0168966715405
5.557,2646.296321211374,2037.9255802236253,3148.675007647515
5.557,2310.1958797772922,1695.4952338945127,3411.043334494044
5.578,2014.7171723122551,2191.3447499570266,2990.5041454057646
5.578,2520.981804996107,2196.760167496086,3402.702964483661
5.578,2488.091225855243,1754.7334171637917,2777.515486771902
5.578,2103.225065677171,1887.4967354174878,3175.7637795764113
5.6,2674.810092662292,1837.439827667068,2865.777235488583
5.6,2211.572352628225,1918.1847734127814,3049.0933770565175
5.621,2164.28520388906,2124.469939041357,2954.008761492117
5.621,2471.6243045941383,2090.7786863970973,3273.041049639764
5.641,2174.9369041483174,1890.6740243155361,3084.904655164815
5.641,2598.0951500521696,2015.6759869841742,2896.351182976967
5.662,2425.460312991837,1835.560472027589,3190.6828630637488
5.662,2279.8906578376673,2117.0544573955685,2826.7908622083824
5.682,2951.3449805654573,1985.1925433331005,3673.967809586069
5.682,2288.692772800131,1711.3037406154442,3069.3012661411153
5.704,2548.646844079688,1910.1017517095893,2967.984670425965
5.704,2315.7945415695094,1826.1837366759917,2822.347336088853
5.724,2280.5112019795915,1862.8027832982568,3014.6211080893218
5.724,1894.799762095202,1874.0790445864475,2828.6016995297337
5.744,2488.2633925689124,2145.778565208935,2809.6616051992337
5.744,2388.7392408319633,2044.8549443314203,3176.407378150395
5.745,2651.928496887592,1911.8834186114693,3104.5537312441897
5.745,2983.4256255844316,2016.1160900661612,3168.040304255868
5.765,2535.0356474388964,1921.037999198983,2559.6591641838513
5.765,2682.3086072950264,2073.7399998742194,2648.6092616469414
5.806,2070.160977458479,2011.7248142527667,3109.4054298702013
5.806,2720.311724585561,2246.601912695004,3174.636381798662
5.806,2397.3856486532186,2034.0798820649677,2690.4139009772857
5.806,2292.103619994593,2068.944841178364,3216.114989838397
5.827,2280.828607434412,1866.2433695891464,2994.215866800794
5.827,2103.1910456793457,1872.5954029083946,3393.5127485224157
5.848,2244.8245666291045,1847.1187882281456,3108.480978840661
5.848,2235.2559449109126,1879.4940627978954,2945.128911404004
5.868,2628.872780254993,1883.7311499660389,3057.4754853033605
5.868,2463.7078273938387,1607.8496093219262,3017.168845608563
5.889,1980.2654484683126,1819.2847573220026,2739.454059056429
5.889,2323.827193484498,1885.85000198176,2692.629029175719
5.909,2392.6973274156303,2041.7932361617468,2806.757821103191
5.909,2788.7532842824803,2025.4156298283617,3268.878195565155
5.909,2119.350647228782,1922.8179056486902,3385.388482029778
5.909,2440.630722522803,1868.787037678181,2888.9020344302926
5.93,2467.3122227857693,1896.6324300553295,2649.676300906208
5.93,2309.617074947584,2064.5377960235946,2785.2158763951475
5.951,2236.7124911586084,1862.0557514923494,2987.5774425640157
5.951,2483.1623843912057,1956.8655269102114,2910.8651823714135
5.97,2163.5781088084377,1791.558109994868,3179.3237560986117
5.97,2292.0561237951797,1806.5814982224795,3019.0425307915802
5.99,2191.9626465466504,2066.5444198839778,3151.445524453816
5.991,1942.0044241314417,1747.7873366170334,2913.5065616956613
6.012,1956.2673443515002,2315.5289425299884,3220.1698187703073
6.012,2442.9628426591157,1901.2528064036944,3178.8974949238136
6.034,2210.768368548328,2408.3738480587226,2704.8578251228614
6.034,2239.382553140948,1999.960290968543,3336.1905952062807
6.054,2096.351281909007,1697.7038260131528,2835.326465577766
6.054,2715.084542472146,2077.5615526113206,2954.6000975601332
6.075,2318.286139021515,1985.2515819347461,3294.020998876247
6.075,2302.0574731403317,2063.999803546353,2798.3163573402667
6.075,2127.976680611451,1893.2261145949096,3437.457077883811
6.075,2544.8539821290688,1658.9185990277228,3193.9799469940226
6.096,2184.5379111589104,2126.729960121522,2812.6474822067185
6.096,1950.4766357294798,2101.351110494517,2851.4720101319776
6.117,2579.3689084079365,2033.7691507332343,2948.255613219578
6.117,2204.954972359469,2313.876745498093,3146.6752725467018
6.138,2497.145604293969,2148.550665846256,3300.881983509282
6.138,2551.2306200455664,1924.3543550658792,3233.7270808175203
6.158,2531.968691169087,1647.9746979375489,2416.2656508824666
6.158,2349.385047986261,1885.4767925289466,3420.9372976394297
6.18,2467.932702286857,1986.957822082443,3032.477293889023
6.18,2154.317232194435,1911.3517599423847,3036.4093559699727
6.201,2388.9918769621345,1922.6724385314533,3074.408343082035
6.201,2036.9242297434407,1516.6924190891843,2800.595309702346
6.223,2330.94960508236,2013.8358991773523,2727.4232082484828
6.223,2413.87521777337,1980.6310809415615,2907.37718949371
6.243,2172.5033574235767,2305.5000168435226,3598.8289975548714
6.244,2307.409317542848,1892.4018713119624,2928.184865941155
6.244,2377.621759555313,1812.329964920231,2503.395891168099
6.244,2408.7590733185766,1996.8746871085575,2712.050206411597
6.264,2506.10744408939,1528.886881727267,3373.1462037709457
6.264,2757.6607038720554,1904.2105510770223,3375.668960614362
6.284,2224.1697869893765,1908.1762550357905,3604.412647077662
6.284,2481.389262775192,1951.8679661022563,3536.3532813830175
6.308,2209.7930906683396,2109.8654331686,3160.9848157433266
6.308,2329.4468916734118,1961.6789478657054,2571.7745464452446
6.326,2509.338090155837,1613.2015554566692,3081.696872816115
6.326,2657.429044668816,1754.4044723903028,3250.0987416003677
6.347,2202.3904872466733,1869.1182433708382,3152.3741536734706
6.347,2573.757586704497,2433.5645940350155,2539.391131681358
6.368,2335.657934357293,1722.2592287688728,2773.095878877759
6.368,2763.1745620691286,2250.8259930391628,2679.642432245482
6.388,2428.5240255000654,2189.5024458008143,3315.2390686028657
6.388,2411.9477220142144,2071.72391756342,3355.861876598872
6.409,2246.718623787461,1881.5575274361793,3005.937820914618
6.409,2362.430073566605,1916.4805533655945,3351.2654510049642
6.409,2368.5598592569913,1968.6066453636377,3102.7686173830434
6.409,2304.3806828068414,1997.1753089934477,3035.371720301309
6.43,2190.262520487675,1689.9849918248256,3104.028008023909
6.43,2289.6376244711646,2207.178755699762,3034.1840088363556
6.472,2265.467402275715,1788.0022083725723,3047.0036464685254
6.472,2443.4302112235014,1855.6653967719785,2676.6410621140158
6.472,2411.8489390506356,1945.3895409085949,2704.474242220632
6.472,2578.4213303050733,1829.5546140574559,3206.133197236876
6.493,2529.4977771336758,1837.642330802676,3347.8071041858457
6.493,2458.6162428527186,1868.0768089632384,3048.4912806939064
6.513,2534.518388281781,1930.607077882269,3527.7321268746564
6.513,2132.3738478712376,1769.4579776153325,3023.7733765655566
6.534,2409.4764955014384,2123.899116593803,3328.264288999226
6.534,2366.061119187216,1608.8549982415898,3423.046680414382
6.555,2323.1130944538368,1666.032199630251,2933.8042936058864
6.555,2404.286999329414,2049.9960278979006,2834.786530032503
6.577,2384.628503880508,2006.4385311568683,3017.8455133626685
6.577,2415.497006258926,2024.6941809404223,3086.38429328114
6.578,2529.83226527427,1849.2455894125253,2464.9468588785167
6.578,2305.2564301438156,2161.462599729482,3149.855241683373
6.597,2195.3886177791287,1872.1426732197265,3251.667917554949
6.597,2255.3651923937823,1842.2060279300051,2981.2360017897836
6.617,2408.243751965201,2008.302251924376,2558.0007519201263
6.617,2270.020778551697,1695.8217852209525,3189.8274045553226
6.637,2428.3683402741913,2113.7256690203085,2918.2693291459464
6.638,2795.9831240478507,1898.1834497294465,2891.9593711272014
6.659,2029.5025662925668,2129.7381212669957,3093.0984311339316
6.659,2244.883169245281,2119.0046820200705,3042.536579601979
6.679,2352.3206976859924,1910.2385219968119,3163.3819182187135
6.679,2427.5081018839037,1845.1629473711541,2693.159863103532
6.702,2356.44631444444,1933.7043955082595,2936.5653616669993
6.702,2806.3954474053894,1838.5736883338748,2704.572333168412
6.72,2277.858805690126,1784.4761464026492,2549.421374850069
6.72,2352.6055132363463,1827.727149626536,3200.327119657315
6.741,2050.1125626036614,1979.6930803412902,3141.6280039897274
6.741,2347.420958523229,1995.717875205035,3184.7998089122652
6.741,2412.5981642608626,1889.1632172823115,2710.770392532389
6.741,2085.8248076018044,1744.3548536244002,3147.685529048382
6.764,2153.395857945848,1651.1330685196094,3286.353727787796
6.764,2266.8743752475984,2078.0453156908966,2994.361269348523
6.782,2283.5850230820047,2117.692298359136,3282.3547861444404
6.783,2354.8255494820837,2067.619983622839,2857.063196737482
6.804,2546.7295416122784,1905.5004705572692,2721.2928311342603
6.804,2159.741706397065,1964.7353389446096,3148.3228502586285
6.826,2181.7537318134237,1953.7883280398644,3004.173766001971
6.826,2097.0044788226533,1960.4472820761482,2908.9707892328347
6.846,2454.1588525864004,1666.6757643466249,3180.84700222319
6.846,2200.7917356783382,1831.026183239332,3078.946761550117
6.866,2550.958686573906,2044.51300998468,3574.230984560455
6.866,2578.723575867991,1755.0957190094753,2862.6176864178906
6.887,2385.529863080734,2007.964920379651,3231.682797093852
6.887,2660.862987354776,1708.703994862683,3234.785566622948
6.907,2362.8901673770483,1857.6323694281764,3107.874356130925
6.907,2289.034721735796,2062.9923963371707,3250.0055935616338
6.907,2405.9826774205453,1450.6915995606287,3172.7897834883115
6.908,2450.1182516035174,1739.088330988625,2941.1549836343993
6.928,2452.09165259366,2143.6521888291377,3217.1681072241195
6.928,2163.9085881342226,2150.4237033215795,3362.8716917222105
6.948,2442.8015968922346,1862.2458462999589,3344.5220371995406
6.948,2452.089367765382,1729.5238572483956,2583.448231765394
6.968,2434.5403246260357,1761.2217856847128,3160.109955505109
6.968,2223.402879830658,1763.7719819191093,3278.813231400662
6.992,2331.4952526658317,1930.790459203438,3079.922368944656
6.992,2257.867810364214,1813.0775809524152,3445.7854103472305
7.033,2250.7852122303907,1882.0800880119484,2951.92050263117
7.033,2563.6628847938837,1831.5357275098265,3195.9014317370297
7.033,2630.223893173288,1958.8753176698876,3655.974163600434
7.033,2259.913444344548,1769.356162729251,3283.4006636690847
7.054,2441.7252305192496,1997.0363175172165,3161.384999432498
7.054,2541.7604165774396,1655.4784590582744,2898.3056824778355
7.077,2278.68545992954,1938.8573224109646,3120.6990483789764
7.077,2364.8667467261926,2120.996185105489,2751.204732402779
7.077,2281.6188977337592,1884.5683504963752,3294.3312407374233
7.077,2618.668110716092,1713.4679908288156,3078.6449862663667
7.097,2365.316999749616,1744.401276663626,3078.430176574663
7.097,2414.5886132958362,1930.1274280965781,3587.1549618173012
7.117,2364.811794300823,1698.2876949736528,2765.979868915862
7.117,2209.6814320551935,1779.181670160091,3112.7429333111695
7.137,2368.855872384723,2084.247798138512,3094.8988728615527
7.138,2475.635139919303,2207.6934383090265,2787.3834448329594
7.159,2262.2357404772974,2180.9681170822955,2736.6380921793734
7.159,2209.5675010682935,1946.4533165574403,3133.1727582124154
7.179,2290.222883732644,1967.5770821532094,3072.081406469856
7.179,2114.111324162709,1839.3477083766109,2837.7564346121276
7.201,2613.5904635678025,2044.272305106344,2527.1465004501406
7.201,2266.153610285435,2097.7881583436947,3536.932867461118
7.223,2427.7768289618916,2211.7147967018964,3412.2456114746064
7.223,1989.0938146561314,2174.171436150587,2911.709573171166
7.243,2384.867851433347,1983.06850266312,3191.3241727137747
7.243,2242.8740444837945,1917.3988463944315,3131.1068654672613
7.243,2319.358236736811,2229.032585914935,2639.9535760799267
7.243,2621.5340742003273,1856.3189673144147,3293.7979148506265
7.264,2350.479643698534,2078.468231979188,2963.204598856769
7.264,2050.1419848122723,2014.0256557991609,3104.221376165937
7.285,2405.473368153336,1868.2801851922372,2716.0381822188297
7.285,2469.070022000939,1789.982024195977,2978.3337660342727
7.306,2555.9278449225612,1977.1834768410763,2929.89644313599
7.306,2325.8765800702395,1749.026697594275,3276.9046318969126
7.322,2440.2833080312557,1713.649559555251,3157.197627997159
7.323,2274.8266628105002,1842.5166369891197,3017.8718038734432
7.344,2187.2419855051144,2130.708316630026,3273.3329851756075
7.344,1944.0602981560887,2024.25567924182,3130.919682547759
7.364,2096.7825115634087,1876.848670857099,3092.7774333336015
7.364,2317.867469656546,2058.1231513608886,3075.9386650882066
7.386,2458.422494533213,1870.5618297604485,2948.3215855973876
7.386,2828.7299120214548,1982.601599764145,3311.76542978147
7.406,2432.3437511051916,1940.3895058714536,3153.332159978115
7.406,2143.426781824784,1803.870184581324,3001.610385003973
7.407,2167.356377065061,1866.6372189767753,3530.227664840121
7.407,2261.8263180713825,2124.568757098636,2840.1584838605163
7.428,2176.072783462323,1934.8388873390707,2735.221575388344
7.428,2071.2192729953113,1964.6811076765468,3007.165112534831
7.449,2160.478159514654,2207.7010654587148,2859.80723206955
7.449,2310.637565354579,1900.5749413560582,3101.556582867634
7.468,2489.4343131750634,2031.4594908999488,3095.027714085606
7.468,2105.617671926782,2050.609920157286,3126.6580539059723
7.489,2338.4019139456027,1846.5402646980356,3016.5672496772672
7.489,2298.9902144747625,1993.0714454901279,2594.8552635991728
7.509,2031.817910115526,2070.688670602802,2938.0914875692933
7.509,2610.975871710029,1517.8212573739263,2774.9436938343015
7.53,2596.660430459644,2035.962606834425,3053.981015716172
7.53,2261.4215357977832,1780.8945043209224,3062.483192689421
7.552,2646.9102458347334,1685.1733902712317,3321.6180201061884
7.552,2209.5441850330235,1962.8131488540096,3010.5468406622676
7.573,2415.3290251488597,2064.617713750155,2996.4111728795715
7.573,2098.421393282752,1692.6741297135811,3075.570156991712
7.573,2273.2828845176914,1733.7219375493955,3181.3732153091505
7.573,2545.1940589452524,2051.2410585280045,3459.7517212820003
7.595,2550.8066270096588,2027.0195203455864,3238.9319627221334
7.595,2325.0081831495168,1711.0578098127016,2900.9973195642483
7.615,2155.3483570592316,1654.2536537871454,2938.6147093096483
7.615,1913.0326698806234,1780.0142426510215,3243.667898589665
7.637,2501.241568829472,1952.6464915062695,3389.1551312026586
7.637,2212.2807067315375,1991.0519453595105,2429.876447546503
7.658,2471.1275190429187,1848.985006118288,3032.6265776456353
7.658,2693.1859313033865,2056.612550995778,3241.005066019859
7.678,1798.309900038375,1729.387120788678,3064.536862710087
7.678,2316.335563247803,1747.7828694705038,2801.176575139913
7.701,2313.109662614286,1865.7244468337612,3630.0987488292817
7.701,2354.714907396488,1760.7755036265173,2903.7713241768065
7.722,2752.5420408073237,1984.168313833521,3225.6701859308628
7.722,2233.182393773097,2019.1702100003647,2567.454266428513
7.743,2588.006325323681,1728.5602621366372,2354.7816626001472
7.743,2566.6285910407487,1583.327496586799,3485.669347653198
7.762,2522.088484068997,1984.2300537087742,2965.9639281650266
7.762,2397.73720473598,1741.1477948139825,3470.9499476500287
7.783,2268.9299023874346,1994.3974266535722,3585.4772223034297
7.783,1865.528344605967,1823.8614028545694,3402.7381977658547
7.783,2211.1252518529714,1670.8539793471155,2963.672776555291
7.783,2248.1536926853323,2044.2870156201714,3175.7222881161597
7.805,2248.407801343923,2231.227439765092,2787.1372074002556
7.805,2011.5173536161392,1907.435269778007,3320.0852011986285
7.824,2480.429070714761,2272.215127644215,2643.771109055078
7.824,2346.7695832308777,1852.6483491394238,2909.5766153089703
7.844,2187.7966257595,2140.6062740193324,3408.7130445172447
7.844,2611.132248666079,1972.1750128777542,2744.5934596937295
7.886,2575.9386719617232,1934.3571986161448,2784.1648273155292
7.886,1836.1459808613374,1804.4128736082807,3197.3815774478003
7.886,2456.330347268312,1893.8171035688488,3019.381680973097
7.886,2698.7541427822757,1936.424846542089,3636.312151131092
7.906,2271.867494233103,1749.0400749489015,3356.1220637711513
7.906,2236.757938817611,1950.5089525991636,2827.4346992856804
7.906,2369.2079575696775,1947.2754576070824,2950.663268364955
7.906,2049.6846852504736,1972.5100836114832,3415.8119237418796
7.927,2395.6930996724864,1912.6023232781934,2583.1699512593095
7.927,2257.737708326422,1929.4904679177666,2942.2749144257023
7.948,2447.764174081655,1580.06846736566,2730.452099527505
7.948,2311.30813510823,2037.8314133898073,3140.4709503419203
7.968,2016.4266632091533,2276.0017091455584,2947.403245762931
7.968,2033.6404284038485,2253.12840737799,3237.165629947569
7.99,2371.886421246029,1972.6289357069984,2987.518516220686
7.99,2404.757062067065,2035.0271309347638,3346.980381115031
8.011,2124.837858068846,1940.334017047969,3007.5446271043647
8.012,2080.185904803335,1923.0078906426572,2976.8315179859665
8.033,2687.1106633385157,1902.64419825029,3326.237410181581
8.033,2336.137957923098,1981.8878529848644,3090.6348804433637
8.054,2684.818444251803,1932.5663569960095,3574.932234268965
8.054,2175.119714975167,1965.977973876324,3232.1139784346806
8.075,2316.4800299087938,2068.00085030859,3322.39818117428
8.075,2243.8882860245176,2162.7016095694244,3667.0765062513647
8.075,1864.3416728909908,1820.7072319763633,3561.8485550288938
8.076,2203.9310560898866,2045.6333939151198,3216.5228770492336
8.096,2452.380434532869,1941.2045480522333,2940.8257748537326
8.096,2064.4111060484306,1967.951904988909,2597.2222046301194
8.116,2608.265289174022,1899.2557268312676,2862.689541845106
8.116,2229.830965369644,2128.3829314064733,2614.077751169736
8.138,2288.7389076605846,2076.2885047360874,3094.4502411979097
8.138,2287.7083085808063,1787.6980431053548,3138.954519800678
8.179,2345.748176204891,1881.7587222652908,3208.6711585143767
8.179,2234.503223590558,1995.3174929008153,3026.9080466633736
8.179,2664.4791145495255,2022.5981127335956,3215.5443396695755
8.179,2430.81647753664,1669.380755490947,3219.4358687775707
8.198,2426.3792537124195,2151.139978769815,3091.9816426791526
8.198,2597.1773929686915,1759.3293695603431,3188.15208794343
8.219,2526.0856422064194,1990.980798553502,3003.4773062631843
8.219,2606.802233536823,1864.4000205350635,3191.338063845866
8.24,1961.4173530669837,1953.5695011733435,3211.2868357189786
8.241,2454.628098275473,1776.1827734105018,3058.2405060389747
8.241,2598.612926559402,1849.7314740096338,3054.749951829775
8.241,2219.178355800334,1964.3997088594879,2823.9360712353346
8.261,1978.558046602187,2169.289489031977,2641.2928516724287
8.261,2375.5097941192926,1665.0704703169054,2911.8566409523723
8.28,2349.4522782250738,2068.8798032864397,2930.217176803196
8.28,2343.797716978514,1856.0079462921947,2497.2174398758716
8.301,2544.8946624745145,1444.379172299293,2743.2423222559564
8.301,2502.972602662283,2028.3864430717315,2804.3527525572617
8.321,2142.972971690903,1813.6159892803132,3386.7212441066035
8.321,2291.8653166567187,2087.7218960594173,2773.6259609692893
8.343,2561.923329851971,2020.3938978697222,3595.6428437002724
8.344,2419.1111197229557,1642.968253082302,3605.3911016294023
8.362,2132.5187616520275,2153.6972746892175,2919.375043977292
8.362,1902.9683884103363,2232.36058145246,2746.1751778065004
8.382,2573.178055008346,1910.703869169332,2913.3325897262434
8.382,2385.0665762005005,1677.0323009388114,3453.2534647405337
8.405,2284.0274498871504,1834.1430443289603,3201.270415385037
8.405,2642.1992818384474,1567.7569050895709,3035.6693364698212
8.405,2190.9617942265368,1843.7382006937214,2888.279244836588
8.405,2485.45057079773,2221.0759131358936,3246.6484317850627
8.425,2331.42808666772,1898.9039048943607,3127.8015895495596
8.425,1962.3143501904697,1951.1418276584031,3041.0949374973925
8.446,2150.40497936315,1814.7337296768762,2957.1688220576775
8.446,2308.554144299753,2057.776353314752,2582.850687988422
8.468,2149.38105789966,2072.361275521373,3153.7556097312536
8.468,2248.0961417186295,1871.2801314637895,2861.3559458950767
8.489,2262.1674493380547,2115.1232615744757,2832.1106824419257
8.49,2440.6628696503503,2197.3540451666468,3249.4982537912933
8.511,2246.3805327184405,2022.5141553896458,3467.5779297668587
8.512,2049.5740464549003,1783.3293480304449,2857.4241553926995
8.533,2461.623021508256,2039.5431716677324,3046.584852379941
8.533,1930.759272137912,1775.7747351147195,3460.264377933787
8.552,2412.031185900377,2036.8631098324677,3208.019390822849
8.552,2503.954690210373,1924.0203383961652,3387.3778166288375
8.573,2573.854036447765,1910.0622441774713,3107.6200871397123
8.573,2333.5407749002006,1705.030259948567,3305.3700622554743
8.573,2226.224150707224,1886.647555919566,2723.48396269347
8.573,2303.963138927458,1768.623219731804,3016.1323738946694
8.592,2036.771234033108,2185.117154675812,3037.5077936227335
8.592,2236.209974143764,2046.1011602508877,2690.7492564057634
8.613,2314.0678334742834,1777.967678654303,3071.387153704743
8.613,2178.243505088727,2226.1623627944123,3158.754681958218
8.637,2471.5554955903535,2228.660569181012,2966.1172102640094
8.637,1882.613902094175,1893.4570444142632,3097.0806271010947
8.658,2429.056195407489,2171.7947868001297,3065.4207842258515
8.658,2168.384063075787,1864.5836262962728,3138.5989575533786
8.679,2246.4731347688917,1815.7662426748889,2999.083478322427
8.679,2230.147828145468,1883.000604170166,2747.80875102345
8.701,2384.917303502156,2115.2925675581455,2846.1227921207874
8.701,2200.317321175166,1854.1766072814828,3362.4202726811964
8.723,2539.482636998099,1671.2400065279178,2641.849015413032
8.723,2165.369627414241,1877.261577654,2268.9301060334956
8.743,2708.5227574714045,1729.3653649036387,3099.8288503959066
8.743,2529.6070157232825,2112.8063388458654,2790.8782142604323
8.743,2347.4584460119613,2140.919779918993,3404.900639624498
8.743,2558.4751398779767,2095.762051010883,3080.733456225077
8.764,2252.5171838153906,1800.3428406086264,3228.754756187608
8.764,2737.9251066639913,1829.4849571988402,3267.2153784582656
8.785,2298.9894167662956,2168.8803263821,3215.021200250334
8.785,2735.1323957392856,1868.988941636492,3091.4910506393617
8.806,2394.9781097034256,1733.0534258108564,2807.30599725425
8.806,1955.5774710592345,2217.2190398874727,3358.847930450798
8.826,2332.402682277682,2066.754910839458,3229.998035479552
8.826,2169.4474235827815,1956.7236686192289,2951.5149959494724
8.847,2315.246276538141,1915.5465795822925,3004.3830443049883
8.847,2159.5411551133557,1992.4839186288352,3124.302090092579
8.867,2086.7881874474347,1759.8344519962884,3238.640693651467
8.867,2646.574478615416,2159.6780240888174,3114.8971607102217
8.889,2033.3041647813368,1860.063711795468,3223.339082211162
8.889,2342.1907416287754,2180.7225567070986,2896.230309765308
8.908,2380.6785872390074,2045.023857741519,2782.8224504554487
8.908,2255.8046525985274,2020.1626434275809,2915.4052011119147
8.928,2546.476821171382,1624.4414304831462,3195.3025102744964
8.928,2255.911367339461,2001.3021315078333,2838.324084750238
8.928,2679.166361773752,2114.5577507239122,2684.1658715812127
8.928,2406.9046781020334,1661.723342074484,2938.826521908609
8.95,2260.022277758308,2167.1647247481555,3529.1625417836626
8.95,2446.0093938490654,1849.1643274492978,2749.4963786325857
8.969,2298.0185275138447,1873.4564684597108,3011.1616951717306
8.969,2265.6286646807544,1878.4401017830924,3042.664401614388
8.991,2880.2287554417185,2471.644022133399,2877.751915713913
8.991,2314.341257909078,2006.8621576409364,3328.9040129044324
9.012,2404.5549094312673,1875.0302565843867,3102.8412297668515
9.012,2446.539405188624,1850.3207738841954,2804.4252813511057
9.032,2333.072464967923,1873.1331291725844,2706.229262797248
9.032,2251.681613445917,1930.8044500901292,2828.697745769027
9.053,2615.123203911992,1914.8441181568655,2863.1092694003646
9.053,2363.5115654386473,1889.4514169225042,3112.517411018491
9.074,2471.391515743584,1737.4537914579075,3049.1227718742252
9.074,2046.5341554852744,1897.754706838736,3170.4154312839996
9.074,2721.7732801858447,1680.4917365603503,2989.3956158270003
9.074,2551.5575903381214,1997.666802015642,3050.734334989519
9.096,2782.939548457183,1921.6794019126569,2490.5689008556337
9.096,2444.9898950991974,1908.2952984014887,2681.8220643093755
9.118,2297.3444166113836,2126.714201946214,2925.6623499112056
9.118,2461.906341645648,1979.928739051156,2931.765161885548
9.138,2138.8783436581903,1822.5370890146478,2878.297067712784
9.138,2014.6402826377457,2086.9547197674615,2551.1306771862905
9.159,2726.1291963874796,1761.6177057377572,2922.7558001495413
9.159,2337.6730819905074,1810.1580197169137,2530.576027613701
9.18,2444.900102896122,2019.5970346177705,3209.490177899363
9.18,2050.3757542042304,1702.874416472009,3174.803911987754
9.201,2211.7932289727646,2077.881950497911,3110.405423158232
9.201,2708.7610767300953,2018.2807242330325,3432.096988357331
9.221,2412.0483778651696,2036.4099785849423,3367.3009263473937
9.221,2710.5857888322644,2183.400555534957,2876.0735386311976
9.245,2143.890465291437,1812.4471147664574,3169.0081401886955
9.245,2435.4983425827286,1819.276904786986,2852.4592150704966
9.245,2100.0059326321766,2006.8609812192026,2933.607411202876
9.245,2226.7106873642247,2045.1866926121875,2921.422442518254
9.263,2245.675620023162,1876.7976634102122,2944.763217530938
9.263,2362.9142840345894,1867.4599091185905,2876.8083019933692
9.285,1956.621374665956,1694.5992498351536,2959.2899551337364
9.285,2395.7824218353485,1922.0967819229681,2720.1879160882168
9.305,2278.706263572625,1746.5350114125204,3201.867051278007
9.305,2113.565851803208,1965.372432416141,2929.2386248571306
9.325,1971.0703726454126,1993.6860779653816,3360.820901272183
9.325,2444.6825163891567,2162.138399914481,3341.350896454018
9.346,2447.1959992000934,2074.5315676724776,2761.837568803646
9.346,1905.7997718312718,1878.101795506229,2906.8760581378215
9.366,2252.5936650850426,1888.4430735676117,3551.9565923725686
9.366,2460.151794183278,2254.2591229647905,3357.665403975838
9.388,2483.8890958786415,2000.6183237472992,3229.416375687093
9.388,2102.215207867841,1923.5615551666815,3082.8897699880376
9.408,2262.9249515189604,1993.0268897961648,2873.1393141927256
9.408,1951.97561009429,1968.0939945322732,3140.2472296684923
9.408,2240.9555823362116,2135.289505427407,2994.8832001282003
9.408,2266.303384168728,1779.0225049303003,2739.2333660047893
9.429,2351.0506038497892,1630.7102730885151,3185.2475812663265
9.429,2281.1947644619104,1981.5678287595415,3311.1692511505316
9.45,2082.7287153829543,1962.8825028426497,2844.4481388494746
9.45,2454.8139793048726,1863.728606014592,3355.760210368031
9.47,2365.3954959219773,1734.3126068908125,3293.048008599182
9.47,2169.987538050656,2057.7306768013964,2745.077713500154
9.491,2331.747862436935,1934.6743467201343,3306.3934135091686
9.491,2333.0543673498737,1845.2641481161759,3122.0600034090876
9.512,2796.001076906489,1867.5555826298273,3169.1317614617806
9.512,2465.2922316752824,1818.7313923685797,2965.0389402694677
9.532,2478.171575445318,2039.560592928023,3055.5073528002863
9.532,2013.5449518951111,1789.4278104011985,3407.87112687216
9.552,2213.3508814715638,1849.9475490680245,2988.131966198022
9.552,2601.96373333726,1950.1213352630643,2939.1846389086822
9.573,2205.324304578783,1738.4728451580404,2814.979580884219
9.573,2393.56038226564,1667.9314740098328,3162.884764608119
9.573,2041.5250649177008,2187.2292063304776,2813.247430434798
9.574,2410.2294297656617,1929.0521440229338,3043.1646739173816
9.593,2380.6867430746074,2200.0414968295545,3209.1967831570773
9.593,2301.0601505536856,2079.4116935915854,2899.1846998988813
9.616,2269.051614608764,1796.1733857179047,2930.3787226511486
9.616,2428.982309542779,1910.8934494484902,3120.417540608155
9.635,2547.158981177698,2056.9573792237743,2786.9281827786854
9.635,2260.71265400381,1816.0064260373779,2910.5265842439517
9.656,2359.5285448039044,2099.496347211129,3274.541967266471
9.656,2309.186787792245,1863.2672264000303,2957.9375615376066
9.677,2288.596108801455,2006.8664580649488,2926.3178977888956
9.678,2251.8665765720284,2158.7183329130266,2978.4127769835836
9.697,2452.422370824877,1896.3686427052505,2820.0737447671772
9.697,2444.0435807036793,1807.034913616729,3469.484338407855
9.719,2304.2712729990512,1822.7261473351946,3090.719856294968
9.719,2110.1019826043707,2084.0987072953694,3704.493137545293
9.74,2418.244351142402,2021.8592194203582,2751.4462151691973
9.74,2261.6047961731115,1975.7704474574887,2832.1426920829235
9.74,2563.3879123336637,1849.9093545566259,2971.631500072209
9.74,2502.4030144734415,2101.9201092023254,3077.912561861634
9.781,2423.6625629327573,1656.0863796288659,2800.593350889513
9.781,2341.9545590006114,1881.6396872717582,3012.807674021924
9.781,2214.5457209395126,1837.5601696061203,3077.3628425939387
9.781,2258.5988586644626,1956.0123587027758,3150.9152074754065
9.801,2742.9520589066124,1837.6017105253761,2665.7283474966243
9.801,2460.6278559720217,2090.689229363196,3341.256280066659
9.822,2606.076071796083,1892.6510191957104,2835.504294145946
9.822,2566.661810089141,1897.7394170269395,2820.9851431762745
9.843,2202.803102434841,1976.335186514272,2754.4300060372475
9.843,2284.2464555128727,1858.1166973311938,2998.257313316449
9.865,2754.349653453035,2118.31331223773,2837.8857194171687
9.865,2436.290621686422,1859.277478336139,3920.1046592536813
9.885,2725.402626295139,1708.9755283893642,2666.493501417919
9.885,2456.014817127951,2010.3102292451183,3553.8872304406577
9.907,2174.326717072979,1639.3257782347637,2916.401450971307
9.908,2191.230299395692,2024.8101548014297,2828.07781878335
9.908,2401.59031743924,1719.4429178642947,3081.3603744634747
9.908,2234.481980624397,2042.3660960523298,3012.802285359848
9.926,1973.3154770391345,1939.8028485582427,3247.95135308551
9.926,2189.6408586923258,1929.9996844635325,3249.144104298735
9.949,2356.2323908626104,1880.1882197687833,3199.1323218770094
9.949,2759.6293135828178,1924.6991112420926,3099.122119654141
9.972,2126.086211861975,1867.8521662461283,2998.2000034111898
9.972,2488.1076062458155,1915.5246555146018,3117.9254314824852
9.991,2730.080245599969,1761.9060587355157,3468.3515139996935
9.991,2387.8029511915474,1890.7798817541595,3014.1859246050117
10.012,2287.092365132732,1860.7650419499305,2973.7062582473627
10.012,2457.087551886225,1932.7100836127297,2730.579006898064
10.034,2396.43846211242,1737.1307987240607,3374.242327525466
10.034,2075.7900547373238,2142.9456721137494,3353.1397086146817
10.056,2654.243134969671,1881.5168688944007,3115.905965349134
10.056,2517.8596051294253,1996.5366146222223,3104.1189498322487
10.077,2351.915826906364,2005.5723989890537,2955.604260632588
10.077,2348.648099791559,1927.036542757622,2488.233767528689
10.097,2485.5887498235893,1945.3282143641918,3612.847992123116
10.097,2433.6228642374545,1943.4603861551768,3184.1313807012957
10.099,2205.395483511592,2059.3043522032203,3296.3999763298807
10.099,2363.638539749303,2028.10688002349,2889.5630502777108
10.118,2615.741141105103,1738.1669969584843,3103.9164113528736
10.118,2437.570114883495,1968.853813451265,3156.3545661448825
10.139,2311.2503193877747,2420.5689160259585,3291.501143324624
10.139,2397.1869665270456,1944.690317468687,2905.3363485624027
10.16,2314.7820036674607,1527.1012293690935,3027.692994726035
10.16,2373.2915809890223,1927.1759025484262,3103.4874290024495
10.18,2438.083855159585,2029.3524500387443,3401.193716896898
10.18,2524.057138969365,2159.2789387855973,3448.176925928584
10.201,2394.5428315813565,2010.6714180661806,3491.7654945798054
10.201,2404.202774274643,2048.0253375186794,3129.9230867717242
10.222,2434.096261208136,1915.9589403552732,3257.9000444887397
10.223,2575.900566685013,2023.3847949307892,2973.7003848749678
10.243,2503.2423631798556,1853.3376594296012,2962.5091823494317
10.243,2506.169085719084,1988.6969603899474,2843.697781224095
10.243,2679.7917200721377,1989.9229290430646,2719.665834988443
10.244,2453.0904951529924,2056.3238378088936,3330.4045364413023
10.263,2300.886591689021,1905.10498920278,3367.6494510199864
10.263,2299.1391816172377,1898.683426014221,3170.733577849942
10.288,2189.0699138424193,1996.7546354397152,3212.523918527476
10.288,2636.2297373793594,1991.2233750923435,3213.016238858978
10.307,2131.835279665985,2230.960487770522,3440.2354053669833
10.307,2583.190372144572,1895.3154253133484,3238.4891673666375
10.328,2521.352179641551,1795.671292489324,2925.781528549217
10.328,2096.9130924416836,2010.1834046754852,2427.66819465263
10.349,2305.6796858240964,2029.2232440376956,3322.886490206858
10.35,2803.862497880284,1868.1498688491786,3677.13338588503
10.37,2456.766901541513,2268.688372340365,2932.766966702574
10.37,2065.567652912336,1672.9593619769635,2850.9258438737966
10.391,2481.1338065833265,1846.1076766944825,3103.557707675159
10.391,2734.8325284743187,1634.0259326259447,3710.7520639686527
10.414,2067.9703675208643,1823.2462566767583,3453.939205488853
10.414,2220.7759246291484,1919.18667803377,3052.768429439676
10.415,2149.9293004347587,1945.56311272159,3126.7987802337707
10.415,2348.0764253944167,2186.5030191224864,3069.9123817784416
10.434,2335.636706797622,1858.0369398380606,3527.085205503325
10.434,1985.7668152601677,1908.8779701885212,2845.5812430285227
10.454,2353.4927820983157,1957.4468064826972,2730.526646211297
10.454,2118.7919441746412,1767.5840110008432,3158.8526588051454
10.475,2748.74168548302,1797.2276074859155,3075.823986394713
10.475,2287.3178336183614,2277.545498757403,3458.348368223439
10.496,2226.789122239413,2254.1669452083356,3134.6802934407874
10.496,2145.4660513437866,1880.3395116461631,2822.382862954358
10.516,2317.6697604336655,1980.190768904104,3080.6315062183317
10.516,2597.7955611207954,2134.820621018117,3104.661442319686
10.537,2675.619427690958,1719.8537117980782,2654.4533441240587
10.537,2308.797552139954,1979.6502166002679,2508.8094773183384
10.56,2349.1127632371167,1805.8884602936346,3312.9474785496045
10.56,2517.5862221917473,1898.7490944566287,2544.5752748859727
10.58,2509.4542091933695,1940.8747553539563,2869.126674017769
10.58,2190.289078801379,2149.351708716217,2866.5607358601997
10.58,2194.125794008194,1680.7436021357912,2763.0739198441
10.581,2356.1825725444505,2130.6976208560773,3350.762133344353
10.601,2301.3014684664236,2014.7792364605102,3290.7736401664333
10.601,2562.172490333041,2036.5623985287789,3619.389598998757
10.621,2369.901894170364,2088.6936666314286,2885.1405581107924
10.621,2749.013078102601,1720.6302620460237,3153.446275293448
10.643,2395.30129882859,2025.6792038929937,2598.8942053176315
10.643,2421.1614424511617,1854.5717806512746,3196.325598058866
10.663,2293.4469640990847,1800.3411736462817,3215.465523670849
10.663,2653.326368644111,1967.0093825818897,3202.0933715680044
10.683,2207.3004588346876,1766.4504404187305,2826.936988743594
10.683,2488.3110238811114,2105.532015791173,3481.0532449708094
10.706,2275.324794726425,2182.378340792012,3519.2950646568447
10.706,2398.19264886066,1765.2789425305896,3251.160742956967
10.726,2259.5883659344363,1949.877231588863,3204.4885224151226
10.726,2229.5273998671632,2105.090708638412,3044.6090913957
10.747,2097.296225830482,1881.0523990858082,3274.688056963268
10.747,2062.3176365400004,2068.0203754785175,3108.162076158308
10.748,2370.938138851775,1918.8393285904103,3176.816825782782
10.748,2502.2432754727506,1740.734647364461,2990.4686966368436
10.769,2298.117476592615,1846.9059391137812,3245.3894383317534
10.769,1928.945005600882,1758.913052516104,3221.5169652588015
10.789,2570.3892020018575,1860.1008987870248,2815.461655312004
10.789,2115.1265038368238,1903.0444615183383,3223.7380087873125
10.81,2158.9254255941573,2186.5903826506374,3078.1353338248186
10.81,2327.879517421348,1985.895115992822,2696.2552625426797
10.831,2338.400962831402,1784.3532258045923,3123.6869928382066
10.832,2255.4160925164056,2078.11553862797,3035.203661581865
10.853,2108.4086410504724,1717.3115910953402,3443.4021958130334
10.853,2473.249405006345,1940.9334934494234,3145.7372203947634
10.875,2184.0586181917574,2026.516930456834,2855.7751147554727
10.875,2542.9507534955005,2138.8748374814795,2997.9970333027104
10.895,2485.3112655055197,2015.8766026686758,3321.911301074094
10.895,2239.7912549599364,1913.0407579106015,3032.5321059896905
10.915,2452.0943779022164,1710.1983307516236,3110.4469943217478
10.915,2134.189489456263,1866.0532539237438,3181.88816251372
10.915,2283.7406012054475,2040.0982659986569,3173.369560980632
10.916,2122.7499764867457,1948.0799185836536,3579.831228338336
10.936,1979.9056067995061,1876.0971289063555,3186.3065250982445
10.936,2561.6093224166193,1699.8968608292473,3023.621318233879
10.956,1863.5630741730677,1734.2356090054961,3025.324405235257
10.956,1887.4156685538962,2246.115465073339,3176.374407652496
10.977,2267.8037911791334,1863.8108837136451,3675.934102134157
10.977,2116.2435108605764,1962.7663058486314,2890.011216952835
10.998,2659.5897734714663,1767.3870369819067,3286.032000589232
10.999,2669.6298793381675,2169.0279782298694,2769.9751880857884
11.018,2426.3677737884495,2034.3081874851432,2909.6749039550964
11.018,2514.2101440055244,2023.0838869983445,2817.424936898773
11.04,2748.840814256885,2269.165634031714,2350.4062063925676
11.04,2363.5156481114714,1917.3544225916207,3330.6188429552262
11.06,2458.1609442941462,2005.4833110873246,3065.5944918855816
11.06,2509.8754570822366,1997.4464456313885,3370.3733562877114
11.082,2285.4731966258405,1665.3151749246813,3341.8238879318137
11.082,2318.6632192338884,1994.0841159493225,3140.6449680416176
11.082,2212.9532877439756,1674.294576560962,3069.734997169176
11.082,2414.9233118698357,1629.310981116661,3145.985808189234
11.103,2596.1248664059135,2221.757525505001,3000.9180486680716
11.103,2577.245094124485,2062.175696543103,3160.5375173614343
11.123,2400.004217432088,1715.3102577288505,3163.472250012309
11.124,2528.350305087856,2140.513435024867,2898.2499672502486
11.146,1964.215322802373,1684.1405225040573,3518.9696653073725
11.146,2631.436462123955,2259.9785090858722,2818.0212931614406
11.167,2478.8552832105456,1718.660037176379,3241.0003823346947
11.167,2338.6851198003137,1869.75950516546,3076.562981757857
11.188,2372.7917046549023,2063.5324492705568,3134.8713458101042
11.188,1980.3861539217255,1910.445000406301,3140.942545338209
11.21,2351.7853930215692,2308.7517941203637,3210.984673606523
11.21,2437.498181720143,1998.1281780448667,3032.3416287626396
11.233,2175.8147624315006,1808.0672901751168,3242.9855751620835
11.233,2340.7027063866076,1875.0533480847816,2803.2855226069037
11.253,2344.346709247061,1857.0627929545642,2963.541055688348
11.253,1978.1968057347103,1890.5909501346307,3025.4593077410277
11.254,2227.461522679789,2144.8400488928614,3324.4532492726566
11.254,2276.7228416713974,1673.019194658765,3096.724493270409
11.275,2425.8396400998563,2007.18807568266,2722.517558790262
11.275,2512.598524516343,1839.610107996799,3136.837536607932
11.296,2194.820728922635,2189.7144297574227,3170.5865070079785
11.296,2612.7233416522586,2100.762814215336,3058.095403455028
11.318,2493.4920544108004,1670.5713553382136,3290.83421722223
11.318,2333.777887872892,1669.2507777411747,2560.96906682957
11.338,2278.6121696733567,1723.800570550859,3328.9280875085283
11.338,2498.279388832282,2006.7641715410637,2968.77575178048
11.36,2559.8366521925773,2160.2629722949405,2708.248887389498
11.36,2642.2736911251054,1938.2951589779893,3238.1583358503062
11.382,2267.763078504673,1698.7620551292357,2936.9578347488723
11.382,2247.3864235074075,1561.0785517472414,2790.282513892378
11.401,2238.454442409507,2069.6422027064796,3235.797679235909
11.401,2445.1289925249707,1763.7837818241878,2939.1617837578124
11.422,2211.8082504847,2208.153362083788,3306.237929449223
11.422,2623.6959755477496,1821.8362817702277,3207.590476874936
11.422,2107.9216795702346,1744.07707596169,3525.0100930293474
11.422,2822.3711826834947,1619.467526586738,2847.7418979100466
11.443,2338.1175930412383,1871.8693753320508,3217.2967207901906
11.443,2934.375596994306,1960.6012302114186,2794.033045329995
11.463,2352.2665720441164,1882.9760826845707,2795.463357732414
11.463,2481.773710238763,1940.5901776476258,3149.746323585386
11.484,2121.0298647616473,1984.1094822180949,3188.748633404057
11.484,2375.9424497635605,2047.2853797249704,2738.3656986621354
11.504,2337.261707991247,1744.9377430159338,3267.060328668439
11.504,2165.380198558404,1959.8634851833417,3210.6547945493326
11.524,2777.024812942258,1996.9860791587564,3117.088363220591
11.524,2578.3146135142583,1879.7509048651198,2717.6800694791905
11.547,2347.90727799951,2143.1231584353695,3062.6970205444036
11.547,2109.021185467445,1742.9262301237518,3172.631448216042
11.568,2485.7311229499146,1910.530766384176,3066.089351493307
11.568,2659.1953461226303,1951.9460906312675,3085.7343445814226
11.588,2382.814300216628,1819.4257960397592,3552.923829700952
11.588,2505.9393535296954,1819.891223482336,3184.7673341048726
11.589,2570.7990986553605,1714.098608202571,2816.803329944044
11.589,2693.2619058504833,2258.769888175112,2330.8361583789965
11.61,1811.7196298582267,1788.7401386356858,3331.698103381913
11.61,2165.1732688514053,1990.0904441859109,3396.9193899614747
11.63,2388.5639294098364,1913.2169820159154,3056.325624278892
11.631,2245.4801873339047,1854.8028526734888,2837.20607676227
11.651,2385.760723604977,1733.5437146088277,2578.219260887821
11.652,2295.2611877696,1595.5756115120612,2651.0153309751377
11.693,2504.162820479952,1675.745290745368,3606.946857495176
11.693,2300.6099368717078,2172.5546142506087,3141.0599907810406
11.693,2409.652656021813,1954.7359001550349,2515.6689757673303
11.693,2367.7433303953176,1717.3345171429353,2843.459007616839
11.715,2322.6712362283497,2000.9983305166547,3345.0596459650183
11.715,2194.0348089258996,2137.6580129619742,3116.3932720656117
11.734,2154.947011749363,2122.708911482377,2901.1333477076355
11.734,2260.9225222972404,2175.71943930807,2922.1818175464127
11.754,2177.41391390728,1996.0283210923233,2938.8734124879816
11.754,2337.5924178370337,1780.174585493787,3249.064711407584
11.754,2695.862627454393,1900.440184826317,3092.0747258310516
11.754,2273.064118832123,2061.9974559957177,2980.089236769117
11.775,2082.0124040867927,1837.010657398047,3173.182660576893
11.775,2256.999704229914,1914.4515264405682,2960.0624030914164
11.796,2317.7725425532253,2235.752841957281,2785.6568478185304
11.796,2335.226831668659,2048.562920281154,3069.863401930949
11.817,2232.8229018931384,1714.3117159800242,2926.5202246406125
11.818,2449.1092850031364,2143.393132775426,3524.0671702288746
11.84,2171.737519985272,1893.2187054307544,3570.397432952759
11.84,2344.1307438892563,1894.294628414888,3463.1104308813715
11.86,2427.9084865967952,1923.8966802945756,3250.950635519986
11.86,2399.4873123708203,1847.1138414570464,2574.1072378870595
11.882,2203.80264974586,2013.3353947649598,3035.7348497048506
11.882,2319.1997630094047,1987.3751441759694,2896.923990568317
11.903,2355.2812268765147,2295.0730895592637,3051.767139923367
11.903,2256.1873190027727,1992.630419090461,2999.2744854176976
11.922,2113.2569208586847,1757.5356182967616,2875.3725099176436
11.922,2288.2827121793403,1938.1452995224818,2617.2613096889754
11.922,2248.140138143054,2102.226166499167,3309.6068121369944
11.923,2169.8777689803983,1822.212324375734,3595.6914912324637
11.942,2727.3443132536254,1915.3386064124118,3576.6778363145727
11.943,2474.0324001860167,1915.1694049105893,2836.506007236285
11.963,2290.2086491981013,1712.180072544288,2841.8641508737624
11.963,2150.289045475754,1660.0403018927523,2849.1841754698166
11.975,2304.5390768237276,1930.8097058260837,2656.4228814577846
11.975,2039.3627127596833,1927.0088301948797,2595.396566245153
11.997,2452.421343200728,1838.716611491323,3020.6651644865537
11.997,2533.6054806514117,1746.5490012093612,3017.373555789956
12.016,2407.5148095750133,1713.8899602503693,2721.513550487006
12.016,2144.2721288892676,2066.320084853388,3217.9638575804684
12.036,2477.454156912182,2130.81901429094,3354.7578621162374
12.036,2255.9277375062593,2076.4665057610564,2961.5428444759
12.057,2655.086307256882,2062.6915930712735,3063.2865418314004
12.057,2144.9590751416345,1940.9483221503358,3400.048910611715
12.077,2352.6181439717084,1894.1578328996077,2858.715665343861
12.077,2327.522961351752,1870.0139322894902,3653.090938512367
12.078,2447.9351848647434,2070.9020269180837,2967.682560286299
12.078,1786.408533030744,1862.6908233823453,3362.7051371886027
12.1,2447.776458634344,1630.1050669107613,2948.6005999491813
12.1,2544.1691668357557,2116.078748757554,3109.1103722515086
12.118,2522.214871082869,1782.7679617754645,3418.6874267860185
12.118,2416.018323595413,1912.6257737571136,3168.123484330241
12.139,2187.811613124878,1859.76314001066,3030.704546906462
12.139,2915.7783350659392,1871.4414090361718,2673.2842973178404
12.159,2264.5559956240236,1959.349192142147,2689.504781327665
12.159,2200.1078286167,1682.057666747798,3135.9888843469785
12.18,2043.263601368416,1795.2946496420066,2621.964716403753
12.18,2164.1295615284066,1899.8851623764347,3518.5727062417527
12.202,2178.956280576037,2094.8237761463697,3738.4856823231694
12.202,2453.5270334317856,2060.146036743898,3014.077584848208
12.223,2737.4348785504626,1685.1763270652364,2946.9028123042563
12.223,2652.4989326304044,1909.0031950369587,3149.3504234526786
12.243,2544.41624209921,1635.2557647245135,2963.028486844776
12.243,2669.1225156711757,2244.6784797506807,3218.7136890629076
12.244,2045.2800758956055,2095.315378207666,3273.322653009937
12.244,2342.9636532888794,1822.1350062071763,2863.5060201598358
12.265,2293.5066754833647,1676.0112859095154,2943.017677007657
12.265,1754.321527581385,2210.634105073096,3312.851455046819
12.284,2386.806653522442,1776.8639047848917,2480.4997960645983
12.285,2545.3070926278237,2104.39552482563,2806.5316752358876
12.305,2127.1835984639547,1809.107026054445,3150.9011319603214
12.305,2206.93989381149,1718.1545896094992,3142.105059900322
12.325,2582.3986156450355,1972.2633613801827,2953.5276785976585
12.325,2302.3362103579016,1672.8708352834058,2698.394027054202
12.346,2435.8380402082107,2077.457683024575,3052.0323041501106
12.346,2457.771151816998,1739.7490219358933,2904.6922529369585
12.368,2280.948378888833,1934.6128158645115,3226.8162575003794
12.368,2694.186194806035,1814.0212690433275,2975.8002472930957
12.389,2236.169536337771,1885.6308079417174,3232.538817753028
12.389,2457.264212802672,2156.614591338902,2940.9522047055525
12.41,2199.1266225825334,1768.5020194267595,3151.05770863691
12.411,2286.589405974516,1828.5534929614028,3429.3890989907454
12.411,2464.777695331938,1677.8769482722307,3024.2558914725496
12.411,2581.4414316489333,2040.6978632560124,2980.6351935674734
12.433,2356.463180076464,2001.8208846980074,3437.5825787055965
12.433,2415.1687521084596,2079.959324384157,3064.168870971759
12.454,2364.620946224827,2204.3087772843587,2767.897864161041
12.454,2271.7459710515227,1928.594362014234,3549.350174334101
12.476,2390.574062262313,1904.009872599986,3015.980683884169
12.476,2220.9269356113923,1570.2999696737866,3263.487632017849
12.495,2101.508826528376,1913.8956000172457,3232.812285727611
12.495,2014.935357619429,2249.1007022662766,3100.1336037622314
12.537,2255.711087135075,1787.7329032722994,3075.8919073216166
12.537,2527.2804395019325,1987.957345630185,3325.986050572795
12.537,2010.4082141461245,1677.0618568107861,2642.205397262248
12.537,2311.898777348662,1850.2047619008486,3150.404291900777
12.558,2542.411616388349,2063.6400780224,3340.6182947906686
12.558,2349.255680699511,2099.6001116162697,3523.3782131137004
12.578,2412.998559593494,1813.1256338544347,2869.8964234659475
12.578,2318.960457004956,1883.398373884572,3044.65751938949
12.578,2130.008342334261,2182.1498552086327,3483.2098097789426
12.578,2286.112328105872,1735.8046156428577,2996.7767595591154
12.601,2750.583260346493,1881.0956903519818,3228.1850069236752
12.601,2300.1142480954927,1916.2520243121521,3467.847503843154
12.622,2012.933714370233,1844.9021569941808,3445.5470723078515
12.622,2269.8584681025764,1915.9239366026172,3240.5532917152996
12.644,2370.2450978588467,1322.410417358668,2750.4300139329084
12.644,2374.260160278434,2052.594250240112,3171.5476454316863
12.664,2416.287474848746,1926.8621029635153,2894.4169446371584
12.664,1962.375528681883,1751.1442330271611,3419.983404256907
12.684,2547.1886529428766,1934.1516567146787,3086.1873937084856
12.684,2375.747482455285,1747.8630404013577,3308.185182389497
12.706,2040.4898949159426,1726.7326737451058,2844.6018756618264
12.706,2403.0383583216426,1990.172628896796,2864.370912591676
12.727,2313.8150463151737,2030.1738779500142,2878.062115758768
12.727,2310.6573758931413,1973.9310860373025,3594.62058460163
12.747,2555.4953013228233,1624.8350518562306,3095.6042224677885
12.747,2537.700940292836,1882.1465254397756,2896.463270508234
12.747,1850.4125387017195,1895.8905414782066,2816.000539074528
12.747,2767.7152322982533,1722.7737612186672,3061.1648736571296
12.768,2477.916490438358,2165.6868160058857,3156.9258793357535
12.768,2380.202268763093,2009.0420229276874,3181.233486502339
12.788,2319.086847376519,1686.6759931982788,3136.7657489436383
12.788,2513.820214188275,1794.8869869006548,2683.90422464456
12.81,2323.7533950152038,1824.5288973777695,3166.2805473112276
12.81,2324.2295765225635,1864.1356376382375,2849.6319916182492
12.829,2490.7346470745297,1871.6362187103523,3440.96510540802
12.829,2388.035843706258,1952.7690324084087,3230.0088431919403
12.852,2240.986595697563,1738.4188463638807,3017.627194673581
12.852,2390.9178530753743,1959.8643364030117,3169.850800206709
12.871,2800.1758339582107,1545.6085836940388,2801.3999729355005
12.871,2553.687486189862,2097.0392158527425,3503.2740055839595
12.892,2526.759029655215,1743.491842091743,2613.734212599923
12.892,2320.6719991191662,1873.6294774368666,3061.467993059993
12.913,2240.8118691508644,1953.8305642301484,3183.013734775852
12.913,2429.951504809504,2072.2619068765807,3142.3555597797845
12.913,2776.5248070494617,1900.3111435780247,3384.8174211412543
12.913,2271.514720263249,1684.2739688108093,2871.1689511788622
12.934,2410.5949079434577,2033.5116830779948,3015.689746797023
12.934,2456.0165719039887,2295.707234560404,3372.756216816891
12.955,2469.571653830422,2250.624129188844,3205.5555415480308
12.955,2337.6451687501144,2253.8473469697374,3405.812073203419
12.977,2242.7448446588646,2099.2138905381253,3081.371495305162
12.977,2388.411430194766,1835.4816434582242,3339.665880186052
13.021,2323.536841080301,1539.8381841980822,2536.8498624791
13.021,2321.6158083066885,2537.147673119828,2732.7043345743486
13.021,2657.62946554311,1848.7502314751018,3348.72582358362
13.021,2290.892912415884,1565.2668019884707,2986.6787867009816
13.041,2626.9392269076925,2157.8250408251633,3226.7042736136923
13.041,2271.5352650217815,1930.7952099589386,3314.9681414904535
13.064,2344.1582621796933,1898.9030914604855,2814.314690420179
13.064,2402.326891754289,2021.70371905998,2966.7800909214425
13.084,2300.4070975969444,1664.4098308911223,3146.2980004253777
13.084,2145.5697484648144,2229.068718353633,2944.881269458871
13.085,2315.5798632985434,1824.1505879669414,3333.042132017926
13.085,2277.064642930183,1853.7563732905899,2502.3877429139634
13.106,2273.5810658464284,1739.1494757496691,2940.01225212001
13.106,2470.9281449796713,2163.5938780633824,3467.169727652401
13.126,2260.247788677851,2129.8768701244517,3205.099856733712
13.126,2217.6814905943347,1921.0833279925432,3456.75733466023
13.147,2244.3576854714925,1954.5813557940148,3371.2790089015484
13.147,2646.2229918142757,1847.2927987125777,3444.0174692414485
13.168,1942.552485480675,1972.9054514741233,3011.767786519976
13.168,2639.1874925242114,1665.7576021924583,3321.1025552252927
13.189,2295.83548143191,2020.79368029549,3235.3580539584773
13.19,2127.745391639189,1672.0629774176296,2634.8361502861967
13.208,2252.280827470571,2007.824281006784,2913.598743046541
13.208,2086.78418420017,1790.3550378408017,3334.5835387032976
13.23,2401.6541364090394,1971.4923746981262,3341.864423247493
13.23,2255.2295415494373,2014.2012652101585,2873.4037601628056
13.251,1942.221340125153,1888.1817731755193,3187.745155937985
13.251,2597.540550581356,1972.5586240521693,3626.3966285903202
13.252,2364.6787017538454,1868.0289514219837,3036.1598989080708
13.252,1960.2467003642241,1842.1892152734258,3436.1893184883647
13.273,2129.8694745512826,1793.3201452102649,3088.92372501798
13.273,2202.8500800513634,1985.532039867313,3148.3038865715284
13.294,2264.4114544285194,2032.4784651397383,3454.6097274410267
13.294,2413.972884042032,2048.351730065072,2997.612292635777
13.316,2621.8469326925683,1745.2924630297907,2565.9174861574043
13.316,2441.1598972971055,1797.1540081694536,3246.697245077631
13.337,2390.3758250576266,2043.3761243233912,2955.39643482498
13.337,2748.182873850998,1954.8768802825825,3392.822115012279
13.357,2315.2220282200633,1868.7161541937953,2944.652107557261
13.357,2441.766633050645,1828.1721128723132,3102.0429108009525
13.377,2057.104221577143,1736.4989001857334,2981.047613489327
13.377,2349.4843160914897,1854.8461381533125,2825.624718766681
13.399,2537.694628660393,1739.8337778615985,3044.9937284014263
13.4,2146.1645356920567,1507.7214877890437,3346.432924207737
13.418,2311.4880497739905,1781.6373848175422,3128.4194481298914
13.418,2289.123994289027,2073.459881385113,2762.0642272184286
13.419,2469.721876807274,1920.251855277581,3098.3451785269535
13.419,2247.2493110113724,2207.8895580621274,3225.9679782912926
13.439,2124.461750990859,1936.2548003795114,2880.9321591185358
13.439,2354.5794746578667,1986.1898943122912,3268.796434433089
13.461,2408.099309015269,1964.9348099946549,3255.62989288427
13.461,2189.0109373229247,1771.7363047591393,2768.5130748242245
13.481,2293.555607133173,1945.7416569818322,3025.236790546495
13.481,2250.9346028667687,1837.1483628815022,3523.0704964395354
13.5,2221.6808262883665,2107.637191498521,3319.0101459441485
13.5,2299.928380968891,1946.4785677971129,3145.8251036333972
13.522,2308.189523309872,2005.882484798305,3261.5946867145512
13.523,2154.8296849103426,1700.4820979231072,3507.4303026658026
13.542,2657.5098665533046,1762.7822342500506,3137.4470187488414
13.542,2606.6192806892386,2094.634300500737,3314.7037842212185
13.562,2519.6858052083135,1996.8209331517894,3494.4283871340813
13.562,2261.7090018367444,1940.6078590196812,3162.962409033438
13.585,2328.643532714059,2107.596694921958,3289.934740279058
13.585,2381.7722148417242,1804.3772359843695,3340.2715802760194
13.585,2154.891233991973,1871.2819462410453,2897.284335600213
13.585,2478.6485046298894,1840.3269313757398,2748.5249270138347
13.603,1978.682031428716,2138.8216435428344,3252.9936953318684
13.603,2455.725683156947,1977.6390651180975,3649.495240172784
13.624,2725.9293470195034,1953.0440987459224,2802.719260504351
13.624,2219.280946261365,2093.476374332621,3437.8020272744507
13.644,2387.6176893578036,2146.8703047576832,3594.0476565104336
13.644,2365.09105150282,2000.7558306004833,2994.457455046011
13.664,2349.0489147567664,1944.2274255825114,3442.2913235171463
13.664,2429.209850382944,2081.5002036570263,3119.0108419716835
13.685,2283.1064341382357,1572.897446157995,3089.5166685629665
13.686,2392.054407379907,1929.2352316489355,3908.0542048181405
13.706,1905.8930225580884,2111.406526281363,3036.639377189936
13.706,2592.814166874332,2038.6366590500957,2990.099105750233
13.726,2345.6366925809134,1773.7994593817189,3155.4291156307418
13.726,2217.068353059471,1908.474695695257,2783.8911226281148
13.749,2656.2241955300833,2015.6165292759551,2855.825279151519
13.749,2391.750144887896,1852.95069072502,3220.849019323587
13.749,2349.2830455119083,1853.8380541088059,2900.1845955398344
13.749,2408.841458633851,1994.5810364858303,3186.190908476964
13.768,2445.5993159349346,1977.357998011894,2791.924624134017
13.768,2024.0409701492608,1685.9083086221685,3211.271933548589
13.789,2605.298279041929,2255.99754573836,3501.558437016776
13.789,2347.005275676122,2170.0559134842333,2984.478092481423
13.809,2301.7241653910082,2050.5802628323427,3025.6693951581287
13.809,2266.7519676871875,1978.7740476860583,2839.9481396179995
13.83,2168.67829499792,1556.613314528327,3157.886275916892
13.83,2634.278967702487,1787.3187857551904,3321.5281301994905
13.851,2599.6816450594715,1942.2193497066426,3091.1632642523914
13.851,2174.2632867603793,1833.2849234597131,2772.9079175992088
13.871,2183.9608765030694,1878.9311720242451,3118.790623094204
13.871,2182.0827407449365,1977.9412650067954,3044.619336935134
13.892,2253.1022559239086,1980.0721219310374,3440.643411210884
13.892,2427.8107038812977,1879.1857975798785,3167.3563300745427
13.914,2136.762434115356,2089.7308267583076,3023.611276691422
13.914,2086.84570360745,2060.670830036741,2724.539324682717
13.914,2034.0122969947563,1979.2142157441829,3212.843372800696
13.914,2598.8446735983043,1797.440356962841,3216.86911620872
13.935,2651.8590362461177,2174.2373882725665,3119.1792096692984
13.935,2331.322334681779,1965.7408209476798,3026.7775129547417
13.955,2345.8684484480573,1991.8943731357565,3240.21468263358
13.955,2203.9537203361733,1971.3664136838993,3339.317851221315
13.977,2274.073986829298,2004.1240516748614,3457.7567567863266
13.977,2454.490419387286,1914.246646821214,3176.2530330333907
13.998,2243.022099410252,1970.3313904168608,2886.733501020459
13.998,2295.433165398211,1807.2243681091136,3175.760013771241
14.018,2684.5409274830317,2145.870917076331,3032.18401110293
14.018,2379.390119429131,1699.7764241915534,3381.9222107391256
14.04,2592.8784335436508,2090.1150881063277,2921.7753618133634
14.04,1814.3600585695415,2243.940851136195,2470.323349484003
14.06,2178.783998386311,2051.87785651119,2894.962860399076
14.06,2520.911653592105,1819.0187427839003,2483.459780792359
14.081,2376.6649736929435,1789.539281313543,2785.2156210332687
14.081,2486.038839161319,1815.3197675069196,3262.145989239558
14.082,2326.7400555044537,2145.2182471250117,2908.154194728656
14.082,2126.9359059436956,1782.7039229656787,3356.1690630058256
14.103,2641.8539069676017,2184.0333464496703,2907.0728929379047
14.103,2349.026109909327,1942.1901559597102,3517.9354931965445
14.124,2473.1795158799328,1924.7486538825185,2853.74020152544
14.124,2171.7841059893344,1914.1571518231822,3395.2915289726193
14.144,2101.3189292761576,1748.3404555658487,2755.7544788627993
14.144,2526.859994410725,2058.6636797431056,2969.436740640905
14.164,2571.52314531688,2076.665189544893,2853.2769924482604
14.164,2000.489780871586,1873.782340404788,2914.6953458346065
14.184,2266.894348671117,1988.7413382582852,2974.621323031064
14.184,2527.655301143202,1831.659144260674,2686.7642618337527
14.205,2369.6295694607657,1769.2110058583023,3071.573052080874
14.205,2466.994001181504,1720.1127870565122,3294.7945382372345
14.247,2346.3331688667154,1886.4969860287404,3070.0705641580685
14.247,2417.9143142998005,1745.340339602471,3203.7499260603954
14.247,2254.5879181506843,1815.12747232726,3242.1708569764387
14.248,2126.649462139306,2060.5099196844394,2943.325607811921
14.248,2518.852450025417,1784.3816116524845,3364.5024018935533
14.248,2546.8303362782553,1959.3302886111778,3888.093040724604
14.269,2646.074351043652,1767.4612648937396,3241.220672946343
14.269,2482.31239834351,1936.9586025402232,2950.8586109525863
14.288,2681.6985836540493,1794.7802384618356,3466.9632640602504
14.288,2189.5319611317477,1793.6732962947374,2889.7728980110087
14.309,2467.5796329810946,2213.8657388587794,3188.1449193137923
14.309,1999.073249091626,1977.6564690700866,3035.3932124182393
14.329,1923.6844845848598,1818.147002615683,2794.7695277593043
14.329,2378.804177703168,1952.059349591667,3289.4814934976457
14.35,2142.9720484435466,2145.5772569478645,3165.7756874634492
14.35,2223.0410554618034,1927.537535795568,2686.637920163455
14.371,2308.890344644992,1730.7403242322673,3018.300875160283
14.371,2260.8250675250124,1842.9176411095125,2990.254108043142
14.392,2371.634736563037,2041.111902159853,2943.7861135700036
14.392,2311.2344127848255,2028.2306322078548,2867.7408351921113
14.433,2300.6107767599565,1924.8808969830525,3007.410541690363
14.433,2616.8831300807087,1773.6929127256512,2677.7455496902926
14.433,2113.753118359495,1836.0249347160038,2699.1237947832774
14.433,2492.0643690369466,1939.4520720539986,3045.5289613635305
14.434,2362.8317761502517,1827.8831565573414,2808.6718376457584
14.434,2574.749497461737,1871.5182562099524,3054.844817431443
14.454,2199.353575975897,1620.6204204146916,2973.703086914634
14.454,2278.306396908376,1948.05754798472,3452.589410030904
14.474,2511.4344410171584,1583.530305408205,2625.436731144353
14.475,2613.488799532464,1842.8542405599924,2865.610887311082
14.495,2253.3789619269455,1833.8577999885645,2637.6872638638342
14.495,2063.5231323795037,1919.8587465370274,2953.186414505976
14.515,2472.498696025162,2079.7378729433667,2982.503121294703
14.516,2544.7499522918115,1861.8815879262575,3086.805759749135
14.557,2475.0167207163636,1866.3605822082643,3002.321642082693
14.557,2514.7401339566322,1981.6441216833193,2950.349875255755
14.557,2239.5074083180625,1783.5433876008435,3119.978622471981
14.557,2542.382317883292,2028.6051244940297,3100.0755132889344
14.577,2649.2038517849387,1878.4312178841492,2961.022755419305
14.577,2195.6853512072075,1813.2884084080415,3342.4203317576043
14.577,2221.807362377802,1879.3279395031864,2826.969631679145
14.577,2147.4004004886983,2209.469308451081,3317.0216274144623
14.598,2103.7317751867145,1788.0077954224325,3022.362941116297
14.598,2331.7309745089897,1924.708536092195,3207.2014848130334
14.619,1904.1422635821261,1705.913942669062,3494.112327248816
14.619,2441.125785926779,2081.196262220402,3128.995075843704
14.639,2202.4939101523287,1970.5306211550471,3181.013748194444
14.639,2375.0355647081333,1823.4258440474227,2881.68530358141
14.66,2447.6773409727502,1711.2271697429712,3083.9968285818136
14.661,2336.2788257357543,2155.52358076831,3100.40688443643
14.681,2368.089737246476,1953.4706909867164,3280.960146849447
14.681,2192.17893314704,2012.7218022780498,3389.6998547678854
14.703,2217.2011733080585,1726.2901696280005,3198.605434624056
14.703,2241.2382434506685,2158.073038755818,3276.717829059356
14.723,2407.5307947492597,1650.0042541114785,3325.0253892134688
14.723,2422.0861420025367,1694.0553927343622,3333.496300596821
14.743,2148.291574031671,1894.2019279275744,2950.9473278669266
14.743,2434.6232138693704,1670.0666364690633,3408.4485319192477
14.743,2455.4954594380592,2048.295749892812,3108.0188516777694
14.743,2620.5390297512886,2115.292501117879,3357.5530202289888
14.764,2550.930259773209,2133.9862839028438,2925.697293752454
14.764,2290.6093711755243,1920.3565991786215,2738.9690220281664
14.784,1983.1295557028318,1869.6360446537424,3218.751416467111
14.784,2774.048146713971,2010.4529672592223,3163.1320795765714
14.804,2411.840825121929,1828.811677844672,3162.8041446826196
14.804,2449.4782582061785,1983.3356376608401,3329.293870683667
14.826,2330.280002966059,1663.273334643392,3277.7455482925766
14.826,2517.7585457778723,2161.6604082157974,3037.0602209409853
14.847,2952.070034342036,1979.8408709785624,3116.808407369062
14.847,2302.6781113071956,1685.1136347435122,2832.416026828727
14.869,2546.8942787603037,1947.4156745120056,2909.9288198995055
14.869,2575.80692980951,1766.5925534333983,2723.3048615520793
14.889,2359.862628771721,1768.5637443306073,3225.7790982776555
14.889,2784.0390582805526,1932.3823190791486,3058.64651130049
14.909,2396.4721778349253,2057.615321094506,3295.2417770505444
14.909,2334.1174023877857,1728.4465726380795,3150.5898996350143
14.909,2350.3996930155467,2228.7947594265297,3444.142690320015
14.909,2851.268263523057,1855.8518401808367,3098.8509203967014
14.931,2056.835398351415,2338.669778813975,2921.64247102952
14.931,2414.11976924492,2084.105217330528,2864.1651976654075
14.951,2649.057892330287,2048.0885031725825,2892.484615274349
14.951,2465.062658974353,1881.3361048386685,2924.1485954460645
14.971,2089.661156160721,1940.8480808989377,3254.1364684736586
14.971,2293.636043636038,1879.5555190959633,3532.8823260159343
15.01,2316.766196373468,1665.8306009458447,3504.8420582337985
15.01,2195.6419888136884,1940.0919843636136,2563.41130359977
15.01,2497.3002075372247,1969.1359408202347,3145.151484063953
15.01,2670.9578899335684,1924.4201751496926,2736.6872738174357
15.028,2206.441777640053,2067.4323880430943,3266.531608582121
15.028,2231.026756943054,1816.1541394244548,3143.6769498970816
15.049,2573.0563304649168,2084.2685700492902,2879.4909774878
15.049,1994.1385978339326,1707.7314626706418,3326.091125738651
15.07,2390.4964258344125,2251.706962108407,2939.4859608177976
15.07,2268.8812274140214,1553.2356718225203,2986.6568514430046
15.071,2103.8708993211285,1882.5456652871046,3189.1091636564124
15.071,2266.524201021237,1794.8959747048189,3320.07829053183
15.091,2631.866058212159,2024.0302393950954,2864.1518754938825
15.091,1904.5693155250442,1872.1659142179217,3187.5004074720973
15.112,2450.6246676847886,2016.3336014860326,3007.392312911849
15.112,2606.386893050316,2004.2246158105318,2664.281383473513
15.133,2541.9739649398834,1969.9784747525816,2896.1503782961036
15.133,2307.08491257278,1742.9622274841477,3132.4365590229677
15.153,2357.1468468242847,1859.2520056289115,3489.4196978688133
15.153,2299.1397320730757,1923.5946388114417,3127.8676283417853
15.198,2408.748505643152,1731.8171878122394,3274.53986290113
15.198,2449.5578597391454,1886.8473074971666,3316.481992779186
15.198,2489.977128065347,1995.5563274576928,3282.9224497033138
15.198,2338.5236245735655,2068.6506014069128,3224.5379116673516
15.217,2371.0529706611205,2262.1802849047185,2775.734037541184
15.217,2079.1985179529656,1652.2232624402359,3320.1765777166916
15.237,2159.0923219145743,1951.865190867077,2851.334674401029
15.237,2471.8138403731514,1914.727066549168,3275.6855942005977
15.237,2433.4777853961273,2081.9066508003925,3080.9148891086343
15.237,2468.8024842744294,1698.1549513540929,3089.273143841086
15.28,2229.186628783387,1781.567180912939,3642.897091139296
15.28,2279.1144283388603,2035.7559373547358,2509.3115519456546
15.281,2354.7992274384396,1977.7587854827284,3019.6560004978087
15.281,2575.5958686509857,1998.4583068936297,3356.0426946463012
15.3,2442.970428498179,1781.6255253879979,2867.938899121065
15.3,2268.5252725404366,2136.228336870069,3123.327863363033
15.345,2431.39714210179,2011.0667286278353,3203.943240509308
15.345,2383.02590196957,1701.2706411886766,3323.4084894764655
15.345,2306.331481375193,2139.795616098205,3390.526175971247
15.345,2124.313310052524,2167.7273386952875,2829.7377128345943
15.363,2444.163202804181,1882.0389917024531,3119.2113397561175
15.363,2216.5289714422574,1857.8922537991518,2913.124684822987
15.383,2312.068967740127,2210.2561646878225,3038.578534974546
15.383,2293.6976434106996,1771.965493484606,3080.649605171195
15.403,2460.4684436217553,1897.1332889527773,3232.4990540388753
15.403,2165.5908236501737,2026.1369373426483,2456.5121086700315
15.404,2082.6846291007973,1817.0488050843533,2896.7991872958446
15.404,2447.164013871353,1794.9856187564378,3661.6810450091707
15.423,2429.9167356016405,1768.0526207017995,3476.4117321690564
15.423,2283.9700875496756,1793.559518865956,3008.179528155797
15.445,2413.2065810455615,1759.43018012633,3154.1245713734684
15.445,2379.575545767899,1973.4335734551032,2744.8033418469554
15.465,2504.9110574143924,1737.0429118847785,2923.797370798582
15.465,2192.1381044074565,2018.496479590594,2808.6196350653418
15.487,2145.3639837010223,1814.4157745810069,3717.8460346795437
15.487,2058.939780277549,1992.5883535778441,3223.46006077107
15.509,2422.61165637233,1821.029951833202,3032.313443756463
15.509,2463.4458337146843,2019.2716879377097,3495.879103607973
15.529,2186.7663510273915,1865.4030972096489,2983.371554192757
15.529,2226.2705616746184,1824.972645154189,3295.0261425327226
15.548,2295.7868044676447,1914.2625248379816,2975.5256816207034
15.549,2355.442802195252,2137.4092087068634,2847.3933696323274
15.57,2461.289383764736,1847.506010974793,2933.0592991553704
15.57,2105.386477024978,2040.94671211143,2766.5467427254057
15.57,2493.7981078811367,1857.3411528095116,3182.4638660904957
15.57,2565.716258891719,2428.070266373832,3133.6491820835595
15.594,2493.298634855841,1933.2058641378314,2874.5213898952456
15.594,2389.70254108734,1892.3388190097937,2788.4146816620214
15.614,2542.196464900925,1792.025294351392,2909.9996581039195
15.614,2312.6030449158106,1823.0713975937651,3018.330020118893
15.636,2251.7677138085205,2135.824931520991,3083.302764988311
15.636,2709.016329516374,1682.084780566599,3643.0954306934646
15.655,2170.147934536102,2025.9351014432802,3474.0778664955633
15.655,2368.3571276023563,1747.7609565978237,3397.5023659734557
15.677,2600.7415068355926,1922.082448661463,3314.75760940126
15.677,2418.443885699369,1691.851555478385,3108.0878548434985
15.697,1971.2351655792343,1983.113056269176,3255.2083684981926
15.697,2401.2498529582867,1665.0736244936882,2919.6466568640135
15.718,2248.116088242645,2109.481523843323,3446.0813657185226
15.718,2101.156514139505,2183.243816134366,2858.460229717319
15.738,2346.462744614104,1642.592330514887,3434.4051956615604
15.738,2478.0930689993897,1667.5805426815214,2730.4529116963586
15.739,2578.473227907186,1913.400356540282,3052.7108370721326
15.739,2324.420013851205,1887.4169296114644,3017.7459381203594
15.758,2422.8939426759384,1744.782125071542,2816.8951009735288
15.758,2283.1041183640386,2052.5006760487104,3447.4439388625046
15.778,2317.627875798972,1804.159933583641,3035.073627136032
15.778,2219.171197503249,1815.7327959382599,3213.1454971764324
15.798,2530.0070219766435,1934.4851286594185,2916.6686637495436
15.798,2281.8248909245476,1699.4021584926343,2921.138781672225
15.82,2245.9197935004,2094.3491684791215,3293.6891303492976
15.82,2193.402688686508,1876.1705833096305,3008.3424067515202
15.842,2529.514984002952,2075.3925279781974,3843.4373841403776
15.842,2461.6895219064913,1771.7687023313379,2770.2898928335926
15.862,2484.8510409774785,1826.9561387743943,3786.492734221927
15.862,2512.204050265059,1741.1198214485157,3016.810258671248
15.883,2196.7250407057477,2299.9838994381907,3468.5447211768255
15.883,2008.5756877368915,2070.7456660491757,3181.852123495785
15.904,2341.146612096373,2039.6684548645903,3091.418832019585
15.904,2467.4504141080583,2073.30252470945,3291.6094460868403
15.904,2579.0474428695316,1875.5224109766266,3266.0851536510713
15.904,2030.9319803754247,2127.2034606036414,3012.478619962184
15.925,2322.713902788915,1881.3596550616958,2867.228688164601
15.925,2142.8953100851186,1844.2369407479205,3413.823252483564
15.947,2189.618903701182,1837.0722846691879,3220.9039197870957
15.947,2536.1741499015443,2156.5691305347686,3400.4383866229086
15.967,2269.8628479292115,1761.864930154657,3096.81649421117
15.967,2323.9224739347655,1880.907041442014,3081.973952119841
15.987,2235.0058551076067,1875.1106143244447,3551.724346406124
15.987,2410.090891440496,2062.661401082317,2957.788181199768
16.01,2132.1149624632258,2015.4448420831832,3472.644735337248
16.01,2193.1134779963377,1988.5091982918484,2976.400534504043
16.029,2568.6689103139242,1846.1922053383114,3080.4680853931804
16.029,2527.4033577783234,1941.1956155168307,3168.882360645944
16.05,2072.048081096083,2205.6279595775413,3073.166005754883
16.05,2207.237442421948,2127.958572910975,2810.67500957536
16.072,2330.885145642636,1810.8759031111633,3363.1118427199303
16.072,2457.6620426593913,2212.75592600575,2949.015206201022
16.072,2338.9299211677176,1860.0308948942718,3024.0252892332924
16.072,2595.49361311961,1945.812962071982,3239.9122822124777
16.092,2341.7218803088954,1915.0217707121715,3232.891861201407
16.092,2024.488205939869,2031.4189966586785,3057.5862720243117
16.112,2435.0433588652318,1984.6109052846875,2445.9750986120125
16.113,2412.380234696761,1909.1511958394058,3128.708816161296
16.133,2410.4280157042795,2078.115378364934,2755.064668906578
16.133,2000.9066845463208,2117.341585462197,3291.4743775946695
16.155,2599.7106569454354,1749.4251559340244,3146.927197724115
16.155,2253.482106527497,2004.961198686513,3525.8395253074927
16.178,2352.0812588185327,1772.08512530812,2671.771360325977
16.178,2485.092627880925,1803.2027855923207,3453.063375145235
16.198,2381.813280397557,1954.1681913649625,3087.866341374293
16.198,2071.395712879308,1833.3393472806004,3064.5314701268635
16.218,2340.6603910487697,2081.4733874751378,3040.259223858463
16.219,2445.159526465895,1601.1433399816412,3213.251497712823
16.239,2123.5434693642096,1864.1299921323775,3300.8914635791157
16.239,2435.023777075803,1896.3301599369684,3484.5261636681034
16.239,2529.1156659610347,1961.9598670201854,3118.989147400226
16.239,2406.680307057234,1676.801922347413,3118.88803719344
16.258,2345.398751210221,1879.932980866895,3073.069476938258
16.258,2685.236163086032,1755.429528014833,2633.769618868408
16.28,2629.134011738182,1928.8570451848248,3159.3087657490155
16.281,2201.3318504532226,1928.7341047236898,3360.1597510581555
16.321,2508.871554019098,2146.952112860169,3175.4564270296805
16.322,2610.9523554441453,1822.4796931813767,3034.5999741784763
16.322,2432.1364256552783,1973.789392011952,2931.840734529571
16.322,2310.98708520845,1995.3180179539504,2971.830396600619
16.344,2397.974585640266,2154.3984318603307,3229.374735668414
16.344,2367.3012753908015,1593.7640191998826,2852.9759109731503
16.363,2284.916064050167,1836.8237675462603,3340.8413090194704
16.363,2266.9605030002117,1904.5843732173712,3115.0408615140573
16.385,2160.073723431456,2070.3462309916313,3055.823303679428
16.385,2474.9145468645816,2030.7584429685671,2832.8142641189984
16.406,2738.4834593244395,1763.5499755593828,2695.228804236093
16.406,2057.9534349043015,1929.708639352312,3338.38074510101
16.407,2692.726815339246,1825.0082395939687,2996.0666428129152
16.407,2019.099544529005,1823.179366702581,3104.0221908550952
16.426,2691.5164348401904,1931.460222907169,3005.570553768268
16.426,2222.9092959971067,1837.0252787721995,3297.141559399557
16.448,1723.0826401908712,1888.9922775829314,3156.617833699907
16.448,2587.938779312721,1906.4098106643555,2922.8874917791927
16.468,2010.5178841921581,1752.5295166342344,3459.784962308385
16.468,2617.218900241685,1851.774857931442,3183.1150501158386
16.488,2315.7287870021246,1649.0007703020665,2836.6848813558413
16.488,2400.346432280566,1838.0243798612473,3090.624166205383
16.509,2561.735885365558,2223.3428708386764,3045.165092077993
16.509,2352.224991690603,1905.1722624146687,3042.1620875453887
16.529,2220.428147363773,1817.8615276428495,2699.3400103505987
16.529,2366.8874579274743,1769.5808974377746,3065.1907133694863
16.552,2704.7158105009275,1913.902460966872,3236.0301913358544
16.552,2169.0080412860284,1964.6146269690962,3321.7048042204888
16.567,2458.4446575373713,2024.8170117261006,2895.162922856112
16.567,2244.9412892400023,1578.5329558437554,2793.360585743422
16.568,2464.471503730526,1833.2947322245172,3572.9725276324853
16.568,2478.0179881098634,2028.5320643586283,3521.17795245635
16.588,2468.277221190947,1880.4850159325833,2948.2797613441508
16.588,2032.1754492919465,2078.8666313023077,3222.6595989827724
16.608,2132.099750948458,2031.5066456872944,2469.370628936799
16.608,2194.7947058130567,1914.7639757789525,2492.0220250739767
16.628,2276.1493116857105,1961.5978768017476,3542.6287224305083
16.628,2542.2480058450205,2074.8971172783477,2800.7243791076535
16.671,2543.332549673689,2178.5794280711816,3015.551216659911
16.671,2129.551966129279,2028.3091230305608,3354.8985731075827
16.671,2266.8860674695143,1965.3427156080375,3153.9497776685657
16.672,2188.9071947707102,2239.8112992356246,3123.743958157351
16.692,2480.4178378827587,1780.7706992215685,3180.8968542667494
16.693,2183.156803383883,1802.6260466739254,3185.1992109261764
16.715,2386.6038611614104,1578.7497802590337,2756.3375334756934
16.715,2489.6377768514863,1967.885187246209,3454.059399708323
16.734,2706.179396786829,1779.319398066954,2926.9776164117316
16.734,2436.56264151705,1764.3811399458261,3298.656709805589
16.735,2496.3249549043003,1709.4829119380975,3168.885690081281
16.735,2705.3865796788205,1642.1105452034844,2998.1760999010266
16.755,2648.751803529043,1675.5392732679127,2953.9273120976177
16.755,2464.1399235633253,1974.6059013526879,3122.469781550557
16.775,2090.196369360409,1962.555465468356,3307.54286873047
16.775,2115.46661146766,1718.6611303203722,3539.0104448857487
16.797,1905.4443766111292,2051.5352783017056,3098.1954708761623
16.797,2383.277219528693,1859.8400766630634,3408.4106354547384
16.818,2190.03144665992,2157.3618516072556,3451.843118863844
16.818,2690.6868858163702,2004.0068983587273,3083.189040691884
16.84,1778.7108329573725,2153.1079522267846,3133.026523597284
16.84,2599.6931576886404,2113.24543726809,3328.3590784190824
16.86,2167.735656137862,2098.8059482726258,3104.851332054457
16.86,2433.381774553022,1808.8248601453836,3557.1347168987077
16.88,2374.5602058594804,1664.1108322011864,3039.9801373808878
16.88,2651.364406240563,1923.1285195907003,3771.6912488199014
16.901,2456.473112890829,1877.4756587939592,3885.886986548063
16.901,2402.689848441804,2072.1873226471994,2531.262685404513
16.902,2335.9829083361255,2014.8896450558943,3034.0307044484894
16.902,2381.221722544046,1878.4499742832045,3365.8973141019815
16.926,2690.764620062976,1679.6306029161096,2645.1625248826003
16.926,2522.2683385626956,1900.3535331799826,2735.584780160359
16.943,2510.0439640542477,1696.4727758356057,3139.0578886847093
16.943,2579.4700813724085,1827.8126088209658,2852.818200852184
16.966,2418.117995567248,2225.130974897012,3213.125454185526
16.966,2595.512615820632,1975.0620172732176,3441.774397542157
16.986,2401.7238064022968,1626.7241095469356,3165.026164675871
16.986,2170.8851236675523,1811.376591777304,3235.5137272837005
17.006,2219.7209154891634,1881.1946070303225,2215.009259234021
17.007,2447.048565502965,2118.354624638671,2763.413655535475
17.027,2087.430287600975,2130.889082564312,3358.190983039242
17.027,2188.7573847008775,2170.2814140591586,3102.7982829948623
17.048,2257.148432833824,2241.8151729431993,3308.7428865559805
17.048,2750.5452201101475,1957.3838176180254,2864.9360029546306
17.069,2174.594756026257,1714.63900877339,3131.6404128223126
17.069,2399.8359404023354,1733.229524688859,3243.0342856063985
17.069,2179.6450060745706,1811.1836660924607,3132.8933046738866
17.069,2204.6147300834796,1638.229047638962,3098.6387487236448
17.091,2580.393944737551,1727.5953057981849,2698.5926668999778
17.091,2424.9774595358276,1622.8369986121193,2830.637634980154
17.111,2440.160321599101,1857.0720793092628,3104.028878129627
17.111,2189.073861376327,1782.8832383903973,3489.7490507990087
17.132,2223.0184951733545,2068.609031434697,3356.8303360194786
17.132,2034.469046953731,2263.6946005566933,3002.7856364055556
17.176,2492.736191152935,2023.3543079434285,3371.272430899423
17.176,2291.496683592618,1909.7319860822042,2917.771903781615
17.176,2597.0683389073315,1912.7168736629237,2907.897872142255
17.176,2133.239264333672,1759.384905158384,3204.804384447123
17.196,2396.5352642692555,1667.9724916308542,3213.9688720983013
17.196,2432.1128046452714,2043.3267053557147,2550.6309627197697
17.216,2700.007243423497,1935.3103177632806,2841.711127811051
17.216,2288.8525811083146,2081.344756532853,3163.95269866545
17.237,2403.7971439772555,1784.4760840764582,3456.835160421321
17.237,2262.7854564502477,2017.695208708061,2830.3419157901967
17.237,2691.568597439034,1977.7721642418337,2815.1867208930553
17.237,1787.44621976491,1791.3477305568417,2947.9192590503985
17.258,2675.093012752615,2019.9489035359948,3012.5567836737314
17.258,2321.150816856824,2031.0739816933406,2945.7184451673347
17.279,2296.584196036296,1996.6898680939876,3255.603292075598
17.279,2640.4605591549744,1620.1055968960868,3025.784326614069
17.299,2299.6962136732063,2131.5261459643752,3038.080623612133
17.299,2701.7880559009227,1903.5190851097123,3123.900395678857
17.319,2520.909661549697,1932.1851308121118,3239.656647994803
17.319,2237.7082655308245,1782.7125043085873,3173.678298079904
17.339,2487.3328026459167,1912.2821272965714,2872.0184505143784
17.339,2463.055577612856,2189.7051947743976,2555.8816310492816
17.36,2511.269181940048,1687.7314036578148,3285.2093145050026
17.36,2629.214186000534,1953.7492298527175,3135.6287901675782
17.38,2252.5621000102888,1871.4907591503159,3190.530290541574
17.38,2399.0010937106904,2041.8565743129102,3647.797629770056
17.401,2141.2426771426217,2026.4566436166797,3228.908902288542
17.401,2706.273473042486,1902.357996798644,2667.4558700586613
17.401,2323.0326922643676,1955.9544228949276,2847.4937048698685
17.402,2340.195918326894,1671.7491499757039,3347.945063847905
17.422,2088.7810063684756,1835.586938838508,3111.525115103869
17.423,2397.547120254878,1907.2046929200105,2953.356525745924
17.442,2398.8764955681845,2055.171745325771,3089.755200130453
17.443,2142.5812883584895,2102.071684656169,3169.0574933494045
17.463,2408.7927355249676,1752.5955108821884,3221.1605749275564
17.463,2294.003162037884,2130.3073785176257,3274.8823036151052
17.484,2378.0930891955,1814.8955801100437,3316.6788803087184
17.484,2254.6462603242985,1855.323376525566,3164.6574855426825
17.504,2519.237460359204,1677.1234875514742,3176.7303858070263
17.504,2130.969162269345,1903.0830004303325,3115.2811371415405
17.526,2669.3003247757474,2118.8763092854024,3357.4281107039305
17.526,2487.8473705837346,1951.3521034302914,3150.9151330955974
17.546,2495.4495230911116,2272.496428486955,3338.533816745223
17.546,2259.4697737444358,1784.869136024843,2766.9836325135434
17.567,2484.649003722676,1981.0884630451126,2763.9919201389826
17.567,2401.142917856808,1527.7658538724247,3011.9757811180066
17.567,2503.380690460579,1716.2008370568387,3252.4927266296636
17.567,2354.925713775061,2167.167221107658,3047.478565853871
17.587,2437.040047233839,2120.52591670099,3001.7661940589046
17.587,2621.484033073374,2142.775234991865,2704.24662228164
17.608,2503.4506527428257,2247.7151622326223,3026.1513481781403
17.608,2544.1993740803955,1943.1956237894508,2980.4413253553957
17.629,2208.4134441063497,1825.6169322032624,2501.358341224029
17.629,2727.641574288222,1818.139614580319,2584.263329218101
17.648,1914.3762697483226,1645.6704453811817,3173.286607703555
17.648,2235.0871621408587,1858.9476574788096,3529.6767541519785
17.669,2383.1079482439786,1805.739879436868,3108.671757782003
17.669,2428.7817365534706,1867.0852553996062,3516.098513072182
17.691,2268.142058267261,1755.677210854581,2917.7719872809894
17.691,2281.759583678352,1931.2652756761227,3372.657922496035
17.714,2074.7338587174695,2294.5627771972986,2799.004162525655
17.714,2388.3745387470526,1811.9811327768389,3129.836081424858
17.734,2315.8770209358163,1794.9179410802017,2771.3341924758042
17.734,2443.3507481260535,1862.9859676854267,2953.4706763379377
17.734,2261.2590224802766,1908.3983238670119,3348.375156515986
17.734,2281.7067754644454,2198.5378793734603,2910.5797119875474
17.756,2100.2533928599732,1825.3574711508425,2968.1492834441397
17.756,2343.421080700589,1917.2514951532976,2898.991097816716
17.776,2100.578486454863,1809.6021390891117,3328.167304648716
17.777,2443.663498854847,1837.1573332264218,3301.9000751788485
17.798,2317.481607990197,1882.1942614176764,2699.8178337330464
17.798,2140.325533585338,1728.0278335325584,3299.3402806159006
17.84,2586.0922377775582,1747.183832953159,2968.616887429663
17.841,1916.9261673976189,1768.715597018493,3351.056479924607
17.841,2113.4069981381467,1923.61726236801,3106.4139447971174
17.841,2371.9074604514767,2056.3181575581134,2848.507450038058
17.861,2392.0869632368076,1841.3177464345974,2964.6535003810977
17.861,2196.1656366793595,1824.5794389885837,3154.827931742633
17.884,2155.8759301956484,1873.3275161768272,3749.241065322722
17.884,2560.383362112438,1977.229621862822,2814.91599621347
17.905,2335.5372190344974,1718.5444592966458,3103.9551739624208
17.905,2510.64171475572,1990.6247566579232,3077.373923393462
17.905,2106.821390007582,1770.8355542224435,3003.4211791291173
17.905,2170.88148698791,2093.9370431269126,2959.16065928828
17.925,2623.902246756521,1683.72793853273,3556.002600868217
17.925,2405.236637290937,1783.927971764303,2571.806521305304
17.945,2399.0869371074127,1983.2015239528034,3215.493395103682
17.945,2123.6271827624505,1960.8804582593161,3585.1616577342293
17.965,2503.098221569908,1959.0911424112785,3072.3719903542255
17.965,2367.6470161777884,1649.0905792231797,3208.835087898074
17.988,2649.0878799239777,2045.164983557016,3087.0786233646368
17.988,2582.3790696860733,2121.78073596241,3204.8365074569433
18.006,1958.7083664093657,1718.9386490171903,2920.541419523362
18.006,2466.3066808011818,2063.4744592026323,2823.8264194809226
18.026,2286.5481784786302,2048.092174552577,3184.895947635401
18.026,2388.7377033344274,1912.288520993164,3241.8933398416398
18.047,2503.4216174423377,1932.8102814779477,3370.918846370101
18.047,2413.060201805469,1883.2142783712288,2800.85591634951
18.069,2373.554989498704,1830.26818220143,2904.52074019501
18.069,2308.733066969084,2094.4466186786326,3664.5949554645654
18.069,2618.858724521918,1677.2568598884375,3222.827615898698
18.069,2020.4835909280139,1809.5263193477765,3077.391905067465
18.09,2449.2299722647667,1934.7108477270297,2938.0970774580924
18.09,2453.6344081091565,1944.7915375040561,3077.5501906417758
18.11,2091.1356769676904,1967.5942851468697,3064.0054962483982
18.11,2628.0190422302617,1717.4231961394805,3683.274372863627
18.13,2372.841761221911,1595.0481499028851,3184.3792945650384
18.13,2378.1413301833177,1811.0159838307518,3386.770747669093
18.143,2563.077626607382,1730.888745695253,3042.4827429524858
18.143,2370.94557625499,2104.64388423372,3000.8417894364825
18.163,2212.0618524244505,2188.7390574607825,3396.9976088717467
18.164,2345.7841906744184,1971.3061546184451,3099.5969520958156
18.184,2350.6287453700374,1657.2334113786117,3298.3095647434507
18.184,2608.9264135105072,1754.3841275723917,3180.680618012754
18.205,2093.9360809244786,1868.273095074902,3450.357624029535
18.205,2230.4979141597605,2009.4090473577448,3005.72715286938
18.225,2140.1147396604033,2094.08818573425,3254.2779861808744
18.225,2217.216788103331,2032.468102401534,3105.5299819265583
18.246,1883.5822569724214,1806.9085008795341,2640.670343509782
18.247,2124.111947667313,1552.9288254233256,3257.046128840807
18.247,2346.0314303657215,1766.7023018024934,2938.1240979937347
18.247,1965.3032247189842,1986.6005264271855,2858.4762308924237
18.267,2648.7173402771077,1763.7482205839292,2900.5333459322014
18.267,2137.7722611047557,1722.2119282470453,3144.6537900555113
18.287,2480.204700931099,1709.5822259663714,3095.72752134446
18.287,2714.43087513388,1623.813297489958,3315.8510474222576
18.308,2391.424514397864,1864.337727464717,2838.2176989476525
18.308,2497.9341118495913,1650.0169768959834,3451.836132126825
18.328,2064.383170590832,1942.2487968888113,2908.6604710525944
18.328,2323.6002619347496,1684.8683792068614,3082.29224507321
18.349,2199.058833555297,1690.6846752974077,2649.8695522530115
18.349,2049.2912646550058,2240.6813076743665,2842.51104804992
18.368,1647.684275258077,2100.166074116716,3385.681908752936
18.368,2683.7429852907667,1666.0775287309093,2956.0942028517293
18.39,2285.2993932361173,1819.314096618895,3259.419411260735
18.39,2469.4979382737456,2199.483360130272,3228.5814228624595
18.411,2053.5488099539634,1694.0941747897461,2793.0408498844718
18.411,2164.1471922856736,1647.4139452551144,3532.322529979202
18.411,2521.1141930843078,1712.358017946665,3568.804195250052
18.412,2155.7834315974783,1527.0099615995375,2932.1296533682907
18.431,2059.1141853709782,1623.7498782905832,3188.4092534148904
18.431,2591.7516512076363,2237.1712818889596,3244.5879355119478
18.451,2383.119122650061,1820.9176552999797,2893.32037976309
18.451,2159.779605789484,1861.5616015755481,3525.128093130078
18.473,1911.5332403715606,1774.814758895787,3135.501398858911
18.473,2238.0633719908615,1913.0251410398405,2948.825666848734
18.496,2426.8732026357015,1732.3528850850794,3360.9376431831465
18.496,2141.781068082253,2073.4285654626547,3079.3625857622874
18.515,2473.7008321943167,1951.5373730783808,2962.7471936483635
18.515,2531.334456903623,1801.6784120778796,3664.824922429145
18.537,2194.6382225176544,1798.310395951707,2581.0410464675538
18.537,2509.6811571617272,1741.5062015951385,3168.7085766783744
18.557,2655.948582760203,1918.6527575902062,2728.755742481178
18.557,2516.687082493428,1979.592047572913,3159.294808989914
18.576,2351.7039579371744,1943.1222564926327,3137.835677168747
18.576,2327.127653567922,1836.9572753155721,2942.0009402961696
18.596,2396.32979534545,1936.7545808424645,2613.258834266519
18.596,1997.4155721317438,1636.2238939237832,3001.617414633343
18.596,2342.1617175214083,1754.3118499069565,2891.376248443159
18.596,2844.584356592509,1884.4667851591098,3384.3075410374204
18.616,2381.349816164676,1968.0660310603616,3292.4668563560253
