Time,25W,25X,25Y
0.0,2174.584183338775,1947.720528350958,2204.4280383308546
0.02,2094.8319759255446,1695.0704580551376,2137.8287518935717
0.04,2306.181156796538,1755.5972904217401,2094.5217396609414
0.06,2160.643514199693,1889.9538944274475,2156.757976354339
0.08,2274.163315176645,1734.0799874983725,2369.9274623098286
0.1,2411.965582160447,1765.259863816173,2084.4687734609383
0.12,2215.4838619944476,1947.3283330515872,2232.8008302092826
0.14,2310.6866708684665,1837.629662039111,2133.39989709216
0.16,2224.13344703221,1876.8639614540853,2090.723641452117
0.18,2183.7940393957065,1867.881737252406,2157.9361059835264
0.2,2041.674804670446,1819.9419664347436,2102.916910696083
0.22,2218.0319917669253,1817.002699797022,2081.4432893428034
0.24,2203.277862494627,1879.7679954426408,2136.2424534836678
0.26,2119.7680207924036,1742.9125035348236,2105.4868514651575
0.28,1982.2267654829452,1946.6116639287698,2167.636590431144
0.3,2027.3926455204066,1766.5505726915765,2191.366124191328
0.32,2435.7900243564263,1889.4631539467296,2128.4342280090846
0.34,2228.254970183814,1850.6398185570552,2221.659534100665
0.36,2053.992037874061,1767.5853009667926,2136.6428529852396
0.38,2152.574340810565,1851.8106670285365,2169.2467601058565
0.4,2224.9373879384325,1823.9963491780175,2036.6844214607868
0.42,2280.3765789208983,1671.8658594382305,2190.9136161912083
0.44,2200.377967983927,1803.9216971472454,2334.591032103046
0.46,2464.301505014206,1708.817635203739,2235.4647314049244
0.48,2469.251128731892,1846.613124288219,2171.052978469906
0.5,2270.0550485854437,1794.585376290349,2113.3988999189937
0.52,2181.5035017040714,1874.7528013451404,2299.1063645163163
0.54,2272.217823951815,1754.1643617511884,2169.491572328597
0.56,2070.878605255036,1708.4383145584366,2130.7821710854287
0.58,2340.6094917174496,1720.3118348249554,2135.160912807537
0.6,2239.831312220287,1961.7766504439703,2315.4701761914425
0.62,2080.651758446047,2041.410695528604,2173.3659029688665
0.64,2156.786311599818,1960.2823391541308,2212.006510757957
0.66,2297.072294965481,1683.6001536594633,2169.625649904231
0.68,2035.3360081646251,1698.852277055651,2179.16344763787
0.7,2127.5858531043277,1725.5499516889618,2150.827921503481
0.72,2179.1873985875472,1872.8463945148087,2267.4602408461633
0.74,2344.8243391072697,1975.7784691666595,2181.10470788674
0.76,2426.360869579099,1877.8928741513641,2090.93562065444
0.78,2266.0113688239426,1822.7045774653827,2211.842420236182
0.8,1843.9277432294361,1736.6356057409191,2182.217644492576
0.82,2086.5255198511322,1785.2489421999203,2211.913587646661
0.84,2633.7390043612872,1811.3415144265846,2159.561911160431
0.86,2240.7300711831704,1875.8624899884983,2145.4893207624864
0.88,1917.7879730227055,1771.2438609474575,2239.062153589608
0.9,2506.026056099049,1842.5562556921916,2305.530009362864
0.92,2066.885935492188,1833.3926870908178,2070.758595664863
0.94,2293.372892804713,1820.3960009423697,2195.295657222438
0.96,2093.5119101367427,1784.6537781286754,2141.656665612608
0.98,2489.123293729247,1825.2654743088085,2118.5545400345136
1.0,2060.4787176777354,1807.2377934310514,2044.896730077861
1.02,2158.108576277312,1752.334942348842,2209.8547107643385
1.04,2344.5672660906757,1876.2100907423708,2149.5895057516964
1.06,2155.291713979886,1930.683679879403,2145.5563779944778
1.08,2280.1696922990063,1819.8046207496752,2257.24450628539
1.1,2320.8683766383006,1802.7397321066708,2149.333336323958
1.12,2263.837912842843,1874.346388625611,2179.9036669536245
1.14,2112.386788553563,1829.393112259844,2125.0986775313995
1.16,2137.2880196020815,1902.8630233635804,2147.4890216308863
1.18,2183.6759237658925,1821.0478927456995,2302.9550163161307
1.2,2297.510295523127,1848.07362821993,2220.5729054236394
1.22,2323.8775549236175,1936.867173615523,2260.7283440999913
1.24,2255.5855796982755,1905.194120703401,2120.024091529623
1.26,2315.1357266907366,1793.94436123505,2198.7980726231676
1.28,2035.2667494862856,1894.0731108656414,2251.091349180602
1.3,2255.771551584374,1725.175282838072,2222.5936692627934
1.32,2224.0623517932872,1796.5695689680988,2290.605324382599
1.34,2294.8813272591815,1879.4584942452123,2214.096951684414
1.36,2319.7460023781746,1933.0314852206059,2185.490451362804
1.38,2103.712407258334,1752.2284247466976,2029.8077243726557
1.4,2211.1260739825666,1805.567184173535,2206.831113751136
1.42,2379.3596549862527,1805.467680184159,2215.3956185940337
1.44,2260.473506161025,1796.197232058254,2249.787050213801
1.46,2215.0428564850995,1706.06005110568,2120.7552612678883
1.48,2080.3071042047313,1845.8149746482245,2175.52442418846
1.5,2285.79432800143,1709.7659830442092,2077.943621166954
1.52,2060.647662331243,1900.7438186665063,2073.5688464670816
1.54,2207.908285527313,1918.0496386692423,2209.837153207327
1.56,2171.357300072495,1760.2483859251763,2262.732916655377
1.58,2276.5447136285643,1709.2068255465297,2270.0726543879196
1.6,2158.180267468969,1809.4161661788903,2211.8796210972528
1.62,2188.071153623765,1775.6900577611184,2314.7868164666465
1.64,2117.366532831431,1794.5112524233468,2155.4867725515833
1.66,2191.223186586922,1805.030886329138,2242.519073882401
1.68,2246.487525540719,1726.4538014685445,2097.4100869432245
1.7,2181.6300786613983,1937.1618426286695,1979.0197434432357
1.72,2188.123026008026,1756.411323869108,2155.2079653586547
1.74,2254.7455958023756,1884.2328922311171,2183.9747485624066
1.76,2352.5424644869818,1739.6816064236964,2206.24017094998
1.78,2315.9489943674253,1812.0724908095956,2172.3145004447747
1.8,2075.230616263322,1842.769619246136,2208.497752382209
1.82,2320.7433708120507,1817.9244331848658,2301.017089046439
1.84,2391.4781571546587,1786.745347488609,2234.206038331512
1.86,2308.196233997332,1758.831695300941,2115.321627493787
1.88,1939.5354423342542,1765.631162077489,2000.5220478505823
1.9,2257.099189289108,1757.6686263819054,2104.130916576365
1.92,2389.356077332345,1837.6828959759991,2263.353621288692
1.94,2177.638390910639,1957.872174151864,2151.64505823816
1.96,2573.866700125395,1841.8472837156773,2230.2076782982067
1.98,1974.3192433909808,1861.4205322455289,2226.77795796681
2.0,2249.42035770452,1899.95663081233,2180.902251463185
2.02,2317.6448346340626,1773.7757524422573,2178.8586061840324
2.04,2252.4858930801747,1665.7782413328007,2140.908310528575
2.06,2247.9384278612647,1814.0584146763122,2322.0903439679764
2.08,2106.0601273604575,1883.0440599936276,2110.183473336232
2.1,2160.996932002888,1966.741306062793,2251.168772754485
2.12,2296.796160049989,1727.6586518019287,2233.9090252352935
2.14,1979.8661588219197,1887.6672976813254,2223.9157284948583
2.16,2337.0454640598673,1819.3225754388804,2177.7445056068395
2.18,2210.7824883805183,1778.302320238518,2087.736343155161
2.2,2285.8604950352965,1732.9554561084879,2109.129197068542
2.22,2322.978031781521,1765.8919737910192,2128.9481147339066
2.24,2665.6728276941753,1854.4605371506375,2200.4674577183396
2.26,2384.214975112373,1906.7955232494246,2238.4463391142344
2.28,2071.1953208214686,1596.2529206366003,2204.163314905862
2.3,2474.026673746705,1850.7830323323924,2202.042508952981
2.32,1904.0999862909453,1763.9121019674344,2255.1887000750053
2.34,2177.9143745042898,1768.705398721325,2051.0571287462917
2.36,2258.971860315007,1835.7481903899256,2045.8619048208948
2.38,2194.5365493614263,1956.7616478825973,2084.310752192296
2.4,2255.990270821342,1752.5002921521439,2238.0530596083586
2.42,2202.101669722704,1802.5766583738364,2045.8299881771459
2.44,2372.4330440672793,1687.9438254830054,2178.688385294874
2.46,2166.267879790905,1844.7756538020997,2121.3850591121773
2.48,2217.429493051386,1749.4234249520564,2196.8935508744094
2.5,2440.686401204739,1928.9386301136965,2176.102179180138
2.52,2346.5717329161885,1835.4765410399932,2196.8427544159063
2.54,2210.6235477992923,1785.1524397749358,2154.483965439936
2.56,2278.51294227814,1788.3673817194765,2228.983296213754
2.58,2444.127136897493,1839.3907611195832,2278.4578040351507
2.6,2060.09698003294,1868.924316420343,2263.510455385366
2.62,2095.2107569507484,1721.4575934696784,2156.3167657261806
2.64,2155.8275890126206,1790.0187187529573,2118.2995304338383
2.66,2249.410818451979,1801.5345124556977,2188.002581504214
2.68,2336.1465379968145,1826.6442411606633,2311.108499753803
2.7,2131.238412080689,1913.2223838692041,2177.9619732700476
2.72,2114.2281948027185,1695.6683090768172,2235.606053928421
2.74,2070.8182845325705,1883.489510674599,2231.9156587256457
2.76,2127.315450303021,1835.8733689791109,2234.813919811726
2.78,2163.052971068173,1767.674741585967,2268.2617725581376
2.8,1970.1760512099606,1868.0214525958838,2093.7652616361165
2.82,2156.34685690279,1773.5651493781131,2116.065664378444
2.84,2104.3173480075025,1658.3094634320894,2179.251227237079
2.86,2210.6762636083185,1529.5873667016417,2256.0174140673075
2.88,2428.473463773285,1703.1068601132768,2253.5988027489566
2.9,2038.5631774912895,1755.577481692555,2168.9904167442996
2.92,2350.9497420320404,1822.6260652265362,2246.0456080082035
2.94,2430.306195689496,1861.4390860945764,2156.924869547472
2.96,2342.693967173484,1790.6679790310445,2129.6731175379714
2.98,2266.312543516968,1697.714857734631,2096.2459116842706
3.0,2384.123044247493,1778.3880923640054,2167.4143397161197
3.02,2305.9015191953113,1790.735941981632,2148.1962696350474
3.04,2357.4926841947813,1946.7461540904044,2241.7944438889617
3.06,2235.6663244228234,1855.0649561868681,2217.420288232165
3.08,2095.3433242486394,1680.835415029873,2183.5122023554827
3.1,2357.0831673914695,1787.2824992856265,2183.217584856999
3.12,2531.0181635449358,1866.690824266142,2154.455376670618
3.14,2186.661358834912,1812.7486974767974,2068.7798272446103
3.16,2231.4719850353827,1682.145466227742,2107.6151106286784
3.18,2245.387587880744,1873.583036047439,2236.346701362327
3.2,2057.540861622073,1838.9786257406358,2173.911913346259
3.22,2128.7397204927693,1800.7822556361457,2093.1888388587786
3.24,2263.3425414629323,1748.1462222112239,2268.962999232471
3.26,2211.595519787279,1887.9020620763931,2289.947252951478
3.28,2225.772229128229,1664.2728884247133,2259.053993617383
3.3,2231.0807479053915,1683.1100700498791,2213.573983947967
3.32,2214.044306240996,1747.7914127614538,2204.521037242146
3.34,2136.3948407455587,1829.6509408163088,2184.0992783915362
3.36,2277.7313100923798,1698.3380767148617,2196.457271436472
3.38,2260.4690929150424,1764.8868567382135,2227.0347558742164
3.4,2118.205778538326,1780.7551301267813,2232.1493114719915
3.42,2281.1692404559685,1831.8149444912322,2214.5140042258713
3.44,2158.4130642003497,1782.8704782815475,1969.2983516857423
3.46,2301.0934473917328,1783.1617889840156,2256.2022610735266
3.48,2218.6414627781483,1748.9977529488726,2193.583064655434
3.5,2266.425249828477,1882.8557198533551,2079.541458190609
3.52,2240.3440340288353,1848.3762722494714,2180.8791931668766
3.54,2219.3498423667957,1853.8481027479058,2204.3740653616774
3.56,2265.553196382087,1744.3323654083588,2083.560293284017
3.58,2332.5192739967683,1769.6316368863136,2141.951112132155
3.6,2248.495833205225,1848.601552890846,2110.9638330709245
3.62,2239.2270534659124,1756.4479250608722,2113.131335200127
3.64,2182.9706977626797,1727.3401630334736,2212.71593781721
3.66,2008.3174259161647,1830.8943821687367,2138.164129855315
3.68,2226.6824196302305,1707.7377671455681,2186.6224590728134
3.7,2070.1871284058307,1790.896345221789,2226.8386899777033
3.72,2151.600155069017,1876.1506865246201,2148.830312074999
3.74,2127.9432079245485,1813.9007251273545,2240.2496583890716
3.76,2152.597380099693,1717.7973050490982,2285.3180209772877
3.78,2156.95891203713,1843.7841927276083,2242.8398992479442
3.8,2289.5385974358187,1763.5149092813615,2219.9272655709296
3.82,2262.6981242466486,1873.863496723494,2232.815517989481
3.84,2228.451698620209,1843.7830856140035,2199.106190206865
3.86,2363.7328106959512,1778.663190399832,2231.4132734734158
3.88,2588.3839786682065,1749.645057987223,2101.2778004373645
3.9,2285.1070940903014,1737.377399494823,2172.633471150651
3.92,2330.0195824670845,2002.7458039016562,2202.0824409818256
3.94,2258.9342342502664,1622.4903176568694,2174.1076964725803
3.96,2307.683201212546,1673.0260972406174,2348.119147691344
3.98,2045.8143197134507,1898.3330964862814,2172.4353135654114
4.0,1932.4631885814058,1879.8577989634114,2070.743522744058
4.02,1995.5173274468373,1836.3427213802083,2188.6945492968857
4.04,2153.078814311857,1645.2678109049043,2231.809257397402
4.06,2387.7679190539207,1847.7671579974044,2121.6112927437716
4.08,2253.9278581064373,1737.7784783750938,2182.3260705983616
4.1,2178.4447482527034,1806.6103186541254,2179.9291132602675
4.12,2296.304573640381,1843.0180409733553,2180.8257190732143
4.14,2270.8577889269222,1850.2833622586613,2145.069120676607
4.16,2069.8863100192793,1754.2747380241224,2253.6791409708726
4.18,2286.00742789508,1907.1320200082253,2324.6979916720443
4.2,2336.8347967096715,1870.8518848273482,2136.938586904225
4.22,2486.624081899519,1730.847556082622,2106.050197622212
4.24,2218.6845018081826,1765.692185734984,2149.8722405475673
4.26,2428.139657487323,1743.6335041523366,2270.9142488103425
4.28,2174.204989531169,1798.5737854108145,2150.6737379557235
4.3,2496.6126521043966,1853.1803963116517,2190.9631482420764
4.32,2144.8104157596163,1661.1430117113528,2112.5267901773336
4.34,2290.2457672703254,1651.0859402338253,2290.4290524358707
4.36,2254.3057587917147,1744.6585654841347,2161.6883092368184
4.38,2397.725087133326,1917.6381052765146,2199.0587693587036
4.4,2379.3031422988647,1824.6684036733097,2136.12764317132
4.42,2095.286045317432,1929.046196551799,2131.4001210138945
4.44,2178.7535252617254,1796.099008966771,2185.1754743794577
4.46,2469.806904472499,1743.32785003436,2190.5680392737136
4.48,2234.5035284506275,1673.8781008305855,2240.428825404646
4.5,2320.999654211899,1739.0834680457954,2072.8235605653854
4.52,2096.306890062408,1756.2414283581147,2113.2907151605814
4.54,2192.5848152333997,1614.1409815072575,2125.964450035488
4.56,2140.9325019300964,1742.8403146928867,2182.6763947505274
4.58,2336.346551289234,1744.7953033378972,2103.2084195866014
4.6,2316.858888110676,1814.706899164659,2173.9460077940744
4.62,2376.776896588694,1810.651146106738,2140.3958098133676
4.64,2103.8879920514805,1835.7231072185189,2172.7864273186983
4.66,2297.0057466100907,1678.5237929529308,2129.692043170211
4.68,2230.507270652616,1718.8118592069181,2111.8835220454334
4.7,1933.7600498121496,1883.9062854275094,2194.0830505776357
4.72,2275.0755332908448,1786.0177530828487,2250.861249310912
4.74,2369.0977448286944,1866.104313740906,2235.1144845712834
4.76,2402.7245784324164,1794.5865042326732,2252.735058644901
4.78,2214.318449669351,1833.9875296259372,2256.190798455972
4.8,2319.13263045653,1859.504560591855,2166.2489805125056
4.82,2292.4134945144524,1770.025400406624,2303.566407577854
4.84,2136.708720606225,1760.1181462214465,2231.7156258884056
4.86,2115.6723574661887,1755.0172682791308,2124.5084670404885
4.88,2217.437591012345,1801.9947680874768,2141.0019233573507
4.9,2202.193199636554,1850.861463999276,2185.2894747669375
4.92,2239.97514154326,1774.0713590744397,2234.6396355029433
4.94,2176.4818219245194,1901.9655309372527,2171.899944266683
4.96,2250.4503117769204,1948.7484121787916,2122.4640502836082
4.98,2092.459875979304,1739.3337311570742,2229.432116494793
5.0,2398.565158069401,1902.4903417112805,2104.0916568930875
5.02,2003.4013959601036,1807.2628017795248,2197.4602999066415
5.04,2208.920333896464,1838.729132755369,2180.3283684867574
5.06,2200.3800842296205,1800.0809666206528,2096.2106866173453
5.08,2208.794662805386,1907.0060068753091,2301.6502310091587
5.1,2123.181797182856,1833.5044384766438,2182.2079706106283
5.12,2044.1091467849712,1778.0654937701315,2102.719411422402
5.14,2250.226381193857,1772.561840491693,2190.917850060347
5.16,2197.4360716495166,1710.682231809815,2075.3733127740456
5.18,2273.735859803651,1763.705168552751,2206.990045253128
5.2,2035.0481831658872,1906.038248675586,2238.304114867963
5.22,2429.0611864812217,1896.7493200665128,2361.604430406626
5.24,2215.3677187494645,1761.280298997869,2191.306000348661
5.26,1860.9710770016102,1722.238383646581,2141.5762648199093
5.28,2240.8119146277245,1882.7304272913045,2198.4643744860264
5.3,2165.4011481749367,1841.4725209362414,2278.1971791441106
5.32,2088.76840799302,1651.6106221021712,2215.700864024479
5.34,2372.6293298586766,2033.066266665209,2243.664640544772
5.36,2339.94501062319,1805.3596232302084,2243.245927078223
5.38,2268.2061477410566,1939.8885041059696,2220.3896787669682
5.4,2234.960056676789,1820.2892708711904,2089.620777889107
5.42,2286.0355539217003,1725.9094097576467,2087.570473230664
5.44,2041.8592991285623,1821.6318144720644,2082.5623622247535
5.46,2252.717386385517,1686.4838059948115,2109.363526182561
5.48,2375.049042200172,1795.3871543512796,2113.504364829086
5.5,2349.8354646169973,1723.7971539104499,2301.867000755733
5.52,2098.6159689632273,1791.2970333726694,2134.7056322257067
5.54,2237.2806606375193,1822.9523070388045,2190.42623524124
5.56,2087.4651869366394,1825.0948152163148,2175.229375805593
5.58,2249.6761401744275,1682.882827297809,2220.7577207220925
5.6,2141.944215581314,1751.768666910283,2207.025587829938
5.62,2127.236439119683,1660.0591136057506,2103.4399258792337
5.64,2270.24706316055,1863.4900085139698,2223.9749561176245
5.66,2133.776542505517,1824.631893504752,2135.001280605716
5.68,2127.5577103973687,1715.2369948899434,2132.799547934248
5.7,2273.7262706752263,1915.394892930633,2159.542241317585
5.72,2054.710466307919,1841.9945246086027,2233.4886278862614
5.74,2170.986200408961,1803.464019247449,2144.949992145971
5.76,2027.9168323807646,1774.2468015047368,2191.813139410698
5.78,2059.403903649973,1758.2889691565852,2208.2680408402516
5.8,2357.9218836630275,1746.314809237915,2198.6752753892665
5.82,2180.5883501242974,1907.4288673346578,2212.491103694759
5.84,2145.294053825034,1836.5846690079654,2107.43343622773
5.86,2329.6685467236894,1723.3786510468476,2190.5381934636603
5.88,2420.01021012734,1907.8301234297946,2120.6467153405065
5.9,2256.9211117918503,1800.15611595726,2062.352116651477
5.92,2347.5528434172293,1735.0138040678423,2147.207366445965
5.94,2159.1258066577407,1965.22423867939,2138.3359542104995
5.96,2230.1878747111045,1723.2223400038188,2365.840479195589
5.98,2229.4865874200577,1738.8458992518954,2242.7543827017366
6.0,2268.3424493925536,1802.3171103519594,2232.3154806739603
6.02,2335.0006730043656,1833.787402873312,2153.9836486702557
6.04,2043.7708260024929,1751.2775766334319,2168.605878628064
6.06,2134.743338940362,1631.9703393105071,2361.723780774656
6.08,2193.731508538788,1806.96410833801,2156.8624785424795
6.1,2118.8913893750037,1721.1831655995434,2204.369567328739
6.12,2249.871671837415,1775.0046336418354,2301.7939613444673
6.14,2250.7836182947913,1738.793440558808,2133.237416105259
6.16,2233.842147704445,1716.7576384921347,2190.6413764351537
6.18,2174.983105294072,1785.5995921870192,2178.5237890946482
6.2,2377.801476066002,1760.8059395104922,2120.2951024569834
6.22,2246.065049584802,1744.879164885139,2235.4949408591683
6.24,2204.958441433069,1887.9769882437852,2118.025641663408
6.26,2230.5771015061896,1735.3913315304105,2239.6975393680955
6.28,2310.685653045752,1797.0760544994212,2213.2471846420526
6.3,2250.287308580436,1810.2326594284682,2243.2675073215096
6.32,2126.8787067593817,1673.0441631235738,2170.1611657166013
6.34,2437.0424712040576,1716.6282895428822,2207.5352023931337
6.36,2282.5685471510137,1798.1200971347191,2247.2120335133227
6.38,2089.6152091141757,1797.3595918196277,2086.094805973222
6.4,2004.9407769566837,1747.4338387426696,2096.1643616817546
6.42,2303.8439325633713,1808.920158605477,2213.5905622309956
6.44,2385.993526528963,1837.0867020432213,2228.616003837817
6.46,2285.474242096037,1859.4336456612505,2184.9472461892005
6.48,2298.2808600168996,1850.696497355615,2244.453271367661
6.5,2300.6886720711577,1894.441437957679,2160.540289829263
6.52,2221.1750264737525,1814.9938140419547,2270.4275206103102
6.54,2022.2993977351161,1697.2177308203693,2182.327433006807
6.56,2145.3688541558677,1789.4581312310431,2134.9373635968545
6.58,2321.8809663742877,1712.572947684074,2279.7374931561303
6.6,2297.2362370228852,1871.2622403508608,2238.394306164083
6.62,2204.848730383717,1912.786928788999,2154.4281571001547
6.64,2159.2754090333983,1813.6861422961956,2159.6561420108005
6.66,2244.3159449990635,1906.6578892101518,2227.71608635653
6.68,2189.6790077248143,1893.8746772578731,2123.404715962541
6.7,2221.7250554753127,1830.4704831967576,2210.3500247636284
6.72,2243.2725789620517,1850.684299989232,2174.7207566096363
6.74,2135.062085301736,1884.5426326805043,2199.2017484717517
6.76,2321.4801614373764,1701.0886900527755,2041.6432861824042
6.78,2207.4554637747706,1831.3180943000634,2111.8267060344338
6.8,2280.733433854623,1851.6790948003104,2198.0259108864007
6.82,2229.1692965465427,1693.265642574003,2254.2740283576927
6.84,2408.2062491155116,1956.7396039048103,2178.6140871221855
6.86,2292.1399358119475,1891.693156747715,2235.7431110323537
6.88,2270.8991115796016,1901.5250273515999,2086.965436011667
6.9,2263.4479723227523,1852.4442636487174,2152.481056531639
6.92,2471.295371434114,1739.8665904145794,2205.7767545870993
6.94,2223.8088248369922,1710.5788867388296,2187.3272165713706
6.96,2247.299670009541,1802.3292830397256,2234.4084966199416
6.98,2239.309881302848,1864.665968597639,2160.8888691479365
7.0,1995.5523917380592,1857.4377200021454,2162.523549800026
7.02,2240.019044692178,1955.1732591538712,2222.8308996050177
7.04,2348.256559428264,1790.7856947883959,2158.2618808992347
7.06,2287.766644380971,1780.193020758893,2152.816723380761
7.08,2402.8008417131646,1811.5563694648936,2224.378780194929
7.1,2312.4140239675053,1723.6525809689797,2098.6935406217735
7.12,2281.247290894355,1933.1421740961457,2261.271397420354
7.14,2331.978101846321,1794.133196790862,2059.8939953886425
7.16,2270.036432720939,1832.4567959420951,2162.4756589722265
7.18,2193.7578013250095,1872.8988949132963,2292.052184804156
7.2,2211.507399468325,1749.4360471723517,2314.3211402197358
7.22,1944.2217483305942,1831.5679943596901,2176.01503500184
7.24,2414.7453290880717,1809.4156271296624,2255.7808692133613
7.26,2204.5426613951477,1888.7711199174441,2240.311615877409
7.28,2102.963705933695,1813.526159509804,2154.9072993164377
7.3,2169.9684750294723,1595.720562794733,2201.1662736277003
7.32,2421.545983395392,1746.7389510633136,2114.449925029682
7.34,2231.214783264278,1691.2924581478521,2077.280120776445
7.36,2253.053918993801,1961.648794914441,2212.936266112474
7.38,2466.1798974766957,1908.8948276153533,2206.5671049316784
7.4,2318.311491714003,1627.3251013317174,2091.5251284195797
7.42,2210.1117162172204,1727.143491132494,2169.892705260476
7.44,2044.94103656043,1698.2606487064195,2101.999441609292
7.46,2302.7622789134743,1826.5322229706119,2156.146188127742
7.48,2144.6667010071956,1734.2328170698727,2158.625711367565
7.5,2311.5923154088186,1793.1187680704293,2233.366995818792
7.52,2229.638740007217,1706.2345735726324,2151.29858822408
7.54,2275.4161039532946,1848.9172260478547,2095.4828861293236
7.56,2330.7091064369824,1682.3925214076205,2289.56164609012
7.58,2016.5964993922078,2009.4611713085046,2207.0288983051123
7.6,2234.7873073754367,1929.4996306158264,2232.548395622131
7.62,2225.302715328091,2005.217424468493,2220.799202897777
7.64,2265.164625700962,1856.5186504594722,2246.023309906536
7.66,2288.7610151316458,1934.2097877402225,2212.873220894602
7.68,2245.9470926615413,1883.333639050583,2214.7547196107384
7.7,2152.6303658854767,1731.1327418412802,2196.823317680702
7.72,2096.59928619595,1779.2734606836664,2162.6964292227813
7.74,2039.6543689987707,1840.4673416902483,2247.601014856247
7.76,2238.974353929102,1896.463566435316,2169.966550908735
7.78,2289.091203710097,1803.987050019966,2191.581010090525
7.8,2188.611249224144,1847.1905628255838,2204.324962241336
7.82,2323.1840133563214,1783.433624900377,2209.43040042042
7.84,2206.0460940893286,1785.5753635811125,2112.3027459106174
7.86,2214.1950049468314,1699.2065761694828,2191.395989066912
7.88,2062.2028809929643,1845.7223906544293,2109.783620309533
7.9,2175.689814999917,1772.9523995496734,2191.3360386261784
7.92,2328.392745040312,1712.5076712954587,2236.5235704640495
7.94,2385.906145529759,1765.1173600725338,2302.122814062508
7.96,2201.289085885955,1829.101608082066,2217.995228254111
7.98,2324.160390531363,1860.7277748245526,2236.3420359200054
8.0,2381.4963057810746,1798.3311444324695,2106.45481502589
8.02,2106.064083505761,1898.2986931464134,2213.4872616904554
8.04,2266.55698761177,1936.8395007849936,2105.693399520331
8.06,2250.8969982385474,1795.8060414221904,2258.1443351117305
8.08,2350.8403324969163,1889.7658299461052,2109.9851052303807
8.1,2124.7115354840225,1759.5582627004476,2115.8430994777254
8.12,2255.84227623928,1700.7998521296245,2229.6569152958746
8.14,2188.058897443083,1729.172473470435,2290.349132880508
8.16,2271.8895167589476,1750.8696663643689,2244.3619179267926
8.18,2366.039177073975,1784.664614363224,2151.5529672208027
8.2,2405.201689502068,1965.788851894717,2110.7936890480096
8.22,2376.5371272529674,1767.382192391518,2147.756946561748
8.24,2102.855889202988,1772.441314517912,2192.5726297434085
8.26,2162.6332109432324,1813.4887149505605,2180.252282895432
8.28,2345.4250803959744,1698.88012624595,2113.311104673099
8.3,2299.4743223680257,1814.9881869880978,2264.6112823793596
8.32,2203.5796902542324,1855.3121246602668,2270.1950480388573
8.34,2128.080544004015,1920.5086652122532,2309.2224926510294
8.36,1768.4393346256186,1900.202465850994,2066.9188013239545
8.38,2039.5748020894318,1822.6854908774396,2119.608390981497
8.4,2185.380283220982,1790.8526542082502,2197.911254950452
8.42,2184.223492109301,1801.9804041937748,2185.6841662591023
8.44,2272.473165935813,1849.2272129194148,2144.4471078506076
8.46,2298.048122326794,1814.5258299195566,2111.2418276869516
8.48,2494.552558076253,1807.3516177180904,2113.6458181314392
8.5,2137.0063380722368,1738.1363870289824,2320.6315483690737
8.52,2003.0041508986255,1856.9782596631599,2092.5861747348567
8.54,2128.714587914421,1820.7025929276952,2083.035140410443
8.56,2429.045715608074,1741.0630314577988,2106.2912013232362
8.58,2224.261126889377,1922.1013836215332,2195.9234981069253
8.6,2343.7572691288588,1817.8395458939804,2163.53276125737
8.62,2159.366878300084,1684.7962563288252,2206.2774952806867
8.64,2163.0138331131925,1876.621638368725,2127.4384708124603
8.66,2013.8313526399465,1756.730682932923,2171.2281281580804
8.68,2180.822966185035,1778.527850410474,2175.5390948241475
8.7,2228.2279418098233,1798.2327566026984,2282.597015470412
8.72,2329.772854181401,1881.1316863592076,2298.9669303636215
8.74,2294.306365074855,1808.4371224358956,2179.7073460002116
8.76,2462.6104717602484,1860.1223266938764,2243.8847254741927
8.78,2208.7636259716687,1681.4285173480607,2191.896202006058
8.8,2254.670313682236,1719.4900395757834,2233.0048517588693
8.82,2219.8462432594624,1813.4294968888698,2212.830231332836
8.84,2139.6699450399897,1753.6660961384378,2234.0300025062315
8.86,2271.1599811491997,1794.7815348031975,2228.892581687349
8.88,2190.6374008479966,1870.5981712822813,2200.9784020578113
8.9,2425.6214801698534,1758.0291567179254,2184.9811953823328
8.92,2135.636461425009,1763.0649727742684,2245.1147217242906
8.94,2184.681222945796,1817.485778293337,2190.2729158890265
8.96,2077.8448646623797,1640.9808006096844,2161.2664990850562
8.98,2263.8405413629653,1891.3598009963025,2085.024763870689
9.0,2066.893660242682,1822.2608601036984,2214.469246780707
9.02,2227.5554382405694,1816.5058690304809,2226.355776159417
9.04,2090.890637123182,1766.2697377112872,2066.9346664910267
9.06,2110.124158838467,1865.019920705417,2143.4521943689883
9.08,2135.4897123638953,1798.2095577578386,2233.7857388144325
9.1,2309.6075195439334,1904.3967572488234,2176.668481558181
9.12,2211.5685623654995,1671.6994091136646,2190.172945647346
9.14,2209.8028495626627,1810.1864142993447,2242.6044007672845
9.16,2291.3218584930414,1808.0062730196416,2174.1890930776517
9.18,2146.1027925440026,1828.5060654729673,2206.5528090796106
9.2,1991.4640161914674,1914.4190240963214,2110.2694972744343
9.22,2096.619097394002,1694.613491857601,2201.7032667440444
9.24,2194.207799834126,1691.4389011175335,2089.1229915098243
9.26,2219.7257275085362,1775.5242295748476,2095.0049431577404
9.28,2289.836915275933,1655.2927619346542,2149.284211767367
9.3,2211.7532966121735,1988.4687950963357,2220.144587877561
9.32,2353.448167412977,1881.5266138701759,2188.9764877935327
9.34,2280.110279491702,1848.6793910008596,2137.7879571227563
9.36,2075.23881256582,1869.6523675924168,2251.6068800674684
9.38,1936.9043839043056,1909.112138238951,2207.5030049399634
9.4,2114.19148681809,1761.4431601012864,2245.8107490076704
9.42,2246.6913871361667,1778.6103865937428,2119.0113438925573
9.44,2269.7562685314474,1829.6321703706358,2272.447605727894
9.46,2214.858909772702,1764.9435178415688,2280.7338646542685
9.48,2244.316900680922,1735.7095021515304,2233.9044926139854
9.5,2385.280485666738,1766.2292126529262,2210.8803837274645
9.52,2228.6108755491014,1835.9148363666147,2223.442748446905
9.54,2269.791741410536,1880.708095757934,2213.5435775212895
9.56,2421.952551434864,1718.0889019301624,2104.792985087015
9.58,2016.8479674129858,1805.1760197140654,2153.5579578476245
9.6,2422.718568315366,1823.6059436705132,2176.6407075650773
9.62,1918.6054926967067,1716.8325309895044,2116.4720113697604
9.64,2126.1739247081623,1853.8507922940112,2283.032246463452
9.66,2157.891909620899,1811.016376268818,2222.5813117959788
9.68,2032.8663969567044,1756.9538563998565,2317.4352435217775
9.7,2206.4874270915384,1793.8742032106234,2251.8340539973246
9.72,2221.959118818641,1901.6778355140987,2095.918041586249
9.74,2315.473623057643,1936.6210496154965,2273.595515365409
9.76,2313.674936931714,1928.4127952661697,2166.1289355819044
9.78,2250.6230156048255,2054.043304832978,2285.793057800434
9.8,2351.841255124912,1992.5808145251203,2293.3293489863995
9.82,2294.774180874936,1948.1615336027558,2282.854674653844
9.84,2182.837890673537,1866.2137882863221,2265.467198519951
9.86,2235.7775505779855,2013.908273311767,2223.5663461336717
9.88,2146.56911298942,1869.8528123146796,2221.402201535715
9.9,2076.8633218449577,1990.9337408511722,2352.604734982201
9.92,2273.8600245668795,1781.716349323178,2264.0060270946055
9.94,2046.6522582709601,1949.7656518211656,2226.534901974095
9.96,2205.3342571726407,1890.1975505089767,2280.897977443663
9.98,1957.4585622311442,1982.973493991714,2327.357058509681
10.0,2234.7204966829536,1882.7099098874498,2323.5755028286057
10.02,2138.9369486049163,2005.7311236007552,2178.3933381260445
10.04,2287.6104711835665,2027.7664438606737,2318.875532705773
10.06,2191.2086775727944,1931.1488454272187,2291.921391385328
10.08,2202.42366558899,1946.8458502654762,2225.649551449797
10.1,2223.6715109783654,1980.884098870894,2195.6037062293244
10.12,2150.4565739563095,1947.8364580088826,2349.507668352133
10.14,2161.052001944607,2045.7979774663206,2361.8179000028144
10.16,2160.63528781413,1886.7033636033032,2363.5746029147126
10.18,2212.1693473276277,1984.966377658245,2173.305125143754
10.2,2159.061577379436,1960.1997930810505,2244.2392317005315
10.22,2274.9490874399817,1809.799070381464,2259.853321234995
10.24,2012.179801121274,1947.1658258241096,2354.8498227484592
10.26,2043.473162766028,1943.0773341591907,2309.1886238918114
10.28,2444.4875635452095,1910.1469912391206,2242.3354638063947
10.3,2171.449240759513,2086.8535133395617,2269.92357577462
10.32,2102.0699375286904,2046.197098833079,2307.4611224804294
10.34,2216.5952498788415,1878.1933990792174,2313.67490835473
10.36,2309.6703885031648,1988.950588736631,2374.980207592854
10.38,2292.2190015907186,1999.225622068914,2360.264080383583
10.4,2127.7317892832853,1952.025885921499,2345.6198198668494
10.42,2153.761831284189,1853.833228156828,2208.030046120487
10.44,2174.254763945986,1865.0624837217856,2211.1263444426645
10.46,2243.800968963982,1979.0423865266087,2182.6404725322845
10.48,2213.056902900109,1977.869178086487,2275.8808160946464
10.5,2116.4834212007727,1927.4680427326862,2225.3052777522653
10.52,2164.645741293491,2053.864230421701,2295.3124855528663
10.54,2182.3912609704644,2056.7733072379333,2309.8568045608567
10.56,2388.4699707732134,2055.404886160845,2277.624636218993
10.58,2213.403393106049,2059.575015324346,2319.125899552392
10.6,2627.4868356612774,1941.413514125962,2218.8743652339463
10.62,2189.2462443816057,1834.5872556966344,2156.9456057984107
10.64,2019.6295031090854,1914.0708799734316,2206.518117973244
10.66,2267.7242000942247,1940.663827436557,2307.1229060311566
10.68,2351.790511238932,1902.432822485496,2372.8261404416
10.7,2280.986725713692,1910.137970900081,2355.5383835292055
10.72,2247.0640114381736,1845.179043622192,2247.329851319259
10.74,2178.1993496715595,1997.2488171110604,2327.370770996847
10.76,2189.0777036765735,2071.239792578491,2174.6990564169682
10.78,1951.822126937002,2130.7401648388654,2366.3126208098597
10.8,2330.606018164121,1962.3108417370463,2298.4996499926615
10.82,2181.0820132270655,1928.5385383312694,2316.0323210984902
10.84,2359.3110439269394,1938.7582898273745,2138.482671206455
10.86,2155.6288538170556,2053.789310989956,2284.7615834041057
10.88,2208.0399578392507,2056.2095387667864,2367.699354159118
10.9,2367.2929343008905,1929.5210800856114,2274.490580299247
10.92,2382.76310798939,2041.9493196499711,2257.509512272702
10.94,2322.871082960793,1958.288908473156,2245.3463437886608
10.96,2000.5678034764387,1885.748892914133,2213.0984639486946
10.98,2073.315944840518,1930.344155364072,2268.0854079756064
11.0,2310.892600590116,2075.105533437883,2184.7868222012967
11.02,2146.215122213955,1999.4828347096868,2295.459232366895
11.04,2238.8451341262316,1905.9305814331137,2340.8765415185158
11.06,2248.6668961346963,2018.6711334533434,2237.197513426648
11.08,2240.437857480156,1998.0958896856123,2284.766394032655
11.1,2087.73192173148,1915.4510403816407,2256.4080517491975
11.12,2340.5120696924887,1875.4585598479355,2289.7230524294355
11.14,2157.634737565142,1847.3009030935032,2324.429070132663
11.16,2289.336678199861,1807.7628847986548,2295.2311960872576
11.18,2196.058067406488,1887.3038012337813,2325.2976917073224
11.2,2452.954159400161,1933.0019538085232,2307.53464627801
11.22,2396.524271639898,2045.8053064888113,2328.7729601203505
11.24,2471.5575453293754,2004.7490216273886,2281.4266237213524
11.26,2414.498326500091,1955.2939761061098,2282.6047608884032
11.28,2193.2398729485667,1793.8814729336555,2310.3087787280083
11.3,2146.0052849778976,1965.109415246721,2260.100605070376
11.32,2091.1961275405565,1802.7616224300898,2287.3033035913513
11.34,2257.3944452590194,2001.2823420670713,2198.9305090823505
11.36,2227.8426269346096,2010.2675304146683,2140.321284668991
11.38,2219.794427273501,1943.740046705297,2265.657900875704
11.4,2132.3513541848374,2013.3119984554546,2218.9235606623365
11.42,2273.8505277011964,2030.302392015126,2400.0864335008628
11.44,2171.484653081627,1958.8979508071384,2209.429009495916
11.46,2156.288201263347,1938.8172328094945,2309.669608146276
11.48,2235.0991292647514,1836.535771745383,2207.8468044104693
11.5,2207.268874244119,1910.676984930231,2251.4521904948488
11.52,2048.661060536409,1860.0420748444333,2183.327174882768
11.54,2124.4236232202393,1859.2531144946713,2178.7277416754314
11.56,2283.9547450837294,1882.9554329343428,2278.381675344299
11.58,2217.1381028036485,1787.0412896690052,2234.2118615281684
11.6,1993.8312842538608,2022.4076220650038,2311.6650015027076
11.62,2306.4228560748006,1964.434783970616,2346.5026241047494
11.64,2228.0023136570276,2033.488452576261,2157.9664639286266
11.66,2116.21078458725,2001.004679693542,2330.2970187339174
11.68,2150.3208643045195,1980.832887671803,2192.105015683921
11.7,2237.054371283531,2007.7627763936807,2230.3016666201333
11.72,1960.8250250935853,1955.0510834827235,2161.5142028310365
11.74,2276.6874520755323,2043.8951667430445,2165.188489646865
11.76,2343.1808839894134,1901.0712340768418,2126.239063790344
11.78,2331.192422726324,1940.3490850088294,2225.623509357152
11.8,2358.6081827469916,1921.0304143736696,2259.2308005665836
11.82,2123.244723409655,2104.325009920612,2236.2080013688137
11.84,2338.596405413636,1893.3048209257338,2143.915075454783
11.86,2250.7644295164073,2040.4612123362372,2135.1782357327397
11.88,2119.319402029828,1831.998203943063,2261.235776443153
11.9,2271.6494901481706,1949.8891301544452,2303.0276149168294
11.92,2268.058730724416,1926.145399223519,2267.035273931411
11.94,2398.5531078469203,1854.0427458540962,2371.8321897301807
11.96,2359.741358138232,1883.6294910647578,2248.5089295001812
11.98,2146.420404920707,1983.8100067740388,2282.4301749858973
12.0,2267.3408055362297,1916.6881993103032,2260.752928748035
12.02,2257.5801594491218,1859.5137238228888,2214.5546666560904
12.04,2248.4984506667993,2006.8450465085662,2254.6953875895615
12.06,2186.7568446653463,1939.2970723382407,2312.615655491139
12.08,2430.1741613835534,1967.1207482047103,2315.186488986943
12.1,2148.116480504068,2028.29876237804,2284.0906694293853
12.12,2418.687941630565,2064.0614027750694,2364.6566649948454
12.14,2055.2789790896254,1764.4983131454285,2288.8038308240243
12.16,2178.7586614663574,1936.7224364868396,2280.055874033762
12.18,2311.453299065309,1810.0850610392101,2361.889987926493
12.2,2096.251581350285,2157.251010622958,2216.8572014135907
12.22,2137.270830752122,1948.7864541508823,2346.4670583616785
12.24,2288.118482998162,2012.5870751069942,2186.187541118514
12.26,2009.2726331082545,1887.891261534922,2238.3826962304806
12.28,2340.7534037184646,1909.8248128258338,2136.874580427564
12.3,2384.1743777960332,2026.1823670494873,2273.3129995447716
12.32,2388.952502185475,1980.6567150119092,2343.6245883084644
12.34,2252.522859410948,2069.6261183079596,2195.590205389194
12.36,2165.92367181308,1869.9386325655455,2238.985197432855
12.38,2175.59729403238,1919.8955335341855,2242.359175367254
12.4,2253.6013486684565,1978.4232122381281,2242.3925952807376
12.42,2239.7208123687246,1997.6202392013322,2193.628581346603
12.44,2183.108363865412,1983.6376267921119,2269.5091776502804
12.46,2412.545016928229,1843.3912737933013,2364.7997920855737
12.48,2193.6960639504296,1870.8878515807583,2223.626280844535
12.5,2392.1779797935583,1974.7133095531156,2265.322514132884
12.52,2233.552464218738,1828.7373982700274,2257.490018229375
12.54,2225.35158731186,1877.1480021591385,2224.2881372588777
12.56,2280.869064758615,1945.114718882536,2279.047902314735
12.58,2280.861084109978,1877.4773973590704,2231.922863718964
12.6,2206.7599563445665,1950.8208376479713,2277.704336434784
12.62,2292.882331189237,1928.6063929343625,2249.5662743580874
12.64,2312.465553263276,1879.9759315388528,2170.49883380441
12.66,2425.5025408131523,1882.3995359134624,2142.736101263039
12.68,2235.4289258129133,2045.1802071628945,2115.033544920154
12.7,2132.7241432960705,1973.0878502709643,2227.0338594582677
12.72,2137.4516421404787,1956.4847110571645,2302.7691617057058
12.74,2499.249171245521,1941.8000015286052,2201.8815791027073
12.76,2006.9307923530446,1868.4959553298131,2242.472401526058
12.78,2087.6678336348878,1895.5819589016885,2215.3934935540956
12.8,2224.815405190381,1750.6301117722599,2200.6820530667337
12.82,2149.344683193573,1889.718748610373,2400.602335738777
12.84,2323.783682247416,1888.0819333906963,2208.3698527369484
12.86,2313.4416019674836,1980.3484827397588,2171.916481279051
12.88,2162.7807858193796,1895.584205518589,2195.8255739420197
12.9,2403.680371936555,2005.3577162109846,2259.4333894758024
12.92,2103.3674411278234,1913.0506356689946,2224.657477916611
12.94,2147.2238922731303,1944.547993141101,2281.725772257915
12.96,2405.4292714640787,1938.6811956023332,2202.9391458808227
12.98,2063.2565217806878,1997.5332443355494,2210.6421586696947
13.0,2263.764169296576,2031.42329824867,2208.022176665148
13.02,2409.2041319279992,1857.0361063670587,2249.587992808355
13.04,1912.5615397250222,2079.556900417412,2303.3059343743403
13.06,2178.6859503414103,1874.685596196351,2310.486114733063
13.08,2331.355145220872,1925.4883733735198,2346.863773324425
13.1,2187.731645809319,1897.4226767255943,2167.2548136574196
13.12,2219.563042833562,2056.7817527492502,2176.662008929262
13.14,2231.363229997744,1853.34314306223,2180.53545158911
13.16,2247.4147401736354,1999.6372567977253,2253.8080886568578
13.18,2115.9958877514014,1772.232815041969,2191.146145821928
13.2,2319.2766626597795,2005.9855430236476,2213.0374975959517
13.22,2271.8601981210318,1923.060368433125,2300.611561053274
13.24,2097.4822406876237,1910.25177350579,2330.347958440272
13.26,2169.8701777975784,1886.7233062597877,2309.589649250699
13.28,2054.4171688392007,1937.064701126653,2281.151530646271
13.3,2242.824224352697,1915.4189539101446,2212.1036683528596
13.32,2269.797258503707,1817.8037716643453,2250.4214707776187
13.34,2228.9623222063324,1862.577039307005,2314.851890758808
13.36,2275.473164837534,1995.329065966468,2293.8513391472347
13.38,2237.5306070934275,1913.7786163567002,2326.408923118935
13.4,2313.1690968752296,1881.8241881543483,2327.7379087708023
13.42,2210.842372217361,1945.0427800743562,2237.270235172919
13.44,2308.3442766258286,1979.9469105525802,2301.597614867334
13.46,2071.8797058478676,1992.7044523598454,2238.077803032584
13.48,2059.398759091065,1967.8344880122286,2301.011576185464
13.5,2237.2487342215254,2035.776921890306,2338.4011291355932
13.52,2304.7763130787903,1941.7951086805188,2357.8122774073395
13.54,2175.3833376818434,1907.0048717164339,2284.2637737520354
13.56,2285.2008276800198,1996.7652503768647,2271.795343336658
13.58,2259.433576156805,1888.6419919009588,2342.6920926662124
13.6,1980.8556706190916,1911.66834758604,2196.090078561946
13.62,2500.564032535837,1803.0636112064462,2368.5873929695867
13.64,2077.2121208768203,2072.008361656694,2281.644979868213
13.66,2115.341976565362,2093.4466905357326,2242.185155974451
13.68,2362.882680241641,1915.0197918738218,2202.965570405923
13.7,2225.41231933692,1999.9320211384907,2177.1517307439235
13.72,2132.0632140052207,1995.6292905897556,2352.4312475830907
13.74,2159.8644235273814,1957.2253222095064,2272.9744801384204
13.76,2110.3430160929893,2038.4687113065543,2220.963217096388
13.78,2120.693219186727,1836.5457595793002,2275.243463486874
13.8,2308.7434523389043,1920.5845762035847,2231.514733440666
13.82,2168.1093289424607,1776.2127338005985,2141.6113598139877
13.84,2103.8898892740694,1862.7351569747377,2241.9431482449204
13.86,2140.3436203069905,1814.2217196907247,2152.7229463452904
13.88,2211.8098027702063,1797.4812645662328,2257.7227522059293
13.9,2140.919057115103,1907.7527048072986,2359.2074018682342
13.92,2192.7184124824794,1977.6756770565166,2218.871878666919
13.94,2263.637380499771,1891.0630237454986,2305.044932734132
13.96,2161.782269832259,1897.4471607444314,2206.361779320436
13.98,2118.217965058834,1883.702360675339,2252.5576742132985
14.0,2138.356712148164,1953.671744529046,2200.1843208024934
14.02,2384.139908695505,1894.8750714896667,2295.8044143383718
14.04,2475.6700948065836,1863.1448522210148,2341.1162577470436
14.06,2229.0827755808505,2018.2096921584903,2271.809281973489
14.08,2314.798170078073,1877.955478346109,2301.4953143622897
14.1,2113.549808748799,1844.1828513725181,2296.8912466015813
14.12,2148.861315567019,1999.978825166617,2239.4640801962114
14.14,2272.188125272038,1806.6873012584242,2341.3237228878766
14.16,1940.3044180585746,2033.3700894131962,2220.736734801565
14.18,2311.323108459705,1857.0497597791798,2153.1369156128635
14.2,2153.988299968437,1947.921946901511,2199.4687456595657
14.22,2094.1847395590903,1862.2251688221156,2299.9098559051295
14.24,2269.74798131486,1939.473769430452,2232.4959620750415
14.26,2394.1183377935668,1898.2675662483987,2262.854816906171
14.28,2185.8235649029007,1865.1083748441417,2237.0000246967147
14.3,2256.805336504437,1815.0010120922316,2265.290016237911
14.32,2273.2878090135982,1893.6846318713924,2328.737326391515
14.34,2248.923605385071,1974.1307286891756,2357.396392696875
14.36,2109.223976670254,1991.7173398413481,2195.2964601294916
14.38,2253.0743562105395,1881.9123042677952,2320.616847394456
14.4,2243.5364155399943,1884.0595881484558,2277.1859729833764
14.42,1899.124935320044,1926.8412835303081,2183.758966080216
14.44,2322.0834153791425,1940.7164181670576,2290.4795379918914
14.46,2043.0013026121715,1940.3554757286197,2379.436953277157
14.48,2240.830959428343,1898.4425846490403,2206.492350789839
14.5,2405.3603721423246,1903.3611803307153,2239.7880280298778
14.52,2193.409509868807,1918.9175441283658,2156.786007468474
14.54,2098.1309544173996,1752.08746329496,2255.559480871005
14.56,2292.2765524113274,1908.0736629281168,2272.879768778655
14.58,2392.7186034647534,2001.333549900102,2391.899185049404
14.6,2086.8698562601026,2053.7293493427037,2197.4745013149786
14.62,1936.5822634501226,2037.7239341847915,2321.336868846083
14.64,2360.6841181432565,1945.7629392608737,2277.754785694394
14.66,2323.7811980556576,1842.614144677229,2404.8129602202102
14.68,2274.098637841769,1894.6795457037601,2273.8557038434164
14.7,2018.5106064702704,1878.4368844020885,2260.932508794698
14.72,2297.1871423743064,1828.02172259226,2314.5962308575017
14.74,2346.033367865354,1865.2696646803593,2288.039261530053
14.76,2475.6639262758436,1877.177511761627,2316.172361460074
14.78,2185.357596042807,1821.1380677459279,2290.70006087858
14.8,2238.545524498911,2015.5581650429879,2155.1729351740682
14.82,1966.2993406161418,1999.2956708815668,2284.9831987966204
14.84,2336.1932579599134,1943.2681724315537,2288.036652387117
14.86,2334.423694446154,1972.94876170313,2211.5292338077084
14.88,2270.103471786332,1968.3366837306016,2282.8120138205636
14.9,2362.14351098558,1888.0815845494096,2147.90714115366
14.92,2130.181756321365,2086.784484828979,2283.726247579894
14.94,2198.097462678927,1882.1642897495544,2309.354373314469
14.96,2199.9292844471665,1809.4347514910617,2323.583713424754
14.98,2345.3887792777773,1950.3268192336388,2298.851696176293
15.0,2350.692250791482,1980.3728320430832,2197.8056979222733
15.02,2262.481346118751,1907.4673058427713,2168.0712757266074
15.04,2255.3242628210205,2031.9655411870758,2323.3318683016446
15.06,2285.8426022079484,1956.0756208278904,2278.373725778125
15.08,2181.8945047448087,1878.1678870789833,2285.301776108792
15.1,2386.9235016150155,1901.263035256635,2368.562720026675
15.12,2171.9000556171072,1959.2007896102352,2152.327583458915
15.14,2271.4981934606562,1949.2426068829159,2375.522667200564
15.16,2150.496213340816,2038.5978203102195,2219.531538516491
15.18,2335.7893550270655,2007.742864126998,2303.894185293818
15.2,2212.0847890205673,1818.0495317606462,2249.0363813555887
15.22,2467.0813454485537,1926.4348700249793,2235.3827147951783
15.24,2207.8867883853945,1841.6470776071928,2158.9427433057376
15.26,2332.623739386719,2030.963315386327,2209.9273768843073
15.28,2147.26359742673,1837.6992954307946,2284.5951230269807
15.3,2199.627702094081,1954.0982039717169,2284.790440368381
15.32,2232.5776586536685,1885.7422414207208,2324.8819286786584
15.34,2263.9421543694643,1780.1978395499111,2208.860046725965
15.36,2131.4513895154087,1836.4900549893978,2301.9429509715583
15.38,2149.7083570296663,1915.8993973521026,2262.239089420926
15.4,2227.0812091350135,1980.4731996823575,2300.7652943956723
15.42,2269.1341471768437,1980.644130791528,2292.1238430890794
15.44,2219.5958504162877,1834.7591931925042,2227.1514274629308
15.46,2201.951105922838,1961.6216488556092,2271.0646671032787
15.48,2065.952434651007,2010.5839381219712,2283.1767380095985
15.5,2272.5124234972563,1980.1422682870214,2307.279962820363
15.52,2307.7415973158672,1913.3713655408603,2356.010143598262
15.54,2334.178569426973,1943.2339665896322,2214.1681478142764
15.56,2246.887276675253,1949.762111072652,2178.3543078349203
15.58,2153.2826175215423,2045.1675079579895,2338.991112929162
15.6,2182.703370239785,2066.782764102821,2169.426475450311
15.62,2239.4871834493106,1991.6408329595279,2324.4624269235296
15.64,2219.5699719601207,1953.5242266125908,2199.4739394740363
15.66,2121.895157506973,1945.0115252766896,2218.3092596432775
15.68,2022.949805459257,1950.8446201207923,2255.0824604713475
15.7,2159.386861460029,1959.6955146795676,2164.4961447332716
15.72,2197.469404838806,1900.1653173651623,2195.4892672286956
15.74,2263.896879099464,2095.21672251819,2147.8632535227457
15.76,2173.36793532634,1875.2580796039233,2299.015338767907
15.78,2193.268969192609,2042.4543235386056,2253.67638753782
15.8,2239.185174437378,1772.6917096501745,2253.889996908949
15.82,2410.911093140489,1919.5024886234974,2251.6552602903093
15.84,2205.279518436254,1898.4304190867263,2263.347731836474
15.86,2041.1272805362394,1946.14739368164,2227.5947227335837
15.88,2139.8354217212955,1912.1905818260325,2298.987442736457
15.9,2436.2551683024276,2050.3614967341264,2122.806914991414
15.92,2403.903172966042,1921.8303446718432,2160.2608105200216
15.94,2344.7589810782665,1859.3635619080724,2344.932743948847
15.96,2308.909000499935,1860.5105759353573,2279.9784300821107
15.98,2310.3280240361964,1899.6669336612708,2129.2786286285536
16.0,2199.8538815816287,2001.3041850111124,2280.271391983546
16.02,2330.6045668661322,2015.6095085049717,2154.827573940807
16.04,2322.1507971220863,1852.2403749015264,2345.747564135666
16.06,2314.2440893001753,1884.131871907295,2320.804394025054
16.08,2147.4858441830124,1857.479767349523,2390.5623077910823
16.1,2180.262481188164,1918.4603471178648,2232.2931723567267
16.12,2154.451247334075,2019.6253272145048,2180.9392479659823
16.14,2350.1324540354444,1957.6853805921478,2226.9338534740123
16.16,2260.540028733299,1979.1495024563894,2227.597048331446
16.18,2269.1926377460763,1992.6088030159096,2286.748393122768
16.2,2290.081790349522,1890.4962827565387,2133.155228427109
16.22,2054.906333524047,1836.7473349388301,2250.55766247595
16.24,2331.913555476153,1896.6549532385543,2177.6207851606255
16.26,2166.2765404755737,2010.0632617475972,2207.746821411456
16.28,2171.559591755874,2003.0615069938383,2341.2198216701354
16.3,2123.0213922662338,1967.2427915536905,2321.0180922845066
16.32,2233.1398403136645,2020.8027348253036,2305.60276811179
16.34,2217.051282069032,1947.2788039620548,2301.1605728444238
16.36,2061.1147855791955,1915.9230288435956,2239.657994731198
16.38,2014.544586259276,1823.5118618885028,2251.9516696879127
16.4,2198.4114755653463,2044.5748941573481,2152.3216534866297
16.42,2314.847178554586,1933.4675042383803,2175.1121919106504
16.44,2297.350676161483,1895.1126991542467,2256.0918640252203
16.46,2323.247700853992,1909.8318574088457,2163.696272671535
16.48,2188.6640796846696,2047.8684729872593,2292.5761631353766
16.5,2181.0466850520534,2025.7277541031287,2259.2484402542905
16.52,2213.700140958733,1917.148087287764,2239.710064018067
16.54,2329.4928592712636,1979.2033208884588,2213.182282452031
16.56,2424.389252735087,2037.449298778607,2284.5350958417125
16.58,2177.8986985229685,1964.2987926395765,2303.917227828141
16.6,2198.0952744104216,1945.134714492492,2201.0226837987543
16.62,2224.401977589342,1766.6213841570066,2222.8185260963273
16.64,2188.3941673730205,2029.3634111618753,2243.9083908077337
16.66,2146.8622173620265,1847.3052570875554,2273.123015186083
16.68,2201.527003221126,1783.167665394899,2274.9425341095707
16.7,2128.351262530453,1802.8726679166894,2264.235874180231
16.72,2307.275719126952,1877.896597630107,2316.1839236175247
16.74,2392.844049712597,1984.7184031685913,2247.324063669787
16.76,2185.1285066547935,2037.7372894300806,2164.5873397025234
16.78,2416.25945920866,1967.0270904132876,2347.279566250514
16.8,2206.943303750476,2077.0580689694984,2323.806382598438
16.82,2139.2928141694233,1905.2075851680918,2160.829264072533
16.84,2302.9217231399507,1918.5940289017797,2262.7375845496135
16.86,2110.6560788903125,1793.3871097384158,2337.4342868501135
16.88,2293.445838469327,1895.6700624385564,2232.0707351286324
16.9,2252.42373768821,1779.0287008292726,2307.2933696039854
16.92,2175.1440596485822,1834.1647303965801,2330.3047759897445
16.94,2173.7004681972803,1991.5211591337338,2283.453338605105
16.96,2133.3637145777748,1809.0108603231372,2408.671092491905
16.98,2351.2734948293046,1807.2599579651041,2300.193109934039
17.0,2200.7351253321694,1790.8212057644396,2260.8906758251237
17.02,2265.328949724428,1996.8105788230428,2244.6948187970793
17.04,2227.8612519289386,2067.3632699032332,2253.186831023369
17.06,2203.403367711413,1932.7845205825272,2224.0275258755178
17.08,2266.687545458238,2013.4772362495532,2190.481179126277
17.1,2286.0814630425207,1844.6178096444391,2198.20962167176
17.12,2240.27871971348,2031.9342275406652,2243.7863342326823
17.14,2201.5825638025653,1879.521879250553,2307.1079221125265
17.16,2095.4753158637895,1989.6532533769287,2276.7162136464403
17.18,2150.991695837026,1933.7518686895626,2265.311949761174
17.2,2184.5794779320204,1783.4584763796029,2392.5022811352046
17.22,2222.1779236476104,1867.365098240334,2364.705354470464
17.24,2014.160515620215,1953.6244360237959,2195.302698294584
17.26,2289.96868577155,1794.956930756458,2297.768627063796
17.28,2250.298784310247,1965.634509580837,2167.795199441939
17.3,2146.5141062808484,1829.3252856734784,2263.0488085519237
17.32,2112.461477216507,1981.7526511140281,2154.539299909543
17.34,2142.120374652009,1833.8785263196348,2209.2925481485763
17.36,2072.7184258062853,1981.4217590264727,2300.490568046565
17.38,2189.582551473132,2009.334909531663,2228.84633040462
17.4,2210.053593063526,1926.8696118767211,2185.445095097357
17.42,2338.36973852846,1934.6432566390947,2211.372968237499
17.44,2279.9691058618655,2061.610019906239,2195.3811906322117
17.46,2369.924541996145,1879.5960226128072,2284.1986568032567
17.48,2227.7165486053987,1882.207946262682,2334.343362895597
17.5,2108.174164498597,1976.5604278394342,2241.658251972022
17.52,2434.9017423291407,1974.5363129397388,2315.608205346365
17.54,2191.4710604862403,1921.7987199290467,2210.940435099201
17.56,2045.4398401695696,1840.0369211538969,2256.0259981174813
17.58,2254.1528841989075,2012.8064578615356,2379.906693287629
17.6,2028.0013557430757,1851.4387220359827,2244.8863254856815
17.62,2205.503181978943,2129.4534331231257,2326.6882134817306
17.64,2168.9698599892963,1852.353621293642,2209.059537065963
17.66,2287.9115167772743,1859.2220622922766,2255.0575146931083
17.68,2337.805197316614,1971.6247861412683,2197.256545202126
17.7,2186.58093994588,1987.7152050163936,2257.6020361992432
17.72,2177.288549712108,1866.6311839040945,2276.6845649140328
17.74,2313.521161130449,2076.9178589328794,2312.4215831287074
17.76,2133.29028181285,1970.957544141071,2222.2312213880373
17.78,2231.535126017495,1925.8571085368044,2248.560860163447
17.8,2287.9151593980773,1970.649996722904,2334.6689361621866
17.82,2130.4746008262946,2033.64082969857,2175.9049037143204
17.84,2188.3828756843277,2065.1032473054242,2093.393886035459
17.86,2235.8423951456843,1953.2998123331797,2213.466589943414
17.88,2385.052306887991,1839.4316077332123,2292.6513344514606
17.9,2087.2739505845875,1841.8882790245073,2255.55549108933
17.92,2209.0551911635894,1830.130852507557,2194.343507003365
17.94,2383.9175819688517,1891.5673798263833,2267.4180359892866
17.96,2340.3285588634703,1944.7336416793833,2237.0253808254533
17.98,2194.500828266966,1958.1244987491139,2156.6961360039422
18.0,2216.2320092046366,2029.2108912993067,2234.804834664956
18.02,2276.116403108769,1775.4720384899797,2303.2658928140795
18.04,2279.4199659202795,1941.716473891207,2238.211333169914
18.06,2386.802154681598,1983.9228213116817,2160.16221628724
18.08,2359.896098129171,1722.5174325335745,2374.128641600366
18.1,2066.850777956764,1973.89311219998,2197.477067220055
18.12,2042.3473673567535,2153.920250524454,2284.360298752399
18.14,2168.0700404926242,2000.1915756535445,2308.173749726626
18.16,2014.9845012699125,1960.5034707280365,2283.687555638445
18.18,2393.751507416013,1905.9879595764887,2248.536749714972
18.2,2058.1913534645173,1949.1756004169176,2144.0196388623176
18.22,2185.407853730249,2064.6897582558895,2338.754387794881
18.24,2118.2846913044564,1915.3389090804262,2184.0879097654556
18.26,2036.3413488988183,2033.3683173615834,2319.29366291273
18.28,2362.6183526429813,1977.1799503461068,2327.3448778540956
18.3,2147.348523553084,2081.213614190595,2164.6471755119082
18.32,2441.444577912702,2037.9252412440999,2164.3522648736066
18.34,2392.1293553416763,1950.961741342585,2232.739791993135
18.36,2225.6491589556663,1945.8732061508986,2319.0101061259534
18.38,1972.243237963349,1921.514424497034,2211.108918573304
18.4,2179.5096395331193,2023.6278560294554,2256.343181901463
18.42,2493.7733825036926,1895.0694582254846,2218.1529029819067
18.44,2274.531274968654,1950.2371637746196,2302.8612214505456
18.46,2201.397654083549,1924.1567004256744,2212.2604306574117
18.48,2148.5016091328657,1833.2840221956644,2207.021489398358
18.5,2323.901204215146,1966.0554539980083,2177.9067696898464
18.52,2262.364198434663,1830.3119542494112,2174.007418216198
18.54,2257.89205155345,1902.3796689025662,2321.0984198546503
18.56,2360.302915229,1986.5673103170043,2229.8330894254054
18.58,2355.4674761161273,1952.5330238364998,2195.3932654542923
18.6,2279.8057066121355,1953.335798676911,2149.8441208082254
18.62,2032.140520221667,1871.5977534089334,2243.994656823576
18.64,2099.4176236713283,2021.9561504822482,2208.8734294468213
18.66,2147.8368922199834,1872.4566154844965,2191.8604245210245
18.68,2219.5199648379335,2000.174297160134,2204.591666318558
18.7,2395.136493698547,2039.7962350789212,2257.510871850226
18.72,2456.01468432524,1810.9866520482058,2168.6665649581923
18.74,2261.335011387577,1904.0561062660777,2230.262580125546
18.76,2281.597818122187,1900.869191462895,2313.6702902524976
18.78,2040.889312098536,1962.7318584125355,2222.5282460749986
18.8,2172.9066235365294,1867.8424072119296,2192.907191855045
18.82,2161.415906632929,1850.7547489100843,2329.5729197794512
18.84,2157.0880319844327,1939.1356286254093,2250.743374115088
18.86,2299.3253050426697,1898.6905800402228,2242.770109561257
18.88,2174.8309850951596,1930.7932833336802,2284.4753421328805
18.9,2000.2067280629,2009.8305595617005,2247.5070825131197
18.92,2315.1066081451927,1805.1822282577673,2264.2886412998428
18.94,2359.6826970427915,1925.2473132468979,2156.186022098275
18.96,2256.9473719698476,1891.4605727820988,2203.482778054678
18.98,2204.541620507984,1944.175433445869,2381.9264341732073
19.0,2123.934322719733,1911.7414929672827,2194.4965169342213
19.02,2129.2646021948576,1862.5743560024944,2266.2010702133375
19.04,2344.2003950278363,1974.3916153713033,2369.977955026316
19.06,2129.8543160368345,2162.4768285715963,2300.6408547181763
19.08,2461.805868524674,1938.5767851885919,2274.5947490837507
19.1,2336.5262042721665,1888.7147502171763,2203.616838725082
19.12,2270.3785961644844,1880.5480291569443,2228.2164300672994
19.14,2551.0302483545156,2011.8651620146538,2248.7554301066407
19.16,2374.8294515560037,1864.7583723282532,2274.842017944779
19.18,2173.057201710506,2036.492857446877,2335.9958199294815
19.2,2116.6266550866562,1808.6060271089682,2280.620147395755
19.22,2188.531446623448,1953.2875445343245,2236.9291719064336
19.24,2209.878089115709,1988.621183815273,2253.3150250487647
19.26,2130.0979462092305,1996.188621548552,2291.8475712798568
19.28,2098.1396500737364,1992.3890275964295,2275.41958778348
19.3,2261.215169835591,1959.102561336824,2236.035583033381
19.32,2331.834362186947,2031.6140685537944,2176.3146119884523
19.34,2444.545070559222,1863.0295685258675,2320.0105181042154
19.36,2231.757372649524,1888.1177299925105,2238.8967817096236
19.38,2293.0394477735676,1906.2847023373768,2274.820545078366
19.4,2003.0369592303762,2060.881408918137,2214.940765052688
19.42,2323.3110602847337,1983.3068259716097,2213.602698096281
19.44,2107.18648345098,1991.8071272817544,2290.470625879361
19.46,2265.2118455049904,1918.7042861970292,2173.379767264112
19.48,2218.667712220372,2002.739971487286,2179.542710216297
19.5,2191.142303262881,1819.7859129763929,2354.701536294141
19.52,2039.4259541936108,1914.9593316260593,2309.301502839649
19.54,2120.7990679497298,1934.595288123075,2281.898336707576
19.56,2102.407224570658,1906.3863429783064,2183.5361930550207
19.58,2150.564189757254,1909.5772268907344,2267.9615480091015
19.6,2359.6496129850125,1984.2893509497123,2250.3902082047016
19.62,2176.9919296248368,1968.464365718214,2228.6055791005433
19.64,2138.7591516842667,2040.7678930419725,2250.2293721268925
19.66,2294.399394699655,1776.5521296964378,2159.438378812153
19.68,2257.5658322566164,2058.716487351723,2117.484320094713
19.7,2462.0300051605655,1889.9485406108345,2272.9893118786626
19.72,2341.9002013117356,2045.1151759292175,2263.8146728344777
19.74,1988.866573120217,1908.2735425888081,2268.9799889052497
19.76,2319.098881378019,1969.4909648270027,2304.824746793786
19.78,2305.0315139543645,1852.0254611280689,2294.4567171860836
19.8,2418.679157528768,1842.592681568927,2356.673712134541
19.82,2192.0680345403803,1992.3557328203378,2327.841015824243
19.84,2345.59120028567,1733.5354278494663,2254.6598123674607
19.86,2177.8184413720096,1827.4349289319498,2264.938922287802
19.88,2254.3255851667845,1985.0820901911288,2269.6359666977146
19.9,2099.2519183786317,1909.562759868255,2159.0053266526547
19.92,2061.4484265238652,1872.6186111579834,2320.247081062018
19.94,2323.6034994728043,2061.438171826108,2297.232596288703
19.96,2221.204850520252,2089.1761915728894,2149.829409843179
19.98,2077.280665365905,1943.2160424056071,2356.65045730074
20.0,2325.459177645921,2043.8613689572378,2226.420364805839
20.02,1901.2139265776534,2062.134649920392,2254.767286441977
20.04,2128.2161314869554,1940.9728602063371,2254.5946854157523
20.06,2018.8844033719686,1901.8258936641569,2238.693946984519
20.08,2355.158873196935,1949.260369981335,2404.5732496755236
20.1,2167.9484928525594,1827.4400259275542,2235.81068093705
20.12,2230.1101619347783,1987.0857986153821,2233.2454105797565
20.14,2259.048641923598,1937.0308022262695,2241.9910414498268
20.16,2319.505042969333,1975.0843491356852,2179.900542369269
20.18,2310.416181343687,1954.6006022094487,2246.237690249105
20.2,2324.9432265339997,1875.3438390539588,2169.0813204017713
20.22,2194.88768054118,1854.5885227669705,2236.074414621384
20.24,2324.7682949125397,1700.4094399231606,2122.9807043820397
20.26,2145.865966929496,1773.2933693827051,2149.278474993644
20.28,2175.3751753360007,1726.1355949777196,2119.177237154122
20.3,2046.255077613869,1740.3717975242653,2149.6985143155125
20.32,2430.4800278230073,1627.397590066847,2066.7611858277796
20.34,2106.873839824322,1774.7323255487795,2018.963418731417
20.36,2382.2772559497753,1850.2356490922045,2153.5488051263
20.38,2284.417481992188,1826.837453759446,2078.262244247843
20.4,2251.695107746857,1899.5663819230208,2299.1664421252103
20.42,2270.7289543405723,1736.4290899337336,2162.8220576526155
20.44,2100.13835542467,1769.9077434340477,2234.9482487344585
20.46,2414.779674225724,1880.0897391674273,2213.8189192226655
20.48,2180.1399254616845,1800.8548282468164,2134.3169778740157
20.5,2343.46830489274,1823.4426378223866,2172.4804438661067
20.52,2161.8332639378473,1978.7780819463762,2238.114599894079
20.54,2057.8011208010403,1788.540134485415,2234.537178534592
20.56,2464.6678430200486,1758.9535654880276,2249.5313419762338
20.58,2158.921368203601,1721.4958923572724,2149.640615489552
20.6,2284.831676568934,1790.1002151691619,2232.037911315459
20.62,1871.1198175679783,1893.329361185357,2152.885773406976
20.64,2211.354085247944,1856.099957340632,2251.6774949463143
20.66,2291.352181237889,1923.0946273320512,2250.091453948929
20.68,2239.7344840404694,1827.7410726951744,2101.260313354227
20.7,2211.4064882662365,1622.6286696469615,2209.692278273653
20.72,2203.169054435654,1862.4856810956005,2119.5756057292224
20.74,2331.0389241951857,1821.1410592901423,2245.964122008104
20.76,2058.403465482633,1822.9508732286936,2108.5027588373105
20.78,2182.3004588913277,1919.580000225183,2203.3034463745244
20.8,2389.2181235589796,1792.3833293434625,2237.212827386668
20.82,2045.5472298047941,1858.658008190021,2193.885108204638
20.84,2217.0391916347326,1727.0178007153372,2249.623421891129
20.86,2100.8996580756766,1691.9946055604587,2212.940623727839
20.88,2265.213375682346,1763.7420168176127,2291.6443421019903
20.9,2233.101692094766,1786.025253111922,2114.973862558233
20.92,2112.190847631753,1859.479541430723,2159.8093359800114
20.94,2224.706355075287,1731.506735849397,2058.0688572111817
20.96,2231.0577312924465,1929.8608906524407,2164.0068682560814
20.98,2151.9331007130263,1731.3992127949216,2105.167089712455
21.0,2178.724747803277,1804.677942866055,2096.7208310661827
21.02,2153.657550008944,1814.8391191235394,2088.3147558889113
21.04,1960.717003454964,1838.1560792159394,2154.5163824243546
21.06,2339.8021356701006,1850.5498839249713,2198.8097226849095
21.08,2370.9056321649696,1995.2134303648204,2212.9792969727846
21.1,2022.3390004907214,1770.5414961096271,2246.9203496411724
21.12,2371.4691105474594,1837.7083162859878,2248.7244638213833
21.14,2275.5993072415035,1801.0007351519866,2118.4705502250727
21.16,2094.241056464068,1882.906010630408,2138.3804129671257
21.18,2195.0119761051137,1837.7676296998861,2192.7029356253292
21.2,2138.756734273488,1820.0803968622663,2197.3516144164296
21.22,2335.1744519981557,1685.4600277436969,2280.186945829533
21.24,2118.2923259149215,1770.3912953400156,2166.744052371025
21.26,2479.0581771973384,1734.6906734722402,2228.3805367766277
21.28,2365.961887757003,1774.4150545364373,2171.4939110508967
21.3,2086.523949991699,1739.2218255245016,2211.95734710785
21.32,2424.7076414462877,1764.231216118511,2214.2101556050743
21.34,2316.5110632911565,1775.1189974374408,2188.0354554806595
21.36,2211.1364210843954,1777.2426839600814,2127.9884895603923
21.38,2302.760182967389,1788.5315001712231,2222.3995676126356
21.4,2332.3136640955795,1737.9613172855813,2243.9434884695047
21.42,2134.3185196429563,1810.4706845569103,2191.2836238066125
21.44,2322.6302800024714,1736.3510215068777,2002.9329063240798
21.46,2172.8015281388384,1760.2679757633994,2175.801976406024
21.48,2320.2910338170223,1803.762263238345,2231.8377804840607
21.5,2212.0264724565313,1611.104916305733,2116.716040196893
21.52,2109.091438179628,2011.5640769708762,2251.1594813875663
21.54,2306.6254096291727,1852.3161797126334,2160.7897135032895
21.56,2187.5940954236203,1835.9214638141564,2181.1148472393993
21.58,2251.5631510649246,1762.8707171727776,2206.2379370860704
21.6,2281.728399589997,1810.728013975234,2131.076507851023
21.62,2406.1683980248836,1712.2523000706822,2245.3124437452175
21.64,2180.848255886594,1847.2547507251934,2267.349776637911
21.66,2117.053284193535,1687.3533154093186,2111.972939851119
21.68,2407.9554951184537,1723.0996227524927,2172.0763275858058
21.7,2218.512292295377,1756.253725679898,2312.603808320076
21.72,2155.3115076895533,1927.7301208114704,2261.7727190526057
21.74,2264.0234415045975,1720.0989936506617,2080.5751114495533
21.76,2181.2318109706575,1832.771705019545,2262.014852208887
21.78,2185.465575899869,1646.2990024142173,1962.5388025867628
21.8,2518.6727748150233,1812.5857176360473,2228.8688982544963
21.82,2105.185031736555,1947.5944211842052,2127.8173232617046
21.84,2057.13379318795,1850.1080884656199,2211.348606574175
21.86,2366.8258177035204,1646.4009116117036,2185.9672154561963
21.88,2172.8232715595122,1812.994482875047,2168.9023299187998
21.9,2255.871497896795,1771.381015254579,2214.058691261172
21.92,2294.1261077460736,1903.2062519124004,2159.0441222695667
21.94,2022.0416422007347,1799.410969966571,2149.5106332164028
21.96,2376.6218189924994,1694.8117100396807,2246.4851110866575
21.98,2163.624364341041,1795.6841359798375,2186.5262720159344
22.0,2435.764825603106,1748.2733360470281,2150.0074767072565
22.02,2122.9028050255138,1634.8306043508433,2174.671630984101
22.04,2413.205803465571,1795.7714640647685,2166.888052525823
22.06,2436.104365702529,1810.7772972481368,2162.4631786381888
22.08,2175.5528480564603,1842.7715728437313,2216.560852825943
22.1,2209.4284803966475,1892.7381397171457,2132.234279862643
22.12,2189.983554112921,1789.4489265302261,2295.7876452087376
22.14,2407.0975514243123,1693.2931276877582,2207.2614537614395
22.16,2250.4094076071187,1746.6063373927514,2057.323055585171
22.18,2290.9029045123298,1810.4758004108028,2196.625074171145
22.2,2202.781662059585,1903.3159165193022,2121.0550577295776
22.22,2277.5451508328106,1807.7834633153311,2180.9935965107056
22.24,2307.4053426260625,1797.9953774926719,2179.5306354506674
22.26,2172.9133904940363,1789.9658101374819,2234.0585048095454
22.28,2438.6936940669843,1814.0812184431795,2232.2929329584767
22.3,2205.127818798489,1965.5295843220179,2203.0494249642893
22.32,2343.910997686943,1804.041666255744,2317.0052124069757
22.34,2072.7180218545554,1789.703240088971,2144.0262169622474
22.36,2308.39379382779,1819.2291901304757,2269.995804654712
22.38,2354.010804960109,1763.4173551997478,2270.6144143787537
22.4,2254.1977123886854,1680.1017057045347,2210.1858135542607
22.42,2349.0085684590435,1663.6804565746534,2219.7061549461123
22.44,2146.687875705905,1752.9352526683797,2246.9748645330465
22.46,2288.205367960378,1905.827558974795,2162.501609975902
22.48,2049.46109292023,1914.1856599932437,2152.3634511988353
22.5,2245.712255933129,1737.092565444438,2156.5704605574347
22.52,2140.3306476956736,1803.1238990321986,2201.2076100940812
22.54,2228.434454667594,1821.8964881042298,2149.2773651145076
22.56,2392.064198202918,1750.8706157793647,2142.8864391066604
22.58,2430.3968373438543,1909.5541909659335,2127.80041216408
22.6,2070.9161044123302,1868.9143934943552,2121.7792077526274
22.62,2367.976867047313,1838.9288927423675,2138.0682427121624
22.64,2390.190210896652,1817.5739946488281,2143.020788418458
22.66,2266.524846368859,1690.2049147682842,2193.463571467114
22.68,2387.60681537291,1917.0429301499257,2137.4922159532775
22.7,2177.005427511625,1852.04447146703,2222.929968156141
22.72,2166.249380167951,1842.738395459569,2313.3727798136506
22.74,2167.9251599499926,1757.4164906753247,2258.020479503857
22.76,2312.9509100397645,1763.0132852402726,2111.576940197113
22.78,2217.7102678400665,1851.5449400538996,2169.9116850648475
22.8,2143.1560600113085,1904.5700433923153,2105.707454005753
22.82,2146.0617442522853,1963.3647900582987,2201.339944725151
22.84,2223.9130489898143,1762.6897197387161,2204.8395942733164
22.86,2120.429967392533,1792.5876019334523,2198.9030560718916
22.88,2302.845109045619,1641.0735932115342,2119.5285857633166
22.9,2374.6574521390085,1616.097720596039,2148.9929647253985
22.92,2347.7058455478627,1853.7708253917478,2254.8881734211895
22.94,2573.2708955940384,1753.5151569021064,2219.859335048643
22.96,2276.730767006182,1663.9273925411846,2136.4386658014632
22.98,2422.2087576748986,1720.6532541919432,2107.303580393381
23.0,2244.228832754769,1839.3243270462297,2187.3663993127348
23.02,2196.2986651255674,1840.6477081882924,2188.8799088470205
23.04,2244.0080866651224,1681.17645003589,2112.0876121810434
23.06,2267.787219445494,1910.0345609058834,2168.2692660753323
23.08,2233.513040071668,1757.5120448026641,2156.6820976265567
23.1,2101.9852202253755,1831.0921637128333,2148.9200477208733
23.12,2113.4454894866303,1812.2358391008593,2159.353265105711
23.14,2355.47923474046,1816.0060120304663,2207.4192363647517
23.16,2319.3844973014843,1743.7029072448295,2195.4657848420447
23.18,2432.8366894366227,1810.315755479301,2272.0680657068083
23.2,2176.479160626092,1832.6098422996308,2202.580949576312
23.22,2162.904211710281,1791.3567319684275,2240.7699095536645
23.24,2083.923882510859,1814.0476125976659,2100.503866618658
23.26,2352.516466960654,1897.0335747202398,2195.863783243175
23.28,2124.815403139372,1774.125072525765,2160.9056857444557
23.3,2231.068623877057,1866.609532821291,2236.6653690901544
23.32,2273.5829450898564,1799.9596652796386,2207.33318252309
23.34,2044.1903832922303,1926.256087549069,2290.0061365816464
23.36,2316.8291472654123,1701.3694603714737,2123.0925653574477
23.38,2345.018337706908,1913.3606661136582,2139.4940371933353
23.4,2258.766617559208,1767.2236453951125,2209.9065590679193
23.42,2212.2999718267197,1976.4674212890993,2172.5492912939567
23.44,2215.932832441636,1844.5906144822127,2113.9170750262842
23.46,2390.527921224419,1878.3996430929305,2204.683094425732
23.48,2236.5606052335693,1799.6191262108134,2151.78448935864
23.5,2228.8226706927962,1865.1000015042648,2222.0186441340347
23.52,2151.2049429237754,1863.910962177204,2090.489425082601
23.54,1898.5773635086189,1795.1656850143158,2177.0137636940426
23.56,2354.575543743442,1861.0708067079827,2197.7971801414187
23.58,2223.556188895695,1539.482818995431,2196.7708382341552
23.6,2118.387978431567,1761.4412985335898,2228.1677488627633
23.62,2470.3241041901933,1813.6577038433086,2166.1656123455796
23.64,2270.6307176589935,1850.8447063980452,2211.6481359938684
23.66,2195.9141997213846,1888.7326919999266,2178.1889441946983
23.68,2345.3433535423965,1794.4207493272177,2232.5221155158833
23.7,2268.9051647590886,1784.3714262687522,2083.280529878174
23.72,2268.296137264447,1887.3569010426768,2013.1906172343715
23.74,2155.318633707193,1906.992365517163,2267.3348013400823
23.76,2310.455461605999,1860.1370979441906,2151.1761901363197
23.78,2338.8863973987854,1789.8484682478834,2076.5000405669493
23.8,2152.651372099637,2005.0031153834923,2176.922456666211
23.82,1999.8520647827652,1810.2234736474527,2153.642667645333
23.84,2333.086650714121,1824.0508333350087,2216.996186739846
23.86,2295.076618472344,1935.8612749610797,2225.090576154505
23.88,2317.274285501188,1928.5936097979277,2154.117411936354
23.9,2223.104061305508,1863.8495426724824,2242.229571548103
23.92,2341.068517696125,1740.674031938972,2114.136980672011
23.94,2150.9923343920877,1821.085712198408,2040.380160301013
23.96,2202.459315449354,1853.0323380013897,2193.6204912573035
23.98,2100.2140087046055,1966.2728550317538,2165.2815638590555
24.0,2359.898067098789,2039.881529662572,2062.8745233141562
24.02,2217.374900693542,1758.5787425719516,2228.5809365170535
24.04,2254.3184852288355,1878.788320395092,2071.307863428114
24.06,2279.3673314478515,1748.875544143506,2173.791428397705
24.08,2198.4600342845692,1801.8469683888334,2236.080401328028
24.1,2323.255748637252,1742.616901378879,2204.363810116961
24.12,2420.622921794007,1941.4631265559142,2203.446223395626
24.14,2339.7425553914986,1827.7560112093854,2160.5293623095667
24.16,2030.5590084209916,1832.782502602488,2192.4824877120095
24.18,2253.744326205721,1813.909726964795,2208.2953629908216
24.2,2256.7561461987025,1838.5415861911272,2141.941822681881
24.22,2383.3862700934055,1840.3092834484996,2117.377632722662
24.24,2166.3107562832924,1752.2073594742433,2238.1395902312483
24.26,2103.084696767692,1671.510767622109,2302.867125485217
24.28,2324.332245307993,1700.9176571841501,2283.745286029858
24.3,2222.7298650677203,1679.687989327214,2018.0451314850202
24.32,2155.135165783389,1823.4988249129544,2272.447165359402
24.34,2203.7183172940445,1745.5236310919122,2147.9050781672345
24.36,2061.6851124291134,1885.836388701691,2305.295754572267
24.38,2237.7521891190436,1824.7564765542202,2113.9836673162777
24.4,2183.9896886908023,1661.19029766714,2109.6933086250933
24.42,2287.99600177227,1774.3956999846407,2184.1967587105005
24.44,2202.1183971556684,1638.6838428290816,2162.4273311715137
24.46,2234.452766337929,1714.3635793495544,2169.606221992599
24.48,2176.0157656820197,1766.192161391126,2253.6468041033913
24.5,2198.0612692745344,1731.0986826709845,2268.7487218368196
24.52,2094.6279004725397,1955.151844788622,2125.297891402841
24.54,2350.1535081799907,1869.0242245476622,2294.2282466974884
24.56,2222.3718332160274,1784.032371910816,2106.419684580043
24.58,1984.64994467257,1922.5392544650065,2155.122482559824
24.6,2032.7461023738133,1733.1364629012926,2360.89843781265
24.62,2349.732574181985,1786.8235004106011,2210.727382087813
24.64,2221.9942340180487,1880.44470169731,2143.254896888899
24.66,2215.53218910057,1713.7020949419707,2200.7042023682316
24.68,2217.326736559316,1855.5419409450747,2229.6460817322363
24.7,2283.0133981506056,1828.4550969823601,2210.3016522664543
24.72,2406.9538236673907,1852.0802916201208,2272.677549114116
24.74,2278.662005869244,1952.1215651291825,2130.758235463193
24.76,2262.3808270944005,1846.8607812140401,2144.515847958123
24.78,2160.2599576389352,1824.2993445334296,2124.664745456169
24.8,2045.8298160060583,1696.8957603285191,2127.638946402664
24.82,2282.6131490534444,1826.0174375201698,2188.254296558207
24.84,2291.678375118473,1769.8392788574836,2116.5254731403224
24.86,2359.048083586277,1792.704699458066,2201.746923609473
24.88,2432.6159196580375,1762.9846588481469,2222.755196423329
24.9,2086.842577573699,1840.5552278834696,2105.0461837631196
24.92,2148.2281023816477,1724.2492322462845,2146.075933897933
24.94,2306.2736573915304,1821.7767081743425,2155.2321815926807
24.96,2231.4477987051246,1724.418895870854,2175.1682022538807
24.98,2401.902813358632,1664.6441244017383,2169.824313615165
25.0,2208.4278555549217,1779.6508334701837,2233.3091745400766
25.02,2466.1812912194173,1841.0705029360242,2245.7874354950964
25.04,2234.771169403382,1741.0764948133153,2135.4012704413335
25.06,2416.620491825235,1815.1417499504007,2232.0262668460505
25.08,1935.2781398913846,1777.949954420497,2274.67615776126
25.1,2279.404121260593,1724.4277877777758,2262.501531712063
25.12,2227.7559745937783,1849.531770824567,2194.631452182273
25.14,1977.1713083098168,1752.593525732179,2181.41230091617
25.16,2222.140067239518,1830.896107963214,2099.4377506777314
25.18,2077.9865544652234,1688.3503219950417,2164.857534038161
25.2,2163.5827531293585,1819.4686547018907,2094.550255279819
25.22,2260.796566697066,1858.4582765103144,2266.826155439634
25.24,2209.4247088898205,1838.5273841003811,2172.2404151604765
25.26,2263.853933336964,1880.54584334646,2183.009067179462
25.28,2232.016443894551,1858.548347885102,2144.791662516935
25.3,2494.2163190515303,1832.3794700020605,2093.5261147513384
25.32,2259.8454999022424,1881.7216891871099,2237.4458201412026
25.34,2241.8190578651206,1786.1125921912299,2223.269582531328
25.36,2272.6470035352727,1862.3819460484099,2248.818363170874
25.38,2220.0982487095785,1821.6815298650877,2072.4993856195797
25.4,2040.9424433248769,1945.2347021581352,2277.282683006084
25.42,2309.9023791123273,1820.8146492098945,2182.356487421171
25.44,2377.61108332136,1710.0384519506408,2240.6704559408768
25.46,2408.8149157470057,1831.7189359900976,2016.3684979229856
25.48,2306.4778222549553,1730.7879966420567,2218.4768807633936
25.5,2193.2226876092086,1862.9327884275474,2186.8356238409006
25.52,2254.229313102618,1883.7477432322773,2168.8505217076613
25.54,2434.0301470358368,1779.4072524858816,2175.7477177971427
25.56,2198.1685634017276,1733.372539784593,2148.253747649805
25.58,2083.938778093425,1823.2408185917047,2095.7021112159837
25.6,2492.658006182062,1744.6645469545658,2109.506334707149
25.62,2113.0761324840287,1750.7671214088386,2195.526479568066
25.64,2040.001783898878,1771.6574634127667,2272.311609234787
25.66,2260.616639908266,1858.865981336594,2255.9903014663428
25.68,2272.630070651505,1693.1490868325402,2202.6455600170657
25.7,2279.1379027895005,1751.0660868991918,2157.4409775186377
25.72,2328.8008277210233,2001.9368826642583,2325.1310091172454
25.74,2205.8908341655087,1967.993794802282,2234.3008443195777
25.76,2209.4010507580056,1908.0528216169055,2226.8243659624977
25.78,2160.404332446955,1815.1077636427278,2098.837455163044
25.8,2242.67376330485,1869.908210104524,2207.5838830486036
25.82,2289.050047842552,1779.1688602223267,2113.4619792460003
25.84,2332.171738656535,1596.0240159757527,2327.6394210441504
25.86,2118.887200880982,1764.5144241388027,2131.131696151664
25.88,2074.1710909637422,1770.7795995812621,2147.8472045520557
25.9,2321.188624197957,1808.5895626292263,2146.8815081876733
25.92,2156.7843941392225,1847.5864038157042,2162.504441609008
25.94,2107.510976432592,1945.0781465524785,2226.246042868581
25.96,2003.6055042456169,1815.5868162059855,2184.061801897741
25.98,2385.0340492578107,1730.2752358423993,2190.2249438322815
26.0,2251.5548957934384,1794.8626436526442,2235.823252318012
26.02,2284.215598947039,1863.4767940319632,2091.9307560546195
26.04,2270.75962083141,1801.9477420264388,2239.4430634906757
26.06,2241.71044544931,1740.785075800198,2194.186097675537
26.08,2214.716648034631,1844.5718916196681,2138.804794601462
26.1,2213.5379982207364,1707.6858665949087,2191.8926847837133
26.12,2106.263213382737,1729.9834807911705,2190.7989957849068
26.14,2012.1419510691003,1843.3415813539414,2011.853032832895
26.16,2486.541456761185,1747.3694790805648,2274.761069713553
26.18,2230.5374892138902,1764.7886601856403,2265.8153066132027
26.2,2174.2542299814827,1794.0689485105136,2100.6459009086843
26.22,2125.156979681786,1804.8615906608154,2143.9752450096494
26.24,2343.7937998422244,1731.9792337866038,2282.689291047027
26.26,2243.7361244044073,1836.2893386255912,2231.4967006052125
26.28,2125.052814523776,1738.0265392232868,2212.979995189153
26.3,2194.0107166616144,1929.5835374208532,2213.279232838343
26.32,2267.0456162975916,1766.1481383005487,2208.849336268133
26.34,2179.2943625661014,1851.9522139189887,2118.681445285756
26.36,2320.2813770582047,1863.0519437836476,2152.4203543119143
26.38,2478.287692149766,1774.6903849823425,2254.24485131132
26.4,2178.2778787907782,1725.675505114957,2231.5986281969663
26.42,2195.2413133606037,1859.607217240346,2214.063005340623
26.44,2131.1106801632463,1689.706984467457,2155.3492632794337
26.46,2205.328645312714,1704.6290589898904,2251.4749264873226
26.48,1989.0943010790527,1854.110465260066,2117.589246573309
26.5,2351.387132916937,1791.0044509207848,2281.737702035843
26.52,2064.157381629501,1751.435961526343,2138.6965013606796
26.54,2133.8552759362983,1766.6486576885645,2126.6521330218525
26.56,2244.3610156484838,1742.3288449905729,2184.1412122999245
26.58,2392.809995968246,1982.8490272558945,2198.351085855425
26.6,2125.0815738650044,1896.0118974069637,2192.736873373199
26.62,2210.0086663311918,1749.040999847452,2101.437725467827
26.64,2273.350172789784,1787.778600960311,2218.2625468791953
26.66,2153.005037233118,1860.0128722823276,2251.329562329439
26.68,2209.7042580006105,1736.4705418408346,2176.8217123805434
26.7,2035.567449477402,1766.2289977146577,2079.75293769503
26.72,2160.525260564892,1781.5471310849246,2166.1595845824436
26.74,2371.3944747236337,1736.8656697713934,2106.28035346482
26.76,2328.75603521926,1895.820908366191,2055.203072470227
26.78,2178.463768781642,1753.4533302350305,2148.4206771511244
26.8,2107.360799559101,1802.1730667465315,2297.280652287004
26.82,2202.7004530718973,1819.1635962909193,2181.141717462359
26.84,2057.2584457360745,1930.2546706991911,2154.7376389329024
26.86,2206.6317570955252,1798.9532000138752,2220.784652717292
26.88,2179.6849957802497,1977.927706089956,2221.2452593121375
26.9,2174.2181674926155,1779.460803191699,2084.376734392504
26.92,2202.0052262158256,1782.3432937706207,2300.7574801142546
26.94,2282.1306135337677,1874.0232204777906,2192.178066921948
26.96,2095.9300323670595,1955.531918243232,2255.37707614273
26.98,2331.9539743010114,1783.1610008720736,2156.529894907492
27.0,2355.859197261435,1905.7114476844245,2058.951152796085
27.02,2482.8804665970792,1875.0467664596931,2179.7017520845757
27.04,2268.8131606739753,1750.0754394872415,2113.952114180168
27.06,2408.5515242621323,1808.8163428425173,2263.2903783586626
27.08,2344.2360408530562,1802.3427931102813,2111.0151482838655
27.1,2250.6543730803355,1723.5537671886357,2208.039895315247
27.12,2074.5790293424475,1821.469189318571,2224.4754777540725
27.14,2322.3958384189127,1815.4893929811358,2209.00756250337
27.16,2250.730020693123,1845.389350248635,2151.4662917979135
27.18,2435.1906980076033,1823.0838368402476,2068.2903284125396
27.2,2310.6510684456543,1757.128160394114,2087.7874663682724
27.22,2347.6789796778903,2000.145993557555,2137.606005343754
27.24,2157.431815557924,1830.6789948771066,2093.976199230976
27.26,2256.0026016782713,1919.1112435303642,2181.355485873411
27.28,1997.0645103834024,1849.0668806734657,2138.211358547571
27.3,2288.4275162296385,1932.2950600618315,2104.507732683888
27.32,2365.5875193330994,1747.763184057905,2095.9710233282694
27.34,2385.300758015768,1798.9516732946167,2084.845829642721
27.36,2185.024095532844,1773.9694771445209,2183.5023194311293
27.38,2017.9807072655617,1767.11648770473,2137.0261235049775
27.4,2165.2472002865666,1832.3608078487975,2187.9612781227424
27.42,2215.791703809649,1790.7187513282604,2182.267914381295
27.44,2275.5848998474507,1696.582612931356,2176.7217431953127
27.46,1990.385062874793,1784.146284548644,2236.1923947608648
27.48,2215.0774281980043,1775.9614599853867,2095.2277614665395
27.5,2100.2666584156736,1873.352824522564,2232.3399644520478
27.52,2394.5496306443515,1693.4363127509068,2216.2880905338648
27.54,1949.0239979677872,1774.8933428941134,2179.6010780522897
27.56,2344.092702182836,1754.6685859897116,2138.91081489787
27.58,2204.033785533766,1868.9214635478013,2193.0901573080846
27.6,1982.169039515642,1766.813268515513,2219.7303553512816
27.62,2426.3993052374763,1891.6294632003319,2097.4315837167837
27.64,2389.0384661727744,1805.5218639577893,2227.825529785698
27.66,2383.2375856568706,1848.7589610973796,2294.243619409139
27.68,2244.7648170163175,1897.2405078325905,2176.5079607070957
27.7,2142.4648528066305,1714.142789114565,2271.921532898311
27.72,2229.5315559498986,1788.8781060433123,2217.408620129393
27.74,2286.374376990671,1833.8606474857543,2202.5398300348934
27.76,2157.672577674245,1816.3697365629014,2139.4158818154715
27.78,2118.349239802662,1703.4836297189452,2172.268200608988
27.8,2278.019448365886,1860.8426142667,2130.2232404961237
27.82,2246.8205899050486,1811.6186924845383,2246.6879228804582
27.84,2333.3762062872374,1818.0761603540675,2135.237021733403
27.86,2403.9466045642107,1800.8589777177162,2310.3375183538824
27.88,2325.1490895237057,1568.3420270941708,2224.528039517838
27.9,2089.527060681438,1853.655599459165,2210.9314872380587
27.92,2224.5032320866494,1855.4046213340725,2096.1304237311488
27.94,2270.102820082382,1769.858330054544,2219.306794696128
27.96,2319.576239334453,1684.4368426037752,2159.1657208710526
27.98,2325.3561104303076,1764.0521870895273,2167.118536418665
28.0,2217.0767004147838,1886.4616431123457,2171.524797093705
28.02,2167.431794191859,1772.8014040944636,2117.0082871341697
28.04,2345.2558653906926,1805.4840864944156,2192.1538125282523
28.06,2275.402771451815,1781.4277643510143,2183.2335904961237
28.08,2266.664347267067,1834.8993893810461,2109.3800777846486
28.1,2135.7921011096387,1704.8053212725674,2217.701294915244
28.12,2457.4012183050527,1791.92804749341,2315.6056885711646
28.14,2240.3635474556677,1899.5479686159724,2088.4090141949573
28.16,2202.113676368422,1744.952081858472,2179.8472030320504
28.18,2248.0019260331974,1788.9460881907246,2294.2017803045696
28.2,2209.4280896186183,1886.7887158555295,2131.995606587293
28.22,2073.1281290897427,1865.8449863136675,2213.8201477560615
28.24,2261.3377296314443,1846.731957965577,2213.0746216483185
28.26,2055.6958272521388,1842.1208691415472,2233.8031870280006
28.28,2241.374431458465,1841.5097123046583,2316.117374396209
28.3,2038.40467945376,1794.93210398657,2075.2242442636275
28.32,1967.2124580882826,1902.208532205766,2199.816959058498
28.34,2291.873725255224,1777.6181705405088,2154.0476324774772
28.36,2082.983649381222,1734.6123177691775,2183.6047326389394
28.38,2267.4683253637822,1702.366308656742,2188.433044412597
28.4,2244.997201278404,1758.1097939979722,2163.7320967802248
28.42,2242.925757437784,1757.8767420597396,2112.966988855192
28.44,2154.0241425187596,1754.826347638635,2123.4389246237115
28.46,2212.2308169652597,1719.0213584450055,2330.3787647155377
28.48,2147.414186347227,1846.8048956915975,2101.7217994084876
28.5,2336.565798391104,1740.9095124480593,2273.380576408399
28.52,2166.844825542398,1840.597941207358,2127.6434321714814
28.54,2194.842495177803,1854.6834996725765,2201.6260303725794
28.56,2320.3586252847235,2015.117452544565,2315.537825774307
28.58,2158.881519030639,1776.1212955807016,2238.429072269386
28.6,2024.6490672973343,1792.3695201183818,2094.700351981703
28.62,2111.148806147446,1745.7286345881257,2167.1972284981643
28.64,2348.9683921944047,1717.8620688691424,2181.939671583439
28.66,2232.6434036873857,1777.7674963422464,2250.7592961172427
28.68,2258.3072137736367,1746.093286480815,2192.4177161066254
28.7,2258.882999313919,1713.2650337829507,2179.947544155244
28.72,2437.8168826313126,1830.4694835151427,2302.5704729302165
28.74,1981.8185878884603,1728.4057218290525,2293.184734711132
28.76,2205.6590830924233,1850.5858805206537,2232.0836670970893
28.78,2222.2289558693114,1871.1206691131918,2143.9790200785797
28.8,2222.906260737192,1730.8822815832382,2012.366262876284
28.82,2322.6284857510705,1907.646201832581,2103.1678514984796
28.84,2323.57832824279,1835.061271506464,2087.1337292240883
28.86,2199.4321583471346,1800.9492224395176,2185.2987537197305
28.88,2027.184159668802,1665.6680875401821,2254.7284344527543
28.9,2524.609486906058,1670.4093670342431,2325.4627324465923
28.92,2222.790809331519,1932.6629037588264,2274.7090441162195
28.94,2230.0646907646424,1915.0627288424917,2140.570439844138
28.96,2367.8719993932255,1937.1611309375528,2204.9402169135446
28.98,2171.1409368355266,1957.4968586094983,2215.744997246061
29.0,2372.63466644217,1919.8689381516488,2084.011627468675
29.02,2186.64529725186,1830.7487101394454,2125.585125766956
29.04,2441.96594940823,1856.1183556663727,2158.0078973996187
29.06,2284.048909815126,1757.9058907049857,2331.3694079031566
29.08,2150.4013372447303,1829.6721973521094,2216.0702603322256
29.1,2487.933838282609,1867.6229237285638,2102.904119699083
29.12,2300.815538743304,1869.4450527739336,2160.7566288111534
29.14,2156.4495781573582,1797.096841465732,2215.2739499690747
29.16,2062.871871341824,1639.0847340927544,2165.4263783712104
29.18,2310.7190702479443,1682.5743233218584,2160.342883387567
29.2,2388.562783339209,1849.4789149909925,2238.4358841285552
29.22,2270.376432008881,1771.8351605719756,2281.7326910042666
29.24,2261.8864160790563,1863.3585218898406,2266.044409005883
29.26,2407.8125748654115,1714.7591765562756,2165.427365927177
29.28,2299.8989867390087,1918.3226343768627,2166.864571234535
29.3,2151.3568461163736,1736.8253586907751,2158.1313007643603
29.32,2155.4497171901603,1927.3897267988307,2258.662626396241
29.34,2293.8067647307657,1688.2675781397622,2163.6678835067705
29.36,2288.5141507635067,1851.1945519605454,2059.7507683167914
29.38,2357.766515797173,1729.9431299821495,2217.8151121014234
29.4,2273.7319403934457,1803.7529737360735,2221.873250854847
29.42,2310.5850660404726,1889.4812134242986,2160.518443904105
29.44,2265.791833910796,1881.2811941666846,2308.9332948381207
29.46,2337.8900106888714,1745.8440860214275,2151.5156079467006
29.48,2312.076885196481,1760.7066780970833,2287.3263609258397
29.5,2193.390343191515,1684.559514771723,2107.5580658678223
29.52,2204.1307780099437,1664.7827741004198,2207.948229041214
29.54,2265.360129512893,1739.729955156551,2135.0494081295888
29.56,2234.1640115238865,1737.310404238377,2187.235244832926
29.58,2373.9996974424707,1685.5934133101969,2243.485528181216
29.6,2249.4458249304057,1791.8703099228196,2143.822271970502
29.62,2058.84237848919,1807.1890684373916,2129.706343062209
29.64,2086.71456860479,1810.6846019806183,2169.554821635229
29.66,2197.762967544658,1749.8260934937769,2436.291235735318
29.68,2312.5519831052734,1766.5738061532538,2201.2980271167107
29.7,2142.408210752146,1786.8317277176236,2196.523989156684
29.72,2303.996056284373,1873.0003776456306,2216.806306009867
29.74,2135.366948274978,1752.1063840188756,2076.445215362747
29.76,2244.28776313214,1674.5207468019141,2248.22385898243
29.78,2273.966559009672,1783.3265285900245,2232.805716391843
29.8,2094.332008418662,1772.8986084332716,2069.7258562064108
29.82,2282.2426226621487,1678.0316280191755,2346.1627549158366
29.84,2421.686002979346,1775.9753457266322,2187.5632621059654
29.86,2199.5217024108306,1740.9194457189424,2112.659835899054
29.88,2237.3672316626535,1803.9383084906865,2205.2905017281623
29.9,2269.6326026453125,1841.8049353466242,2122.1147921500346
29.92,2246.0792669031857,1764.5819871205972,2078.025755487057
29.94,2226.7627649626666,1842.698894825421,2171.2810680050534
29.96,2217.39520929213,1778.8947919918792,2174.235867043334
29.98,2037.6125954620563,1784.625209295414,2085.7140020017027
30.0,2275.8596581283923,1781.462635652132,2136.6419844855127
30.02,2092.66360829667,1792.2959837220667,2113.9368430912577
30.04,2263.8313169758176,1698.5629338933334,2157.8299361917916
30.06,2299.4351815370587,1660.0662668537743,2220.1786048276094
30.08,2265.4638395860893,1892.9154358563596,2188.3016437330252
30.1,2123.6812793834492,1824.2976354720845,2195.431232236749
30.12,2265.4209305616723,1764.8222739695375,2077.496794726444
30.14,2203.9153969948247,1894.6585005111083,2188.4181039580467
30.16,2159.4563157340713,2036.8554735373286,2118.722016004101
30.18,2466.1351002189876,1688.3698430082304,2069.3957390824908
30.2,2115.658174182968,1803.4638673075335,2239.4727847280637
30.22,2288.723004703981,1863.8855195572874,2099.9564387166047
30.24,2411.6060159845133,1683.1084805749997,2194.286064428425
30.26,2272.981685878425,1690.3990245518985,2152.5490236509254
30.28,2154.3672948006415,1885.9481511603321,2121.230814038641
30.3,2168.557606226886,1805.6257376104168,2273.1848292542813
30.32,2070.3691904896186,1754.9250616682382,2155.9885314839385
30.34,2242.6420800492597,1677.8393236908933,2158.120099748681
30.36,2245.6164527516303,1832.284263378611,2143.9881541808045
30.38,2195.531657164921,1692.2794587826675,2201.6765625804696
30.4,2391.146266838937,1720.836699139311,2178.6487110565376
30.42,2221.799430149323,1728.5030477137113,2138.3234997603913
30.44,2044.920311082101,1778.7225475984453,2121.1383615610316
30.46,2405.5051676644953,1719.7836638088447,2181.5130671399875
30.48,2089.2289858550926,1732.5888775108365,2143.2258322569105
30.5,2292.493713690297,1882.1653878185057,2298.7291700802602
30.52,2310.4357112249872,1820.821741352189,2150.385204295362
30.54,2220.097525469717,1808.7821725387132,2207.886331105848
30.56,2333.91016910236,1841.9998355850555,2181.029600155497
30.58,2234.9977561586766,1727.612101333081,2167.5513763798776
30.6,2186.4133101835228,1844.6647504070165,2245.049638660529
30.62,1982.5272718855288,1848.4591519249786,2226.4852624995415
30.64,2024.2573886499345,1732.0119464490867,2229.1149177423354
30.66,2558.2593508535815,1857.4829154243828,2226.992773557821
30.68,2327.468350820964,1824.0646396078228,2081.9524479319375
30.7,2388.7699889339483,1828.817436600767,2219.0600256090675
30.72,2536.9101349721595,1946.4464326242278,2179.1341565935786
30.74,2193.635636446904,1822.4063826798783,2157.3467185556824
30.76,2207.69662452073,1732.5648867392952,2403.8661027598
30.78,2031.0475840665044,1816.1171997040508,2082.2502360510534
30.8,2199.6141467582916,1808.60543901998,2185.2264038006215
30.82,2196.7803994275223,1718.8309553909228,2179.6514997450026
30.84,2189.7645004910964,1638.3296602122764,2183.6895260286583
30.86,2360.159694650196,1793.7577862986159,2122.5921229802825
30.88,2319.5041087857994,1883.0539267494519,2205.9535700541082
30.9,2343.565511024716,1883.7165626291428,2117.262278684785
30.92,2084.4749201190366,1827.7538735906126,2207.6907376655813
30.94,2232.0253364052433,1929.3882481647668,2199.3483870896603
30.96,2276.2062334869665,1822.219093190196,2178.9915358499047
30.98,2456.752211985827,1793.0378403603927,2190.580727884547
31.0,2245.9868123163046,1820.9378186245247,2287.1844438868643
31.02,2212.4133191441174,1746.5360437847305,2219.6800875720496
31.04,2348.6140325420247,1703.4729219715018,2189.4920606411115
31.06,2187.5724791692796,1726.0903767036243,2205.3772302734756
31.08,2287.0406260751042,1773.0388534453007,2186.811681098264
31.1,2286.9647721460965,1881.1803152870211,2222.1650856505257
31.12,2178.922139511264,1697.0122714514353,2146.0605572424474
31.14,2160.552201888608,1733.813252300035,2331.1496984080864
31.16,2228.410976445743,1872.8132824864153,2196.028464734984
31.18,2179.05867479662,1780.4344612397017,2368.4481772092304
31.2,2045.6889125857606,1790.8393485966383,2328.3882774763797
31.22,2303.928413894979,1775.8649436439307,2149.601616910763
31.24,2289.7976815139464,1951.7799888315055,2194.088411943236
31.26,2137.168013307159,1839.168450393439,2199.370131271122
31.28,2123.9948764831515,1821.6566987942028,2243.533421032536
31.3,2279.554400336106,1823.1380688231795,2196.5776596048236
31.32,2428.8853009864447,1838.8442287191328,2270.869040896852
31.34,2342.4505540300115,1951.3439583528973,2079.701298175518
31.36,2365.093922054966,1780.0901064012642,2155.2148342595183
31.38,2188.970905790921,1828.227174526602,2182.7520902414085
31.4,2273.651448310063,1813.5340995609474,2145.768584903444
31.42,2208.2568124036434,1876.7649354559585,2066.7612545130714
31.44,2137.3802011844236,1943.2237199584697,2237.593159457759
31.46,2244.928371553347,1768.4750766667687,2104.6730556328043
31.48,2120.447119535459,1849.775626267312,2134.9098164600277
31.5,2137.93786393341,1825.6686327840239,2233.3235183484644
31.52,2172.409213068149,1700.829315102724,2264.918462364298
31.54,2181.79657929339,1884.1377984427513,2149.701009385013
31.56,2218.7062255930455,1931.550479051333,2119.509126764453
31.58,1979.6878761295814,1875.4154621212742,2137.618054951703
31.6,2114.270444725357,1759.8297415850695,2263.8900848098015
31.62,2413.769854482513,1696.2556308019641,2264.8761895717166
31.64,2226.6256939237055,1854.2223783806392,2209.492018026594
31.66,2289.2028024409697,1721.3001117642182,2197.824997730822
31.68,2272.0706733671486,1729.2323056957057,2094.7957511453974
31.7,2211.105100277328,1825.1357580281096,2207.9448822929116
31.72,2119.547258374397,1866.6977806055404,2229.0124387357537
31.74,2172.96879497856,1781.074269754779,2201.3013359499455
31.76,2470.0810275229046,1791.2499091038692,2204.30132826922
31.78,2164.1804884383664,1799.6807698024688,2113.7250973045698
31.8,2429.4888262542586,1736.3037690433025,2257.3041186869204
31.82,2176.019697552938,1773.2286703251507,2088.504085969297
31.84,2187.22711520536,1674.6312009135884,2176.269638263791
31.86,2233.984973963991,1865.4280152373271,2209.1106312427073
31.88,2204.138448146164,2028.7180556552494,2254.436963330978
31.9,2126.661579035162,1818.1025794949305,2251.85353771557
31.92,2240.086501257888,1908.9469763485922,2258.51589654426
31.94,2053.779986155701,1791.3293501889755,2171.895779464723
31.96,2264.8677864807605,1704.4399698173847,2347.925287918716
31.98,2255.193694755648,1985.6997677613085,2261.911247751242
32.0,2318.3993234512077,1739.7698130170893,2164.65815015728
32.02,2169.1790418922837,1885.0607916780348,2171.4073714632977
32.04,2312.209253318105,1829.8874735751774,2242.0134292530197
32.06,2272.9713939970748,1900.2140724680212,2155.5650970828565
32.08,2234.765794515376,1795.9789649875765,2097.5788837315586
32.1,2454.935798300187,1714.1033796360318,2188.51493788873
32.12,2278.49291015419,1758.265627503145,2035.3438098934232
32.14,2166.615363177027,1998.291377923714,2210.0924866159994
32.16,2401.267547687349,1840.176980624304,2230.794133597191
32.18,2282.485791134225,1983.088668824284,2170.1405005936203
32.2,2436.240236332155,1776.471643217592,2261.2813778508553
32.22,2006.3966791430064,1861.835407742295,2241.699670984427
32.24,2189.4187750555657,1704.1401366721595,2118.745300755843
32.26,2189.4049859064994,1809.0729822774704,2186.761017645941
32.28,2000.7047978230441,1985.1831724433714,2145.261121336296
32.3,2243.7570722599853,1747.3165727802207,2161.209135023257
32.32,2181.0115500347633,1753.1008859881288,2267.3268891213675
32.34,1989.8979091479512,1874.1328065333173,2232.0894279189292
32.36,2140.6875789351316,1822.9542210632626,2139.5821056138266
32.38,2394.667753185715,1961.817756477597,2202.2014807858145
32.4,2335.5019562285643,1782.2796273135025,2142.323278896576
32.42,2143.8851285772275,1807.1993783767095,2159.5634400716735
32.44,2139.4820627079625,1831.5688831791401,2286.819898788388
32.46,2328.5095396381885,1721.5200306374072,2353.1597527071017
32.48,1987.376593883239,1700.8980957465699,2305.727251495583
32.5,2289.845756509954,1693.7047777937678,2207.044023096741
32.52,2012.289869693814,1547.3511726534216,2197.868391997743
32.54,2423.216659006848,1801.9564785124962,2252.6454367859687
32.56,2303.1319697220283,1711.739498266863,2199.981724834517
32.58,2006.9934705102153,1772.4301532075094,2100.3562378611855
32.6,2186.298746302679,1890.0811159757886,2304.549309094084
32.62,2269.800871079596,1734.0101026843208,2105.486957289669
32.64,1991.5159216477014,1863.131216774934,2257.8097137148866
32.66,2219.79662476274,1683.9434154353182,2227.158992176268
32.68,2276.287077404863,1759.390016895225,2303.425662084578
32.7,1973.1051725651841,1952.4270679972378,2239.1574305190197
32.72,2308.7417085882057,1781.221772729731,2139.3845241307795
32.74,2207.0464952534026,1916.6526947083548,2247.4871859678233
32.76,2336.352488501334,1991.965539116351,2167.4517175468845
32.78,2203.5327993412216,1768.274226610531,2135.0434856801867
32.8,2105.6734963678464,1750.0604299069082,2066.8348577032607
32.82,2093.7189271185307,1632.9182098412643,2171.1773737548588
32.84,2192.7264316317123,1831.139976923215,2070.6612892435223
32.86,2206.836403346592,1841.794855148295,2277.905092990213
32.88,2345.3868584311876,1867.4109043392536,2080.26437299283
32.9,2177.215407054515,1911.1821656830487,2158.517964986964
32.92,2032.9394373130003,1728.4506973197376,2160.8496788323164
32.94,2171.8794034024486,1966.9244557873694,2193.7204229103627
32.96,2050.483309226402,1792.3441360195616,2126.2815540638626
32.98,2278.9101281413405,1836.3751404631585,2259.1031611221524
33.0,2302.403921098005,1804.190733796451,2196.718715208626
33.02,2315.7177640254085,1752.038763018279,2187.566960998896
33.04,2190.656669353967,1716.7244524486487,2146.9359759027266
33.06,2142.224889095961,1824.2794141207537,2227.9964270012856
33.08,2165.8793434494,1729.7441869830163,2285.0002924738696
33.1,2219.3979138746217,1782.9280225120929,2374.2242169862375
33.12,2167.937316212844,1769.040754372,2131.7459319214627
33.14,2409.923414027206,1778.0427084860116,2170.280131326755
33.16,2177.033539151804,1664.9148548279927,2056.0778072881926
33.18,2211.793637578914,1558.7412179137136,2238.6322340050947
33.2,2134.9772105367724,1874.9814289079502,2103.230982656885
33.22,2136.695256410445,1897.5959650343455,2201.541142294105
33.24,2072.372277013257,1606.540482564927,2264.8216118699424
33.26,2101.272714017142,1841.7684738453868,2161.6158684858883
33.28,2444.106214968892,1825.9090166421795,2127.4291009790386
33.3,2286.0950047518104,1701.192454284897,2262.073908430669
33.32,2181.7292758255057,1876.4888019136447,2221.7186603732634
33.34,2149.965894896117,1900.2831539394688,2102.6954613901694
33.36,2374.0890232355673,1894.4993116428564,2186.292823108644
33.38,2129.3183852354273,1944.059577495096,2132.840326966526
33.4,2026.7830773868402,1884.5713394775735,2260.4616652462832
33.42,2283.393840410297,1739.1387141568418,2192.8446678944806
33.44,2117.5040363020294,1805.9527775204056,2283.795235381709
33.46,2071.3233770651923,1838.2235092499072,2122.1814863595414
33.48,2092.6668155571997,1928.6952972594606,2198.3191200867436
33.5,2265.582399817509,1785.9746125142347,2186.335904576395
33.52,2202.1027396946943,1754.680415522519,2205.3810790445414
33.54,2106.422586775403,1678.2159946790662,2147.9428736649947
33.56,2282.5291682680368,1879.8272935187774,2035.4566691947402
33.58,2130.5126301301575,1828.0640445322067,2243.4270205291505
33.6,2035.8175956437851,1743.5625692904086,2212.1218059719267
33.62,2073.970395081694,1871.614360651258,2142.1851272804984
33.64,2230.684381950233,1783.0177689630339,2154.5953772595335
33.66,2134.402164238532,1701.0166037537383,2106.4448652655806
33.68,2238.422800359244,1906.5199587952059,2057.0361062671404
33.7,2359.384187176516,1639.097702588072,2252.233246486361
33.72,2155.7243772152174,1813.8777029953103,2227.2214750511566
33.74,2544.4614539657887,1799.7802052820484,2099.140824338594
33.76,2260.729761605798,1687.887457357567,2351.3623452797306
33.78,2207.2464731914356,1841.0642819766651,2109.522275187467
33.8,2070.332817653417,1757.2591820581858,2227.1460800368754
33.82,2189.460374091878,1942.3313473760331,2187.4983626974063
33.84,2207.1147464934074,1882.8550226323055,2120.3059127846923
33.86,2323.606007312475,1821.0605302356728,2221.7253133804625
33.88,2155.5650228142017,1606.917394757941,2173.307366265312
33.9,2275.7973320348665,1760.3889352590297,2142.9232627676834
33.92,2224.6397656535155,1756.8186287703597,2268.956591770029
33.94,2335.84558706051,1902.9570620464874,2222.460552440178
33.96,2350.5067029455536,1825.0273751553316,2224.268922580776
33.98,2266.048387907295,1835.247922698096,2163.8201609401685
34.0,2322.6982420945315,1883.938493342851,2209.599702530205
34.02,2364.5967733704033,1932.7303052324207,2184.2061536981855
34.04,2286.332357897972,1926.150416795347,2209.7979227925425
34.06,2255.656262716627,1854.1137269323483,2113.1441989430195
34.08,2279.3829971224955,1786.4716321752762,2031.2076022254712
34.1,2421.7165307486694,1842.1861179197317,2276.6101080714143
34.12,2236.777583571874,1797.4876518253984,2176.8120925714425
34.14,2308.978595345338,1861.4985940986478,2214.5460033541804
34.16,2141.974698156773,1759.2235626738905,2140.2459437246353
34.18,2399.165498989408,1876.0336008271847,2171.722057255434
34.2,2274.038089382842,1809.255577220686,2284.6033692227093
34.22,2179.903922255444,1836.2491320812449,2208.2287017949193
34.24,2220.5367366943647,1714.5884111911048,2330.0067711676943
34.26,2205.4181304165522,1788.3887690247425,2243.952104067977
34.28,2233.330321707327,1845.239609794327,2142.206297797522
34.3,2258.1236802162607,1795.6060623575634,2215.4269323075846
34.32,2205.857434130082,1622.640446299288,2292.737467591566
34.34,2039.334052820444,1709.4390189813757,2194.567312513533
34.36,2436.0949944727527,1833.1885634015684,2225.0996395194916
34.38,2257.447496634268,1924.553776902636,2277.1299480700154
34.4,2259.22191984789,1788.644822631918,2028.3665512396444
34.42,2222.3990483540383,1769.324347862062,2227.214601331358
34.44,2332.686879969791,1890.9868466767375,2268.0048395676677
34.46,2228.5182027870233,1808.7883710752535,2127.5293533779172
34.48,2193.3998022020587,1867.0790448544424,2249.100213949902
34.5,2209.390232880488,1785.6446852038453,2182.875114556401
34.52,2376.4695975907794,1775.6228864274456,2072.4512399641767
34.54,2238.3316964113974,1870.7276336476916,2236.2160057781953
34.56,2212.16727887157,1860.4599574482781,2182.10282182966
34.58,2168.19928037041,1784.7318787404033,2175.1629029340006
34.6,2184.734366702261,1720.0059581633373,2224.14522779037
34.62,2356.8452589636086,1674.1002890497534,2122.920766182918
34.64,2121.6451714650807,1681.4837308244826,2238.2085779085232
34.66,2311.428478594223,1744.3240817942285,2133.748255890751
34.68,2314.4664998046032,1822.8406603045846,2291.125595507398
34.7,2251.4555338446135,1679.653188609113,2259.0844229481213
34.72,2202.3550674172648,1683.637881952678,2283.6109359744733
34.74,2043.4508736425612,1833.5914152878902,2204.2227970550257
34.76,2297.563193926167,1928.3070912443284,2147.5738571752395
34.78,2034.2951132679516,1896.0489782112566,2142.100116987432
34.8,2243.076555405509,1664.310897585008,2137.931636270995
34.82,2238.4312955676487,1833.6779027374366,2173.9191097328335
34.84,2322.9545441821815,1878.3158134345963,2140.1894910313367
34.86,2111.9764691505466,1780.1642983834397,2211.756624307036
34.88,2105.8515875997646,1800.8867940146404,2137.579338366645
34.9,2284.6527226101944,1834.1881489922598,2140.8186318265334
34.92,2201.5760399256587,1845.4894178299678,2156.009226521057
34.94,1984.283309044148,1837.6809364749843,2123.5632806364847
34.96,2222.080954136883,1865.2168292025199,2151.187591643433
34.98,2444.3053099658373,1823.3313208583538,2225.0919270422646
35.0,2297.1142827257822,1756.5507868578943,2131.3466924474205
35.02,2088.879387028122,1770.7293836315457,2101.3400806356713
35.04,2283.580027371109,1744.4551049208824,2166.1525942129765
35.06,2344.988601784227,1775.6761035609704,2110.6299940771996
35.08,2025.2365045983227,1858.7202081627331,2276.2029122081944
35.1,2188.7586981261343,1750.545172615845,2141.0317278005805
35.12,2373.25331775031,1894.6450575956887,2189.418569413883
35.14,2046.7279511034458,1734.1421299988506,2220.0245876381327
35.16,2198.133185471256,1829.3912095379092,2109.616905441857
35.18,2202.1735825406627,1874.5112040960153,2132.2225463892382
35.2,2175.800881080747,1840.3774510987023,2142.7402233566286
35.22,2387.526201703682,1662.412594236041,2232.814845532246
35.24,2369.375867061551,1821.7851192780934,2299.2400904335504
35.26,2192.136788593639,1743.619266579247,2305.29742951339
35.28,2111.00457867715,1686.9339710547295,2272.0068726580103
35.3,2380.344909790647,1815.0919811000363,2104.631264409646
35.32,2319.653313997076,1707.4440035671294,2125.473544420474
35.34,2221.0311591539985,1821.4789999667858,2270.7486367092347
35.36,2291.805828420636,1910.4638528478865,2273.8552484324
35.38,2293.276596033872,1827.7631389188866,2229.2371118248075
35.4,2118.394812004306,1803.439331671305,2237.0587782538987
35.42,2152.3979527867273,1805.7626592147171,2156.4681828777643
35.44,2225.5770890391414,1881.3637924542797,2298.976688230679
35.46,1997.9996322583518,1786.235829744435,2138.3834118557556
35.48,2191.7663137631807,1777.746439846433,2081.4071027565783
35.5,2137.922848529336,1740.7962131145534,2239.375536932023
35.52,2248.320876762317,1742.864528992357,2145.7861326580914
35.54,2093.877019250751,1883.2336531280207,2098.7444233702163
35.56,2269.3547462076763,1768.7836360199187,2241.7747818025637
35.58,2245.439963620016,1851.9162103376,2063.7259418860694
35.6,2214.974447481288,1872.0742867457861,2210.7725459118133
35.62,2282.492039318368,1746.1946103851826,2151.5897728072987
35.64,2299.0960225492254,1742.5169821315314,2288.218242210305
35.66,2200.9938267459715,1850.638174421585,2213.0585506826214
35.68,2223.456276088953,1827.9714702269446,2255.539373028753
35.7,2138.3902133167594,1803.5753264610405,2113.8418258643082
35.72,2140.733380470734,1847.6318394684115,2076.56379470231
35.74,2409.611208086928,1890.267040901239,2164.439742415655
35.76,2199.775891159763,1806.401887314852,2218.797494476213
35.78,2222.470248502479,1764.4005623413395,2181.364053013245
35.8,2221.3176351756565,1816.0965809878724,2254.7692490704585
35.82,2276.1736475082143,1742.6422523386468,2215.7338812223547
35.84,2157.9636403186305,1821.2858745928613,2111.628110901907
35.86,2165.676347083621,1811.5815403064757,2211.403328904871
35.88,2332.926406219698,1745.6012810801174,2190.7320913324315
35.9,2048.067760721174,1777.3880942814753,2262.2725133838076
35.92,2241.9697305855084,1780.4376679563559,2121.2154528079895
35.94,2120.522844222611,1861.971682527451,2140.4221091591276
35.96,1983.7550413469316,1736.84862679496,2203.9950628174943
35.98,2214.258481701948,1743.364290007806,2266.3979508775014
36.0,2085.186296602866,1784.4410292919208,2160.9427580020147
36.02,2053.5996197313625,1857.5252270304175,2217.437302610355
36.04,2521.681856541981,1867.6548513840742,2183.6999897055284
36.06,2292.1262638966236,1835.3109196857113,2178.0436937169234
36.08,2295.0262308609667,1869.7267622914387,2257.4227575375603
36.1,2221.7626153876804,1903.2417361690261,2190.147056099338
36.12,2082.9699324256026,1821.1715282066448,2153.051006626135
36.14,2197.9861857600586,1740.8724689138114,2147.8497902817285
36.16,2173.8560240742186,1798.7291483380448,2162.3413489317018
36.18,1984.8597205547535,1698.7754784863603,2140.588080506619
36.2,2424.005562939824,1837.4291348171196,2170.4272883769822
36.22,2201.7223453642273,1767.4653732441375,2189.9255932194546
36.24,2113.861713968301,1815.1288120772506,2204.8985298907082
36.26,2226.846292945951,1799.5834473995585,2121.3078508320996
36.28,2049.349282189467,1776.0594051702683,2158.410119527968
36.3,2101.4435190240174,1824.0910073505436,2161.6207688081313
36.32,2393.885861489249,1796.452300264069,2135.877201446558
36.34,2150.862579211848,1756.5417108683062,2147.960720473042
36.36,2210.1435110123816,1719.6491218714943,2245.225093406783
36.38,2224.5220895667244,1834.4206492595258,2275.664391328215
36.4,2191.713573573783,1711.0989381755219,2165.4557679049854
36.42,2148.6224923751993,1948.0123073611435,2139.298381515983
36.44,2480.4749446618184,1907.9444839985674,2180.678257926659
36.46,2124.7065452517018,1680.846990151188,2191.5545390678044
36.48,2106.637774582652,1855.8850568801151,2231.4913298380147
36.5,2270.276682413896,1896.213063450089,2159.9597867486254
36.52,2060.424053745111,1760.0968276201347,2150.3846622697347
36.54,2332.987129177589,1834.084161560057,2347.1084232291896
36.56,2188.521125153222,1796.492804614269,2100.9890182967492
36.58,2227.5369701690515,1860.2035843380334,2245.2109352158805
36.6,2247.215365002036,1771.150516317143,2283.8867907939552
36.62,2172.1548421350135,1886.4315740073134,2169.306295958749
36.64,2320.512874830815,1795.0776599386384,2214.8922743412472
36.66,2289.08076103292,1781.3737421479675,2075.785987138752
36.68,2273.3249436639003,1857.598144287665,2187.6099727437395
36.7,2033.308717992913,1877.5154668924372,2262.1687975115833
36.72,2171.0781307964494,1621.9968807177531,2193.886219542574
