Time,25W,25X,25Y
0.0,1618.864418762604,2044.8364294328967,3552.369854084749
0.02,1675.7937044690846,2125.2450289713465,3560.612840134814
0.04,1629.210234875893,1893.9442101565676,3683.4485813085616
0.06,1723.494688337627,1996.4513919087892,3717.2070716442654
0.08,1643.725325519022,1970.8311782601297,3643.555512918961
0.1,1681.4748802447232,2003.104596710318,3711.263659290441
0.12,1626.498929138768,1998.2668367246624,3744.447909482664
0.14,1608.9665447606753,2058.303511470105,3771.009152146847
0.16,1643.822057534453,1898.344972050531,3698.6830973253286
0.18,1709.685152168804,1777.1121735499637,3815.0842891116304
0.2,1583.0048594796424,1883.835300932242,3806.9103123791124
0.22,1621.7885401380875,1905.5877295539412,3887.1503800934775
0.24,1643.952836641203,2084.606799182762,3892.568349965617
0.26,1609.610888713897,2042.5006430310416,3691.8696358962893
0.28,1599.9853077944874,2139.540692167288,3608.082508501015
0.3,1683.6478137168979,1956.4245501376647,3699.8823065819292
0.32,1618.3655709324894,2056.3285463393495,3775.2069516763404
0.34,1615.0265383387698,1962.669319729246,3704.405476622434
0.36,1622.1681987967088,1862.621535885753,3708.1307324297463
0.38,1638.2052939189061,1854.844706832637,3740.5277658977316
0.4,1665.1680374100013,1629.6142006420635,3688.0884457393754
0.42,1599.3996891447632,2010.4670814026083,3659.3170128927513
0.44,1637.1029275572812,2123.0495334838697,3629.5740419310664
0.46,1621.32863619748,2032.8970278123336,3825.5040975450497
0.48,1595.244017213547,1996.6618772395498,3714.547046158717
0.5,1625.8592908109126,2075.474686074067,3784.8433588018024
0.52,1680.1431674314747,1857.356283883921,3729.0465296853677
0.54,1657.7767004790974,1972.1726529884031,3659.3126463413255
0.56,1673.409180375127,1931.2536005110255,3688.1640618714823
0.58,1553.9427838896083,2018.0258264940817,3573.071486752936
0.6,1618.265334017322,1910.267683176996,3757.343566932521
0.62,1663.7904099578473,2150.6315988836564,3908.173850055808
0.64,1629.8595877035734,2113.9100431258,3754.562040055986
0.66,1647.1013167492044,1795.9070617331158,3817.313497826601
0.68,1647.535155891165,2185.856061289169,3606.7624113050974
0.7,1504.8593669303882,1985.4507844811044,3177.613165072267
0.72,1529.0530291071618,1974.7267173195573,3254.2135334707614
0.74,1635.9380167878053,2026.4154979590246,4097.412211347357
0.76,1715.5193549127387,2054.8259117955704,3796.7221190365467
0.78,1706.0358634936922,1824.3434682243612,4099.33906111808
0.8,1677.3145992290745,2067.3573144093175,4019.4579930146115
0.82,1686.0914793676498,1925.684050593254,3982.611256493721
0.84,1716.0598306040613,2192.842430523222,3801.714744015988
0.86,1583.2313542965544,1724.1903393721932,3685.610787952753
0.88,1614.3050369249345,1927.5092184862738,3413.73910509215
0.9,1523.620012969013,1877.9148504797975,3440.8891087609873
0.92,1676.349180521507,1988.1871392137884,3913.6583850068973
0.94,1655.9035767644111,1939.7767572094265,3838.7155777239254
0.96,1728.786582397541,1918.3809878404022,3984.622095934543
0.98,1734.0454535693216,1784.3170669225497,3961.253322045103
1.0,1796.5779952284113,1914.5978848739514,3820.399306658276
1.02,1744.320980391568,2042.5804590626508,4056.0698489879787
1.04,1601.9592109488349,1998.5696312318025,3769.49031288229
1.06,1661.9715855558832,1938.3807966751503,3774.418032352829
1.08,1576.2940280857438,1879.0573999262206,3595.2192851452714
1.1,1474.32885705343,1874.2807170206918,3449.5535146254792
1.12,1550.9456741927686,1853.8756310306294,3926.1917592848204
1.14,1607.5668193436686,1907.383220023824,3857.900480678749
1.16,1704.730234453991,1990.1881323282646,4141.523349048403
1.18,1689.9978139197085,1979.923526260668,3930.353116504427
1.2,1733.91273267282,1883.0795019338343,3873.7616276488125
1.22,1746.3074249102167,1815.4182424954533,4008.174292308764
1.24,1690.1000672768182,2110.2479911538157,3777.132784383432
1.26,1623.987516678545,1908.2882129851903,3550.546731284224
1.28,1612.9767439627083,1863.3300326894205,3260.706248401553
1.3,1683.56063605899,1981.7757792639725,3785.464531907221
1.32,1736.4674755452463,1924.0584077434921,4159.190160208143
1.34,1615.403175776774,2086.0688834859247,4029.738580590953
1.36,1661.6121792670754,1873.1194949580013,3963.3474343515863
1.38,1653.2714394341408,1843.0651515095756,3963.0843688164177
1.4,1755.0918771022702,1963.7485588812865,3672.3935800201375
1.42,1619.5789101278833,1946.6463556391432,3790.672594903148
1.44,1593.4554797604071,1892.7790910022413,3633.662854756605
1.46,1566.5023791056342,1913.1125849848486,3443.2295036102405
1.48,1609.728159491298,2018.122832067094,3186.8450259117976
1.5,1708.7924055027745,2089.7713878699165,3773.6129375604282
1.52,1687.8145802652627,1831.3205239047104,3816.9005167885143
1.54,1725.6788866234813,1932.9459284823713,4003.50566541444
1.56,1716.7486360619798,2026.6487871943261,4140.2994796150415
1.58,1708.7551132767112,2057.370661717375,4066.560325309345
1.6,1582.4299105762154,2084.9289796493613,3935.9477146061035
1.62,1707.1524532130156,1812.3047722476836,3936.3688243885654
1.64,1655.2743579742935,1934.439215682764,3748.7904930649706
1.66,1561.2177253675666,1990.9695796473557,3496.342081520681
1.68,1506.7721368020411,1827.9321536033895,3207.9712309521656
1.7,1644.8666220364576,1957.5600984838109,3705.417061092681
1.72,1761.5587194986745,1780.5469960842809,4150.819772597808
1.74,1764.8956174212824,1862.0239706164296,4073.52609610616
1.76,1685.2807592343872,1793.4719102735683,4155.4129070159925
1.78,1712.8965501447092,1892.1738644748862,4041.4330293181724
1.8,1625.8487596471048,1673.9299166316944,3832.186508709598
1.82,1620.8820990264226,2044.131136465738,3629.703523779206
1.84,1636.2472568353617,1979.3008987398596,3807.4735753635805
1.86,1597.1959471521895,1940.508254467121,3614.144847247427
1.88,1545.6001496165286,1843.1869409115436,3371.50939109369
1.9,1639.3729817938065,1730.9440392084712,3881.5992975822123
1.92,1667.7001783809233,1997.8899287273007,4063.6552851714628
1.94,1738.5111170578602,1851.6141559252947,4111.106994685493
1.96,1789.6220742622286,1938.0724298735124,4014.2116860442175
1.98,1723.8914762246816,2035.9045864092182,4010.164092114802
2.0,1744.5649657344488,1761.974134639409,4115.25616657551
2.02,1697.4082839492305,1963.7362738431775,4092.5746250699617
2.04,1679.0690560496737,1951.6051648308332,3748.473191887692
2.06,1546.376685685409,2332.554303354559,3636.102138090351
2.08,1528.6790167958754,1898.459212552253,3423.194822049301
2.1,1684.7959683362158,1730.427035043973,3673.5159980668564
2.12,1751.7653042788668,1884.7562324986632,3973.6306695086623
2.14,1693.3318335542174,1772.640997419884,4124.429088859349
2.16,1702.5880672569883,2105.563568926802,4121.918989475452
2.18,1715.477973119216,2129.1469071614633,3964.0904646498043
2.2,1666.889763018084,1932.9296707981102,3906.045533502889
2.22,1699.8177124790463,2013.7652371555437,3974.984477461418
2.24,1650.7788991906339,1974.4216665748756,3673.9835549822546
2.26,1674.8549602930595,1934.5944870977407,3660.342556918954
2.28,1596.923037560136,1816.3699679398503,3470.552541645269
2.3,1606.5851868621362,2028.0282857026712,3706.8023539540736
2.32,1810.7341311003092,1986.2200025194904,4164.195645471748
2.34,1805.6010280498888,2230.3356687714227,4064.095179187479
2.36,1684.4099843471656,1960.0580143548784,3990.1739124500264
2.38,1695.3000433803102,2005.1709233736583,3928.403941319084
2.4,1747.7563090726194,1961.2707761935046,3954.624613973176
2.42,1684.0836760519553,1894.1340976129693,3846.4382183980647
2.44,1645.6859884255196,1977.993774866069,3734.9713144398
2.46,1677.4147799818666,1934.7121916564413,3708.089326235958
2.48,1528.2680605130438,1816.218665312018,3373.7554848539157
2.5,1611.4890929992243,2059.9453897095636,3752.103856356749
2.52,1729.883516411922,1884.459103131511,4150.120394400142
2.54,1725.8981322923262,2038.9396857321094,4184.575939556808
2.56,1763.6907060820927,1961.5487403569068,4043.695109756229
2.58,1750.2916452369243,1999.776097579835,4029.1306869938335
2.6,1691.363502488981,1978.9162366062237,4097.302550768228
2.62,1705.9157176112174,2115.4895185827313,3981.8313647744408
2.64,1609.1157966704109,2107.0696182157144,3822.53831624234
2.66,1665.0726898615892,1972.2169039685186,3506.5856789665736
2.68,1537.2121885397864,2059.0182210020166,3340.4831149907286
2.7,1571.7083866291512,1970.2961785057933,3563.5380092220007
2.72,1779.290043709879,1993.2710279302275,4206.510423913065
2.74,1645.3825345424066,2169.1879557521684,3804.968437858778
2.76,1670.4802952072973,1936.714511401858,4098.163707265014
2.78,1572.6506162824198,2066.643649798644,3962.554908521202
2.8,1670.6535598822838,2008.3309263972978,3959.065981234327
2.82,1605.2709074145987,1953.1619426886077,3905.537628979133
2.84,1687.6962530749163,1998.6732390316895,3509.4329214605364
2.86,1655.983754197425,1996.4557869324601,3565.55497777942
2.88,1526.8398103200343,1991.9451300167102,3454.024709260934
2.9,1687.365617413827,1993.544776581117,3662.750491601063
2.92,1676.8252808755574,1941.527156074702,4100.183884261786
2.94,1666.566615743606,1970.0650967680135,4009.844426425853
2.96,1682.1530903167438,2064.873160311314,4105.35987384611
2.98,1717.823106437952,2071.060480568651,3976.9606113453656
3.0,1763.5650093470456,2034.1533763662524,4064.808610456058
3.02,1773.775216656949,2152.2196654963523,4013.1845546293325
3.04,1639.6585666528567,1936.224813425859,3669.101163734484
3.06,1591.7502953580702,1849.5307933935949,3708.9972810151985
3.08,1515.5998743938371,1967.8798469189214,3453.2979475845696
3.1,1593.8187092415333,1886.5946050600874,3580.13198569147
3.12,1672.454410654525,2098.0067875878663,4055.1018147681357
3.14,1679.0091811577495,1672.0498842104205,4073.1327612735413
3.16,1763.1191768780834,1905.687701124389,4019.358664909931
3.18,1644.2415192110307,1767.292518232338,4007.001572620461
3.2,1600.9449274467895,1987.5864188579228,4061.4835244840747
3.22,1717.4895672256864,1844.103589750817,3975.3998570434633
3.24,1650.7857390899826,1966.7644016216445,3647.205345658326
3.26,1675.5695248122656,2126.7335362327185,3791.038607452084
3.28,1518.9637467558446,1949.587767833395,3465.548667437271
3.3,1664.1006451783257,2073.6174321795106,3727.1224478567915
3.32,1541.8847273464748,2078.902993988319,4037.723131076522
3.34,1686.5361366245677,2059.1815459489226,4032.5816173299236
3.36,1759.5225161687335,1779.3175044288096,4095.1710623706263
3.38,1741.5778082526017,2113.4678964293807,4020.8696918157025
3.4,1710.4034265108294,1919.483668344784,4250.7268677919155
3.42,1737.2401646642604,2016.820555449418,3967.777554839439
3.44,1637.9891241403238,1979.7019051360808,3526.183530484263
3.46,1592.8563911430517,1875.9990192982355,3672.227135494447
3.48,1619.5781222000473,1861.56715322198,3745.068728329872
3.5,1590.903262160214,2208.0519998009113,3865.492723331528
3.52,1673.6687437804462,1858.9167284553291,4145.835762972861
3.54,1625.8539163293547,1973.0157860759073,4092.46307912886
3.56,1742.1016723396494,2160.9997685230755,4025.2913379150386
3.58,1630.4024556153956,1904.1263935740362,4004.5636151294048
3.6,1706.9735593055518,2116.632208443876,4259.308727793392
3.62,1687.5778594742267,2019.9840139142912,4083.5866213234644
3.64,1635.6307175588595,2106.11212412787,3702.3135693432578
3.66,1637.5854364249908,2145.1483434294523,3806.108477679045
3.68,1686.6736059616626,1971.4542620207142,3383.604873899376
3.7,1608.3617124544667,1730.8062797421223,3454.7752532109325
3.72,1625.8672722356878,1753.316043096165,3764.3757528543815
3.74,1696.0875721525701,1984.5743855181013,3931.178172545192
3.76,1726.2564019577337,1887.8431869091312,4144.804500157981
3.78,1723.1149986592445,1926.939649950613,4092.9299279033776
3.8,1695.6226839466697,2053.601615784369,3922.970723646662
3.82,1690.1143166326035,1782.112284504309,4066.6062271212018
3.84,1640.5611244768859,1912.5545278841525,3670.9786174662036
3.86,1598.5441044190118,1757.1584369673735,3596.100335815127
3.88,1579.2195117776753,1759.9569629469615,3208.712398833138
3.9,1653.9458209839695,2049.5599345117075,3456.128148984167
3.92,1692.2194326102756,2001.5502288830323,3922.347602375841
3.94,1713.377181261479,1777.6811959483853,3994.220636679388
3.96,1730.891189650675,2014.429140817939,4273.276913296271
3.98,1745.9429863370121,1655.333001956806,4072.8695033664308
4.0,1803.7611444628124,1873.6888215559927,4183.406402204341
4.02,1739.7425433027042,2088.782248183854,4017.959926868526
4.04,1569.9231843259183,1821.4766081872604,3719.825093102561
4.06,1577.7526134005777,1994.1611221123098,3765.3392664348494
4.08,1505.8398093371725,2014.3697156149897,3310.729976121572
4.1,1456.9763827769912,1890.37179647233,3340.054565159406
4.12,1652.3080009383052,1915.386257334319,3764.52827714181
4.14,1667.9423731555971,1859.4130471685614,4012.847790988993
4.16,1756.9208887123373,2056.3494200721357,3994.2723503823518
4.18,1801.2942555506215,1881.6673718441502,4060.910210502077
4.2,1731.2454331437152,1885.9198646098737,4083.000867236791
4.22,1717.388514372634,1853.2893085864162,4194.516464968795
4.24,1679.697685218017,2238.3135158252517,3837.087983655686
4.26,1674.270455060669,2131.4133344957504,3704.6350714970295
4.28,1576.6566153959666,2012.296757143479,3271.244233127084
4.3,1624.0163104395797,1991.9590904714933,3528.0878484174177
4.32,1680.921644386068,2103.180202266147,4000.98966954434
4.34,1629.9126554824154,1871.052553099713,3803.9515296600525
4.36,1715.0551690256566,1848.8850893241183,4092.489651109285
4.38,1773.9617772703411,2083.9354536392275,4105.261808673294
4.4,1803.8637557868658,2154.0692176231255,4176.2821509385685
4.42,1775.5523050017348,1879.3710240293449,4004.6310955691274
4.44,1768.5534097761347,1990.027677230814,3869.8859734036246
4.46,1667.791346720365,2018.5939388449533,3725.130235171491
4.48,1577.029515606068,1969.0003060951167,3306.0152977598354
4.5,1541.2387637007448,1998.1536476066738,3292.8522607118302
4.52,1642.9856874849363,1952.0347443188948,3821.851210224076
4.54,1683.22295737981,1691.778529349348,3934.941083645278
4.56,1680.0854051292242,1955.4394088794809,4049.151442553465
4.58,1740.615931943058,2048.5829593506055,4011.018225056651
4.6,1776.743150166177,2026.1235091104345,4024.6811458378043
4.62,1692.95576436103,1924.2241646031603,3928.132970177146
4.64,1608.1342463504232,2093.3764076723846,3627.321234695588
4.66,1645.5014774849012,1988.200371651851,3656.7933854108805
4.68,1620.3403435467635,2004.1712049583562,3262.6920811639907
4.7,1604.7978888032214,1892.3900049030894,3501.954198782621
4.72,1491.443015252317,1912.891305269554,3832.006073284227
4.74,1686.34152191086,1983.5916261862187,3953.517372147128
4.76,1717.983066219443,1965.9846487134762,4049.5794460012153
4.78,1685.330827861879,1927.776954078432,3989.816363375449
4.8,1757.1684907353458,1910.7636074695167,4018.092797089258
4.82,1743.973609566878,1716.5108840197474,3864.3887197919507
4.84,1660.696192705239,1823.073267866801,3764.6036275474376
4.86,1639.282516312016,1938.365750040404,3700.2192425852168
4.88,1504.9993187283808,1940.108977698895,3240.1640151431907
4.9,1518.0924810429983,1993.3778011726408,3401.95891283917
4.92,1631.6027627158085,2090.247238664495,3753.295528886553
4.94,1700.7204514290631,1902.1171445547259,4010.911193700477
4.96,1732.1787947679481,1818.252109843619,4122.250256118479
4.98,1772.1976175445602,2107.664029546746,4229.31694215834
5.0,1807.4996713792377,2011.938317795794,4166.090014803473
5.02,1859.6080447578795,1908.8287012860578,4084.4431674157254
5.04,1666.450391030359,1773.7744745564014,3815.789838033098
5.06,1679.7332760334864,2214.436148676847,3703.4290672069956
5.08,1580.3122303525145,1933.8476513508165,3643.7766625815016
5.1,1619.796772454192,2001.1808956332056,3343.1920765251652
5.12,1651.4940144153861,1863.127622921964,3762.5293760325703
5.14,1623.6460878139535,1848.6699239457273,3884.626119732967
5.16,1698.7956898065586,2094.764129938717,3984.945762641252
5.18,1706.5865814215103,1910.5090876954669,3851.629248402471
5.2,1741.2306925819105,1910.6845245099946,4040.7000099991697
5.22,1684.1066663941176,1968.4542823670047,3828.1031003622907
5.24,1674.3383855688878,1975.1063797766324,4091.0812368066004
5.26,1680.297173413576,2077.090245171226,3967.884055415434
5.28,1613.608871881093,1950.9692596640486,3495.549219770757
5.3,1574.6213229374812,2030.3032126245678,3607.0547193558687
5.32,1610.4408613880664,1875.6915013029666,3696.0059987181735
5.34,1681.4818963229502,1839.3115461600273,3831.9750878301616
5.36,1753.6960662805034,1854.3434286215602,3971.1132291131303
5.38,1686.2502442426412,1879.4729466434337,4059.915422005556
5.4,1695.3031849441463,2135.6166148003276,3917.7824369893137
5.42,1775.007958543526,1897.9854829379344,4104.344280403389
5.44,1758.744335403786,1900.305336128078,3823.082467720486
5.46,1721.2442297677508,2040.6993128725323,3689.0714103538085
5.48,1656.2900569199792,2039.1330924125782,3587.630853105307
5.5,1693.2480618058653,1847.9995869451914,3709.531592969917
5.52,1670.5519319183097,1939.7451405501333,3888.146777260663
5.54,1758.4750155330617,1695.423679897699,3721.011842384534
5.56,1714.1848734527764,2017.296032416809,3828.326162416448
5.58,1635.6782465896713,2034.018731794373,3883.0045238648427
5.6,1757.5055834120658,2027.4506211333699,4070.147309644609
5.62,1819.860090615034,2172.2095416927887,4100.5817128935705
5.64,1675.548713959679,2014.8431887371796,3881.2950379932586
5.66,1664.5238800243962,1980.6512250847418,3605.950508108401
5.68,1621.8843636581457,1980.8482500828964,3726.6521061807803
5.7,1662.8855697041092,1892.7564304734508,3548.642892251274
5.72,1611.5070523136346,2178.586489703136,3823.4292986333967
5.74,1654.35907506559,2146.5254209830096,3932.9679028713567
5.76,1739.5700547929284,1900.7622022693852,3697.3770750960866
5.78,1709.9326533597111,1839.6424014341717,3803.0620633617787
5.8,1762.18373965081,1969.395592463855,3940.1647449230145
5.82,1746.8273815658706,1956.4432833269684,3987.053678747982
5.84,1686.9019904258168,1973.136332169328,3869.2785480763737
5.86,1613.4834140432786,1990.8139317278321,3898.3355686197706
5.88,1641.1472734409526,1779.0853992082575,3744.6094667655957
5.9,1752.7296659138021,1934.1236104884304,3626.772491920144
5.92,1684.5611471554475,1974.64255115147,3452.3278347235546
5.94,1667.6240241049777,1851.2884219325806,3915.831386164086
5.96,1666.9559887718285,2093.798550361365,3850.494320911749
5.98,1685.6950767941983,1900.7776468465051,4057.694372008328
6.0,1753.8588161628732,1933.675192864729,4023.7469219684276
6.02,1808.2978551487276,2143.7854541862425,4025.6580970973228
6.04,1714.915353678905,1780.9148781203257,3807.155539661248
6.06,1616.0989397989754,1943.9728635121676,3749.017452855772
6.08,1658.4525333390256,1847.956530290322,3814.651662469007
6.1,1690.6747747479944,1998.1200720794777,3838.2743792434458
6.12,1715.9728692762515,2001.7192166108896,3790.956835431881
6.14,1715.0595300657474,1951.9642547659416,3744.774228000939
6.16,1658.4938275383192,1856.0054357954564,3933.075004823227
6.18,1571.6437084985057,1864.2267690756642,3880.2189683329034
6.2,1681.3442821636502,1901.795047160705,4098.129710656015
6.22,1732.858142250467,1858.492762547748,3943.0155869981795
6.24,1715.6635404144465,2014.783916304087,3946.623612254259
6.26,1582.106793528009,1905.8408999495066,3766.171450351822
6.28,1602.1044331038324,1960.4588220687117,3717.0809179849207
6.3,1624.0606496891214,1861.7843924448928,3752.4633071406784
6.32,1781.093826982231,2070.275624748898,3787.919269710789
6.34,1727.0834087719657,2063.3005097746404,3775.7504757275265
6.36,1664.0085913037358,1952.7273235751345,3821.941322974365
6.38,1777.2556007185424,2014.5470429865159,4021.8738537430886
6.4,1722.7185888436263,2065.525569081259,4012.360841081543
6.42,1707.9948910452601,1956.5522083229778,4076.0797373640053
6.44,1711.1052977666657,1881.5175637072693,3951.309649812631
6.46,1592.255239953183,2033.2800217802155,3775.097628746445
6.48,1555.6688762903511,1946.3648451364852,3676.8308094550425
6.5,1558.3175612569783,1782.5923942329218,3679.9911388144405
6.52,1662.253167165176,1911.6321255891542,3744.5206616481037
6.54,1567.925316561576,2084.6032220429233,3724.7628427529876
6.56,1576.068482293039,1970.9901045035954,3681.405990085065
6.58,1707.0064134080746,1764.9198169712736,3936.5896603372507
6.6,1656.071189599258,1884.8636208086998,3929.345074762636
6.62,1712.965266208693,1916.3531653222014,4018.758876543031
6.64,1718.232406838078,1845.836477164383,3931.631630984592
6.66,1682.909984170775,1803.7054563706688,3437.6856915795956
6.68,1566.0772347756142,1742.6013501540901,3710.706993638934
6.7,1604.3277141929875,1952.6117749608086,3826.1975927743447
6.72,1635.9600879110917,2003.26019354819,3791.315713465558
6.74,1658.8386457439055,1719.8537355293072,3672.3358955590015
6.76,1666.8899091889466,2170.8438802574906,4022.138313724867
6.78,1673.682453424118,1848.2640889583035,3884.4785085142444
6.8,1719.295583469598,1998.1606761013768,4031.9764269453945
6.82,1797.9389750155347,2010.1116927137564,4231.776925883733
6.84,1808.2076628221212,1804.8465376530976,3881.235863359955
6.86,1666.285017254194,1928.217814099111,3658.5382414249207
6.88,1601.4756541305649,2060.9931209662354,3719.893957132312
6.9,1586.3162261781147,1840.688161122942,3818.2025612681864
6.92,1655.6331256227818,2102.8662093128105,4002.8121727748994
6.94,1531.3726470821637,1677.399170560728,3733.648732656525
6.96,1637.8780204521652,1958.7059060514098,3800.894971487641
6.98,1735.5504974104467,2016.0424093109955,4065.56430605618
7.0,1767.8342426303582,1903.3886085466838,3843.8180189440686
7.02,1727.5401435964102,2042.4510078134606,4172.656270386564
7.04,1767.802315863686,1888.7988719712903,4184.327191959724
7.06,1681.8774839263795,1957.0878487948573,3953.0218073094616
7.08,1627.058212937777,2043.9662003019919,3766.0208422366363
7.1,1602.0885292081834,1820.8336972780735,3668.722234007769
7.12,1626.2486315073188,2004.6418187895242,3675.2703144118354
7.14,1595.8976640230985,1883.1173079903317,3642.5773614553004
7.16,1662.1550029571442,2015.798927420096,3714.130425167416
7.18,1716.4163665912288,1860.0493272076926,3970.5968617550384
7.2,1737.8294652049124,2060.8980062562305,3964.795866371933
7.22,1788.3526028071303,1594.0004186472713,3972.9697938450686
7.24,1723.6079825257716,1848.564138645434,3850.8392971595244
7.26,1640.271129980328,2180.356174813166,3814.317438844442
7.28,1599.9256476463759,2022.2676418970673,3889.284325521931
7.3,1640.93313510405,1845.9296677160987,3773.547010939981
7.32,1633.1236152292743,1837.834651478862,3882.303915980365
7.34,1641.223670075716,1904.9858286246001,3783.002732246126
7.36,1614.3045343138585,1941.9801121848711,3838.7565457886485
7.38,1712.3124663540952,1928.5175046843337,3889.2216414957643
7.4,1681.0231834643964,2082.2960460406653,3928.5331019504524
7.42,1687.8794030051733,2180.4064434766806,4005.806908742899
7.44,1688.6911251606055,1940.689029061824,3975.1013595920235
7.46,1727.8051911689113,1988.9437417579059,3679.922378584848
7.48,1628.5786695917989,1919.9490059253283,3919.4515544169662
7.5,1609.940399498667,1848.3122343427221,3832.9035773575256
7.52,1627.4745173680678,2028.8006222984507,3586.7858986160013
7.54,1566.5537061400655,1963.2949142261814,3583.8654007708847
7.56,1533.118907123544,2087.5188884407225,3582.7112997639774
7.58,1689.111234638037,1877.675002699114,3926.1373312142546
7.6,1702.4768433911477,1951.8253305916303,4128.814821932627
7.62,1739.3893585020114,1808.1298867240644,3959.0180039419693
7.64,1714.8400552180174,1962.4174115024532,4040.661950428114
7.66,1645.7726253877267,1985.65934877725,3523.835452310504
7.68,1682.9554783264227,1885.0867162892534,3971.1850928274084
7.7,1603.7337715790316,1969.3640051826922,3667.4831570510264
7.72,1600.8307453134773,1991.2734297620257,3733.2865060496424
7.74,1657.5012876324502,1764.4991871460709,3572.7355220584614
7.76,1637.1000967639782,1820.1615352929246,3625.852319522824
7.78,1775.076420942997,1947.253475342574,3920.6143857534225
7.8,1688.0655431244065,1902.3662336493787,3896.703088950043
7.82,1901.5886097284365,2070.4178409911174,3847.7863717901423
7.84,1834.3653557156954,2004.643563427462,4217.142824386043
7.86,1633.3556331814032,1975.531238546712,3963.84510612927
7.88,1662.4322075197301,2026.9850952706436,3940.456560589402
7.9,1592.3031709872503,2037.0851141180674,3596.9116003896634
7.92,1640.3344872739049,1891.4310668346761,3696.480044872475
7.94,1597.175435685393,2013.2120041832347,3448.0382505059924
7.96,1591.7327889350745,2138.0009937213385,3669.067718810425
7.98,1731.6095003343473,2048.3501346855946,3980.8185182978855
8.0,1711.4832749120872,1930.4311886232115,3953.1442200136025
8.02,1767.2128871723796,1761.4665851254645,3960.4117595634652
8.04,1897.0193172401196,1818.8838849823421,4026.496346821398
8.06,1650.179029569108,1971.2812629010864,3751.916732040226
8.08,1649.5628190863604,1860.2086369955705,3695.2470493544884
8.1,1667.4347739626025,1821.1257669025022,3581.3509479749046
8.12,1648.3883313489255,2039.0475135834604,3659.377789830444
8.14,1675.7260498808394,2076.529566258079,3440.4741298951594
8.16,1558.504670344259,1839.3110342025313,3392.5647894942617
8.18,1745.5895738211111,2117.7259831922443,4301.6239849673
8.2,1686.1626238779477,1891.1726847802558,3942.2938643800353
8.22,1821.4652587910482,1982.3220806893542,4181.907072010636
8.24,1849.8100867938183,1776.3135485294454,3848.507278359279
8.26,1649.9275169610924,2053.387117134079,3573.1452188229773
8.28,1770.0838827425391,1791.039166917192,4002.9187988246335
8.3,1644.0719975033564,1792.778915128821,3656.8334616442103
8.32,1603.8963964224256,1975.5569409208497,3716.5166927159635
8.34,1449.4320117293948,1780.9901661500023,3474.5014570720073
8.36,1567.3560020462226,1934.5101460996045,3248.7906975511974
8.38,1769.5149458281346,1813.009373760748,3967.1256521649443
8.4,1728.4221967641722,2063.201281873988,4072.9954251792938
8.42,1788.1378652987034,2048.091674096922,3869.849676570431
8.44,1756.5633574366807,1871.0108360812876,4009.290170177281
8.46,1677.2831933512928,2039.936327280254,3964.304001589875
8.48,1673.8345509991934,1886.0171774164091,3784.3642946120244
8.5,1615.8937485883837,2041.594590162528,3772.3344188560814
8.52,1626.8950424739103,1967.5750245304566,3567.1347336528097
8.54,1567.5902667818905,2094.3027821925593,3252.86087288398
8.56,1588.529581544331,1890.7906038809415,3493.937339745131
8.58,1681.0956714821652,1942.5533954709792,4029.285436456951
8.6,1738.212114288235,1996.5366370144118,4109.455001576622
8.62,1877.064205725788,2126.163427766297,4223.829200947912
8.64,1781.3431661908528,1969.2423114973865,3892.690915502038
8.66,1791.459878011307,1874.815937434661,3911.8782022585538
8.68,1738.3180878107944,1795.4495428620367,4015.3004042368825
8.7,1617.2345662923428,1927.2356996908234,3764.756882311032
8.72,1689.4904336834188,1953.2766867975179,3637.801691203428
8.74,1580.260813681458,1728.4471121884865,3575.7984286318683
8.76,1574.0056006341024,1957.9632271406615,3439.959538446893
8.78,1578.8795038743967,2037.6467129691425,4002.2029009397907
8.8,1722.5283600863586,1804.334265427421,3825.2448889550546
8.82,1785.935481220823,1891.133671250142,3999.1411628218975
8.84,1821.2165179009285,1720.1542838142286,3980.6075166636847
8.86,1717.7128035719074,1902.2573475525414,3923.870284452697
8.88,1689.127913330137,1885.2509448357857,3872.597924474655
8.9,1643.4433082581047,2048.3214023730434,3840.3303282861693
8.92,1647.1554614362756,1941.853190688065,3596.417526361395
8.94,1549.9665520580577,2014.6881008490575,3379.5233418464604
8.96,1622.3686223566187,2051.51946580395,3428.436428815557
8.98,1705.7252863681335,2206.028598064265,3717.4828905974055
9.0,1678.4585146669842,1983.1760937830982,3942.879889987375
9.02,1818.6769756741514,1868.2662050789224,4053.100943933602
9.04,1783.7492847788417,1873.3621530044556,4008.0759777266503
9.06,1774.8490397100836,1999.6682535942452,3871.418653388591
9.08,1677.7249671109716,2013.6705287270133,3917.9177073813516
9.1,1651.5131821768996,1996.0509486253259,3642.9868725304405
9.12,1629.4339896609079,1893.4326230147237,3715.07773204808
9.14,1612.02382744745,2119.915621343007,3319.2450406964927
9.16,1527.6817059568011,1957.6836133366835,3300.2840636527853
9.18,1686.2121194743509,1870.5854696700026,3865.7066261249497
9.2,1645.1984321003576,2109.2489013858676,3996.545583442177
9.22,1818.7009232110663,2160.146465502762,3999.9111768440107
9.24,1796.6456978303213,2133.894119973473,4294.474478660721
9.26,1717.9211966373455,1830.8758879649067,3974.9289831213537
9.28,1721.6558470554387,2163.97150574957,3778.5397916309203
9.3,1657.5374488374794,1914.2089622213157,3807.9991997771044
9.32,1601.6327260514056,1894.89861786966,3644.8412433240383
9.34,1616.231516989769,1991.1579700985874,3427.7933569199345
9.36,1567.1739786573617,1917.5363653393133,3287.964661640669
9.38,1578.2682415766374,1895.904460553974,3767.5838255505664
9.4,1696.5183758654957,1914.9274061080644,3986.257256579567
9.42,1746.1268444017203,1979.6622967996373,3894.507391144229
9.44,1669.3132439906647,1921.679645022934,3979.106706167973
9.46,1744.877708934012,2043.0538018457248,3874.108199284571
9.48,1687.7421351674864,1942.97534396879,3840.1534690028257
9.5,1662.2860531397878,1868.4040689112867,3911.7035995891547
9.52,1660.0982189916529,1829.6532757931911,3753.967989924867
9.54,1603.815864492028,2008.25999281716,3440.142433609375
9.56,1552.954268235165,1977.276584136645,3264.6353665469674
9.58,1542.1620140685045,2004.0403281281262,3949.208102116643
9.6,1679.7518206601483,1965.3180858736728,3866.3926668625204
9.62,1637.8037544688846,2015.1997255674814,4094.042731227342
9.64,1682.6193156634738,1899.5311934623667,4135.700853681418
9.66,1784.2009014710331,1944.7532624733547,4032.899307380401
9.68,1698.6643851861256,2133.3529545425176,3863.2028178101887
9.7,1595.7944009990526,1991.4714629623293,3696.225743717454
9.72,1648.2780984184578,2080.2417402700858,3789.2031306711815
9.74,1667.08959762201,1828.1617933450675,3456.2483565033717
9.76,1508.8955351687207,1917.0585278886042,3250.7602825921404
9.78,1560.4840805573695,1887.1292481679122,3682.836133994932
9.8,1708.4021944555361,1842.8112106854478,4081.211751151516
9.82,1792.056406848604,1959.827764281389,3984.2022548747686
9.84,1674.0943618841595,1911.3212205708978,3912.0138126104434
9.86,1748.1726834093492,1947.1649075115856,4190.402086597973
9.88,1676.2855763551063,1981.4984222035584,4028.1266733734897
9.9,1759.5374222445469,1920.6239302258382,3757.86573431402
9.92,1639.6657716959862,2006.0617337680126,3925.348573545507
9.94,1581.2142091070662,2053.675622313978,3354.568786740482
9.96,1576.1987529386508,1757.918330518199,3199.4364714932844
9.98,1622.9243245577904,1904.514701672927,3645.3225432495615
10.0,1705.5247878630696,2040.4173471928332,4109.418402614898
10.02,1709.9953703939173,1887.2245076508962,3922.675772440798
10.04,1781.8905670922163,2135.509625169957,4092.9223228926176
10.06,1620.0603324424192,2144.3265528122997,3866.4072212991473
10.08,1637.913127506517,1866.5644017738452,3946.0621086623732
10.1,1742.2144252845792,1927.1147368474376,3858.579148442677
10.12,1669.4257660275375,2007.6949978067569,3696.730455049859
10.14,1565.1762484602061,2136.5068264125434,3599.0149145661644
10.16,1583.3060864126728,2015.3682712662808,3271.774924494115
10.18,1626.2634032460917,2001.3225447360367,3564.021801443283
10.2,1666.5469663917938,1999.6283949749138,3919.547227157815
10.22,1664.2897461801235,2015.104150441241,3873.7011364228647
10.24,1699.226694175227,1961.4206847365963,3878.8913544863935
10.26,1616.7308212923685,1956.8352331509132,4141.546943838828
10.28,1654.6756286905184,1935.8653064504972,3822.169083369843
10.3,1720.4221895462272,1950.0164509595563,3827.0681992434143
10.32,1705.3555497471095,1932.60091601924,3817.1063832795035
10.34,1602.2718004007745,2105.428713297264,3494.6787075920315
10.36,1580.6300333690047,2026.863017914943,3381.5693075868394
10.38,1669.223275298706,1952.508129859684,4067.4963285832387
10.4,1607.5979934819286,2165.2705261835827,4185.136139133796
10.42,1736.2825941290243,1768.2510588030307,3927.796396120209
10.44,1741.4944001315548,1918.037352745198,3968.2817616306347
10.46,1752.7581308469323,1952.8067708882727,3958.732840855217
10.48,1729.756823795105,1943.3894766649298,3810.335688274785
10.5,1679.8144691140285,2015.2493482296325,3707.85302605731
10.52,1621.1800627329249,2023.7694633109331,3605.2637239451265
10.54,1562.2429398568495,1996.486078538087,3184.532888485851
10.56,1599.7590234232457,1837.934563552265,3703.5635317102533
10.58,1670.9467493193076,2058.8350160764803,3947.1501842429398
10.6,1719.9214497727935,1899.5292040648987,3771.51739427772
10.62,1668.8819614426905,1961.70465834365,3887.5291614084263
10.64,1731.9045935144482,2004.9149127497315,3944.199425408141
10.66,1697.070594179499,1702.6631401651318,4038.687559553967
10.68,1723.241719105369,1924.9277151219508,4009.5152968585608
10.7,1623.8781281440906,1742.0470187282187,3839.3081680103633
10.72,1688.8414413636508,1939.8666886766173,3631.2791149756185
10.74,1531.936096169104,1740.0072200439236,3413.258336147921
10.76,1614.0798482685345,2077.087705983712,3514.312987694526
10.78,1646.6844158543524,1895.1259336338348,4027.647534374119
10.8,1725.8314046065582,1881.4821052574869,4092.049094279008
10.82,1755.301770229501,2190.2868376589067,3902.3586677182316
10.84,1671.8534782030413,1935.2421019685705,3899.0309653906174
10.86,1693.0567195180708,2039.9072958511608,3909.817300973246
10.88,1641.6919325592794,1827.0407253000994,3733.218686408368
10.9,1645.2952420180445,1835.3131302035738,3878.4603156115877
10.92,1650.6117147659245,1933.853097525155,3544.8065802964334
10.94,1620.8475332637433,1887.3654286596684,3144.9555245429383
10.96,1633.519903772661,1896.6634380948435,3304.036110656809
10.98,1678.590833456106,1953.078887971142,4149.509893120863
11.0,1725.698094260386,1883.7808120127422,4098.175353780214
11.02,1760.2384213896146,1783.7552070998593,3908.8351835655276
11.04,1592.069273446074,1992.9279090631926,4050.100507427367
11.06,1712.855683804272,1931.7756913055555,3839.0699654268333
11.08,1695.0263116935619,1889.3521665319952,3887.9789405721526
11.1,1749.75332090298,2149.7278321248846,3680.4705777574245
11.12,1635.6728905202679,2040.3239353673262,3507.71199570072
11.14,1637.7741252359158,1906.4205761264648,3412.2232575108246
11.16,1605.5123944071188,1928.2702083585561,3561.9338113033677
11.18,1740.4999317445802,1718.2919043888664,3982.00907106665
11.2,1731.476994828452,1860.7019869945311,4086.254162413963
11.22,1800.3192837250526,1992.6506988446351,4018.979584964348
11.24,1772.702787127228,2124.8519549398898,3913.0711838891652
11.26,1655.481061594284,1889.69504787292,3857.8620002044277
11.28,1593.5200031495624,1924.7382408313533,3986.829444217349
11.3,1646.3228090408466,1955.4514471770888,3778.084449603171
11.32,1668.146109979644,1983.8441207862336,3619.684938019623
11.34,1495.0258584791723,1853.3144286832808,3269.399021250676
11.36,1669.4314610560634,1837.5432652402026,3582.6911465653698
11.38,1679.2060297393505,2233.2035532579116,4087.887984986422
11.4,1768.6732285716362,1789.5979728529053,4002.0773064265704
11.42,1702.3968079883964,2095.731225333784,4219.05318414589
11.44,1751.0117016164459,2001.7234674535487,3969.235462463539
11.46,1695.8615197398171,1962.161077674663,3973.4424433142194
11.48,1720.2622417502464,1994.587599836385,3962.472198917018
11.5,1650.5305759483358,2131.270003488223,3587.8167432257483
11.52,1584.2627124821931,1960.2771919271142,3644.1845702200126
11.54,1594.036856683251,2017.3513921585616,3295.4645557775375
11.56,1630.5644211793333,2141.778065865698,3205.6240497668496
11.58,1713.6154189257047,2061.0142495420223,4084.2759240386727
11.6,1743.1195180173668,1778.243030122431,3856.0581317492565
11.62,1681.982122373448,1795.3419454396744,4266.218068417706
11.64,1656.3038418016608,1999.411589510985,4066.0961594321498
11.66,1775.8914624975946,1884.9920395235442,3883.1475270069777
11.68,1773.0627956153278,1990.1714343239482,4172.773035580258
11.7,1659.5904503049655,2003.830963428602,3888.9512266177817
11.72,1712.0175962983997,2151.036366461882,3773.45890360916
11.74,1530.4348070445778,1916.3243113169924,3411.3959188078234
11.76,1642.4927918489054,1933.8173855059222,3437.3121131561984
11.78,1709.3028957243205,1837.2234703109664,4020.3188970876918
11.8,1769.8928651696658,1949.7025861814686,4096.05466365467
11.82,1721.4073747361122,1846.5386781032307,4204.664395362574
11.84,1756.2227533709904,2022.508819517925,4071.724803549531
11.86,1719.2693803177579,1928.657021748785,4162.832334940667
11.88,1712.8080594728183,1937.8962245204286,3980.4322651044026
11.9,1638.9252444837045,2048.895272535612,3708.5972518383655
11.92,1652.9694634437678,1964.1153741162213,3906.165237646917
11.94,1495.0927964972434,2054.2281790422358,3621.919105770238
11.96,1465.0139862445183,1894.9712258583454,3372.25151982592
11.98,1791.4587409798128,2046.9677369136646,4046.103375560064
12.0,1639.9305609801547,1848.1830704975578,4163.9320758291815
12.02,1785.5881761965372,2060.9926634885614,3923.361398234002
12.04,1684.7424823569145,1895.1354833430025,3963.505176458469
12.06,1817.8535572859855,1852.176081412736,4139.419211222156
12.08,1807.5882359051923,1990.182587795307,3999.355588043093
12.1,1655.6748209547538,2146.195435145931,3741.8121752277257
12.12,1652.0980243035062,1973.7379336353965,3793.627756047997
12.14,1567.0424620985618,1959.0593960925855,3527.168623716126
12.16,1603.5317132660427,1811.3083807948574,3204.47151275246
12.18,1739.8074751552776,2248.2329567141524,4276.676056176023
12.2,1814.2319242725912,1839.08536388435,4078.2606768314918
12.22,1633.0212620771738,2005.1627511710765,4090.7045876882144
12.24,1703.3415995011421,2008.1103992277328,4107.17436394241
12.26,1778.691779860958,1959.6957568431546,3917.995350381262
12.28,1692.0816433571194,2032.4830162672686,3822.5411387833046
12.3,1718.0686278142243,2052.6363094520416,3846.7701216081027
12.32,1721.6289043877705,1766.2791298160864,3845.17858476349
12.34,1619.7633051589696,2154.2180691383387,3334.89074037295
12.36,1567.786879229837,1891.9007464306685,3566.3252593142706
12.38,1759.339043634896,1926.6463516111476,3961.08253134231
12.4,1717.2225635651944,1888.2079632958182,4002.5283963605016
12.42,1697.4327523163079,1858.6532489064532,3984.818386371288
12.44,1746.7207402324661,2116.8421688190983,3874.1939450923846
12.46,1731.6215905809713,1937.7185559543298,4008.540170385304
12.48,1791.659587473437,2061.254716059869,4098.143077747678
12.5,1689.4085173805959,2070.547191838389,3854.925982776149
12.52,1693.9953731082417,2135.5630659234316,3742.948933826444
12.54,1536.6083732419188,1831.9263566364662,3379.705643555942
12.56,1588.4894869526788,1906.35033246138,3290.3762729941445
12.58,1703.2379817681053,2020.0430079647601,3994.6468659515967
12.6,1811.3331253842791,2079.8315714639652,3948.302425172133
12.62,1656.7239093870728,1866.1794930547155,3884.9838951445786
12.64,1716.5375210867282,1849.5703845952103,3888.8781145692583
12.66,1682.172984177179,2039.056797815537,4030.4766490392362
12.68,1685.1213690287786,1975.397945301854,4045.137902051291
12.7,1604.2334628248113,1893.5026708885057,3722.8438720072886
12.72,1623.7388331020209,1812.7170753596963,3834.3968559257664
12.74,1534.3584609412742,1861.741772938564,3530.645710824992
12.76,1526.5672482275143,2036.6030022343243,3311.1971391087154
12.78,1670.5137255791374,2083.9490353874767,4105.005517066953
12.8,1792.180919108224,2077.1306354274084,3786.625585413078
12.82,1729.1686442088953,1866.4177896374115,4076.7495434311086
12.84,1665.5648180620178,2088.244413865769,4004.0170191335365
12.86,1724.6943510777514,2098.2140005048354,3978.608336338907
12.88,1687.8990155276053,2000.1441795251253,3985.8991204780978
12.9,1542.1993495904098,1980.898843761942,3789.694131709959
12.92,1641.8396459257276,2032.2032873400528,3672.729889575193
12.94,1560.1270249799595,1795.2478415648193,3547.735652126429
12.96,1550.2898133615984,1770.949381472082,3223.739574178563
12.98,1665.5421324393835,1949.5850636630878,3839.128128492074
13.0,1684.8936263343471,1942.8650389970746,3996.515058060138
13.02,1736.8957250073838,1645.1590688029933,3994.2522537619366
13.04,1672.3114824843983,1984.291880476583,3897.661995080644
13.06,1729.1287143108054,2057.5666985930584,4041.2929486590874
13.08,1655.1213213878277,2096.904997437897,4101.940267513736
13.1,1753.1844646527095,2000.161823784625,3842.0812375263426
13.12,1694.2176831731745,1911.6553765399253,3720.0374358920503
13.14,1603.2873484893491,2095.9996369432524,3635.0264612466885
13.16,1608.5715477176022,2093.763934103547,3490.1414920651578
13.18,1698.895603888478,1986.4117213124791,3809.145375597155
13.2,1715.0758122391303,2042.205572343604,4008.7881443771735
13.22,1687.5675290201852,2034.2782417655794,3880.8264169729932
13.24,1696.0445552296928,2179.403024030294,4009.247578292599
13.26,1736.7161164016168,1614.7628548034904,3914.362948479407
13.28,1803.6108804582977,2064.0628739230297,4146.400593689715
13.3,1667.4926652736901,1941.390509931468,3829.2456732528885
13.32,1673.9300671423534,1965.7048869347113,3859.8596804336494
13.34,1642.0928530419683,2046.492049460999,3711.5482577609932
13.36,1600.7392610491454,1963.6945146311095,3526.6928822670634
13.38,1618.695263642517,1989.6261671298448,3676.658892829238
13.4,1734.8895215777663,1940.3119408426994,3854.4275121758824
13.42,1698.4462932776694,2019.3616432119527,3918.861063541414
13.44,1701.2404950386922,2007.2862487340835,4201.8182854464985
13.46,1747.1769585950744,1861.5416251963284,4084.121084314375
13.48,1715.8986878096268,2014.6517196370569,4128.3171882964325
13.5,1663.5037911170843,2048.823224238317,3966.5746635864775
13.52,1658.7210444975221,1999.5488636432904,3778.2774959962194
13.54,1632.8469911754237,2091.3023815936594,3639.4824815280253
13.56,1672.9389499415702,1947.5951587254353,3669.2620143888576
13.58,1668.3148172512026,1847.3583686683862,3610.3161809840517
13.6,1623.083106085448,1962.2676759593674,3781.1123417153967
13.62,1625.2217173417348,1973.1016071428357,4013.5344172028954
13.64,1727.6252824323144,1836.9249919755512,4136.2432118407005
13.66,1715.3282582206575,2048.502830432582,4054.289337461236
13.68,1753.1236889662614,2179.5279114791947,4068.5902681304706
13.7,1645.8574309269738,1951.0084607075771,3639.7526791171745
13.72,1683.593197561915,1885.0294019651901,3836.22385004922
13.74,1586.3826666557295,1729.0075030042906,3731.243596635232
13.76,1681.5621260005819,1995.8286073080735,3340.697795236327
13.78,1614.5767621393625,2051.8249850653046,3544.467582515562
13.8,1711.7387516674573,1912.819657692995,3950.784771865744
13.82,1704.6961213446757,1937.305154790746,4086.250858810935
13.84,1743.3894515441555,1773.1740568329542,3709.764316369548
13.86,1744.4258506362078,1984.9247411174297,4103.850885426577
13.88,1732.1647947355189,1836.058471971963,4023.691160900224
13.9,1694.3107849009302,2017.8968921053397,3792.686521661836
13.92,1600.0819915817842,1968.3300610964673,3582.8842319545092
13.94,1558.4952330973165,1934.0981420276207,3543.926759831347
13.96,1583.3376502910235,2082.8956686231695,3317.9521437645
13.98,1628.7861143168582,1830.3387254003571,3653.373389590206
14.0,1683.7625401335765,2140.728832451925,4083.0503815773827
14.02,1664.4328075035733,2007.9277356116718,4167.81094761645
14.04,1774.9359583257121,1963.1736590561213,4161.081837970672
14.06,1824.300811015137,1907.7877105614384,3969.2724008075897
14.08,1779.804124820315,2067.965287143863,3994.0715184796545
14.1,1732.8661101656758,1909.1344843207203,3857.485692854061
14.12,1737.4429776379338,2082.010020226913,3849.100026943221
14.14,1615.255213115632,2095.108854067875,3377.234802310631
14.16,1525.0079179790182,1855.9462803651513,3261.4074085315797
14.18,1616.6243697713387,1998.7857624124717,3645.7633898290605
14.2,1644.3258245801214,1788.5285901272516,3823.7595517314976
14.22,1710.7843541203845,2068.289341835349,3878.2721304529623
14.24,1775.3184997076569,1999.8943973892754,4074.080592385143
14.26,1685.875562874953,1940.1951427022864,3925.5487417255
14.28,1843.6443990202004,1751.668255362134,4033.619202513461
14.3,1733.9102746023798,2020.9647853522108,3742.1953642086282
14.32,1696.5050938580089,1953.8506782837508,3835.111244800485
14.34,1632.2082855342376,1834.7534061410902,3351.867114852796
14.36,1540.1908931884593,1977.9099331281673,3153.5208777782177
14.38,1648.102151483955,2094.605676903426,3523.0919066292386
14.4,1728.6151616308232,2099.3507533033735,3706.288638872761
14.42,1767.08391176907,1914.4854885236464,3928.858226507866
14.44,1791.7810304312538,1820.3503207556932,3997.8015323914615
14.46,1738.3035839575705,2058.8053906734767,4091.52551928906
14.48,1827.2346351044516,1806.35496172501,4009.8307714194866
14.5,1760.7292728012703,1844.061383293978,3939.933425472957
14.52,1696.835095473573,2016.0416043126877,3721.390629880876
14.54,1564.1297160833255,2069.7945817683144,3767.178818651286
14.56,1541.5004445059674,2013.6481320716878,3150.467514282742
14.58,1621.263409552528,1919.8649326355583,3398.0086451064926
14.6,1709.917477580173,2016.1722265003366,3874.7500896224115
14.62,1654.198821364145,2071.7771053699976,3835.2902936439414
14.64,1714.2575167091954,2006.163655501996,4028.7561805400082
14.66,1771.1614548908772,1728.9192089563667,4170.3897132559005
14.68,1729.0127219294607,1890.0149954710885,4085.1838159403346
14.7,1713.3249878171694,2053.715159013273,3992.7959785384332
14.72,1667.6755213949425,1876.327017847652,3684.1737816735726
14.74,1496.0616510239668,2045.8268525746,3450.6271271870346
14.76,1466.039653018666,1988.703104198755,3308.2832235213286
14.78,1546.5740201892893,1984.229856699115,3322.75962123566
14.8,1624.685767081773,2083.5896861635747,3868.96755625927
14.82,1694.8843315615056,1927.1343459225577,3892.176282230023
14.84,1795.712493966158,2031.1535228077175,3974.706198353279
14.86,1764.781920891533,1929.8935296419468,4025.134999227686
14.88,1803.199074809812,1981.669701602201,4014.5340176082127
14.9,1767.7460965659395,2045.6187855234082,3988.74877354007
14.92,1605.8233562206592,1861.1832194751928,3788.576384325073
14.94,1706.8218461006913,1968.7526565687424,3519.849862109951
14.96,1607.9947786441185,1819.0722621197817,3493.205735828359
14.98,1624.6431842451184,1894.0549301221995,3693.1441986156347
15.0,1665.2562856069037,1889.8140756227194,3874.214227258609
15.02,1664.8289486449303,1867.3001191210055,4020.90240490641
15.04,1720.018197691653,2041.5570140243613,4048.194667755893
15.06,1852.2371141706135,1947.4700960054677,3954.2097454047084
15.08,1766.0452780875362,2229.4931902201993,4117.205539079293
15.1,1803.232735357218,1956.4735265572651,3953.685763436018
15.12,1642.1739663026858,1883.5095098294623,3793.1507251230146
15.14,1713.4004754286177,2023.9123174818462,3643.3231465194044
15.16,1599.0425410447199,1976.56619827601,3495.8023575885923
15.18,1550.3924734477484,2036.7391347887308,3516.973739720975
15.2,1658.0853929981924,1896.1808161953525,3802.4690527878283
15.22,1715.3119351520945,1903.168781011901,3961.7469082518833
15.24,1762.1641245721073,1964.1865476466132,4244.581054948546
15.26,1813.8594647541877,1920.9590665147014,4026.1984435031295
15.28,1903.278852130884,2059.7208725436235,4263.869762314074
15.3,1832.6043673978622,1814.5812072048734,4095.486001617674
15.32,1675.9225724410119,2034.9568321072059,3858.768127334115
15.34,1701.1698406942032,2148.6351645477075,3744.997284913027
15.36,1541.016939292105,2011.047164419061,3467.437645215292
15.38,1537.2044732364925,2023.5728672992345,3422.171096750033
15.4,1670.6052973419244,1941.135224611284,3638.5611722197445
15.42,1687.7626702597227,1813.8325889218286,3742.861039229663
15.44,1728.2662649962074,1705.8591816953008,3959.017806129111
15.46,1706.8857757596331,1985.5623214561813,4116.307773338358
15.48,1927.5161731081103,1932.1377425407093,4044.4852908909334
15.5,1859.9380675381285,1807.57781170484,4177.179926647163
15.52,1652.624754990782,2114.324059861448,3915.196729623729
15.54,1657.792848074606,1882.5592930505723,3706.1146569934035
15.56,1520.107560892469,1943.0947939935315,3295.003402501792
15.58,1480.4443253850895,1947.6774836671066,3370.1967408552846
15.6,1674.91361465163,2004.9926312181062,3743.231643929542
15.62,1713.4312618148952,1978.179555748074,3843.545074616445
15.64,1847.7710554900423,1821.0850620253477,3911.473186216243
15.66,1809.5511514518516,1771.2204630986046,3895.9645477794234
15.68,1977.3880508705583,1936.0420928512058,4035.781096028858
15.7,1848.2538022785147,1901.2482887516817,4019.3970974317126
15.72,1657.7263365686174,2002.7527352933168,3778.262239655162
15.74,1572.489098911913,1844.041676000381,3650.3586412859117
15.76,1525.8260367844364,1946.8262586745877,3477.1344241769884
15.78,1533.151679827544,2021.7790475917764,3489.0274566040953
15.8,1623.9528577161338,1777.434477981608,3766.889303295401
15.82,1640.2766787381074,1968.5824604618967,3754.1592038504377
15.84,1695.4707474979173,1933.1031809663543,3939.1704276475402
15.86,1712.7777052934239,1862.9966560931032,4110.327110966237
15.88,1831.4947228069889,1766.140201969959,3960.895326583378
15.9,1832.272512957264,1688.8216862863706,4152.851818078875
15.92,1723.7501035191247,1883.2250324500637,3857.72901345786
15.94,1665.8198360000204,1940.9556074516363,3714.029938269919
15.96,1482.4038347040073,1959.9857389964002,3282.0672291566
15.98,1574.8735957105132,1857.3095813894554,3451.6100097303065
16.0,1711.778181402223,2050.981955968095,3736.670861829504
16.02,1677.8664664424787,2040.4989247244966,3749.2895911373735
16.04,1785.575310348956,1893.3402365399156,3965.1068989073565
16.06,1735.9334794278957,1915.1304468190333,4053.2133358079714
16.08,1843.5895351544457,1912.3631170443218,3980.7872035633436
16.1,1825.953395526913,1942.1655606458517,4037.9685778720295
16.12,1697.0169311580173,1980.4404710804586,3931.2700580292462
16.14,1625.1814215669733,2106.7809595889,3721.6781112426456
16.16,1525.51503383825,1814.8964425011989,3313.6494884901076
16.18,1562.5183670271851,1885.2559431498867,3641.2132896190305
16.2,1695.49020922437,1961.8734219828748,3784.6949474047074
16.22,1611.8478360014071,1845.0851220396012,3899.1279695803023
16.24,1792.8807194507717,1878.4403799138129,4001.1750368345693
16.26,1803.824961717545,2133.430016628934,3982.4213913450776
16.28,1820.2729347651464,2059.7262065258265,4139.736921272073
16.3,1836.1164505108775,1987.132640189698,4162.84526917343
16.32,1677.684847766706,1925.127373803502,3695.889007596235
16.34,1651.285422763787,1844.8980368526036,3573.6167163513164
16.36,1516.3292584141698,2018.331465322416,3505.1673542007375
16.38,1649.95276455775,2020.6861674167767,3878.948900618304
16.4,1507.5484992254671,1854.9278753835686,3438.738961207091
16.42,1618.6702040522712,1987.8770382575551,3729.5472805078716
16.44,1804.3282770842338,1767.1209809588074,4004.0965426585
16.46,1718.442285630299,2026.3479923176744,4089.6870528638433
16.48,1881.8867534998276,1812.7441074452581,4108.786797031327
16.5,1871.2937016741155,2031.3455617256961,3953.943843444105
16.52,1671.785134831267,2028.6123439226276,3667.259837586697
16.54,1668.4412167138908,2124.2173871331206,3634.2036849167803
16.56,1519.2905546375766,2016.8297588396863,3526.8830863571916
16.58,1570.9744666754943,2133.576211626749,3670.1569296546613
16.6,1671.2635567108791,1840.68573119621,3526.9378275118333
16.62,1613.520285622466,1810.873137448121,3674.0846286310552
16.64,1688.3063974595186,1949.5012730022534,4082.8914944629532
16.66,1727.0883760927406,1777.9262460714567,3906.9444101066165
16.68,1844.0037473318985,2222.7236067162603,4113.168593420376
16.7,1891.0960958549756,2088.8274284468007,3977.694548270349
16.72,1724.8410962828316,1849.3162476925017,3705.147910896325
16.74,1678.4448078467663,1814.8883716202595,3856.0030042485755
16.76,1535.4121464640352,1923.0440479618476,3532.6068045671345
16.78,1621.3054283328618,1920.4265754845337,3636.849214275104
16.8,1683.5884195888048,1753.3192339664206,3754.302618428994
16.82,1660.7194230935356,1932.3253910590602,3963.2883109770337
16.84,1794.3657972769645,1959.966441205094,3896.99675149998
16.86,1768.7954336505318,2150.0965309542257,3917.9351083202714
16.88,1856.3595999532906,1988.499337489816,4110.592075651344
16.9,1867.0964639297663,2062.1919728075454,4084.8822034776495
16.92,1692.0672140484087,1998.8156961221323,3746.179068574481
16.94,1667.005279351734,1987.878341401795,3731.307611725842
16.96,1645.5303484185602,1867.268682299071,3617.173491538757
16.98,1584.1241879686406,1828.6882875901726,3668.2409477816136
17.0,1620.729682528672,1976.8577525475666,3790.5274230385035
17.02,1640.6437674700755,1897.3468168598,3669.6615867943283
17.04,1722.6792365211631,1842.2107820689225,3877.7836965750403
17.06,1764.584563537676,1965.2468131398844,4119.578053955661
17.08,1860.1359043911548,1831.9372263688913,4021.310486529852
17.1,1813.4651269418403,2106.6006191537667,4128.214051155408
17.12,1759.438593831088,1883.4195854923714,3868.7824334579527
17.14,1676.2686679182593,1654.3604468735368,3803.7394559265554
17.16,1629.3433975269709,2032.6347079035886,3808.389601622753
17.18,1661.7291093277536,2096.070652296324,3662.8844079345618
17.2,1698.5280885220654,1940.0006347050144,3777.4841223985586
17.22,1674.786764521421,1961.9249293593662,3644.40055721714
17.24,1719.7696955794142,1892.1579958024054,3807.850222720759
17.26,1721.3677848614122,2133.8444890379496,3849.5043066872886
17.28,1794.901067920671,1916.0924550758891,3903.2676069333675
17.3,1871.9994651036627,1802.8442698784845,4183.831440433064
17.32,1666.3618474141008,1862.6472624953499,3779.299629121568
17.34,1678.5979279494193,2023.1345050823547,3789.7884268901466
17.36,1725.9042812068476,2055.5955290979314,3812.3250861365195
17.38,1580.0014526575403,2023.0937964461227,3856.069051107386
17.4,1635.0404669419768,1897.4020899503996,3712.557410938607
17.42,1595.555744468787,1977.2683193870976,3720.69470440668
17.44,1664.26189126371,1792.194963425855,3793.8251874014704
17.46,1699.7455684050071,1898.8708346516742,3791.404728512093
17.48,1842.974362964856,1851.757811213232,4135.4076642551645
17.5,1970.1306206558818,2196.823392739282,4041.9366757309685
17.52,1773.8211575050616,1869.3328615691437,3872.9910654537257
17.54,1722.871863534661,2005.9801774793348,3780.285626336787
17.56,1624.9089918763946,2071.5144899850584,3613.476477484388
17.58,1585.8088550854757,2030.9045049176532,3611.70320973621
17.6,1612.221562707118,1870.7275071597005,3762.5587199073298
17.62,1699.2172266417563,2168.600321868835,3751.0126374957376
17.64,1682.6945290827655,1873.1764962600755,4005.871020249091
17.66,1734.9675847940773,1900.6584049432627,3888.195063151495
17.68,1805.8000231439046,2119.956718683639,3933.2207577318413
17.7,1840.762803326531,1984.5404644041198,4065.3050160597627
17.72,1721.2367908087585,1952.0267428746415,4002.610439436689
17.74,1702.3516339864234,1959.4197416620773,3939.8286972768856
17.76,1624.4326142726666,1736.2549183098433,3626.669829305171
17.78,1670.0817976787898,1722.263357906129,3712.849995715575
17.8,1730.431312416445,1980.5408366236159,3830.2320807983615
17.82,1649.266027750312,1890.7075108982508,3765.627133323549
17.84,1683.4917206466685,1837.642044144295,3703.7969828138066
17.86,1713.7282843950618,1983.765318761607,4028.6009785150004
17.88,1844.7068223579156,1807.7163999031286,3935.7961374644133
17.9,1808.9302534895296,1938.1014989371781,4085.630590614725
17.92,1805.8771705051356,1866.776190088051,3921.183555721573
17.94,1707.0030837631543,2027.180761870568,3864.529360733248
17.96,1678.1477077241645,1905.0226238733683,3728.7964502126074
17.98,1637.983724983435,2043.063428552784,3741.6657003624996
18.0,1625.5240185929983,1890.6515009013199,3681.1858699312443
18.02,1578.7851745444204,1832.1199840380082,3681.2144021193462
18.04,1652.0214026500134,1933.1972030624045,3984.6690424209137
18.06,1680.2489537091487,2035.2301480019962,3982.164685082194
18.08,1752.8442420523147,1822.9395254962453,3918.5273883164687
18.1,1910.6622256161618,1824.5936167566679,4076.6249178003604
18.12,1745.0022874066597,1840.2461976736904,3859.2689588291896
18.14,1699.188924013607,2105.525117398902,3888.010779492504
18.16,1677.9773460115273,1854.7725105382767,3810.506488026097
18.18,1652.3050170664455,2058.569382336067,3750.535963166422
18.2,1672.7628286885115,1914.0425669147653,3554.22800613546
18.22,1695.5628902094834,1880.249988686198,3698.7871683130656
18.24,1690.3806427820357,2009.3638706905767,3726.5355325469977
18.26,1688.994088592366,1923.2413110410835,3848.333213431945
18.28,1861.9602615084784,2054.6327910784094,3991.985607158111
18.3,1822.3764050165037,1866.2430625626926,4107.051788250955
18.32,1783.3792102392645,1957.8538797666702,3915.0147193748003
18.34,1665.661486946818,1804.4245220983546,3710.709677003269
18.36,1679.6162087199748,1762.2527912440637,3733.025559515424
18.38,1602.8953192127622,1870.3851935580756,3856.319191309258
18.4,1662.033872957286,1898.4884191213068,3620.8343452326217
18.42,1609.4047253462875,1876.5616165024392,3485.8583198282713
18.44,1659.9139202408164,1781.5087088913583,3821.324965157
18.46,1798.9490136906807,1892.7133189430265,3852.635991160358
18.48,1848.7411704099457,1896.0149428120899,4034.744834476646
18.5,1889.5562508229848,2098.392291915258,3891.4135132675633
18.52,1771.4669264991514,1984.2443519637352,3699.464965317236
18.54,1622.66054275597,1731.1312989827143,3696.0826820781726
18.56,1608.7120222494634,1858.9325058022953,3840.3205853870563
18.58,1646.226519699368,1996.5598932677158,3645.026471712955
18.6,1582.230030642587,1881.7564027818778,3776.852316070035
18.62,1682.6676049799448,1852.3550535919012,3692.567297929934
18.64,1729.6197516268344,1814.4385429939484,3641.0032074295355
18.66,1764.860036147452,1944.8630521098257,3941.783623924976
18.68,1800.1169308672393,2126.84342192064,4120.667001948688
18.7,1796.3239669427026,1832.910392936697,4081.8661048606873
18.72,1714.1059828527507,2054.024446993295,4035.6944709219088
18.74,1715.9408765871297,1973.3179862204945,3782.0078083688213
18.76,1667.522875795219,1866.595163058526,3871.619326643101
18.78,1670.5277821330976,1981.1837861484805,3748.9941735371776
18.8,1690.572443280562,1766.0961633644486,3532.873990133336
18.82,1720.953452937589,2004.576904891069,3571.5311119716384
18.84,1643.4565948806128,1914.8208077939337,3906.376717520834
18.86,1781.727408373267,1927.241770170857,3882.945894760266
18.88,1719.381859121415,1946.2619697826574,3997.669325358022
18.9,1851.5404640890067,2050.5150266469896,4086.0951605406435
18.92,1741.3527116431792,1855.0247490768752,3911.6574845108476
18.94,1710.8862312814515,1692.5939673398996,3713.0056426517135
18.96,1741.3169713775721,1675.911492220535,3776.9289934298226
18.98,1606.2966698144244,1895.1945469168827,3683.949095232546
19.0,1553.4506871486742,2175.282472846603,3768.2754290402977
19.02,1566.546322945785,1894.579674940873,3555.277832747846
19.04,1605.660329921547,2088.5554978159084,3720.0434517542494
19.06,1626.7521113768123,1853.6874027390422,4112.345809855382
19.08,1794.6662878141087,2010.1998316884813,4150.32052630951
19.1,1856.039331276133,1861.2296310973193,4042.1622122994086
19.12,1746.061751349397,1786.9111069282842,3830.706770890831
19.14,1671.1557104930496,1946.396071732203,3867.2721151179967
19.16,1676.655788004572,1963.4079785032734,3974.920284058017
19.18,1710.9296278238696,1957.3886783956648,3564.611152042479
19.2,1655.7837636939926,2048.9908148383224,3787.8514489604045
19.22,1595.6718729569698,1990.7867007635941,3721.1684400840886
19.24,1697.8149614179545,2071.4304252670568,3670.029449204783
19.26,1679.0376167579427,2071.1605367494503,4045.750419914818
19.28,1790.8457080351147,1929.7431705069846,3878.1953675549908
19.3,1955.622392125301,1740.0327395829593,4011.621234186066
19.32,1825.3326541108975,1884.1201065978883,3928.939331369678
19.34,1696.46037890184,1981.2725612972524,3629.1963945078164
19.36,1588.2282581535587,1944.0451038461808,3722.6993714518317
19.38,1671.9210928954626,2120.493473562282,3565.7662238222133
19.4,1498.2589648834244,2077.2331878074724,3634.1622220027116
19.42,1667.388628592224,2003.60005606014,3808.3687081542853
19.44,1719.8716895989542,1965.5540722833414,3834.5549591541317
19.46,1711.9214624102128,1908.325739862886,4009.88155958111
19.48,1742.956576722762,2021.919062180218,4076.55912374613
19.5,1850.7624931538198,1939.8578550462537,4202.577064100173
19.52,1854.8862775676757,1820.3904940207492,3797.30113335916
19.54,1610.1978692084278,2051.400082618996,3781.3666361741493
19.56,1652.1198387634342,1721.3838776821049,3636.9388370537854
19.58,1635.1914746869165,1855.6502393150965,3626.6917766261913
19.6,1677.0526745022999,1894.3784192530795,3554.6445839062335
19.62,1540.453773026548,1858.1592035904628,3849.2513994014435
19.64,1640.400292168821,1856.0764961903178,3514.972297259798
19.66,1731.1253432409883,1959.8178234624258,3948.448935379666
19.68,1804.4616199690456,1888.5370567391528,4133.647110953423
19.7,1937.219378464889,1988.0104885849355,4044.62773974311
19.72,1816.6400493223332,1943.4659901548703,3709.3172457657943
19.74,1785.0595265650836,1936.7082851797068,3968.653464546747
19.76,1717.682752074566,1996.8233209409111,3939.1640463270896
19.78,1599.3651610502568,1836.0779726009807,3609.4612108150677
19.8,1608.8077314892514,1723.9983391649912,3812.071527922516
19.82,1645.139983784003,2010.8085880763351,3679.0760139559343
19.84,1611.7155032594958,1913.6937014815758,3565.9874901713592
19.86,1696.405470521473,1988.8724079225549,4058.7568978864256
19.88,1813.3663057808646,1651.0133280911525,3918.8744937255
19.9,1958.4352629090333,1877.8600699105505,4060.562707811477
19.92,1854.096621442853,1921.4431386117312,4066.821897249915
19.94,1666.0749759528314,1955.520662218744,3785.205645706156
19.96,1581.2499091018065,2049.058794462835,3782.1937124089786
19.98,1640.847064002533,1866.405522292876,3568.05171922469
20.0,1526.5640908762343,1707.0248316737925,3402.632270744078
20.02,1537.3828186473684,1817.6458662336213,3576.4573312880175
20.04,1552.9506941418892,1885.1402407286048,3784.4720744202555
20.06,1772.6366450702849,1984.5465663044272,3807.5020150880955
20.08,1765.5684668797849,1979.0836794132615,3936.7300457375577
20.1,1908.2450850500613,1821.059314412233,4080.5345747094752
20.12,1794.7307265589086,2050.6320506269767,4000.3666702563373
20.14,1706.3655284596778,1766.4728050862795,3874.690477442675
20.16,1652.1568274442725,2197.814098720661,3677.536928990357
20.18,1584.2864643440046,1908.649765157596,3678.2805288988925
20.2,1621.631952873047,1804.8368187065576,3712.456133474682
20.22,1728.6561761688592,1877.7836968864524,3669.328997789559
20.24,1630.6096985834392,1821.2790068575591,3527.207341343694
20.26,1723.4279832803443,1842.7522770814458,4079.4841358449617
20.28,1727.3607781350568,2021.0149948767646,4046.1939625250757
20.3,1847.9905297490347,2064.5265142707553,3961.967988209118
20.32,1880.4306440346568,1912.7144901797283,4081.8119382488208
20.34,1666.6023293466064,1919.578805134292,3702.741643479458
20.36,1639.9279869636662,1808.382007933276,3826.6304371705455
20.38,1619.8772568306965,2045.880253504524,3850.170839306215
20.4,1583.7926574533833,1875.4665475740728,3525.2774884593045
20.42,1520.8187373417215,2036.2259022509681,3765.541940515899
20.44,1630.5872327221173,1953.4128083678727,3770.3645091872727
20.46,1702.909089742516,1877.4116903882018,3831.2202374797566
20.48,1757.845658371877,1814.4030201886371,3690.817103719345
20.5,1911.6513828828527,2120.6594742835987,4056.5158431023247
20.52,1894.0770036970162,1990.4938821542287,4075.474965547175
20.54,1748.6722387658544,1902.4999185608751,3646.2163379200124
20.56,1609.4106090706857,2021.2787517067256,3657.620346259733
20.58,1616.1271021944117,1956.111631099921,3771.800555692276
20.6,1624.7415650810706,1893.9138951993143,3702.096366863515
20.62,1616.5468188235632,1761.143121914738,3536.593805630466
20.64,1590.147767588004,1780.2917621060014,3690.119111494168
20.66,1695.1509885573598,2022.9842793612206,3945.4399776931555
20.68,1667.80484980832,1871.5061661276222,4140.809818264139
20.7,1895.2082557868425,1837.4460052864804,4280.92743420533
20.72,1859.443085593129,2014.9248060196799,4078.539502079015
20.74,1689.1825489748219,1887.2969616762603,3734.081671515303
20.76,1594.6717357785203,1874.7283322760684,3748.1263720369952
20.78,1650.8257592579735,1786.8322764130496,3643.898896917238
20.8,1705.3944973874695,1809.9020440754907,3757.2473777708833
20.82,1648.2607844903712,1924.1174218016743,3500.374038890861
20.84,1607.7557819093017,1912.9662256444217,3610.177802365732
20.86,1707.6589274246098,1890.371126267628,3859.1038020046353
20.88,1755.2124132562424,2097.9382686057993,3866.3001776667243
20.9,1932.3786680459223,1931.863341806418,3996.7829439762
20.92,1829.6977781703222,1972.7310052994742,4004.898208606636
20.94,1636.255674696665,1784.1511148413072,3806.0098469501077
20.96,1638.5620401215333,1899.9295445375021,3791.281833977826
20.98,1631.0816484174968,1898.431395024397,3693.531830955835
21.0,1639.4395613747006,1865.1200358890815,3709.45326091597
21.02,1674.0546437478283,2152.8570449705985,3651.5292580853793
21.04,1604.9820051916327,1906.678330751604,3507.127496184665
21.06,1697.6182001795758,1961.2389988728391,3923.5528332039194
21.08,1798.2448321966594,1994.372823629824,3920.839172674152
21.1,1851.2296998209338,1922.7671743916708,3967.1595098130774
21.12,1909.1769813586252,1937.6100045661003,4145.419014886604
21.14,1636.3130420637062,2015.493807829985,3963.4623834449785
21.16,1701.5115108129457,1783.2733688159622,3854.8572738756666
21.18,1617.3806824815565,2095.140210005748,3786.519812695694
21.2,1610.910268308032,1968.6766442337432,3729.265106679385
21.22,1478.3471776121953,2078.122532755037,3615.309858597009
21.24,1519.0816416707694,1986.2078906776069,3611.5319673902327
21.26,1651.2323029585043,1739.4638266238114,3940.8187975411474
21.28,1741.2753945619584,1837.458681311468,4063.451381068031
21.3,1823.1559375394263,1905.572411359515,4009.7596146601263
21.32,1818.1940877971517,1793.4347012717726,4065.5843976351302
21.34,1707.335724733194,1925.2941239581764,3909.40468249807
21.36,1612.3734717743853,1815.8860971231761,3683.836260313985
21.38,1602.9764771653658,1897.700709618005,3663.80374478637
21.4,1740.3022067985978,1835.0548945562036,3652.566541026484
21.42,1534.7978796125935,1886.2933564811913,3552.870729907325
21.44,1586.6327411202171,2029.0173410551608,3663.6745355349976
21.46,1635.7311223316408,1842.7240170850525,4068.329687028649
21.48,1730.8673574849656,1950.637822985552,3870.5014425473487
21.5,1881.9880077556334,1841.9342459676593,3884.4306953236296
21.52,1816.7557715440805,1998.4676318146796,3996.446972457208
21.54,1647.2576309466308,1856.9846947901717,3829.2967052941103
21.56,1701.7737970679252,1967.1872720810152,3718.6917544222106
21.58,1623.1664652481202,1725.7370697029153,3768.237983936214
21.6,1640.5295601713729,1789.8906071993624,3706.131232891275
21.62,1698.7756076352266,1977.021176486448,3723.962121747226
21.64,1713.2700005465235,2054.48571579914,3639.702422122586
21.66,1671.6287272502998,2033.151936087173,3603.799938614493
21.68,1708.7321784154226,1957.3324428436722,3825.341882789798
21.7,1805.4180368544944,1872.6653769580987,3994.1940812461926
21.72,1857.6612113996887,1810.8904427168884,3897.6242557929972
21.74,1674.5161241668138,1917.2783105618719,3876.5832755998563
21.76,1625.6355384652397,1815.7247329848478,3842.959122166526
21.78,1719.0800126761878,1881.672655044151,3760.8313497083277
21.8,1612.6026347269928,1980.4779707278215,3703.739046382622
21.82,1506.619472020878,1875.02500587044,3610.95859125013
21.84,1601.7741371886136,1893.9334438367162,3516.729721529153
21.86,1610.7591321331877,1912.6610023792332,3825.944460163978
21.88,1727.3117202972348,1980.1595018387943,3821.7833050309823
21.9,1796.9022828665013,1906.8779261717195,3969.687086018982
21.92,1930.8122585292872,2075.3913194971183,3977.0530092339427
21.94,1759.006205180459,2024.660451678367,3766.093514597386
21.96,1572.8300964710077,2070.2811196518414,3966.33492880414
21.98,1592.5780701290441,1984.8359225128986,3706.9473223634245
22.0,1627.155131447466,2113.0259662279404,3772.394226705031
22.02,1655.1786347506409,1955.8176893726154,3649.3806682357963
22.04,1685.4980400697443,1984.533541841182,3514.4045963238195
22.06,1708.973214819482,1768.9240625787768,3864.782003998565
22.08,1726.1319998510464,1988.603533696153,3806.5004175911226
22.1,1748.920926157309,2015.2829382056484,4038.0248642699876
22.12,1789.5670416475198,1994.5291927531969,4080.026997322777
22.14,1726.6877974243405,2045.9343179907746,3824.184310502053
22.16,1676.3945677283243,1991.8406761432002,3620.0676502552947
22.18,1679.5182422925288,1948.6193733657472,3807.177333193448
22.2,1622.336798530773,2101.02978182957,3894.1437634461136
22.22,1601.9620981793362,1866.2111373304015,3425.697572904895
22.24,1612.2269581428159,2078.198394089394,3502.8531802834486
22.26,1645.2581476584212,1972.280467673672,3709.7266638949372
22.28,1752.019310318771,2007.94768886581,3895.3220137332737
22.3,1745.9573853664865,1908.324412621721,3975.6496707006395
22.32,1813.773244865511,2029.9764731332332,4030.7083766118753
22.34,1738.7089778224272,1860.7965162859248,4053.0468210388926
22.36,1677.1515057414065,1923.146099817164,3707.5733201667235
22.38,1609.343041056662,1994.8105265682475,3795.2204667766878
22.4,1517.81385680094,1881.8585849253443,3772.6894275006516
22.42,1657.4067935181577,2083.3731278074415,3671.0898717979376
22.44,1619.9540036941357,2080.857484631874,3696.762903251036
22.46,1570.4424722342783,1908.9819749678252,3797.166129836029
22.48,1736.044871469472,2048.4816615989344,4082.099155953571
22.5,1772.8220732819527,1913.2800033915958,4201.116686861484
22.52,1867.6689349013277,2130.3775040771857,3956.666697358686
22.54,1792.9960118360086,1731.151269695618,3978.876552344224
22.56,1720.797901791231,2055.5895956332674,3773.618388044854
22.58,1662.3463207928744,2063.939018563781,3784.185231918101
22.6,1570.4717471926706,1903.8787084405922,3737.039667877098
22.62,1670.5724114885402,2011.1171727293627,3805.1156585676163
22.64,1589.5754912152781,1894.682920786293,3525.917889263524
22.66,1604.8989901431812,1900.76267769877,3828.4812366936503
22.68,1839.7742677592253,2084.79251088064,3867.2961038330322
22.7,1732.9522822630688,2140.094364820628,3830.80654677035
22.72,1825.7980035801452,1889.3001527702047,4159.03957612333
22.74,1772.0614906610776,2079.3631674745748,3749.1301151797684
22.76,1686.5234209154023,2054.484060326244,3890.938707389053
22.78,1545.0744110590947,1800.392048087241,3794.2072443443394
22.8,1720.4073523704667,1902.9102780453745,3774.9690166155588
22.82,1640.77110484902,1874.230661124307,3621.6995055399434
22.84,1644.3531399786257,1991.9541062928706,3728.1761920652266
22.86,1634.6574000142953,1904.216157511194,3913.2283710159136
22.88,1671.2137901731173,1983.8846434653,3995.337614916567
22.9,1712.8563764026483,2083.4413787744397,4177.694591142225
22.92,1760.741284831738,2040.3902488090675,4042.4811653946695
22.94,1702.5956824124082,1913.9103805681173,3871.664341366486
22.96,1699.1117080980846,2075.2777207036584,3752.3333860624953
22.98,1639.7396522213608,2073.0595066721776,3912.3951279626785
23.0,1691.5483872543114,2073.9850356965267,3674.7723741205714
23.02,1612.6469501544295,2067.3219558604515,3822.806176732522
23.04,1611.724403420282,1855.118310543641,3713.2410251284186
23.06,1643.7198730853506,2067.9763367834003,3860.1678073041467
23.08,1688.1365265598517,1943.6011409210525,3962.9429790842005
23.1,1704.7115107696588,1950.2273737954279,3952.2322837925058
23.12,1848.4352215036656,1999.3262381669376,4086.834500061779
23.14,1723.4443108848254,1993.2603079705975,3872.342234813068
23.16,1684.8275132997799,1773.6605788201682,3785.3597718714304
23.18,1601.19954753189,2020.7656993787589,3743.0539851683207
23.2,1640.462793903945,1981.9811190008916,3820.0786608824033
23.22,1578.6180358317363,1994.0251842154894,3798.1901436818703
23.24,1625.6721995078874,1823.9427126489081,3760.4623672259568
23.26,1668.2614478862647,1885.7148920993925,3782.4570555696664
23.28,1775.3412101708834,1925.1672884238917,4099.076760401745
23.3,1804.932378570752,2003.932032900413,4147.730995517188
23.32,1830.726057841633,2050.4541797439697,3923.556555256089
23.34,1759.1772602053095,1891.6447451273434,3981.3829109280487
23.36,1646.6778543425885,2056.3235117833337,3601.1277914321863
23.38,1615.8153471272533,1899.4023957674494,3866.807251976578
23.4,1636.2178709042892,1910.6619586078975,3981.7953256738842
23.42,1585.091233441006,1945.3607273625976,3730.3535305258656
23.44,1594.3442710772376,1906.7270296129122,3590.983481842903
23.46,1579.2683385055095,1996.1879461357305,3753.6462159120474
23.48,1738.8071751963037,1886.8833132458155,3943.158811315847
23.5,1665.7683871189477,2013.1022282601932,3890.320520932254
23.52,1853.9158437446813,1968.834883154653,3827.0262328314043
23.54,1714.3255989586544,1827.6943700279676,3879.7339291612498
23.56,1624.9529422665642,2065.6639605116175,3732.1719596359308
23.58,1655.7915115285477,2011.513377143106,3714.5433087205033
23.6,1591.3827889766192,1990.4438562904324,3776.957381687082
23.62,1654.6403872529802,1904.7482435310394,3762.732433492062
23.64,1651.7851731675223,1796.8014632065863,3623.664509317993
23.66,1729.0624256550104,1998.9799640087208,3783.002844596225
23.68,1675.738266058856,2253.0894552236123,4007.411475105326
23.7,1784.0570219636986,1690.9373819776702,3987.330759344442
23.72,1793.723666669337,2061.601801361105,4121.9737502344615
23.74,1720.2215486629752,1845.0302187592285,4236.941283108413
23.76,1664.5002650482775,2026.879840693346,3834.180803527096
23.78,1658.6314555269726,1854.0112586136875,3730.835868203635
23.8,1606.1132227037867,2038.1691390199067,3657.108974019927
23.82,1632.1523788809232,2096.9722887349317,3994.3613524660555
23.84,1657.4903403105918,1972.452719885229,3747.7316370224485
23.86,1715.6647670537604,2022.1703562295816,3754.393424038838
23.88,1754.5401746943296,2007.378810923595,4082.4881073750935
23.9,1705.1206951897448,1899.728539638798,4044.500660889811
23.92,1825.3582510207766,1960.5134666761965,4130.650192313658
23.94,1833.5151384505762,2030.009790881069,4003.6038964602803
23.96,1651.2439341127288,2112.53650625628,3661.77162065863
23.98,1641.7285968931797,1915.0361898629635,3731.4371534917464
24.0,1644.409531349851,2037.3437759390395,3622.828728775442
24.02,1677.4392145805227,1949.3974426109603,3794.8570123899412
24.04,1612.0988937792135,2051.1389912649774,3693.8046676926565
24.06,1604.0943519421219,2058.526733343911,3787.07955829136
24.08,1738.2635716858897,1957.2248585351522,4113.931162863127
24.1,1666.1246343208143,2014.7683502307157,3757.544004050198
24.12,1732.6202336248955,1809.4084482143219,4022.3881388164964
24.14,1792.2872727125368,2029.3744932314937,3981.0342763165454
24.16,1588.382418591485,2013.2145844067095,3722.0557546706373
24.18,1638.2123907835914,2084.950060503681,3773.2053695646914
24.2,1704.288613902092,1782.7882617060613,3635.641181595484
24.22,1653.6745855101697,1965.045942481804,3851.959144103802
24.24,1594.4859541461128,1829.6958385830412,3429.0338339753066
24.26,1576.4199011005146,1836.3125374460224,3522.3215386944603
24.28,1827.1652181981103,1760.0100681996105,3877.886372134196
24.3,1809.9880127039823,2003.5187915256352,4060.294325738362
24.32,1788.809551981822,1929.1849217189629,3975.468027784027
24.34,1690.3179553803138,2000.5591027193177,4127.887177540636
24.36,1646.7082214603172,1971.9519028415364,3639.517078408165
24.38,1777.4620750668973,2005.21717822649,3750.479972782514
24.4,1639.918371233533,2041.764958156536,3755.4838566211342
24.42,1581.79264815066,2114.8466228872135,3758.825538934864
24.44,1657.7160493320512,1973.4290904620254,3562.6323222409437
24.46,1635.6323081773342,1941.7039000055809,3708.9305842527665
24.48,1679.4367311051344,1848.461497336808,3771.5500710126357
24.5,1652.4064455484959,2026.263597357567,4255.400416043602
24.52,1735.6128466642617,1903.0008360931658,4156.363193448153
24.54,1748.3480297496608,2008.2651700545903,4129.278610383904
24.56,1732.7823401080536,2192.9298833443486,3790.440471151751
24.58,1686.9689655288967,1815.6468016862082,3800.5273578039873
24.6,1663.4045249943592,1853.113336689316,3796.604538232682
24.62,1602.6818062115767,1984.153304034443,3700.7009214824907
24.64,1526.9538281861003,1850.9261645033764,3667.518016754382
24.66,1555.9976789919208,2099.8472450317654,3773.996169512373
24.68,1706.4330784556303,1866.476189201819,3898.740290884615
24.7,1730.617500153462,1964.6873677560043,4108.891389816752
24.72,1700.6565139520649,2013.196844964783,3957.8416514195364
24.74,1763.4683628579628,1822.89489243227,3951.443771145102
24.76,1763.749761677379,1975.6088506118645,3830.90239533316
24.78,1626.9449676877396,2115.6831026384934,3879.170304826958
24.8,1651.0838902941177,2024.3193712375464,3530.5797375751617
24.82,1732.3562728014238,1929.617518121726,3826.167871809782
24.84,1577.2896398271719,2029.6016903927866,3477.0643834916264
24.86,1619.0569372445293,1709.2068426284886,3329.4406113136856
24.88,1770.6280021347584,1900.4437030013576,3948.786058828261
24.9,1735.2478011817907,1800.2322230415189,3894.1213067326175
24.92,1740.3584647997582,1994.6577824966066,4051.7216609698344
24.94,1686.264080869375,1978.1161168107249,4071.828814477678
24.96,1687.2636411516187,1869.5560288697623,3720.9308595958682
24.98,1712.6739310047137,2075.8559501217946,3829.4454437127815
25.0,1656.3507683167425,1756.2522652286489,3776.0378989245005
25.02,1616.727577671979,2142.6409027667705,3876.4779299566085
25.04,1615.5207863363732,2069.2576582131833,3509.629225935233
25.06,1584.2398514392387,1972.6254088356632,3563.003162934703
25.08,1683.8411757914882,1909.2164394805416,3870.29852717231
25.1,1639.8429352308954,1938.2053544831379,3964.6195331310746
25.12,1788.655416400785,2014.0387802703624,4164.271034370426
25.14,1848.382561816013,1912.0522640463196,4006.560305161315
25.16,1664.7003270935556,1951.6146294820985,3773.6641586808396
25.18,1641.7254832917004,2000.1565581983589,3822.4565081905125
25.2,1601.8892489626182,2039.5297352249415,3569.645864266483
25.22,1642.5481026363643,2122.7555936060917,3559.684446314298
25.24,1615.4076711869034,2111.519191720638,3557.9989514433405
25.26,1566.1885521642882,1943.2948187120148,3436.2306681513746
25.28,1670.9135830399464,1792.0332842027733,3681.2335372650227
25.3,1640.5679076592785,1959.1414199823848,3928.060558598998
25.32,1846.9499980533992,2110.1428094947482,3977.351881328186
25.34,1897.4517141108684,1958.6992381165571,4052.9775943687473
25.36,1692.2651234758916,2139.2448972479147,3925.983780601087
25.38,1722.7054482877854,1836.8614664149914,3852.5816593778236
25.4,1688.43489569979,2011.6338431988463,3585.287597703904
25.42,1634.2963269966497,2011.2236380353138,3654.7112890249086
25.44,1612.9618946253745,2151.6805372254075,3527.254901232971
25.46,1550.9718013340382,1973.9570455129276,3355.843717011904
25.48,1731.0968814940957,2025.4085446242555,3865.761941355675
25.5,1693.657498448985,2054.1270013017634,4164.322760515235
25.52,1829.0053875981293,1846.1547028753898,4106.619908084955
25.54,1861.2782372844053,1894.409355838763,4190.022131620368
25.56,1746.7970054602843,1999.947332953017,3926.0870870481663
25.58,1749.7305456495008,1985.1269003490604,3807.1625613808255
25.6,1594.9457401501309,1936.2923949397025,3761.8857848191205
25.62,1651.6163908636156,2009.9742479694007,3605.342749535147
25.64,1576.8509487540528,1984.5543170070391,3348.872845340426
25.66,1573.338001348357,2069.5714304638163,3352.959894094223
25.68,1686.417656658175,1918.6576203629875,3919.90431853637
25.7,1713.0975855025297,2010.7294907766604,3986.9078777293685
25.72,1791.2992283787953,1935.193608952526,4004.211765438155
25.74,1760.922561979169,1920.0530097646272,4010.7667724349153
25.76,1630.4792941981857,2108.2001403731974,3903.6268033059646
25.78,1768.585556835619,2072.4998345215954,3996.0338849126047
25.8,1682.2806394172965,1978.9111516293951,3516.7806513824644
25.82,1606.5301752516436,1908.344084730136,3677.050715208192
25.84,1603.9843569862232,2108.317029714435,3546.196922251435
25.86,1573.2737739246766,2162.8151327240957,3383.0394110568773
25.88,1687.479962667805,1822.3174411781865,3865.596486421762
25.9,1682.3160448570534,1912.8318792442635,4084.2186307889506
25.92,1721.4058419855946,1921.5425558669754,3943.4130218385967
25.94,1858.469833883798,1956.3949906408318,4066.541410341391
25.96,1695.3969403776894,1930.904276922313,3834.2931457627433
25.98,1654.5103127069035,1954.8380821497997,3996.835639728238
26.0,1678.9000500357595,2040.0112197810176,3902.4028618763664
26.02,1629.7832586430845,1936.702585738656,3734.1902007116514
26.04,1579.6362037951121,1930.732629794039,3336.07422580348
26.06,1504.5737012357188,1967.0267345013717,3597.063843898707
26.08,1686.2602506383378,2004.9457956483755,3888.2381995973205
26.1,1763.444969668222,1990.1399309663482,3891.6784487072855
26.12,1795.9569843733884,2007.1467487587238,4044.1810257463862
26.14,1774.72126230896,1967.0736138452369,4005.202249561818
26.16,1745.6390538098308,1908.90340952895,3956.260498774546
26.18,1656.4476205293045,2004.2059980257266,3992.7541732436207
26.2,1659.2904069532462,1805.830268856381,3726.0877092431215
26.22,1551.9175221114624,2032.5718532569151,3579.5444193397943
26.24,1596.7846083470524,2053.1610721536026,3287.151420082791
26.26,1531.3559920059317,1833.6839351379258,3276.940387864348
26.28,1665.4548435860047,2066.214234028391,3822.9605374848643
26.3,1773.296716480749,2132.690983188357,3820.1778221198247
26.32,1705.1871209642593,1883.2936891372835,4021.4851192536225
26.34,1766.2568598851074,2004.0671559358707,4052.8057372973694
26.36,1725.506877190602,1924.6275070331424,3883.317014275743
26.38,1612.5118328624367,1941.1999190516794,3765.6395584750626
26.4,1672.4344716288558,1917.468412939101,3780.756710596217
26.42,1590.1778869712668,1850.0746710743983,3712.1652155171023
26.44,1645.5582151385847,2127.4306929768186,3431.817064333285
26.46,1531.815561224898,1964.452153191582,3283.535335309853
26.48,1697.0308906361277,2008.3563430685754,3640.6756418993805
26.5,1664.77475501485,2088.319971616391,3918.3666584667817
26.52,1813.608618292952,2052.5134556043117,4191.963710646714
26.54,1795.5453784928375,1932.3659705204316,4075.178805192635
26.56,1719.4275348959318,1927.8336509362414,4052.1249829391254
26.58,1781.1717081436962,1944.5151429533373,3825.278846985182
26.6,1717.5129185903259,2086.8740366311918,3706.7254239391427
26.62,1649.5604029668955,1930.1367508254727,3719.1795745227873
26.64,1510.7173060979721,1908.1833090260163,3413.650253567574
26.66,1481.6874285756367,1904.590030347841,3212.63188678787
26.68,1628.9042786342434,1970.7924985702882,3589.9620812221006
26.7,1682.6931667660147,2002.3144577043008,3912.1929739088887
26.72,1701.072248305423,2259.339194010411,4236.712523716388
26.74,1763.8603463534007,1854.4886680280242,4248.081372701455
26.76,1787.8588693121185,1857.5770523007068,4091.2226635421575
26.78,1809.5073420291899,2141.898908709521,4014.743213472099
26.8,1642.0702390497381,1739.007696863241,3886.896018782533
26.82,1602.8847595012867,2077.4363346661644,3573.091216432964
26.84,1632.066997027922,1896.0621022554592,3563.938880305679
26.86,1505.4460574602215,1959.2094503907404,3089.883552702398
26.88,1601.3831249485922,1952.4726907711079,3765.1837314005356
26.9,1702.8693160579116,2119.9744938575864,4004.2449615428736
26.92,1758.5343319950161,1933.4597848587402,3898.374270370645
26.94,1662.1350381391128,2065.643656944135,4048.971446142975
26.96,1696.5537140545512,1929.717902286873,3851.717871921742
26.98,1636.8184148640014,1894.3818881294344,3881.2988848217806
27.0,1719.1279831131778,1906.21053022374,3810.8628577548234
27.02,1675.5049453827276,1920.798157886707,3695.8259625844767
27.04,1584.9185683571748,1826.43114937989,3704.532138017935
27.06,1508.2667796426629,1932.2120040261007,3347.665421608827
27.08,1624.3701310182923,2112.0305007362103,3651.478164344919
27.1,1677.4172934125409,2058.653136363654,3911.408377227963
27.12,1701.1716027838643,1972.4530991777929,3953.3986468815415
27.14,1701.136405200465,2016.2431134731128,4103.678164175223
27.16,1688.8673206236426,1931.1565829055692,3898.2155597873007
27.18,1697.5114415281732,1971.856928145813,3833.158481229293
27.2,1620.7634477216334,2006.5589120155742,3841.1087344343055
27.22,1680.7961833981249,1828.429373546605,3778.278211462036
27.24,1625.6287700896312,2027.3087425776928,3538.259022291296
27.26,1556.4755913330334,2031.3314162411107,3277.762798403441
27.28,1642.5941875197102,1906.7616633639802,3448.72899513263
27.3,1684.3396025703316,1915.0526396530934,4048.488067795884
27.32,1719.571290513933,2075.7672669128483,3916.4073450536953
27.34,1780.6927847858824,2096.1798745545066,4000.783687521126
27.36,1707.0376653698745,1927.9544836013704,3703.6445280044863
27.38,1691.2078129076497,2029.4766494927599,3952.4196822342537
27.4,1713.2521644918638,2127.294641310714,3933.3807430219267
27.42,1657.8595508015314,1996.9314124766058,3804.9911584465685
27.44,1666.2267003733712,1837.785355820569,3663.463284049847
27.46,1648.550490140349,1917.1471359002946,3311.6323420280896
27.48,1679.936159396728,1811.7435167972071,3753.8732023565335
27.5,1672.702301924437,2104.172401294536,3949.510562302665
27.52,1735.467138520122,2188.683721538326,4127.007207561713
27.54,1625.8160700980916,2012.4442743161271,3933.878646846969
27.56,1718.8098627048637,1879.1422814888867,4150.895387977682
27.58,1689.425357840013,2073.98767292712,3876.7534110003876
27.6,1703.628931237473,1882.7435494327779,3722.9242004959283
27.62,1698.438751031297,2181.513792812071,3655.8542439227
27.64,1621.3525991577053,1887.6938315076795,3572.5082347019625
27.66,1584.9869662684807,1989.3210074766316,3429.135078061919
27.68,1665.0658996003128,2069.3881937527763,3450.6316048949984
27.7,1799.2708285671422,1995.0438754632785,3813.9231506717197
27.72,1764.03464660064,1783.4660960474416,3957.053799434034
27.74,1753.2766656902463,2015.600391776331,4155.550912266554
27.76,1753.2792868149425,1879.7305287711454,4138.750421771784
27.78,1699.9874279146886,1994.8075643849343,3599.747034181072
27.8,1689.1267560744063,1837.1612376957999,3956.1496550215675
27.82,1684.7447401897973,1992.253435572327,3854.1510123505277
27.84,1560.9810619066882,2038.6249227901478,3534.8493501595103
27.86,1578.187449661746,2090.530818262576,3345.0400242992964
27.88,1593.398224089041,2066.681073170513,3698.069148891426
27.9,1696.119022126436,2132.172726168449,4014.087728703529
27.92,1664.5613463303455,2039.6835238050323,4111.67471694378
27.94,1727.7139056426206,1943.2953011302766,3862.460308517685
27.96,1683.431219388306,1989.246109372092,4072.7087637839213
27.98,1700.4472130735614,2060.9305142738413,3930.4780862909856
28.0,1689.754274352418,1810.0454011917652,3863.1669038834025
28.02,1642.4534461082426,1762.8756133842799,3680.539057817185
28.04,1685.0581908344682,2004.5409784994815,3613.3225127661585
28.06,1530.202802927383,2186.0647076010805,3366.0143279268755
28.08,1596.6197780448579,2080.375101078754,3442.351031806397
28.1,1662.0374823092598,1943.5985986301014,4084.217975300411
28.12,1696.154199163655,2081.2788793901386,3780.9677139160563
28.14,1674.9356149933449,1940.6209291049572,4093.376152748386
28.16,1716.441092849046,1884.7689776549526,3805.6047361343117
28.18,1731.0928593666338,1830.766786144149,3826.937081482857
28.2,1721.361838041357,1955.5927532576225,3978.7422929730446
28.22,1736.201802721954,1884.9628343744776,3859.1126893652568
28.24,1683.616219853359,2061.7354485117007,3726.5578590979235
28.26,1487.7221994629872,1805.4455052895569,3411.7756019733306
28.28,1612.4323679222637,2045.0818596552651,3459.5275814307383
28.3,1702.129618097704,1898.0668756301272,3995.6830566381127
28.32,1762.748475370662,2004.8810567440712,3974.6975162258127
28.34,1655.7792686583957,1895.3009946175491,3986.9895043852816
28.36,1713.8650116579024,2071.661716222376,3995.9605421949473
28.38,1712.2566877546492,1955.0136275541588,3907.0970672246713
28.4,1654.4321677681605,2063.7055946023006,3827.550817777957
28.42,1720.9783256748774,2006.368202733722,3618.7215308048553
28.44,1734.4200128866141,2078.3098821539866,3624.827061386
28.46,1548.2957762922401,1909.301336236204,3437.393427414815
28.48,1604.7014994368085,2117.676251550098,3391.426249359229
28.5,1763.5137477285,1920.509653564728,3964.6777019377632
28.52,1699.8487180350505,1985.4114597883095,4111.045072662083
28.54,1688.288533929162,1958.348618336488,3985.538952195995
28.56,1731.8734328537914,2047.3531932492492,4034.2709288650867
28.58,1800.5048478849117,2120.963181678729,3922.165635334945
28.6,1775.3762835189457,1958.5595614155463,3911.7061756035932
28.62,1609.1417642118045,2072.9270781657065,3645.2658333494974
28.64,1714.3965224172514,1853.2024740747352,3725.6922060260963
28.66,1635.4399439010122,1996.0097245422544,3288.5888370719476
28.68,1480.77473300034,2140.3700519433146,3321.4564265618433
28.7,1786.6278873534766,1987.564778784268,4066.414485103955
28.72,1754.333479549066,2019.0899124231473,4055.958570636277
28.74,1761.2864924703117,2089.4945343652817,3902.8333556507378
28.76,1747.0396552622865,1914.7299590591874,3949.7212174457986
28.78,1703.8160743869996,2199.6683598516056,3929.768692196726
28.8,1687.128127866483,1949.6026771208956,4054.028446864094
28.82,1681.9451504593933,2011.9757533735028,3616.3547565409126
28.84,1600.0401817494565,1799.894695399443,3888.511089974888
28.86,1503.652632002242,2098.7638973309504,3492.2983058556124
28.88,1599.037936594285,2011.8318753962642,3407.7092869490957
28.9,1718.0611595932235,1960.5941418753312,4085.1136353303073
28.92,1740.1441062674214,1869.9394625600112,4091.5437699299514
28.94,1703.2343781885354,2192.625169019416,3825.1961421560522
28.96,1691.9110450501428,2038.5202951365052,3992.351684534829
28.98,1662.354971817167,2142.7641540657582,3916.7639520655216
29.0,1649.209954234847,1990.4435768844519,3767.6683348410643
29.02,1714.420484513528,2021.490909027946,3681.7825066448804
29.04,1699.7874796799624,2018.48105087981,3871.0710769208727
29.06,1623.5967304376172,1911.771745832803,3424.409066115544
29.08,1658.0944002599858,1926.7271405712247,3529.800939416053
29.1,1688.0590688337224,1983.3119334960643,4058.4711641085673
29.12,1669.976735361724,2166.6333640423936,3913.9731127967048
29.14,1700.0623569278553,1732.0052407424178,4067.301200053814
29.16,1725.845233809244,2103.6709370187186,4070.477251919266
29.18,1673.4278861457594,1868.9493717561916,3894.1764007871375
29.2,1657.0416731355638,1960.0998998698628,3792.441806704811
29.22,1633.2284351409714,1912.8479285263752,3746.304037552091
29.24,1699.4092132754686,2039.395569484021,3689.799220002592
29.26,1628.0659239517265,2114.8992567512455,3445.910000872089
29.28,1657.2937462000546,2035.7221316774003,3561.6784910977826
29.3,1804.5601298847957,1874.5486069908445,4111.052698879182
29.32,1769.728968859017,1987.5929214947923,4135.280842546517
29.34,1640.9833761233715,2058.6465083525027,4041.522759287683
29.36,1726.9454386709417,2004.9948455957908,3963.9522560188175
29.38,1727.2135499010758,2059.3591583116645,4126.406240135327
29.4,1736.2448931944843,2096.3774701100833,3915.3539505402478
29.42,1648.614202347821,1918.4058957744116,3680.6581869551337
29.44,1620.0856336800857,1974.0554866169798,3767.77095795584
29.46,1588.4511769367405,2007.2723908553069,3681.6235009148822
29.48,1502.5336818234,2049.29082957998,3411.3773161712556
29.5,1736.3585263008463,1969.8410223575338,4067.2698088768834
29.52,1656.1978728600427,1789.8438726436716,3921.4366816308607
29.54,1617.152073938178,1970.4750005390847,4005.86050891161
29.56,1714.2627212864063,1947.4193748592595,4036.552413080848
29.58,1625.9415049164243,1891.9228962176198,4054.576595835396
29.6,1551.0665497086566,1851.2477106394663,3943.125738476151
29.62,1616.0990825709641,1849.506244505817,3692.673947305333
29.64,1676.5620001746945,1920.1659987844473,3602.2938862619417
29.66,1574.0572035940418,1889.1322803625146,3441.77795110824
29.68,1531.179238954131,1924.4458057698182,3576.964905099503
29.7,1679.622753602855,1942.548361107559,3868.575671287953
29.72,1699.961041819858,1855.53475530598,4255.906942890243
29.74,1663.458409016967,1741.597656797372,3982.3725514840057
29.76,1646.3161965377233,2120.746826598731,4060.3131298486
29.78,1672.980033401831,2007.704907143264,4189.6946666901
29.8,1699.6907431392815,1898.3285366374485,3980.338462483555
29.82,1649.8569273536514,1978.3961713958975,3965.198548231142
29.84,1674.575935435399,2147.5594358520284,3730.3631318813927
29.86,1623.6496185898256,2123.8696917257,3517.631078041393
29.88,1499.8685302519234,1799.8427911540286,3499.820797853764
29.9,1695.8486567223028,1949.3431657820556,3701.5509563396627
29.92,1632.350605359333,1996.9559259150546,3872.4811056130584
29.94,1803.7890473958719,2118.262829451515,3891.501689148714
29.96,1696.8347375464334,1858.3899630694002,4009.94102044016
29.98,1722.21383364017,1976.0176006290349,4054.847583581515
30.0,1667.242908812555,1888.7977589615198,3933.1080361329855
30.02,1612.9224360785074,1920.3323155598953,4043.017721121567
30.04,1564.6997768085384,1958.301079787153,3561.446737917725
30.06,1639.1809694515068,1868.5400328577189,3502.1423581497197
30.08,1623.5144807407414,1920.427616717354,3663.8973872274632
30.1,1688.940130302134,1975.5491021588205,3807.717657936584
30.12,1673.858262777775,2062.2239704641097,3734.66346981466
30.14,1699.5474077022454,1877.871071774889,4038.529501418033
30.16,1718.564708706819,2002.2550030335422,4046.857825005221
30.18,1773.9068854653829,1952.3735125420578,4062.635811466686
30.2,1750.807246904989,2046.0333917931853,4047.8175107959537
30.22,1596.349744152639,1789.1437193107502,3820.215877413434
30.24,1634.3964104760475,1854.4487864137625,3892.788991644853
30.26,1619.8368406038337,1889.7482488030826,3716.9660940178496
30.28,1657.7535894427356,1829.9607653946923,3637.3276937818137
30.3,1697.7997505594308,1978.0806255660082,3895.574092576689
30.32,1738.5198362631552,1958.090153048536,3882.1853958698694
30.34,1698.8900635910609,2005.02074384143,4032.067311238651
30.36,1706.759349663164,1987.0760390833448,3730.1783303601533
30.38,1773.2896550271319,2172.8630176024294,4310.456290855654
30.4,1684.8670698964083,2036.9704949318077,4056.983913087153
30.42,1666.510847627684,2027.949192460676,3957.4553411416964
30.44,1641.6726735953903,1953.7115502141964,3814.6595835215944
30.46,1504.9164229261808,2144.0464109269637,3539.053190238637
30.48,1564.8402749128147,1935.8980385163468,3277.9723607089895
30.5,1632.190271766252,2033.0012203759272,3801.575408376251
30.52,1675.0547476533786,1939.42830342574,3960.6974458166155
30.54,1681.8450687365594,1997.7428192579725,3869.7833832581955
30.56,1701.0599396166326,2026.2075890256156,4071.0705570370606
30.58,1691.6553924527936,2061.5245303010297,4064.4619406711695
30.6,1792.2804077887251,1845.634843290564,4008.7806949286346
30.62,1705.3649630387401,1984.8912979085194,3765.674029719967
30.64,1636.1166678886582,1872.2796260296227,3667.1198062803032
30.66,1508.704060112654,1933.032930571189,3549.590528847868
30.68,1430.4358101553105,1977.6588270659247,3251.631558790324
30.7,1608.9908739305838,1999.5233867250302,3704.2213314073115
30.72,1692.7109308196664,1966.0438120647607,3895.908359848801
30.74,1656.350847755193,1867.0689659642094,3980.3575482360798
30.76,1697.4057527845587,2051.7093156488886,3959.310490200045
30.78,1725.9614944245225,1793.0756871124227,3991.4277899359763
30.8,1804.9587628804495,2002.4683864898227,4044.650509922548
30.82,1668.3753277908218,1976.0821263047362,3725.5886810991997
30.84,1648.2628006782663,1964.898821988825,3787.4724782770686
30.86,1673.8020304572992,2104.2942346766513,3590.1572159399866
30.88,1657.201988990253,1984.8121520277455,3303.763141625924
30.9,1678.1947053133806,2156.771925202733,3671.7953356227854
30.92,1741.5696009237183,2128.1314142048973,3597.272167666597
30.94,1727.8774385542988,1907.5988981126138,3921.704348011046
30.96,1719.4939455741019,1972.426389969929,4060.8963195720994
30.98,1822.685390932336,1924.0393915228979,4145.182774933211
31.0,1778.5980060487825,2109.7368904210034,4320.7792376371335
31.02,1658.8215500551319,2020.5417141711655,3921.3426207170046
31.04,1647.592478289084,1836.9403269696058,3785.5346754709417
31.06,1517.6670249081687,2046.2562971174252,3422.870488059616
31.08,1574.198275529598,1964.518572809345,3393.6491406594723
31.1,1528.2009593121716,2054.8593571632955,3578.8611610614053
31.12,1638.7540506022892,1829.532750519725,3678.592626720393
31.14,1679.5940671737858,1956.6659090991816,4123.2811652200835
31.16,1692.6005406528811,2010.9356955835333,4097.252271084153
31.18,1763.1732172765742,1913.9496469707658,4107.532158381333
31.2,1757.51808611878,2032.5812646711527,4222.19287199536
31.22,1730.833426069781,1923.496827892556,3776.780940304699
31.24,1707.4833126916608,1994.1292844945792,3633.7082635606725
31.26,1572.250681719866,2063.104651200473,3723.1913816104884
31.28,1585.605674658556,2017.561722342481,3255.9392177613277
31.3,1697.9961435199782,1826.0908092684795,3655.153688643962
31.32,1671.485449770676,2128.5990101789303,3908.941008154914
31.34,1618.7448836145238,2064.263032912985,4144.802013948071
31.36,1722.6022718482939,2005.477050922218,4175.019521592119
31.38,1743.6164853212185,2173.6889379534723,4191.915646679408
31.4,1874.7684556221143,1973.293957274187,3882.5775015555223
31.42,1698.5646694383627,2054.9477300875737,4000.8155494621533
31.44,1636.4372767026516,1760.8494242844142,3864.7424681508637
31.46,1612.7602125950882,2125.110446086364,3638.056319431873
31.48,1585.7240290320408,2047.852305818118,3399.8289652642384
31.5,1607.6476528555488,2132.216469102593,3610.415185249634
31.52,1697.1141296940864,1899.619279575926,3964.6672459267415
31.54,1739.2126755203356,2196.3977737122773,3800.6326481541223
31.56,1722.5554207728035,2060.3077863888357,4193.090369232074
31.58,1792.0836906631569,2069.3191684526405,3838.275840628588
31.6,1879.9981484565924,1888.1568342581697,3983.3395234096897
31.62,1759.8361969129464,2033.8281162733551,3822.7401900948385
31.64,1592.9159622459144,2007.535384080773,3760.895300051739
31.66,1607.0789528344346,1985.2891250587884,3647.7053686301524
31.68,1498.334967703147,2016.1137032122742,3722.1855686866643
31.7,1630.7137230073488,1797.5243320605136,3650.277323126563
31.72,1660.2551763975432,2066.5231772743105,3864.382491714621
31.74,1703.1601349175105,1877.8615541101608,3873.6657325960537
31.76,1740.014594822894,1973.010627335066,3962.0915608605533
31.78,1788.7812051095884,1948.2457284411196,4033.024858203545
31.8,1836.8817949664303,1970.9541197487702,3919.185827569972
31.82,1708.87025081764,1823.5193521830888,3865.4864543280523
31.84,1624.0388022235238,1808.4586535312915,3652.7391060262607
31.86,1649.8295510006506,1928.9810080769641,3786.1093764912557
31.88,1699.4756208006772,1791.6296820759665,3744.2700314705426
31.9,1587.9571925605826,1863.6060978063422,3797.8636536700005
31.92,1673.764988322755,2035.4529658274125,3889.6838039132676
31.94,1712.19888178217,1940.9187940472843,3951.9242085977316
31.96,1694.054572403384,1953.2452140828354,3927.9785049214693
31.98,1803.3991667754538,2136.693445825052,3979.134011990233
32.0,1764.9137683669887,1710.4327936984262,4091.470770749075
32.02,1741.8944997438657,1924.2477808264302,3897.7611242011194
32.04,1680.0423041821584,1988.3882869963243,3803.3276495661307
32.06,1637.799253525246,2018.9181068944001,3866.841689613871
32.08,1667.0490282340145,1835.0738038139193,3757.2115799995536
32.1,1707.0454785981567,2014.3426116192759,3900.1382168828413
32.12,1651.6824633679907,1919.8379903591876,3791.316282809399
32.14,1571.2735808457048,2112.5355148123053,3953.972975149129
32.16,1753.0713668582275,2058.9680910153575,3889.480899995762
32.18,1777.9619003528064,1938.5600190690784,4022.1964203394764
32.2,1735.103819293114,1962.998265037243,4110.335442989423
32.22,1773.7817840309638,1997.173239695037,4081.5114541654457
32.24,1654.306860390214,1989.5191500309613,3773.5691315488893
32.26,1637.8660301468676,1964.6005558460197,3883.7470211937734
32.28,1680.3851407120549,1945.8590663148561,3815.816999023374
32.3,1686.9354792859922,2176.674299606509,3765.63085870367
32.32,1759.9835153958306,2049.6049000181138,3840.8529518073246
32.34,1768.1393961004742,1991.9786979007163,3793.449641291839
32.36,1802.025608719394,2031.8831680043854,3948.135725870885
32.38,1704.6018243314165,1891.0395669734276,3972.4758113196044
32.4,1776.692834666847,1948.0801267492686,4076.7886768272874
32.42,1814.9857760291143,1851.8515465134567,3976.1649491529934
32.44,1667.7413609097518,1970.0894970980191,3544.474245228673
32.46,1591.3706711571806,1864.7353963466321,3817.5516114795714
32.48,1620.3596841096867,1932.7501199787123,3519.898102560632
32.5,1628.566945808221,1943.2393958506982,3655.232794174969
32.52,1608.1577451382873,1911.8655889299855,3904.281213019307
32.54,1596.3951318998402,2067.6250957818897,3719.306475021895
32.56,1755.097696005739,2227.7225170166344,4059.697332510123
32.58,1679.0814225601193,1816.155076074268,3995.430121038975
32.6,1809.5817155442132,2051.974567045282,4107.208266089631
32.62,1776.629382541286,1961.6075076287834,3964.801278867566
32.64,1633.321349179126,1866.4371289010417,3638.9564864981844
32.66,1646.5427626221463,1905.023266706307,3742.980811683742
32.68,1623.676485077156,1980.3305767186444,3762.6821454849164
32.7,1653.7205382035206,1974.7989923857037,3707.854589198303
32.72,1567.9701506951008,2024.4709701985105,3753.8993183727066
32.74,1611.4298566069713,1899.806224437672,3746.549047494625
32.76,1713.7191558224856,1791.6653396212641,3840.7901651459915
32.78,1699.0063452553682,1995.3174655407008,3985.3899184141846
32.8,1715.9641405120988,2086.610938668319,4123.492686822417
32.82,1741.071182238565,1846.5491933836188,4024.2256394113024
32.84,1674.0577623863267,2038.0992922389926,3663.3889291809533
32.86,1723.7892740169889,1981.1712937255397,3715.33788442612
32.88,1575.0673575350768,2111.8839813919453,3651.9378892413556
32.9,1588.9156363453294,2016.6998746340976,3558.0850350927867
32.92,1735.1038549352688,2155.8830875856065,3902.328356331747
32.94,1650.6857318569505,2086.559765313537,3874.324269600831
32.96,1725.1314149719171,1766.4805292339524,3761.9413650086053
32.98,1711.869695829837,1902.0132867579105,3951.478701014471
33.0,1819.0955713982544,1788.5105339080708,4051.2429819415734
33.02,1758.3728413081442,2110.876598294842,3997.889204585659
33.04,1632.830444531856,1947.240959751879,3557.5303203418543
