Time,25W,25X,25Y
0.008,2261.544544256729,1956.0185445042341,464.6345288656436
0.008,2355.4532274029125,1894.7463790793488,437.5475241893445
0.031,2289.167667434741,1930.533970202978,461.2257631690042
0.031,2138.391371461596,1821.5449840974081,480.62304401328294
0.032,2356.5913886615717,1889.3251382610881,473.6133780082275
0.032,2303.820925617644,1853.8226072779378,480.0990799850459
0.058,2176.5428216591445,1825.7014630813944,457.3088476942409
0.058,2232.6120458248747,1891.6818189291857,464.6839820192673
0.085,2278.5758790110954,1924.6774218945088,459.91978551739163
0.085,2312.358056255409,1789.5622745440085,472.07107638987935
0.085,2377.265927080535,1820.7569931020766,459.18554508045275
0.113,2228.6372011720514,1932.0648715170469,449.0047562755473
0.113,2258.960323703079,1852.2634774495164,425.4020219716795
0.14,2361.7715422115766,1805.478945870109,468.5922145116595
0.14,2373.1079743888586,1849.2267138730692,452.35617613737196
0.14,2267.7352163051164,1839.1971452780442,489.79623676957084
0.167,2253.7742172787835,1911.9080394478055,483.3873890624816
0.168,2341.9683807582055,1851.1124260708757,425.4279010933169
0.194,2138.543225990661,1834.7776897842834,474.96627115708645
0.194,2297.013285125216,1832.1824801873067,474.5768700613657
0.194,2288.3967118363175,1855.5817638462097,464.25915002068524
0.194,2254.4370863254244,1939.500255003535,438.81975978712137
0.219,2331.1227097724222,1893.4998300418356,474.5206343597002
0.246,2376.7230596387544,1791.1494309911868,444.89578580988604
0.246,2217.476345333488,1860.5086963133756,475.72750179718145
0.247,2236.573023839062,1864.5012157825033,471.67337626807705
0.247,2339.600174647743,1879.422414774529,466.09347756421613
0.276,2176.4577846015,1763.9416392341066,478.0310876087188
0.303,2250.549713810975,1855.3431579185838,455.25087166897407
0.303,2458.535124564784,1810.9167706736164,461.3933455210544
0.303,2307.201617535968,1756.351716546172,486.47241259010104
0.303,2270.7742031336443,1924.7167097141842,485.8495372154177
0.33,2156.5913386491757,1827.6024496602422,439.8675605657755
0.33,2104.040439332823,1828.5318413521406,447.43479438809715
0.357,2378.8516424944237,1909.7837070415314,453.8589086652137
0.357,2207.372270760549,1918.6147670887294,463.62600552968405
0.357,2292.888566357715,1837.2674920546517,458.3565021052767
0.357,2387.52820164436,1854.567783486678,480.90951325172875
0.386,2254.281451649829,1782.3256783707266,485.8223065263235
0.386,2257.236778126305,1786.538428728104,490.0824641521111
0.414,2360.3287562226446,1930.2250159920434,491.3820250644786
0.415,2391.558648895289,1849.0717394313206,430.0735643906305
0.416,2371.943169098294,1909.8329033218233,454.2382714699435
0.416,2400.451360812349,1835.9639968283132,444.0857514229397
0.442,2111.678759843575,1869.1277682501002,441.9431225453675
0.442,2321.835406970224,1734.522815076936,478.4255415235721
0.47,2396.946993076877,1899.784517825042,475.80026820415554
0.47,2332.7320632891406,1844.4401703525355,444.0104273214187
0.471,2288.0531776554394,1819.1763654416688,505.8318819831311
0.471,2204.7961398935013,1887.5107278265239,436.09762223130014
0.498,2243.727019535791,1914.560232050017,471.1322529573003
0.498,2415.7062756591167,1827.5022308314021,478.1185663330628
0.526,2292.015445637643,1776.1743058695454,452.3329779301086
0.526,2246.268137602224,1954.1850261656882,478.9299665337704
0.526,2165.6039303295347,1819.8278580753229,442.04092462012636
0.526,2320.931263286859,1713.8679834566744,464.82686507478485
0.555,2239.2660972515982,1821.0804101183294,467.8711033256173
0.555,2298.8344892042346,1875.2955552786061,421.95230377694355
0.582,2425.5257418454694,1835.7348052851064,438.1239642436066
0.582,2353.9949540376742,1832.799256623413,476.06853981487257
0.61,2392.4114615741073,1823.2709062376293,469.03592524350154
0.61,2302.621444229403,1818.9721823237405,446.4164239596284
0.61,2356.208192313359,1765.6657701826462,459.6429101846676
0.611,2403.7234637384563,1764.4410581336288,468.8387147078838
0.638,2225.5498243692773,1862.384611012007,421.9460234443705
0.638,2286.551083444531,1916.2833971435505,489.9046673466633
0.639,2239.5633455589873,1830.166732036795,442.80398254616455
0.639,2245.75889864027,1933.5323692363593,458.79750341964717
0.665,2286.6555866279105,1910.2628445486682,494.48656270226286
0.665,2224.6086291646766,1833.7063019461618,465.1499380610017
0.693,2267.370170675127,1887.0087358946823,473.1550767674808
0.693,2348.7157916287474,1877.7673475956597,452.92581435305783
0.693,2279.7887529072245,1818.0814199644308,445.30430589815006
0.693,2227.476709359604,1715.2699330006917,439.3433833082475
0.72,2344.5233944138336,1860.2928103476645,485.051803652062
0.72,2213.3992892764636,1895.2976643540192,454.2567485114353
0.747,2201.077704170045,1805.3112229864985,456.3079564337403
0.747,2378.6225825899546,1964.5965608289448,454.4387758386692
0.748,2364.239323023605,1914.802462519698,475.1947861025859
0.748,2272.9423782234535,1758.974220661335,478.3423958014059
0.775,2438.6155712472887,1834.1384292171876,435.38008219071213
0.775,2249.088180863785,1794.0017005530683,468.05113173672214
0.809,2350.58080864877,1824.4747384794414,482.5814616547821
0.809,2176.3412154437265,1888.022967308286,500.037089531807
0.829,2210.1276361807772,1841.4184991959785,449.7894440517146
0.829,2367.5481787665267,1821.6012825754196,451.4112570407434
0.829,2394.4594560833975,1844.5121627230467,473.8748368956446
0.83,2273.4901530784196,1885.9220021062094,462.7614835122899
0.85,2468.1961425101035,1905.8881959465207,483.368077515885
0.871,2393.446391759258,1897.5227570836942,478.97983062197574
0.872,2243.345266676851,1928.2274171481092,459.47807882781575
0.89,2267.8444987289254,1837.3646631407748,454.0116530854057
0.891,2184.799158746555,1825.9415276173079,467.73874290959884
0.891,2257.4588066148267,1838.7409422083501,469.75451080285006
0.891,2309.975352221922,1800.2285991231538,460.3558423938128
0.911,2294.6568510372467,1798.7775320892097,481.87533758146947
0.911,2303.6768238513755,1898.7025884649288,432.59230297743034
0.932,2378.1105436287326,1904.4128404165392,458.1770005186093
0.932,2306.5529194679284,1684.9058110809228,470.2174209295853
0.953,2346.4739258942236,1907.9821481440526,457.443707455899
0.953,2330.285809657822,1811.9915705940991,473.2880240888382
0.975,2317.98058098161,1798.2399322743988,470.8351501005917
0.975,2361.4459165328863,1828.0721232821966,477.84086666182475
0.996,2352.2366182795777,1769.8983359795316,450.5345488753284
0.996,2206.978880410173,1833.6236475940368,457.74372461621897
1.018,2433.7968745908297,1963.1947306982454,481.49050081010347
1.018,2308.414065524385,1748.8854603341276,456.35171818991904
1.038,2225.9215883968736,1883.6245088386222,462.1491452407624
1.038,2285.4635786282115,1909.0366886946263,447.3064463895347
1.058,2310.5570549508548,1884.6117647378119,458.39313732285626
1.058,2338.9859585144004,1945.9841839173075,458.842631924876
1.059,2367.695652532192,1911.6387744630117,439.387459841256
1.059,2357.1951610431347,1885.8135099037763,459.9775928450338
1.08,2439.6245257364917,1908.6492815619572,469.67884225457385
1.08,2299.6957439546754,1910.1113504427403,438.72903451002264
1.101,2279.312559438223,1826.6998015679967,459.91197084262274
1.101,2181.7936270884766,1882.2556125229814,509.54103637849505
1.122,2369.5038045540814,1826.0154836329957,465.9098070426388
1.122,2335.2446855235285,1756.7553458876055,486.07329865287625
1.145,2244.7416227293984,1953.9963475937748,467.6253814640578
1.145,2315.6737120933913,1818.3194903579192,454.17506092652354
1.164,2296.184938631444,1920.8889113509497,474.156540816777
1.164,2305.040867911576,1888.175071453579,483.74536489837664
1.185,2270.4329145053193,1799.181418304016,450.69772614142306
1.185,2305.6777752626704,1801.232404584491,447.4498955880562
1.205,2179.9964186284756,1874.2108372427567,443.1692693590846
1.205,2270.056942937711,1874.342205268572,431.41817708914357
1.228,2325.0225187896326,1826.0939198810918,463.2804390770041
1.228,2242.666928891061,1752.1759294394997,462.05431523001585
1.229,2326.9299425395325,1900.54133440662,480.28780403573643
1.229,2449.514754241623,1670.790039028038,466.88494764677534
1.247,2202.634100505144,1866.8163673210322,447.8642431595243
1.247,2149.32808905471,1923.213116101665,477.0235419100086
1.268,2384.42235495309,1730.1272312927426,468.42326886417396
1.268,2454.9099762238716,1862.6959795109262,463.68266948787004
1.289,2322.309931839661,1828.8708492987168,476.9335649078913
1.289,2298.5375768057966,1857.2884827867836,474.6157789237931
1.332,2248.3483142851837,1905.9903773770593,475.77307300665416
1.332,2330.9128025342266,1761.4055127234662,473.47697787047093
1.332,2288.197933241813,1831.2693574737925,479.9844216812621
1.333,2362.3827325301268,1849.0139189764018,429.14842604341135
1.354,2165.0632210776785,1738.0233464391506,467.86643032398666
1.354,2310.2383465168923,1883.0084187869263,473.80633531546545
1.372,2220.8114131979514,1948.6345134365413,500.3968951356558
1.372,2360.173392513079,1886.8745032652482,451.3093955435056
1.393,2199.040021960917,1853.2378017520036,418.13441492417377
1.394,2335.702902937641,1895.9360237452559,478.68777957624997
1.394,2242.388722970548,1803.8159993368947,436.88652999802673
1.394,2264.5693593499273,1788.1601164954047,467.7629318639743
1.415,2363.4872437667186,1874.9446766610179,468.98528754902986
1.415,2232.391116279459,1855.0676972089686,470.05714371154676
1.435,2178.13067149119,1860.3522024716858,434.315636226514
1.435,2303.649223179368,1790.6503756357858,451.48329140923113
1.457,2247.141264517904,1750.4582154217235,432.4023837875168
1.457,2189.2578277848606,1784.8539903263968,476.3218168486291
1.479,2321.7631228455934,1796.4463393081369,455.14549640207844
1.479,2305.215441387235,1721.439652316944,421.46336997526487
1.502,2291.884086794148,1877.9694821273179,466.315547381916
1.502,2326.316757235608,1768.206493432575,435.01472056969214
1.522,2133.5798764629035,1764.7685044642767,457.18972607366356
1.522,2231.7035699506955,1828.8673566901232,454.239143577749
1.542,2311.843320728895,1788.7973219354521,479.62221413782356
1.543,2368.0906796110216,1751.3455518893063,475.7121106392515
1.563,2306.7779783755227,1758.2216022263397,466.4078337404421
1.563,2380.441726997889,1873.0568127785618,460.94517404173035
1.563,2238.3133218336525,1818.815565961794,455.6729022772814
1.563,2232.3080577865367,1747.7547313046748,441.41910301446813
1.584,2251.0094581277726,1932.4774185892472,451.1748000564565
1.584,2286.268857043095,1797.6640156394146,479.9622449187516
1.605,2155.9350699693614,1874.8692811150377,503.3109525044477
1.605,2294.266244676542,1838.4370197810213,471.6745143836879
1.627,2293.245698258552,1851.2506773324508,473.95349852585497
1.627,2266.0181489992815,1845.366305089453,466.35652017010267
1.647,2254.0161819043533,1758.307160766021,476.3855904633642
1.647,2315.7118112985795,1984.7541576067915,428.6726110928491
1.668,2340.178043629513,1797.850350835118,451.2265867897012
1.668,2304.840964382608,1900.838595123165,484.6088602769065
1.691,2304.7045853577806,1800.306620036104,484.8924694436779
1.691,2290.9041005695876,1779.6428427098615,452.9670047290677
1.711,2294.897189469768,1933.5859665648456,440.8669206542684
1.711,2347.2230624707313,1963.6672697974348,456.1041208518018
1.731,2419.661858926338,1895.0510615599685,450.3554751316345
1.731,2408.6803863248983,1893.1978085463268,468.85398281789406
1.732,2210.262407694813,1764.9800960879704,465.1005398172449
1.732,2130.0617472316976,1877.512796486611,484.97770418157637
1.752,2333.48459712987,1876.8643000304937,478.0411597781656
1.752,2293.197107261206,1876.7736127418702,466.97683031221686
1.772,2286.9198750670926,1951.9230256320104,476.82661153171426
1.772,2330.639348748943,1720.649195191388,501.3228598449538
1.794,2282.4826623648523,1851.3487128387608,462.8129296826284
1.794,2178.7449103718213,1946.023712910164,466.4946769123567
1.815,2215.534934241486,1784.6318263625367,463.6586420005367
1.815,2215.9113376578193,1886.6475387327616,462.9070369977643
1.837,2350.4783011782,1816.0222720317895,448.8190639734904
1.837,2435.6930462722426,1849.5784184403806,486.58993821880324
1.859,2254.2877911420965,1778.3024036465001,451.3881107172138
1.859,2499.464362316864,1985.9257887356384,469.2796742476074
1.88,2153.091009400393,1773.8006732272518,465.8103290662491
1.88,2258.952625877719,1832.728588809445,472.0301200497105
1.899,2312.1690409857956,1824.6896505031075,468.1509965003264
1.899,2096.1033392980917,1915.239996627727,462.27350288579356
1.9,2409.8566708502276,1852.7472550269617,475.6848348472119
1.9,2245.849270005816,1744.9165544664022,486.22892195304587
1.921,2301.7302603637304,1802.9727993559827,458.32303151446115
1.921,2323.901956059628,1707.4095375884751,494.5292035711042
1.941,2166.857224597079,1846.4391210524336,487.5252115581921
1.941,2481.0382685573272,1947.2822636170374,460.9661771924206
1.962,2304.0151211369557,1824.0975891590995,475.2360317960082
1.962,2273.991467880202,1865.2276266091023,472.04675121953903
2.004,2214.659788458271,1912.6392737661365,484.8515579427456
2.005,2310.5694136667666,1798.9424548503341,512.8780173563027
2.005,2173.4381355468795,1910.3197633641757,496.699324872345
2.005,2314.1919275827527,1955.4535624530506,480.277112770159
2.025,2411.0308951978714,1726.1011336496726,473.4863102179239
2.025,2370.454398925118,1916.9695894525955,459.3036451617951
2.045,2237.9343524879437,1754.0173161169853,460.0226449004525
2.045,2270.1171787710673,1809.9675370918405,444.9892620126773
2.066,2333.246499990506,1928.542342762973,467.54058358326705
2.066,2389.083107971682,1876.0354416181572,482.41375511026916
2.066,2416.1121128385926,1827.4549870632693,461.90690871632444
2.066,2420.294866454104,1992.7752772121783,487.3727450454303
2.087,2222.95385185512,1833.3117399344194,468.47106738277023
2.087,2353.8867979705046,1910.1102829179733,468.089705710107
2.107,2189.3467361972434,1822.9053794461304,455.76090861348433
2.107,2251.544236055604,1886.6410674085182,459.05464481812726
2.128,2196.7856453361424,1888.7676721027476,464.53292781788707
2.129,2200.5719142484636,1847.990812463443,492.7906485645536
2.15,2308.0203781377236,1754.7486788326016,473.5408287503169
2.15,2241.520284464613,1863.4786067123753,497.262692512116
2.171,2316.87584362235,1810.1946616170828,474.6052433657808
2.171,2203.88334874211,1822.0962333133118,476.3280765013702
2.192,2334.2466353625477,1887.4894896149272,506.28302898017535
2.192,2255.173831078313,1879.9546210720773,456.77031645593183
2.216,2265.8373319886223,1800.310831130538,441.54896742862985
2.216,2184.9034782106883,1865.1917597680783,474.6597227749757
2.234,2363.5247015569753,1852.9269009552731,465.0015400533095
2.234,2305.622206170527,1783.9669068556657,486.14651461770165
2.234,2336.373371093638,1787.7994319168995,499.01338575776236
2.234,2202.9915794834947,1799.6262858226687,460.0707944151355
2.255,2353.3414740567846,1847.7264620824774,460.5378943244528
2.255,2296.8884413337873,1838.1565201378432,485.34297634295115
2.276,2255.5201825180548,1870.0983235581562,493.17280324586125
2.276,2396.505556541364,1778.5230356808956,472.89818002361216
2.299,2321.9540649181995,1822.4725584127934,468.0154766324107
2.299,2335.0731871457424,1839.0834599979175,484.0020745502603
2.322,2148.904053184045,1865.4584713262902,490.4988377766506
2.322,2363.985777807947,1944.1733662873737,453.82721847300826
2.342,2315.186511324288,1919.5716901668409,461.06919295120275
2.342,2393.3715658078963,1842.696403041274,467.74091761021435
2.385,2252.409293023146,1748.122763803817,480.06010448271957
2.385,2247.4493562876023,1814.3326967780904,499.1577278378004
2.385,2426.754471980843,1903.5337807757678,463.0182664710754
2.385,2356.6926999929124,1834.141984556944,477.35822459945535
2.406,2172.866266275118,1759.344384659975,462.96068059910397
2.406,2287.3836876500454,1834.5406100953173,477.3719451374483
2.406,2364.8897736898493,1818.0425451083447,449.6125111136583
2.406,2296.5851249633333,1924.67302265943,441.87788936233505
2.426,2240.5409193476594,1810.0126011338493,427.03152694200236
2.426,2243.3003341137464,1875.2622203273293,436.8182954086643
2.447,2299.7601101188243,1892.3083432031297,512.8354644949006
2.447,2373.450744450615,1778.9468820546995,482.9122550866757
2.468,2218.150127158901,1809.672768211761,483.02206439494887
2.469,2134.7723813000143,1807.767212131803,475.9370943280471
2.489,2267.9028850478717,1842.8939544743116,484.10069171060184
2.489,2320.801495904126,1817.9079773689596,469.5467736804635
2.511,2337.8761258005834,1769.3408107080538,480.7101296124316
2.511,2226.481626020415,1774.9218092738818,465.5627741066567
2.532,2325.3254114194838,1896.0547538195692,470.7552362072964
2.532,2251.040179207079,1974.056258022647,448.1165516814246
2.553,2356.864722361399,1864.156777786189,475.5895884129552
2.553,2292.2309509784186,1918.7632027362888,469.4303490933364
2.573,2366.9520203952757,1873.6790310620584,475.7076507139413
2.573,2310.8208998806995,1892.9389059603445,485.5097172543622
2.575,2344.147216721821,1895.5700191767457,477.1733419723402
2.575,2255.290977247961,1882.9889317013547,487.6042412983723
2.592,2234.70549510145,1862.9357166566508,461.96810937866155
2.592,2262.063907702424,1855.1082776679405,475.18502855795026
2.614,2331.455103518728,1821.0048803941347,459.03037140172614
2.614,2491.3552164697935,1884.352797019329,462.0269294435926
2.636,2394.0157060640013,1870.9688950554212,459.9634627686428
2.636,2386.93895900136,1791.9744590765374,433.60794016159747
2.655,2261.8247720878267,1922.3490957382892,443.1132127046214
2.655,2265.3828875315003,1899.258458912628,494.53116202649903
2.676,2137.0102723022806,1849.5995877329653,470.9110340881868
2.676,2250.9099901494787,1916.261552256664,458.6439506061263
2.696,2190.733478611668,1888.2433868373842,488.8161169891366
2.696,2357.2464560562535,1816.6985121035304,503.48957912409867
2.718,2282.9024819007527,1731.165394230282,494.22389718771825
2.718,2190.993757543713,1729.0601660198877,513.4959535487138
2.738,2334.7335215533526,1922.6009779041894,508.0651711741573
2.738,2321.3767879556794,1840.1508324303418,456.9113946947653
2.738,2209.662650800211,1818.8705465672774,489.7722611202679
2.738,2411.342324171495,1794.3813518952813,478.64306446901924
2.759,2236.841927119479,1839.3674021051472,452.83064255187185
2.759,2340.7457416228344,1903.1418601928406,467.70148028425143
2.78,2285.185659085361,1795.712871731809,453.2598616348407
2.78,2415.1651799382976,1840.2134608777487,475.2155197343145
2.801,2359.2456599688935,1999.6713056566746,452.1444070729696
2.801,2208.0643463265596,1959.14600341655,443.61675576352303
2.822,2432.771282764143,1707.4101066203173,465.4495620757159
2.822,2192.910002034305,1734.4437038058747,447.52713229656615
2.842,2208.8912039297334,1959.666005612505,458.7741777865842
2.842,2425.2450575512253,1892.225723877992,486.6473110013437
2.863,2298.095194464287,1839.6916211132684,473.23310128102213
2.863,2313.4256170666654,1881.28427443621,487.35806635480225
2.884,2321.964510357459,1828.729385570129,488.0774169670645
2.884,2217.3004657884403,1810.243352555632,462.62198524299225
2.904,2445.047053935147,1897.0941881769415,465.48475667342296
2.905,2458.38676221275,1839.1311428982733,463.3551195485318
2.905,2145.496757201271,1898.9389853011032,452.1256532692792
2.905,2273.1593088707036,1814.2794911573803,501.48571765616174
2.927,2360.1619864599656,1892.7544833695606,469.1234645057251
2.927,2300.277217249696,1847.2325536007963,487.8859166015615
2.949,2267.0467113021305,1744.8036885614315,449.7974392476545
2.949,2340.2398359842114,1940.1205009071323,450.4199894296852
2.969,2347.7757460985154,1760.8374100350286,445.47770597550533
2.969,2415.356995663848,1930.1212876881743,439.7147930984917
2.989,2151.4992118974274,1875.6258179129882,451.2269520403611
2.989,2212.80400258654,1878.5122300783291,465.20639140556057
3.01,2232.403927097476,1807.9957100342958,483.64789995329176
3.01,2477.215780182524,1814.626748923238,455.1122779265953
3.03,2408.920815345196,1837.815055918318,459.6054255290968
3.03,2319.2380255448916,1774.7351750586831,460.4262964771262
3.051,2291.5724941747194,1890.6936186504374,443.5384073666646
3.051,2325.5030895349746,1821.7799630181107,462.26770785094465
3.075,2382.012621467681,1712.208977685545,495.6642135742611
3.075,2262.2901856143208,1975.5662839441982,467.7003395747831
3.075,2302.8839805045113,1874.6538854259286,494.57658885372695
3.075,2278.6132865984255,1866.49381508266,477.10922309602734
3.097,2187.3439414905342,1815.1770267640302,466.91902740005844
3.097,2166.7389894700154,1866.9168104435541,493.23445603840037
3.117,2241.590639762715,1903.9293355009154,496.71957004503497
3.117,2258.5309962560164,1768.800415070728,447.2068473726979
3.139,2320.8460608631904,1896.7933745066764,460.8250695911143
3.139,2311.1505985425542,1780.3473093093612,464.8893311587973
3.16,2183.342156266802,1766.2220406594763,444.0565122325585
3.16,2290.1118947742684,1779.5539756431099,450.38695281867706
3.18,2247.339244087424,1964.994586210963,468.0652880756032
3.18,2279.928165016365,1907.9750942960693,479.7502157698193
3.202,2305.3193938217087,1858.1468068451081,475.0100831778331
3.202,2405.37543692502,1954.3057620239047,445.9848750819081
3.246,2271.291494243135,1791.0204221161903,442.7237252482714
3.246,2431.632736300836,1787.7945017585305,458.576840092581
3.247,2202.268074594556,1794.653443561395,457.2490144690543
3.247,2218.5582732421963,1967.3978182097442,443.2805538080743
3.247,2278.723636099701,1904.6111443072823,425.1887378274799
3.247,2209.101237130875,1809.5844728570173,429.42642354615066
3.267,2194.261819214505,1805.3827016868809,428.65726963322993
3.267,2304.8000352701206,1877.9427125569837,443.53782853594225
3.287,2193.879184875307,1777.8931677732198,487.59424097164424
3.287,2221.985903284775,1842.7498742594933,528.3405802623772
3.307,2289.5383367805207,1792.0458531015545,503.26172609802904
3.308,2415.112156973893,1854.9507136048514,440.5765375963775
3.328,2269.1854318736273,1909.9781231405987,424.3702798975973
3.328,2304.8495641354384,1958.9979368669594,457.9905796686085
3.349,2206.263136473173,1753.207750369213,467.033228977926
3.349,2211.899357592337,1883.56483511242,505.08982238106023
3.37,2116.1119781848042,1888.4069698047676,456.7116665541429
3.37,2227.718362669482,1829.6644488914415,467.0250546732748
3.39,2362.379876301907,1807.2143886014305,468.51823745325373
3.39,2227.76917864838,1814.7272881443885,467.7497471978335
3.411,2283.6758394502917,1736.393566556817,437.3735897027859
3.411,2318.492675954764,1897.9491259940025,432.2793700801321
3.412,2357.9876697523046,1801.9480110033985,415.25103385668444
3.412,2412.8551502090486,1745.690103229958,496.66549824983423
3.433,2331.8034027419976,1869.5766212300985,469.50848598005047
3.433,2275.366921111507,1863.5765720153865,479.21941798729665
3.453,2355.082359608328,1896.7632228897269,447.56443668321594
3.453,2311.7199181637666,1969.0527066354634,454.4562698230085
3.475,2115.9261967511916,1858.4979222166007,493.8589798057128
3.475,2205.685940836183,1834.1241360051695,491.8435117415373
3.495,2280.7306208983728,1828.4402981027786,482.31382054377406
3.495,2262.7405434677785,1826.8528007164884,481.72974751708006
3.515,2298.333262633731,1799.267221026794,491.4967865365548
3.515,2112.2657575149856,1821.4186271665349,492.0640324287573
3.536,2363.9221607052727,1803.5356064145378,484.66162513312366
3.536,2284.4471055727695,1790.2919885543354,469.9326137124203
3.558,2381.968064487039,1962.9446758624945,446.5986486092626
3.558,2301.1199804461594,1934.6026410807017,470.07328148686514
3.578,2314.6223792687692,1732.5292206406514,477.7441817055763
3.578,2211.782186329325,1864.9326171210012,467.67771935722106
3.578,2198.741822554912,1841.1199671394766,470.6007446998802
3.578,2299.6060851640173,1859.5930256525378,457.16118527986464
3.598,2289.555510695618,1760.3187259636143,416.20521769028517
3.599,2169.4548161427538,1736.7436113981732,477.67972042165303
3.62,2368.2840674888553,1848.2311383807767,468.6876550813981
3.62,2289.9816430223036,1812.408340259713,475.48787153412394
3.639,2247.1585800234916,1801.2329194397266,508.2925610567619
3.639,2229.999736609947,1833.3747313048284,467.20241875702084
3.661,2355.225472558304,1883.5493686737746,448.8297728415924
3.661,2252.055742436968,1904.318883192609,496.2780467371071
3.681,2323.8278042481734,1788.4632262581424,486.75072176672194
3.681,2293.76146731103,1798.6212542324783,467.29479120079145
3.701,2265.8802170325293,1863.1591171286539,440.20455175557044
3.701,2197.0064404027908,1920.1507027520558,454.08823446599996
3.724,2397.1804310105836,1830.7770195609125,458.4376802187627
3.724,2214.145434173134,1849.8393573760504,435.2950351888122
3.746,2225.1989242186783,1756.007263998777,455.7220795556623
3.746,2401.152979330268,1703.1675400434663,493.20493878192474
3.747,2290.2056982543645,1983.6410275697137,456.5664234986536
3.747,2330.275740522947,1865.653180791524,452.01768815317627
3.767,2422.240648311609,1785.075843520573,465.1275292453367
3.767,2397.610458714332,1714.048608153017,474.79667238943773
3.787,2240.6128341539097,1937.2624566988952,459.5126304267309
3.787,2375.9333540824455,1788.5945159484663,465.9450889674503
3.807,2163.7358833386875,1788.5243571225358,468.78699994027085
3.807,2151.813550292995,1798.4081627768237,459.4213112494199
3.828,2290.645600697617,1851.5350948172554,457.9805583556234
3.828,2296.970587214781,1891.3890115862225,489.4563749708312
3.849,2353.3393692226914,1833.0178205259222,464.3548440811774
3.85,2331.1700328404786,1802.6896226357273,453.38551489959514
3.87,2342.6477410395255,2010.8407848109828,477.8303503343368
3.87,2399.781302570798,1822.168911001926,455.1943965569196
3.892,2427.5475886190616,1853.411058473858,457.2735893371747
3.892,2366.7214141740633,1759.3876662538828,480.84035077073366
3.916,2297.4604405612745,1888.7746088025285,486.0288251638828
3.916,2272.4736566335923,1920.6475272042967,437.04181944148615
3.917,2287.1855616836356,1799.239051319862,482.45434865656114
3.917,2244.0928445872514,1733.931656521852,462.703275873085
3.956,2359.4333428937207,1824.6617889140941,462.8128448865877
3.956,2391.201971416866,1968.5283668961465,457.5051876046889
3.956,2262.1990316090864,1810.7277604701285,485.28952582126414
3.956,2275.5627448824293,2011.38016546653,441.24101044516266
3.974,2152.0783371747866,1818.9496046145473,472.2435496329715
3.974,2313.8258240655996,1730.5712083322212,499.59766057227864
3.995,2323.771880141994,1812.3529367086862,468.502565259152
3.995,2199.778408806075,1717.9427705390615,489.50658347936974
4.016,2244.3963065302114,1789.588570445519,473.69178295057924
4.016,2211.413545876292,1874.350344367038,448.20928796004944
4.038,2178.9702658230062,1821.6582734953076,472.12261551941003
4.038,2407.832372119972,1910.404712538631,473.7984689323731
4.059,2172.6594550977447,1808.5664086187462,490.9085571641376
4.059,2315.50723833298,1758.8690700654065,463.39845501549445
4.078,2381.8796883316513,1860.8548617777449,477.0363227596459
4.079,2407.5417345874876,1839.1809368977058,451.3643581696325
4.079,2216.3248358234277,1846.9425041780203,474.8544914324519
4.079,2381.3025599031757,1762.6964292225314,467.35429864684573
4.1,2295.3106929112037,1858.5670544481525,464.96156994686186
4.1,2332.4295544387405,1929.38925938943,471.8039151429544
4.12,2423.807180271098,1761.2484826015016,466.68778356215097
4.12,2349.441655454282,1737.1623442499344,476.8021567383606
4.141,2230.882884844621,1759.93894283402,471.4465453978018
4.141,2137.6089058741813,1847.7086681380486,417.99558052300495
4.162,2345.160191040047,1749.4874552597398,412.88868784874455
4.162,2323.9903594712964,1867.6356089815952,448.3252229783959
4.183,2231.438281908753,1869.5109128407673,451.12776830041713
4.183,2301.347943410397,1875.5988111901092,411.87048724225025
4.203,2182.8339020093076,2013.7961082946654,459.69951445946066
4.203,2321.418668135603,1731.274569862582,497.48839437051925
4.224,2190.5211135165882,1741.1212976852028,473.55728933133327
4.224,2387.9600163797045,1933.3625852973994,468.600843459784
4.245,2456.589114116675,1886.9600942382035,458.4168684874522
4.245,2326.8109045619817,1920.887895432045,431.45360062295265
4.245,2334.404667223615,1722.5241436831022,472.3650820255172
4.245,2342.2255552490815,1767.0720797236024,472.62348097549705
4.265,2318.29429437741,1912.5422646655832,446.36174309187936
4.265,2202.775784902683,1839.098758271935,472.4628735503517
4.286,2396.033337326488,1931.244080305058,470.50637462550947
4.286,2327.304714426189,1824.643365755849,444.4420204882864
4.308,2335.759887298697,1837.3888890508638,450.44298692244575
4.308,2369.2351167062134,1986.5503510836775,474.1803565817929
4.328,2365.872760233962,1779.3467034247003,478.97280158720946
4.328,2394.203537299424,1892.3184510266506,445.3297405884006
4.351,2334.1312744941793,1748.7426605527817,471.61147273473694
4.351,2225.3782553045417,1796.6985389438357,473.33210117573304
4.37,2323.6536318841863,1896.446846162343,489.9655654966324
4.37,2299.3638734366573,1754.9898116490951,482.29166917108716
4.391,2233.9295872477346,1897.5148344153588,471.1436798509447
4.391,2407.674006535477,1842.2659119314374,486.89645140827406
4.412,2284.324390147716,1795.3239269053956,448.52079874238285
4.412,2314.554230428513,1840.6650265797439,468.6438295436342
4.412,2240.8848457596305,1810.8836623827808,459.1764545641266
4.412,2292.7832279788445,1806.3180788134246,465.7779482671776
4.432,2368.6381620947586,1819.8001749290274,465.58520028493774
4.432,2451.2827237494234,1760.693514532255,445.92198355364155
4.454,2181.2681347422804,1737.6896782074305,480.9646445319858
4.454,2286.7626716991886,1700.9524535405244,477.7715720276163
4.475,2043.9704182414605,1864.5587262127206,456.29479119705826
4.475,2263.9158203628313,1862.2979851473267,421.6920181091454
4.495,2305.999729257416,1786.0392923045779,450.32108964906774
4.495,2305.1954307251694,1834.9361945063147,460.79198785718165
4.517,2418.7725958778647,1929.163656821563,483.02318100635966
4.517,2258.881259863977,1804.0443162436889,451.5582914706096
4.537,2394.4978448504926,1827.4593095406044,492.2038882803242
4.537,2293.233783016758,1964.6678505526668,468.7451146432105
4.557,2239.2420127074197,1876.87761844621,475.9734909125932
4.557,2293.2330860524794,1909.067937780966,479.75202014795894
4.578,2312.320640250172,1899.0788147546018,463.12617811802227
4.578,2317.690620460167,1886.351226652146,438.8380700554559
4.578,2238.9199728150975,1803.2843047075207,461.2280638776624
4.578,2237.9853308463144,1787.8655168743453,476.26566629584687
4.598,2393.0862257485405,1892.525077630206,437.65404331585245
4.598,2386.8762104656807,1883.13570737655,475.13418711285516
4.62,2233.1498822927088,1863.9263791452245,458.63292025897294
4.62,2286.593628213108,1867.6475736626753,456.4316712964185
4.643,2318.900920137788,1800.3700362555116,458.55284379495845
4.643,2352.1220869506506,1775.146000362252,456.142938281694
4.662,2317.9649973136284,1804.9718898413164,459.0193858690956
4.662,2392.3428193109194,1834.978490404804,460.36988083036425
4.683,2292.051400597297,1812.491131685144,474.59132229458953
4.683,2417.1707354285168,1947.0267980235724,457.93124149094217
4.703,2492.4102423689474,1940.2067089952582,487.182683263277
4.703,2301.4782673333566,1901.4418720508763,469.0831197975212
4.723,2320.4552066708598,1920.0053451876952,475.19604123516467
4.723,2219.1360135195587,1763.5857254517157,424.20116561369184
4.766,2282.690886477894,1886.5628683468433,471.10825829721836
4.766,2309.671461976928,1839.697300855986,453.58153760992286
4.766,2338.84421379696,1818.6701609145462,468.15037216531806
4.766,2269.2896143694516,1829.7396611380952,484.39507449094447
4.767,2346.873325206536,1835.9321409357165,449.58495434349663
4.767,2260.488514338272,1829.1644653348892,481.63650273689933
4.785,2372.5000237282966,1804.720580978431,466.17459954707846
4.785,2326.7514588914974,1759.6008817399506,446.0463784415869
4.806,2317.8631106005782,1740.8612904089573,483.8084284030269
4.807,2253.9398022368528,1863.6479166760812,497.9223380539963
4.827,2301.34936747056,1676.904831008791,496.03539495452037
4.827,2279.007105194003,1972.6759419196471,467.39892557421234
4.848,2353.047042623825,1805.4059745638242,439.79914228061733
4.848,2181.7562016523093,1732.1201281655337,459.3646722419218
4.868,2230.647749690666,1881.9763184477088,470.66816658760723
4.868,2377.9930134811284,1841.075054505296,489.73471951053705
4.891,2320.0838714440943,1799.2051785266774,455.7566939319575
4.891,2399.8095255310905,1822.445709887258,423.31259701782744
4.911,2355.4700243410666,1842.868816467264,472.61659131223763
4.911,2363.373567144618,1915.8531571693838,463.7812697322666
4.912,2322.884926021522,1690.384031793563,476.94124259186424
4.912,2239.8282189584384,1874.7225306439232,466.5734744316277
4.952,2310.365059343434,1947.533871236111,476.79187281580187
4.952,2208.433962045911,1794.4773619167,466.12796552062855
4.952,2278.810750503034,1889.5298254909565,473.63099777447263
4.954,2249.573492772974,1884.7567621788935,454.57034102694513
4.973,2144.9718217892205,1964.357255910819,468.2467408794866
4.974,2321.136880054099,1861.9287656816184,459.7164490456343
4.996,2324.389627323668,1887.8395777871058,479.06138557464124
4.996,2396.338142013932,1910.3437797803506,452.6108290798936
5.016,2207.0745691769007,1887.8907967287535,471.7728757185968
5.016,2384.548016907171,1793.9503416433909,453.570732778244
5.037,2118.3558626245617,1802.0038448777602,488.1907486746812
5.037,2285.6305828699037,1863.9567774329878,475.7213071328338
5.057,2441.5832032012045,1890.4559538859787,483.02036893122914
5.057,2287.1746986031712,1857.5267115062263,437.96798342190726
5.079,2234.96359417578,1794.7852794680603,447.9416696476238
5.079,2285.131645883607,1830.9827466036295,457.6882410470254
5.079,2356.896424538837,1772.9619241550022,443.94967274649923
5.079,2269.833471162707,1882.816553272165,486.2142142163466
5.099,2320.6804534196494,1965.0422967483257,421.091286293517
5.099,2319.798527422168,1874.6818701679542,458.09218789164277
5.142,2337.0818668936145,1726.7684166119116,495.9445201553866
5.142,2374.615480984869,1854.9459858728526,508.90048323400606
5.142,2447.258122669549,1869.172874383154,432.01306340624626
5.143,2301.538303984158,1837.0806608792868,474.1352783950624
5.162,2320.7449242572916,1714.7078925095652,472.0588279339219
5.162,2204.466363971445,1871.678990612355,467.22095384588556
5.183,2362.1493170772846,1905.1874069166663,491.9860158662851
5.183,2394.1815288615776,1791.255004970725,435.80319836328084
5.204,2347.8155109130903,1797.1495830615677,458.12303945274584
5.204,2188.05108814257,1832.9971715634013,472.31481495166486
5.225,2252.8169952842145,1953.5686075431922,449.9375885036034
5.225,2287.9112506919905,1827.5289601944526,485.0486788574444
5.247,2215.8199036730457,1797.5234037989055,472.1250351816846
5.247,2446.983471253629,1820.3145586214275,433.29087933413734
5.247,2306.8426025357703,1881.1733902236476,497.32891351361593
5.248,2347.0436685998957,1719.3118806601642,465.87464377927694
5.266,2365.5956319418624,1820.9882530325658,486.52701669331907
5.266,2301.258362500819,1813.7733985276902,470.6408849520322
5.288,2200.162022606368,1836.26759185051,471.719603159421
5.288,2353.3803522567937,1799.7194975560267,482.99611951499355
5.308,2443.2017931922387,1777.5415606639965,484.3738042056712
5.308,2259.1774618246104,1918.3215641338936,439.2427134814583
5.329,2252.250074695663,1729.721000474931,444.345462473825
5.33,2360.479824940998,1941.4125982338783,469.04371397018554
5.35,2358.371828537263,1876.5463277817814,458.65487705595683
5.35,2375.3827390159736,1897.28754629036,501.8961653121218
5.371,2280.671446235718,1848.0048111292515,452.3911880646068
5.371,2280.49098635014,1917.373771824779,469.51793109477603
5.393,2099.9866340554713,1854.683817677127,469.6996002375708
5.393,2306.257606530276,1902.487591717707,499.13652680335235
5.409,2241.6191037218664,1907.5370685893279,493.82456584038823
5.41,2115.1085697351473,1924.448289547115,465.18859001845624
5.41,2437.4053318494475,1802.8647405806516,470.9440168271501
5.41,2310.1557640066617,1823.648213151399,473.6896417977372
5.43,2158.5475709303178,1848.3282609066873,464.89738876859883
5.43,2324.8929330633396,1847.5426544568186,439.55169439226484
5.453,2431.5930203388657,1880.9464073606161,495.8641497655394
5.454,2380.9968375221315,1798.5252451173453,444.3662699840715
5.473,2371.414098435655,1848.0218658545818,480.9873680330727
5.473,2202.1044369670594,1887.4185989086425,456.2749788606207
5.494,2260.4713287346804,1733.593461853777,456.9066526259889
5.495,2235.5025633436057,1918.4792789049734,447.6274597664545
5.517,2302.696421314423,1968.0364361171382,444.2100260906197
5.517,2361.0187975963668,1783.8857143034468,425.66769425400696
5.536,2305.7330763795503,1945.871584554608,477.7357988138682
5.536,2202.155841272226,1867.9241544225947,454.8811104182079
5.557,2283.8834728446127,1809.5792546267626,467.01226262806625
5.557,2378.412011100061,1916.1532149466514,493.28446250576803
5.578,2326.547018703968,1986.4032002393226,472.51055579590695
5.578,2317.990944881035,1840.6714493946229,416.8062872133734
5.578,2221.781256492546,1808.0843202837948,457.3588241413867
5.578,2301.7130184106773,1735.4088266760448,447.6072745374522
5.6,2195.485553307247,1850.2443404958667,450.5418757424806
5.6,2219.2908972621503,1869.4003607446223,459.4426615915619
5.621,2185.228490043232,1962.350981234016,507.38768127762995
5.621,2432.2522938562347,1965.2276628854047,482.89792980128675
5.641,2427.7744847149393,1819.0794787387695,453.1132340365342
5.641,2214.2231210125556,1910.568124247271,454.49584937521666
5.662,2236.150236478278,1782.2348821275305,461.4909370301059
5.662,2271.4232250089067,1858.3651820340058,426.2607960399162
5.682,2386.474408126127,1858.7456991497215,438.1857926210751
5.682,2339.439344383773,1812.329510420718,467.679073988897
5.704,2405.5209494492215,1849.5929214441155,460.55575600894275
5.704,2429.063024377084,1909.5250383333364,465.25803054462926
5.724,2334.211787866723,1890.6087789987064,495.6190699643102
5.724,2319.9427583377687,1813.3905348901617,459.2834249860437
5.744,2402.9406768432036,1832.160336149646,469.8006082136626
5.744,2381.2691158973225,1723.1577049864215,479.54950826440546
5.745,2376.484821543289,1873.0308707887552,447.64106293398095
5.745,2330.3121589500756,1839.4801796614895,451.2638307841231
5.765,2369.6075921918164,1863.374731532875,502.6229247175466
5.765,2266.2648060483098,1839.0508899314148,476.41042399874834
5.806,2276.025335674036,1809.9698519192943,494.97839922487594
5.806,2293.617091321218,1814.6667533434238,506.5487947985451
5.806,2488.189935200146,1814.9850624061214,424.32107590198297
5.806,2232.851131416987,1774.5470087994502,445.87391125727135
5.827,2378.224888457483,1880.6242882031713,461.1405929639331
5.827,2458.1536409870814,1897.3598542416223,476.03979414544466
5.848,2335.1368207569158,1831.1741292475083,405.427530677466
5.848,2280.045274304586,1850.735879920649,426.13616001925817
5.868,2334.3617092850923,1852.5536207779207,456.4437973496567
5.868,2253.5603881957813,1937.8883545980143,456.05946962874856
5.889,2221.4941681606483,1865.858432033334,492.278576965891
5.889,2395.2039236789064,1879.768033973847,463.19513907445065
5.909,2379.435365293554,1910.3165138668219,526.4597260957662
5.909,2256.185925754278,1858.8442965504978,489.62723384175416
5.909,2260.4769820084866,1951.322636792692,476.6184945687917
5.909,2314.710304299782,1823.3173985415947,493.8753278000623
5.93,2269.017219751142,1967.6990584152861,501.2229829591933
5.93,2213.390992437571,1848.0903519319995,484.8233259998617
5.951,2175.281959253914,1805.647338262242,526.367712184615
5.951,2180.3267964606725,1748.6565243671062,492.7176453988352
5.97,2209.9128562310702,1911.2926729342494,484.9193618028469
5.97,2222.3033085252023,1834.343637504934,473.9868275757161
5.99,2313.3204271456448,1881.178233750519,494.3104012654633
5.991,2235.073663994668,1888.4983419208372,493.34961530890246
6.012,2236.0092097937722,1839.743500478581,477.0157355957522
6.012,2199.34532215351,1936.8516064838852,507.9922801218463
6.034,2188.848148239118,1891.875376231942,475.0603897659126
6.034,2186.773818826958,1810.6003761881923,471.82449191064234
6.054,2299.4970140631794,1797.3022501738592,463.4118879427619
6.054,2385.89032057118,1929.512838004515,485.4241772785102
6.075,2416.994904108805,1847.4994817188565,472.9992094890585
6.075,2305.3674017464045,1905.9094930708184,471.26464001561664
6.075,2366.7899498869074,1845.8843463776302,444.1041560602905
6.075,2224.77442955245,1874.609163769143,445.19907367593544
6.096,2330.9878610467804,1905.013202647965,477.39530362673355
6.096,2220.098601947125,1761.527938831498,459.4921228247877
6.117,2333.7066141650375,1968.464068636152,472.088850112568
6.117,2237.0878045349154,1886.9456568398816,457.02109769180254
6.138,2233.546726341749,1738.5965663308673,487.93355991330327
6.138,2286.3895232816226,1949.6069388898907,494.9923534996764
6.158,2424.889791951987,1938.0816249896616,466.3922765129722
6.158,2365.9783429195513,1864.7682294850572,466.7926277448174
6.18,2289.5276865965166,1928.7341371266566,435.2036327175763
6.18,2264.533955730267,1802.1742642308282,464.9401750578145
6.201,2228.592812903839,1860.895588733849,466.94757119449974
6.201,2341.1345168433218,2014.8343467758211,476.7050032015379
6.223,2304.0230507153738,1900.3149908390028,492.5793696139837
6.223,2337.441534751791,1935.3378958069204,534.9083084418296
6.243,2242.2377759772467,1930.6440766600595,461.81968733917176
6.244,2307.6393652951697,1793.6292781295251,496.5356116894171
6.244,2316.738432199386,1887.6003955651072,473.0595726879434
6.244,2393.33524019405,1881.883371056404,465.67388321747967
6.264,2431.6338433319934,1915.6744045342643,543.5390888234285
6.264,2379.5704843589237,1935.2755978744642,530.2824061953551
6.284,2396.4724020648587,1927.5585894559752,488.19765563159615
6.284,2297.6095249776367,1817.8992608522353,462.47017129037926
6.308,2245.2885642165234,1769.8510462935321,518.341135483645
6.308,2296.7838900251313,1890.331088168513,518.2777628718163
6.326,2284.6194323438676,1861.3136651208458,459.54829317304456
6.326,2279.4342083643232,1801.4047188240504,443.859045903226
6.347,2290.758379199086,1817.017590372533,479.150367850771
6.347,2278.408233905421,1856.6598767242524,468.1098419486174
6.368,2255.1980678774735,1889.390210006356,456.23438353674
6.368,2280.399001005656,1838.7435981164815,438.0547059652357
6.388,2346.795160913077,1862.5904431694712,437.931080891167
6.388,2218.4298826905388,1859.042497914228,483.1146283467008
6.409,2384.317563779625,1870.925110284515,475.6557644376855
6.409,2364.0779296512997,1793.1226449634544,466.88444838975045
6.409,2325.3103494507136,1798.4823744171283,512.4766944368795
6.409,2135.1458989139437,1925.8001708104862,509.91019380159696
6.43,2124.9341352538536,1851.7982714228895,477.00218862668663
6.43,2301.226229458058,1897.5510484887598,494.2781509777775
6.472,2355.7153116007576,1776.9775688307975,453.6187841999674
6.472,2439.9844677908136,1926.6287906415118,493.0941535308656
6.472,2247.337834235824,1930.880408165482,478.01319413701145
6.472,2238.947214129008,1877.8383929032486,460.93617442959214
6.493,2196.7134112062695,1818.8852797075601,478.22737737667774
6.493,2336.5837038892123,1767.7344169139583,479.53790160587585
6.513,2300.7591701624247,2014.8062678407036,443.26046783600134
6.513,2263.485058492105,1848.1082273724085,422.2498445335028
6.534,2305.259080926411,1792.814329675312,514.1933985810329
6.534,2296.2077531201494,1844.8822243751908,469.7635538092046
6.555,2379.079159030213,1900.3360716680336,467.9522762391881
6.555,2271.6868727959013,1797.9012760559524,473.47574953774523
6.577,2296.730574380773,1825.7701515509525,472.910421892158
6.577,2362.383870661887,1772.861375247451,491.72425566943303
6.578,2261.43657900934,1946.8547734619808,460.6047500939579
6.578,2224.7091112791854,1851.9236218698222,428.3505787495033
6.597,2215.6490375457656,1760.2346878198407,521.6661594073265
6.597,2234.136582570518,1794.5872759657072,503.607888583174
6.617,2249.593748160688,1824.529755510572,461.9962558748967
6.617,2373.151630259096,1866.095968163743,499.3663662406582
6.637,2253.2063753965376,1781.955877698721,522.0627518633141
6.638,2293.418501016971,1815.945604384586,537.9560390877238
6.659,2205.8031694470765,1820.684101124811,452.52014624144357
6.659,2289.1783715018682,1770.9627760318601,452.61861827425764
6.679,2322.313705060897,1812.0709702769,433.26068755782853
6.679,2327.5534398522814,1820.998339835648,453.1990940970387
6.702,2411.6322522732435,1813.7340297773046,474.12281831388316
6.702,2275.3053903575246,1799.7902252794177,465.8507410885298
6.72,2314.1209234347043,1839.5579773600955,490.4980091075537
6.72,2248.1039892902877,1930.3661636472423,496.6771626839985
6.741,2454.5167099176765,1855.461032138246,470.6937828175028
6.741,2352.4713746213192,1666.660086507849,437.52677680192215
6.741,2366.138845585836,1914.495471716562,463.1747772815504
6.741,2381.932364705048,1808.5517530965337,465.3225759096198
6.764,2337.2960812172096,1970.3634048152182,465.9735691212143
6.764,2367.191005561969,1931.098808716256,475.8634094035267
6.782,2276.0368890417985,1855.3384884820214,492.6125032532685
6.783,2464.925158073814,1862.2817014772454,447.6824411606576
6.804,2176.8300738534367,1795.8598775893215,473.8399955814931
6.804,2274.7252106332344,1907.3576126298894,488.3556644172619
6.826,2416.2241271434596,1937.0510519502964,460.6641098932911
6.826,2269.734398893098,1791.273938744601,474.27730580479243
6.846,2354.507156281052,1826.071383657872,482.72210674377595
6.846,2267.1423510822633,1986.347274552147,484.1038863471081
6.866,2343.2448661983904,1854.863363125616,484.6499230191008
6.866,2281.1548083118405,1754.690967089026,499.56620646264173
6.887,2410.80624161235,1766.8217921158612,554.5838054524106
6.887,2343.194053419394,1957.6763088432258,511.28163568682476
6.907,2156.7791430003244,1890.879136363534,477.3228959483527
6.907,2228.922194757914,1796.0805644247102,465.8301276155868
6.907,2215.388592851973,1895.3958096929377,489.0859138225176
6.908,2398.757101696314,1822.6496106394313,455.44290641271425
6.928,2197.0308343420893,1744.1397893694175,455.03835608941046
6.928,2271.9868758068983,1842.0874370316587,461.4907380502005
6.948,2454.1622411411718,1855.4523173001764,521.8085602733397
6.948,2387.6338299302083,1758.511837800573,484.10428673150875
6.968,2247.407818070872,1758.307087445359,516.4202457892261
6.968,2245.128997357912,1774.179044494997,477.0215837224572
6.992,2226.873336910723,1847.6181779147478,494.4013952293358
6.992,2318.279401243855,1868.3333435190832,474.3686051819303
7.033,2239.290556023122,1798.7444807108393,417.47865728409465
7.033,2295.202740990074,1852.2902909752079,413.07924909511564
7.033,2314.280933414758,1844.0510105256376,485.74301022533075
7.033,2294.0899412558765,1765.2417431677889,476.11491824266415
7.054,2300.7593676479687,1878.6470607585056,462.5629771113781
7.054,2296.014206322783,1901.7884569402552,440.35825370857043
7.077,2254.8631737072647,1889.483151481218,472.7004731870479
7.077,2202.9425460288685,1787.8657694444742,477.89547764996036
7.077,2305.4812762354677,1904.0256768807942,485.61018776689724
7.077,2241.1104758948863,1860.5311809360967,484.8848013685494
7.097,2424.1495142908643,1924.6964814096718,476.8944268406294
7.097,2252.6952878362213,1893.3302681425623,483.9417296640116
7.117,2255.405085733121,1890.579936766086,417.12458337128743
7.117,2294.819259987348,1853.6192085144285,425.84520040688346
7.137,2376.7194175937034,1936.0592382061454,512.6384306537798
7.138,2249.3958200466755,1805.452430312821,481.38337635125305
7.159,2306.8160735901065,1813.1290775722648,459.4872410573719
7.159,2340.1441939176766,2062.3183525090762,451.3942004949415
7.179,2354.644672975388,1744.9091181685435,481.0177450385041
7.179,2324.1375737252215,1791.639143736075,482.1059311135051
7.201,2435.1449500308736,1886.4882831529155,492.42086937025965
7.201,2265.3082096795806,1735.279164884417,505.616183435433
7.223,2434.6009080440463,1911.5586290556355,464.32498422266684
7.223,2354.414544008215,1942.0616984827045,452.18647408370896
7.243,2312.6057977613686,1903.976505560629,476.590736467757
7.243,2318.6307696828712,1824.3905136036938,491.1668969794271
7.243,2388.6744099900066,1778.698344462909,517.3840549748805
7.243,2261.096695340053,1794.7800704129259,540.0587392971047
7.264,2315.777074919111,1957.444906058501,497.11691364163755
7.264,2285.883204516073,1762.6788553307863,511.15837366798144
7.285,2434.467258138651,1927.7978572421139,543.0450787686764
7.285,2260.9716226184487,1776.5571046236623,522.743941599903
7.306,2443.2461447139713,1865.2436253839132,477.00150657549983
7.306,2254.9137296198487,1832.412467262632,453.3307846776674
7.322,2184.621747152231,1829.5165170136993,481.34023480765666
7.323,2224.5091156033577,1940.5268540826269,483.78941764669486
7.344,2234.7709096806793,1835.4665655190322,470.49021742942233
7.344,2427.897427054962,1933.8654831766562,480.1305975072927
7.364,2190.173777374777,1829.6443300655071,471.3264601248382
7.364,2318.6028480623063,1890.7205996302996,478.10192409569794
7.386,2420.8296983654486,1843.7430539678633,473.16039883403084
7.386,2521.196758163216,1766.2550765855751,498.32022288748493
7.406,2281.9841866409442,1783.915693793489,479.07666261041214
7.406,2299.096540053084,1851.5752433052817,505.16316263388853
7.407,2198.4918709018966,1840.1726576078017,476.10859310224447
7.407,2258.979086074837,1906.7518438109578,477.98048220487874
7.428,2453.372430322004,1749.2640681354835,474.74342073640486
7.428,2352.164621937348,1813.1126392877122,499.54931518771605
7.449,2395.944797409272,1903.3608750477224,487.7821152222383
7.449,2352.278363712154,1861.0816750735162,462.0968506321171
7.468,2393.3149817755616,1758.9998790304596,463.0308918736783
7.468,2460.3488329321776,1871.8934804016883,480.6876631045655
7.489,2255.294729218005,1904.4558321213,463.54717033618414
7.489,2347.2786690127796,1789.5942946618889,486.92329327755226
7.509,2252.3928993948834,1946.4738051488218,487.4451600959896
7.509,2148.8649206996365,1849.24525494338,516.2729913445826
7.53,2341.2062762592586,1805.660910294112,526.294357460407
7.53,2330.378022739397,1794.687214563141,490.415863915803
7.552,2283.606818095647,1925.5790270244563,471.2377233364874
7.552,2240.1526076443743,1852.3506126056159,500.0150103505382
7.573,2320.520515294972,1899.7518370939845,497.33893386269216
7.573,2342.585231021655,1821.4594515714227,466.74196643384215
7.573,2451.3053071637196,1885.9239712754293,486.16913843294617
7.573,2341.437174566486,1795.9342126836857,502.88509526090434
7.595,2336.779214855111,1924.7743534052065,462.8677812068278
7.595,2233.860296617836,1843.4194262650553,459.6675472054509
7.615,2248.367497549944,1912.0318190633996,526.6921764571792
7.615,2246.353857954266,1831.0703114828104,523.7724625540835
7.637,2278.4954625906284,1878.199172972647,517.8211642620356
7.637,2305.9443199930524,2014.4800547035636,476.36167958828327
7.658,2304.9124202819544,1932.700202420566,407.7970765868245
7.658,2225.3115170383367,1898.4317175358024,426.2243886134518
7.678,2121.112250932516,1783.40565295145,479.4608007787066
7.678,2261.4007657312272,1812.2645660681226,466.48781868310084
7.701,2365.905163548978,1890.7654053504411,508.5291156148058
7.701,2264.732352123835,1821.22882116102,511.53365857840356
7.722,2271.7525521783514,1868.0331238250637,470.53377871404257
7.722,2154.7074806133082,1813.600846143726,468.67926345223003
7.743,2310.8817787959397,1870.3555166350036,459.5847156043186
7.743,2332.8346293650843,1851.6423618752178,485.27372284690966
7.762,2270.4118137797964,1894.9230720354033,480.00515442222013
7.762,2388.5759044357937,1927.5849724557722,448.8783717988608
7.783,2387.1279603573334,1883.9068634768812,462.2778135659126
7.783,2457.7467572085025,1783.0372135822536,471.78619286140855
7.783,2213.6739110839594,1766.2748702789102,483.452660636976
7.783,2307.1018120209374,1905.7881793401198,484.05445845388545
7.805,2170.8373402344173,1892.720986105588,473.8869645911652
7.805,2308.8471937726326,1994.187061337996,451.9210917843076
7.824,2332.0915380619317,1856.4614807731114,495.9875254798444
7.824,2146.3803149562186,1747.4583358454474,464.29555972500094
7.844,2322.2639369153276,1790.2548454499083,526.2616356839184
7.844,2285.967039074021,1822.329787169723,523.3661307347875
7.886,2195.954489076587,1970.8156259276275,471.03572219223776
7.886,2264.7279658260554,1935.2040434570342,494.22280832026786
7.886,2435.172929070333,1813.980006512726,478.754499943447
7.886,2320.542136551524,1835.2783263404929,466.54062551207767
7.906,2253.8651588105454,1772.3263246984163,436.8756755139019
7.906,2292.0417057634595,1770.179471562557,463.13522059909855
7.906,2149.0067371183877,1939.679971833316,498.5847725737917
7.906,2214.8536826797526,1928.6086912753553,511.9844637302648
7.927,2409.3349331595814,1835.5739783804238,407.4097621843367
7.927,2350.243581238326,1967.3953289547735,383.19962212546557
7.948,2324.122959267193,1887.3492316936918,497.2533387749718
7.948,2319.421975482282,1873.5018998931655,460.70757078790564
7.968,2397.409794384625,1876.030659922157,444.3193599125765
7.968,2312.9724064842403,1796.4494301960995,417.38990231745333
7.99,2295.73828707693,1920.155040296475,538.5156871968205
7.99,2310.506697801204,1920.6284430766989,518.9779466028175
8.011,2271.3963949039,1885.0482704788787,488.9475702837164
8.012,2270.3827618514665,1800.5145452589763,528.1046477706267
8.033,2454.705715266686,1931.3327652732387,542.5162431101013
8.033,2242.666309795608,1751.5898261864747,527.2112237773313
8.054,2260.2421537813693,1812.189587856968,475.2584541870368
8.054,2158.6031584371813,1896.4248690241811,449.7556935596379
8.075,2387.8255070442547,1837.0983808158358,471.33686563137996
8.075,2336.349469241712,1800.9269212693653,472.9293146369751
8.075,2430.849267384884,1949.6800687307016,510.23955282115014
8.076,2247.708810568964,1934.0843761170552,508.1676490185799
8.096,2246.607269002383,1918.0003933686596,434.9404791372663
8.096,2218.100739517206,1872.319381415294,449.50810956413744
8.116,2354.815390308999,1912.335484147637,521.8929082208303
8.116,2292.756722412756,2018.2794587366895,464.87536975569685
8.138,2328.749978263991,1943.1110920021229,475.0988277494751
8.138,2272.9775384315976,1848.5859026955552,478.05984863332424
8.179,2394.781398196438,2015.9836490206492,454.36005372754136
8.179,2381.38760966128,1839.5452264128287,472.1399804272386
8.179,2317.684818877171,1881.0567117355256,498.3826651422429
8.179,2392.1686938430935,1943.5740212333847,517.8139575808177
8.198,2284.609276974705,1884.5264418085976,492.999229715
8.198,2291.2775718509224,1844.9712906043387,462.90959371739797
8.219,2133.5541870926995,1848.3182461782621,542.7744234230673
8.219,2339.2639690265305,1824.2474056609783,519.4396556172086
8.24,2286.81344306346,1720.2133363186435,455.9844907437364
8.241,2352.8367222287548,1915.1607195936238,491.76827729054236
8.241,2333.554951584673,1816.1945222198522,437.5182669383442
8.241,2220.8893838834992,1783.3393290294466,467.8185529082555
8.261,2275.6707501851497,1935.2828293144332,503.8096754033176
8.261,2253.655167984418,1883.8539069376475,472.21007070190643
8.28,2380.6744188950993,1904.7692241691645,502.57417106761375
8.28,2421.391319932097,1854.6373559493695,476.55553675895874
8.301,2354.130438135899,1908.9521830506326,446.18647122362637
8.301,2445.549295184475,1876.2936408133455,462.67512970874054
8.321,2328.64889049883,1817.5816476126338,439.45542816078205
8.321,2213.2508595019617,1913.7952013602048,460.26155068448566
8.343,2191.1901637181577,1874.046154070528,526.7668406819608
8.344,2227.2095998851346,1966.3331426968507,497.4770872584579
8.362,2285.8791469707717,1703.9233838532546,448.27281670575763
8.362,2268.6377554684773,1916.322050173119,425.1083797577686
8.382,2305.4890122686065,1844.866613099501,470.35012936664526
8.382,2287.391809763412,1838.9520020561436,487.5207363596676
8.405,2329.8072653073323,1903.1863323212517,535.2360918557235
8.405,2512.0862257827876,1811.5780928721592,524.9211170081686
8.405,2362.260479160752,1847.5314482178687,503.42534908731506
8.405,2315.561147443885,1912.4798505051638,489.7862815409283
8.425,2366.8271612757394,1853.0464003294765,510.3172609855157
8.425,2222.917307016351,1842.432392129895,488.24113692877614
8.446,2228.2963480390954,1821.7123789173231,484.78671625885374
8.446,2364.284091315669,1887.5725740559408,504.5623354173158
8.468,2287.1857530292496,1795.1453657939635,452.2696352735879
8.468,2296.6670313252716,1917.0872712239068,503.0242487692287
8.489,2215.458406106886,1996.2635086152009,481.67481110247564
8.49,2266.9784512061274,1864.8706503143314,514.9379002754463
8.511,2261.0990677920768,1892.8211776888736,485.3223533643312
8.512,2255.5950809681826,1882.2139113302317,459.4336770009161
8.533,2445.906792552375,1793.5778394796557,481.92389715406
8.533,2444.051627515944,1871.3436012585125,480.77587517458164
8.552,2382.4658028663675,1850.3237251573403,546.2413170967149
8.552,2302.2370924653414,1946.7172193755396,535.8696349385694
8.573,2251.7451925625637,1877.9140821971891,468.3297743612353
8.573,2217.292371355409,1939.7476315428287,487.7661475219563
8.573,2302.6926513765975,1919.5291991080023,437.98009600964593
8.573,2374.479558392844,1861.1669060267084,414.32973151298546
8.592,2355.8078041281838,1776.8520319065558,457.6017836553204
8.592,2303.734524021131,1869.7461614807094,503.4216213884431
8.613,2322.4056187811398,1909.7904687624698,467.4659745081216
8.613,2269.508608584897,1856.9579432926064,468.3906089454642
8.637,2289.6682903333162,1811.1994518089064,517.0945668427961
8.637,2232.9911356751372,1938.0970003121931,510.0891022846373
8.658,2270.524886228285,1843.7064536744895,500.4367597217048
8.658,2319.262234008094,1799.510176122759,492.36517318869295
8.679,2273.5449623723293,1864.9535231567595,475.75601111904575
8.679,2217.595923395221,1873.829797484253,454.0312017698763
8.701,2306.880808400997,1801.5793983754656,489.1878827762052
8.701,2321.43912582221,1841.6383223344744,461.4966433998302
8.723,2284.7967638087584,1758.1288042751682,493.1499692596677
8.723,2311.527279468059,1889.9432705741433,512.8092159857516
8.743,2122.662412261347,1765.7665113635278,492.1182720814997
8.743,2374.680224338675,1807.3204776298257,509.4634081205765
8.743,2319.171018037359,1829.0674213134107,471.1110607968017
8.743,2405.970560444674,1958.3514781077288,470.65935288026594
8.764,2267.5660533469913,1830.6210960003837,504.08772775572936
8.764,2340.4841459346803,1797.0304148954094,472.1770079711068
8.785,2389.891029983453,1993.614612925108,450.3724524496406
8.785,2301.0387718930197,1975.215240853589,459.71319334712797
8.806,2332.1547301061414,1910.1879032216316,477.2306405063376
8.806,2316.6227515433015,1893.1242415348988,433.57766686712205
8.826,2174.9081615158548,1793.4915277375974,511.0436257334964
8.826,2327.8567817254157,1914.9557467528095,502.06972875459
8.847,2219.055385094414,1885.1854656726887,489.6609625166885
8.847,2225.449818390869,1822.88159582439,467.27401254419544
8.867,2352.5141154489093,1843.0860894532002,446.7988795659411
8.867,2411.721695613309,1805.4446382932363,447.48212889262044
8.889,2354.932919637872,1773.2128449131767,460.96740518670697
8.889,2339.630844465637,1952.850316432076,510.55102344216294
8.908,2325.134632501331,1738.838329078997,502.7944902859352
8.908,2379.041777288697,1999.9025339579757,491.30100704978526
8.928,2428.838233933546,1838.358558142057,490.6331558572881
8.928,2267.713184653706,1893.8682015821814,480.1258771934289
8.928,2261.577024617525,1894.6492823682895,466.38896580268823
8.928,2359.7762937430293,1799.8486265747172,475.27286461988297
8.95,2185.165744318026,1852.657193656927,517.7699687007942
8.95,2308.8528899808684,1859.4370907996502,536.6768593358569
8.969,2312.7419566273466,1834.7015300351325,508.0620231481147
8.969,2250.8412742340533,1936.7716209712855,495.3531367494957
8.991,2127.6253797117747,1781.837029387469,527.0548627513879
8.991,2381.9925441224887,1869.4396711928052,510.9541808804953
9.012,2271.3782688827914,1757.1976384597517,546.2176688540201
9.012,2274.8114405732517,1878.4629891622,524.9812920596133
9.032,2402.515969042453,1881.7206063071228,478.59294515420805
9.032,2072.776286514031,1989.8316405837495,465.97968344162086
9.053,2392.766443613902,1827.5000360737502,470.38738520586884
9.053,2447.8237455117273,1855.207459797654,435.7294475660733
9.074,2236.0554733858576,1844.320408518053,479.3534660569631
9.074,2266.8731268864744,1963.8344513494476,481.33950843346685
9.074,2305.3149013692455,1805.0050883390013,463.81442927118565
9.074,2287.016312870099,1854.8402701508467,419.37508053727686
9.096,2354.385803749945,1862.6647952853496,515.7919654990543
9.096,2316.8878923339307,1871.479301594854,510.3392846471696
9.118,2360.92119726255,1868.6094944062722,472.6839601627106
9.118,2561.7905915448055,1936.2218347521039,483.20913648078624
9.138,2191.5355172450595,1918.260339414167,518.2847145344308
9.138,2417.6874444064833,1741.4896904359196,522.4665976852173
9.159,2411.9756221573434,1897.0077513202993,508.1421929960309
9.159,2213.495930128708,1926.4694210954206,536.4797681931948
9.18,2231.121780007239,1883.6449228586755,494.1464791001351
9.18,2331.299868164228,1936.1549572431045,482.81163550508205
9.201,2194.220926761651,1799.9754552881511,532.8355148037577
9.201,2243.1524965653475,1909.2674467917025,487.8497447376765
9.221,2312.142590294679,1946.6682975650199,478.99858058491947
9.221,2241.0676518767236,1829.7997922133625,486.46040005612565
9.245,2281.6097465692396,1768.282886581254,467.88748467584963
9.245,2232.3604680439275,1919.4396102639453,475.75657780371154
9.245,2222.2329170466755,1837.2798628105659,460.289198189294
9.245,2331.1169063778325,1827.6065004264926,466.2553802601315
9.263,2257.756047567071,1721.689485292874,481.52227057948926
9.263,2275.0509753628444,1806.7146580641743,470.52017319262364
9.285,2366.3676727597294,1821.2110177157522,505.0547174086738
9.285,2326.2948100820818,1752.524302089074,502.63411237022837
9.305,2279.8285209615888,1829.3471255231236,498.6295090747041
9.305,2237.830836036887,1939.470839990051,485.00338966488937
9.325,2321.7957174569883,1858.860609282512,450.5099399528801
9.325,2440.808843806175,1735.7412268823828,441.3109622605311
9.346,2363.69226924225,1886.755694151949,475.9469604930324
9.346,2179.980424275497,1907.7012575472959,476.07798814762964
9.366,2136.7189813084315,1863.5472226981326,485.36541305767133
9.366,2236.0236513667996,1854.88833049835,509.5027611957407
9.388,2174.249383389867,1830.5029744269227,528.3746794282861
9.388,2193.6939129969305,1905.8521905078958,504.53922030482505
9.408,2111.8605210076785,1897.8085948117664,478.25474879041803
9.408,2312.7559343402113,1878.8642163090794,469.3737297632381
9.408,2225.103587779469,1955.8979417821045,543.8967552961007
9.408,2224.346429347853,1834.5470220785141,500.8632569839608
9.429,2252.367488102997,1781.4161161107538,493.46814432154014
9.429,2253.9865915155456,1966.6450251052645,516.9396761341451
9.45,2273.5147793853544,1730.8721917828739,460.0730905073299
9.45,2185.8612707767734,1823.6103694691383,427.5090589801635
9.47,2371.7401656777697,1823.6246860247777,483.2807668254606
9.47,2317.373230248756,1874.572921966919,451.2999454205007
9.491,2328.8403569778857,1868.108466626011,471.28074757575905
9.491,2263.0886997192924,1817.0940616472599,510.2891454708645
9.512,2368.880417673693,1912.6428021752304,445.30796090555873
9.512,2323.7643445118747,1837.8627537664202,488.5862145628858
9.532,2294.296875901481,1939.402400654615,478.6072577272708
9.532,2356.507793004433,1790.857009627167,452.8390730093795
9.552,2159.65582496078,1801.8331165475222,485.2947698459328
9.552,2303.2428461640857,1800.1692427642188,435.69852226130376
9.573,2250.836782279812,1889.3623170043852,456.5017009334772
9.573,2246.4485869054897,1965.7806382197775,431.3752989951016
9.573,2358.51554976625,1843.5935244906868,483.45894697363065
9.574,2402.6182197546605,1718.5762324130044,499.6720377548717
9.593,2415.5470758327383,1884.431611446866,540.8381593114934
9.593,2318.077569542706,1896.2596378572314,537.4435825181982
9.616,2264.4512185914673,1796.0041211404546,485.1082112450342
9.616,2384.9474819737175,1895.5137366876115,469.1446760182643
9.635,2202.9340335144766,1909.6815293160996,450.55466475183005
9.635,2409.2424192340104,1731.7705290281037,458.48931974059093
9.656,2292.1620744133047,1903.7536186520683,521.5229366464104
9.656,2318.0647717816605,1907.6515727465612,545.6338120797022
9.677,2258.0736459939585,1850.9082138257525,474.5965309337671
9.678,2301.826149039913,1910.211685230939,484.8004184964303
9.697,2227.9147103880928,1985.4412540885676,440.3373080726248
9.697,2269.367631623633,1821.599659559222,451.03406963725564
9.719,2306.634201928288,1949.8671768192796,503.50070573032446
9.719,2286.6107468517243,1892.9150450855643,461.0414027796744
9.74,2104.1876679832953,1769.9255542407527,454.7032099591339
9.74,2486.4123640023813,1727.5731418686246,468.9827945221949
9.74,2416.6072121699244,1916.068254599095,513.6599340071211
9.74,2205.0803532863592,1789.9075510372968,535.9064754677767
9.781,2248.0195403921907,1921.623023068777,487.15986500540157
9.781,2282.6696440776363,1725.5220245864093,488.2568561938141
9.781,2357.911123331686,1882.6021259997467,521.7004717126509
9.781,2343.0936311123046,1853.397692531203,519.0805287307094
9.801,2211.2635335443997,1976.5608681975568,462.9453711401906
9.801,2476.283199493584,1886.2853843125165,498.39829377368784
9.822,2272.9288361286567,1900.606722110485,445.8835170855641
9.822,2442.4715302582263,1835.6959593143627,436.0756001249677
9.843,2230.9466723519645,1864.3873458495607,500.25834288522327
9.843,2358.8510500742645,1940.959701555312,495.0067420162985
9.865,2321.5690240407453,1875.4295053025335,485.46334473003236
9.865,2226.744902807884,1817.248471635652,481.91835781485645
9.885,2333.5584440273706,1943.184225992354,485.44402187949277
9.885,2302.413947967268,1977.1179201566995,496.4685331105971
9.907,2358.231593500772,1958.147073966618,463.8201972333815
9.908,2227.4798738566456,1944.9249756803638,449.7342090901628
9.908,2278.59178109423,1825.4043003379,495.960362331528
9.908,2347.3436020582903,1781.9490923989692,500.29330285112707
9.926,2123.7061120620588,1824.4483936493132,479.49709501419625
9.926,2175.5756203020087,1816.9330316743117,449.141816754942
9.949,2298.989628938292,1872.9306974326043,475.0334279273615
9.949,2309.7507147357373,1988.9331184809846,489.8928139955735
9.972,2293.944512715953,1784.5263365828328,449.6503554348508
9.972,2362.784462697111,1888.459256603148,443.6134271226579
9.991,2294.666318986667,1849.0828476569088,519.315102536864
9.991,2381.1402566453603,1795.8652056554718,469.58512522802863
10.012,2339.2186033501157,1870.569238274239,478.4774327238271
10.012,2228.2162418350813,1966.5598134238937,465.92135660583506
10.034,2301.839228781007,1890.7225029562258,439.7611738225615
10.034,2283.3467475150096,1915.5964871770016,448.13767068936176
10.056,2247.4553758277616,1927.9098412995193,482.0858722028015
10.056,2182.28992337944,1885.4671074582313,488.24019021543904
10.077,2215.8587280604934,1829.835607841015,526.4602447645641
10.077,2241.4251481799856,1858.9891247400308,489.7363543580043
10.097,2364.4218248818984,1804.3997738690202,519.0734214732969
10.097,2257.8676208924303,1874.722840252981,494.8160132504251
10.099,2362.9168231071803,1866.832525231501,439.07825099331933
10.099,2190.0765843422955,1941.1791528082215,471.2770410213426
10.118,2216.596757739224,1880.2498903976748,456.5091256872467
10.118,2227.6596917079096,1880.245466489632,443.64871205968495
10.139,2273.4521396472196,1782.2992105533776,484.10513654083115
10.139,2314.3948094208067,1916.9201991228654,432.3636058549232
10.16,2365.822317130489,1748.345742146815,531.0386451703072
10.16,2414.2584621094506,1808.7737996815897,545.126712076663
10.18,2129.7631829442666,1833.4854558452018,448.3862740592811
10.18,2455.0126004438307,1933.0704046110457,441.28713364196585
10.201,2187.0986837826913,1886.3476490930443,443.33439202964155
10.201,2276.5187716444193,1900.020212829308,425.936896152711
10.222,2369.871415761806,1921.317312174147,558.8763077198332
10.223,2345.347132187516,1822.7172812547376,514.9347579774709
10.243,2380.009238630609,1816.104622832068,480.15582031455307
10.243,2372.1046340188755,1765.3368597510819,491.4777243867656
10.243,2342.0883313121626,1850.9287026540362,410.04815669938216
10.244,2367.7442885687888,1794.3176484251699,439.75211364925576
10.263,2213.553362018273,1881.895724292276,509.6041591043448
10.263,2254.204764315109,1926.011398181173,490.6152145707922
10.288,2230.6415195055747,1924.6913916546669,492.16109008544254
10.288,2123.090507934295,1874.3484564668702,503.4499646204919
10.307,2247.4029330980784,1840.2594970014363,484.3652447004071
10.307,2240.042196143312,1834.8348186219198,510.0502630847565
10.328,2220.9240849088646,1990.3401285258055,496.45471982774563
10.328,2344.0502562608713,1821.9356150931392,469.02148677230065
10.349,2245.51929109544,1847.9205573126085,538.7116384289153
10.35,2369.6158953770364,1831.7344733619027,504.20794893121246
10.37,2181.682592574417,1813.7803485115626,507.53875213694914
10.37,2252.066604897829,1838.8694128146262,495.7067518298811
10.391,2271.235232850353,1850.1476662824311,493.86508420831063
10.391,2392.6521324492187,1774.711530120958,480.7233171308251
10.414,2308.1986143756094,1962.8794533998619,497.9464462424918
10.414,2325.925886570635,1905.5044478613902,510.4434394023015
10.415,2208.1338497725246,1934.755900457407,483.07187421813256
10.415,2358.2093213013886,1856.7947353114255,432.51783432720174
10.434,2284.852691824771,1849.5232567837993,555.3876323448217
10.434,2154.3510406211867,1855.6906183760939,540.3835851522198
10.454,2335.7537636629268,1819.1782930478084,459.41161248114605
10.454,2304.2649573253843,1943.3530739250746,437.49508333490684
10.475,2278.0646171821427,1948.295444761271,499.49006286524644
10.475,2277.9834235396884,1895.6057338716366,500.7936022691378
10.496,2252.457643755798,1951.8735838184782,502.736293331535
10.496,2424.118287488032,1995.3129420861242,526.9105204506905
10.516,2356.2105364230356,1992.5458378859782,503.48205919111126
10.516,2218.711133084974,1848.4805607252963,464.993843848774
10.537,2317.11986908323,1690.356815928067,507.1755957255418
10.537,2258.603396217624,1887.0329092541772,546.1394342836594
10.56,2191.161905625488,1893.3827286911885,488.4076942373931
10.56,2409.1724129894587,1873.606432516344,502.3263780963492
10.58,2254.559951572423,1855.6549383258812,458.4571795272134
10.58,2217.0317935251987,1954.099354397391,486.09758015635407
10.58,2207.475373418825,1767.3842323365116,487.3832857138914
10.581,2280.539610169002,1958.8779939804049,509.3615774979848
10.601,2123.946304327656,1980.0942528527364,491.16187719328286
10.601,2275.491502791384,1881.589070256214,483.59344044857096
10.621,2363.1324144826804,1912.6804471838263,436.32749683705595
10.621,2341.294853640901,1821.2402556272302,474.7506572128369
10.643,2334.0778189263788,1933.6483808255061,486.27269497646233
10.643,2482.186113209739,1950.2429390655939,459.7955480130937
10.663,2332.9556917789632,1931.710611815891,446.9334401620774
10.663,2243.0420970093446,1807.0608430348018,500.1148002588197
10.683,2378.5869051534946,1777.5503356303261,418.7428556580865
10.683,2324.68095918911,1862.7159826581274,434.36807594043773
10.706,2313.0473660316916,1867.4225762872752,466.2643823966685
10.706,2332.746348923194,1925.647034322497,469.33339657106865
10.726,2287.0481568681766,1851.8685954548039,489.0302939612951
10.726,2461.500723097545,1932.9304723916946,510.2131048326243
10.747,2199.76034321569,1937.0709064245991,490.56549894062596
10.747,2387.9889089103895,1896.2882879475249,489.93702516592106
10.748,2312.6360130905437,1924.1392428339566,506.4547541037653
10.748,2337.456841318993,1844.1986265199992,497.7579124367449
10.769,2286.1058047386973,1783.8957437805257,524.9439292065036
10.769,2431.981218235585,1819.5206479385797,508.4323841721825
10.789,2378.086774218616,1815.0293056770677,511.3143416959144
10.789,2250.661177511773,1942.1382589914394,479.7375612364481
10.81,2409.194157768787,1961.6609708212452,461.3515616319404
10.81,2346.0913852756703,1781.697068728506,457.9505998008318
10.831,2246.609300132472,1881.2046861978997,483.8631687526633
10.832,2161.203760238136,1758.9956392262302,495.7173027552212
10.853,2369.176430364107,1822.1568673874237,517.603669831486
10.853,2254.21097244273,1941.3393420402672,543.9626510313907
10.875,2354.8640470633877,1757.4020113502781,537.146371497958
10.875,2426.880933558318,1779.8020790233097,528.2280301396536
10.895,2237.74600670695,1805.2927018960654,506.3198809141179
10.895,2403.777707205126,1770.403678262192,484.4552659534889
10.915,2206.3291274180747,1774.1486302087217,511.4459690797265
10.915,2409.0148839662206,1859.004972528608,486.65208185896364
10.915,2432.851821540941,1792.365391483184,505.4752451115367
10.916,2361.928238988061,1881.677075790284,509.31676127100417
10.936,2310.149650173026,1860.8944090711532,455.68822501504775
10.936,2344.9605163307483,1907.101449942545,482.54400355794957
10.956,2238.533350648524,1945.2252859496148,541.3289730813025
10.956,2162.2132053350447,1801.8077087952115,525.6432199521062
10.977,2246.4937090400117,1787.733123471378,484.22724882086345
10.977,2479.7053894952023,1784.26341152003,476.0037329985697
10.998,2208.375471879681,1923.6100167244558,536.7805504210904
10.999,2371.9244369575576,1895.911358287076,514.829804999337
11.018,2284.0891438717053,1839.4419188275442,455.91911242056864
11.018,2265.1312279365943,1787.2603972444706,519.04902188703
11.04,2414.038659766125,1905.7433049853946,503.843239811397
11.04,2291.110110811401,1981.232371882771,471.2617870403513
11.06,2398.052129161669,1939.2598861661363,420.26943973797785
11.06,2510.977470529452,1766.5186481815388,444.8244622959733
11.082,2286.2871119572765,1933.4552140245962,480.9988609737499
11.082,2338.85425316505,1774.371534163326,492.8895316009277
11.082,2358.8114410185026,1860.2242495948915,470.3477544142259
11.082,2279.733519367812,1852.899306754412,493.91363100263294
11.103,2334.8637928586168,1877.9779466548725,446.21608241458665
11.103,2383.837910304545,1799.053390886024,468.82840595074873
11.123,2338.8169987493984,1877.564146955378,457.6076423093184
11.124,2287.557022980857,1803.9251103680513,446.8084107605832
11.146,2103.0901685810068,1855.8588400610145,474.0577122918238
11.146,2213.7761285373863,1763.2176198326008,490.32793124026483
11.167,2438.2549425093152,1836.6710342651036,476.9087480404773
11.167,2223.442133465749,1861.6417568165223,472.1430584849995
11.188,2383.652739051096,1861.017901036446,402.795934395531
11.188,2199.2954595752435,1929.1377148707318,418.3564172797272
11.21,2223.860425881223,1721.980467049092,451.23454622703866
11.21,2350.424530394728,1873.3585738695674,450.8245744047619
11.233,2419.917821466918,1796.766498968166,502.2233064982447
11.233,2350.3323485625156,1885.1697132220572,474.3597722882427
11.253,2283.258992888547,1869.816873477334,453.9588868064227
11.253,2151.0130545535308,1935.5859010296565,471.945998584835
11.254,2128.7635124288004,1852.3444394493918,447.0696912611062
11.254,2259.3345107312625,1943.6058478157133,452.79516353361464
11.275,2318.6232792991027,1883.0738713314158,545.107018259697
11.275,2302.7319756602205,1792.881997659589,512.0051245730084
11.296,2447.7272367121,1822.732718739758,509.08871960362757
11.296,2158.7081132925414,1836.839698329566,538.1820247693393
11.318,2272.4222423752453,1833.8718177137976,466.88323665968284
11.318,2424.523392029067,1882.7121181842747,472.0274719539991
11.338,2351.4233802044578,1882.0696661026382,486.00741594319356
11.338,2217.0317836779536,1885.4208753388543,475.91814879307003
11.36,2141.5509244740174,1812.8143725910552,470.0530568927393
11.36,2281.88814270037,1914.1319504967075,465.23556109398385
11.382,2219.059167601088,1888.4657421389056,443.903052699998
11.382,2262.703163414949,1931.4293294950232,471.4873102060031
11.401,2456.870647004512,1765.1729784617012,419.94023778840443
11.401,2202.7382679667144,1885.2243230434256,448.68022733276
11.422,2249.324430022586,1811.4977876816636,454.97677529626833
11.422,2369.4916144991366,1770.7841029159524,443.0051937692189
11.422,2344.5576686493255,1909.2136612591983,483.3303994903339
11.422,2437.3139844800126,1842.3096973787028,457.3187260814828
11.443,2362.184585080266,1892.2376752519679,460.52784470651494
11.443,2245.9852613818593,1798.3930205672182,478.4890949807659
11.463,2344.1926649332877,1985.6237468716838,440.8607738907114
11.463,2313.5199149043406,1851.8423794376608,488.354785694048
11.484,2170.0927857053885,1847.3932111523711,464.2354887707712
11.484,2472.1414092883974,1938.1637078714537,459.92246595432056
11.504,2210.9938946865873,1835.4936369436416,435.4101800000549
11.504,2284.3504113707295,2037.7516528824342,458.6573088948899
11.524,2271.459226264142,1926.301451005171,457.619715617867
11.524,2316.7988986601285,1824.3797251186727,465.87122465824916
11.547,2315.0881664156386,1861.698709247951,448.7167328855988
11.547,2344.778971212852,1861.201831023553,440.7168140967958
11.568,2269.0032889008558,1787.100138543639,448.1040135619869
11.568,2388.978914526381,1932.5885068139046,434.00628307024823
11.588,2228.4319101192364,1853.1098573708118,470.6236864635343
11.588,2239.76604015583,1864.4475622110033,446.3350885280755
11.589,2163.421521386736,1878.262985956708,477.37022896842075
11.589,2313.594200254043,1807.7038737534635,488.37858345612995
11.61,2406.4390810611467,1866.9745133455706,443.7581261977971
11.61,2270.279932541163,1822.5470105943461,467.7256303807047
11.63,2430.7262542639155,1837.1857077100074,490.8141862943416
11.631,2210.844643297828,1856.743784590647,484.21912772924566
11.651,2188.078123685054,1807.0265841079545,473.266332424385
11.652,2399.570350965637,1755.4112197119823,464.8707952488227
11.693,2288.279250155505,1867.8901541690964,495.67420802101344
11.693,2226.2783213644307,1714.655622455549,492.4814782895904
11.693,2313.961408655409,1751.5706865674138,449.3611270299759
11.693,2319.3349546282016,1894.5320833876212,467.71456086719337
11.715,2362.180290303792,1882.6034351935118,489.85976645513915
11.715,2263.9027806393665,1910.048096008881,510.24724063338186
11.734,2194.7026794389544,1955.8302375665312,484.2437624429402
11.734,2278.0723715710096,1791.5060470455326,447.6667555114792
11.754,2298.7044632913858,1880.5990241982515,478.6592558795231
11.754,2386.9677279881994,1890.9891039490408,486.6933153493047
11.754,2181.881358880613,1894.9230998226737,472.75720822896733
11.754,2269.0557309883966,1889.695526043637,499.5228441466964
11.775,2311.976574286324,1822.1316746951181,437.7654860815668
11.775,2408.4084674769547,1850.0740116878114,484.0791081020495
11.796,2254.121568487972,1833.4797872167735,451.92068761258264
11.796,2242.9961605139333,1793.8028451622995,431.9960026091255
11.817,2348.1841139363255,1843.097653991566,466.62590246187915
11.818,2121.6009902182545,1706.3609231461974,459.5754948875225
11.84,2251.166269876297,1851.7511990078654,482.5212497348079
11.84,2340.291456884017,1924.3486258559976,489.3115572788944
11.86,2315.4669988717574,1806.2439074702029,464.8369674558447
11.86,2303.873222628616,1956.0927571192428,447.74804618902846
11.882,2172.8262377092665,1872.9218485356039,479.8180109751874
11.882,2200.929318507816,1926.129683474321,435.08140632533406
11.903,2402.538212429112,1853.9904182972286,475.2343254182051
11.903,2291.8684177208584,1864.3024974482166,494.59191567602375
11.922,2279.062183787857,1831.3172456520354,467.16313866103945
11.922,2235.0799541117076,1724.881826348881,463.43500655782555
11.922,2299.4792736774652,1702.3195200284772,472.3727733847543
11.923,2260.4436532171007,1809.5639307226465,483.30546030052324
11.942,2355.378755968855,1775.1645547020369,445.205708643925
11.943,2208.231456246251,1777.1615761294502,459.5590789820271
11.963,2364.512579794959,1718.8467817626438,454.43030140069595
11.963,2426.855456792336,1866.445900456833,486.77487242786157
11.975,2349.9685992173654,1719.2567956572716,472.37849244107855
11.975,2207.3535327665054,1715.233498500601,492.4012916818837
11.997,2363.4584153376545,1782.5385491577651,470.59481279011527
11.997,2262.513474663112,1847.5472602911568,496.09544744486885
12.016,2256.6685136015394,1837.2558408897119,436.13063063797
12.016,2307.380921504727,1744.076637480846,467.56360794549056
12.036,2276.846082490478,1762.6066773833936,470.5653176420878
12.036,2260.14933450683,1877.8537608448275,474.2797806197853
12.057,2342.213290126871,1857.6230698046982,466.59586828015335
12.057,2298.2826487989923,1843.3531586960441,466.8170906058713
12.077,2156.2376583147056,1813.8681938834065,483.49145135341234
12.077,2382.2594638537294,1796.1340179869126,475.79420992403203
12.078,2388.2262706373567,1919.1812181399634,478.7989190298268
12.078,2342.2050077771264,1864.4404648703835,466.7204440947145
12.1,2348.919436356205,1800.7488468389374,465.45743959306463
12.1,2280.9306559766455,1838.142487246841,478.28273590835295
12.118,2207.0033854496082,1770.0638802553879,427.6295998560404
12.118,2312.8163942920746,1685.7678217195953,468.189001390996
12.139,2411.8626321605334,1716.5530539912972,499.15507742540984
12.139,2313.644385832099,1751.492123867423,495.2030767582517
12.159,2424.92607043308,1747.46524218081,460.5611144037502
12.159,2428.6585756267636,1735.1719912917526,437.8877076404382
12.18,2295.280739533548,1735.8329352083497,469.7727522222448
12.18,2262.3399341972313,1859.2317991708933,446.9205341176919
12.202,2271.509432493452,1901.7369922042612,433.6145601183175
12.202,2294.817910914207,1869.3719283595487,468.97636091714406
12.223,2215.4627651225246,1669.7865121559385,452.04214883229514
12.223,2333.3529360641,1871.0399296328255,470.76592504586847
12.243,2368.483876088617,1832.4673014415137,485.3392066194019
12.243,2152.2884388832754,1784.336810786346,446.6728651220499
12.244,2423.5354049086327,1813.1622163500313,464.20818691870244
12.244,2245.4710397149347,1825.1094727561833,489.08687114221954
12.265,2273.1445175412505,1917.5777267930641,480.81878713618784
12.265,2319.591732653018,1879.9866969976345,449.43223988605376
12.284,2220.480799635626,1924.274294791787,467.8102896324538
12.285,2239.5483405385226,1899.0880841352468,485.61261783310397
12.305,2232.9842270053355,1957.5215981141282,489.12030287886944
12.305,2296.8475265271577,1907.3494639914484,462.858521513559
12.325,2247.8610413113047,1790.670694189909,469.4025429647204
12.325,2321.6715361483866,1761.879143137101,470.1347832370487
12.346,2212.974499696356,1891.8485088918812,500.25979868527395
12.346,2348.516582861107,1889.0207916164625,482.8775297439267
12.368,2214.508245173346,1818.6886498577808,491.7996725290177
12.368,2379.15683059921,1872.4622639409158,459.7707171313139
12.389,2362.811767077172,1829.8937424894048,481.4857553882584
12.389,2130.0502713530996,1825.3173931290748,452.212343031727
12.41,2365.1021781148847,1769.005493237265,440.83021428375747
12.411,2093.7756075981624,1858.7805104950305,477.7455587948276
12.411,2200.2273215615696,1823.8425007176902,513.7217565624836
12.411,2370.0300208085955,1879.531668785848,472.0465033437725
12.433,2250.9590315039095,1740.4286159696999,498.34155382080394
12.433,2412.826978908029,1886.93472389878,521.2951702637412
12.454,2334.1476361078626,1818.525087410895,459.9454878626647
12.454,2246.5829469251903,1784.2285837584764,439.0644503739376
12.476,2248.4770913764714,1827.5467804334785,481.88832180376914
12.476,2408.406456260086,1755.49430246215,491.56828375849574
12.495,2261.16852112791,1834.6476411030508,463.5995129347177
12.495,2154.797787741707,1860.4079768902052,466.505027854531
12.537,2217.897724070389,1856.1819475946556,453.01485502996445
12.537,2298.8823228506785,1880.273242068406,460.0734016933186
12.537,2241.897724208535,1843.4360354558976,466.1612227771478
12.537,2486.482253633251,1927.2292524831835,463.3555662847167
12.558,2247.148320577201,1876.8861432464023,467.54456220223915
12.558,2248.907376061,1911.0845662628567,417.3017604405635
12.578,2227.5987448720375,1961.367443971981,466.336243635917
12.578,2371.34228194809,1761.6669328378027,442.7299842876057
12.578,2279.8195729355066,1833.2770255459407,476.66872726594596
12.578,2363.986397920709,1809.6251505041043,485.8712457814045
12.601,2369.650570200189,1982.504674260094,461.75408903147473
12.601,2308.701965743513,1886.6491492846258,434.7353794028258
12.622,2322.8952850512123,1877.1086256538263,439.6994213324288
12.622,2206.6771834303136,1933.6419513743017,451.83755678172435
12.644,2179.2568471676436,1857.851536830492,485.8937054283779
12.644,2180.6568538507036,1886.1077669261117,488.12564300991835
12.664,2307.9665041053418,1825.4592786454432,466.1814184077575
12.664,2479.8537770441926,1768.9510346000307,445.22639764252386
12.684,2261.9904898700393,1908.571840725401,503.96499991454806
12.684,2384.5677376113076,1793.038623764281,484.9895514827401
12.706,2346.0910195256374,1902.5619950111047,479.1079542166288
12.706,2308.2442787449595,1923.403117724822,477.6986393124402
12.727,2276.0745960345516,1727.2128053398997,438.57172879352794
12.727,2261.6744435878936,1931.8233152417927,480.03911370353717
12.747,2263.5004140655988,1869.6639843653982,470.41654318645334
12.747,2344.674201460203,1793.5022444674362,461.44803401451105
12.747,2365.4062474448847,1749.9387529848095,476.5834061901773
12.747,2266.483431299248,1853.7563038826515,479.43128599204493
12.768,2261.093327208374,1838.384892932587,444.9917058004231
12.768,2249.9694233133823,1917.4251495806182,496.92177395201065
12.788,2359.9083900577057,1858.9389400219357,490.1939138433642
12.788,2350.5978811254804,1787.2511378910567,456.67319381941445
12.81,2416.088800042005,1778.846829318461,485.93297204421197
12.81,2239.8716477217886,1884.6070206191089,520.004174729004
12.829,2250.483844949421,1855.1753878841432,449.69408097592515
12.829,2425.4625103364647,1937.0487481699897,458.72758911809296
12.852,2393.5111025211822,1831.9003083787761,485.9236488579454
12.852,2215.2474016856595,1888.5400574346254,494.8819699340963
12.871,2224.813241104927,1834.7341189460365,472.9977896148716
12.871,2313.2251028134106,1674.8938908479213,459.5275669351475
12.892,2385.0192663682724,1903.7875485490258,466.7660235130715
12.892,2219.752032631348,1832.7398817154715,446.27046769633193
12.913,2317.7447600216315,1889.411603728823,467.00042128711704
12.913,2394.9354448017834,1858.9386084865384,481.6847122997331
12.913,2281.3453153235064,1792.3211119127632,490.7931993298236
12.913,2291.090067924369,1842.9900204890264,470.7696182393985
12.934,2410.7664815825824,1851.8769820432394,469.1256665523119
12.934,2269.135031837425,1865.2748234387411,478.1107443729622
12.955,2397.8732883286025,1885.6977117234978,465.5642590649374
12.955,2288.6975442321473,1855.726330712911,460.4705334460621
12.977,2212.2958592795476,1949.4503418641125,460.0781651877936
12.977,2338.7586564473622,1893.1125428997616,451.3377448912002
13.021,2239.7508745855307,1920.117775118771,457.35751026829325
13.021,2197.042911839776,1909.476725206442,509.69220416598927
13.021,2450.4457481229765,1869.416687906234,456.0782185352096
13.021,2331.428954438294,1910.188145631801,474.5227889688945
13.041,2276.739767046957,1943.4292616744287,464.5392960526575
13.041,2278.1429962375223,1873.585600870614,482.48130211025256
13.064,2417.0211536671122,1909.4396110203215,455.8139787625057
13.064,2418.4124334224707,1771.7383901375779,498.6675987296607
13.084,2257.1780323339553,1912.4413941438336,451.93042523456177
13.084,2315.1766800293844,1804.7877166027422,480.60987029767387
13.085,2260.0200354598715,1770.5203723676989,482.1050019858292
13.085,2347.4392056329616,1834.2997847338731,473.3790106292095
13.106,2270.8040343554835,1867.811720268239,477.47911574506514
13.106,2149.2571871882437,1875.7346364567736,473.6321918676493
13.126,2220.793325203354,1940.604547480605,443.5359253385354
13.126,2380.4522638017165,1825.6670736021983,478.00350512586806
13.147,2231.7756338441773,1962.5953818514408,483.43677471502406
13.147,2347.701546940283,1962.7278555096805,462.7621919903851
13.168,2326.659438934319,1870.0302888902077,458.31459213657484
13.168,2243.1837854671585,1804.5193407105387,466.2008869563351
13.189,2281.7911071734757,2026.1055743029028,504.2540984274166
13.19,2245.559260003042,1978.4602871639345,468.978109440765
13.208,2273.0994152052676,1866.7591627081047,478.9901459349456
13.208,2164.917079360162,1770.1738508831318,466.3790710047593
13.23,2279.4507832505765,1902.1784259058636,482.93025020853634
13.23,2243.7420119464537,1826.883350045442,453.30197557644124
13.251,2296.3638409044884,1920.1142911025722,505.1335139748738
13.251,2331.0540413757635,1880.0227078526973,482.54031873361225
13.252,2340.432349149346,1751.295330623607,466.90318849013516
13.252,2248.939813356473,1777.1775401863842,467.33167351312267
13.273,2244.1048582791746,1806.41653142656,468.12790463295426
13.273,2282.0439460675925,1955.9010796402392,495.40453757826253
13.294,2380.128959967696,1830.7343132810743,491.43979271982636
13.294,2256.293847506207,1729.7238700707867,462.7258943793204
13.316,2241.0274760845473,1847.7889162774882,474.9684673871946
13.316,2208.9546867690196,1844.0713694008184,475.7632811829255
13.337,2334.977477873332,1959.2239946862976,438.2738135217531
13.337,2273.4527395939735,1954.543269716236,465.50079742939073
13.357,2217.3694759973305,1765.9150590539077,485.470502374049
13.357,2233.4355913120653,1871.8000979108897,467.7885498221214
13.377,2347.4133577787265,1906.3297766700964,489.9609674623012
13.377,2306.975845720172,1849.5422450349197,444.83768813828556
13.399,2244.3470606424326,1871.2820559800352,454.17095163990484
13.4,2340.117365800633,1929.1035724293822,481.1678312168481
13.418,2378.842149258794,1874.2051182278576,474.6381383590702
13.418,2349.6692802869816,1897.7026796214855,463.0737637497773
13.419,2307.4747828304007,1940.2609772441033,477.49175953644874
13.419,2420.7235654751466,1824.9655338625846,465.41655447588744
13.439,2396.791652604611,1907.685395472459,495.1422485756392
13.439,2299.621190104863,1830.5166262512464,437.7656627046094
13.461,2371.4449892055163,1926.0252673922248,454.39244399426195
13.461,2343.872014459361,1820.5914153128954,488.81022138276415
13.481,2258.035769939494,1876.5235735379108,477.82781497831013
13.481,2422.392412843786,1835.31592040391,468.5640807091052
13.5,2426.9073750536195,1888.1776161909904,470.34787990090075
13.5,2389.2171318641613,1799.110984354709,482.2626526200915
13.522,2344.4285216826097,1843.0634079035015,462.95638311749184
13.523,2368.713286720809,1857.054699051671,458.37576932419944
13.542,2265.771778481571,1779.4032526510343,467.21979032859264
13.542,2375.925698645569,1808.4464703447532,471.8391508947395
13.562,2187.884251296231,1763.7526245257181,487.27703760632227
13.562,2262.109858479094,1889.2084449099773,465.6053343369
13.585,2104.90792096443,1904.3155830308974,455.2271015783026
13.585,2328.8729034188723,1768.3593951925636,462.5915558009149
13.585,2370.8494759104365,1782.0609817369022,445.84730515244365
13.585,2418.5589757310095,1795.2682582044847,472.0632191207627
13.603,2269.5731734078436,1770.2840972932388,448.2095777609243
13.603,2303.983358833754,1874.3363504521305,451.8399661894522
13.624,2281.775524850333,1808.6259328535177,465.2878490187139
13.624,2422.164126333321,1867.2248773800989,476.1924131046747
13.644,2316.025006652459,1804.0780266344298,466.0865744647929
13.644,2433.2848631042157,1829.4038818216764,491.7125333553772
13.664,2387.4318009865897,1918.4280762634417,467.40333079519314
13.664,2349.5376843879317,1781.94986859787,501.8360963772974
13.685,2259.515205619562,1821.0446927671505,443.74000927489203
13.686,2218.9331153820617,1881.9760622882757,480.13832628086686
13.706,2301.668604508488,1834.0144915800668,447.3167549978221
13.706,2302.3042952599785,1865.563509341357,456.20120345440415
13.726,2217.1024774271327,1860.4370080353551,462.39725460593445
13.726,2390.0892797802917,1766.6018814094498,461.16651954167196
13.749,2310.04384511648,1944.109219992677,446.52586713482776
13.749,2341.124411134355,1850.8992947341724,490.94810239390125
13.749,2427.793904957129,1951.9483661818579,459.5913070673719
13.749,2237.1848761985216,1873.7749867918676,447.95437054803057
13.768,2135.4867136033467,1937.8986569286749,474.7870718641077
13.768,2250.7498491594624,1919.5863074477081,470.8104935180682
13.789,2433.447905453917,1937.8556953630734,503.1159676900763
13.789,2300.8687464909403,1847.5539949340869,467.4166190049368
13.809,2280.1981367953535,1961.7463741624874,435.13304273863866
13.809,2255.010423673399,1821.2169158220506,464.551859116616
13.83,2293.2258890312755,1868.8050182056668,455.56963993961546
13.83,2249.7809385145233,1899.9353186136743,443.1446817424224
13.851,2263.419870988905,2055.4932618373014,456.9963178311684
13.851,2381.8793194052296,1926.210633585488,463.5293862519691
13.871,2496.5005329852343,1821.1029837957428,463.8493044827017
13.871,2232.0843084275107,1870.5836400431606,442.97741419310984
13.892,2251.3483134151097,1771.1638741620914,475.53291281276154
13.892,2249.6777589948097,1946.3488393242374,491.7699137223308
13.914,2414.082112641841,1659.3251315851405,479.0001718693296
13.914,2349.9578759900364,1843.0987545576043,492.061693626933
13.914,2290.169541197332,1997.9970569023262,490.4321427727427
13.914,2271.274950740033,1908.6751597910618,471.01270446318335
13.935,2414.0513385662703,1886.4620439024068,468.01285321650624
13.935,2296.888671635057,1781.8580796014276,455.77916215941906
13.955,2295.040313902405,1943.1145376449088,449.4305821982744
13.955,2131.662183787705,1803.4471336235572,465.74338339598836
13.977,2361.507855692044,1790.9603272368497,473.45295457742674
13.977,2299.66724796016,1930.0037988469576,455.09054998952314
13.998,2303.0273617537796,1789.461523228163,493.3280452110872
13.998,2302.7364828181326,1757.3745053907917,477.6845725284989
14.018,2365.0359630262315,1791.6920590751995,445.31148476183694
14.018,2120.700910991977,1863.4290378460605,444.83115675396147
14.04,2202.6642492078818,1820.4047707174682,496.5670960355891
14.04,2445.6554492613222,1964.6699817343642,457.32571635070906
14.06,2203.5942069452535,1863.5396663166973,473.8225483606464
14.06,2239.2901547706,1784.2662721443091,474.73327010380746
14.081,2388.9733073924654,1741.9623309564868,433.21138571370807
14.081,2296.503081334925,1914.1765249471448,433.4173961669228
14.082,2293.9584344295945,1868.171364482031,476.1884497951577
14.082,2411.875959758677,1887.3386853747593,446.078662244623
14.103,2246.201028959096,1840.2720732480975,457.4147106645024
14.103,2249.1537222711,1876.4218928864684,433.3430664264885
14.124,2356.6217147341895,1927.892847286856,460.6997393719558
14.124,2310.3514024065125,1854.1722267063499,469.27547544691856
14.144,2378.324479602585,1782.460070776822,443.0617942722107
14.144,2249.493961336653,1898.788878830189,476.5013271237206
14.164,2314.475143404865,1839.7056901264518,468.70615023397653
14.164,2293.510531447835,1921.5151991792936,459.5677417605538
14.184,2259.256684960205,1846.7448111555102,450.6565089473959
14.184,2190.642530172993,1898.770065432283,462.1051769614089
14.205,2249.4003942512063,1885.3676391832241,469.71204624790965
14.205,2240.3038345247064,1934.5720522966449,506.0917029576332
14.247,2395.6324089546047,1915.8414708520634,469.4010620169792
14.247,2342.8189743702433,1774.828829002544,463.9679899402206
14.247,2325.773810753769,1742.6952984314375,478.0370688187603
14.248,2277.5346809112903,1854.4585620904259,486.6812692733074
14.248,2227.2004750852147,1868.511785161287,469.845944969267
14.248,2313.0336676068378,1785.954962810767,470.84252165565664
14.269,2395.3496183360426,1885.8844445986515,481.9338908411636
14.269,2220.023457567785,1883.2634534081328,449.29931184214684
14.288,2317.830879233675,1849.2880245554898,492.48298828325545
14.288,2247.9789739181474,1814.349899037387,487.22642875529726
14.309,2294.3780431637106,1792.5843569869403,456.039841478105
14.309,2282.815898323306,2010.2133566118234,467.5782495036828
14.329,2342.4445371332504,1727.324751128414,469.5733862036706
14.329,2295.7806021247065,1782.182684559861,470.98307123748197
14.35,2270.1417122851094,2011.257203790619,471.9028731228085
14.35,2187.44990434324,1785.2347432708048,442.6005316705716
14.371,2308.505224247123,1806.9105456131815,461.388399537584
14.371,2338.576402070794,1884.2142516657489,467.5144207286429
14.392,2287.70095444771,1890.2542201918284,470.834194677186
14.392,2277.2725035478893,1887.8899074054714,455.5099112648989
14.433,2410.3786345586896,1944.6832917523814,460.9101046093006
14.433,2420.718094423887,1792.065327376276,477.44445340513613
14.433,2375.156674940759,1873.3792756191622,485.0976756959094
14.433,2318.4145637745887,1859.1557084941628,493.09409760321734
14.434,2290.3591911503904,1801.3146319573364,480.15850481782684
14.434,2201.750800668192,1862.4490133460038,476.1551969735594
14.454,2146.9444131357523,1888.6844307002436,425.67977611663724
14.454,2399.290639882974,1890.211217459096,456.18921889275475
14.474,2306.8371279987823,1929.0207637604015,477.34482176713067
14.475,2559.257158704372,1860.0069699734527,461.6400659414812
14.495,2247.6763110360753,1791.1643122952298,459.85091258430447
14.495,2325.517321527012,1767.730838089571,457.7593348571952
14.515,2372.425278897694,1828.376255197483,494.8920965126985
14.516,2243.4435930234904,1772.9355149554203,446.41714205617245
14.557,2274.03819081783,1802.0339738519958,470.1214717231196
14.557,2279.835306253242,1772.7282462995681,461.9660866819723
14.557,2269.969365907494,1797.9263404854164,457.64987756971374
14.557,2332.022727601486,1949.5996145925465,477.819729401388
14.577,2303.3601838360687,1841.8214955429712,478.91161695477797
14.577,2142.298326706158,1947.299093514995,447.2802525292633
14.577,2303.292886041741,1877.6428470618846,471.0593465071735
14.577,2323.593921635255,1812.9429407136472,468.43213315225256
14.598,2287.3385459898846,1849.408903551307,444.65769030446074
14.598,2417.2978909206454,1754.3970620513678,437.0416448569824
14.619,2319.432669306765,1831.0649660875843,479.0951357781459
14.619,2294.4493064492513,1770.1199824848343,445.20651845046876
14.639,2367.008447418986,1898.6457250963006,445.28823345376037
14.639,2471.5153500690985,1834.3598406490926,483.27360062123785
14.66,2291.349239764215,1821.9400732720146,460.3895007434332
14.661,2383.534518269629,1814.8285876563914,438.54643488529746
14.681,2437.5036371803203,1903.212323592167,470.09249129050323
14.681,2278.1158069571024,1791.974597909274,461.4415903333903
14.703,2208.8393934550604,1797.6200008540902,498.11100959440114
14.703,2332.8923439283226,1878.3899747132327,470.7423599639404
14.723,2395.3121342932586,1925.7376283599772,474.30311444966674
14.723,2269.5791486824587,1878.769402298791,465.5303759814495
14.743,2381.34612151838,1990.945919811671,498.3742205797557
14.743,2230.7878837358157,1796.795832908229,478.8630571527888
14.743,2279.0303558684923,1717.9728583673018,484.2034652969592
14.743,2290.93775169577,1883.0530712427421,474.4582591171674
14.764,2281.9160955393695,1842.1259207958756,461.48040654858414
14.764,2226.4432863775523,1880.9950484194283,470.25820057950614
14.784,2270.057097517505,1920.1011228568457,459.2783881952015
14.784,2144.383916198648,1771.944493197123,453.5740919149704
14.804,2347.085995223788,1833.8267537289637,445.61038343898025
14.804,2296.501786167156,1888.117379666837,484.1481303894566
14.826,2383.351463112427,1875.13822834652,436.5445925865064
14.826,2287.9074741664604,1848.2970797006774,490.20517996690626
14.847,2158.476284966296,1899.751389292979,437.1536201982198
14.847,2321.5370448774693,1915.8250988792292,466.90145355446145
14.869,2247.05474450658,1728.4003388693973,459.8836153774299
14.869,2380.3823828754553,1954.0174259087887,442.7823875374316
14.889,2278.498078373297,1773.4296534423215,482.926842043043
14.889,2449.9968957279566,1886.5340460034188,426.8623059087131
14.909,2227.0247720716043,1840.8472939822227,476.3203246608433
14.909,2314.8525734971804,1939.4761223449675,465.7829046930539
14.909,2343.0704348293107,1890.0145395143932,474.9327952294116
14.909,2271.5319996518665,1881.8197919790198,468.21720890011704
14.931,2195.397108458179,1861.1362386855228,479.92323450018273
14.931,2282.6337238866327,1813.9031467791606,484.430641155769
14.951,2156.8898797680936,1791.1557370127032,483.4763496899538
14.951,2243.1807624891026,1766.711587439401,477.35699496457454
14.971,2273.5015515187183,1804.07196457479,459.51908360713145
14.971,2364.2950835217425,1899.7329802124996,461.18665215956275
15.01,2319.587157731296,1792.5864581929643,469.75054435433213
15.01,2266.9374617995263,1930.1192373197887,463.85096547196576
15.01,2252.443593537418,1784.5998471322719,501.5540924661726
15.01,2245.875722304803,1838.1848776970025,465.6098981609207
15.028,2377.540151407843,1884.0558892781455,448.79246369030363
15.028,2192.390781088654,1919.8515802929903,465.0711596945513
15.049,2236.084972582856,1831.0239518119315,454.80006586277494
15.049,2186.599943131566,1883.764451789836,499.0284676865058
15.07,2338.8203469900495,1882.2199356956567,460.9405280854108
15.07,2410.3348198464605,1853.4591880167777,469.43441654707283
15.071,2335.755220632873,1794.6334694380796,476.2103773460214
15.071,2341.3170045357456,1886.618724903339,483.01946013604976
15.091,2256.524279739198,1858.81180384934,467.4992866286278
15.091,2334.5403373240056,1837.2011952048267,457.4208374307282
15.112,2231.5510152406,1858.800863713942,449.3065327491598
15.112,2245.102277460281,1887.190217840391,429.1591492335079
15.133,2287.5706455047507,1744.9968092081142,465.6929794128659
15.133,2293.7196047925336,1815.514149930485,496.43546879227523
15.153,2432.8322012264557,1788.8945619904,478.606859883892
15.153,2361.534365339262,1793.6010713409744,465.297207151084
15.198,2305.886091092757,1802.5870532473582,504.21403761957407
15.198,2428.616898772041,1919.9884371001972,462.75650731516095
15.198,2485.3031278763183,1872.3906711648235,474.566486262693
15.198,2301.7568695489285,1783.2372116022227,464.3534182644378
15.217,2328.6268302211,1864.303971657677,470.24273144942515
15.217,2203.7506860092135,1879.3823309311722,479.71025160530513
15.237,2311.8621106832343,1834.7656228075866,478.25608527020256
15.237,2246.912715435845,1776.9999126872954,465.9387968953011
15.237,2164.7125967941274,1779.609747183995,462.42199961267687
15.237,2386.1848604537486,1748.6592695648615,504.62595433865704
15.28,2308.411058945814,1975.0257978419627,468.5830078457163
15.28,2233.288152205241,1734.377342892783,450.57604327281774
15.281,2145.3987580858634,1772.5590654625028,446.47545336209305
15.281,2239.2480384531086,1849.1167197707232,494.1355232075599
15.3,2224.467102423828,1724.9855473818425,518.9508173680715
15.3,2267.871789325004,1766.5724605054138,485.3045228553604
15.345,2162.728222525823,1857.7269525874628,454.01814342732507
15.345,2330.0459769070194,1863.2179305747152,468.98823535141855
15.345,2349.6160340360734,1884.7322637898062,464.3112719586255
15.345,2199.947714019318,1903.7502705529992,478.2177935019395
15.363,2156.703491296639,1845.902091978306,472.5155577760756
15.363,2365.3455745430147,1805.559201718481,466.46511754414604
15.383,2284.413653204271,1882.2807528491962,472.1444895722665
15.383,2345.1463370907722,1940.325105000483,469.99788929436596
15.403,2289.2261055484028,1897.6661582796069,491.73241934213104
15.403,2273.9233181118316,1805.5149212777126,473.68039103779176
15.404,2376.665097783324,1896.3664288851126,502.7409184157239
15.404,2361.691661831928,1892.947861244587,504.2152772064122
15.423,2316.846050181099,1779.04115973409,460.99544633863496
15.423,2322.1255394734694,1841.4982403615045,461.27340179377524
15.445,2262.4570424522194,1892.32541739282,461.8681332616148
15.445,2338.576536747524,1929.3092592885273,452.4944498957498
15.465,2417.689928858285,1823.3590747375663,490.1936117351142
15.465,2376.9071913829234,1772.929082754347,495.4638931287979
15.487,2140.8704647676873,1886.5492073800717,484.0294785259771
15.487,2319.84729248093,1839.4753696164396,460.4369793372385
15.509,2332.677269550941,1870.90360264129,468.9083278177508
15.509,2378.7858529601103,1867.8313616167134,440.90306565887465
15.529,2378.2288433241333,1867.400661839445,463.0896222376264
15.529,2321.0535841307387,1832.4351721033327,458.7391691109768
15.548,2198.331133621271,1908.0555572320743,449.4658155796872
15.549,2285.0295723437075,1798.857027795114,459.2766090266715
15.57,2230.429303779856,1868.1644213559334,452.3685563537865
15.57,2201.7691407514053,1875.9321666183218,456.8362009666974
15.57,2399.125509267116,1841.6649628398945,504.7345728180066
15.57,2255.8234624517218,1903.172595678697,501.6648174028039
15.594,2449.089309097603,1825.9774372901534,447.0200386135751
15.594,2266.2635595671354,1997.7862246572863,471.58191939152215
15.614,2235.4640697938617,1869.6293557366932,443.49414214789874
15.614,2336.8172261399036,1931.9414478816022,458.4830626807665
15.636,2288.753308932174,1915.570719057907,482.29626497671507
15.636,2316.1891266155376,1948.881183891956,453.86895550683977
15.655,2261.9479202704056,1871.2255199087385,457.8624340412847
15.655,2261.9359633210315,1935.8604066248208,474.29346429216383
15.677,2259.285942682952,1954.1504853947797,506.27901516095943
15.677,2216.709998455238,1881.4944714014853,517.1130591050613
15.697,2363.803607368653,1815.7909046507866,456.1505746167411
15.697,2305.236943806223,1973.0666266797186,467.97603220500366
15.718,2323.957146772782,1857.177675755399,482.16913202356
15.718,2363.438772184838,1860.8832823154394,455.33158898618154
15.738,2319.0479272172015,1868.477768679349,445.7982481403407
15.738,2465.914434762545,1802.9401581333525,474.27773311053306
15.739,2324.4017180227893,1870.6524910130531,455.61863065998284
15.739,2133.5520871390863,1871.1558695498227,439.3961307029761
15.758,2260.0183741042933,1852.1170456556447,489.7622473239545
15.758,2226.2563328277843,1848.6025969098284,479.8625588158972
15.778,2331.898032803913,1845.4239110932758,471.4944297897529
15.778,2264.0473928736656,1835.600055523973,453.98858188854587
15.798,2332.30903711203,1906.610026915654,435.6552722140658
15.798,2241.0589703771443,1879.4736299333963,453.1861651470156
15.82,2305.416953557756,1917.172001921391,472.0826717871184
15.82,2249.887510864727,1826.8067144725894,460.1021872160805
15.842,2270.830618626859,1928.3173509939832,443.1246366306724
15.842,2314.352229052382,1913.6144701880537,454.59302286320775
15.862,2339.3081859845743,1827.8827463722719,496.78675607789796
15.862,2414.5760029615935,1801.5474403008488,518.6080937041237
15.883,2386.2554522385644,1895.1567793783304,462.8535239447739
15.883,2371.775418544361,1759.5037690881518,437.2731177025021
15.904,2306.383205929251,1834.5115477480729,427.4096895899548
15.904,2235.54555445452,1877.4658499133286,420.58710865452844
15.904,2344.875223658946,1836.9242127132422,468.01907121166994
15.904,2388.9220507835057,1779.609106045589,446.0000841301318
15.925,2378.1354737370443,1860.534440629176,464.01808261198994
15.925,2287.3800475037515,1792.7805486303068,474.807508285481
15.947,2281.336775779305,1864.6309860990812,481.73358394022074
15.947,2368.7978523026977,1824.0616642902673,468.803865629033
15.967,2102.9062361652063,1847.3825255287134,501.63123998267514
15.967,2413.4328796518325,1804.8579724676933,465.10536821602756
15.987,2399.122747956467,1919.296944477433,455.94402688504675
15.987,2282.9683886783737,1862.0780689047863,475.5060967510954
16.01,2264.954011270715,1802.502782181213,480.29500878941155
16.01,2450.347394151267,1840.9003573046584,427.17059011186296
16.029,2204.2943256644007,1955.2426099338907,476.95966311859814
16.029,2263.79360518588,1868.154010702991,433.69361976715334
16.05,2437.3234576205205,1918.5861592466215,449.6895271362237
16.05,2219.744178015046,1751.4065649002491,476.7036041002362
16.072,2318.0892385692173,1848.0517667110757,470.756167619075
16.072,2287.238868942959,1798.1283835058466,494.13996430320407
16.072,2462.148675984872,1821.5215858888826,486.69912629280924
16.072,2261.6465174083974,1806.144506727875,485.9428899566138
16.092,2189.2290184910707,1939.4527722395794,480.92565740971935
16.092,2312.3553381477045,1903.8424888100035,456.5708456945617
16.112,2247.5669010727433,1812.2561705058058,468.4547425058661
16.113,2335.37915882542,1830.3405919154404,436.2409690686096
16.133,2316.288530674,1885.0678366865825,477.8363675048271
16.133,2192.803176407055,1917.8969596945333,454.7167613933706
16.155,2436.4946167961216,1924.0010243512847,459.2349044069401
16.155,2247.7751085701148,1898.7534428935287,458.3114212610445
16.178,2266.834880766308,1959.0924717827045,464.3203173162539
16.178,2350.127651827591,1872.791368971575,460.0542646086138
16.198,2417.3052539921214,1821.8190408902292,431.656453979048
16.198,2192.5154078351834,1798.8096624035156,485.5105234545895
16.218,2258.1150658925394,1782.3413291394547,453.4413109595498
16.219,2367.4163223376845,1774.240799520779,457.80841566451414
16.239,2240.9486890006865,1906.6297590747718,476.9270329704775
16.239,2297.168330217439,1963.6210497751456,488.2748780995047
16.239,2260.77486435034,1861.4270911517626,459.18144036136823
16.239,2330.7409222762603,1968.6271904696412,483.8371520317122
16.258,2193.281520834622,1865.2914889871315,496.62706452231777
16.258,2313.7665675920157,1901.331711799656,492.85412849446493
16.28,2338.6992664941868,1757.5672909840152,462.31453096219764
16.281,2353.751369291191,1906.520407268746,449.1915115813947
16.321,2245.7579230843844,1808.7779136477914,449.8529503315571
16.322,2397.6392675278466,1900.078695692195,453.54587481799615
16.322,2129.8757607174566,1929.3107864940703,448.10211541399286
16.322,2240.476611849728,1868.4548220370716,468.1377655546911
16.344,2477.599979268996,1878.6114031516747,464.47995495961516
16.344,2291.61279653223,1859.0327285375338,467.8035610287151
16.363,2364.093186342458,1897.9489833246435,442.6057058265888
16.363,2292.0680859427202,1974.6793135743987,454.6118265075873
16.385,2422.1698690216494,1852.3761964970247,471.0263908590412
16.385,2273.501252540334,1861.9148460353256,461.3887359287063
16.406,2309.8660129662294,1738.863371560069,452.71421054957426
16.406,2359.984876065142,1875.7489057559596,452.6971646115187
16.407,2406.352337042659,1803.0713018084061,493.83954019490454
16.407,2146.208490926671,1839.3548331110856,470.92364430273807
16.426,2334.7190149670596,1885.6908618153698,456.36716049384944
16.426,2229.1254662663014,1755.4689371848779,433.67679730550753
16.448,2293.813618142428,1882.7919803895902,442.39072082770144
16.448,2256.7908605548055,1869.4504496091288,455.6577571461723
16.468,2123.2857035449056,1895.4042193211098,458.98329770269106
16.468,2377.3503907025865,1811.9431158877296,434.855589994849
16.488,2194.840487083383,1924.119546037912,474.19967487631004
16.488,2290.543926092861,1873.8779243132358,451.9670480767377
16.509,2278.964723563918,1819.3895584027161,434.8515352719698
16.509,2225.9714771854574,1778.392475602066,466.24042216594944
16.529,2345.0808535944216,1821.2301214090016,485.5871570625138
16.529,2267.743621066835,1909.0762831124048,433.8461309396771
16.552,2248.3763306896703,1873.9570910079651,475.60508506045244
16.552,2191.3900065387534,1712.7707519318064,461.3994275345233
16.567,2225.727144035129,1828.7791946363454,465.1010522394601
16.567,2329.5146908663514,1857.2927399749512,451.4327681135097
16.568,2134.377481338326,1955.2713277169537,450.4387632331604
16.568,2417.527631849583,1916.6009409119692,451.4505494517512
16.588,2287.4272677554236,1832.9692437393094,512.3704785721173
16.588,2232.3171089541593,1855.345996372181,484.9864996243105
16.608,2335.2177562849856,1764.7294671909544,465.8559252853731
16.608,2257.1912268578635,1686.0976786464148,484.59005065787255
16.628,2354.6788835864227,1825.886585265712,471.2259755343907
16.628,2204.3066400919292,1912.9780843037893,434.2296336245847
16.671,2209.892412077347,1868.3393759578012,473.1075784210484
16.671,2332.018332796259,1810.4847495304039,464.1895354496973
16.671,2395.7437038639077,1913.8376821117743,446.14889822956957
16.672,2318.523566773631,1968.6362039723062,440.8713035251525
16.692,2316.906388571538,1753.6190928040544,468.9914155461256
16.693,2234.9006656248243,1842.9738554340515,471.1487972268119
16.715,2261.601203194836,1821.769518354113,485.14442508083494
16.715,2250.6920170063695,1857.6711754281253,431.35708874987864
16.734,2408.6471858456202,1839.539555998529,461.1524282868171
16.734,2415.9891233087237,2041.5806219037122,484.1604069166233
16.735,2330.5468397305604,1857.2343409143627,465.87041673031695
16.735,2445.328477279983,1883.3378197569602,469.808000569194
16.755,2343.495260928368,1872.92563269929,461.89526326915666
16.755,2386.9616473541723,1784.544333483154,473.07973950762295
16.775,2275.7766659027334,1861.0709659622698,433.1733107175693
16.775,2280.5124569635414,1756.842853026106,491.48850268349145
16.797,2279.503512266125,1956.2470514807947,464.916444190056
16.797,2219.4362825269423,1900.2646783822263,465.54324462856067
16.818,2257.602431002878,1823.3653256299901,450.11707740305445
16.818,2316.8928549831735,1848.8629631190513,457.6681669081253
16.84,2247.5917083269464,1915.4977072113397,477.2315092399407
16.84,2336.5643367636894,1868.631267645951,463.6048666880982
16.86,2236.683399477288,1745.675462317823,473.3849639885653
16.86,2233.134501404362,1858.878363785779,456.8167304358276
16.88,2297.950261690342,1915.9305993712685,460.98251456030613
16.88,2139.683833087501,1703.236993249069,499.7168356752109
16.901,2382.2464298244113,1862.4109629787113,448.466110580623
16.901,2353.5199731985485,1801.8490817125517,477.03545129162444
16.902,2356.5688941365174,1934.838859994485,474.3007398072939
16.902,2351.0051446400803,1827.8201002609078,485.05684091426355
16.926,2289.220190146425,1813.8457769549282,461.94039135394826
16.926,2316.8461313766697,1899.89926601128,464.73720980849015
16.943,2322.652892702386,1796.913640071033,485.4681203369044
16.943,2180.881624913837,1857.9610100862658,499.2900617973804
16.966,2323.3340569022407,1865.8981867985656,467.19611428000684
16.966,2278.7638215331563,1836.3440268730133,472.14463268723796
16.986,2438.117483548688,1769.4732601608325,465.9671713780242
16.986,2281.1238940497233,1796.3582988133294,471.5988640764076
17.006,2282.9525221660156,1843.53472624942,456.7076014849893
17.007,2198.6433459422165,1733.8380450911072,451.6818577969399
17.027,2260.3459715484128,1873.2299598722295,487.28679807056596
17.027,2127.645708529238,1851.5355316661723,485.6762859167172
17.048,2433.6455161196386,1888.342167875303,481.69556575757724
17.048,2335.4178195799595,1893.15012362531,464.50852997532405
17.069,2277.3744917260174,1787.2541059887421,457.5637374305801
17.069,2344.4630073048957,1824.770418476816,466.49792526853355
17.069,2222.9882081357696,1795.0306300605012,485.80584901822436
17.069,2282.9855773403724,1819.9989380158859,467.7231537156296
17.091,2211.6106866189675,1853.323246243904,428.41741296902745
17.091,2179.0812692712516,1938.6489913814837,452.5350353659035
17.111,2352.5806343094055,1816.757567661776,478.48763109898886
17.111,2285.62757342003,1908.979764676912,488.53650153364066
17.132,2162.723314163527,1865.6844747116684,488.0692043124769
17.132,2232.137157991433,1935.704452619403,460.037792162068
17.176,2394.243002868528,1836.1790933198672,465.03483465879157
17.176,2237.9958571636453,1807.560812343239,481.9282704624715
17.176,2349.205134052193,1859.5363700591593,494.89083422687236
17.176,2244.612533971001,1750.6034512571482,446.082732776707
17.196,2314.6522375072977,1864.718020550504,465.4950027841279
17.196,2336.2789479340945,1890.1044939725305,463.9591510446529
17.216,2246.0491802646898,1916.7402764991566,443.33782694785975
17.216,2286.666001152913,1873.6714909249695,452.11451911456504
17.237,2315.284325555023,1848.190251135495,459.23561190490665
17.237,2247.8272774362335,1977.8232469742748,451.6174965347135
17.237,2259.178815960405,1856.497376486789,488.220460949432
17.237,2202.6305020867076,1791.2283183570275,501.3248168349398
17.258,2313.696069636679,1853.8531564718478,486.2631494217422
17.258,2388.5117821235385,1772.3748204446367,478.38265184050715
17.279,2212.7862629209108,1783.578375661453,462.45977261279074
17.279,2248.0336524961913,1875.3608015018917,477.40627346850016
17.299,2134.14865332577,1769.184441130086,456.0466330908579
17.299,2330.9692729695266,1813.302952853189,457.24365233926807
17.319,2168.388189424809,1787.636229894215,445.3329500182303
17.319,2330.239279301618,1869.0558098884323,440.2901787865592
17.339,2353.9063174618573,1798.713522827182,473.149067017482
17.339,2380.0449651884924,1876.0936862827377,457.16236951764915
17.36,2321.0377821141738,1878.6533849623313,482.9660905909828
17.36,2176.4117890854322,1769.4396294512728,472.562972865769
17.38,2290.031097337759,1912.1939565355053,492.5345784161681
17.38,2315.306451464441,1844.2393580709822,490.4601119038868
17.401,2331.4976595745793,1779.8246016598107,468.88140718215476
17.401,2334.4193530267075,1879.19242277743,468.6996188729147
17.401,2266.2293017260336,1962.269152372178,475.4157356499302
17.402,2290.7862875488618,1840.526303543619,461.2649265025771
17.422,2281.7872484902446,1758.8880365705602,460.5025117296669
17.423,2191.8765664799716,1918.817430534576,461.99335909973615
17.442,2224.686918445872,1950.74436871552,431.9126025432235
17.443,2293.586432850308,1785.5483178406303,430.9436133998156
17.463,2231.3415658184235,1801.080147455558,474.63011055433526
17.463,2183.239705521636,1852.7834145792287,488.8122447903809
17.484,2174.5631671392457,1737.8572857966753,448.294176998217
17.484,2345.078798713886,1987.654255325164,488.1517980327189
17.504,2317.782746628981,1845.2509520127041,457.1130136153883
17.504,2301.8729876434004,1850.9777194600367,448.16259802311606
17.526,2267.4455617811805,1858.7238323374627,439.0403250116968
17.526,2247.822816962692,1820.4249823841483,463.10378728481356
17.546,2138.444350874589,1819.6027703052653,435.18249667655107
17.546,2339.449652563577,1793.0980535786205,455.11949480793317
17.567,2264.547421866134,1782.7031889688699,464.43393990825535
17.567,2343.7518074720165,1881.2812805142755,441.6252395806463
17.567,2219.3304341232174,1932.551263897212,452.210637682075
17.567,2418.4324616550534,1907.5032168991893,460.8691300882418
17.587,2302.7381498501463,1841.261030394504,435.8031160904781
17.587,2278.989695645044,1847.265858940913,465.3544970792208
17.608,2209.7953845573584,1964.245638802768,466.7050125552511
17.608,2301.029174249782,1813.8954849018312,435.8241621704969
17.629,2346.6170222110018,1757.6226601608598,463.80929672892483
17.629,2126.5537483281423,1877.0559561764846,465.00900290265355
17.648,2292.0034888312593,1915.5267187136367,484.3829094687372
17.648,2293.2471797335234,1707.727431530116,474.18902809269895
17.669,2333.8970950391877,1873.1854478538467,457.72032524109966
17.669,2169.9557655608924,1778.2218514554797,452.4313858518359
17.691,2348.837066825048,1761.253536707338,473.70779885399855
17.691,2343.9625000185647,1831.5058719455308,451.321154183375
17.714,2352.3087604932093,1777.6574649245456,456.86381259152574
17.714,2241.688431319854,1739.389964708777,485.70740573591416
17.734,2388.81756770256,1859.4783742294035,477.9334912315512
17.734,2239.7834493986966,1849.9878889020338,459.47627218761835
17.734,2133.1261723523658,1746.9602866172636,457.39035947501316
17.734,2319.8249973373972,1766.3071198624582,445.1391253143659
17.756,2292.259298952997,1881.6695014159986,450.4710929091827
17.756,2390.925575015087,1885.6201565081521,460.52080140536424
17.776,2214.0647572200387,1694.6409238904414,452.903739730784
17.777,2267.1064026714384,1780.646315500416,446.37980993585217
17.798,2244.98918919115,1846.5208189450113,465.7954642696826
17.798,2340.414791962075,1877.9827067992649,467.5279893154591
17.84,2213.461417995204,1880.466369564911,461.19846255745915
17.841,2395.0296943485755,1892.4195438708264,469.61794594578987
17.841,2241.4193926133453,1814.433433143192,460.614232613442
17.841,2263.961018593529,1870.3111024877594,452.41206835371645
17.861,2300.1963221597357,1826.0774034641352,472.71659365465564
17.861,2218.833442945518,1815.7132689332525,440.49167518406955
17.884,2332.5421458819733,1754.383880403459,450.72324588631045
17.884,2322.6258324801083,1866.9075676967968,447.49562918086076
17.905,2250.335097599741,1743.6530045580098,459.18867469783225
17.905,2320.0139366196186,1773.4315865891479,456.305063939036
17.905,2321.077548656949,1894.3643557478094,441.4160462724231
17.905,2340.961427844978,1841.339639445067,462.3646077272607
17.925,2386.1127907904975,1926.8229969413292,470.85908998278177
17.925,2333.4242500631885,1840.4812002613621,476.5681243687276
17.945,2331.058080632048,1819.2732603201423,469.62290538793144
17.945,2208.7532251868865,1925.1767118829325,472.3114123777672
17.965,2172.3673259596517,1827.8486869323735,458.58733864993513
17.965,2247.893774368946,1870.2399212354258,472.2878455069471
17.988,2330.8524040442567,1845.8969032945365,467.16865717087796
17.988,2337.613150224194,1863.4727356409678,469.6090554458529
18.006,2102.4654323824343,1845.4729383455717,460.827047489216
18.006,2307.12281542469,1913.8582359397685,455.3725705251541
18.026,2370.6827215360163,1860.230973199507,463.09987204774353
18.026,2457.9840490681904,1835.3307646007988,459.44716622568313
18.047,2406.876325695546,1870.7143100389087,473.8799107697017
18.047,2255.728808252352,1758.6194446310217,484.09405071398146
18.069,2243.6449973127433,1917.9053785676567,449.93550775608145
18.069,2326.173674823533,1761.198032539448,456.3135012670299
18.069,2370.1010863126758,1817.9568875736363,500.40195035188015
18.069,2394.317395920857,1831.0959655273718,434.929869991392
18.09,2344.0713988170783,1867.1694870034364,448.00958537860083
18.09,2203.7023527104925,1952.4499669946372,490.1369170101119
18.11,2200.6277259281633,1923.3953611120462,503.7404306116756
18.11,2420.168196310858,1767.6627276224635,496.45520774837627
18.13,2277.7423515440105,1800.8900630979354,467.61196750502495
18.13,2215.867783787289,1768.938627586682,455.82637403180524
18.143,2204.3492905578223,1771.8815613489633,462.63838637540186
18.143,2249.7379253593576,1816.0371471489048,473.3211852887453
18.163,2424.0509051938698,1936.3844641271594,487.1872021845424
18.164,2282.556169391025,1839.629780814332,480.883415592383
18.184,2351.5714615527822,1848.7888076698187,436.1940540165231
18.184,2322.8115524273007,1870.233025484785,449.45306817192284
18.205,2288.1555545776732,1794.300929787585,486.54176334083144
18.205,2140.6031543329873,1848.3407961662028,460.25598890335556
18.225,2359.252922959774,1864.8464449993724,435.77441076962305
18.225,2237.572663588072,2002.4652172258527,479.7223377134801
18.246,2168.3516238864418,1905.8841180443928,464.5546888484303
18.247,2153.669934043451,1950.799834150347,484.9712317260751
18.247,2334.729627909643,1845.8784101318347,469.3424026222916
18.247,2351.467047216287,1876.949586910033,444.1278537311592
18.267,2117.7383310044115,1869.0149353749075,476.2972962944318
18.267,2253.502350963466,1741.4830281502261,459.87643686563064
18.287,2326.067526504404,1703.9045504578366,437.1282185869425
18.287,2309.9821633689976,1787.109121614013,481.553325750425
18.308,2251.9398342922013,1940.9304555613496,466.0719488800852
18.308,2285.0740029266444,1839.0027704263005,490.4635806333671
18.328,2364.4629420815018,1899.0030112661832,456.777414442725
18.328,2321.9602026551424,1944.7354785714056,478.96027263501145
18.349,2338.1363514517825,1783.7570420188845,483.68541643537833
18.349,2262.2445065179327,1947.8041759134662,466.2404261783771
18.368,2197.89169381441,1783.6853958564984,465.3890085388069
18.368,2313.5109571708317,1837.740035867829,470.8100685925972
18.39,2356.4357424991977,1783.4093947215374,486.68601545898235
18.39,2242.613415920283,1870.741056105575,470.62961502964686
18.411,2312.758863055475,1845.9267365443243,462.91521603846485
18.411,2288.0770321320797,1899.0740496053463,449.6472643784201
18.411,2160.268554764684,1911.6797414688097,454.27419092564617
18.412,2284.8088950389424,1952.1245354266716,461.98641334140774
18.431,2310.3860191453487,1900.5921787706723,460.10989806771346
18.431,2259.0039655039704,1903.4312553676225,468.6361002780559
18.451,2378.932481357625,1824.86508839996,472.49050427421497
18.451,2209.6596514172556,1843.840836929274,482.814052984239
18.473,2471.3066541250014,1874.4418846591586,453.4521866674819
18.473,2296.680658196071,1777.7258941427303,464.97877496756394
18.496,2282.190631518845,1924.7858306635335,471.56361419994226
18.496,2375.03616550272,1844.4219269166256,454.70755643294905
