Time,W,X,Y
0.008,2163.218505468168,1747.1363071101603,438.57312799898114
0.008,2163.218505468168,1747.1363071101603,438.57312799898114
0.031,2158.106930549765,1762.4710318653695,438.57312799898114
0.031,2158.106930549765,1762.4710318653695,438.57312799898114
0.032,2181.620175174419,1752.2478820285633,462.08637262363516
0.032,2181.620175174419,1752.2478820285633,462.08637262363516
0.058,2165.2631354355294,1746.1139921264796,428.34997816217503
0.058,2165.2631354355294,1746.1139921264796,428.34997816217503
0.085,2159.1292455334456,1756.3371419632858,426.3053481948138
0.085,2162.1961904844875,1753.270197012244,441.64007295002295
0.085,2162.1961904844875,1753.270197012244,441.64007295002295
0.113,2161.173875500807,1753.270197012244,429.3722931458557
0.113,2161.173875500807,1753.270197012244,429.3722931458557
0.14,2167.3077654028903,1749.1809370775215,433.4615530805781
0.14,2167.3077654028903,1749.1809370775215,433.4615530805781
0.14,2154.0176706150423,1752.2478820285633,440.61775796634237
0.167,2154.0176706150423,1752.2478820285633,440.61775796634237
0.168,2169.3523953702515,1742.0247321917573,448.79627783578724
0.194,2169.3523953702515,1742.0247321917573,448.79627783578724
0.194,2164.240820451849,1752.2478820285633,438.57312799898114
0.194,2164.240820451849,1752.2478820285633,438.57312799898114
0.194,2164.240820451849,1749.1809370775215,433.4615530805781
0.219,2164.240820451849,1749.1809370775215,433.4615530805781
0.246,2165.2631354355294,1751.2255670448826,438.57312799898114
0.246,2165.2631354355294,1751.2255670448826,438.57312799898114
0.247,2160.151560517126,1753.270197012244,433.4615530805781
0.247,2160.151560517126,1753.270197012244,433.4615530805781
0.276,2154.0176706150423,1752.2478820285633,450.8409078031484
0.303,2154.0176706150423,1752.2478820285633,450.8409078031484
0.303,2163.218505468168,1745.091677142799,436.5284980316199
0.303,2163.218505468168,1745.091677142799,436.5284980316199
0.303,2159.1292455334456,1747.1363071101603,424.2607182274526
0.33,2159.1292455334456,1747.1363071101603,424.2607182274526
0.33,2164.240820451849,1759.4040869143275,447.7739628521066
0.357,2164.240820451849,1759.4040869143275,447.7739628521066
0.357,2175.4862852723354,1753.270197012244,440.61775796634237
0.357,2175.4862852723354,1753.270197012244,440.61775796634237
0.357,2169.3523953702515,1750.203252061202,436.5284980316199
0.386,2169.3523953702515,1750.203252061202,436.5284980316199
0.386,2160.151560517126,1751.2255670448826,432.4392380968975
0.414,2164.240820451849,1768.604921767453,442.66238793370354
0.415,2164.240820451849,1768.604921767453,442.66238793370354
0.416,2163.218505468168,1753.270197012244,438.57312799898114
0.416,2163.218505468168,1753.270197012244,438.57312799898114
0.442,2175.4862852723354,1752.2478820285633,445.7293328847454
0.442,2175.4862852723354,1752.2478820285633,445.7293328847454
0.47,2162.1961904844875,1743.047047175438,448.79627783578724
0.47,2162.1961904844875,1743.047047175438,448.79627783578724
0.471,2167.3077654028903,1744.0693621591183,429.3722931458557
0.471,2167.3077654028903,1744.0693621591183,429.3722931458557
0.498,2167.3077654028903,1752.2478820285633,447.7739628521066
0.498,2167.3077654028903,1752.2478820285633,447.7739628521066
0.526,2162.1961904844875,1749.1809370775215,438.57312799898114
0.526,2162.1961904844875,1749.1809370775215,438.57312799898114
0.526,2171.397025337613,1758.381771930647,428.34997816217503
0.526,2171.397025337613,1758.381771930647,428.34997816217503
0.555,2175.4862852723354,1745.091677142799,441.64007295002295
0.555,2175.4862852723354,1745.091677142799,441.64007295002295
0.582,2167.3077654028903,1747.1363071101603,438.57312799898114
0.582,2167.3077654028903,1747.1363071101603,438.57312799898114
0.61,2166.2854504192096,1745.091677142799,434.4838680642587
0.61,2166.2854504192096,1745.091677142799,434.4838680642587
0.61,2167.3077654028903,1749.1809370775215,440.61775796634237
0.611,2167.3077654028903,1749.1809370775215,440.61775796634237
0.638,2171.397025337613,1742.0247321917573,464.13100259099633
0.638,2171.397025337613,1742.0247321917573,464.13100259099633
0.639,2164.240820451849,1758.381771930647,435.5061830479393
0.639,2164.240820451849,1758.381771930647,435.5061830479393
0.665,2165.2631354355294,1758.381771930647,441.64007295002295
0.665,2165.2631354355294,1758.381771930647,441.64007295002295
0.693,2175.4862852723354,1754.2925119959245,439.5954429826617
0.693,2175.4862852723354,1754.2925119959245,439.5954429826617
0.693,2162.1961904844875,1745.091677142799,439.5954429826617
0.693,2162.1961904844875,1745.091677142799,439.5954429826617
0.72,2156.0623005824036,1759.4040869143275,453.90785275419023
0.72,2156.0623005824036,1759.4040869143275,453.90785275419023
0.747,2168.330080386571,1751.2255670448826,437.5508130153005
0.747,2168.330080386571,1751.2255670448826,437.5508130153005
0.748,2167.3077654028903,1749.1809370775215,443.6847029173842
0.748,2167.3077654028903,1749.1809370775215,443.6847029173842
0.775,2169.3523953702515,1750.203252061202,453.90785275419023
0.775,2169.3523953702515,1750.203252061202,453.90785275419023
0.809,2171.397025337613,1751.2255670448826,441.64007295002295
0.809,2171.397025337613,1751.2255670448826,441.64007295002295
0.829,2163.218505468168,1753.270197012244,438.57312799898114
0.829,2163.218505468168,1753.270197012244,438.57312799898114
0.829,2173.441655304974,1747.1363071101603,439.5954429826617
0.83,2173.441655304974,1747.1363071101603,439.5954429826617
0.85,2164.240820451849,1749.1809370775215,436.5284980316199
0.871,2164.240820451849,1749.1809370775215,436.5284980316199
0.872,2166.2854504192096,1755.3148269796052,439.5954429826617
0.89,2166.2854504192096,1755.3148269796052,439.5954429826617
0.891,2164.240820451849,1749.1809370775215,432.4392380968975
0.891,2164.240820451849,1749.1809370775215,432.4392380968975
0.891,2161.173875500807,1755.3148269796052,435.5061830479393
0.911,2161.173875500807,1755.3148269796052,435.5061830479393
0.911,2164.240820451849,1745.091677142799,439.5954429826617
0.932,2164.240820451849,1745.091677142799,439.5954429826617
0.932,2162.1961904844875,1751.2255670448826,439.5954429826617
0.953,2162.1961904844875,1751.2255670448826,439.5954429826617
0.953,2151.9730406476815,1750.203252061202,451.86322278682906
0.975,2151.9730406476815,1750.203252061202,451.86322278682906
0.975,2161.173875500807,1755.3148269796052,440.61775796634237
0.996,2161.173875500807,1755.3148269796052,440.61775796634237
0.996,2174.4639702886548,1761.4487168816888,440.61775796634237
1.018,2174.4639702886548,1761.4487168816888,440.61775796634237
1.018,2168.330080386571,1765.5379768164112,443.6847029173842
1.038,2168.330080386571,1765.5379768164112,443.6847029173842
1.038,2165.2631354355294,1747.1363071101603,443.6847029173842
1.058,2165.2631354355294,1747.1363071101603,443.6847029173842
1.058,2177.5309152396967,1757.3594569469662,440.61775796634237
1.059,2177.5309152396967,1757.3594569469662,440.61775796634237
1.059,2156.0623005824036,1752.2478820285633,442.66238793370354
1.08,2156.0623005824036,1752.2478820285633,442.66238793370354
1.08,2166.2854504192096,1756.3371419632858,445.7293328847454
1.101,2166.2854504192096,1756.3371419632858,445.7293328847454
1.101,2160.151560517126,1742.0247321917573,442.66238793370354
1.122,2160.151560517126,1742.0247321917573,442.66238793370354
1.122,2162.1961904844875,1752.2478820285633,436.5284980316199
1.145,2162.1961904844875,1752.2478820285633,436.5284980316199
1.145,2157.0846155660843,1738.9577872407153,431.41692311321685
1.164,2157.0846155660843,1738.9577872407153,431.41692311321685
1.164,2165.2631354355294,1747.1363071101603,442.66238793370354
1.185,2165.2631354355294,1747.1363071101603,442.66238793370354
1.185,2157.0846155660843,1750.203252061202,450.8409078031484
1.205,2157.0846155660843,1750.203252061202,450.8409078031484
1.205,2162.1961904844875,1758.381771930647,446.751647868426
1.228,2162.1961904844875,1758.381771930647,446.751647868426
1.228,2164.240820451849,1758.381771930647,434.4838680642587
1.229,2164.240820451849,1758.381771930647,434.4838680642587
1.229,2167.3077654028903,1747.1363071101603,436.5284980316199
1.247,2167.3077654028903,1747.1363071101603,436.5284980316199
1.247,2157.0846155660843,1746.1139921264796,440.61775796634237
1.268,2157.0846155660843,1746.1139921264796,440.61775796634237
1.268,2159.1292455334456,1759.4040869143275,445.7293328847454
1.289,2159.1292455334456,1759.4040869143275,445.7293328847454
1.289,2165.2631354355294,1747.1363071101603,432.4392380968975
1.332,2165.2631354355294,1747.1363071101603,432.4392380968975
1.332,2151.9730406476815,1749.1809370775215,429.3722931458557
1.332,2151.9730406476815,1749.1809370775215,429.3722931458557
1.333,2158.106930549765,1759.4040869143275,445.7293328847454
1.354,2158.106930549765,1759.4040869143275,445.7293328847454
1.354,2158.106930549765,1755.3148269796052,432.4392380968975
1.372,2158.106930549765,1755.3148269796052,432.4392380968975
1.372,2163.218505468168,1749.1809370775215,448.79627783578724
1.393,2163.218505468168,1749.1809370775215,448.79627783578724
1.394,2166.2854504192096,1749.1809370775215,439.5954429826617
1.394,2166.2854504192096,1749.1809370775215,439.5954429826617
1.394,2163.218505468168,1748.158622093841,447.7739628521066
1.415,2163.218505468168,1748.158622093841,447.7739628521066
1.415,2166.2854504192096,1749.1809370775215,435.5061830479393
1.435,2166.2854504192096,1749.1809370775215,435.5061830479393
1.435,2157.0846155660843,1754.2925119959245,448.79627783578724
1.457,2157.0846155660843,1754.2925119959245,448.79627783578724
1.457,2154.0176706150423,1755.3148269796052,443.6847029173842
1.479,2154.0176706150423,1755.3148269796052,443.6847029173842
1.479,2155.039985598723,1747.1363071101603,433.4615530805781
1.502,2155.039985598723,1747.1363071101603,433.4615530805781
1.502,2154.0176706150423,1753.270197012244,434.4838680642587
1.522,2154.0176706150423,1753.270197012244,434.4838680642587
1.522,2173.441655304974,1752.2478820285633,441.64007295002295
1.542,2173.441655304974,1752.2478820285633,441.64007295002295
1.543,2167.3077654028903,1747.1363071101603,438.57312799898114
1.563,2167.3077654028903,1747.1363071101603,438.57312799898114
1.563,2177.5309152396967,1757.3594569469662,432.4392380968975
1.563,2177.5309152396967,1757.3594569469662,432.4392380968975
1.563,2160.151560517126,1752.2478820285633,430.39460812953627
1.584,2160.151560517126,1752.2478820285633,430.39460812953627
1.584,2164.240820451849,1744.0693621591183,429.3722931458557
1.605,2164.240820451849,1744.0693621591183,429.3722931458557
1.605,2167.3077654028903,1750.203252061202,448.79627783578724
1.627,2167.3077654028903,1750.203252061202,448.79627783578724
1.627,2167.3077654028903,1753.270197012244,449.8185928194678
1.647,2167.3077654028903,1753.270197012244,449.8185928194678
1.647,2161.173875500807,1756.3371419632858,456.9747977052321
1.668,2161.173875500807,1756.3371419632858,456.9747977052321
1.668,2163.218505468168,1746.1139921264796,440.61775796634237
1.691,2163.218505468168,1746.1139921264796,440.61775796634237
1.691,2152.9953556313617,1748.158622093841,435.5061830479393
1.711,2152.9953556313617,1748.158622093841,435.5061830479393
1.711,2166.2854504192096,1743.047047175438,432.4392380968975
1.731,2166.2854504192096,1743.047047175438,432.4392380968975
1.731,2158.106930549765,1752.2478820285633,431.41692311321685
1.732,2158.106930549765,1752.2478820285633,431.41692311321685
1.732,2150.950725664001,1755.3148269796052,452.88553777050964
1.752,2150.950725664001,1755.3148269796052,452.88553777050964
1.752,2163.218505468168,1752.2478820285633,451.86322278682906
1.772,2163.218505468168,1752.2478820285633,451.86322278682906
1.772,2160.151560517126,1760.4264018980082,445.7293328847454
1.794,2160.151560517126,1760.4264018980082,445.7293328847454
1.794,2162.1961904844875,1752.2478820285633,439.5954429826617
1.815,2162.1961904844875,1752.2478820285633,439.5954429826617
1.815,2166.2854504192096,1750.203252061202,446.751647868426
1.837,2166.2854504192096,1750.203252061202,446.751647868426
1.837,2162.1961904844875,1746.1139921264796,456.9747977052321
1.859,2162.1961904844875,1746.1139921264796,456.9747977052321
1.859,2158.106930549765,1752.2478820285633,444.7070179010648
1.88,2158.106930549765,1752.2478820285633,444.7070179010648
1.88,2149.92841068032,1752.2478820285633,439.5954429826617
1.899,2149.92841068032,1752.2478820285633,439.5954429826617
1.899,2166.2854504192096,1749.1809370775215,442.66238793370354
1.9,2166.2854504192096,1749.1809370775215,442.66238793370354
1.9,2167.3077654028903,1756.3371419632858,445.7293328847454
1.921,2167.3077654028903,1756.3371419632858,445.7293328847454
1.921,2166.2854504192096,1737.9354722570347,451.86322278682906
1.941,2166.2854504192096,1737.9354722570347,451.86322278682906
1.941,2149.92841068032,1753.270197012244,442.66238793370354
1.962,2149.92841068032,1753.270197012244,442.66238793370354
1.962,2157.0846155660843,1755.3148269796052,436.5284980316199
2.004,2157.0846155660843,1755.3148269796052,436.5284980316199
2.005,2161.173875500807,1739.980102224396,437.5508130153005
2.005,2161.173875500807,1739.980102224396,437.5508130153005
2.005,2164.240820451849,1754.2925119959245,439.5954429826617
2.025,2164.240820451849,1754.2925119959245,439.5954429826617
2.025,2174.4639702886548,1755.3148269796052,467.19794754203815
2.045,2174.4639702886548,1755.3148269796052,467.19794754203815
2.045,2157.0846155660843,1744.0693621591183,441.64007295002295
2.066,2157.0846155660843,1744.0693621591183,441.64007295002295
2.066,2161.173875500807,1748.158622093841,430.39460812953627
2.066,2161.173875500807,1748.158622093841,430.39460812953627
2.066,2162.1961904844875,1743.047047175438,419.1491433090496
2.087,2162.1961904844875,1743.047047175438,419.1491433090496
2.087,2163.218505468168,1752.2478820285633,419.1491433090496
2.107,2163.218505468168,1752.2478820285633,419.1491433090496
2.107,2156.0623005824036,1751.2255670448826,462.08637262363516
2.128,2156.0623005824036,1751.2255670448826,462.08637262363516
2.129,2156.0623005824036,1749.1809370775215,436.5284980316199
2.15,2156.0623005824036,1749.1809370775215,436.5284980316199
2.15,2160.151560517126,1742.0247321917573,424.2607182274526
2.171,2160.151560517126,1742.0247321917573,424.2607182274526
2.171,2164.240820451849,1750.203252061202,420.17145829273016
2.192,2164.240820451849,1750.203252061202,420.17145829273016
2.192,2162.1961904844875,1755.3148269796052,443.6847029173842
2.216,2162.1961904844875,1755.3148269796052,443.6847029173842
2.216,2176.508600256016,1749.1809370775215,428.34997816217503
2.234,2176.508600256016,1749.1809370775215,428.34997816217503
2.234,2160.151560517126,1753.270197012244,446.751647868426
2.234,2155.039985598723,1744.0693621591183,436.5284980316199
2.234,2155.039985598723,1744.0693621591183,436.5284980316199
2.255,2168.330080386571,1754.2925119959245,447.7739628521066
2.255,2168.330080386571,1754.2925119959245,447.7739628521066
2.276,2167.3077654028903,1754.2925119959245,444.7070179010648
2.276,2167.3077654028903,1754.2925119959245,444.7070179010648
2.299,2163.218505468168,1757.3594569469662,432.4392380968975
2.299,2163.218505468168,1757.3594569469662,432.4392380968975
2.322,2168.330080386571,1751.2255670448826,428.34997816217503
2.322,2168.330080386571,1751.2255670448826,428.34997816217503
2.342,2167.3077654028903,1745.091677142799,445.7293328847454
2.342,2167.3077654028903,1745.091677142799,445.7293328847454
2.385,2168.330080386571,1759.4040869143275,450.8409078031484
2.385,2168.330080386571,1759.4040869143275,450.8409078031484
2.385,2166.2854504192096,1758.381771930647,449.8185928194678
2.385,2166.2854504192096,1758.381771930647,449.8185928194678
2.406,2158.106930549765,1762.4710318653695,425.2830332111332
2.406,2158.106930549765,1762.4710318653695,425.2830332111332
2.406,2162.1961904844875,1758.381771930647,456.9747977052321
2.406,2162.1961904844875,1758.381771930647,456.9747977052321
2.426,2152.9953556313617,1760.4264018980082,441.64007295002295
2.426,2152.9953556313617,1760.4264018980082,441.64007295002295
2.447,2170.374710353932,1755.3148269796052,425.2830332111332
2.447,2170.374710353932,1755.3148269796052,425.2830332111332
2.468,2165.2631354355294,1760.4264018980082,436.5284980316199
2.469,2165.2631354355294,1760.4264018980082,436.5284980316199
2.489,2165.2631354355294,1741.0024172080766,449.8185928194678
2.489,2165.2631354355294,1741.0024172080766,449.8185928194678
2.511,2164.240820451849,1749.1809370775215,433.4615530805781
2.511,2164.240820451849,1749.1809370775215,433.4615530805781
2.532,2177.5309152396967,1749.1809370775215,433.4615530805781
2.532,2177.5309152396967,1749.1809370775215,433.4615530805781
2.553,2156.0623005824036,1755.3148269796052,431.41692311321685
2.553,2156.0623005824036,1755.3148269796052,431.41692311321685
2.573,2165.2631354355294,1752.2478820285633,440.61775796634237
2.573,2165.2631354355294,1752.2478820285633,440.61775796634237
2.575,2163.218505468168,1754.2925119959245,441.64007295002295
2.575,2163.218505468168,1754.2925119959245,441.64007295002295
2.592,2159.1292455334456,1758.381771930647,441.64007295002295
2.592,2159.1292455334456,1758.381771930647,441.64007295002295
2.614,2159.1292455334456,1743.047047175438,429.3722931458557
2.614,2159.1292455334456,1743.047047175438,429.3722931458557
2.636,2154.0176706150423,1752.2478820285633,449.8185928194678
2.636,2154.0176706150423,1752.2478820285633,449.8185928194678
2.655,2163.218505468168,1751.2255670448826,442.66238793370354
2.655,2163.218505468168,1751.2255670448826,442.66238793370354
2.676,2187.7540650765027,1757.3594569469662,439.5954429826617
2.676,2187.7540650765027,1757.3594569469662,439.5954429826617
2.696,2167.3077654028903,1746.1139921264796,435.5061830479393
2.696,2167.3077654028903,1746.1139921264796,435.5061830479393
2.718,2158.106930549765,1748.158622093841,435.5061830479393
2.718,2158.106930549765,1748.158622093841,435.5061830479393
2.738,2159.1292455334456,1755.3148269796052,440.61775796634237
2.738,2159.1292455334456,1755.3148269796052,440.61775796634237
2.738,2163.218505468168,1753.270197012244,442.66238793370354
2.738,2163.218505468168,1753.270197012244,442.66238793370354
2.759,2165.2631354355294,1749.1809370775215,457.9971126889127
2.759,2165.2631354355294,1749.1809370775215,457.9971126889127
2.78,2169.3523953702515,1751.2255670448826,438.57312799898114
2.78,2169.3523953702515,1751.2255670448826,438.57312799898114
2.801,2164.240820451849,1749.1809370775215,442.66238793370354
2.801,2164.240820451849,1749.1809370775215,442.66238793370354
2.822,2163.218505468168,1755.3148269796052,454.9301677378709
2.822,2163.218505468168,1755.3148269796052,454.9301677378709
2.842,2165.2631354355294,1754.2925119959245,440.61775796634237
2.842,2165.2631354355294,1754.2925119959245,440.61775796634237
2.863,2164.240820451849,1750.203252061202,441.64007295002295
2.863,2164.240820451849,1750.203252061202,441.64007295002295
2.884,2156.0623005824036,1748.158622093841,436.5284980316199
2.884,2156.0623005824036,1748.158622093841,436.5284980316199
2.904,2159.1292455334456,1747.1363071101603,424.2607182274526
2.905,2159.1292455334456,1747.1363071101603,424.2607182274526
2.905,2152.9953556313617,1738.9577872407153,445.7293328847454
2.905,2152.9953556313617,1738.9577872407153,445.7293328847454
2.927,2167.3077654028903,1749.1809370775215,438.57312799898114
2.927,2167.3077654028903,1749.1809370775215,438.57312799898114
2.949,2163.218505468168,1762.4710318653695,461.0640576399545
2.949,2163.218505468168,1762.4710318653695,461.0640576399545
2.969,2164.240820451849,1747.1363071101603,441.64007295002295
2.969,2164.240820451849,1747.1363071101603,441.64007295002295
2.989,2149.92841068032,1756.3371419632858,436.5284980316199
2.989,2149.92841068032,1756.3371419632858,436.5284980316199
3.01,2168.330080386571,1749.1809370775215,431.41692311321685
3.01,2168.330080386571,1749.1809370775215,431.41692311321685
3.03,2163.218505468168,1757.3594569469662,439.5954429826617
3.03,2163.218505468168,1757.3594569469662,439.5954429826617
3.051,2164.240820451849,1752.2478820285633,436.5284980316199
3.051,2164.240820451849,1752.2478820285633,436.5284980316199
3.075,2165.2631354355294,1750.203252061202,441.64007295002295
3.075,2165.2631354355294,1750.203252061202,441.64007295002295
3.075,2159.1292455334456,1747.1363071101603,439.5954429826617
3.075,2159.1292455334456,1747.1363071101603,439.5954429826617
3.097,2168.330080386571,1758.381771930647,441.64007295002295
3.097,2168.330080386571,1758.381771930647,441.64007295002295
3.117,2161.173875500807,1755.3148269796052,435.5061830479393
3.117,2161.173875500807,1755.3148269796052,435.5061830479393
3.139,2173.441655304974,1744.0693621591183,447.7739628521066
3.139,2173.441655304974,1744.0693621591183,447.7739628521066
3.16,2155.039985598723,1755.3148269796052,445.7293328847454
3.16,2155.039985598723,1755.3148269796052,445.7293328847454
3.18,2161.173875500807,1745.091677142799,441.64007295002295
3.18,2161.173875500807,1745.091677142799,441.64007295002295
3.202,2180.597860190738,1743.047047175438,453.90785275419023
3.202,2180.597860190738,1743.047047175438,453.90785275419023
3.246,2159.1292455334456,1750.203252061202,439.5954429826617
3.246,2159.1292455334456,1750.203252061202,439.5954429826617
3.247,2160.151560517126,1775.7611266532174,443.6847029173842
3.247,2160.151560517126,1775.7611266532174,443.6847029173842
3.247,2160.151560517126,1751.2255670448826,435.5061830479393
3.247,2160.151560517126,1751.2255670448826,435.5061830479393
3.267,2161.173875500807,1749.1809370775215,430.39460812953627
3.267,2161.173875500807,1749.1809370775215,430.39460812953627
3.287,2167.3077654028903,1745.091677142799,453.90785275419023
3.287,2167.3077654028903,1745.091677142799,453.90785275419023
3.307,2168.330080386571,1756.3371419632858,438.57312799898114
3.308,2168.330080386571,1756.3371419632858,438.57312799898114
3.328,2164.240820451849,1752.2478820285633,436.5284980316199
3.328,2164.240820451849,1752.2478820285633,436.5284980316199
3.349,2162.1961904844875,1755.3148269796052,436.5284980316199
3.349,2162.1961904844875,1755.3148269796052,436.5284980316199
3.37,2174.4639702886548,1749.1809370775215,438.57312799898114
3.37,2174.4639702886548,1749.1809370775215,438.57312799898114
3.39,2167.3077654028903,1722.6007475018257,452.88553777050964
3.39,2167.3077654028903,1722.6007475018257,452.88553777050964
3.411,2160.151560517126,1748.158622093841,438.57312799898114
3.411,2160.151560517126,1748.158622093841,438.57312799898114
3.412,2161.173875500807,1751.2255670448826,436.5284980316199
3.412,2161.173875500807,1751.2255670448826,436.5284980316199
3.433,2157.0846155660843,1754.2925119959245,459.0194276725933
3.433,2157.0846155660843,1754.2925119959245,459.0194276725933
3.453,2162.1961904844875,1747.1363071101603,440.61775796634237
3.453,2162.1961904844875,1747.1363071101603,440.61775796634237
3.475,2173.441655304974,1742.0247321917573,437.5508130153005
3.475,2173.441655304974,1742.0247321917573,437.5508130153005
3.495,2169.3523953702515,1741.0024172080766,445.7293328847454
3.495,2169.3523953702515,1741.0024172080766,445.7293328847454
3.515,2166.2854504192096,1757.3594569469662,453.90785275419023
3.515,2166.2854504192096,1757.3594569469662,453.90785275419023
3.536,2163.218505468168,1747.1363071101603,426.3053481948138
3.536,2163.218505468168,1747.1363071101603,426.3053481948138
3.558,2166.2854504192096,1753.270197012244,433.4615530805781
3.558,2166.2854504192096,1753.270197012244,433.4615530805781
3.578,2166.2854504192096,1766.5602918000918,425.2830332111332
3.578,2166.2854504192096,1766.5602918000918,425.2830332111332
3.578,2167.3077654028903,1749.1809370775215,443.6847029173842
3.578,2167.3077654028903,1749.1809370775215,443.6847029173842
3.598,2181.620175174419,1739.980102224396,456.9747977052321
3.599,2181.620175174419,1739.980102224396,456.9747977052321
3.62,2164.240820451849,1748.158622093841,433.4615530805781
3.62,2164.240820451849,1748.158622093841,433.4615530805781
3.639,2155.039985598723,1758.381771930647,432.4392380968975
3.639,2155.039985598723,1758.381771930647,432.4392380968975
3.661,2168.330080386571,1762.4710318653695,453.90785275419023
3.661,2168.330080386571,1762.4710318653695,453.90785275419023
3.681,2166.2854504192096,1754.2925119959245,442.66238793370354
3.681,2166.2854504192096,1754.2925119959245,442.66238793370354
3.701,2166.2854504192096,1757.3594569469662,461.0640576399545
3.701,2166.2854504192096,1757.3594569469662,461.0640576399545
3.724,2160.151560517126,1746.1139921264796,438.57312799898114
3.724,2160.151560517126,1746.1139921264796,438.57312799898114
3.746,2141.749890810875,1749.1809370775215,440.61775796634237
3.746,2141.749890810875,1749.1809370775215,440.61775796634237
3.747,2160.151560517126,1743.047047175438,427.32766317849445
3.747,2160.151560517126,1743.047047175438,427.32766317849445
3.767,2168.330080386571,1754.2925119959245,435.5061830479393
3.767,2168.330080386571,1754.2925119959245,435.5061830479393
3.787,2166.2854504192096,1758.381771930647,433.4615530805781
3.787,2166.2854504192096,1758.381771930647,433.4615530805781
3.807,2159.1292455334456,1747.1363071101603,428.34997816217503
3.807,2159.1292455334456,1747.1363071101603,428.34997816217503
3.828,2163.218505468168,1756.3371419632858,447.7739628521066
3.828,2163.218505468168,1756.3371419632858,447.7739628521066
3.849,2171.397025337613,1744.0693621591183,455.95248272155146
3.85,2171.397025337613,1744.0693621591183,455.95248272155146
3.87,2169.3523953702515,1755.3148269796052,446.751647868426
3.87,2169.3523953702515,1755.3148269796052,446.751647868426
3.892,2175.4862852723354,1752.2478820285633,449.8185928194678
3.892,2175.4862852723354,1752.2478820285633,449.8185928194678
3.916,2166.2854504192096,1748.158622093841,443.6847029173842
3.916,2166.2854504192096,1748.158622093841,443.6847029173842
3.917,2159.1292455334456,1750.203252061202,435.5061830479393
3.917,2159.1292455334456,1750.203252061202,435.5061830479393
3.956,2156.0623005824036,1760.4264018980082,421.19377327641075
3.956,2156.0623005824036,1760.4264018980082,421.19377327641075
3.956,2168.330080386571,1750.203252061202,436.5284980316199
3.956,2168.330080386571,1750.203252061202,436.5284980316199
3.974,2175.4862852723354,1739.980102224396,444.7070179010648
3.974,2175.4862852723354,1739.980102224396,444.7070179010648
3.995,2168.330080386571,1750.203252061202,462.08637262363516
3.995,2168.330080386571,1750.203252061202,462.08637262363516
4.016,2147.883780712959,1752.2478820285633,440.61775796634237
4.016,2147.883780712959,1752.2478820285633,440.61775796634237
4.038,2155.039985598723,1762.4710318653695,447.7739628521066
4.038,2155.039985598723,1762.4710318653695,447.7739628521066
4.059,2163.218505468168,1760.4264018980082,440.61775796634237
4.059,2163.218505468168,1760.4264018980082,440.61775796634237
4.078,2161.173875500807,1753.270197012244,435.5061830479393
4.079,2161.173875500807,1753.270197012244,435.5061830479393
4.079,2166.2854504192096,1747.1363071101603,439.5954429826617
4.079,2166.2854504192096,1747.1363071101603,439.5954429826617
4.1,2169.3523953702515,1754.2925119959245,448.79627783578724
4.1,2169.3523953702515,1754.2925119959245,448.79627783578724
4.12,2158.106930549765,1754.2925119959245,423.238403243772
4.12,2158.106930549765,1754.2925119959245,423.238403243772
4.141,2160.151560517126,1744.0693621591183,441.64007295002295
4.141,2160.151560517126,1744.0693621591183,441.64007295002295
4.162,2182.6424901580995,1750.203252061202,441.64007295002295
4.162,2182.6424901580995,1750.203252061202,441.64007295002295
4.183,2155.039985598723,1749.1809370775215,436.5284980316199
4.183,2155.039985598723,1749.1809370775215,436.5284980316199
4.203,2165.2631354355294,1754.2925119959245,427.32766317849445
4.203,2165.2631354355294,1754.2925119959245,427.32766317849445
4.224,2171.397025337613,1741.0024172080766,466.17563255835756
4.224,2171.397025337613,1741.0024172080766,466.17563255835756
4.245,2158.106930549765,1750.203252061202,443.6847029173842
4.245,2158.106930549765,1750.203252061202,443.6847029173842
4.245,2171.397025337613,1746.1139921264796,437.5508130153005
4.245,2171.397025337613,1746.1139921264796,437.5508130153005
4.265,2164.240820451849,1752.2478820285633,447.7739628521066
4.265,2164.240820451849,1752.2478820285633,447.7739628521066
4.286,2145.8391507455976,1741.0024172080766,430.39460812953627
4.286,2145.8391507455976,1741.0024172080766,430.39460812953627
4.308,2165.2631354355294,1752.2478820285633,442.66238793370354
4.308,2165.2631354355294,1752.2478820285633,442.66238793370354
4.328,2170.374710353932,1753.270197012244,447.7739628521066
4.328,2170.374710353932,1753.270197012244,447.7739628521066
4.351,2149.92841068032,1758.381771930647,447.7739628521066
4.351,2149.92841068032,1758.381771930647,447.7739628521066
4.37,2157.0846155660843,1754.2925119959245,438.57312799898114
4.37,2157.0846155660843,1754.2925119959245,438.57312799898114
4.391,2164.240820451849,1755.3148269796052,434.4838680642587
4.391,2164.240820451849,1755.3148269796052,434.4838680642587
4.412,2162.1961904844875,1767.5826067837725,423.238403243772
4.412,2162.1961904844875,1767.5826067837725,423.238403243772
4.412,2164.240820451849,1758.381771930647,435.5061830479393
4.412,2164.240820451849,1758.381771930647,435.5061830479393
4.432,2158.106930549765,1736.9131572733543,436.5284980316199
4.432,2158.106930549765,1736.9131572733543,436.5284980316199
4.454,2163.218505468168,1745.091677142799,435.5061830479393
4.454,2163.218505468168,1745.091677142799,435.5061830479393
4.475,2150.950725664001,1747.1363071101603,436.5284980316199
4.475,2150.950725664001,1747.1363071101603,436.5284980316199
4.495,2159.1292455334456,1749.1809370775215,433.4615530805781
4.495,2159.1292455334456,1749.1809370775215,433.4615530805781
4.517,2163.218505468168,1760.4264018980082,445.7293328847454
4.517,2163.218505468168,1760.4264018980082,445.7293328847454
4.537,2166.2854504192096,1749.1809370775215,442.66238793370354
4.537,2166.2854504192096,1749.1809370775215,442.66238793370354
4.557,2159.1292455334456,1749.1809370775215,445.7293328847454
4.557,2159.1292455334456,1749.1809370775215,445.7293328847454
4.578,2166.2854504192096,1753.270197012244,426.3053481948138
4.578,2166.2854504192096,1753.270197012244,426.3053481948138
4.578,2160.151560517126,1757.3594569469662,423.238403243772
4.578,2160.151560517126,1757.3594569469662,423.238403243772
4.598,2163.218505468168,1749.1809370775215,437.5508130153005
4.598,2163.218505468168,1749.1809370775215,437.5508130153005
4.62,2165.2631354355294,1753.270197012244,436.5284980316199
4.62,2165.2631354355294,1753.270197012244,436.5284980316199
4.643,2163.218505468168,1741.0024172080766,438.57312799898114
4.643,2163.218505468168,1741.0024172080766,438.57312799898114
4.662,2152.9953556313617,1749.1809370775215,445.7293328847454
4.662,2152.9953556313617,1749.1809370775215,445.7293328847454
4.683,2169.3523953702515,1748.158622093841,444.7070179010648
4.683,2169.3523953702515,1748.158622093841,444.7070179010648
4.703,2163.218505468168,1758.381771930647,440.61775796634237
4.703,2163.218505468168,1758.381771930647,440.61775796634237
4.723,2166.2854504192096,1751.2255670448826,434.4838680642587
4.723,2166.2854504192096,1751.2255670448826,434.4838680642587
4.766,2165.2631354355294,1766.5602918000918,446.751647868426
4.766,2165.2631354355294,1766.5602918000918,446.751647868426
4.766,2148.9060956966396,1741.0024172080766,436.5284980316199
4.766,2148.9060956966396,1741.0024172080766,436.5284980316199
4.767,2163.218505468168,1744.0693621591183,448.79627783578724
4.767,2163.218505468168,1744.0693621591183,448.79627783578724
4.785,2167.3077654028903,1748.158622093841,443.6847029173842
4.785,2167.3077654028903,1748.158622093841,443.6847029173842
4.806,2166.2854504192096,1758.381771930647,437.5508130153005
4.807,2166.2854504192096,1758.381771930647,437.5508130153005
4.827,2156.0623005824036,1755.3148269796052,438.57312799898114
4.827,2156.0623005824036,1755.3148269796052,438.57312799898114
4.848,2170.374710353932,1744.0693621591183,426.3053481948138
4.848,2170.374710353932,1744.0693621591183,426.3053481948138
4.868,2168.330080386571,1763.4933468490499,433.4615530805781
4.868,2168.330080386571,1763.4933468490499,433.4615530805781
4.891,2175.4862852723354,1758.381771930647,439.5954429826617
4.891,2175.4862852723354,1758.381771930647,439.5954429826617
4.911,2175.4862852723354,1755.3148269796052,443.6847029173842
4.911,2175.4862852723354,1755.3148269796052,443.6847029173842
4.912,2164.240820451849,1746.1139921264796,432.4392380968975
4.912,2164.240820451849,1746.1139921264796,432.4392380968975
4.952,2165.2631354355294,1762.4710318653695,439.5954429826617
4.952,2165.2631354355294,1762.4710318653695,439.5954429826617
4.952,2171.397025337613,1753.270197012244,432.4392380968975
4.954,2171.397025337613,1753.270197012244,432.4392380968975
4.973,2162.1961904844875,1755.3148269796052,440.61775796634237
4.974,2162.1961904844875,1755.3148269796052,440.61775796634237
4.996,2151.9730406476815,1761.4487168816888,444.7070179010648
4.996,2151.9730406476815,1761.4487168816888,444.7070179010648
5.016,2159.1292455334456,1750.203252061202,440.61775796634237
5.016,2159.1292455334456,1750.203252061202,440.61775796634237
5.037,2159.1292455334456,1745.091677142799,431.41692311321685
5.037,2159.1292455334456,1745.091677142799,431.41692311321685
5.057,2169.3523953702515,1759.4040869143275,448.79627783578724
5.057,2169.3523953702515,1759.4040869143275,448.79627783578724
5.079,2167.3077654028903,1748.158622093841,444.7070179010648
5.079,2167.3077654028903,1748.158622093841,444.7070179010648
5.079,2152.9953556313617,1759.4040869143275,436.5284980316199
5.079,2152.9953556313617,1759.4040869143275,436.5284980316199
5.099,2162.1961904844875,1751.2255670448826,443.6847029173842
5.099,2162.1961904844875,1751.2255670448826,443.6847029173842
5.142,2156.0623005824036,1746.1139921264796,441.64007295002295
5.142,2156.0623005824036,1746.1139921264796,441.64007295002295
5.142,2160.151560517126,1754.2925119959245,438.57312799898114
5.143,2159.1292455334456,1751.2255670448826,446.751647868426
5.162,2159.1292455334456,1751.2255670448826,446.751647868426
5.162,2156.0623005824036,1756.3371419632858,423.238403243772
5.183,2156.0623005824036,1756.3371419632858,423.238403243772
5.183,2158.106930549765,1746.1139921264796,436.5284980316199
5.204,2158.106930549765,1746.1139921264796,436.5284980316199
5.204,2168.330080386571,1736.9131572733543,451.86322278682906
5.225,2168.330080386571,1736.9131572733543,451.86322278682906
5.225,2170.374710353932,1747.1363071101603,450.8409078031484
5.247,2170.374710353932,1747.1363071101603,450.8409078031484
5.247,2155.039985598723,1754.2925119959245,444.7070179010648
5.247,2155.039985598723,1754.2925119959245,444.7070179010648
5.248,2175.4862852723354,1752.2478820285633,446.751647868426
5.266,2175.4862852723354,1752.2478820285633,446.751647868426
5.266,2163.218505468168,1763.4933468490499,459.0194276725933
5.288,2163.218505468168,1763.4933468490499,459.0194276725933
5.288,2159.1292455334456,1772.6941817021755,444.7070179010648
5.308,2159.1292455334456,1772.6941817021755,444.7070179010648
5.308,2151.9730406476815,1767.5826067837725,431.41692311321685
5.329,2151.9730406476815,1767.5826067837725,431.41692311321685
5.33,2165.2631354355294,1773.716496685856,442.66238793370354
5.35,2165.2631354355294,1773.716496685856,442.66238793370354
5.35,2162.1961904844875,1760.4264018980082,436.5284980316199
5.371,2162.1961904844875,1760.4264018980082,436.5284980316199
5.371,2214.3342546521985,1776.7834416368978,426.3053481948138
5.393,2214.3342546521985,1776.7834416368978,426.3053481948138
5.393,2159.1292455334456,1770.6495517348142,435.5061830479393
5.409,2159.1292455334456,1770.6495517348142,435.5061830479393
5.41,2169.3523953702515,1784.9619615063427,436.5284980316199
5.41,2169.3523953702515,1784.9619615063427,436.5284980316199
5.41,2169.3523953702515,1776.7834416368978,427.32766317849445
5.43,2169.3523953702515,1776.7834416368978,427.32766317849445
5.43,2170.374710353932,1794.1627963594683,432.4392380968975
5.453,2170.374710353932,1794.1627963594683,432.4392380968975
5.454,2179.5755452070575,1777.8057566205784,428.34997816217503
5.473,2179.5755452070575,1777.8057566205784,428.34997816217503
5.473,2173.441655304974,1814.6090960330805,437.5508130153005
5.494,2173.441655304974,1814.6090960330805,437.5508130153005
5.495,2181.620175174419,1788.0289064573847,435.5061830479393
5.517,2181.620175174419,1788.0289064573847,435.5061830479393
5.517,2181.620175174419,1820.7429859351641,430.39460812953627
5.536,2181.620175174419,1820.7429859351641,430.39460812953627
5.536,2202.0664748480312,1824.8322458698865,419.1491433090496
5.557,2202.0664748480312,1824.8322458698865,419.1491433090496
5.557,2180.597860190738,1814.6090960330805,433.4615530805781
5.578,2180.597860190738,1814.6090960330805,433.4615530805781
5.578,2192.8656399949055,1803.3636312125936,437.5508130153005
5.578,2192.8656399949055,1803.3636312125936,437.5508130153005
5.578,2203.088789831712,1859.5909553150273,452.88553777050964
5.6,2203.088789831712,1859.5909553150273,452.88553777050964
5.6,2193.887954978586,1875.9479950539169,443.6847029173842
5.621,2193.887954978586,1875.9479950539169,443.6847029173842
5.621,2198.9995298969893,1871.8587351191945,454.9301677378709
5.641,2198.9995298969893,1871.8587351191945,454.9301677378709
5.641,2188.7763800601833,1898.4389246948904,429.3722931458557
5.662,2188.7763800601833,1898.4389246948904,429.3722931458557
5.662,2186.731750092822,1921.9521693195443,403.8144185538404
5.682,2186.731750092822,1921.9521693195443,403.8144185538404
5.682,2200.02184488067,1914.79596443378,438.57312799898114
5.704,2200.02184488067,1914.79596443378,438.57312799898114
5.704,2183.66480514178,1887.1934598744037,432.4392380968975
5.724,2183.66480514178,1887.1934598744037,432.4392380968975
5.724,2187.7540650765027,1949.5546738789208,442.66238793370354
5.744,2187.7540650765027,1949.5546738789208,442.66238793370354
5.744,2168.330080386571,1979.2018084056585,422.2160882600914
5.745,2168.330080386571,1979.2018084056585,422.2160882600914
5.745,2149.92841068032,1998.62579309559,382.34580389654764
5.765,2149.92841068032,1998.62579309559,382.34580389654764
5.765,2185.7094351091414,1995.5588481445482,448.79627783578724
5.806,2185.7094351091414,1995.5588481445482,448.79627783578724
5.806,2163.218505468168,2000.6704230629512,454.9301677378709
5.806,2163.218505468168,2000.6704230629512,454.9301677378709
5.806,2152.9953556313617,1986.3580132914226,432.4392380968975
5.827,2152.9953556313617,1986.3580132914226,432.4392380968975
5.827,2160.151560517126,1979.2018084056585,431.41692311321685
5.848,2160.151560517126,1979.2018084056585,431.41692311321685
5.848,2176.508600256016,1971.0232885362136,449.8185928194678
5.868,2176.508600256016,1971.0232885362136,449.8185928194678
5.868,2172.4193403212935,1977.1571784382973,416.08219835800776
5.889,2172.4193403212935,1977.1571784382973,416.08219835800776
5.889,2172.4193403212935,2010.8935728997574,446.751647868426
5.909,2172.4193403212935,2010.8935728997574,446.751647868426
5.909,2165.2631354355294,2022.139037720244,424.2607182274526
5.909,2165.2631354355294,2022.139037720244,424.2607182274526
5.909,2166.2854504192096,1992.4919031935062,468.2202625257188
5.93,2166.2854504192096,1992.4919031935062,468.2202625257188
5.93,2168.330080386571,1988.4026432587839,463.10868760731574
5.951,2168.330080386571,1988.4026432587839,463.10868760731574
5.951,2167.3077654028903,1997.6034781119095,440.61775796634237
5.97,2167.3077654028903,1997.6034781119095,440.61775796634237
5.97,2188.7763800601833,2032.36218755705,433.4615530805781
5.99,2188.7763800601833,2032.36218755705,433.4615530805781
5.991,2170.374710353932,2004.7596829976737,401.7697885864792
6.012,2170.374710353932,2004.7596829976737,401.7697885864792
6.012,2147.883780712959,2006.8043129650348,427.32766317849445
6.034,2147.883780712959,2006.8043129650348,427.32766317849445
6.034,2171.397025337613,1996.5811631282288,419.1491433090496
6.054,2171.397025337613,1996.5811631282288,419.1491433090496
6.054,2184.6871201254608,2020.0944077528827,442.66238793370354
6.075,2184.6871201254608,2020.0944077528827,442.66238793370354
6.075,2169.3523953702515,2037.4737624754532,451.86322278682906
6.075,2169.3523953702515,2037.4737624754532,451.86322278682906
6.075,2176.508600256016,2032.36218755705,457.9971126889127
6.096,2176.508600256016,2032.36218755705,457.9971126889127
6.096,2176.508600256016,2052.808487230662,423.238403243772
6.117,2176.508600256016,2052.808487230662,423.238403243772
6.117,2174.4639702886548,2027.250612638647,443.6847029173842
6.138,2174.4639702886548,2027.250612638647,443.6847029173842
6.138,2181.620175174419,2045.652282344898,454.9301677378709
6.158,2181.620175174419,2045.652282344898,454.9301677378709
6.158,2181.620175174419,2059.9646921164267,454.9301677378709
6.18,2181.620175174419,2059.9646921164267,454.9301677378709
6.18,2198.9995298969893,2025.2059826712857,436.5284980316199
6.201,2198.9995298969893,2025.2059826712857,436.5284980316199
6.201,2170.374710353932,2033.3845025407306,435.5061830479393
6.223,2170.374710353932,2033.3845025407306,435.5061830479393
6.223,2159.1292455334456,2025.2059826712857,447.7739628521066
6.243,2159.1292455334456,2025.2059826712857,447.7739628521066
6.244,2190.8210100275446,2050.763857263301,444.7070179010648
6.244,2190.8210100275446,2050.763857263301,444.7070179010648
6.244,2195.9325849459474,2038.4960774591336,455.95248272155146
6.264,2195.9325849459474,2038.4960774591336,455.95248272155146
6.264,2173.441655304974,2051.7861722469816,435.5061830479393
6.284,2173.441655304974,2051.7861722469816,435.5061830479393
6.284,2180.597860190738,2041.5630224101756,436.5284980316199
6.308,2180.597860190738,2041.5630224101756,436.5284980316199
6.308,2183.66480514178,2043.6076523775369,413.01525340696594
6.326,2183.66480514178,2043.6076523775369,413.01525340696594
6.326,2204.1111048153925,2044.6299673612175,455.95248272155146
6.347,2204.1111048153925,2044.6299673612175,455.95248272155146
6.347,2178.5532302233773,2048.7192272959396,441.64007295002295
6.368,2178.5532302233773,2048.7192272959396,441.64007295002295
6.368,2200.02184488067,2086.5448816921225,409.94830845592406
6.388,2200.02184488067,2086.5448816921225,409.94830845592406
6.388,2179.5755452070575,2040.540707426495,441.64007295002295
6.409,2179.5755452070575,2040.540707426495,441.64007295002295
6.409,2163.218505468168,2023.1613527039246,486.6219322319697
6.409,2163.218505468168,2023.1613527039246,486.6219322319697
6.409,2180.597860190738,2050.763857263301,460.0417426562739
6.43,2180.597860190738,2050.763857263301,460.0417426562739
6.43,2176.508600256016,2059.9646921164267,430.39460812953627
6.472,2176.508600256016,2059.9646921164267,430.39460812953627
6.472,2203.088789831712,2022.139037720244,441.64007295002295
6.472,2203.088789831712,2022.139037720244,441.64007295002295
6.472,2180.597860190738,2051.7861722469816,417.10451334168835
6.493,2180.597860190738,2051.7861722469816,417.10451334168835
6.493,2159.1292455334456,2042.5853373938562,426.3053481948138
6.513,2159.1292455334456,2042.5853373938562,426.3053481948138
6.513,2190.8210100275446,2054.8531171980235,446.751647868426
6.534,2190.8210100275446,2054.8531171980235,446.751647868426
6.534,2191.843325011225,2054.8531171980235,447.7739628521066
6.555,2191.843325011225,2054.8531171980235,447.7739628521066
6.555,2181.620175174419,2012.9382028671184,479.4657273462055
6.577,2181.620175174419,2012.9382028671184,479.4657273462055
6.577,2176.508600256016,2038.4960774591336,435.5061830479393
6.578,2176.508600256016,2038.4960774591336,435.5061830479393
6.578,2172.4193403212935,2034.4068175244113,415.0598833743271
6.597,2172.4193403212935,2034.4068175244113,415.0598833743271
6.597,2186.731750092822,2037.4737624754532,428.34997816217503
6.617,2186.731750092822,2037.4737624754532,428.34997816217503
6.617,2174.4639702886548,2058.942377132746,429.3722931458557
6.637,2174.4639702886548,2058.942377132746,429.3722931458557
6.638,2188.7763800601833,2055.875432181704,407.9036784885629
6.659,2188.7763800601833,2055.875432181704,407.9036784885629
6.659,2173.441655304974,2041.5630224101756,443.6847029173842
6.679,2173.441655304974,2041.5630224101756,443.6847029173842
6.679,2172.4193403212935,2010.8935728997574,444.7070179010648
6.702,2172.4193403212935,2010.8935728997574,444.7070179010648
6.702,2189.798695043864,2046.6745973285786,438.57312799898114
6.72,2189.798695043864,2046.6745973285786,438.57312799898114
6.72,2175.4862852723354,2039.5183924428143,429.3722931458557
6.741,2175.4862852723354,2039.5183924428143,429.3722931458557
6.741,2193.887954978586,2034.4068175244113,451.86322278682906
6.741,2193.887954978586,2034.4068175244113,451.86322278682906
6.741,2183.66480514178,2051.7861722469816,440.61775796634237
6.764,2183.66480514178,2051.7861722469816,440.61775796634237
6.764,2194.9102699622667,2041.5630224101756,435.5061830479393
6.782,2194.9102699622667,2041.5630224101756,435.5061830479393
6.783,2182.6424901580995,2048.7192272959396,460.0417426562739
6.804,2182.6424901580995,2048.7192272959396,460.0417426562739
6.804,2183.66480514178,2036.4514474917726,467.19794754203815
6.826,2183.66480514178,2036.4514474917726,467.19794754203815
6.826,2180.597860190738,2053.830802214343,406.88136350488224
6.846,2180.597860190738,2053.830802214343,406.88136350488224
6.846,2166.2854504192096,2046.6745973285786,438.57312799898114
6.866,2166.2854504192096,2046.6745973285786,438.57312799898114
6.866,2182.6424901580995,2038.4960774591336,439.5954429826617
6.887,2182.6424901580995,2038.4960774591336,439.5954429826617
6.887,2183.66480514178,2040.540707426495,443.6847029173842
6.907,2183.66480514178,2040.540707426495,443.6847029173842
6.907,2168.330080386571,2076.321731855316,422.2160882600914
6.907,2168.330080386571,2076.321731855316,422.2160882600914
6.908,2160.151560517126,2041.5630224101756,431.41692311321685
6.928,2160.151560517126,2041.5630224101756,431.41692311321685
6.928,2180.597860190738,2046.6745973285786,442.66238793370354
6.948,2180.597860190738,2046.6745973285786,442.66238793370354
6.948,2181.620175174419,2041.5630224101756,425.2830332111332
6.968,2181.620175174419,2041.5630224101756,425.2830332111332
6.968,2176.508600256016,2048.7192272959396,453.90785275419023
6.992,2176.508600256016,2048.7192272959396,453.90785275419023
6.992,2180.597860190738,2045.652282344898,447.7739628521066
7.033,2180.597860190738,2045.652282344898,447.7739628521066
7.033,2172.4193403212935,2036.4514474917726,454.9301677378709
7.033,2172.4193403212935,2036.4514474917726,454.9301677378709
7.033,2180.597860190738,2084.5002517247613,437.5508130153005
7.054,2180.597860190738,2084.5002517247613,437.5508130153005
7.054,2190.8210100275446,2051.7861722469816,434.4838680642587
7.077,2190.8210100275446,2051.7861722469816,434.4838680642587
7.077,2180.597860190738,2043.6076523775369,426.3053481948138
7.077,2180.597860190738,2043.6076523775369,426.3053481948138
7.077,2178.5532302233773,2057.9200621490654,436.5284980316199
7.097,2178.5532302233773,2057.9200621490654,436.5284980316199
7.097,2187.7540650765027,2063.031637067468,426.3053481948138
7.117,2187.7540650765027,2063.031637067468,426.3053481948138
7.117,2172.4193403212935,2068.1432119858714,438.57312799898114
7.137,2172.4193403212935,2068.1432119858714,438.57312799898114
7.138,2171.397025337613,2042.5853373938562,409.94830845592406
7.159,2171.397025337613,2042.5853373938562,409.94830845592406
7.159,2180.597860190738,2050.763857263301,414.0375683906465
7.179,2180.597860190738,2050.763857263301,414.0375683906465
7.179,2186.731750092822,2071.2101569369133,445.7293328847454
7.201,2186.731750092822,2071.2101569369133,445.7293328847454
7.201,2180.597860190738,2070.1878419532327,405.85904852120166
7.223,2180.597860190738,2070.1878419532327,405.85904852120166
7.223,2171.397025337613,2055.875432181704,436.5284980316199
7.243,2171.397025337613,2055.875432181704,436.5284980316199
7.243,2174.4639702886548,2035.429132508092,436.5284980316199
7.243,2174.4639702886548,2035.429132508092,436.5284980316199
7.243,2178.5532302233773,2053.830802214343,460.0417426562739
7.264,2178.5532302233773,2053.830802214343,460.0417426562739
7.264,2186.731750092822,2086.5448816921225,482.5326722972473
7.285,2186.731750092822,2086.5448816921225,482.5326722972473
7.285,2212.2896246848372,2054.8531171980235,446.751647868426
7.306,2212.2896246848372,2054.8531171980235,446.751647868426
7.306,2181.620175174419,2056.8977471653848,429.3722931458557
7.322,2181.620175174419,2056.8977471653848,429.3722931458557
7.323,2194.9102699622667,2063.031637067468,385.41274884758946
7.344,2194.9102699622667,2063.031637067468,385.41274884758946
7.344,2176.508600256016,2056.8977471653848,447.7739628521066
7.364,2176.508600256016,2056.8977471653848,447.7739628521066
7.364,2187.7540650765027,2102.901921431012,442.66238793370354
7.386,2187.7540650765027,2102.901921431012,442.66238793370354
7.386,2175.4862852723354,2082.4556217574,408.9259934722435
7.406,2175.4862852723354,2082.4556217574,408.9259934722435
7.406,2172.4193403212935,2069.165526969552,454.9301677378709
7.407,2172.4193403212935,2069.165526969552,454.9301677378709
7.407,2172.4193403212935,2067.1208970021908,410.9706234396047
7.428,2172.4193403212935,2067.1208970021908,410.9706234396047
7.428,2180.597860190738,2068.1432119858714,441.64007295002295
7.449,2180.597860190738,2068.1432119858714,441.64007295002295
7.449,2188.7763800601833,2053.830802214343,474.35415242780243
7.468,2188.7763800601833,2053.830802214343,474.35415242780243
7.468,2176.508600256016,2070.1878419532327,456.9747977052321
7.489,2176.508600256016,2070.1878419532327,456.9747977052321
7.489,2174.4639702886548,2048.7192272959396,448.79627783578724
7.509,2174.4639702886548,2048.7192272959396,448.79627783578724
7.509,2174.4639702886548,2085.522566708442,468.2202625257188
7.53,2174.4639702886548,2085.522566708442,468.2202625257188
7.53,2190.8210100275446,2064.053952051149,439.5954429826617
7.552,2190.8210100275446,2064.053952051149,439.5954429826617
7.552,2184.6871201254608,2054.8531171980235,456.9747977052321
7.573,2184.6871201254608,2054.8531171980235,456.9747977052321
7.573,2181.620175174419,2065.0762670348295,407.9036784885629
7.573,2181.620175174419,2065.0762670348295,407.9036784885629
7.573,2161.173875500807,2057.9200621490654,437.5508130153005
7.595,2161.173875500807,2057.9200621490654,437.5508130153005
7.595,2191.843325011225,2121.303591137263,424.2607182274526
7.615,2191.843325011225,2121.303591137263,424.2607182274526
7.615,2172.4193403212935,2041.5630224101756,434.4838680642587
7.637,2172.4193403212935,2041.5630224101756,434.4838680642587
7.637,2202.0664748480312,2031.3398725733696,455.95248272155146
7.658,2202.0664748480312,2031.3398725733696,455.95248272155146
7.658,2206.1557347827534,2042.5853373938562,400.7474736027986
7.678,2206.1557347827534,2042.5853373938562,400.7474736027986
7.678,2180.597860190738,2046.6745973285786,418.12682832536893
7.701,2180.597860190738,2046.6745973285786,418.12682832536893
7.701,2202.0664748480312,2082.4556217574,399.725158619118
7.722,2202.0664748480312,2082.4556217574,399.725158619118
7.722,2190.8210100275446,2057.9200621490654,407.9036784885629
7.743,2190.8210100275446,2057.9200621490654,407.9036784885629
7.743,2183.66480514178,2092.678771594206,449.8185928194678
7.762,2183.66480514178,2092.678771594206,449.8185928194678
7.762,2188.7763800601833,2042.5853373938562,435.5061830479393
7.783,2188.7763800601833,2042.5853373938562,435.5061830479393
7.783,2175.4862852723354,2036.4514474917726,415.0598833743271
7.783,2175.4862852723354,2036.4514474917726,415.0598833743271
7.783,2193.887954978586,2059.9646921164267,445.7293328847454
7.805,2193.887954978586,2059.9646921164267,445.7293328847454
7.805,2194.9102699622667,2058.942377132746,468.2202625257188
7.824,2194.9102699622667,2058.942377132746,468.2202625257188
7.824,2182.6424901580995,2068.1432119858714,424.2607182274526
7.844,2182.6424901580995,2068.1432119858714,424.2607182274526
7.844,2166.2854504192096,2069.165526969552,499.91202701981763
7.886,2166.2854504192096,2069.165526969552,499.91202701981763
7.886,2188.7763800601833,2055.875432181704,505.0236019382207
7.886,2188.7763800601833,2055.875432181704,505.0236019382207
7.886,2175.4862852723354,2057.9200621490654,436.5284980316199
7.906,2175.4862852723354,2057.9200621490654,436.5284980316199
7.906,2195.9325849459474,2056.8977471653848,453.90785275419023
7.906,2195.9325849459474,2056.8977471653848,453.90785275419023
7.906,2191.843325011225,2051.7861722469816,434.4838680642587
7.927,2191.843325011225,2051.7861722469816,434.4838680642587
7.927,2184.6871201254608,2054.8531171980235,438.57312799898114
7.948,2184.6871201254608,2054.8531171980235,438.57312799898114
7.948,2184.6871201254608,2082.4556217574,441.64007295002295
7.968,2184.6871201254608,2082.4556217574,441.64007295002295
7.968,2179.5755452070575,2047.6969123122592,384.39043386390887
7.99,2179.5755452070575,2047.6969123122592,384.39043386390887
7.99,2170.374710353932,2052.808487230662,437.5508130153005
8.011,2170.374710353932,2052.808487230662,437.5508130153005
8.012,2169.3523953702515,2048.7192272959396,455.95248272155146
8.033,2169.3523953702515,2048.7192272959396,455.95248272155146
8.033,2187.7540650765027,2047.6969123122592,389.5020087823119
8.054,2187.7540650765027,2047.6969123122592,389.5020087823119
8.054,2182.6424901580995,2050.763857263301,453.90785275419023
8.075,2182.6424901580995,2050.763857263301,453.90785275419023
8.075,2167.3077654028903,2076.321731855316,440.61775796634237
8.075,2167.3077654028903,2076.321731855316,440.61775796634237
8.076,2194.9102699622667,2053.830802214343,465.153317574677
8.096,2194.9102699622667,2053.830802214343,465.153317574677
8.096,2186.731750092822,2054.8531171980235,483.5549872809279
8.116,2186.731750092822,2054.8531171980235,483.5549872809279
8.116,2175.4862852723354,2083.4779367410806,464.13100259099633
8.138,2175.4862852723354,2083.4779367410806,464.13100259099633
8.138,2188.7763800601833,2057.9200621490654,443.6847029173842
8.179,2188.7763800601833,2057.9200621490654,443.6847029173842
8.179,2175.4862852723354,2042.5853373938562,423.238403243772
8.179,2175.4862852723354,2042.5853373938562,423.238403243772
8.179,2186.731750092822,2103.9242364146926,439.5954429826617
8.198,2186.731750092822,2103.9242364146926,439.5954429826617
8.198,2169.3523953702515,2077.3440468389967,437.5508130153005
8.219,2169.3523953702515,2077.3440468389967,437.5508130153005
8.219,2179.5755452070575,2052.808487230662,473.33183744412185
8.24,2179.5755452070575,2052.808487230662,473.33183744412185
8.241,2178.5532302233773,2043.6076523775369,451.86322278682906
8.241,2178.5532302233773,2043.6076523775369,451.86322278682906
8.241,2184.6871201254608,2078.3663618226774,448.79627783578724
8.261,2184.6871201254608,2078.3663618226774,448.79627783578724
8.261,2196.954899929628,2077.3440468389967,460.0417426562739
8.28,2196.954899929628,2077.3440468389967,460.0417426562739
8.28,2198.9995298969893,2066.09858201851,473.33183744412185
8.301,2198.9995298969893,2066.09858201851,473.33183744412185
8.301,2166.2854504192096,2073.2547869042746,449.8185928194678
8.321,2166.2854504192096,2073.2547869042746,449.8185928194678
8.321,2178.5532302233773,2058.942377132746,436.5284980316199
8.343,2178.5532302233773,2058.942377132746,436.5284980316199
8.344,2189.798695043864,2082.4556217574,465.153317574677
8.362,2189.798695043864,2082.4556217574,465.153317574677
8.362,2178.5532302233773,2065.0762670348295,450.8409078031484
8.382,2178.5532302233773,2065.0762670348295,450.8409078031484
8.382,2195.9325849459474,2088.5895116594834,460.0417426562739
8.405,2195.9325849459474,2088.5895116594834,460.0417426562739
8.405,2210.244994717476,2027.250612638647,473.33183744412185
8.405,2210.244994717476,2027.250612638647,473.33183744412185
8.405,2179.5755452070575,2059.9646921164267,414.0375683906465
8.425,2179.5755452070575,2059.9646921164267,414.0375683906465
8.425,2188.7763800601833,2031.3398725733696,421.19377327641075
8.446,2188.7763800601833,2031.3398725733696,421.19377327641075
8.446,2170.374710353932,2062.0093220837875,417.10451334168835
8.468,2170.374710353932,2062.0093220837875,417.10451334168835
8.468,2214.3342546521985,2058.942377132746,439.5954429826617
8.489,2214.3342546521985,2058.942377132746,439.5954429826617
8.49,2177.5309152396967,2045.652282344898,471.2872074767606
8.511,2177.5309152396967,2045.652282344898,471.2872074767606
8.512,2181.620175174419,2062.0093220837875,429.3722931458557
8.533,2181.620175174419,2062.0093220837875,429.3722931458557
8.533,2174.4639702886548,2065.0762670348295,432.4392380968975
8.552,2174.4639702886548,2065.0762670348295,432.4392380968975
8.552,2187.7540650765027,2059.9646921164267,451.86322278682906
8.573,2180.597860190738,2073.2547869042746,427.32766317849445
8.573,2187.7540650765027,2059.9646921164267,451.86322278682906
8.573,2180.597860190738,2073.2547869042746,427.32766317849445
8.573,2181.620175174419,2067.1208970021908,410.9706234396047
8.592,2181.620175174419,2067.1208970021908,410.9706234396047
8.592,2175.4862852723354,2073.2547869042746,452.88553777050964
8.613,2175.4862852723354,2073.2547869042746,452.88553777050964
8.613,2193.887954978586,2076.321731855316,434.4838680642587
8.637,2193.887954978586,2076.321731855316,434.4838680642587
8.637,2186.731750092822,2072.232471920594,454.9301677378709
8.658,2186.731750092822,2072.232471920594,454.9301677378709
8.658,2172.4193403212935,2078.3663618226774,432.4392380968975
8.679,2172.4193403212935,2078.3663618226774,432.4392380968975
8.679,2164.240820451849,2055.875432181704,471.2872074767606
8.701,2164.240820451849,2055.875432181704,471.2872074767606
8.701,2182.6424901580995,2070.1878419532327,444.7070179010648
8.723,2182.6424901580995,2070.1878419532327,444.7070179010648
8.723,2179.5755452070575,2019.072092769202,451.86322278682906
8.743,2179.5755452070575,2019.072092769202,451.86322278682906
8.743,2185.7094351091414,2086.5448816921225,453.90785275419023
8.743,2185.7094351091414,2086.5448816921225,453.90785275419023
8.743,2177.5309152396967,2078.3663618226774,426.3053481948138
8.764,2177.5309152396967,2078.3663618226774,426.3053481948138
8.764,2190.8210100275446,2049.7415422796203,485.5996172482891
8.785,2190.8210100275446,2049.7415422796203,485.5996172482891
8.785,2188.7763800601833,2062.0093220837875,433.4615530805781
8.806,2188.7763800601833,2062.0093220837875,433.4615530805781
8.806,2190.8210100275446,2035.429132508092,478.4434123625249
8.826,2190.8210100275446,2035.429132508092,478.4434123625249
8.826,2181.620175174419,2092.678771594206,491.73350715037276
8.847,2181.620175174419,2092.678771594206,491.73350715037276
8.847,2169.3523953702515,2093.7010865778866,421.19377327641075
8.867,2210.244994717476,2065.0762670348295,423.238403243772
8.867,2169.3523953702515,2093.7010865778866,421.19377327641075
8.889,2210.244994717476,2065.0762670348295,423.238403243772
8.889,2194.9102699622667,2085.522566708442,443.6847029173842
8.908,2194.9102699622667,2085.522566708442,443.6847029173842
8.908,2196.954899929628,2065.0762670348295,472.3095224604412
8.928,2196.954899929628,2065.0762670348295,472.3095224604412
8.928,2179.5755452070575,2075.2994168716355,438.57312799898114
8.928,2179.5755452070575,2075.2994168716355,438.57312799898114
8.928,2196.954899929628,2092.678771594206,434.4838680642587
8.95,2196.954899929628,2092.678771594206,434.4838680642587
8.95,2179.5755452070575,2074.277101887955,403.8144185538404
8.969,2179.5755452070575,2074.277101887955,403.8144185538404
8.969,2190.8210100275446,2083.4779367410806,432.4392380968975
8.991,2155.039985598723,2089.611826643164,379.2788589455058
8.991,2155.039985598723,2089.611826643164,379.2788589455058
9.012,2177.5309152396967,2076.321731855316,443.6847029173842
9.012,2177.5309152396967,2076.321731855316,443.6847029173842
9.032,2181.620175174419,2068.1432119858714,451.86322278682906
9.032,2181.620175174419,2068.1432119858714,451.86322278682906
9.053,2200.02184488067,2064.053952051149,451.86322278682906
9.053,2200.02184488067,2064.053952051149,451.86322278682906
9.074,2191.843325011225,2075.2994168716355,432.4392380968975
9.074,2191.843325011225,2075.2994168716355,432.4392380968975
9.074,2196.954899929628,2062.0093220837875,480.48804232988607
9.074,2192.8656399949055,2088.5895116594834,451.86322278682906
9.096,2192.8656399949055,2088.5895116594834,451.86322278682906
9.096,2188.7763800601833,2079.388676806358,451.86322278682906
9.118,2188.7763800601833,2079.388676806358,451.86322278682906
9.118,2174.4639702886548,2072.232471920594,443.6847029173842
9.138,2174.4639702886548,2072.232471920594,443.6847029173842
9.138,2171.397025337613,2084.5002517247613,431.41692311321685
9.159,2171.397025337613,2084.5002517247613,431.41692311321685
9.159,2174.4639702886548,2071.2101569369133,418.12682832536893
9.18,2174.4639702886548,2071.2101569369133,418.12682832536893
9.18,2187.7540650765027,2083.4779367410806,449.8185928194678
9.201,2187.7540650765027,2083.4779367410806,449.8185928194678
9.201,2180.597860190738,2090.6341416268447,476.39878239516366
9.221,2180.597860190738,2090.6341416268447,476.39878239516366
9.221,2173.441655304974,2055.875432181704,452.88553777050964
9.245,2173.441655304974,2055.875432181704,452.88553777050964
9.245,2186.731750092822,2079.388676806358,444.7070179010648
9.245,2186.731750092822,2079.388676806358,444.7070179010648
9.245,2189.798695043864,2085.522566708442,438.57312799898114
9.263,2189.798695043864,2085.522566708442,438.57312799898114
9.263,2190.8210100275446,2084.5002517247613,441.64007295002295
9.285,2190.8210100275446,2084.5002517247613,441.64007295002295
9.285,2195.9325849459474,2091.6564566105253,447.7739628521066
9.305,2195.9325849459474,2091.6564566105253,447.7739628521066
9.305,2192.8656399949055,2079.388676806358,414.0375683906465
9.325,2192.8656399949055,2079.388676806358,414.0375683906465
9.325,2175.4862852723354,2073.2547869042746,462.08637262363516
9.346,2175.4862852723354,2073.2547869042746,462.08637262363516
9.346,2220.468144554282,2032.36218755705,476.39878239516366
9.366,2220.468144554282,2032.36218755705,476.39878239516366
9.366,2184.6871201254608,2056.8977471653848,446.751647868426
9.388,2184.6871201254608,2056.8977471653848,446.751647868426
9.388,2200.02184488067,2067.1208970021908,460.0417426562739
9.408,2200.02184488067,2067.1208970021908,460.0417426562739
9.408,2178.5532302233773,2047.6969123122592,467.19794754203815
9.408,2178.5532302233773,2047.6969123122592,467.19794754203815
9.408,2191.843325011225,2062.0093220837875,434.4838680642587
9.429,2191.843325011225,2062.0093220837875,434.4838680642587
9.429,2192.8656399949055,2073.2547869042746,434.4838680642587
9.45,2192.8656399949055,2073.2547869042746,434.4838680642587
9.45,2189.798695043864,2068.1432119858714,447.7739628521066
9.47,2189.798695043864,2068.1432119858714,447.7739628521066
9.47,2190.8210100275446,2070.1878419532327,460.0417426562739
9.491,2190.8210100275446,2070.1878419532327,460.0417426562739
9.491,2175.4862852723354,2069.165526969552,438.57312799898114
9.512,2175.4862852723354,2069.165526969552,438.57312799898114
9.512,2182.6424901580995,2066.09858201851,446.751647868426
9.532,2182.6424901580995,2066.09858201851,446.751647868426
9.532,2195.9325849459474,2083.4779367410806,505.0236019382207
9.552,2195.9325849459474,2083.4779367410806,505.0236019382207
9.552,2191.843325011225,2068.1432119858714,437.5508130153005
9.573,2191.843325011225,2068.1432119858714,437.5508130153005
9.573,2189.798695043864,2083.4779367410806,452.88553777050964
9.573,2189.798695043864,2083.4779367410806,452.88553777050964
9.574,2175.4862852723354,2065.0762670348295,445.7293328847454
9.593,2175.4862852723354,2065.0762670348295,445.7293328847454
9.593,2170.374710353932,2080.4109917900387,433.4615530805781
9.616,2170.374710353932,2080.4109917900387,433.4615530805781
9.616,2192.8656399949055,2083.4779367410806,407.9036784885629
9.635,2192.8656399949055,2083.4779367410806,407.9036784885629
9.635,2183.66480514178,2052.808487230662,439.5954429826617
9.656,2183.66480514178,2052.808487230662,439.5954429826617
9.656,2208.2003647501147,2063.031637067468,446.751647868426
9.677,2208.2003647501147,2063.031637067468,446.751647868426
9.678,2184.6871201254608,2072.232471920594,447.7739628521066
9.697,2184.6871201254608,2072.232471920594,447.7739628521066
9.697,2188.7763800601833,2089.611826643164,443.6847029173842
9.719,2188.7763800601833,2089.611826643164,443.6847029173842
9.719,2154.0176706150423,2071.2101569369133,489.6888771830116
9.74,2154.0176706150423,2071.2101569369133,489.6888771830116
9.74,2188.7763800601833,2059.9646921164267,431.41692311321685
9.74,2188.7763800601833,2059.9646921164267,431.41692311321685
9.74,2203.088789831712,2070.1878419532327,422.2160882600914
9.781,2203.088789831712,2070.1878419532327,422.2160882600914
9.781,2180.597860190738,2063.031637067468,435.5061830479393
9.781,2180.597860190738,2063.031637067468,435.5061830479393
9.781,2169.3523953702515,2057.9200621490654,422.2160882600914
9.801,2169.3523953702515,2057.9200621490654,422.2160882600914
9.801,2196.954899929628,2056.8977471653848,440.61775796634237
9.822,2196.954899929628,2056.8977471653848,440.61775796634237
9.822,2178.5532302233773,2069.165526969552,429.3722931458557
9.843,2178.5532302233773,2069.165526969552,429.3722931458557
9.843,2201.0441598643506,2081.4333067737193,451.86322278682906
9.865,2201.0441598643506,2081.4333067737193,451.86322278682906
9.865,2178.5532302233773,2071.2101569369133,454.9301677378709
9.885,2178.5532302233773,2071.2101569369133,454.9301677378709
9.885,2179.5755452070575,2064.053952051149,434.4838680642587
9.907,2179.5755452070575,2064.053952051149,434.4838680642587
9.908,2165.2631354355294,2043.6076523775369,423.238403243772
9.908,2165.2631354355294,2043.6076523775369,423.238403243772
9.908,2185.7094351091414,2058.942377132746,436.5284980316199
9.926,2185.7094351091414,2058.942377132746,436.5284980316199
9.926,2205.1334197990727,2073.2547869042746,469.2425775093994
9.949,2205.1334197990727,2073.2547869042746,469.2425775093994
9.949,2181.620175174419,2073.2547869042746,440.61775796634237
9.972,2181.620175174419,2073.2547869042746,440.61775796634237
9.972,2186.731750092822,2074.277101887955,437.5508130153005
9.991,2186.731750092822,2074.277101887955,437.5508130153005
9.991,2182.6424901580995,2085.522566708442,423.238403243772
10.012,2182.6424901580995,2085.522566708442,423.238403243772
10.012,2188.7763800601833,2064.053952051149,444.7070179010648
10.034,2188.7763800601833,2064.053952051149,444.7070179010648
10.034,2192.8656399949055,2079.388676806358,454.9301677378709
10.056,2192.8656399949055,2079.388676806358,454.9301677378709
10.056,2186.731750092822,2059.9646921164267,410.9706234396047
10.077,2186.731750092822,2059.9646921164267,410.9706234396047
10.077,2187.7540650765027,2056.8977471653848,435.5061830479393
10.097,2187.7540650765027,2056.8977471653848,435.5061830479393
10.097,2174.4639702886548,2059.9646921164267,400.7474736027986
10.099,2174.4639702886548,2059.9646921164267,400.7474736027986
10.099,2207.178049766434,2056.8977471653848,430.39460812953627
10.118,2207.178049766434,2056.8977471653848,430.39460812953627
10.118,2200.02184488067,2093.7010865778866,422.2160882600914
10.139,2200.02184488067,2093.7010865778866,422.2160882600914
10.139,2189.798695043864,2040.540707426495,434.4838680642587
10.16,2189.798695043864,2040.540707426495,434.4838680642587
10.16,2185.7094351091414,2058.942377132746,440.61775796634237
10.18,2185.7094351091414,2058.942377132746,440.61775796634237
10.18,2163.218505468168,2064.053952051149,415.0598833743271
10.201,2163.218505468168,2064.053952051149,415.0598833743271
10.201,2182.6424901580995,2069.165526969552,457.9971126889127
10.222,2182.6424901580995,2069.165526969552,457.9971126889127
10.223,2178.5532302233773,2062.0093220837875,461.0640576399545
10.243,2178.5532302233773,2062.0093220837875,461.0640576399545
10.243,2190.8210100275446,2065.0762670348295,430.39460812953627
10.243,2190.8210100275446,2065.0762670348295,430.39460812953627
10.244,2180.597860190738,2063.031637067468,449.8185928194678
10.263,2180.597860190738,2063.031637067468,449.8185928194678
10.263,2191.843325011225,2071.2101569369133,432.4392380968975
10.288,2191.843325011225,2071.2101569369133,432.4392380968975
10.288,2182.6424901580995,2066.09858201851,429.3722931458557
10.307,2182.6424901580995,2066.09858201851,429.3722931458557
10.307,2183.66480514178,2083.4779367410806,443.6847029173842
10.328,2183.66480514178,2083.4779367410806,443.6847029173842
10.328,2189.798695043864,2058.942377132746,419.1491433090496
10.349,2189.798695043864,2058.942377132746,419.1491433090496
10.35,2179.5755452070575,2057.9200621490654,445.7293328847454
10.37,2179.5755452070575,2057.9200621490654,445.7293328847454
10.37,2186.731750092822,2032.36218755705,472.3095224604412
10.391,2186.731750092822,2032.36218755705,472.3095224604412
10.391,2183.66480514178,2046.6745973285786,429.3722931458557
10.414,2183.66480514178,2046.6745973285786,429.3722931458557
10.414,2187.7540650765027,2064.053952051149,463.10868760731574
10.415,2187.7540650765027,2064.053952051149,463.10868760731574
10.415,2185.7094351091414,2051.7861722469816,471.2872074767606
10.434,2185.7094351091414,2051.7861722469816,471.2872074767606
10.434,2178.5532302233773,2064.053952051149,448.79627783578724
10.454,2178.5532302233773,2064.053952051149,448.79627783578724
10.454,2181.620175174419,2044.6299673612175,375.1895990107834
10.475,2181.620175174419,2044.6299673612175,375.1895990107834
10.475,2180.597860190738,2060.987007100107,433.4615530805781
10.496,2180.597860190738,2060.987007100107,433.4615530805781
10.496,2194.9102699622667,2062.0093220837875,438.57312799898114
10.516,2194.9102699622667,2062.0093220837875,438.57312799898114
10.516,2176.508600256016,2063.031637067468,425.2830332111332
10.537,2176.508600256016,2063.031637067468,425.2830332111332
10.537,2181.620175174419,2053.830802214343,441.64007295002295
10.56,2181.620175174419,2053.830802214343,441.64007295002295
10.56,2178.5532302233773,2075.2994168716355,420.17145829273016
10.58,2178.5532302233773,2075.2994168716355,420.17145829273016
10.58,2186.731750092822,2059.9646921164267,498.88971203613704
10.58,2186.731750092822,2059.9646921164267,498.88971203613704
10.581,2164.240820451849,2066.09858201851,489.6888771830116
10.601,2164.240820451849,2066.09858201851,489.6888771830116
10.601,2174.4639702886548,2056.8977471653848,428.34997816217503
10.621,2174.4639702886548,2056.8977471653848,428.34997816217503
10.621,2158.106930549765,2037.4737624754532,424.2607182274526
10.643,2158.106930549765,2037.4737624754532,424.2607182274526
10.643,2164.240820451849,2018.0497777855217,422.2160882600914
10.663,2164.240820451849,2018.0497777855217,422.2160882600914
10.663,2170.374710353932,2025.2059826712857,437.5508130153005
10.683,2170.374710353932,2025.2059826712857,437.5508130153005
10.683,2176.508600256016,2020.0944077528827,452.88553777050964
10.706,2176.508600256016,2020.0944077528827,452.88553777050964
10.706,2165.2631354355294,2021.1167227365634,445.7293328847454
10.726,2165.2631354355294,2021.1167227365634,445.7293328847454
10.726,2176.508600256016,1970.000973552533,446.751647868426
10.747,2176.508600256016,1970.000973552533,446.751647868426
10.747,2186.731750092822,1991.4695882098258,454.9301677378709
10.748,2186.731750092822,1991.4695882098258,454.9301677378709
10.748,2181.620175174419,1997.6034781119095,455.95248272155146
10.769,2181.620175174419,1997.6034781119095,455.95248272155146
10.769,2180.597860190738,2003.737368013993,476.39878239516366
10.789,2180.597860190738,2003.737368013993,476.39878239516366
10.789,2157.0846155660843,1986.3580132914226,434.4838680642587
10.81,2157.0846155660843,1986.3580132914226,434.4838680642587
10.81,2171.397025337613,1994.5365331608675,438.57312799898114
10.831,2171.397025337613,1994.5365331608675,438.57312799898114
10.832,2171.397025337613,2026.2282976549664,404.836733537521
10.853,2171.397025337613,2026.2282976549664,404.836733537521
10.853,2186.731750092822,1989.4249582424645,447.7739628521066
10.875,2186.731750092822,1989.4249582424645,447.7739628521066
10.875,2182.6424901580995,1952.6216188299627,463.10868760731574
10.895,2182.6424901580995,1952.6216188299627,463.10868760731574
10.895,2173.441655304974,1920.9298543358636,436.5284980316199
10.915,2173.441655304974,1920.9298543358636,436.5284980316199
10.915,2174.4639702886548,1818.6983559678029,434.4838680642587
10.915,2174.4639702886548,1818.6983559678029,434.4838680642587
10.916,2167.3077654028903,1751.2255670448826,470.26489249307997
10.936,2167.3077654028903,1751.2255670448826,470.26489249307997
10.936,2161.173875500807,1737.9354722570347,445.7293328847454
10.956,2161.173875500807,1737.9354722570347,445.7293328847454
10.956,2152.9953556313617,1703.1767628118942,432.4392380968975
10.977,2152.9953556313617,1703.1767628118942,432.4392380968975
10.977,2157.0846155660843,1673.5296282851564,444.7070179010648
10.998,2157.0846155660843,1673.5296282851564,444.7070179010648
10.999,2165.2631354355294,1669.440368350434,442.66238793370354
11.018,2165.2631354355294,1669.440368350434,442.66238793370354
11.018,2144.816835761917,1678.6412032035594,445.7293328847454
11.04,2144.816835761917,1678.6412032035594,445.7293328847454
11.04,2157.0846155660843,1674.551943268837,440.61775796634237
11.06,2157.0846155660843,1674.551943268837,440.61775796634237
11.06,2163.218505468168,1673.5296282851564,430.39460812953627
11.082,2163.218505468168,1673.5296282851564,430.39460812953627
11.082,2167.3077654028903,1687.842038056685,438.57312799898114
11.082,2167.3077654028903,1687.842038056685,438.57312799898114
11.082,2168.330080386571,1689.8866680240462,440.61775796634237
11.103,2168.330080386571,1689.8866680240462,440.61775796634237
11.103,2149.92841068032,1708.2883377302971,457.9971126889127
11.123,2149.92841068032,1708.2883377302971,457.9971126889127
11.124,2159.1292455334456,1742.0247321917573,426.3053481948138
11.146,2159.1292455334456,1742.0247321917573,426.3053481948138
11.146,2185.7094351091414,1733.8462123223123,456.9747977052321
11.167,2185.7094351091414,1733.8462123223123,456.9747977052321
11.167,2159.1292455334456,1763.4933468490499,436.5284980316199
11.188,2159.1292455334456,1763.4933468490499,436.5284980316199
11.188,2164.240820451849,1769.6272367511338,442.66238793370354
11.21,2164.240820451849,1769.6272367511338,442.66238793370354
11.21,2173.441655304974,1766.5602918000918,475.376467411483
11.233,2173.441655304974,1766.5602918000918,475.376467411483
11.233,2177.5309152396967,1774.7388116695367,467.19794754203815
11.253,2177.5309152396967,1774.7388116695367,467.19794754203815
11.253,2186.731750092822,1770.6495517348142,483.5549872809279
11.254,2186.731750092822,1770.6495517348142,483.5549872809279
11.254,2157.0846155660843,1759.4040869143275,451.86322278682906
11.275,2157.0846155660843,1759.4040869143275,451.86322278682906
11.275,2152.9953556313617,1743.047047175438,448.79627783578724
11.296,2152.9953556313617,1743.047047175438,448.79627783578724
11.296,2170.374710353932,1736.9131572733543,442.66238793370354
11.318,2170.374710353932,1736.9131572733543,442.66238793370354
11.318,2165.2631354355294,1756.3371419632858,449.8185928194678
11.338,2165.2631354355294,1756.3371419632858,449.8185928194678
11.338,2173.441655304974,1748.158622093841,452.88553777050964
11.36,2173.441655304974,1748.158622093841,452.88553777050964
11.36,2146.8614657292783,1750.203252061202,448.79627783578724
11.382,2146.8614657292783,1750.203252061202,448.79627783578724
11.382,2164.240820451849,1745.091677142799,442.66238793370354
11.401,2164.240820451849,1745.091677142799,442.66238793370354
11.401,2164.240820451849,1759.4040869143275,449.8185928194678
11.422,2164.240820451849,1759.4040869143275,449.8185928194678
11.422,2151.9730406476815,1747.1363071101603,445.7293328847454
11.422,2151.9730406476815,1747.1363071101603,445.7293328847454
11.422,2177.5309152396967,1742.0247321917573,436.5284980316199
11.443,2177.5309152396967,1742.0247321917573,436.5284980316199
11.443,2166.2854504192096,1748.158622093841,419.1491433090496
11.463,2166.2854504192096,1748.158622093841,419.1491433090496
11.463,2167.3077654028903,1754.2925119959245,444.7070179010648
11.484,2167.3077654028903,1754.2925119959245,444.7070179010648
11.484,2163.218505468168,1753.270197012244,453.90785275419023
11.504,2163.218505468168,1753.270197012244,453.90785275419023
11.504,2164.240820451849,1754.2925119959245,445.7293328847454
11.524,2164.240820451849,1754.2925119959245,445.7293328847454
11.524,2179.5755452070575,1750.203252061202,447.7739628521066
11.547,2179.5755452070575,1750.203252061202,447.7739628521066
11.547,2173.441655304974,1742.0247321917573,449.8185928194678
11.568,2173.441655304974,1742.0247321917573,449.8185928194678
11.568,2165.2631354355294,1747.1363071101603,439.5954429826617
11.588,2165.2631354355294,1747.1363071101603,439.5954429826617
11.588,2161.173875500807,1752.2478820285633,427.32766317849445
11.589,2161.173875500807,1752.2478820285633,427.32766317849445
11.589,2164.240820451849,1746.1139921264796,454.9301677378709
11.61,2164.240820451849,1746.1139921264796,454.9301677378709
11.61,2174.4639702886548,1749.1809370775215,462.08637262363516
11.63,2174.4639702886548,1749.1809370775215,462.08637262363516
11.631,2152.9953556313617,1738.9577872407153,462.08637262363516
11.651,2152.9953556313617,1738.9577872407153,462.08637262363516
11.652,2164.240820451849,1765.5379768164112,445.7293328847454
11.693,2164.240820451849,1765.5379768164112,445.7293328847454
11.693,2145.8391507455976,1738.9577872407153,446.751647868426
11.693,2145.8391507455976,1738.9577872407153,446.751647868426
11.693,2171.397025337613,1747.1363071101603,443.6847029173842
11.715,2171.397025337613,1747.1363071101603,443.6847029173842
11.715,2173.441655304974,1743.047047175438,440.61775796634237
11.734,2173.441655304974,1743.047047175438,440.61775796634237
11.734,2158.106930549765,1748.158622093841,439.5954429826617
11.754,2158.106930549765,1748.158622093841,439.5954429826617
11.754,2170.374710353932,1752.2478820285633,435.5061830479393
11.754,2170.374710353932,1752.2478820285633,435.5061830479393
11.754,2167.3077654028903,1744.0693621591183,425.2830332111332
11.775,2167.3077654028903,1744.0693621591183,425.2830332111332
11.775,2163.218505468168,1748.158622093841,447.7739628521066
11.796,2163.218505468168,1748.158622093841,447.7739628521066
11.796,2167.3077654028903,1747.1363071101603,446.751647868426
11.817,2167.3077654028903,1747.1363071101603,446.751647868426
11.818,2163.218505468168,1739.980102224396,434.4838680642587
11.84,2163.218505468168,1739.980102224396,434.4838680642587
11.84,2163.218505468168,1746.1139921264796,438.57312799898114
11.86,2163.218505468168,1746.1139921264796,438.57312799898114
11.86,2171.397025337613,1742.0247321917573,457.9971126889127
11.882,2171.397025337613,1742.0247321917573,457.9971126889127
11.882,2162.1961904844875,1755.3148269796052,438.57312799898114
11.903,2162.1961904844875,1755.3148269796052,438.57312799898114
11.903,2172.4193403212935,1754.2925119959245,442.66238793370354
11.922,2172.4193403212935,1754.2925119959245,442.66238793370354
11.922,2159.1292455334456,1756.3371419632858,445.7293328847454
11.922,2159.1292455334456,1756.3371419632858,445.7293328847454
11.923,2163.218505468168,1747.1363071101603,444.7070179010648
11.942,2163.218505468168,1747.1363071101603,444.7070179010648
11.943,2151.9730406476815,1769.6272367511338,439.5954429826617
11.963,2151.9730406476815,1769.6272367511338,439.5954429826617
11.963,2159.1292455334456,1742.0247321917573,445.7293328847454
11.975,2159.1292455334456,1742.0247321917573,445.7293328847454
11.975,2170.374710353932,1750.203252061202,444.7070179010648
11.997,2170.374710353932,1750.203252061202,444.7070179010648
11.997,2163.218505468168,1743.047047175438,436.5284980316199
12.016,2163.218505468168,1743.047047175438,436.5284980316199
12.016,2167.3077654028903,1747.1363071101603,439.5954429826617
12.036,2167.3077654028903,1747.1363071101603,439.5954429826617
12.036,2160.151560517126,1745.091677142799,442.66238793370354
12.057,2160.151560517126,1745.091677142799,442.66238793370354
12.057,2168.330080386571,1757.3594569469662,442.66238793370354
12.077,2168.330080386571,1757.3594569469662,442.66238793370354
12.077,2175.4862852723354,1757.3594569469662,430.39460812953627
12.078,2175.4862852723354,1757.3594569469662,430.39460812953627
12.078,2167.3077654028903,1748.158622093841,449.8185928194678
12.1,2167.3077654028903,1748.158622093841,449.8185928194678
12.1,2161.173875500807,1750.203252061202,431.41692311321685
12.118,2161.173875500807,1750.203252061202,431.41692311321685
12.118,2167.3077654028903,1752.2478820285633,422.2160882600914
12.139,2167.3077654028903,1752.2478820285633,422.2160882600914
12.139,2186.731750092822,1744.0693621591183,440.61775796634237
12.159,2186.731750092822,1744.0693621591183,440.61775796634237
12.159,2157.0846155660843,1746.1139921264796,448.79627783578724
12.18,2157.0846155660843,1746.1139921264796,448.79627783578724
12.18,2169.3523953702515,1753.270197012244,438.57312799898114
12.202,2169.3523953702515,1753.270197012244,438.57312799898114
12.202,2171.397025337613,1749.1809370775215,439.5954429826617
12.223,2171.397025337613,1749.1809370775215,439.5954429826617
12.223,2165.2631354355294,1754.2925119959245,445.7293328847454
12.243,2165.2631354355294,1754.2925119959245,445.7293328847454
12.243,2172.4193403212935,1753.270197012244,437.5508130153005
12.244,2172.4193403212935,1753.270197012244,437.5508130153005
12.244,2160.151560517126,1741.0024172080766,455.95248272155146
12.265,2160.151560517126,1741.0024172080766,455.95248272155146
12.265,2171.397025337613,1745.091677142799,443.6847029173842
12.284,2171.397025337613,1745.091677142799,443.6847029173842
12.285,2175.4862852723354,1750.203252061202,444.7070179010648
12.305,2175.4862852723354,1750.203252061202,444.7070179010648
12.305,2168.330080386571,1741.0024172080766,462.08637262363516
12.325,2168.330080386571,1741.0024172080766,462.08637262363516
12.325,2171.397025337613,1749.1809370775215,444.7070179010648
12.346,2171.397025337613,1749.1809370775215,444.7070179010648
12.346,2176.508600256016,1758.381771930647,430.39460812953627
12.368,2176.508600256016,1758.381771930647,430.39460812953627
12.368,2167.3077654028903,1751.2255670448826,441.64007295002295
12.389,2167.3077654028903,1751.2255670448826,441.64007295002295
12.389,2152.9953556313617,1743.047047175438,438.57312799898114
12.41,2152.9953556313617,1743.047047175438,438.57312799898114
12.411,2160.151560517126,1745.091677142799,439.5954429826617
12.411,2160.151560517126,1745.091677142799,439.5954429826617
12.411,2167.3077654028903,1751.2255670448826,441.64007295002295
12.433,2167.3077654028903,1751.2255670448826,441.64007295002295
12.433,2162.1961904844875,1751.2255670448826,431.41692311321685
12.454,2162.1961904844875,1751.2255670448826,431.41692311321685
12.454,2163.218505468168,1747.1363071101603,436.5284980316199
12.476,2163.218505468168,1747.1363071101603,436.5284980316199
12.476,2150.950725664001,1745.091677142799,429.3722931458557
12.495,2150.950725664001,1745.091677142799,429.3722931458557
12.495,2171.397025337613,1753.270197012244,441.64007295002295
12.537,2171.397025337613,1753.270197012244,441.64007295002295
12.537,2169.3523953702515,1746.1139921264796,438.57312799898114
12.537,2169.3523953702515,1746.1139921264796,438.57312799898114
12.537,2177.5309152396967,1744.0693621591183,430.39460812953627
12.558,2177.5309152396967,1744.0693621591183,430.39460812953627
12.558,2167.3077654028903,1748.158622093841,446.751647868426
12.578,2167.3077654028903,1748.158622093841,446.751647868426
12.578,2162.1961904844875,1744.0693621591183,431.41692311321685
12.578,2162.1961904844875,1744.0693621591183,431.41692311321685
12.578,2163.218505468168,1746.1139921264796,434.4838680642587
12.601,2163.218505468168,1746.1139921264796,434.4838680642587
12.601,2164.240820451849,1744.0693621591183,449.8185928194678
12.622,2164.240820451849,1744.0693621591183,449.8185928194678
12.622,2156.0623005824036,1753.270197012244,452.88553777050964
12.644,2156.0623005824036,1753.270197012244,452.88553777050964
12.644,2164.240820451849,1750.203252061202,442.66238793370354
12.664,2164.240820451849,1750.203252061202,442.66238793370354
12.664,2168.330080386571,1747.1363071101603,441.64007295002295
12.684,2168.330080386571,1747.1363071101603,441.64007295002295
12.684,2162.1961904844875,1749.1809370775215,429.3722931458557
12.706,2162.1961904844875,1749.1809370775215,429.3722931458557
12.706,2167.3077654028903,1755.3148269796052,445.7293328847454
12.727,2167.3077654028903,1755.3148269796052,445.7293328847454
12.727,2162.1961904844875,1753.270197012244,461.0640576399545
12.747,2162.1961904844875,1753.270197012244,461.0640576399545
12.747,2159.1292455334456,1738.9577872407153,431.41692311321685
12.747,2159.1292455334456,1738.9577872407153,431.41692311321685
12.747,2160.151560517126,1744.0693621591183,435.5061830479393
12.768,2160.151560517126,1744.0693621591183,435.5061830479393
12.768,2166.2854504192096,1749.1809370775215,443.6847029173842
12.788,2166.2854504192096,1749.1809370775215,443.6847029173842
12.788,2166.2854504192096,1747.1363071101603,440.61775796634237
12.81,2166.2854504192096,1747.1363071101603,440.61775796634237
12.81,2167.3077654028903,1732.8238973386317,438.57312799898114
12.829,2167.3077654028903,1732.8238973386317,438.57312799898114
12.829,2161.173875500807,1748.158622093841,445.7293328847454
12.852,2161.173875500807,1748.158622093841,445.7293328847454
12.852,2171.397025337613,1743.047047175438,435.5061830479393
12.871,2171.397025337613,1743.047047175438,435.5061830479393
12.871,2169.3523953702515,1748.158622093841,444.7070179010648
12.892,2169.3523953702515,1748.158622093841,444.7070179010648
12.892,2164.240820451849,1747.1363071101603,441.64007295002295
12.913,2164.240820451849,1747.1363071101603,441.64007295002295
12.913,2165.2631354355294,1752.2478820285633,449.8185928194678
12.913,2165.2631354355294,1752.2478820285633,449.8185928194678
12.913,2160.151560517126,1742.0247321917573,445.7293328847454
12.934,2160.151560517126,1742.0247321917573,445.7293328847454
12.934,2166.2854504192096,1750.203252061202,441.64007295002295
12.955,2166.2854504192096,1750.203252061202,441.64007295002295
12.955,2159.1292455334456,1750.203252061202,443.6847029173842
12.977,2159.1292455334456,1750.203252061202,443.6847029173842
12.977,2166.2854504192096,1741.0024172080766,439.5954429826617
13.021,2166.2854504192096,1741.0024172080766,439.5954429826617
13.021,2160.151560517126,1749.1809370775215,452.88553777050964
13.021,2160.151560517126,1749.1809370775215,452.88553777050964
13.021,2162.1961904844875,1742.0247321917573,435.5061830479393
13.041,2162.1961904844875,1742.0247321917573,435.5061830479393
13.041,2158.106930549765,1750.203252061202,426.3053481948138
13.064,2158.106930549765,1750.203252061202,426.3053481948138
13.064,2159.1292455334456,1746.1139921264796,448.79627783578724
13.084,2159.1292455334456,1746.1139921264796,448.79627783578724
13.084,2161.173875500807,1746.1139921264796,440.61775796634237
13.085,2161.173875500807,1746.1139921264796,440.61775796634237
13.085,2175.4862852723354,1753.270197012244,432.4392380968975
13.106,2175.4862852723354,1753.270197012244,432.4392380968975
13.106,2164.240820451849,1744.0693621591183,435.5061830479393
13.126,2164.240820451849,1744.0693621591183,435.5061830479393
13.126,2162.1961904844875,1736.9131572733543,429.3722931458557
13.147,2162.1961904844875,1736.9131572733543,429.3722931458557
13.147,2169.3523953702515,1748.158622093841,433.4615530805781
13.168,2169.3523953702515,1748.158622093841,433.4615530805781
13.168,2169.3523953702515,1749.1809370775215,440.61775796634237
13.189,2169.3523953702515,1749.1809370775215,440.61775796634237
13.19,2163.218505468168,1743.047047175438,445.7293328847454
13.208,2163.218505468168,1743.047047175438,445.7293328847454
13.208,2165.2631354355294,1744.0693621591183,435.5061830479393
13.23,2165.2631354355294,1744.0693621591183,435.5061830479393
13.23,2160.151560517126,1739.980102224396,446.751647868426
13.251,2160.151560517126,1739.980102224396,446.751647868426
13.251,2169.3523953702515,1743.047047175438,434.4838680642587
13.252,2169.3523953702515,1743.047047175438,434.4838680642587
13.252,2166.2854504192096,1745.091677142799,441.64007295002295
13.273,2166.2854504192096,1745.091677142799,441.64007295002295
13.273,2171.397025337613,1745.091677142799,447.7739628521066
13.294,2171.397025337613,1745.091677142799,447.7739628521066
13.294,2157.0846155660843,1744.0693621591183,435.5061830479393
13.316,2157.0846155660843,1744.0693621591183,435.5061830479393
13.316,2163.218505468168,1745.091677142799,453.90785275419023
13.337,2163.218505468168,1745.091677142799,453.90785275419023
13.337,2164.240820451849,1742.0247321917573,432.4392380968975
13.357,2164.240820451849,1742.0247321917573,432.4392380968975
13.357,2163.218505468168,1747.1363071101603,448.79627783578724
13.377,2163.218505468168,1747.1363071101603,448.79627783578724
13.377,2169.3523953702515,1746.1139921264796,450.8409078031484
13.399,2169.3523953702515,1746.1139921264796,450.8409078031484
13.4,2166.2854504192096,1749.1809370775215,442.66238793370354
13.418,2166.2854504192096,1749.1809370775215,442.66238793370354
13.418,2163.218505468168,1741.0024172080766,434.4838680642587
13.419,2163.218505468168,1741.0024172080766,434.4838680642587
13.419,2162.1961904844875,1754.2925119959245,450.8409078031484
13.439,2162.1961904844875,1754.2925119959245,450.8409078031484
13.439,2170.374710353932,1742.0247321917573,437.5508130153005
13.461,2170.374710353932,1742.0247321917573,437.5508130153005
13.461,2165.2631354355294,1754.2925119959245,436.5284980316199
13.481,2165.2631354355294,1754.2925119959245,436.5284980316199
13.481,2162.1961904844875,1745.091677142799,432.4392380968975
13.5,2162.1961904844875,1745.091677142799,432.4392380968975
13.5,2159.1292455334456,1750.203252061202,433.4615530805781
13.522,2159.1292455334456,1750.203252061202,433.4615530805781
13.523,2174.4639702886548,1751.2255670448826,439.5954429826617
13.542,2174.4639702886548,1751.2255670448826,439.5954429826617
13.542,2166.2854504192096,1748.158622093841,440.61775796634237
13.562,2166.2854504192096,1748.158622093841,440.61775796634237
13.562,2158.106930549765,1754.2925119959245,436.5284980316199
13.585,2158.106930549765,1754.2925119959245,436.5284980316199
13.585,2162.1961904844875,1746.1139921264796,428.34997816217503
13.585,2162.1961904844875,1746.1139921264796,428.34997816217503
13.585,2169.3523953702515,1737.9354722570347,429.3722931458557
13.603,2169.3523953702515,1737.9354722570347,429.3722931458557
13.603,2170.374710353932,1750.203252061202,447.7739628521066
13.624,2170.374710353932,1750.203252061202,447.7739628521066
13.624,2167.3077654028903,1742.0247321917573,445.7293328847454
13.644,2167.3077654028903,1742.0247321917573,445.7293328847454
13.644,2167.3077654028903,1746.1139921264796,444.7070179010648
13.664,2167.3077654028903,1746.1139921264796,444.7070179010648
13.664,2157.0846155660843,1745.091677142799,436.5284980316199
13.685,2157.0846155660843,1745.091677142799,436.5284980316199
13.686,2151.9730406476815,1744.0693621591183,435.5061830479393
13.706,2151.9730406476815,1744.0693621591183,435.5061830479393
13.706,2158.106930549765,1739.980102224396,447.7739628521066
13.726,2158.106930549765,1739.980102224396,447.7739628521066
13.726,2156.0623005824036,1746.1139921264796,443.6847029173842
13.749,2156.0623005824036,1746.1139921264796,443.6847029173842
13.749,2176.508600256016,1746.1139921264796,443.6847029173842
13.749,2176.508600256016,1746.1139921264796,443.6847029173842
13.749,2158.106930549765,1745.091677142799,440.61775796634237
13.768,2158.106930549765,1745.091677142799,440.61775796634237
13.768,2157.0846155660843,1749.1809370775215,435.5061830479393
13.789,2157.0846155660843,1749.1809370775215,435.5061830479393
13.789,2161.173875500807,1744.0693621591183,431.41692311321685
13.809,2161.173875500807,1744.0693621591183,431.41692311321685
13.809,2171.397025337613,1754.2925119959245,441.64007295002295
13.83,2171.397025337613,1754.2925119959245,441.64007295002295
13.83,2170.374710353932,1758.381771930647,440.61775796634237
13.851,2170.374710353932,1758.381771930647,440.61775796634237
13.851,2169.3523953702515,1750.203252061202,431.41692311321685
13.871,2169.3523953702515,1750.203252061202,431.41692311321685
13.871,2163.218505468168,1744.0693621591183,447.7739628521066
13.892,2163.218505468168,1744.0693621591183,447.7739628521066
13.892,2162.1961904844875,1753.270197012244,439.5954429826617
13.914,2162.1961904844875,1753.270197012244,439.5954429826617
13.914,2164.240820451849,1739.980102224396,446.751647868426
13.914,2164.240820451849,1739.980102224396,446.751647868426
13.914,2175.4862852723354,1745.091677142799,439.5954429826617
13.935,2175.4862852723354,1745.091677142799,439.5954429826617
13.935,2166.2854504192096,1736.9131572733543,445.7293328847454
13.955,2166.2854504192096,1736.9131572733543,445.7293328847454
13.955,2165.2631354355294,1748.158622093841,431.41692311321685
13.977,2165.2631354355294,1748.158622093841,431.41692311321685
13.977,2148.9060956966396,1777.8057566205784,439.5954429826617
13.998,2148.9060956966396,1777.8057566205784,439.5954429826617
13.998,2161.173875500807,1749.1809370775215,443.6847029173842
14.018,2161.173875500807,1749.1809370775215,443.6847029173842
14.018,2167.3077654028903,1746.1139921264796,450.8409078031484
14.04,2167.3077654028903,1746.1139921264796,450.8409078031484
14.04,2164.240820451849,1746.1139921264796,436.5284980316199
14.06,2164.240820451849,1746.1139921264796,436.5284980316199
14.06,2158.106930549765,1745.091677142799,436.5284980316199
14.081,2158.106930549765,1745.091677142799,436.5284980316199
14.081,2163.218505468168,1760.4264018980082,434.4838680642587
14.082,2163.218505468168,1760.4264018980082,434.4838680642587
14.082,2167.3077654028903,1750.203252061202,440.61775796634237
14.103,2167.3077654028903,1750.203252061202,440.61775796634237
14.103,2166.2854504192096,1750.203252061202,442.66238793370354
14.124,2166.2854504192096,1750.203252061202,442.66238793370354
14.124,2165.2631354355294,1747.1363071101603,434.4838680642587
14.144,2165.2631354355294,1747.1363071101603,434.4838680642587
14.144,2163.218505468168,1736.9131572733543,441.64007295002295
14.164,2163.218505468168,1736.9131572733543,441.64007295002295
14.164,2169.3523953702515,1745.091677142799,451.86322278682906
14.184,2169.3523953702515,1745.091677142799,451.86322278682906
14.184,2167.3077654028903,1752.2478820285633,446.751647868426
14.205,2167.3077654028903,1752.2478820285633,446.751647868426
14.205,2167.3077654028903,1750.203252061202,440.61775796634237
14.247,2167.3077654028903,1750.203252061202,440.61775796634237
14.247,2169.3523953702515,1746.1139921264796,437.5508130153005
14.247,2169.3523953702515,1746.1139921264796,437.5508130153005
14.248,2152.9953556313617,1750.203252061202,433.4615530805781
14.248,2152.9953556313617,1750.203252061202,433.4615530805781
14.248,2168.330080386571,1750.203252061202,430.39460812953627
14.269,2168.330080386571,1750.203252061202,430.39460812953627
14.269,2163.218505468168,1750.203252061202,457.9971126889127
14.288,2163.218505468168,1750.203252061202,457.9971126889127
14.288,2168.330080386571,1749.1809370775215,452.88553777050964
14.309,2168.330080386571,1749.1809370775215,452.88553777050964
14.309,2148.9060956966396,1743.047047175438,452.88553777050964
14.329,2148.9060956966396,1743.047047175438,452.88553777050964
14.329,2164.240820451849,1744.0693621591183,446.751647868426
14.35,2164.240820451849,1744.0693621591183,446.751647868426
14.35,2167.3077654028903,1749.1809370775215,449.8185928194678
14.371,2167.3077654028903,1749.1809370775215,449.8185928194678
14.371,2168.330080386571,1747.1363071101603,442.66238793370354
14.392,2168.330080386571,1747.1363071101603,442.66238793370354
14.392,2164.240820451849,1742.0247321917573,446.751647868426
14.433,2164.240820451849,1742.0247321917573,446.751647868426
14.433,2168.330080386571,1745.091677142799,436.5284980316199
14.433,2168.330080386571,1745.091677142799,436.5284980316199
14.433,2155.039985598723,1745.091677142799,433.4615530805781
14.434,2155.039985598723,1745.091677142799,433.4615530805781
14.434,2165.2631354355294,1747.1363071101603,440.61775796634237
14.454,2165.2631354355294,1747.1363071101603,440.61775796634237
14.454,2158.106930549765,1752.2478820285633,439.5954429826617
14.474,2158.106930549765,1752.2478820285633,439.5954429826617
14.475,2168.330080386571,1747.1363071101603,443.6847029173842
14.495,2168.330080386571,1747.1363071101603,443.6847029173842
14.495,2165.2631354355294,1747.1363071101603,440.61775796634237
14.515,2165.2631354355294,1747.1363071101603,440.61775796634237
14.516,2163.218505468168,1745.091677142799,441.64007295002295
14.557,2163.218505468168,1745.091677142799,441.64007295002295
14.557,2164.240820451849,1747.1363071101603,451.86322278682906
14.557,2164.240820451849,1747.1363071101603,451.86322278682906
14.557,2166.2854504192096,1744.0693621591183,440.61775796634237
14.577,2166.2854504192096,1744.0693621591183,440.61775796634237
14.577,2162.1961904844875,1736.9131572733543,433.4615530805781
14.577,2162.1961904844875,1736.9131572733543,433.4615530805781
14.577,2167.3077654028903,1748.158622093841,444.7070179010648
14.598,2167.3077654028903,1748.158622093841,444.7070179010648
14.598,2158.106930549765,1744.0693621591183,427.32766317849445
14.619,2158.106930549765,1744.0693621591183,427.32766317849445
14.619,2151.9730406476815,1754.2925119959245,449.8185928194678
14.639,2151.9730406476815,1754.2925119959245,449.8185928194678
14.639,2174.4639702886548,1747.1363071101603,429.3722931458557
14.66,2174.4639702886548,1747.1363071101603,429.3722931458557
14.661,2181.620175174419,1750.203252061202,441.64007295002295
14.681,2181.620175174419,1750.203252061202,441.64007295002295
14.681,2159.1292455334456,1746.1139921264796,438.57312799898114
14.703,2159.1292455334456,1746.1139921264796,438.57312799898114
14.703,2167.3077654028903,1742.0247321917573,443.6847029173842
14.723,2167.3077654028903,1742.0247321917573,443.6847029173842
14.723,2175.4862852723354,1733.8462123223123,457.9971126889127
14.743,2175.4862852723354,1733.8462123223123,457.9971126889127
14.743,2166.2854504192096,1752.2478820285633,447.7739628521066
14.743,2166.2854504192096,1752.2478820285633,447.7739628521066
14.743,2168.330080386571,1750.203252061202,442.66238793370354
14.764,2168.330080386571,1750.203252061202,442.66238793370354
14.764,2164.240820451849,1747.1363071101603,437.5508130153005
14.784,2164.240820451849,1747.1363071101603,437.5508130153005
14.784,2161.173875500807,1742.0247321917573,440.61775796634237
14.804,2161.173875500807,1742.0247321917573,440.61775796634237
14.804,2166.2854504192096,1749.1809370775215,443.6847029173842
14.826,2166.2854504192096,1749.1809370775215,443.6847029173842
14.826,2169.3523953702515,1750.203252061202,443.6847029173842
14.847,2169.3523953702515,1750.203252061202,443.6847029173842
14.847,2166.2854504192096,1750.203252061202,441.64007295002295
14.869,2166.2854504192096,1750.203252061202,441.64007295002295
14.869,2173.441655304974,1746.1139921264796,432.4392380968975
14.889,2173.441655304974,1746.1139921264796,432.4392380968975
14.889,2161.173875500807,1742.0247321917573,438.57312799898114
14.909,2161.173875500807,1742.0247321917573,438.57312799898114
14.909,2169.3523953702515,1743.047047175438,449.8185928194678
14.909,2169.3523953702515,1743.047047175438,449.8185928194678
14.909,2164.240820451849,1749.1809370775215,443.6847029173842
14.931,2164.240820451849,1749.1809370775215,443.6847029173842
14.931,2183.66480514178,1753.270197012244,443.6847029173842
14.951,2183.66480514178,1753.270197012244,443.6847029173842
14.951,2171.397025337613,1745.091677142799,445.7293328847454
14.971,2171.397025337613,1745.091677142799,445.7293328847454
14.971,2159.1292455334456,1742.0247321917573,442.66238793370354
15.01,2159.1292455334456,1742.0247321917573,442.66238793370354
15.01,2158.106930549765,1749.1809370775215,443.6847029173842
15.01,2158.106930549765,1749.1809370775215,443.6847029173842
15.01,2162.1961904844875,1760.4264018980082,436.5284980316199
15.028,2162.1961904844875,1760.4264018980082,436.5284980316199
15.028,2166.2854504192096,1749.1809370775215,428.34997816217503
15.049,2166.2854504192096,1749.1809370775215,428.34997816217503
15.049,2170.374710353932,1743.047047175438,441.64007295002295
15.07,2170.374710353932,1743.047047175438,441.64007295002295
15.07,2149.92841068032,1747.1363071101603,422.2160882600914
15.071,2149.92841068032,1747.1363071101603,422.2160882600914
15.071,2169.3523953702515,1743.047047175438,427.32766317849445
15.091,2169.3523953702515,1743.047047175438,427.32766317849445
15.091,2166.2854504192096,1748.158622093841,453.90785275419023
15.112,2166.2854504192096,1748.158622093841,453.90785275419023
15.112,2168.330080386571,1744.0693621591183,446.751647868426
15.133,2168.330080386571,1744.0693621591183,446.751647868426
15.133,2172.4193403212935,1746.1139921264796,436.5284980316199
15.153,2172.4193403212935,1746.1139921264796,436.5284980316199
15.153,2158.106930549765,1743.047047175438,438.57312799898114
15.198,2158.106930549765,1743.047047175438,438.57312799898114
15.198,2154.0176706150423,1745.091677142799,443.6847029173842
15.198,2154.0176706150423,1745.091677142799,443.6847029173842
15.198,2168.330080386571,1746.1139921264796,441.64007295002295
15.217,2168.330080386571,1746.1139921264796,441.64007295002295
15.217,2158.106930549765,1748.158622093841,447.7739628521066
15.237,2158.106930549765,1748.158622093841,447.7739628521066
15.237,2167.3077654028903,1738.9577872407153,439.5954429826617
15.237,2167.3077654028903,1738.9577872407153,439.5954429826617
15.237,2169.3523953702515,1731.801582354951,449.8185928194678
15.28,2169.3523953702515,1731.801582354951,449.8185928194678
15.28,2165.2631354355294,1748.158622093841,449.8185928194678
15.281,2165.2631354355294,1748.158622093841,449.8185928194678
15.281,2164.240820451849,1741.0024172080766,440.61775796634237
15.3,2164.240820451849,1741.0024172080766,440.61775796634237
15.3,2167.3077654028903,1751.2255670448826,438.57312799898114
15.345,2167.3077654028903,1751.2255670448826,438.57312799898114
15.345,2167.3077654028903,1745.091677142799,445.7293328847454
15.345,2167.3077654028903,1745.091677142799,445.7293328847454
15.345,2165.2631354355294,1742.0247321917573,446.751647868426
15.363,2165.2631354355294,1742.0247321917573,446.751647868426
15.363,2165.2631354355294,1738.9577872407153,450.8409078031484
15.383,2165.2631354355294,1738.9577872407153,450.8409078031484
15.383,2168.330080386571,1743.047047175438,443.6847029173842
15.403,2168.330080386571,1743.047047175438,443.6847029173842
15.403,2167.3077654028903,1749.1809370775215,439.5954429826617
15.404,2167.3077654028903,1749.1809370775215,439.5954429826617
15.404,2164.240820451849,1742.0247321917573,440.61775796634237
15.423,2164.240820451849,1742.0247321917573,440.61775796634237
15.423,2164.240820451849,1746.1139921264796,439.5954429826617
15.445,2164.240820451849,1746.1139921264796,439.5954429826617
15.445,2163.218505468168,1759.4040869143275,440.61775796634237
15.465,2163.218505468168,1759.4040869143275,440.61775796634237
15.465,2168.330080386571,1745.091677142799,443.6847029173842
15.487,2168.330080386571,1745.091677142799,443.6847029173842
15.487,2163.218505468168,1754.2925119959245,441.64007295002295
15.509,2163.218505468168,1754.2925119959245,441.64007295002295
15.509,2164.240820451849,1746.1139921264796,442.66238793370354
15.529,2164.240820451849,1746.1139921264796,442.66238793370354
15.529,2154.0176706150423,1746.1139921264796,426.3053481948138
15.548,2154.0176706150423,1746.1139921264796,426.3053481948138
15.549,2169.3523953702515,1735.8908422896736,424.2607182274526
15.57,2169.3523953702515,1735.8908422896736,424.2607182274526
15.57,2168.330080386571,1744.0693621591183,441.64007295002295
15.57,2168.330080386571,1744.0693621591183,441.64007295002295
15.57,2166.2854504192096,1747.1363071101603,446.751647868426
15.594,2166.2854504192096,1747.1363071101603,446.751647868426
15.594,2165.2631354355294,1741.0024172080766,438.57312799898114
15.614,2165.2631354355294,1741.0024172080766,438.57312799898114
15.614,2165.2631354355294,1741.0024172080766,437.5508130153005
15.636,2165.2631354355294,1741.0024172080766,437.5508130153005
15.636,2159.1292455334456,1748.158622093841,453.90785275419023
15.655,2159.1292455334456,1748.158622093841,453.90785275419023
15.655,2160.151560517126,1748.158622093841,441.64007295002295
15.677,2160.151560517126,1748.158622093841,441.64007295002295
15.677,2166.2854504192096,1750.203252061202,441.64007295002295
15.697,2166.2854504192096,1750.203252061202,441.64007295002295
15.697,2163.218505468168,1749.1809370775215,435.5061830479393
15.718,2163.218505468168,1749.1809370775215,435.5061830479393
15.718,2167.3077654028903,1737.9354722570347,432.4392380968975
15.738,2167.3077654028903,1737.9354722570347,432.4392380968975
15.738,2174.4639702886548,1750.203252061202,445.7293328847454
15.739,2174.4639702886548,1750.203252061202,445.7293328847454
15.739,2164.240820451849,1749.1809370775215,439.5954429826617
15.758,2164.240820451849,1749.1809370775215,439.5954429826617
15.758,2172.4193403212935,1748.158622093841,449.8185928194678
15.778,2172.4193403212935,1748.158622093841,449.8185928194678
15.778,2175.4862852723354,1741.0024172080766,446.751647868426
15.798,2175.4862852723354,1741.0024172080766,446.751647868426
15.798,2159.1292455334456,1743.047047175438,441.64007295002295
15.82,2159.1292455334456,1743.047047175438,441.64007295002295
15.82,2159.1292455334456,1733.8462123223123,450.8409078031484
15.842,2159.1292455334456,1733.8462123223123,450.8409078031484
15.842,2165.2631354355294,1743.047047175438,441.64007295002295
15.862,2165.2631354355294,1743.047047175438,441.64007295002295
15.862,2171.397025337613,1750.203252061202,437.5508130153005
15.883,2171.397025337613,1750.203252061202,437.5508130153005
15.883,2163.218505468168,1744.0693621591183,437.5508130153005
15.904,2163.218505468168,1744.0693621591183,437.5508130153005
15.904,2168.330080386571,1748.158622093841,444.7070179010648
15.904,2168.330080386571,1748.158622093841,444.7070179010648
15.904,2175.4862852723354,1744.0693621591183,453.90785275419023
15.925,2175.4862852723354,1744.0693621591183,453.90785275419023
15.925,2166.2854504192096,1749.1809370775215,440.61775796634237
15.947,2166.2854504192096,1749.1809370775215,440.61775796634237
15.947,2177.5309152396967,1745.091677142799,446.751647868426
15.967,2177.5309152396967,1745.091677142799,446.751647868426
15.967,2166.2854504192096,1746.1139921264796,448.79627783578724
15.987,2166.2854504192096,1746.1139921264796,448.79627783578724
15.987,2162.1961904844875,1742.0247321917573,434.4838680642587
16.01,2162.1961904844875,1742.0247321917573,434.4838680642587
16.01,2155.039985598723,1751.2255670448826,431.41692311321685
16.029,2155.039985598723,1751.2255670448826,431.41692311321685
16.029,2169.3523953702515,1743.047047175438,436.5284980316199
16.05,2169.3523953702515,1743.047047175438,436.5284980316199
16.05,2162.1961904844875,1734.868527305993,429.3722931458557
16.072,2162.1961904844875,1734.868527305993,429.3722931458557
16.072,2162.1961904844875,1738.9577872407153,441.64007295002295
16.072,2162.1961904844875,1738.9577872407153,441.64007295002295
16.072,2164.240820451849,1747.1363071101603,437.5508130153005
16.092,2164.240820451849,1747.1363071101603,437.5508130153005
16.092,2162.1961904844875,1758.381771930647,443.6847029173842
16.112,2162.1961904844875,1758.381771930647,443.6847029173842
16.113,2161.173875500807,1748.158622093841,440.61775796634237
16.133,2161.173875500807,1748.158622093841,440.61775796634237
16.133,2167.3077654028903,1743.047047175438,449.8185928194678
16.155,2167.3077654028903,1743.047047175438,449.8185928194678
16.155,2159.1292455334456,1733.8462123223123,434.4838680642587
16.178,2159.1292455334456,1733.8462123223123,434.4838680642587
16.178,2163.218505468168,1737.9354722570347,428.34997816217503
16.198,2163.218505468168,1737.9354722570347,428.34997816217503
16.198,2163.218505468168,1750.203252061202,437.5508130153005
16.218,2163.218505468168,1750.203252061202,437.5508130153005
16.219,2167.3077654028903,1744.0693621591183,439.5954429826617
16.239,2167.3077654028903,1744.0693621591183,439.5954429826617
16.239,2160.151560517126,1746.1139921264796,436.5284980316199
16.239,2160.151560517126,1746.1139921264796,436.5284980316199
16.239,2167.3077654028903,1743.047047175438,443.6847029173842
16.258,2167.3077654028903,1743.047047175438,443.6847029173842
16.258,2171.397025337613,1728.7346374039093,440.61775796634237
16.28,2171.397025337613,1728.7346374039093,440.61775796634237
16.281,2164.240820451849,1744.0693621591183,444.7070179010648
16.321,2164.240820451849,1744.0693621591183,444.7070179010648
16.322,2169.3523953702515,1748.158622093841,442.66238793370354
16.322,2169.3523953702515,1748.158622093841,442.66238793370354
16.322,2161.173875500807,1743.047047175438,451.86322278682906
16.344,2161.173875500807,1743.047047175438,451.86322278682906
16.344,2166.2854504192096,1741.0024172080766,436.5284980316199
16.363,2166.2854504192096,1741.0024172080766,436.5284980316199
16.363,2163.218505468168,1743.047047175438,445.7293328847454
16.385,2163.218505468168,1743.047047175438,445.7293328847454
16.385,2149.92841068032,1754.2925119959245,445.7293328847454
16.406,2149.92841068032,1754.2925119959245,445.7293328847454
16.406,2162.1961904844875,1739.980102224396,442.66238793370354
16.407,2162.1961904844875,1739.980102224396,442.66238793370354
16.407,2170.374710353932,1747.1363071101603,436.5284980316199
16.426,2170.374710353932,1747.1363071101603,436.5284980316199
16.426,2162.1961904844875,1741.0024172080766,441.64007295002295
16.448,2162.1961904844875,1741.0024172080766,441.64007295002295
16.448,2161.173875500807,1746.1139921264796,437.5508130153005
16.468,2161.173875500807,1746.1139921264796,437.5508130153005
16.468,2167.3077654028903,1739.980102224396,448.79627783578724
16.488,2167.3077654028903,1739.980102224396,448.79627783578724
16.488,2168.330080386571,1742.0247321917573,460.0417426562739
16.509,2168.330080386571,1742.0247321917573,460.0417426562739
16.509,2166.2854504192096,1752.2478820285633,449.8185928194678
16.529,2166.2854504192096,1752.2478820285633,449.8185928194678
16.529,2168.330080386571,1746.1139921264796,434.4838680642587
16.552,2168.330080386571,1746.1139921264796,434.4838680642587
16.552,2165.2631354355294,1747.1363071101603,439.5954429826617
16.567,2165.2631354355294,1747.1363071101603,439.5954429826617
16.567,2167.3077654028903,1752.2478820285633,445.7293328847454
16.568,2167.3077654028903,1752.2478820285633,445.7293328847454
16.568,2163.218505468168,1747.1363071101603,438.57312799898114
16.588,2163.218505468168,1747.1363071101603,438.57312799898114
16.588,2166.2854504192096,1747.1363071101603,439.5954429826617
16.608,2166.2854504192096,1747.1363071101603,439.5954429826617
16.608,2144.816835761917,1742.0247321917573,441.64007295002295
16.628,2144.816835761917,1742.0247321917573,441.64007295002295
16.628,2162.1961904844875,1750.203252061202,436.5284980316199
16.671,2162.1961904844875,1750.203252061202,436.5284980316199
16.671,2179.5755452070575,1733.8462123223123,449.8185928194678
16.671,2179.5755452070575,1733.8462123223123,449.8185928194678
16.672,2167.3077654028903,1746.1139921264796,442.66238793370354
16.692,2167.3077654028903,1746.1139921264796,442.66238793370354
16.693,2155.039985598723,1754.2925119959245,440.61775796634237
16.715,2155.039985598723,1754.2925119959245,440.61775796634237
16.715,2165.2631354355294,1742.0247321917573,437.5508130153005
16.734,2165.2631354355294,1742.0247321917573,437.5508130153005
16.734,2167.3077654028903,1749.1809370775215,443.6847029173842
16.735,2167.3077654028903,1749.1809370775215,443.6847029173842
16.735,2175.4862852723354,1741.0024172080766,464.13100259099633
16.755,2175.4862852723354,1741.0024172080766,464.13100259099633
16.755,2162.1961904844875,1742.0247321917573,439.5954429826617
16.775,2162.1961904844875,1742.0247321917573,439.5954429826617
16.775,2154.0176706150423,1756.3371419632858,426.3053481948138
16.797,2154.0176706150423,1756.3371419632858,426.3053481948138
16.797,2166.2854504192096,1738.9577872407153,444.7070179010648
16.818,2166.2854504192096,1738.9577872407153,444.7070179010648
16.818,2169.3523953702515,1736.9131572733543,435.5061830479393
16.84,2169.3523953702515,1736.9131572733543,435.5061830479393
16.84,2158.106930549765,1747.1363071101603,436.5284980316199
16.86,2158.106930549765,1747.1363071101603,436.5284980316199
16.86,2165.2631354355294,1750.203252061202,438.57312799898114
16.88,2165.2631354355294,1750.203252061202,438.57312799898114
16.88,2174.4639702886548,1732.8238973386317,453.90785275419023
16.901,2174.4639702886548,1732.8238973386317,453.90785275419023
16.901,2167.3077654028903,1744.0693621591183,438.57312799898114
16.902,2167.3077654028903,1744.0693621591183,438.57312799898114
16.902,2166.2854504192096,1744.0693621591183,436.5284980316199
16.926,2166.2854504192096,1744.0693621591183,436.5284980316199
16.926,2176.508600256016,1742.0247321917573,445.7293328847454
16.943,2176.508600256016,1742.0247321917573,445.7293328847454
16.943,2161.173875500807,1748.158622093841,440.61775796634237
16.966,2161.173875500807,1748.158622093841,440.61775796634237
16.966,2159.1292455334456,1746.1139921264796,448.79627783578724
16.986,2159.1292455334456,1746.1139921264796,448.79627783578724
16.986,2167.3077654028903,1744.0693621591183,445.7293328847454
17.006,2167.3077654028903,1744.0693621591183,445.7293328847454
17.007,2163.218505468168,1743.047047175438,433.4615530805781
17.027,2163.218505468168,1743.047047175438,433.4615530805781
17.027,2167.3077654028903,1748.158622093841,433.4615530805781
17.048,2167.3077654028903,1748.158622093841,433.4615530805781
17.048,2164.240820451849,1748.158622093841,445.7293328847454
17.069,2164.240820451849,1748.158622093841,445.7293328847454
17.069,2175.4862852723354,1738.9577872407153,432.4392380968975
17.069,2175.4862852723354,1738.9577872407153,432.4392380968975
17.069,2165.2631354355294,1742.0247321917573,440.61775796634237
17.091,2165.2631354355294,1742.0247321917573,440.61775796634237
17.091,2165.2631354355294,1754.2925119959245,446.751647868426
17.111,2165.2631354355294,1754.2925119959245,446.751647868426
17.111,2169.3523953702515,1741.0024172080766,448.79627783578724
17.132,2169.3523953702515,1741.0024172080766,448.79627783578724
17.132,2161.173875500807,1745.091677142799,447.7739628521066
17.176,2161.173875500807,1745.091677142799,447.7739628521066
17.176,2174.4639702886548,1734.868527305993,445.7293328847454
17.176,2174.4639702886548,1734.868527305993,445.7293328847454
17.176,2165.2631354355294,1746.1139921264796,436.5284980316199
17.196,2165.2631354355294,1746.1139921264796,436.5284980316199
17.196,2171.397025337613,1746.1139921264796,440.61775796634237
17.216,2171.397025337613,1746.1139921264796,440.61775796634237
17.216,2154.0176706150423,1744.0693621591183,440.61775796634237
17.237,2154.0176706150423,1744.0693621591183,440.61775796634237
17.237,2168.330080386571,1752.2478820285633,444.7070179010648
17.237,2168.330080386571,1752.2478820285633,444.7070179010648
17.237,2160.151560517126,1750.203252061202,426.3053481948138
17.258,2160.151560517126,1750.203252061202,426.3053481948138
17.258,2156.0623005824036,1750.203252061202,436.5284980316199
17.279,2156.0623005824036,1750.203252061202,436.5284980316199
17.279,2171.397025337613,1746.1139921264796,437.5508130153005
17.299,2171.397025337613,1746.1139921264796,437.5508130153005
17.299,2158.106930549765,1752.2478820285633,430.39460812953627
17.319,2158.106930549765,1752.2478820285633,430.39460812953627
17.319,2160.151560517126,1742.0247321917573,440.61775796634237
17.339,2160.151560517126,1742.0247321917573,440.61775796634237
17.339,2158.106930549765,1738.9577872407153,430.39460812953627
17.36,2158.106930549765,1738.9577872407153,430.39460812953627
17.36,2161.173875500807,1743.047047175438,443.6847029173842
17.38,2161.173875500807,1743.047047175438,443.6847029173842
17.38,2163.218505468168,1741.0024172080766,443.6847029173842
17.401,2163.218505468168,1741.0024172080766,443.6847029173842
17.401,2171.397025337613,1731.801582354951,452.88553777050964
17.401,2171.397025337613,1731.801582354951,452.88553777050964
17.402,2166.2854504192096,1744.0693621591183,443.6847029173842
17.422,2166.2854504192096,1744.0693621591183,443.6847029173842
17.423,2160.151560517126,1735.8908422896736,443.6847029173842
17.442,2160.151560517126,1735.8908422896736,443.6847029173842
17.443,2159.1292455334456,1745.091677142799,438.57312799898114
17.463,2159.1292455334456,1745.091677142799,438.57312799898114
17.463,2163.218505468168,1745.091677142799,431.41692311321685
17.484,2163.218505468168,1745.091677142799,431.41692311321685
17.484,2150.950725664001,1752.2478820285633,435.5061830479393
17.504,2150.950725664001,1752.2478820285633,435.5061830479393
17.504,2163.218505468168,1744.0693621591183,438.57312799898114
17.526,2163.218505468168,1744.0693621591183,438.57312799898114
17.526,2167.3077654028903,1753.270197012244,453.90785275419023
17.546,2167.3077654028903,1753.270197012244,453.90785275419023
17.546,2158.106930549765,1742.0247321917573,434.4838680642587
17.567,2158.106930549765,1742.0247321917573,434.4838680642587
17.567,2163.218505468168,1739.980102224396,422.2160882600914
17.567,2163.218505468168,1739.980102224396,422.2160882600914
17.567,2172.4193403212935,1741.0024172080766,444.7070179010648
17.587,2172.4193403212935,1741.0024172080766,444.7070179010648
17.587,2166.2854504192096,1748.158622093841,438.57312799898114
17.608,2166.2854504192096,1748.158622093841,438.57312799898114
17.608,2169.3523953702515,1742.0247321917573,442.66238793370354
17.629,2169.3523953702515,1742.0247321917573,442.66238793370354
17.629,2163.218505468168,1746.1139921264796,437.5508130153005
17.648,2163.218505468168,1746.1139921264796,437.5508130153005
17.648,2154.0176706150423,1737.9354722570347,442.66238793370354
17.669,2154.0176706150423,1737.9354722570347,442.66238793370354
17.669,2160.151560517126,1739.980102224396,452.88553777050964
17.691,2160.151560517126,1739.980102224396,452.88553777050964
17.691,2171.397025337613,1745.091677142799,443.6847029173842
17.714,2171.397025337613,1745.091677142799,443.6847029173842
17.714,2159.1292455334456,1728.7346374039093,430.39460812953627
17.734,2159.1292455334456,1728.7346374039093,430.39460812953627
17.734,2168.330080386571,1750.203252061202,437.5508130153005
17.734,2168.330080386571,1750.203252061202,437.5508130153005
17.734,2157.0846155660843,1732.8238973386317,440.61775796634237
17.756,2157.0846155660843,1732.8238973386317,440.61775796634237
17.756,2159.1292455334456,1748.158622093841,429.3722931458557
17.776,2159.1292455334456,1748.158622093841,429.3722931458557
17.777,2166.2854504192096,1745.091677142799,443.6847029173842
17.798,2166.2854504192096,1745.091677142799,443.6847029173842
17.798,2160.151560517126,1760.4264018980082,428.34997816217503
17.84,2160.151560517126,1760.4264018980082,428.34997816217503
17.841,2158.106930549765,1744.0693621591183,437.5508130153005
17.841,2158.106930549765,1744.0693621591183,437.5508130153005
17.841,2163.218505468168,1747.1363071101603,445.7293328847454
17.861,2163.218505468168,1747.1363071101603,445.7293328847454
17.861,2160.151560517126,1738.9577872407153,443.6847029173842
17.884,2160.151560517126,1738.9577872407153,443.6847029173842
17.884,2166.2854504192096,1749.1809370775215,441.64007295002295
17.905,2166.2854504192096,1749.1809370775215,441.64007295002295
17.905,2175.4862852723354,1732.8238973386317,443.6847029173842
17.905,2175.4862852723354,1732.8238973386317,443.6847029173842
17.905,2168.330080386571,1742.0247321917573,436.5284980316199
17.925,2168.330080386571,1742.0247321917573,436.5284980316199
17.925,2159.1292455334456,1737.9354722570347,431.41692311321685
17.945,2159.1292455334456,1737.9354722570347,431.41692311321685
17.945,2167.3077654028903,1754.2925119959245,432.4392380968975
17.965,2167.3077654028903,1754.2925119959245,432.4392380968975
17.965,2162.1961904844875,1750.203252061202,439.5954429826617
17.988,2162.1961904844875,1750.203252061202,439.5954429826617
17.988,2161.173875500807,1743.047047175438,444.7070179010648
18.006,2161.173875500807,1743.047047175438,444.7070179010648
18.006,2164.240820451849,1743.047047175438,437.5508130153005
18.026,2164.240820451849,1743.047047175438,437.5508130153005
18.026,2168.330080386571,1736.9131572733543,428.34997816217503
18.047,2168.330080386571,1736.9131572733543,428.34997816217503
18.047,2163.218505468168,1754.2925119959245,430.39460812953627
18.069,2163.218505468168,1754.2925119959245,430.39460812953627
18.069,2168.330080386571,1743.047047175438,441.64007295002295
18.069,2168.330080386571,1743.047047175438,441.64007295002295
18.069,2140.7275758271944,1747.1363071101603,440.61775796634237
18.09,2140.7275758271944,1747.1363071101603,440.61775796634237
18.09,2165.2631354355294,1741.0024172080766,438.57312799898114
18.11,2165.2631354355294,1741.0024172080766,438.57312799898114
18.11,2162.1961904844875,1745.091677142799,427.32766317849445
18.13,2162.1961904844875,1745.091677142799,427.32766317849445
18.13,2177.5309152396967,1738.9577872407153,440.61775796634237
18.143,2177.5309152396967,1738.9577872407153,440.61775796634237
18.143,2169.3523953702515,1741.0024172080766,439.5954429826617
18.163,2169.3523953702515,1741.0024172080766,439.5954429826617
18.164,2164.240820451849,1732.8238973386317,440.61775796634237
18.184,2164.240820451849,1732.8238973386317,440.61775796634237
18.184,2163.218505468168,1738.9577872407153,435.5061830479393
18.205,2163.218505468168,1738.9577872407153,435.5061830479393
18.205,2154.0176706150423,1746.1139921264796,433.4615530805781
18.225,2154.0176706150423,1746.1139921264796,433.4615530805781
18.225,2163.218505468168,1746.1139921264796,428.34997816217503
18.246,2163.218505468168,1746.1139921264796,428.34997816217503
18.247,2168.330080386571,1744.0693621591183,440.61775796634237
18.247,2168.330080386571,1744.0693621591183,440.61775796634237
18.247,2159.1292455334456,1749.1809370775215,438.57312799898114
18.267,2159.1292455334456,1749.1809370775215,438.57312799898114
18.267,2167.3077654028903,1748.158622093841,440.61775796634237
18.287,2167.3077654028903,1748.158622093841,440.61775796634237
18.287,2157.0846155660843,1744.0693621591183,431.41692311321685
18.308,2157.0846155660843,1744.0693621591183,431.41692311321685
18.308,2173.441655304974,1750.203252061202,437.5508130153005
18.328,2173.441655304974,1750.203252061202,437.5508130153005
18.328,2164.240820451849,1743.047047175438,439.5954429826617
18.349,2164.240820451849,1743.047047175438,439.5954429826617
18.349,2144.816835761917,1747.1363071101603,436.5284980316199
18.368,2144.816835761917,1747.1363071101603,436.5284980316199
18.368,2163.218505468168,1747.1363071101603,436.5284980316199
18.39,2163.218505468168,1747.1363071101603,436.5284980316199
18.39,2154.0176706150423,1743.047047175438,435.5061830479393
18.411,2154.0176706150423,1743.047047175438,435.5061830479393
18.411,2173.441655304974,1737.9354722570347,446.751647868426
18.411,2173.441655304974,1737.9354722570347,446.751647868426
18.412,2164.240820451849,1750.203252061202,448.79627783578724
18.431,2164.240820451849,1750.203252061202,448.79627783578724
18.431,2171.397025337613,1752.2478820285633,449.8185928194678
18.451,2171.397025337613,1752.2478820285633,449.8185928194678
18.451,2164.240820451849,1739.980102224396,442.66238793370354
18.473,2164.240820451849,1739.980102224396,442.66238793370354
