Time,W,X,Y
0.008,2195.909513952012,1801.0558656529054,427.69560697307236
0.008,2208.4519071246186,1705.967180271432,479.1298635280252
0.031,2389.6119563653046,1805.331337741966,464.35570551636033
0.031,2247.4573584779846,1766.974303502896,483.7753551623975
0.032,2328.117595815636,1856.083708775955,470.24958705592235
0.032,2257.2142771246345,1830.1378520703379,444.71982268615983
0.058,2264.2093085851116,1804.4164825396845,447.0889816756734
0.058,2233.409929498408,1856.051014366693,442.5723339069071
0.085,2229.2722676419867,1858.8730450303333,444.2955042338683
0.085,2216.1503485917906,1803.7051906853085,497.392978173306
0.085,2298.328730003684,1864.731623170362,434.26430433914805
0.113,2160.031482591401,1923.0180671874348,455.4819795611078
0.113,2334.899928780596,1936.4365103427697,441.6556589108956
0.14,2376.303170687309,1789.7561356185774,429.8372109530586
0.14,2272.5770779166287,1934.7963630907932,462.15185277161515
0.14,2171.1875547836135,1927.4633022536573,443.8079175995965
0.167,2249.331282222494,1781.4884212784964,446.9777064040637
0.168,2255.8251301226574,1896.3545362577545,488.88558994521196
0.194,2201.6220720604992,1821.8415327601783,441.1904614261682
0.194,2303.579392523025,1935.1243851362674,503.4311161652605
0.194,2190.250496973277,1824.7526773588636,445.26639080775277
0.194,2394.66304224575,1907.0123146463168,441.8526395363406
0.219,2325.141026135913,1847.8484761526613,456.6747229847114
0.246,2134.322119002809,1801.4908666987064,466.05826529982295
0.246,2363.393492269553,1767.5594763256383,449.86651048796193
0.247,2338.492892349154,1772.0264788490824,449.06423738101637
0.247,2278.200334419957,1809.5861427521704,466.1617586484458
0.276,2279.1119252597737,1809.1443165839898,470.6934275497142
0.303,2298.4259014890354,1862.997547627811,465.8141637704631
0.303,2252.7065326520374,1821.9267199031744,501.7189680879044
0.303,2321.0275923059676,1930.7518853328884,471.0984957575294
0.303,2159.8314165362626,1854.6299966045624,481.77688253553765
0.33,2095.2267119119792,1869.9573558646448,444.1756887709634
0.33,2336.9332697602194,1825.6964409944599,455.24662448888915
0.357,2286.0098091653904,1941.565986312683,467.35168469425554
0.357,2240.921121387354,1782.0500336212228,441.73738504078966
0.357,2347.7522105123708,1668.789309700283,459.9559064120259
0.357,2204.6494997592804,1785.444281633852,448.30686347958044
0.386,2323.1529899023394,1832.2871906122264,475.27887343284857
0.386,2302.5774883564823,1804.3891203610722,467.32713097133416
0.414,2197.601280842151,1785.6540143891707,449.6333082107825
0.415,2389.96737631747,1783.1783894122075,495.9858192825255
0.416,2200.226274228461,1820.8207429489632,430.49967576488285
0.416,2236.3593280957866,2006.6967586283313,451.47709234314846
0.442,2374.5612416349186,1786.7227939659451,472.95005037517814
0.442,2263.1956557175304,1867.1336132348963,444.6129327392253
0.47,2168.554757479651,1881.063787611627,431.16163208491173
0.47,2358.404792800084,1865.5475459156478,447.416399775227
0.471,2270.365810791668,1852.5640417282884,477.8851318427386
0.471,2209.5413206161406,1839.9823240214075,474.8920740049678
0.498,2095.1313517800886,1855.114883199979,473.7995547294718
0.498,2285.8869710559793,1793.0381443977267,474.727195933603
0.526,2356.3672175553615,1744.6037168633527,483.6618791830469
0.526,2192.204710926786,1841.8940552591548,434.6891003548292
0.526,2286.8868285640065,1943.5669291458632,496.8795860802065
0.526,2267.1182209359645,1801.459947739404,440.8588347939799
0.555,2117.2921739371827,1809.3536208416635,453.919545092914
0.555,2236.5599944209384,1989.168263171584,473.8609814337686
0.582,2349.355259622733,1867.7910175298416,453.7648367668305
0.582,2301.3460224845885,1735.6563943851688,483.52290660279186
0.61,2324.645731637032,1994.1913436858076,458.88830783093164
0.61,2285.0185773713665,1833.913041575237,427.58492707708126
0.61,2168.993043910626,1806.066150484004,421.8876328991047
0.611,2109.256537907724,1716.7524580622085,449.064452187933
0.638,2187.052654497085,1848.4682933703536,467.3396604647986
0.638,2204.1621566052536,1880.2157018759963,466.5347779198836
0.639,2293.3897029871405,1903.709136763204,450.19175022255547
0.639,2135.429520349581,1836.7187628407924,459.56472770118665
0.665,2155.392635517652,1864.7229600429428,476.45077684993674
0.665,2294.550979910733,1844.6304249575376,407.9739375752996
0.693,2246.78904101393,1834.5316566598663,485.600730418019
0.693,2165.16504535614,1652.586676875494,460.644207689877
0.693,2403.53173985803,1831.3997691440898,489.0488546648841
0.693,2201.7478477079485,1845.2484291745438,445.7897190459452
0.72,2309.740918753444,1779.2832441344792,453.6248706071314
0.72,2285.8028544908675,1857.5732897107619,454.76781604572886
0.747,2274.680783998043,1833.7908102601225,455.44058149906925
0.747,2243.017738244439,1751.8919118603724,456.89090777984455
0.748,2400.7354606657736,1818.9759610721867,432.27030839314517
0.748,2194.680822025768,1894.553158776568,461.7637318132803
0.775,2294.5251004876045,1793.3775036590648,422.2399121142514
0.775,2325.2283336197283,1744.3726823783243,463.00954181145175
0.809,2068.558329620024,1774.7406912432564,465.721444699702
0.809,2314.845301874339,1800.1759647316549,468.29680547411215
0.829,2115.21212796042,1846.6763302447407,451.7502997143134
0.829,2302.8676491375627,1876.4590176295321,418.4142821525652
0.829,2219.1407839542458,1877.6599570037035,421.0551162299173
0.83,2160.9123109053717,1755.2615189568867,464.1563422886945
0.85,2219.4306751614995,1879.511080420766,485.4415779020791
0.871,2467.9116394951607,1807.6751074366307,489.1731327110056
0.872,2268.7395471566188,1836.6286924833119,484.3733825651376
0.89,2218.9246006652056,1892.5500813726308,428.8028163641808
0.891,2273.2788343252164,1753.7809265783478,426.39291744370945
0.891,2184.1473441877574,1763.2353101634837,469.28955203332833
0.891,2211.3063236943567,1806.1154033849443,454.69878088697806
0.911,2311.0627695141766,1870.4132827881974,483.4717343008525
0.911,2284.4708729351396,1826.398814334956,456.03303984187374
0.932,2307.828132274348,1782.5790747513,432.4647658058865
0.932,2332.744316848481,1924.5899831874738,489.84408927192925
0.953,2214.01467679877,1774.096248306158,461.58597489946794
0.953,2188.054631301142,1808.6661815595405,461.43135251764124
0.975,2317.3382250161962,1822.6411477821803,480.81004204911847
0.975,2208.5798308875746,1950.2322927426546,465.0445769853178
0.996,2337.226382013614,1789.0799572430328,458.60638605898737
0.996,2326.1958858496178,1881.6812235993561,439.9999026169693
1.018,2225.984316934103,1816.5216263544066,479.42832679356536
1.018,2270.176141679947,1692.6174792732488,460.45203762419095
1.038,2247.392992635593,1882.8873882446824,488.51688247909635
1.038,2180.6396944244916,1861.2696873241402,477.84362746056246
1.058,2338.036554488896,1883.1233712989792,457.7337517398788
1.058,2317.319108043626,1812.8717692038847,459.68819670571503
1.059,2331.8021062777543,1793.0209003014388,477.2260116989881
1.059,2357.8165661222156,1877.8401698969717,452.1662067919266
1.08,2291.6479569362723,1774.7865851775412,449.3354530585975
1.08,2369.9777949331747,1830.7741808510225,448.10804132136974
1.101,2269.8060932394637,1803.6972311566217,439.56803401320303
1.101,2359.4987892945664,1765.0166552465346,462.46153429332406
1.122,2345.15284181412,1850.8129056859605,450.95326189582556
1.122,2294.8895882567253,1878.6069709523483,496.4576791699885
1.145,2299.3293169292983,1861.0763139631415,479.24206156839176
1.145,2315.522526252993,1833.2253239224672,497.044904419931
1.164,2234.8765730684945,1748.76680593288,456.7662929643425
1.164,2248.2718662813236,1829.7726456051762,461.06960350779315
1.185,2380.6344821216667,1722.5693764710636,464.1042911810059
1.185,2270.1172033914872,1722.6345847557045,467.1931530536333
1.205,2330.7499427715743,1787.9414668262893,447.7362524301991
1.205,2243.3015272708417,1896.6564766496258,443.76431953914425
1.228,2342.3497463379726,1662.6626155674423,456.41427303612556
1.228,2280.225508443208,1879.364553404284,441.45769315100944
1.229,2383.8442480149956,1780.341520341762,456.4786455031632
1.229,2168.4628881292815,1835.877838448532,462.4666002014994
1.247,2428.0792659749877,1969.2859873162556,466.2248329019107
1.247,2308.4387224493416,1899.265329459762,451.35183020518673
1.268,2141.0569794890753,1822.6146152472877,467.2551355609186
1.268,2234.3799202796586,1784.066140054472,484.7062520177758
1.289,2319.667895225223,1892.6744136251737,453.0112493412292
1.289,2144.1114480514507,1773.5351218406797,505.404584848882
1.332,2320.996851427592,1837.8994115376895,482.95100876771335
1.332,2304.091964928285,1887.1058108142543,471.5374617722389
1.332,2297.943507734006,1892.9086511424096,483.3067719993604
1.333,2299.505251783416,1700.3745006040203,458.59681725664495
1.354,2121.3885834649727,1853.1294070428269,434.59633982004385
1.354,2294.757709488754,1803.6671356440731,480.5906731999192
1.372,2177.337295861751,1802.6431012717428,441.8074647185602
1.372,2264.825230131629,1835.2107304665333,467.59214471964884
1.393,2194.120082202968,1999.608967453494,439.9145690925935
1.394,2258.8836449746123,1835.4183321488586,467.84772977662703
1.394,2289.5070322945585,1809.1326492289681,426.5286819280249
1.394,2157.979920470933,1761.8928097010728,433.1506825426884
1.415,2339.749758515474,1831.323269156439,455.4913723550023
1.415,2334.825614219632,1717.4546643876356,458.9104904221124
1.435,2230.1681311052457,1898.7376143993804,423.9645430950199
1.435,2249.7532252862034,1822.9831373072757,477.96024693257215
1.457,2353.3843128927997,1811.3514681368729,476.8657541260145
1.457,2275.322019151099,1873.6609761090806,474.39368431539447
1.479,2119.98597504122,1792.9539680778487,468.51673620472366
1.479,2277.2225771101444,1860.2479980678845,484.0917008252532
1.502,2328.097946680048,1743.2525898823333,461.7490793212689
1.502,2416.848729228139,1742.9908570919872,439.042722052343
1.522,2177.314448752147,1658.6892131207132,464.28388475065043
1.522,2259.173925391563,1890.1963870659945,426.9201978735879
1.542,2217.5179984469564,1917.5515452034106,447.259249078236
1.543,2329.3476926850194,1867.2016582125423,451.8610745809984
1.563,2410.096114098518,1910.7935126596406,466.6332652885891
1.563,2338.317152637799,1879.1366353930614,492.3927588979464
1.563,2249.6958233350806,1882.0281038663866,426.0592957035484
1.563,2318.5075323116903,1831.442431857538,485.008732599371
1.584,2261.8779120326003,1912.5267253659028,473.829292452368
1.584,2359.7094846064397,1788.3092763330237,473.07973166859256
1.605,2327.8286034240527,1876.7545212329983,456.13492776704857
1.605,2273.4673053342185,1904.2811331836353,464.21814040048656
1.627,2235.967572088517,1785.295915405796,459.5562959013969
1.627,2256.064391283092,1853.7523363410758,487.57379554992576
1.647,2335.2481152826035,1845.8111457291686,477.03535720816177
1.647,2203.232507650392,1769.1544236192876,465.0314500177202
1.668,2260.5202007361186,1882.338693313272,444.94971257040896
1.668,2355.2151950827556,1794.7966820910478,434.5924839543217
1.691,2096.9245686531967,1876.8367198425492,446.49463000940966
1.691,2229.7026420839798,1753.1718323898067,484.75790945054615
1.711,2234.9142938120417,1788.1499668104875,494.3946918687119
1.711,2356.0913578924847,1798.397165791512,460.3868295116215
1.731,2331.5754669098233,1800.1536769171819,477.819640875138
1.731,2190.115301330589,1781.2925014944597,491.95681111598657
1.732,2201.196286908419,1770.3395155445728,426.5486294558557
1.732,2269.8650756804186,1845.7507335022926,432.53799015153413
1.752,2202.368435316524,1809.3937881653824,450.3083974707091
1.752,2407.530316400748,1846.4028407468,453.88175151944046
1.772,2230.1694405925737,1852.4508463015297,466.2910460990592
1.772,2337.8138395612814,1732.8410365497773,445.9647899031474
1.794,2197.9808324369196,1861.9490324847773,480.24261216325795
1.794,2209.727464309249,1879.1890902961188,444.6816539644695
1.815,2330.5160136182694,1779.413533246312,469.2484738971627
1.815,2374.1623819688793,1885.2084386229728,464.2142044410026
1.837,2108.5370457969166,1798.4458285209741,435.7451258025137
1.837,2381.097242763777,1890.8247423428643,432.1183598482545
1.859,2221.3512284758863,1620.89204200281,474.4852596699214
1.859,2373.556985342956,1925.9859767317998,442.919837881314
1.88,2103.232754495161,1931.8326728779646,443.6427487829523
1.88,2211.15935752007,1835.591344116264,422.80146443554503
1.899,2181.8067291292805,1913.0664145335807,453.4999368435443
1.899,2259.110727765982,1813.2517019595418,483.6902009954683
1.9,2282.2924381970693,1811.851849602476,486.9556020070867
1.9,2290.903284778744,1935.8064255659317,452.11361050544934
1.921,2352.266714823493,1800.925938644958,463.2281704426526
1.921,2280.78447523075,1915.0490306018567,468.3841643105394
1.941,2222.6588114518436,1769.9877057899917,439.6308471278224
1.941,2374.981552014268,1848.5648245382918,463.65902592577953
1.962,2312.33080965651,1714.3781841416073,454.0270158838358
1.962,2309.3811467248397,1845.079858636329,477.4391540788641
2.004,2236.1742224414847,1939.6130131416955,466.8706515928066
2.005,2302.393890302847,1833.5075160411232,486.05079129101705
2.005,2255.586622607674,1890.7743594123426,443.6421948603915
2.005,2204.6482357618943,1787.0557154874705,448.3376894347315
2.025,2258.9936305300953,1858.965800127166,458.3228303842525
2.025,2188.798287097209,1855.9171505166132,443.0765373238552
2.045,2285.2249425021655,1802.0891410765155,445.8946296888965
2.045,2363.698646517956,1845.796215692785,437.32875009888653
2.066,2225.3162645069965,1888.5860989282558,443.9544865920374
2.066,2218.785910697469,1817.6062085560193,450.84826335185295
2.066,2407.4158285593153,1781.5251022154607,454.74948375455455
2.066,2263.3908292259543,1779.1918883594733,449.50709157493986
2.087,2213.717417388042,1852.30565280603,476.25916672106183
2.087,2206.1921875994985,1838.4430203654906,465.467990806651
2.107,2111.2172493086973,1914.3874374426744,457.0867313016341
2.107,2446.403424461814,1873.8365937358335,468.7307161526784
2.128,2305.133604412707,1858.5116863009596,491.99253258868606
2.129,2208.1788988686512,1751.9651574330621,468.7084382889095
2.15,2338.337350681521,1833.1595221157363,495.01896950952926
2.15,2283.248086643062,1754.1190945770288,486.20048049853904
2.171,2256.1567603840726,1944.458422142401,452.74005975200055
2.171,2297.3704919515194,1809.2656894769962,443.78684074997096
2.192,2348.516333137667,1784.939092337744,432.97492155629675
2.192,2238.883254199817,1815.4889355233295,454.5452823258745
2.216,2415.3731451814297,1859.2053763474153,439.22588470338707
2.216,2187.785636214479,1670.8937702780736,489.65280618227166
2.234,2295.3552038717326,1777.0820002761625,454.35271819910815
2.234,2311.2754313751066,1950.2449220326923,449.94331610083964
2.234,2243.5384925304807,1862.6335034583394,429.4822904799223
2.234,2389.706457656773,1856.5483969001098,452.16086892386636
2.255,2367.286008015965,1873.3178360171269,462.2882166610116
2.255,2371.0069398719997,1751.5558278346828,474.7173633329183
2.276,2264.6110557955503,2010.479087843539,449.61311262008667
2.276,2289.239259647172,1889.1472979214427,485.4034219240808
2.299,2387.235613040874,1813.9620286822603,472.34407189509307
2.299,2200.4474333004578,1896.6574276572007,457.06498803511073
2.322,2335.090461971552,1907.733728983751,462.9506173674815
2.322,2395.8718069485535,1768.801004223123,462.71046575828854
2.342,2183.00290150451,2004.2448980722234,486.06067423573614
2.342,2100.397532443298,1843.5208973155313,470.3175554508942
2.385,2200.4281889580016,1789.272901532847,484.898721741412
2.385,2203.5468893310476,1915.8957004518184,503.34917282873965
2.385,2231.8738204921406,1780.404293748031,443.2410251299696
2.385,2297.73300840205,1718.5398167844464,476.02650587129887
2.406,2226.2210749820833,1744.3471904362834,452.0496868293525
2.406,2280.131405466462,1712.1480856701608,454.0588646015737
2.406,2150.9698544262847,1789.2476371082676,482.2830843009895
2.406,2481.7738831203787,1874.0596627480604,482.75657429086453
2.426,2303.8307535079634,1859.4144441572644,451.6689864397423
2.426,2293.238654277479,1818.9948206026033,426.9331378216531
2.447,2245.2582841385793,1765.4315485208617,463.51943689655724
2.447,2138.24674060308,1807.173707171784,480.7435716109232
2.468,2210.730187214728,1816.522390844023,463.75258364769184
2.469,2168.384954780263,1837.4399429041932,465.34642583894515
2.489,2127.0621125780012,1719.2712852064135,443.69546257630674
2.489,2223.144885121058,1980.0651237223983,456.0611963213466
2.511,2240.6290559222202,1734.6790081949243,452.3020703648953
2.511,2203.122349664144,1753.8328349020762,491.179917832852
2.532,2290.5402385928364,1840.6556705790056,472.7218314933228
2.532,2311.852448592833,1925.2746735246606,461.585922430735
2.553,2316.4842102499015,1906.0205092301856,485.58786626870034
2.553,2286.7241856103315,1760.2303070619853,476.1945900543767
2.573,2194.1168771584353,1715.3126821854967,448.43631004508387
2.573,2142.643921286327,1888.2385301495651,469.076148406704
2.575,2228.245651145814,1789.8779190265489,452.7167521849722
2.575,2355.916082700164,1850.9175979558304,461.60841476671357
2.592,2224.1128117968733,1841.5734822074155,423.01709141842946
2.592,2268.298167646726,1752.6727038838458,443.2399547256981
2.614,2209.558372473945,1831.0421664851453,448.61803439622906
2.614,2248.3015742183975,1893.5868419020812,430.5485422506877
2.636,2263.2889172485507,1842.31669826277,497.18289481051175
2.636,2233.228025640892,1757.4542268009068,468.988286756207
2.655,2123.863720344262,1839.3994039769045,441.39403805902674
2.655,2129.7940732776988,1876.8373523832906,467.7942042737792
2.676,2330.424673832318,1832.295771206737,438.3110807297175
2.676,2165.3593818468016,1831.9702818198148,466.6522819041393
2.696,2253.845158129305,1845.8433982315155,434.7431979597742
2.696,2240.092330692396,1735.9348497289282,470.54974116037175
2.718,2213.585992562054,1792.4127086698002,458.32684161942683
2.718,2290.4449021996365,1828.566977463493,473.27528410298095
2.738,2357.920252226754,1810.745801417953,454.05619574625064
2.738,2334.8672367248864,1803.0347941954763,448.19029261573127
2.738,2346.502847672074,1794.9888947572485,470.5894060906101
2.738,2321.0014774077526,1850.3354851569811,439.6080801039081
2.759,2248.0391886840716,1848.515739388254,473.19085046586054
2.759,2374.549991177974,1937.877005679102,437.69244325879464
2.78,2386.4178746923053,1828.331380211725,451.29801056898
2.78,2175.696599101762,1933.8554046134313,467.03227902099695
2.801,2404.094141121484,1660.034964847911,434.1162511794476
2.801,2317.512429084288,1885.0904697908543,468.580884047912
2.822,2390.9507638610844,1759.1885946435818,442.8673586277153
2.822,2409.9142731958405,1942.397388893785,441.8978083058996
2.842,2304.238252765366,1700.1293726526346,468.7129838682256
2.842,2290.670951572179,1803.9133309558476,482.19575221051224
2.863,2297.2384490212635,1801.1544998259556,474.45063759871346
2.863,2253.068764923662,1726.0269350483725,479.7917345251725
2.884,2206.287873807539,1782.2756374515848,502.843764650825
2.884,2333.867148749148,1831.7477775218958,499.56265007260936
2.904,2371.2906618635498,1792.0743970180438,436.63473493118136
2.905,2354.684089463533,1814.8030776724593,454.0322659788565
2.905,2175.081159149161,1853.1133829552805,450.2933251043333
2.905,2144.023237089219,1705.005898137541,458.33354983814144
2.927,2269.4421717889036,1925.2475847781257,466.83924588447894
2.927,2185.761912167685,1861.069498745617,494.0565846838784
2.949,2236.319562672342,1748.4941399499344,460.9492353610259
2.949,2277.950249606874,1834.7835686062085,450.446854177323
2.969,2281.6198620490086,1879.5451832700535,448.28632882609196
2.969,2224.7878600399704,1840.6290606252549,449.7726322671918
2.989,2336.4471561513055,1873.2960716400808,468.2303870598488
2.989,2391.6740455444824,1874.5722649459572,506.0866617954596
3.01,2394.00085478352,1717.65375750982,472.77320797681074
3.01,2268.046708709927,1785.2852556469124,455.926791057938
3.03,2342.56421912821,1967.995252631896,460.7946246804292
3.03,2339.28965603483,1796.950374266044,445.6659659635488
3.051,2288.415614760491,1874.8339873673904,454.8991787084571
3.051,2212.24091799274,1925.9078395698637,455.39881785844784
3.075,2354.0629490694882,1851.2582036178924,439.09420868690256
3.075,2270.340768497882,1795.655704676762,457.8915026160682
3.075,2217.370464902789,1879.9582851744212,473.48699829934077
3.075,2351.2183677507046,1869.9535481695002,435.2711231968935
3.097,2231.085400914578,1808.5846669344473,469.5456412775844
3.097,2207.611826986751,1837.9967876323126,419.56306313449085
3.117,2242.5417634946,1816.4695212079698,451.6951369073698
3.117,2328.420469553267,1753.5348757911847,479.3159716451347
3.139,2247.8178692376855,1831.2038688929795,465.73433136382835
3.139,2309.718985776216,1970.3507474386827,467.80063584112094
3.16,2116.8434293409546,1896.4521772968105,453.2095092767344
3.16,2205.010235047541,1963.6780474690308,475.8881431969624
3.18,2263.9306581211777,1873.7358543801292,439.1366074106991
3.18,2306.0750795492663,1903.9470696408491,460.51287174276666
3.202,2258.429172631452,1827.4200407749613,466.42865096663286
3.202,2300.6065777266963,1788.7578627935645,448.5328574509315
3.246,2394.1830872344626,1788.5406028017842,445.8053654912361
3.246,2202.0283518864353,1897.5089025374068,454.5024554745676
3.247,2363.7109294197126,1886.4027757423664,455.2409434467669
3.247,2236.064377601757,1857.1090054855745,426.5775158260671
3.247,2380.298126131217,1856.2854575482422,514.2197297941274
3.247,2325.711329386646,1924.9493373923792,471.86792406919756
3.267,2213.568566557056,1736.2780763510457,485.0465069887072
3.267,2310.515006845215,1837.6953186636135,481.02288169061137
3.287,2158.9444749753097,1944.3090078958448,514.4092969811171
3.287,2186.0566053919133,1889.4107716452254,464.99020381106766
3.307,2229.915410534331,1740.0771072169243,466.51727860568116
3.308,2278.109495955102,1871.7120388025771,498.342522396429
3.328,2176.5740968989257,1840.0659332922378,461.2498052751016
3.328,2101.765755195141,1914.4643691255674,465.02833396011243
3.349,2232.5719131590013,1809.6791349186633,499.0151480415513
3.349,2235.5450473485516,1892.0358147514485,468.30668030178873
3.37,2144.243234774155,1748.4205966720942,482.28757674054793
3.37,2231.614566014187,2001.9243093045766,437.3108032777654
3.39,2319.807193346637,1960.078928356967,445.9431316927829
3.39,2183.4409455255686,1840.4050960910326,454.4887225622411
3.411,2260.61062752313,1760.0065399630666,473.30177935368135
3.411,2235.4243414438893,1907.4877065480955,423.3787260636142
3.412,2215.803319806124,1898.4633431443795,459.8173579359716
3.412,2058.3856012689,1944.3611351142144,451.071485123006
3.433,2342.5716427316675,1804.1110825594212,489.3116473255028
3.433,2302.0190573615314,1833.6495323174645,462.7450175949146
3.453,2196.6679456863217,1813.537689376794,471.1050744298103
3.453,2379.9484182261285,1836.4913669776063,489.52887781435123
3.475,2313.0073924313356,1756.622431063683,491.16637741103716
3.475,2198.2509610524507,1930.1164290989898,433.6682073459412
3.495,2360.9651986619465,1795.9255388869544,486.3624815570765
3.495,2209.055746987086,1805.2491650630677,447.79012759283876
3.515,2169.7214324330016,1705.7577076197638,468.25243912483535
3.515,2269.727606424267,1764.9005869641114,455.6768782838403
3.536,2266.801296136844,1867.5481889717323,445.6608610618228
3.536,2275.6017107039775,1788.842189266994,469.5744558763391
3.558,2236.017496281004,1746.1394411852216,439.834669772283
3.558,2317.410708166365,1871.680356911798,442.90812717275537
3.578,2159.6179205649414,1931.2294354449307,444.9580009906017
3.578,2234.4061281430095,1830.7758796692444,463.1500272311603
3.578,2277.7326506251325,1920.519383416851,473.02324184401164
3.578,2217.2747248672754,1827.2350379707334,457.102357036826
3.598,2311.605579472099,1851.3434861568944,448.644736110884
3.599,2337.6419097384523,1845.194815239469,481.316726306495
3.62,2298.8189866056337,1957.3687351278259,491.12516566143296
3.62,2185.5789139415892,1855.9821837870184,448.2871352051347
3.639,2155.295741056313,1793.5454157801776,444.42859561031054
3.639,2267.9360264657275,1780.6165475587634,467.80758421981386
3.661,2268.170922742338,1744.524576896983,474.81498841275135
3.661,2389.47895799079,1796.7758961344214,456.2674457826384
3.681,2229.3845809673194,1979.9706484447406,473.34087383557164
3.681,2276.6666024318083,1820.8403809181946,480.6511559005738
3.701,2252.3464040808954,1737.3390373156128,460.428110119386
3.701,2205.767667212655,1842.1301631412753,448.1080372088723
3.724,2275.6686954186816,1835.04549881468,480.9697944072608
3.724,2361.2168741262167,1823.1529439067158,444.7735126954274
3.746,2198.071085185518,1784.6572321776348,464.90932536298675
3.746,2303.68270659985,1912.7945376623447,468.9920324426658
3.747,2356.2187785919023,1998.5199942894299,451.61600868533225
3.747,2228.508782657698,1850.939481358869,448.7323174773593
3.767,2255.772401459518,1805.3952729452503,445.92953655275363
3.767,2246.3072251524827,1959.2583148169517,470.5290554094003
3.787,2452.9296304497257,1675.6212027795148,440.74918087407065
3.787,2287.3911881451822,1655.7284164623559,479.1882271614506
3.807,2258.743857463662,1744.1312303137572,444.52542535661433
3.807,2277.7626769561716,2007.532164626429,457.7591895389368
3.828,2349.1028294427333,1930.4282205201391,475.49071572618595
3.828,2256.2981390640966,1831.00278005632,482.98484616630014
3.849,2267.307456442853,1823.222265689446,469.3381209701819
3.85,2181.600230409782,1741.518922008813,455.99204174221757
3.87,2084.309817491877,1871.4615425409147,452.2680690934742
3.87,2173.003009161186,1959.9554102428344,459.8962424091635
3.892,2357.9347660544613,1792.5121707687244,447.7542827031087
3.892,2243.5340869886118,1784.2925542352682,475.0746074140421
3.916,2224.0289083398343,1888.4343651852691,474.32302747523914
3.916,2306.221540969962,1897.4603381741144,455.4564789848996
3.917,2317.020483788948,1840.0732619881294,474.2913890820524
3.917,2349.5605003836163,1817.3409310313439,438.1964889171858
3.956,2267.4392006163334,1837.286032054273,468.3496074259487
3.956,2311.693427441908,1852.8884645699368,500.7501268690864
3.956,2201.0908570252213,1840.0682215426914,476.9286528329902
3.956,2353.52274692007,1853.5429511885125,467.4102309946659
3.974,2326.6577122509116,1911.637973426826,471.5461543209746
3.974,2314.6335941877296,1900.2228696199884,482.0774805573696
3.995,2320.8323991904363,1883.1687767664819,442.35186405716644
3.995,2415.3262864459957,1875.0685852227955,464.14458202198983
4.016,2408.2854820471134,1925.4424013677763,473.5098016319306
4.016,2337.1698698775344,1865.200990734781,477.45603123172526
4.038,2423.8658616279818,1848.3841328851493,495.0882974634762
4.038,2230.4520864314927,1716.6339637845813,425.6657577699122
4.059,2174.7209682934613,1811.2138559347638,452.81368171105464
4.059,2294.467517534265,1751.7322626071143,458.82572115662435
4.078,2249.7404688047177,1814.1662717642696,446.471497070366
4.079,2242.3033073006636,1845.2873347864866,469.17651314771445
4.079,2210.684234969321,1916.8142544852642,445.6564855907528
4.079,2337.0283462205666,1761.0387089257506,463.9555710045624
4.1,2235.771056873851,1886.3720775561276,429.93995278486454
4.1,2343.726184730063,1816.6945857605406,502.4258608467794
4.12,2363.041175646582,1755.4600898059166,471.94858406064264
4.12,2292.316394734607,1674.682801953891,456.04313626109644
4.141,2287.9866084246864,1824.1919576148184,449.68540883913136
4.141,2279.122721723819,1846.735028669395,462.1970709400495
4.162,2301.2601906377886,1841.2969664413738,449.4298696841063
4.162,2346.4999648787243,1901.195477939689,471.04175409232505
4.183,2232.6584277985176,1906.7710588140262,497.80135544208804
4.183,2299.8325433114314,1907.0996527023465,471.53464447589585
4.203,2211.8787012560083,1817.943513386124,471.3383842733606
4.203,2176.0560077081414,1799.0673354475196,468.5517093775167
4.224,2139.5097328454985,1830.8670827127487,490.6054056912807
4.224,2113.3283092373154,1843.2286034097167,447.2052276128764
4.245,2206.0247684022156,1837.7734677548722,472.47251220947265
4.245,2045.7910142633832,1815.5465654099921,468.4385383789743
4.245,2294.399479539591,1781.720878051673,453.30434433842464
4.245,2196.1463786929894,1719.4766586387552,450.84277300079515
4.265,2291.5914030500167,1956.0251375952744,454.7285048691027
4.265,2320.7717807578756,1799.7610975986015,472.06222441993305
4.286,2304.5845124536468,1779.0755636314595,452.9721991249149
4.286,2201.4044633805192,1924.5672023213963,470.25352792666513
4.308,2264.224084477452,1833.9329362927317,482.0236475361765
4.308,2390.4561413762253,1841.6234044715168,463.7834189338435
4.328,2260.632898972204,1884.7472496931239,441.91595068239684
4.328,2228.9035596714994,1903.0697985336462,485.23862383735013
4.351,2226.800136931661,1872.4113172442712,488.23810289329015
4.351,2289.341744062498,1828.5654848707127,493.8726779954927
4.37,2344.2445515156687,1904.3444803835296,459.86866017798087
4.37,2240.9360866827865,1831.8882077156459,437.18142230571834
4.391,2266.702041079606,1828.7255321836458,437.9161473027673
4.391,2423.952403196071,1792.1944348837253,446.759238064427
4.412,2274.1914641171466,1867.4246003104504,461.4374379355766
4.412,2169.6122187238816,1805.84196156807,465.6281908352914
4.412,2287.122876713302,1897.6968433334755,435.65076577056846
4.412,2198.80388299096,1660.0088933758007,461.8046445992988
4.432,2308.3958033597405,1767.3019088515014,455.43428115147026
4.432,2360.154838515509,1959.9169183380989,447.01160699309565
4.454,2039.9923823431607,1748.7669412734151,460.5352282191428
4.454,2228.706302074775,1752.5866618656448,463.6071548024455
4.475,2222.023739303641,1914.0830026569893,451.48287870335196
4.475,2250.9678762459494,1741.863132773037,448.75012500197266
4.495,2377.2337059406636,1736.70638154357,463.83843043693435
4.495,2289.1856174419395,1854.6776352572417,452.43799692748405
4.517,2208.9527326198586,1972.365391146023,492.53068745572097
4.517,2113.4098070346176,1874.7348063436953,481.2575744447638
4.537,2235.050100914324,1704.0390990771916,458.0844963231447
4.537,2399.7632081574193,1832.1145677783077,464.55459477016586
4.557,2166.445190973459,1913.9260894139074,463.61152779359617
4.557,2271.7318778872364,1802.0302092832324,454.47841397641065
4.578,2303.5706090384356,1713.4233954601416,464.65886136492094
4.578,2266.874583228992,1804.284259251987,475.507970646685
4.578,2185.263732440313,1802.6927511418469,485.9978551373963
4.578,2230.497776372614,1773.188304851862,481.9122798393721
4.598,2427.8336397840735,1849.9217546105363,462.0048997658121
4.598,2059.48587985202,1719.9506934005456,488.31038987910114
4.62,2098.5998573678635,1889.3849500420677,467.7819620250265
4.62,2319.907858359654,1753.5604067925788,436.49573747142654
4.643,2306.1134697646503,1825.2548530216834,459.33561140882153
4.643,2293.0704003199003,1744.8452155999764,479.6698598734958
4.662,2206.6687093986307,1843.4892728538655,463.9644026583984
4.662,2333.6836637435504,1731.4300222673369,458.33783862250954
4.683,2189.1681232381975,1846.228773565005,448.73900865322514
4.683,2312.2647096523647,1773.3899910396644,443.94904252956655
4.703,2260.645794148931,1806.872928052411,450.15709093504586
4.703,2293.564950621975,1952.4116769427599,448.68182423476554
4.723,2421.704377226856,1777.1729571038934,432.3532829013799
4.723,2201.818640437299,1795.3557328555737,475.7291807507045
4.766,2335.602523175337,1791.0469926373394,479.7933153187712
4.766,2275.269671373293,1810.2168292532745,463.00429897540675
4.766,2391.326165055954,1864.8059790095883,448.8447973980884
4.766,2281.0816671513135,1821.4436183037008,449.6582587465423
4.767,2223.0873043879246,1792.721278471598,466.9336845706387
4.767,2269.7052606756893,1877.7756996631379,461.4417385226316
4.785,2093.9547801774925,1699.2758757383108,468.7987044238996
4.785,2233.387865912828,1978.5002570119348,453.02093280546944
4.806,2368.104933663923,1826.8744082519377,453.57295652247956
4.807,2277.703721024264,1850.1564426335478,459.74665004073734
4.827,2196.0780456173843,1875.9934964932725,455.32305447902013
4.827,2295.628826684503,1848.7411789089588,482.63725349022116
4.848,2262.924663962333,1835.0404798702587,435.48035663701046
4.848,2212.604156785709,1757.586407627812,457.9847208722516
4.868,2264.290733259274,1893.0158160262242,483.6912494981588
4.868,2323.176745295711,1944.089875001966,439.72762571150304
4.891,2341.113179469355,1841.3973792329105,453.92434208759977
4.891,2323.8133909956355,1770.8027268668095,493.20762727940166
4.911,2115.5759877737382,1871.6661082792668,468.48889598785155
4.911,2368.1972731709498,1786.6283186606524,452.1409647255776
4.912,2387.7583039808937,1901.6436097712385,442.6141326682011
4.912,2186.9528392843026,1788.8167367657886,467.0643259905207
4.952,2310.265859424838,1896.816036260652,476.93636690759087
4.952,2165.2872520994774,1700.3810345300406,470.4907242175702
4.952,2191.6624197004626,2017.0021507363965,478.581460521837
4.954,2241.321812071942,1892.825193516836,456.82023764130827
4.973,2259.6414162444603,1893.8621544338232,450.13145504797245
4.974,2259.515816243321,1871.0323219971042,437.822664197571
4.996,2109.224944363655,1895.2636228433698,464.88363361526814
4.996,2265.6391814475114,1775.1753942326166,462.15545370491554
5.016,2271.901392832457,1847.0839961014156,446.1324235468897
5.016,2306.394273344426,1813.3074397639546,466.1871221033732
5.037,2319.4555784790386,1750.3329864455309,442.3743740827223
5.037,2439.863263024778,1904.7687832771799,444.6445298327817
5.057,2244.4492326141553,1761.46640978204,458.0150662914499
5.057,2311.7381051388847,1865.9636261369003,462.30628632773147
5.079,2144.844495721334,1880.810455722492,453.47062551844954
5.079,2298.285388232339,1862.0249161429551,418.8345490894993
5.079,2262.4445423271773,1848.9277230241519,454.5892327436121
5.079,2150.482022452847,1843.9356094920474,470.28301604368716
5.099,2337.552776772192,1878.3183051488115,462.23193916172556
5.099,2198.1382698906477,1843.0661779660625,461.7755433351103
5.142,2211.548756863564,1928.1378168243853,454.91732381623467
5.142,2283.622364869238,1816.4406166871024,471.0046830381515
5.142,2350.5845816838414,1914.1375130339038,462.8479038201662
5.143,2147.374886654691,1811.4660345533393,465.38636369911745
5.162,2319.911255086545,1760.3001594377556,431.8844324780345
5.162,2200.5425372220857,1779.1506608550847,483.9904592053734
5.183,2274.855971063941,1777.8266171579032,460.1286169405638
5.183,2235.9317761192233,1890.950649377285,468.30183641758305
5.204,2217.802605036376,1756.3010507740096,453.32177422581793
5.204,2309.6196850846536,1866.067948819341,472.34039993529535
5.225,2352.503411184019,1914.4365304373725,453.681128251264
5.225,2268.577891681482,1681.8810211239752,502.02248340778453
5.247,2192.1238355912387,1883.2332648615486,445.9716177865051
5.247,2229.4271338016897,1989.9146769874512,458.2419705904529
5.247,2137.169616464424,1865.2238563915962,481.96922319610775
5.248,2359.8461543280455,1887.994092814275,466.14393263180045
5.266,2252.823020811057,1860.0769729445215,486.93888937036706
5.266,2295.719586364114,1804.343056531464,473.47309851483436
5.288,2320.463152968764,1797.9882526276112,504.12381090557426
5.288,2237.521403166198,1868.6800654377291,472.12361025755513
5.308,2307.4822573328697,1786.5513580942177,468.33102590580324
5.308,2477.0668809224794,1804.7061566499472,448.0688671956001
5.329,2245.06290992128,1882.9101560605397,465.0717248999275
5.33,2154.1176722749196,1784.0792959955324,427.76345511459994
5.35,2330.4347779673367,1883.194532031565,461.8179953651865
5.35,2316.1800219125075,1792.0136246193629,428.75258505718006
5.371,2284.3529913764432,1790.8360775756562,429.027057712557
5.371,2351.778795925674,1849.6067997977766,463.7372809028004
5.393,2329.609903948327,1880.2421945947385,450.10832464754276
5.393,2311.310678471458,1829.142046024481,447.53441067899996
5.409,2267.274023632814,1939.1778937391869,494.7682810205547
5.41,2314.8072202456083,1769.9362783797048,453.5835942264134
5.41,2312.5845749389514,2000.0554174812307,462.79865455510867
5.41,2361.074310424877,1897.257836511004,431.66437734654954
5.43,2236.958033004371,1845.2062821869686,450.40130444927695
5.43,2289.473409095119,1886.4382878143158,473.36598104020476
5.453,2288.973804380247,1731.768755360267,466.0030887225713
5.454,2313.0964334440973,1744.6393842431846,447.72485475760607
5.473,2340.00842350235,1818.81525105275,483.6716654202786
5.473,2174.0728940036915,1823.6651957367985,443.5290429702638
5.494,2317.698813717894,1961.923758846171,466.25498982025124
5.495,2413.4450991252534,1871.4205236949954,480.45327965569476
5.517,2261.20904128349,1908.6323972694754,472.86464773416236
5.517,2156.2417585534704,1831.7862866815456,477.54200292403226
5.536,2324.173318891255,1782.947079334204,458.57593790247137
5.536,2428.1140786814526,1864.7324184750717,473.64993915506363
5.557,2361.1817550746514,1836.9795063702986,452.48521080572596
5.557,2191.0640114741536,1869.1750128589774,476.370056813237
5.578,2171.543264262606,1827.2177719566687,453.94126925592707
5.578,2322.9959079182663,1746.1623341463544,475.4388542018473
5.578,2227.6413976902686,1978.229922554414,450.6873342527963
5.578,2071.7756643288076,1796.519072943263,418.0815639347684
5.6,2189.486976941424,1834.7189306405055,465.6567913480256
5.6,2249.063808203579,1868.791108844772,474.75889468215826
5.621,2193.5102692758946,1713.3097305971544,487.20411033995646
5.621,2394.989973591316,1922.4817442719184,465.76412240791666
5.641,2322.4162726582535,1769.4386018221967,471.5268910464995
5.641,2224.4214303644685,1897.6761468626644,476.7342519274637
5.662,2227.5817483695364,1739.6042070653778,457.6308958823287
5.662,2201.3158203697158,1879.9646748042007,449.09137495356725
5.682,2171.711331803438,1710.3330942563089,439.9859893047087
5.682,2238.0697184660185,1926.9924878342224,426.7626095207198
5.704,2331.6029979923424,1854.008065790853,475.8076849341581
5.704,2247.7050014950137,1845.6978817907502,446.8450970716611
5.724,2199.706012230662,1879.2004427516354,470.17593882439024
5.724,2198.8817338412096,1755.055227759666,495.82434145863306
5.744,2411.6092126020144,1785.1704976394221,489.68263177202317
5.744,2347.453344902062,1750.2221348813978,472.73587626088823
5.745,2198.1209031342323,1764.1047879049834,478.1899072972676
5.745,2270.830811790279,1862.2852895249125,466.709837542252
5.765,2307.265613190616,1827.0016662940027,465.15624677209667
5.765,2324.985181679597,1728.9708416422625,488.0790121987104
5.806,2141.7283245460067,1847.2799912201974,489.1702938848961
5.806,2434.5008979101294,1869.5238952642646,484.61883805260834
5.806,2320.375329572924,1900.1718683682866,461.9559080015302
5.806,2150.989138769418,1948.3425841687992,450.1322284082466
5.827,2286.1418152188935,1805.765452779096,450.97379791206555
5.827,2134.9467302794246,1899.9350835737962,469.3017133563434
5.848,2247.853509699168,1852.2064040808243,477.21747902083945
5.848,2405.9100764675363,1880.7277531996692,458.38483476511504
5.868,2182.7425325419617,1953.265701247327,467.6888551700318
5.868,2162.3683379390964,1772.8627182108303,442.01424059290633
5.889,2302.3571258367374,1950.3857893638021,447.29635763505513
5.889,2349.1162417165565,1940.2642847159664,466.03806090824537
5.909,2265.2183321324133,1821.4877448909863,468.7334693594294
5.909,2455.4076642416976,1902.7068576608342,492.73506800169963
5.909,2324.2373237941424,1860.561718022769,459.5560929179753
5.909,2248.4512481055995,1764.6099866650075,483.309660375342
5.93,2288.484080588545,1818.2502630412628,434.73982031880115
5.93,2373.6916743124125,1844.222591188499,466.8984257006066
5.951,2409.498548418855,1920.5347277515962,437.0086144189581
5.951,2202.1169325817937,1792.062793488587,457.4434512816581
5.97,2285.523847416292,1828.5434405253488,463.5487105790988
5.97,2363.2095191271455,1807.5406373821556,411.73804579920704
5.99,2245.3033843391086,1893.2789775046751,447.14570851472456
5.991,2227.682981227567,2026.2445976253277,454.1503731935454
6.012,2335.940528999808,1714.5015666732852,464.5564155901846
6.012,2196.6486490042353,1870.7947191733283,452.5179656965399
6.034,2405.5917911401157,1942.0715647463508,430.60882232615654
6.034,2368.1715880997167,1913.9190054193596,458.16146628907893
6.054,2299.8754403450034,2020.320723676042,407.0589245741119
6.054,2287.6359053966335,1944.2560139287198,467.24664106262713
6.075,2356.0407523430135,1917.1036147611392,437.09672118030517
6.075,2278.5610559336274,1824.7255386145343,446.98545007379363
6.075,2370.6009929677516,1966.6522232265124,447.6510209096214
6.075,2413.3527267779673,1820.1202351681118,457.96351849087426
6.096,2276.2745833865797,1968.4458388805233,460.4113183769448
6.096,2252.126665098704,1862.5980153403514,443.89181057469176
6.117,2154.49791819282,2084.676550164538,461.23319702975897
6.117,2254.400326957903,1972.3078110413226,445.86737718360325
6.138,2367.520262272511,2041.859808639149,482.7716730753107
6.138,2294.0631171033674,2017.2348862936874,455.2440303040577
6.158,2327.160492807315,1997.7405756263922,426.60658300167603
6.158,2488.657977547918,2040.8614050727574,438.06376556351717
6.18,2412.934379348679,2011.3590902349704,432.6362548798439
6.18,2307.586934429015,1841.5046397824194,420.3181474868689
6.201,2208.689089454363,1934.2192719707837,493.2297589352487
6.201,2420.5067320863186,2058.546212463201,487.30061027171513
6.223,2232.2005888851913,1927.2206295491892,472.1959279350889
6.223,2299.109148765284,1965.3242955620399,454.3422705486284
6.243,2224.943563920076,2078.594153974628,461.5262710207413
6.244,2356.712309101683,2050.3165005681944,495.727565105504
6.244,2218.6624042845574,1977.62252156307,431.3054958440854
6.244,2260.823142102196,1981.2771456386834,447.66159375786987
6.264,2219.1260650612444,2109.9590457104637,397.80580808422565
6.264,2312.764889385454,2168.3216017047216,392.2165054292909
6.284,2314.018505683319,2210.394475021678,472.9545934228617
6.284,2291.9956725828247,2223.0199108297197,467.8782605660217
6.308,2273.427773705353,2134.267414857031,493.25954078838873
6.308,2259.948063268125,2164.6510384388143,455.93599266729734
6.326,2213.561327473112,2121.2870621344578,443.29373008412483
6.326,2229.18029089122,2018.8175047138664,445.30111934612097
6.347,2301.4010458645043,2004.086060315101,462.3302909081131
6.347,2223.803548018602,2081.1211911144933,451.90490643883305
6.368,2162.8564863976294,2139.0843392632646,454.0836381322556
6.368,2218.3412427049566,2013.3453468336768,452.3783467431731
6.388,2272.292759476361,2067.8564102806968,459.7670469221408
6.388,2254.033284720874,2123.896403839364,449.2255608312269
6.409,2436.884699578063,2101.2200048970576,443.47966729017924
6.409,2262.468939736133,2109.025899515263,471.7501316273846
6.409,2317.9743259550123,2200.083454822371,445.28061050477885
6.409,2231.52023044551,2357.3900282017094,459.4927062003395
6.43,2433.4763321768723,2003.0688630072793,489.9218916532561
6.43,2249.685944965195,2080.840516022915,501.3640049181324
6.472,2204.7124369700946,2220.465234356104,479.45794346605345
6.472,2266.365200644164,2090.2335022717334,469.6575536534307
6.472,2421.863733083455,2040.652192645495,439.26895833124973
6.472,2236.512399176912,2131.96528478543,464.72332129818653
6.493,2328.215620888762,2122.971191428972,439.5212614235181
6.493,2375.392941568538,2041.3360860772227,450.59966340685804
6.513,2183.105182375472,2072.161466619639,436.38580794916
6.513,2319.114656199825,2152.162212369407,419.149598647887
6.534,2275.218017496551,2052.0276782095552,429.0872973859123
6.534,2208.0776241040357,2133.6411275063115,435.38400126903497
6.555,2406.003160630184,2246.880201310496,451.20609261603454
6.555,2311.7303701709334,2014.7244952627161,427.5680422314241
6.577,2271.818689164813,2100.4710621633326,467.9776389145732
6.577,2291.4228881113577,2147.5800720334073,484.9399147954148
6.578,2338.149056280011,2157.2338898088738,457.65571690161556
6.578,2392.963436430652,2167.531986045236,489.4402422065526
6.597,2335.2528477929377,2119.3303179287236,496.7768006184215
6.597,2237.4983610464424,2169.993578018595,492.9983763227263
6.617,2261.336152937621,2122.985368642224,439.37267448452366
6.617,2269.6561618011697,2113.937404852366,447.457217471159
6.637,2191.245776007285,2111.0012903855695,463.2475746333567
6.638,2374.041958487464,2217.572867280423,464.5613867763025
6.659,2256.5058585096094,2125.4973425882076,462.6131453841097
6.659,2255.334994864379,2249.8394848417447,450.1924410038915
6.679,2273.7840411836078,2056.1322727405413,456.66358405340355
6.679,2142.6466198886683,2236.2063263394334,501.95074484134716
6.702,2464.0264048109048,2202.8735194670858,492.60330078234193
6.702,2285.1368257811014,2115.3296189782764,500.6076234675225
6.72,2382.6494193754684,2264.2874954236263,453.03379519819083
6.72,2277.8018888621104,2129.271270186323,445.07940125846204
6.741,2273.428356513157,2165.28631889332,475.8187736153619
6.741,2345.6167227417823,2053.072784717951,458.7944095054275
6.741,2209.9676978404304,2164.5386522591625,494.02057492613426
6.741,2339.5485283812677,2090.4620588477856,467.5264405084078
6.764,2243.381036377888,1979.6863951621253,486.4415923410305
6.764,2304.6869186451618,2219.0851927066674,452.888953941574
6.782,2338.411258374314,2169.685471688066,470.77254598263977
6.783,2274.250568475142,2232.240709297986,436.75025852002364
6.804,2160.9186930654832,2143.6714943352317,473.88077482155506
6.804,2200.8785017864157,2024.6755728747114,441.7859057030457
6.826,2138.523043126944,2168.46854243884,415.08934522882464
6.826,2342.661140091026,2163.7265466114695,440.10474655050626
6.846,2455.168701900718,2107.046374944438,475.9541570610078
6.846,2341.3896974492145,2126.1093496404706,452.5933236934721
6.866,2242.3935753086,2178.7133772732154,449.27895644383057
6.866,2300.682546527538,2125.601358415212,470.5446434964066
6.887,2309.101324522131,2203.471386167324,418.7138759948521
6.887,2340.489387596863,2192.0382494641763,423.324451959934
6.907,2199.8147852398833,2129.6070894515256,460.2933563588621
6.907,2286.652428850104,2113.038115897756,448.86717436542807
6.907,2236.087300626549,2002.522607494697,497.89388354703885
6.908,2269.7843264220073,2055.686781942315,494.04380170437696
6.928,2292.058851917713,2129.2539972107033,505.82147242570494
6.928,2401.665921357047,2036.8082498831213,499.27537006367106
6.948,2264.634353071336,2091.3144027879134,449.5520450170366
6.948,2425.0083244434377,2195.153417174937,447.01328471487795
6.968,2336.090701650371,2075.2813497993143,476.80772760265523
6.968,2439.9378438471017,2162.160865941176,457.3378770192685
6.992,2106.115857803076,2206.7414178659255,404.23988128398196
6.992,2330.56156782253,2030.8880417161358,426.6139879879484
7.033,2338.7658689591167,2275.609018192796,452.29021535192567
7.033,2199.7964958953216,2122.8056151628416,441.18916862228207
7.033,2339.4759368534583,2057.1152537183807,472.54210325501316
7.033,2318.333997567718,2218.394273228763,474.49031411447
7.054,2397.743032239553,2156.8024598998363,498.2549610131756
7.054,2188.0313057346902,1988.3555477145994,468.30703879012833
7.077,2243.047753330848,2057.489446062597,525.9257341995616
7.077,2316.1292160650987,2065.8850667242855,511.7913714225376
7.077,2287.055554953953,2206.2218730611507,449.8970846332203
7.077,2301.8216768982415,2100.981654257927,485.78908718154906
7.097,2279.014243689621,2095.860439449306,469.44420387010547
7.097,2246.144709829397,2160.227239217552,428.66609509413667
7.117,2241.4941490967235,2112.255909838263,446.43738653045324
7.117,2230.2359299333657,2111.729547319647,466.53826867884516
7.137,2266.9990498856077,2242.6584350875655,466.3356485088466
7.138,2221.142538617971,2174.7735599923108,443.9495260280547
7.159,2351.0367076925777,2106.3492422081595,435.04152631693205
7.159,2252.1598558933824,2251.8876838519905,423.3900370121582
7.179,2201.5625012331166,2252.5877764867055,429.8477707007513
7.179,2266.7346895368264,2184.5108059283207,474.94772010717656
7.201,2321.4507566102025,2154.2412493948423,482.48658390926767
7.201,2281.8266217882915,2163.27610843234,429.30431478208686
7.223,2341.3222342115914,2135.4203500650838,477.14812016991664
7.223,2256.328598563444,2232.314100667526,447.9446253784419
7.243,2334.273158679355,2114.591082902672,444.00026332824496
7.243,2339.3166258106303,2117.2677235640285,436.9821747038899
7.243,2356.88015705184,2044.2093063233008,490.1125345321513
7.243,2183.7939545060467,2058.5199609207857,473.9792466499758
7.264,2284.773731849799,2114.6400570965397,429.5650073365755
7.264,2218.4229822867746,2120.9468398309555,455.03249140773613
7.285,2301.1430436312594,2119.841619248239,468.1771171247481
7.285,2366.021359564655,2275.9022494530514,469.99864089858045
7.306,2266.1123848403354,2125.834133064275,479.0429338482303
7.306,2311.437044005795,2158.4935287123894,478.843677730004
7.322,2308.3132736376715,2013.722001706245,508.20544845054917
7.323,2300.7668290341,2080.8470777088037,489.8264198562625
7.344,2140.481022850899,2071.5042223623595,439.96143033196375
7.344,2277.0453575885076,2228.589513232756,403.6026614111643
7.364,2338.727460388488,2166.561513030334,453.22753367468266
7.364,2256.1618490470255,2099.6251338632746,458.4961568688598
7.386,2284.353054221412,2212.914346078799,496.4565343130171
7.386,2337.336666288319,2177.415245215847,452.59607415233256
7.406,2391.05505300741,2231.2935076608665,458.1184053712124
7.406,2341.6898733159464,2156.642115738485,476.28064326046234
7.407,2357.600156207645,2307.380904620132,454.0893694170034
7.407,2238.3260039406046,2060.840209745403,444.7979750774339
7.428,2268.7466826677155,2155.575930777989,465.11811785670517
7.428,2272.360065102774,2162.580183552298,455.2318897286336
7.449,2365.3862270570366,2079.861175908859,491.46274740957307
7.449,2225.3203348468282,2171.413244724888,487.09193239144673
7.468,2263.915407180034,2086.4405369969872,461.2012840716514
7.468,2370.7069532173477,2053.3932663106298,459.1999313398127
7.489,2308.389694939616,2256.2235170034705,511.31509248537867
7.489,2236.6517214887745,2146.377733870112,477.4697454860306
7.509,2434.8788524953047,2096.895613242955,455.3515627943564
7.509,2204.6024339670357,2111.7808413281373,476.92898814096236
7.53,2276.442956515225,2025.6276481124573,486.9443989400357
7.53,2371.878622896932,2257.831588234682,471.3952357883197
7.552,2415.9966238000325,2097.6230118524995,469.4276730921255
7.552,2344.761758540459,2172.9079988705494,437.4177385615342
7.573,2305.4072597132918,2163.6438122509185,457.38308863733226
7.573,2369.6962106894493,2145.2641739729247,497.4290546625796
7.573,2254.992286069107,2043.512706675372,460.50419645537653
7.573,2170.465120835476,2260.060875651074,459.3757907458438
7.595,2312.7226213178433,2050.920051442363,439.6046307018264
7.595,2270.72137669027,2135.353771227111,432.9452043750607
7.615,2285.2310988965055,2137.591182541956,435.9318422114515
7.615,2216.5069558876808,2228.7452318305386,464.76728996859686
7.637,2275.958906930431,2137.3232618421625,478.91119260464677
7.637,2300.714172993541,2176.6677470854615,480.30676129630046
7.658,2427.0388346191376,2257.1068023042158,461.8928511268478
7.658,2214.787446926479,2123.132302035516,447.16338970382753
7.678,2328.1552120058714,2101.4766031933677,424.73004955640084
7.678,2249.5169506097245,2221.2655205030937,426.6654626705022
7.701,2088.835603419961,2154.804783928503,464.4612998775634
7.701,2234.8794606241354,2314.301608933065,432.6977201013494
7.722,2426.723950425677,2090.9185099671304,404.1430675011618
7.722,2225.600739805771,1989.3788430961908,427.3100564938323
7.743,2287.74828851943,2134.290093298811,447.8407120220776
7.743,2446.0454496508582,2202.0870907861085,461.98903175439887
7.762,2359.432860958145,2137.192651960177,455.91797231643807
7.762,2299.2872467978264,2133.9133300300828,472.2689959888916
7.783,2289.984058416434,2235.0446993828427,502.22261173912335
7.783,2393.162679642566,2080.2065355901395,480.39662303121577
7.783,2285.214330557081,2154.398885173934,488.15065019584347
7.783,2350.808947568436,2221.817494902055,515.4279379299866
7.805,2248.5557130736256,2149.9164452088557,493.6277252618947
7.805,2278.9139469568395,2217.772449500529,456.5263858494973
7.824,2341.618409285486,2148.829007979866,442.1956998105903
7.824,2197.739700583575,2267.8713419539995,435.1366540922663
7.844,2216.0407771552123,2154.3945676926287,389.70394633768717
7.844,2316.6023994477728,2234.0145069786618,375.07842358346863
7.886,2183.519555693166,2127.5021876532546,470.6784796600596
7.886,2273.8940510923967,2198.2409495623933,489.5449438625079
7.886,2175.4470118927707,2192.7345970629112,485.9453261984849
7.886,2248.6527067457714,2182.0868694678115,454.75494277530527
7.906,2369.2681947411957,2248.718184203014,438.20336218557816
7.906,2276.114407347826,2203.0996907846197,407.57479128913707
7.906,2171.0021547863107,2143.251273373216,481.97017606139445
7.906,2275.368448610658,2154.3942254577705,429.7820310747005
7.927,2343.3802523829877,2215.151388086151,436.02427728244277
7.927,2306.543998881248,2157.6498033082025,426.104543466505
7.948,2363.297295499569,2041.341783114956,449.4371646148634
7.948,2280.0206888542803,2120.5458052157887,490.0114188567802
7.968,2261.5533377171614,2101.6726712632503,488.20185322741
7.968,2314.9651291478654,2267.591924396718,494.28244346013605
7.99,2332.2018794563887,2121.5500031962683,456.48782932443896
7.99,2266.1595745372774,2193.2950908451503,470.129465363884
8.011,2330.544815497682,2090.233848606685,462.1677823319192
8.012,2269.175227959189,2140.4849949312334,483.5268936641282
8.033,2203.5443778806302,2255.287102770249,520.0953980385823
8.033,2263.563871607635,2238.3359126352184,506.9011985527772
8.054,2313.2818435932727,2241.4612270450198,485.64948061980493
8.054,2291.9857980804964,2140.413325372269,483.8265281752456
8.075,2218.902350573849,2180.160414626087,474.02815432816175
8.075,2256.4198860584756,2053.6318915130287,502.01722460654076
8.075,2203.1956987232784,2198.979786559453,427.00197682555716
8.076,2298.6441620377173,2090.1012426489615,407.43206248208355
8.096,2324.3304876118873,2120.566286175254,453.8344631616349
8.096,2291.4123424737218,2078.0380945712495,449.9502275136858
8.116,2170.6011675287054,2280.5833804300505,459.8825166966475
8.116,2306.9206707934227,2312.7593111924525,438.0126398069865
8.138,2197.8078675048105,2006.219042728381,463.3038414298226
8.138,2153.3359611633587,2081.0874783833005,461.1588404099334
8.179,2459.9370231724297,2097.139455525843,477.8902932751965
8.179,2344.9584275038856,1893.291906591693,479.5063069587162
8.179,2226.88213810584,2198.336768776592,419.6703684615814
8.179,2322.483642390494,2112.795507705388,400.7578208513716
8.198,2307.110040732516,2025.2392549834044,430.5731153311582
8.198,2246.800578505205,2153.111520614238,450.88233490629926
8.219,2333.279524619729,2054.71676394785,399.95590030887496
8.219,2336.3151979902505,2145.0531450629246,422.895688240616
8.24,2174.5721195212927,2228.765935284319,432.5940210940611
8.241,2122.8055045302394,2098.5429934208514,409.44959016306325
8.241,2205.7200874410273,2232.3030547935655,488.33609668207754
8.241,2231.710084373044,2246.502600321342,482.2564730867706
8.261,2338.1105146324826,2292.459821656239,442.24223992375636
8.261,2388.590968768486,2175.629363651707,443.19171422088556
8.28,2313.266277209789,2149.521163788235,439.24853224971486
8.28,2217.531927793626,2105.079630240964,401.8594728010172
8.301,2268.831434403192,2076.9856916866984,458.81383508591796
8.301,2194.802322135362,2070.390698453488,462.21964714882654
8.321,2281.8427287160307,2151.478618264406,488.65404173383473
8.321,2294.585683110531,2167.3299779603444,505.7114729768938
8.343,2439.1015202745994,2205.4731658525498,440.09752794397525
8.344,2240.0455143465465,2200.5157278762376,452.2494186713156
8.362,2326.1890997392193,2068.4307569999783,522.5135055292778
8.362,2290.0414810013276,2148.892520946478,520.6054243828204
8.382,2197.026876648554,2112.1052652683316,526.6922250880809
8.382,2276.617185974464,2183.708978962156,514.0459844181273
8.405,2200.6539084761957,2150.104188508116,446.30204000592425
8.405,2403.317611073236,2102.1252264241175,458.9101671659817
8.405,2335.081133128934,2107.915125095811,475.4534010886819
8.405,2211.5538202195344,2096.8834112359514,482.3880129548214
8.425,2367.928907318094,1989.7097649538705,434.4516380162584
8.425,2384.8037658338544,2263.4671481988958,468.64865628692326
8.446,2395.518551594199,2175.4626040591766,450.9274985926511
8.446,2325.542691072624,2083.2049466867566,499.59338454880196
8.468,2289.1804026189325,2248.7406718195953,456.41915850933634
8.468,2308.1863466105187,2207.9742562738106,470.44762214644703
8.489,2289.796094596334,2143.5770277489664,397.34178294109347
8.49,2316.2187784997036,2101.948829043734,378.5684424311586
8.511,2192.280434981156,2097.9809579036073,435.0701470314458
8.512,2357.5097306595962,2256.6980306779324,445.6033141336056
8.533,2248.3342232632876,2173.764743152788,462.568015305382
8.533,2350.819971987379,2173.279980381328,466.90931929669597
8.552,2262.3724784207775,2078.7009605671215,409.6582539508324
8.552,2343.5228462112923,2104.0492835483565,402.00169286722945
8.573,2396.4047932216486,2158.7260027520606,470.01341894443107
8.573,2322.0133155597873,2243.892917498767,491.3855655730305
8.573,2322.655699742673,2256.5912916336965,488.020903522697
8.573,2321.7626442592805,2225.5823713089485,483.51400534674127
8.592,2257.0063096346826,2166.2937809696514,482.5196359720913
8.592,2203.0287614608046,2223.464641512815,480.7872717830558
8.613,2432.196879172172,2265.480383065709,502.0959260754846
8.613,2300.796259666552,2216.0427624697527,503.2118077208512
8.637,2372.955366701195,2238.1303363980096,478.28949314262724
8.637,2374.2931268849925,2200.068444951042,519.2764814475556
8.658,2217.939223214591,2141.6554494496227,480.3932591171841
8.658,2192.677680076352,2127.194553642787,459.3701002951451
8.679,2303.86734287105,2227.970347615123,443.13022577780544
8.679,2259.6290806285024,2138.153880571066,454.1463994821254
8.701,2212.998003377401,2140.4010446809266,445.12648343234144
8.701,2094.097708216921,2217.924897969921,477.71059545614986
8.723,2319.334596832131,2203.1725297380094,457.27375249260325
8.723,2245.899873050527,2162.384973003669,453.1721271311699
8.743,2445.5151688312258,2094.331150923878,456.0608283149725
8.743,2333.9736209749467,2223.6631207336573,489.060550918527
8.743,2305.196542031953,2209.2883762750234,484.6959858434663
8.743,2278.785351621967,2014.1726370142976,466.247108942536
8.764,2201.4886664384617,2199.922031220889,494.1217149429365
8.764,2395.891998875392,2209.65469170806,470.869868262826
8.785,2385.7131448001005,2253.3067952983915,461.3796594293008
8.785,2317.5977241592623,2083.280148651893,464.90158894105
8.806,2132.193921851848,2129.2321564358376,481.5513644950478
8.806,2368.7239620321716,2234.956951339385,516.1167756629292
8.826,1990.0093749197667,2204.468171048,477.8398158436823
8.826,2165.499772526324,2186.656793625843,510.19753743054315
8.847,2320.167744687139,2309.714908480205,450.52237778736605
8.847,2245.3812181807534,2275.04130287127,459.2718132499823
8.867,2372.578890732477,2133.349095057908,465.89869406874675
8.867,2257.4243180007525,2207.9888993826457,502.5200148372633
8.889,2237.28883167325,2109.279625065275,497.31863978622107
8.889,2194.8571633117576,2197.0396670825803,442.90768888177524
8.908,2189.739887095477,2284.6067783041563,466.4826875265533
8.908,2394.3998781993773,2173.7243738227235,471.7140939863419
8.928,2381.4909798945923,2141.0899027039204,503.3959717842468
8.928,2307.630668582604,1989.0032861872342,485.2094683386712
8.928,2191.7937551740674,2166.173792400223,398.0715781402688
8.928,2235.0249826551817,2142.8290531850175,444.4630563567286
8.95,2172.824095368379,2148.547658895898,434.50171597097625
8.95,2297.4837189702534,2092.309413378929,440.8934126992733
8.969,2338.8221368178088,2098.2909015114915,453.395090891155
8.969,2209.4233535086064,2240.442625431116,463.12427407968585
8.991,2204.7832427193375,2086.4428827151173,466.91110427928623
8.991,2294.3586366296895,2087.16172926769,459.534774561043
9.012,2206.7308954571827,2155.8401984169195,498.6652494414879
9.012,2232.0810266333233,2321.4088557475498,473.8653693122468
9.032,2349.0430431372274,2175.3044486117915,434.3059264462419
9.032,2218.5465203384565,2117.345247464957,452.1039646358195
9.053,2276.714629022571,2119.8689490119045,442.75699601378096
9.053,2283.950927114605,2195.596000038262,452.4133296514366
9.074,2304.379256286638,2205.281286086593,468.29793245394995
9.074,2231.2713570296164,2128.4344494829706,446.86041158711924
9.074,2307.2645953837105,2020.869161927461,471.21690878510077
9.074,2250.4321132951513,2149.551529398348,428.53515934121293
9.096,2222.411646922554,2273.1294392131213,431.20379282204004
9.096,2321.7954830977096,2123.4904388059335,457.85549739252525
9.118,2215.7645378646425,2161.0677688325463,437.21263361133015
9.118,2348.533838869273,2063.641333475122,483.9628874364937
9.138,2250.5611844451732,2192.6254325498057,474.57095752122837
9.138,2285.2281511108595,2131.602274801549,461.4694368189025
9.159,2149.244372102975,2166.139747722641,468.7918740103595
9.159,2241.03201253588,2124.3486120688517,481.6402110752018
9.18,2167.61636861177,2072.6557814307616,452.9066249026813
9.18,2340.432608046425,2157.59902251861,433.85020200725165
9.201,2146.743531738518,2284.07141872422,480.67708567912223
9.201,2339.0560198356857,2236.57612482767,499.83868668479596
9.221,2348.741821730281,2185.4749822381414,489.59391551278526
9.221,2218.4139699484463,2124.43857824341,436.675541039244
9.245,2202.4837666122044,2095.622376174399,483.6766821841275
9.245,2229.591179589416,2184.4507275745113,457.8058620703811
9.245,2225.6720323465056,2186.190326977932,455.2413207860779
9.245,2286.5504177563803,2165.1135482421637,461.2025036788504
9.263,2238.629830057731,2153.502714701804,450.0542244790255
9.263,2283.9486881178964,2174.51673713447,438.4434342046463
9.285,2272.741361526443,2322.5892302983293,502.75280065667596
9.285,2391.8713851002253,2092.4712600297826,504.28167056347155
9.305,2347.207731694656,2149.692518666399,471.60924018561434
9.305,2234.0992506730167,2175.4133264041307,439.0590492990958
9.325,2335.720125408312,2209.161076165316,523.3649651525512
9.325,2225.392073405649,2299.0235752740837,531.0959394195365
9.346,2202.7754009006526,2266.912662420239,513.6340528739643
9.346,2319.342730000707,2128.0446576221657,516.7496610251635
9.366,2362.7762706934177,2239.5424281402993,464.640615226239
9.366,2367.9089655803778,2232.760504146256,449.0546387231206
9.388,2312.9670800029544,2173.8594418879425,452.8951869586804
9.388,2423.847199572897,2102.4898776189593,462.8851594407166
9.408,2327.169992650893,2211.9314006490426,463.5166174925284
9.408,2286.376396522758,2212.4552738744082,473.0249422495203
9.408,2310.2358021826008,2179.5865941146603,481.37620401565823
9.408,2229.4446097560126,2054.1896576199597,500.36610209111495
9.429,2271.2742713331877,2201.9946755799733,445.7671856319641
9.429,2359.052370997593,2253.575413333154,454.26736725668866
9.45,2273.3175729212157,2234.723493889011,471.17327237199896
9.45,2361.9247752293522,2151.3917310073307,457.98826361433805
9.47,2451.0015127442857,2201.2738021722043,445.454280327735
9.47,2182.3317381168577,2244.3530274526784,406.75384705343834
9.491,2202.6955632003755,2188.024755823633,458.9074287647486
9.491,2387.4711941545975,2188.595795923346,371.26266757420876
9.512,2437.918302721296,2187.84515898342,374.8739633989722
9.512,2216.9337977765385,2200.939242043713,477.30781340183097
9.532,2249.3471679096547,2124.039177113722,457.57359155696315
9.532,2363.1253336489067,2246.8393034283094,477.78937096581524
9.552,2409.4297650730928,2199.5634631519056,492.46362175116263
9.552,2333.1759704949113,2213.224018486335,481.6926778274158
9.573,2316.650137758313,2138.3997688230725,491.88729555267014
9.573,2178.1588001215346,2214.3734029929683,465.2912316439351
9.573,2254.682926784252,2221.2847161198306,475.67653187935326
9.574,2247.1440979521185,2223.108734093501,498.0149214979724
9.593,2288.5448488305224,2169.1210963723306,490.54498485776605
9.593,2382.804426883497,2143.4734924949307,458.9850773001719
9.616,2337.833324392447,2133.032204698592,476.737149173885
9.616,2274.5842163941934,2165.840867962569,464.02078625338845
9.635,2192.831138251917,2206.931754086375,463.5644429324843
9.635,2310.679997917864,2180.549251309388,477.7730257078794
9.656,2227.5626144921043,2235.6874624966067,453.43606449109325
9.656,2351.7957060918634,2213.0412396662264,448.9196530586733
9.677,2286.6936163494715,2174.5856404628285,433.05630374624025
9.678,2367.6810946400215,2262.8639402416297,451.86376066310333
9.697,2380.0702707237638,2129.4364992036503,447.1895239948275
9.697,2372.2791339763257,2239.1421545036537,453.09211425044936
9.719,2344.0583582750205,2277.5784615946445,493.86378055057025
9.719,2223.321121542592,2163.403627183434,488.5094874254843
9.74,2229.5221781958844,2237.8204823543233,445.1329317547624
9.74,2254.4980151622613,2186.398450374167,447.32826092026306
9.74,2267.9141445046707,2082.8716575977282,470.18112717527276
9.74,2270.9269351269936,2194.950425686149,442.9345919849635
9.781,2348.8457864400334,2232.7201124351327,423.18350623858873
9.781,2415.1814497507003,2250.6646407589965,471.8510878806336
9.781,2235.510618495751,2382.6863678285313,443.63647691871773
9.781,2349.1002994785663,2202.4384251834326,478.51510219730295
9.801,2359.7128464311268,2198.813171016496,471.0485619807797
9.801,2251.943487955403,2174.8976345966503,472.9926348078944
9.822,2246.256271528057,2233.0462373460628,450.2719457852057
9.822,2341.4602515800752,2259.329148913148,431.13683203218613
9.843,2220.2746217788576,2143.2311975088915,491.28868395831813
9.843,2363.990817947066,2168.63428617341,468.91845985839956
9.865,2318.7639991787332,2213.973676894342,505.536443239482
9.865,2410.360592034603,2177.9952672386576,470.94909861030067
9.885,2445.7717448842686,2069.1420029279675,478.3386608681137
9.885,2315.0227242948686,2035.4482587471555,440.76105324479715
9.907,2321.657728229066,2196.682175488562,512.6547982902686
9.908,2205.4267025401236,2094.123405767333,456.0097347216031
9.908,2329.414198736729,2178.5905743480234,477.9121167704201
9.908,2243.0295373160598,2238.289541273972,503.90878993636323
9.926,2204.569792423891,2220.2178263160868,475.6113246728197
9.926,2271.9871059281445,2183.2744511801025,470.47290358234886
9.949,2380.161887239211,2188.3727349731553,467.7610399430536
9.949,2219.041387631858,2210.6487808459065,462.6352797885823
9.972,2402.812016897188,2197.134943860381,463.9887608090638
9.972,2428.0451263812897,2234.7673389367988,475.22240453499774
9.991,2418.697746599136,2123.8600266714056,476.46450680110127
9.991,2244.992208535399,2125.1740980977734,482.8128107023603
10.012,2344.8503433516134,2168.175924258455,456.78833470664836
10.012,2353.5448246472292,2121.887847914213,446.03783475048203
10.034,2234.4017908723604,2145.534524087056,466.2977323308965
10.034,2355.8050604468153,2102.072757079229,462.909632330455
10.056,2279.81676673358,2226.2353543491736,547.1637226073241
10.056,2353.0890282695996,2125.302626887573,537.0616599833281
10.077,2368.133788843422,2148.1400764070268,448.13918963714696
10.077,2194.9086639313514,2133.583639166868,413.2460346313862
10.097,2366.827216127336,2198.4841551637137,473.88141861255144
10.097,2288.503039393647,2282.485281451951,479.76062756670774
10.099,2295.1133579672723,2142.268252190299,452.28018810955274
10.099,2302.7250170501366,2094.183814530664,458.04893998970755
10.118,2267.016903399183,2168.625599701385,443.88922140227163
10.118,2140.1856088938985,2235.1579509204644,479.8798450514593
10.139,2312.8142211296918,2295.1347503014404,443.13626812557806
10.139,2219.7806482013757,2104.605602227192,399.01223918918294
10.16,2443.467285631312,2111.3029313077213,470.2235603711786
10.16,2228.931933397481,2185.616010155056,475.00207952472283
10.18,2461.762924946157,2096.493320106911,470.20680964815836
10.18,2384.0057720294285,2166.061664021065,490.17674579506513
10.201,2301.730980018146,2096.865391443873,465.17624441642363
10.201,2244.8088766505093,2171.432576060789,469.6724521010979
10.222,2310.435562683351,2226.8904477362744,486.62941181065133
10.223,2295.3352468890466,2278.9108916459772,459.78090933070604
10.243,2241.1507985824646,2084.119752824305,537.471341680075
10.243,2205.699888919308,2219.327361235924,528.4153005231553
10.243,2269.3391039318594,2255.0994385851413,458.89571986473743
10.244,2381.687427912252,2200.3260631858248,456.29722370572557
10.263,2268.527085354957,2190.060281397112,452.97681046387936
10.263,2454.486217637371,2159.543922410848,415.4996018332275
10.288,2434.2210942523484,2060.0592183735416,450.3055057789875
10.288,2286.4851181395343,2072.569851964994,477.5176024142101
10.307,2281.7644533388407,2210.6203088020234,425.79274047971
10.307,2149.3848150842305,2140.1547819008715,414.47292181882875
10.328,2223.9945180221566,2216.464509872082,439.43532206938266
10.328,2342.869760127256,2049.8824280820713,484.75991790435137
10.349,2233.7544826518115,2225.8932520130547,450.4161709336956
10.35,2092.1165074760534,2117.632058406534,425.03035370186626
10.37,2277.092818836738,2191.0386292400467,485.2738367452705
10.37,2316.370908370082,2167.387073000688,483.4746450387505
10.391,2487.500792616244,2254.919207605118,471.0133819752708
10.391,2229.3599807036785,2218.737383025096,482.31816796086315
10.414,2259.593287046993,2057.5369259656213,464.07595903813376
10.414,2316.5140407511485,2081.000332436801,446.9220274289723
10.415,2344.1910803285577,2280.2434691864396,465.4810284547551
10.415,2252.201926627138,2174.252774781741,437.0745030295173
10.434,2338.519148532968,2174.8969046115553,432.61520284265964
10.434,2273.444368420802,2116.6188326518877,446.210661414142
10.454,2399.852426650754,2152.3333547835773,479.19842118210715
10.454,2378.7783346910583,2235.2057966465604,496.37167149176076
10.475,2383.632775895558,2191.7613468233826,437.32488802492327
10.475,2345.5449996920265,2161.367067601247,410.06852022197984
10.496,2297.284523012731,2044.1419094912715,446.62836650876625
10.496,2397.1880796236956,2193.186793179283,468.8573057144546
10.516,2159.070362857534,2159.8930971581453,460.98851051632954
10.516,2141.764550052673,2099.6465474676493,451.9375960089666
10.537,2418.7040061222297,2110.720721613375,474.5793184883033
10.537,2358.2385029682887,2177.1167039825837,486.703228118621
10.56,2211.8106916564975,2289.6392512139355,473.098692178699
10.56,2356.3789521941526,2041.4153220448602,470.56021497543827
10.58,2416.991109043516,2183.0506433037517,394.53728808853657
10.58,2480.1680565681945,2172.57751058517,439.4487177833216
10.58,2256.6097228732506,2261.499407085286,445.7011812663046
10.581,2188.3867717549483,2284.420168994976,462.03397464152476
10.601,2347.387216063836,2155.4081534510547,417.1247294162495
10.601,2294.1645374461054,2167.673505906974,427.18413568857017
10.621,2212.223204181827,2162.5303288754494,416.87608244345176
10.621,2249.475904413397,1959.6262058711786,454.47903139698604
10.643,2321.6153977594004,2206.89469933075,434.90385773389164
10.643,2239.993475916069,2316.167523098493,448.67001211476526
10.663,2230.9569497944253,2025.7022006264892,475.2613613701023
10.663,2344.7629247214168,2233.2397951380694,429.75431487212813
10.683,2319.2808214401516,2167.410041738087,463.5703867903673
10.683,2297.06577216461,2114.176455509052,453.3645495913652
10.706,2335.324719376837,2059.7613415783017,438.7364201923145
10.706,2396.3830292065695,2226.053136721514,436.5127595335551
10.726,2301.157327175712,2267.456819670978,469.91613831508806
10.726,2021.2967624498704,2268.3771495355027,483.7761624145413
10.747,2268.3802435759685,2251.2972282915603,467.96650862060983
10.747,2396.226441934877,2104.7245393533476,502.9414730849362
10.748,2400.995469796284,2103.635281993497,429.3367915632533
10.748,2296.876425452689,2176.653265900299,452.5928126488441
10.769,2235.2945122816855,2232.2240964096163,477.22979507873697
10.769,2238.412854935114,2155.461276588214,514.758138417134
10.789,2328.9002926378407,2132.762214282616,430.6637644281468
10.789,2146.317879592735,2196.990027282874,463.36996684533517
10.81,2381.1804918063353,2087.2741989111614,454.1407460617069
10.81,2326.7993558769904,2124.1835220287267,443.9146279101469
10.831,2193.513301623767,2211.6475084292265,480.8519779156666
10.832,2239.4374095483267,2296.374181821441,459.83425886761466
10.853,2197.1793984786204,2276.8484579377823,431.1184792384372
10.853,2268.0912780631343,2201.6788935610543,422.26404341667967
10.875,2262.624085432643,2036.6885164228804,456.407519727426
10.875,2272.2882116572628,2222.041253646447,460.69630521410363
10.895,2325.198171974713,2138.283783614607,530.0476962212233
10.895,2277.690674327591,2180.1482534576135,506.90301897551126
10.915,2201.40685624276,2095.2442089414935,455.19042388071927
10.915,2284.1944674219253,2176.352630643686,463.56037162962235
10.915,2244.770918516594,2246.5355144211917,498.2706553200698
10.916,2230.471220513001,2119.8496759497334,473.259600643837
10.936,2269.4430688054813,2233.616742828928,495.8096420815644
10.936,2349.8704062459906,2088.61887206298,485.05166047109003
10.956,2271.370864606132,2259.749051518842,475.5539620405875
10.956,2370.9793232530424,2159.339938066886,511.40623530311024
10.977,2308.4313891255338,2082.5450696406315,378.4155879239827
10.977,2322.618433396503,2199.533979612657,358.5244873356872
10.998,2230.307222255284,2133.2888023774426,473.60774024942344
10.999,2167.861237390786,2090.482559240516,474.40121333943523
11.018,2221.834251041029,2105.582170150849,469.3786937177769
11.018,2360.899657436727,2071.742026305373,471.2818944233729
11.04,2335.109510837922,2155.755594936967,454.7604658788155
11.04,2425.9373125589977,2110.7097521677347,448.51006038208885
11.06,2387.7845377167764,2070.257549000232,459.8951364702817
11.06,2198.784574624256,2240.9667049778586,460.59344096852084
11.082,2421.9342831339177,2250.5390415967986,438.4538697976099
11.082,2304.8126621746915,2257.424436568428,435.56625982470615
11.082,2180.1920255284854,2159.0658638985815,560.0733917871164
11.082,2246.1124856146316,2090.618967388639,527.7948037272115
11.103,2163.34708907267,2090.4895717762433,499.7336708798551
11.103,2339.3842049104096,2207.5090220179877,510.2924171199239
11.123,2354.923330836781,2312.688952065165,490.7538864467249
11.124,2204.1276259238834,2260.561756514184,424.46469723728575
11.146,2263.6505489011347,2176.2263536251735,430.0645148873116
11.146,2344.608608253887,2165.255893010315,436.6323697194632
11.167,2442.678886951377,2095.839830492716,413.1560183750397
11.167,2377.32858279435,2170.176504364239,444.65355961438047
11.188,2277.557562559312,2075.150843652771,471.3219719240461
11.188,2420.8261012026396,1969.2929292715119,443.24367672708837
11.21,2325.5217815477417,2064.8804377617244,500.7028065560844
11.21,2237.3939921553115,2103.6967976734845,480.85296242415046
11.233,2156.718574907613,2028.392248818898,453.97624341251714
11.233,2337.2237386333095,2187.1599229032,465.3317196511401
11.253,2198.8402789135857,2007.043624105171,509.7131898478917
11.253,2236.232184582211,2128.2058366344513,464.71288142462856
11.254,2266.434036686063,2134.0231393903337,483.48047114348475
11.254,2348.7963018417463,2085.932690573267,499.6453508552622
11.275,2256.7145553906807,2119.0511263567946,478.6441505361049
11.275,2147.658448843753,2142.4817720283295,501.1634848368279
11.296,2284.974106775443,2088.7359541248475,494.64502457614253
11.296,2299.9077307218818,2218.4299941574454,500.086695573354
11.318,2266.4466291711487,1986.3237718417063,452.4262462622546
11.318,2234.7919775813475,2049.806868976881,458.0827801088928
11.338,2210.6748865673176,2089.0845376459006,453.2533896493413
11.338,2281.99265541603,2236.9811274951217,486.1687730089944
11.36,2220.441297353921,2063.912368085773,418.81859943213266
11.36,2272.1012175766436,2240.1011130033603,434.6540320589941
11.382,2107.821930298751,2039.4553931903472,478.67569219863503
11.382,2357.7398450979113,2149.348824897257,471.56421580462563
11.401,2272.899136328369,2030.5567686907914,450.11207644147476
11.401,2110.2064477409117,1963.6707918380814,495.3593605297426
11.422,2420.2801190693376,2098.532261190332,440.1057789789755
11.422,2313.460500870825,1996.7990755286303,470.380861851807
11.422,2177.2213343249205,1850.09494353182,470.911089026807
11.422,2232.231664175862,1881.630957785361,456.04737456807055
11.443,2139.5811787451985,1748.233998408285,459.8824347541292
11.443,2220.7375297012672,1798.9625346147077,466.7392522493493
11.463,2260.083369722547,1821.612809762721,487.02865371545613
11.463,2265.7604147158813,1845.9938779742743,446.0301727303512
11.484,2199.6322956283257,1860.4350747947778,466.1965637324418
11.484,2230.503208566375,1815.1420085886998,442.99588688832006
11.504,2292.592647171479,1554.971124173646,472.6935482127238
11.504,2271.2543888788655,1799.8633676122067,467.82259637884044
11.524,2415.7184856273507,1672.0885804323889,460.0038548743743
11.524,2146.396867199662,1768.1362488345708,472.32837441526596
11.547,2237.126896839298,1792.1289541374945,485.01793063883736
11.547,2348.3503181600117,1835.6846231187228,455.2863834295853
11.568,2464.2125827949453,1812.3697673461415,464.19491419821355
11.568,2183.844011974015,1716.2174395728032,449.94846906646427
11.588,2292.2668530898063,1856.3495241978483,463.9128006439577
11.588,2274.346630807033,1716.326251846603,467.1163648766685
11.589,2114.9823081721856,1710.320026088947,450.00270023697135
11.589,2229.128250517326,1833.148675589936,467.15298390967297
11.61,2348.3719727138982,1804.6392785420646,479.5420712035085
11.61,2166.650429053509,1762.7899764472043,448.88582905119205
11.63,2349.7820705338963,1845.7193026782202,466.6848616569661
11.631,2243.604479345545,1772.9015158357925,482.54090708218484
11.651,2239.190396812697,1836.287195496492,424.85824288470013
11.652,2326.078234750964,1918.2971967053993,453.4101983585746
11.693,2404.9559804604673,1838.594820068824,483.9957612047692
11.693,2552.510899562271,1777.2730371083292,499.1687640954106
11.693,2225.7714889257754,1822.8934759143451,482.5342349497781
11.693,2278.4270833749542,1975.974219694485,447.6995695693043
11.715,2229.1026027859816,1812.8675006973074,465.8356454381363
11.715,2307.245064158774,1851.575885408309,462.2612120960747
11.734,2464.1286487100433,1783.218621364063,503.6145503061254
11.734,2204.6135312915385,1720.0210032288037,477.22471888865687
11.754,2219.5616746895275,1826.6080986745803,500.7266688616002
11.754,2277.450844009367,1823.7172502710437,502.9599997282345
11.754,2220.941315907866,1859.5629705648385,501.94910835873685
11.754,2124.6857816169572,1735.83960055018,473.46355141023776
11.775,2295.4256359660217,1841.7507015996416,463.2669397222364
11.775,2258.883232337175,1788.88506158319,466.05910498169123
11.796,2404.6120278648773,1842.1271134511435,468.4968653112847
11.796,2150.1330457472004,1674.4566054979841,467.186844007202
11.817,2251.213592552347,1904.1660638059554,439.9893606058134
11.818,2242.43706607008,1832.9036745783626,466.56093884294876
11.84,2264.9622759676,1913.5321764224632,484.5988253610262
11.84,2209.6939590342295,1810.3102875370123,462.14826597841176
11.86,2342.8627476238,1847.5235761993324,471.7150932406747
11.86,2277.089588896831,1742.968480912353,473.63484453306194
11.882,2164.832534322297,1773.6822190914147,492.5762777101287
11.882,2305.714193595192,1751.7016157105309,460.8285862896018
11.903,2231.225804018349,1771.2551631003334,468.44325968257436
11.903,2284.686216366739,1753.6004805619023,473.1995367106208
11.922,2306.4926313745036,1951.1599799116639,464.9633886579097
11.922,2203.89424200529,1744.0707273333169,454.67410629602085
11.922,2274.6472886112924,1784.4997667009063,464.8910323393988
11.923,2132.9920245303656,1836.0115675044099,430.7016372008014
11.942,2136.3034439396447,1929.7060268270657,461.6265819552764
11.943,2322.96573723432,1835.1635121136162,442.6047405077924
11.963,2273.466106607324,1915.4965724584406,427.5001351436073
11.963,2340.9869499862575,1919.633394721204,473.2789877007884
11.975,2090.3809465961117,1840.36382505292,469.51392947959323
11.975,2346.7087935115,1776.4479670096782,460.22261162491344
11.997,2241.8247685806937,1895.4769755733653,472.1547735875569
11.997,2233.8368957021203,1784.7205480876628,485.16923118537136
12.016,2414.026932998705,1847.1897013619323,465.8764152715314
12.016,2248.7714705990925,1799.007483622337,448.44084483438485
12.036,2245.409553484962,1835.9073451116806,466.3842637527882
12.036,2250.796320075631,1757.2480355954287,470.2073756551931
12.057,2189.9275372786133,1825.4508074867324,480.4027988967428
12.057,2281.5621002199096,1787.6602786901224,488.00757199783845
12.077,2412.8124360532247,1743.3898238501688,447.5625135163744
12.077,2113.4705697923127,1917.3632475443108,471.4908084436944
12.078,2339.1266000595724,1828.4574060886546,444.81770592520996
12.078,2261.808359747929,1879.9431678241367,446.8122252595236
12.1,2183.2087365104753,1892.6762531173456,456.2064845741614
12.1,2297.8431421368846,1789.1705838431437,451.68070361014446
12.118,2283.106136196318,1873.4418412913487,478.43644335892037
12.118,2246.76877431722,1792.364816876759,493.79312209826173
12.139,2287.023321698588,1793.1360968517454,480.09129929438865
12.139,2263.4369013763326,1866.2486324318531,487.0423736132858
12.159,2307.645325118295,1810.3072016915633,425.09967754359894
12.159,2281.9632562524,1977.9468795204189,471.7680308714188
12.18,2116.920118748087,1953.440297417611,486.0170355476312
12.18,2120.4864601573413,1926.1744595824969,456.68895988714513
12.202,2239.901224236333,1857.90482123178,473.6764004881493
12.202,2227.4920786906505,1806.9470095028512,466.7963503454148
12.223,2289.213660021297,1826.7751389960526,447.3690113548295
12.223,2207.0379409493494,1849.8662394548594,456.3367949999263
12.243,2222.3912976570573,1857.34463458431,472.8869760381407
12.243,2307.158165596895,1790.2169282938803,442.70076796294086
12.244,2165.6236231377625,1970.1871441504509,475.9447553385176
12.244,2296.231865063994,1813.0411300789094,479.9250882446566
12.265,2161.462072762768,1732.071191204101,436.33624707396785
12.265,2241.322452532708,1826.3038499014087,450.6005277698162
12.284,2252.0232521194885,1745.6799942957934,478.7510884973724
12.285,2200.142571078334,1826.5171332230707,441.60302567354563
12.305,2337.1163978193963,1820.8401096244797,473.34232050578953
12.305,2418.1135742315046,1886.8916901876307,421.757333518917
12.325,2021.4304240750964,1893.8068805195198,463.2568510079345
12.325,2347.287415444629,1777.2466143950771,433.96092777411843
12.346,2351.0300428839587,1753.8769321145803,477.02463967912115
12.346,2267.2055816589627,1839.120350374986,449.7736968307817
12.368,2271.8663293793907,1802.9680403161503,470.11338313843237
12.368,2235.013746877551,1788.2171953939674,481.7591310571169
12.389,2269.96916769645,1819.546586893324,447.94043052680075
12.389,2349.685358621768,1943.8516323218362,446.3633369188157
12.41,2218.666556239432,1748.8479760009159,482.64748307941227
12.411,2215.8929870740753,1794.5818917746751,471.4114233969696
12.411,2357.715358218802,1772.0139898506604,484.45636035177665
12.411,2306.9821481685626,1890.6746086665862,471.1745676921959
12.433,2268.1186229308273,1859.7374417505753,454.39383242057704
12.433,2360.2056210223727,1813.3194430685685,469.3419069440782
12.454,2210.052575836237,1874.6755291244594,459.60118776142
12.454,2312.3840218797727,1749.0989002137403,453.04871148225806
12.476,2373.6431907093292,1879.5243988622196,483.06061104172676
12.476,2289.4110423589714,1758.6993516302182,473.5556293309663
12.495,2201.7420893371655,1785.0350083052638,470.2812066779623
12.495,2179.907592868483,1877.8230015379463,459.03020880314676
12.537,2220.848437253471,1652.5431493200194,472.39531473024573
12.537,2316.8319534805846,1810.1207214104286,450.9200173750515
12.537,2313.060969353383,1842.0601230445775,468.38788015315623
12.537,2268.3928661907657,1831.6239414462248,477.522368804993
12.558,2279.12596348685,1870.2434449472275,465.1031510432872
12.558,2333.765051461018,1850.8439425863587,477.43703608214594
12.578,2230.637192034179,1839.6564264311776,475.5403989005594
12.578,2095.2749971896774,1710.7006381959213,443.7305612636547
12.578,2452.763659718286,1772.6557542271657,460.532748741072
12.578,2361.8205284495057,1820.4222299644628,439.4687471341787
12.601,2329.813012575319,1715.4311943544183,476.86334440183015
12.601,2400.8743354912112,1711.8574993928069,484.1613142402214
12.622,2325.5881641538604,1922.3928720632318,462.24176461697215
12.622,2224.29616766874,1881.8468546694467,451.71341262908464
12.644,2408.538036703289,1799.0254710811341,439.07231714265004
12.644,2146.246894298691,1866.7014413215434,465.8787925289139
12.664,2208.9426522842627,1735.3770519317225,490.07065236966116
12.664,2310.840610563451,1865.7617607889001,468.09402510738056
12.684,2323.4579782111873,1826.84085193718,436.46710058913493
12.684,2244.295848394738,1934.1558798866743,449.3401501454454
12.706,2283.5381511229893,1896.2465703404139,453.7875084476488
12.706,2248.6369679518207,1813.9017520632249,474.3659192082718
12.727,2237.3144127310165,1955.2026059924208,461.44912857851557
12.727,2274.4024144290706,1884.0790115066425,487.5039728570566
12.747,2075.4249975929015,1898.3887775679216,475.3651515115066
12.747,2235.350916934912,1827.030044555163,478.33702352204614
12.747,2180.7991338084303,1953.4588814950632,429.7834182350321
12.747,2319.28604856994,1830.2831750740852,458.9183814234311
12.768,2357.489907398425,1807.7495452940998,486.3148053996493
12.768,2125.7008784301097,1903.174311318551,474.98180902890476
12.788,2209.823918069039,1826.0972429842982,454.6799161658616
12.788,2351.625259460911,1812.6323686000592,470.70837503672715
12.81,2255.5694800723777,1922.7239976469107,458.2065090831793
12.81,2421.6458988911077,1816.5650602929743,461.05664135126835
12.829,2502.6413378721177,1943.1141443591355,478.30496938872926
12.829,2362.474087443158,1815.1264104574504,499.54311436738317
12.852,2231.0204941677703,1809.5393246635529,486.59467440513345
12.852,2209.0633829760345,1859.999322409634,483.4113568010533
12.871,2255.2141952119637,1888.279069437881,407.3458214606804
12.871,2392.6495149463894,1787.745090082911,447.49564117008714
12.892,2210.770289818706,1741.4649724540652,473.6369035152367
12.892,2249.6455588438434,1768.512019753149,459.6014539934503
12.913,2271.068854453153,1852.1633664825079,466.62515350246963
12.913,2150.8151780053963,1832.2618918150283,457.8681199047166
12.913,2297.174164750745,1867.2376285990892,449.37128999005506
12.913,2261.4883846689054,1770.1352141823702,472.2523248744192
12.934,2228.1877916972667,1913.0588451216158,447.52992181261203
12.934,2222.8613145893546,1886.6937535183276,455.87116375981594
12.955,2195.04987778963,1938.7091493636444,455.0043305886863
12.955,2392.8328035644745,1848.829617828792,432.5985595265803
12.977,2243.2724828406613,1830.3811298308508,458.9487776279486
12.977,2255.7464878264245,1829.1866277347146,456.45816354471884
13.021,2326.468550958273,1849.2479953557547,442.38313083739115
13.021,2283.4111086627618,1762.1912145174463,447.5929885085115
13.021,2271.8554443372627,1811.0235132298465,457.7160019899534
13.021,2304.79903694241,1944.4199013011782,448.4023203693737
13.041,2176.977799254591,1836.2400862561317,451.98132575781347
13.041,2313.337933761163,1831.811914054887,459.8424644145443
13.064,2220.2780301633375,1822.057151186817,471.3298910588024
13.064,2367.3687861583257,1838.1286915284277,437.6288997239526
13.084,2285.17222569839,1869.8086332550713,457.365382634708
13.084,2285.7716599903883,1752.792684829258,463.0575065918105
13.085,2285.817484353817,1764.750186245943,475.8058134849913
13.085,2204.4613260719925,1824.233772366623,439.10353787868627
13.106,2273.584222790109,1807.8508842791784,431.72822208485735
13.106,2366.2275774463938,1786.6618148966159,461.8158250860849
13.126,2192.967588466614,1810.3562660429561,473.6731138848177
13.126,2323.870939317948,1780.8293780165716,470.92437779833506
13.147,2366.7961286799177,1795.500721255374,474.4461540292593
13.147,2388.7694224800525,1755.5719026382271,453.7540926349316
13.168,2294.5591999532057,1884.4845909592748,467.9620180164707
13.168,2252.3626637514008,1834.6163626771272,483.14502662563757
13.189,2408.9944503358865,1905.4527080281787,477.9338980798922
13.19,2222.8974441013506,1811.484228056788,474.91422204588486
13.208,2271.336407003696,1963.3469840400057,481.95119889093655
13.208,2278.0499600080925,1894.7538611569603,441.3681760240796
13.23,2283.993953322792,1773.1290838820942,462.16743879993066
13.23,2176.409377381091,1804.9560309071353,451.7126601793621
13.251,2280.5407208042243,1935.867295161974,511.798137541716
13.251,2242.778197166715,1803.3739648212552,484.24324579364185
13.252,2227.3133639965176,1985.1847592768775,461.3496995382947
13.252,2252.215246218061,1900.9828483179367,451.18535805332556
13.273,2250.5282992495045,1833.1625699615884,442.5536588922366
13.273,2259.9021112024725,1844.0557579726121,447.06407545115053
13.294,2378.4331601534373,1919.764741894261,456.47292869835485
13.294,2222.9700856598006,1976.2046438217014,445.3753070171692
13.316,2250.616124438872,1866.5463317184115,430.0192981368753
13.316,2259.157275231318,1833.1560444854579,466.79473439137774
13.337,2161.3601122803548,1799.7744221213022,466.0017430721211
13.337,2168.5447079094956,1810.0738712498774,471.426220962442
13.357,2212.108307146437,1841.2191050807905,481.2583001557578
13.357,2259.9346716208665,1817.9910791245745,454.1731892865427
13.377,2276.640893271697,1817.591825515634,484.9738109039923
13.377,2152.877312922422,1818.8478809618236,468.03096704761833
13.399,2165.17759886443,1744.0481588335035,469.59457131310376
13.4,2270.243063304724,1716.1676278755688,473.56709043181127
13.418,2159.657847822108,1930.5704033869838,439.75655560821195
13.418,2140.213985638102,1838.314361730309,457.9820198135171
13.419,2380.3540818686006,1780.1726047029024,486.08374190804045
13.419,2321.2193200319116,1846.6806817093611,456.01237095569616
13.439,2212.3228058721993,1866.534624441638,461.6309043636383
13.439,2419.5721772664256,1876.506831864405,452.4633494422862
13.461,2257.4899363706754,1860.8746306777905,488.031363626248
13.461,2301.6072152366064,1934.2057931261545,492.87685159923564
13.481,2274.042329953069,1751.3354747231133,453.85244475215677
13.481,2304.827908030441,1813.4664234687805,496.9675447792133
13.5,2420.3291456984884,1769.0581792394532,452.46773219541706
13.5,2219.4901037578043,1746.5694694056924,460.17782985359923
13.522,2387.3011540735606,1909.3771629542578,470.6918177332627
13.523,2343.2220616759078,1874.7727775927756,485.93915563910883
13.542,2266.5896292560765,1855.4694207544767,423.8537057524105
13.542,2315.0541558355476,1882.0911162433292,482.6086806288526
13.562,2269.3546500023094,1800.0073598116596,443.7925638492045
13.562,2344.565766053727,1710.3059824543984,430.2481480538132
13.585,2286.1280182690984,1793.2575739730196,457.43665503913473
13.585,2355.603027071702,1650.6969469496742,456.0100742290057
13.585,2208.0829829399304,1859.9948685821553,449.16829448709785
13.585,2215.977787228555,1820.7774389520464,481.36617219232534
13.603,2187.5112620350064,1756.9834389098385,434.63445725599087
13.603,2206.7092743137055,1728.1804018863122,440.8939405046559
13.624,2397.3856238505346,1779.8592805699936,463.60779028150284
13.624,2202.774686865996,1876.8448913874586,481.1838870819692
13.644,2255.6006467076927,1714.589474500698,441.9902185853962
13.644,2275.0678006528133,1857.517697623088,456.549022256419
13.664,2423.7253031398204,1838.7359756072506,474.98897031146737
13.664,2335.617017836121,1825.1260291282604,468.77062803661585
13.685,2213.28880010516,1820.2561920964858,468.81017690370624
13.686,2278.005496717192,1759.194775369996,492.5813014853782
13.706,2154.061306070229,1822.5819921351672,471.9967121625343
13.706,2356.163706944617,1810.909565064701,481.3279354265323
13.726,2242.1674699202517,1843.0648655602379,439.36298802926405
13.726,2144.8198199141543,1784.4596796475932,422.4316983126226
13.749,2294.812219999602,1771.039423799875,469.39142107336176
13.749,2404.6259850782903,1846.1211030925435,492.9161501612302
13.749,2217.4638865213883,1785.0958553182907,460.22851119858854
13.749,2231.9547609035394,1869.87546078671,457.2651841398586
13.768,2247.780375758138,1783.6318479003464,450.61003020326575
13.768,2262.295977678731,1805.1511840115788,454.74897453867027
13.789,2245.9160098804023,1827.5658386875007,476.53811469801934
13.789,2327.2427346042223,1913.8380188335498,482.4167341415845
13.809,2286.7353209844814,1811.1280123118197,500.42331564028257
13.809,2307.3312744989535,1902.3383422096704,445.45592971248584
13.83,2275.1036297620008,1770.1648952003047,472.57260526705437
13.83,2317.2382169040816,1674.3602195076503,472.99194608688424
13.851,2215.3892530763897,1662.4786011622705,476.1637782783956
13.851,2308.9846580793837,1805.1633521387498,446.7640765354584
13.871,2304.6349902771058,1732.5296916586938,433.629068065736
13.871,2425.8998443454457,1641.1303687383952,483.40396300519825
13.892,2148.5066234227806,1826.5879261156633,441.65424563375734
13.892,2260.8141413530557,1908.2174774532232,487.36587014866257
13.914,2284.048941902689,1801.5493112186277,410.8690016271262
13.914,2426.418892462311,1838.0412307316942,477.6118139577776
13.914,2345.5124134835073,1884.603806195796,456.2551215895017
13.914,2219.057819417745,1780.638120207381,468.9331300726945
13.935,2429.135403868872,1922.185475372201,451.4627513121976
13.935,2358.719008415335,1776.6746889091398,488.5477626850463
13.955,2447.04564938468,1828.641431618609,461.05592323469244
13.955,2373.4304868726413,1794.07177707311,457.57806541592436
13.977,2293.8563306206893,1826.3680622093655,431.9813531840078
13.977,2428.9361714857055,1967.056919153263,471.09836522174726
13.998,2103.3651424473437,1784.4845687754496,455.7644182769924
13.998,2290.72411206154,1718.1455794622461,441.94968772479257
14.018,2215.4564628532366,1957.8548180515168,463.8409659253559
14.018,2259.068881344276,1842.0193704594174,434.40666559233506
14.04,2281.2165695562776,1806.4923031797503,485.4529340078532
14.04,2177.4098526344546,1762.32769751312,450.0411137794376
14.06,2351.8750721727865,1846.883587986366,467.5470400006637
14.06,2253.7993775662408,1943.592119410272,457.229755842559
14.081,2348.2047029149503,1731.7581671551138,440.3181790681527
14.081,2183.1316200747046,1721.6550263933154,455.1023343467456
14.082,2113.992733913254,1793.1451558661995,455.8709761122658
14.082,2166.789591866679,1733.3962241646893,447.58917069199686
14.103,2319.2299050917445,1804.2769411456113,446.83997793113275
14.103,2229.3535494486464,1812.8468153913104,472.5932384748264
14.124,2235.4696036496125,1773.9411078942976,460.4452740649325
14.124,2317.228257732484,1640.0541211655607,495.53144643575416
14.144,2240.7322564226556,1855.9824357126868,470.12884571725675
14.144,2235.989412595181,1948.4664261167052,468.93992146958385
14.164,2284.744872340642,1810.898820098547,467.6966404204562
14.164,2307.0481588169273,1878.5862356311331,463.5877683826094
14.184,2192.009092091489,1791.3022711996089,449.08854869426835
14.184,2296.743760650932,1818.7929321568565,475.8881448560215
14.205,2334.5078454776067,1892.9522344257593,432.0797192269249
14.205,2279.6428094317334,1824.1058592016527,426.61740810454836
14.247,2218.1439911353314,1963.596205989462,485.7293099789166
14.247,2278.8582084552754,1856.2246791314913,439.334968750631
14.247,2396.1455124470185,1688.7871463963222,508.4438698372897
14.248,2215.0895424510113,1880.5971230076473,473.1394263290448
14.248,2259.8621251387817,1759.9383292946804,491.0725988069912
14.248,2221.529250361074,1845.1610695048198,478.42112706277334
14.269,2324.973479870523,1921.6339951189498,446.80326472896553
14.269,2301.3313863741946,1763.993647048494,451.806946192287
14.288,2342.770354075972,1939.5766559600472,414.95047032684244
14.288,2293.5475664145815,1864.1640645361224,473.9096483602129
14.309,2308.095487554321,1742.130663844671,460.9388677654718
14.309,2279.7101404813957,1813.52492832463,479.67175088384346
14.329,2261.0720850440575,1887.619392852915,446.976748315908
14.329,2225.5613947867573,1787.5735932052294,472.5104825704983
14.35,2208.1101679377425,1768.431321655956,486.685619178696
14.35,2208.4769503136467,1723.9304024023193,449.8590251695251
14.371,2191.4615219378866,1800.771361847215,467.89767900280856
14.371,2191.133824056442,1872.0045382991773,455.2482160875347
14.392,2412.1108314821563,1815.6245232591734,461.68681567322255
14.392,2345.5034187777965,1836.3803092168166,469.72760427244896
14.433,2214.0889509023905,1810.115899255437,476.1450894683309
14.433,2230.739740309306,1771.6103736967389,460.2401137259738
14.433,2132.7294534037874,1861.3812230720828,454.1462166273714
14.433,2211.985271222575,1877.8504743655608,449.43963519795136
14.434,2362.9779691724793,1781.5441847689817,459.3981975534032
14.434,2250.7226721617444,1867.4910702220916,461.6967652018037
14.454,2310.19825961385,1800.058021931679,469.7400187049149
14.454,2221.91641616456,1765.1289475545113,442.9626358287577
14.474,2237.7166676688503,1942.1269010393023,441.2985105510928
14.475,2318.6338625715935,1844.364388336678,441.421296590017
14.495,2272.737458684246,1914.8275116938282,482.2506919714766
14.495,2154.052635025733,1884.169037521199,427.96785289022574
14.515,2246.6116198871146,1784.4862203652174,457.49956651546154
14.516,2140.592134262442,1843.4570040084054,468.7290622872171
14.557,2435.679539740989,1933.9437071012364,455.2014183720757
14.557,2279.9750440216208,1817.3038514777165,475.7711846369023
14.557,2142.113476572513,1755.7303110603216,441.118152320674
14.557,2366.052381964743,1825.7882040618715,467.05647838224235
14.577,2195.5306332407235,1900.2399465520655,467.00288220645797
14.577,2265.674543858174,1890.983830645947,449.79916404586305
14.577,2297.449505485787,1795.2421151626886,469.6573518670528
14.577,2270.011411397701,1926.3625458934898,446.97267351777003
14.598,2354.6724823906115,1909.852868718124,448.92146217569365
14.598,2285.1592423189863,1892.9595412752542,479.6946701481084
14.619,2284.799846983403,1742.6229863057108,483.69897436952937
14.619,2222.0438176032217,1710.413776996759,468.1956868109916
14.639,2133.1379445859297,1996.3974860622116,461.144117992292
14.639,2237.622916449114,1819.0509469629837,472.43233270473553
14.66,2199.1520045871666,1761.3002199724797,465.88698376049825
14.661,2238.772625016425,1785.4041320769454,461.6265424275265
14.681,2326.871003224878,1843.223317243092,476.9766664897843
14.681,2198.593616372117,1718.012766165065,463.4784800927383
14.703,2300.688673513517,1873.0831805011348,467.2569335632257
14.703,2240.6047955075937,1860.3739437739139,455.922039800378
14.723,2225.143238665704,1844.9417983771705,463.54243891683177
14.723,2150.160355415797,1895.11003962606,444.32293253657537
14.743,2189.122379187067,1801.5491990026644,474.1236794229509
14.743,2175.8830331868926,1871.2840101485253,452.00937800742986
14.743,2303.4635431243028,1734.0601885818558,455.58100599008446
14.743,2322.848979282097,1812.6623239550308,446.125353158088
14.764,2145.642092085091,1860.3475428890802,463.418246454769
14.764,2170.00546076677,1775.3058440084203,453.24650871317925
14.784,2363.4874768132418,1858.7096097181072,486.21556858254144
14.784,2353.473114293073,1730.7923578133687,470.6796635319348
14.804,2410.93549295025,1773.8161248468248,476.4282197218981
14.804,2401.821305824528,1724.2288923709561,498.3509899713667
14.826,2223.013657304574,1884.484920773266,463.44829702592205
14.826,2320.646972633836,1761.5515639428809,455.2766470069289
14.847,2296.0348809498996,1833.0417129643279,455.3545167243754
14.847,2348.281692477251,1779.5650292520122,519.1255308701734
14.869,2253.996115342309,1931.4250902065896,454.13293761817306
14.869,2393.809221360135,1902.2407290573865,485.21416023546965
14.889,2135.7438159118774,1853.3959264400607,472.82527517048516
14.889,2346.1853423910593,1956.4429890137824,459.1314856457125
14.909,2162.2365313490222,1811.6057224752112,455.3188524158037
14.909,2280.515880737693,1760.8076903625738,489.1452333328551
14.909,2162.61344945578,1896.6525226922563,441.9678321848547
14.909,2191.515968045452,1732.6004004759566,451.03574349403755
14.931,2169.1491278642225,1831.2160041476604,462.78666312839397
14.931,2224.045109472788,1848.470791111227,425.8599488637042
14.951,2324.812687016822,1856.3473037880383,466.737602615304
14.951,2336.7216901100496,1917.6715378807546,463.1772126473202
14.971,2256.454436104593,1961.0479504296493,435.3106048741573
14.971,2367.901371347089,1788.2501130699486,473.8894876903016
15.01,2212.4439921464414,1854.2846487180514,456.42441821049664
15.01,2304.323454125429,1861.129018964618,486.0836658917616
15.01,2322.534914470996,1876.7552618703921,465.868954695559
15.01,2279.5002323632307,1863.9644390681426,446.29973097294214
15.028,2338.4379136834164,1780.2977484961,455.02717595931665
15.028,2142.208223265795,1795.0342161140175,463.3714951309282
15.049,2210.012384721317,1725.5506564065986,467.3852905778217
15.049,2187.8899746478537,1766.770648805488,468.20848385818437
15.07,2305.550848747644,1754.1553043305971,462.8441519791305
15.07,2295.5062707838147,1809.5402561580643,461.4012100737948
15.071,2246.45817679404,1904.4699621437699,441.02566534089846
15.071,2268.803872220651,1798.4209167626086,471.63584489858795
15.091,2225.7494319751277,1926.8229230144689,466.5702542690733
15.091,2384.792121037076,1707.1993105117613,476.1819433799429
15.112,2222.19708911246,1793.977649774094,455.267376635472
15.112,2288.437126677946,1822.4194926228465,454.8243814637973
15.133,2134.131965234679,1931.5490379593546,466.669971100405
15.133,2366.567430958023,1898.6445617247196,476.0455766759351
15.153,2279.4831161672987,1903.6421161585877,434.34721828066336
15.153,2252.572058173352,1841.0255270319317,451.977588681989
15.198,2343.2365611487303,1834.2902760463332,447.95242397238974
15.198,2297.952006045032,1946.8745447396097,455.77985905917876
15.198,2279.5525705600967,1820.401024690399,465.5174738935792
15.198,2299.469453755817,1826.3869708531881,477.8011892098446
15.217,2244.416971161827,1778.7692311119047,471.33426673413584
15.217,2263.665635878326,1872.7115698409862,459.2064431853256
15.237,2220.5614767165757,1795.9785198476563,469.401205782758
15.237,2403.3919718004727,1847.5010681367942,483.2659242706905
15.237,2183.932554296319,1825.8546473511171,456.19669805746906
15.237,2166.34869006501,1896.600395937546,462.6463671214391
15.28,2196.0190233660483,1808.654990420162,468.1431716177009
15.28,2377.0394366460055,1816.4656994897032,453.70814664991383
15.281,2258.229541739307,1865.7565183041334,444.4606454486388
15.281,2247.5692447363267,1879.5585340678456,435.8597938109266
15.3,2240.020645657792,1864.4180099119749,482.29381902722463
15.3,2278.714915785377,1846.985087663211,474.5411154978096
15.345,2249.3453907153666,1849.8336028629958,449.28931508866833
15.345,2183.8607173214114,1820.487507784642,462.4245056256617
15.345,2264.446474690239,1941.5144397573508,481.96501502849264
15.345,2272.760151963343,1811.6307857658935,471.12330974016146
15.363,2186.8477904981874,1868.6181608559928,471.19820634331154
15.363,2192.530273880847,1863.6041892839633,475.73055896956146
15.383,2259.5095788064514,1719.1412698895697,444.3564061837996
15.383,2278.0142458540736,1806.8133289558618,458.994544250154
15.403,2107.7873868849847,1925.1978156490297,462.8791674858541
15.403,2217.348898955428,1853.2862310696817,442.8972098550786
15.404,2107.421882573222,1955.481054008308,478.34606349875776
15.404,2347.191537758717,1802.8082404525283,462.9228272630912
15.423,2309.314533593748,1848.6756448980327,462.7627812014081
15.423,2215.309406658286,1883.2337529561376,468.2157473635915
15.445,2300.139798136076,1799.8479023123637,481.4274979296432
15.445,2211.8967308984616,1810.126291335472,465.14768826291595
15.465,2307.4809593172254,1747.4644423145548,473.2357068949561
15.465,2237.4521639667023,1805.7249565281043,472.3793701163433
15.487,2414.9311983376233,1841.9669963502224,444.4937332738406
15.487,2239.760348681276,1952.336251701938,447.3031417580568
15.509,2233.488175380009,1875.7159689140426,467.43759758481673
15.509,2245.0768542956407,1738.9637192910702,493.81194777524234
15.529,2190.6631493497503,1860.7738908806118,463.5495729834763
15.529,2114.262836091254,1792.3583603651784,466.7846208849001
15.548,2204.2865370303216,1750.1519975020174,465.7317868867018
15.549,2342.261479583412,1911.6785395337924,440.8526991768789
15.57,2179.680024413384,1819.4584285220508,501.5327901482357
15.57,2217.626949958872,1786.640844716165,483.5159806610256
15.57,2240.88038418489,1923.7531918382126,448.8171692493668
15.57,2378.823181586848,1764.974852013878,436.0590071988751
15.594,2390.43321361331,1784.355332046169,429.7965279110208
15.594,2270.598640540271,1947.074153484109,455.5002046992985
15.614,2267.8482701089015,1893.5506935004994,501.60888686398226
15.614,2045.2644286386212,1858.788945236067,497.38854607343035
15.636,2214.1648470870505,1909.9593237385595,499.42725879968424
15.636,2329.689268181347,1819.1208971824733,427.3367329268199
15.655,2291.266694633811,1737.6037897651165,467.32925590331644
15.655,2331.526880135915,1830.9635402839729,462.0986065433944
15.677,2287.1471715786784,1742.4366265460774,466.56330382921294
15.677,2269.819414627663,1856.0045596713933,471.6493592057349
15.697,2183.8354458609224,1965.4950514332077,470.5742486037534
15.697,2282.813455433645,1827.2090166587434,480.97432475857545
15.718,2399.869219470147,1829.6730493891105,470.7120613748744
15.718,2149.9595619604406,1869.672446053172,467.909804459857
15.738,2230.61521589756,1892.8454021522334,471.90662368225674
15.738,2180.159401837724,1949.6920028195784,472.5187800630226
15.739,2403.7426268095433,1869.4764569082993,438.5604094385019
15.739,2289.687020498706,1979.9732278737815,463.91250231210716
15.758,2228.452617668341,1790.6975952355242,479.0028832360294
15.758,2258.1778984362863,1813.250374585325,481.4624997006812
15.778,2369.025204984341,1809.1227505853747,463.88184754106356
15.778,2271.002976322808,1877.5900650918365,476.5256611843163
15.798,2325.9247200607465,1973.4913599531437,467.2200646573587
15.798,2278.659152402108,1794.5432117397402,468.3267020279025
15.82,2438.711713607307,1857.703829329228,451.34724010802097
15.82,2442.527295632972,1799.6895069089505,419.64954951198786
15.842,2368.841011274334,1776.8440615973134,470.60926565488234
15.842,2195.5497854380487,1828.9731833568148,462.6483412225474
15.862,2197.6632780917034,1844.973575536026,458.8910072784958
15.862,2265.928638395578,1749.80296622379,470.2974497847819
15.883,2280.3720911701753,1879.546252177175,458.14874297868624
15.883,2279.3712560041286,1812.0301015437908,497.3972621838912
15.904,2284.745698720607,1892.4264740227402,440.133905894985
15.904,2366.760617885994,1941.4919432258473,460.9826534632185
15.904,2332.212473151502,1839.8969316971927,455.95764290819
15.904,2234.673270887133,1953.579564810259,440.2192397245975
15.925,2299.177049185982,1852.9163358061298,439.01173916861205
15.925,2426.0297915364213,1823.7435795547792,468.245764860878
15.947,2410.1328854953094,1784.577480936174,497.2390526168038
15.947,2258.5192387974325,1773.0627147253865,441.22094752445025
15.967,2270.5695307321625,1857.336504040617,414.9036365374593
15.967,2215.4803851101947,1850.6066321335193,436.985894991169
15.987,2179.992116203451,1749.8293519581325,454.71821121424534
15.987,2260.4754922152265,1739.8504331002505,459.29575213225456
16.01,2120.3160780255907,1775.534220132503,463.9836224619332
16.01,2182.5487436691933,1842.846995312945,474.9401973932757
16.029,2227.492874249155,1730.029854475328,449.92165848007295
16.029,2308.5940223095495,1790.570840200401,444.36491485779925
16.05,2323.059923070165,1825.66847601643,471.99342337035813
16.05,2307.8851360911,1707.5085035602617,458.5007169571864
16.072,2288.2163675625116,1837.6446380709958,426.9738591384282
16.072,2248.98785301272,1849.146275721464,452.2245044821595
16.072,2292.01373059955,1793.5865806778897,466.7993182378495
16.072,2255.4240111823196,1757.811906338225,476.84267049882703
16.092,2399.2717954985833,1843.7779613617206,473.17364316874495
16.092,2198.8209810206454,1828.1173240974888,483.9942723724185
16.112,2273.087625701262,1820.107145894608,446.6867227467294
16.113,2392.623858490484,1927.3430503933423,456.4907784208664
16.133,2127.9854296393037,1780.2052454404004,443.06735230930116
16.133,2131.6673209997302,1791.7839438317328,448.6121773260643
16.155,2236.340337088472,1797.3913637614944,473.8703096017022
16.155,2409.7471345796484,1764.511203534383,483.0248361374768
16.178,2266.041156808831,1744.2948806515146,458.1118456082772
16.178,2135.2870344259886,1838.582749958058,473.48249971152507
16.198,2308.068540438232,1845.5208051211364,465.94554640501906
16.198,2315.9573036682077,1839.9552293775314,458.6294371462663
16.218,2271.0377318506144,1681.1827676913103,475.4097947765952
16.219,2182.302998822532,1863.065368178514,454.5291419811176
16.239,2148.526182057318,1893.0579464202813,438.3344306018547
16.239,2248.535073490938,1896.2557827712571,455.44112522236486
16.239,2330.889789010132,1775.2308365168592,452.8754290896934
16.239,2298.9076894119003,1808.5634838357823,439.22904985781156
16.258,2331.6034721008587,1764.8228653813887,493.7568964066117
16.258,2278.4767307210755,1706.6467168259107,451.22263377356524
16.28,2253.5519429674505,1848.3159048935345,491.1001638714947
16.281,2367.006446419567,1903.9607296345646,449.44101741309635
16.321,2273.7349169738,1918.69447986331,492.94367882773753
16.322,2227.9273622172,1858.1167426115044,472.92016067852654
16.322,2086.003600495869,1882.4869837339522,462.2934282808725
16.322,2200.6173153185855,1919.05642427335,465.28000150662837
16.344,2258.423360846641,1838.368190481553,462.6526585359626
16.344,2139.226701434224,1807.2120430613452,467.37878208020123
16.363,2274.0568084347783,1761.847246612577,452.00672656063784
16.363,2398.0752678888803,1800.1442730622134,479.1401575144769
16.385,2207.3070948185405,1893.9567876808333,467.6693237642553
16.385,2244.5298189957393,1854.1127971488052,457.21484033144003
16.406,2332.6356636820665,1919.737667850276,460.4343887346128
16.406,2297.511199881045,1792.3550934040018,463.13998904445435
16.407,2182.804206803846,1717.4686006652996,463.87385226734744
16.407,2272.6910506521313,1869.9677618866835,450.59611422572027
16.426,2339.221046690453,1908.6775141220091,475.63522705824954
16.426,2201.069870090793,1902.2879868787147,490.11472923841063
16.448,2271.5796720991752,1934.7013909286418,441.2548085250909
16.448,2179.256771788568,1889.9098858950213,467.9542028767618
16.468,2260.280202448033,1757.9769837263727,466.15831800539786
16.468,2179.3769290553005,1781.1701124278486,456.9743557432358
16.488,2174.1966622356513,1709.5729546344876,488.8561855877425
16.488,2388.799507366689,1890.1151591518178,440.4275350708408
16.509,2240.958877571714,1746.5684645297831,440.85976053657356
16.509,2429.219995617005,1783.3748577835229,443.1774014470853
16.529,2215.275607407195,1746.2189278544538,485.22091540967756
16.529,2288.219883826076,1764.7393599368113,489.26295318288106
16.552,2343.334135144186,1826.0559419639126,445.8371571763798
16.552,2298.980540183794,1858.5281554746725,454.0670556408735
16.567,2212.3993021507554,1794.8271327675398,449.6388926876938
16.567,2313.183037583992,1821.218920985413,438.5540892211807
16.568,2123.236254333882,1857.6410264890515,471.68790422501576
16.568,2266.2085728189313,1867.836903354702,479.3843973007761
16.588,2328.5815913827373,1934.2061036802188,465.4686031361941
16.588,2242.4567220687377,1835.2406279219804,443.044975294756
16.608,2101.592284831869,1829.057015220181,453.85216287548405
16.608,2246.0584372735834,1758.818359965294,460.8385858278371
16.628,2327.477258576535,1866.262324368231,476.989740327227
16.628,2121.069887103583,1732.6600148520333,456.0782012471834
16.671,2279.1894708001055,1946.5373145975595,470.5380226464043
16.671,2269.8752237713084,1951.0646791980425,447.649711892968
16.671,2276.3423744759143,1721.5393689698515,473.5637477845333
16.672,2184.6749805102413,1791.197398328394,445.9459565751878
16.692,2401.3928488556403,1807.8796151787478,423.5395560372856
16.693,2277.9768796205367,1774.1615132496852,476.301680028296
16.715,2305.2327245977503,1880.346300266357,472.78174115467124
16.715,2295.980454212011,1697.932339319722,456.0425839000186
16.734,2205.8199148984795,1768.1857361897344,455.5636838569856
16.734,2381.6699698752486,1697.9656184066653,457.5641641239697
16.735,2033.9341002714914,1935.2807451377166,456.063788344208
16.735,2273.485739618262,1883.3757266967061,476.3608763227488
16.755,2346.085953529015,1802.8398925062904,442.69716704262606
16.755,2284.4080091827595,1738.9209450593273,476.15890125045837
16.775,2314.9757604758497,1892.8660783743837,444.20764995151154
16.775,2229.270845145781,1792.1209014153037,476.43487968939365
16.797,2273.758558239411,1860.672610328546,439.74501871910087
16.797,2283.9312589175956,1826.6982860073222,446.33960283551676
16.818,2217.0240601101145,1837.589051442846,456.1685635292248
16.818,2386.978935559347,1810.9340024942467,468.41947463650297
16.84,2402.014074686581,1899.989253194627,481.9553105534089
16.84,2269.5004626524756,1856.2192225059516,468.66894776475476
16.86,2229.828410897018,1812.9333622135812,450.8533845926473
16.86,2272.4201670353714,1693.2580753897018,475.76294254495
16.88,2303.114251222496,1855.026944046312,446.89790046479766
16.88,2276.4575517596645,1866.3059156236823,497.5882493373773
16.901,2300.4714288940204,1913.8385658001748,484.7068871168544
16.901,2277.9127201646656,1821.4846461340344,452.9981261141644
16.902,2270.5642666482,2014.2215528641318,463.11413200500925
16.902,2146.629020602116,1712.1670288345827,469.67638026033575
16.926,2430.1406225945525,1708.018808290693,423.1815438386532
16.926,2199.5959068615152,1912.7007579750748,484.3688763169043
16.943,2249.4476943647105,1890.6546307147262,488.8691886622853
16.943,2175.1774179720655,1744.194954981611,462.9125104565346
16.966,2284.876450191041,1829.3260264084688,490.01786671162097
16.966,2416.9514350882464,1745.7756094288825,460.0215996365451
16.986,2278.9108483060277,1754.5904228305026,465.40664202220114
16.986,2186.042664123724,1719.1970541077865,462.21930205795326
17.006,2339.692335083009,1728.3919863376668,475.57064472778717
17.007,2369.2307718294696,1812.356417243429,464.4190884955934
17.027,2219.9175508200274,1953.3221261719489,462.51455208453916
17.027,2361.866629101985,1830.3487166723294,463.2261314672559
17.048,2309.740917919771,1867.4014267809994,463.4081655657336
17.048,2379.9982209738214,1800.3943824511168,462.37612561723626
17.069,2243.5811143723004,1938.1379402985199,470.7798812880215
17.069,2401.851143414555,1801.2610517566793,466.27269411726235
17.069,2317.2937096669048,1776.4470766420563,468.25503784062784
17.069,2325.921688772033,1950.2503139395033,468.75743748778865
17.091,2207.8789080071883,1803.1115290229257,479.2576467806336
17.091,2248.123071070885,1851.9461554011623,470.2359531741228
17.111,2330.6652688310273,1947.5866221700549,447.17023867685737
17.111,2302.619916251156,1733.9930939957815,480.7243662531363
17.132,2289.420829263476,1832.3325940574466,471.7836168604875
17.132,2394.14326340403,1898.3323612756785,462.253580550395
17.176,2175.332774333683,1809.8722428176925,455.63281874752994
17.176,2276.453781553908,1771.093886003568,442.6547616682244
17.176,2239.4013655495896,1890.0996864565684,481.81630495951134
17.176,2245.318048126727,1854.262152802566,479.1557895914154
17.196,2331.3773096375185,1794.7371632560166,482.1941189497577
17.196,2074.4430491308913,1906.9130312621928,473.720322186438
17.216,2110.9016459763825,1727.2521863632983,433.3651926313227
17.216,2258.477910787255,1827.6737514535062,477.5206168572528
17.237,2300.6467395030936,1796.163736350344,473.14895430014695
17.237,2167.143242292786,1757.6402336004755,466.9448391482035
17.237,2218.3742020493996,1894.8363338397442,447.81316036767583
17.237,2248.3386679557907,1947.5236697121077,482.24255033500594
17.258,2385.3909543557297,1853.1193606679694,490.6958092702277
17.258,2314.4080378293543,1842.5320450116596,479.8997236389942
17.279,2251.9922280634105,1838.062621515975,458.3869768039713
17.279,2230.2583357538274,1789.5527465865234,473.23715400652185
17.299,2305.1630715597357,1735.1309041472796,415.3172223335253
17.299,2180.2333288031296,1791.98487766444,469.1681456112662
17.319,2262.4017541588632,1764.8188927037277,474.71843232854377
17.319,2277.5373499907046,1730.3655637468332,472.2960966254556
17.339,2257.8498533890765,1895.6012790167679,451.5640448880131
17.339,2301.2115297879272,1786.351555430623,495.752624630847
17.36,2210.2988098057363,1877.4686423919018,447.3217721630152
17.36,2357.940360246207,1833.6088029847074,484.97621571979306
17.38,2381.770275415172,1755.3249935715119,464.1456033948596
17.38,2448.8152526789986,1952.2248566841604,498.2391442870919
17.401,2407.0372178632533,1863.3544578444942,469.31530467075027
17.401,2317.0398791804764,1818.7826978745336,456.1176319812095
17.401,2295.651342155226,1888.432630843626,445.0308483120712
17.402,2380.3215926394023,1923.2281401318326,443.878059561449
17.422,2310.6863373733504,1777.5175509303908,453.82976334561755
17.423,2106.2940006706694,1741.300520685284,460.03108752057847
17.442,2303.5838334412115,1832.419607831031,458.21586293839886
17.443,2234.32783695212,1780.7423063789804,485.5726882843485
17.463,2163.6782386153022,1919.6594914740406,461.8612636734775
17.463,2354.3999231986745,1880.4717609836941,475.6864693804526
17.484,2158.7261457923705,1799.1375495263514,471.02974123352493
17.484,2240.81913305289,1881.334758651581,462.18402494127196
17.504,2322.0386200378994,1711.5038185463716,462.0309181834653
17.504,2255.343119880855,1848.2508063683172,438.689894525323
17.526,2170.505282975166,1843.2445004977135,488.2943900723708
17.526,2221.390472607635,1733.1804014831107,455.4722030869497
17.546,2272.2493079961237,1760.794065760553,449.6795313713865
17.546,2131.600441016261,1851.1411903864246,436.1688699643565
17.567,2193.935086571214,1769.7357880651223,465.9068608475851
17.567,2262.66999273212,1834.920339986065,437.17540980632486
17.567,2256.675765266396,1849.6099486431622,463.9763040169011
17.567,2245.660162508458,1914.297383557368,438.0838161562514
17.587,2239.3904767708786,1931.779637508577,486.8907907294658
17.587,2403.5873020203094,1872.6367034361601,483.6538616310934
17.608,2296.7054738300612,1796.6391832069132,453.2754601236461
17.608,2208.5107687823943,1800.3474863625895,479.1620616846624
17.629,2275.135245647258,1874.1239096186264,498.27299211048205
17.629,2259.14478964058,1705.3453081839173,502.4210967543277
17.648,2231.1668210133475,1826.0075316781813,487.9221351244122
17.648,2252.7762175608295,1918.1835332847634,479.58293948151993
17.669,2306.0296356702397,1704.401209172697,461.98075684627236
17.669,2235.1392986810056,1856.9494266883091,479.4054338420514
17.691,2201.9669685870867,1795.2406860380108,438.5546262533778
17.691,2194.3505034460177,1802.896309899965,480.6048329970856
17.714,2176.9116498439566,1739.8783359519666,499.2298540802243
17.714,2271.0654867877015,1834.1214147805342,454.1061639590332
17.734,2249.290522137832,1736.5143576731334,447.9278545144383
17.734,2284.438911005251,1789.2078863204606,458.98889607132526
17.734,2210.119952831081,1787.1971936612786,481.5120326779941
17.734,2263.6913225390394,1782.1263064731743,468.9934959217
17.756,2373.884097318595,1768.4806777003616,461.1948853210514
17.756,2284.348952792356,1723.597136696583,447.0829338973534
17.776,2163.028807857098,1779.4123017536924,486.3979558992932
17.777,2236.1312257902227,1734.0562386215274,470.82914679038976
17.798,2272.0006145288194,1763.0797353793594,445.7798514867544
17.798,2266.4111235158093,1852.8144363125496,430.10027296586554
17.84,2196.0930100532173,1771.8088243375753,471.70367406582454
17.841,2252.279170048359,1810.9041040577035,458.46577494928147
17.841,2276.2939137161243,1869.5472974157772,476.51342476388635
17.841,2303.2270091801697,1853.2644811189173,482.4970215008054
17.861,2424.1759697799653,1775.2761952967633,448.06256677674236
17.861,2309.1912482859243,1827.432470919713,466.10785074208025
17.884,2293.366893534398,1683.0539964830666,465.09394457456017
17.884,2220.1091335331666,1727.5575787133257,466.2894580132773
17.905,2334.0578662915345,1858.3683553339315,498.2479766509276
17.905,2207.6705709334974,1861.760521392285,465.8279055060568
17.905,2254.65866939391,1781.3842649172832,454.5264284158332
17.905,2374.7342426669416,1837.7250728457825,456.4206955491693
17.925,2151.8941301826844,1819.9001682796813,482.1786444160293
17.925,2251.0335326740637,1771.045450123572,467.51936400361507
17.945,2199.6077368149117,1877.075391315651,463.1057754786398
17.945,2275.6581216240743,1895.7975557256125,469.70814496877574
17.965,2195.1062556476186,1800.99808017688,458.82453133881774
17.965,2220.1151619595503,1847.6635880621557,473.6418388422801
17.988,2293.3800192865765,1747.6744334695002,443.7252265779978
17.988,2318.5480148924366,1664.1422967588296,465.2655603438245
18.006,2315.113792871846,1866.137163274575,467.2139138603818
18.006,2306.7853592271626,1732.9430970851915,462.1806584340751
18.026,2175.9245540895536,1874.6219619553137,450.300892689258
18.026,2311.141735914298,1770.9374145845406,478.0853008019221
18.047,2262.2965111084177,1836.2730205145167,496.87787661993275
18.047,2327.1978422790776,1782.5369223387265,448.0536996681151
18.069,2151.5703124663196,1789.2633815424713,461.21662806214187
18.069,2189.583336435551,1734.3562440578914,440.2678017427231
18.069,2208.245961078887,1813.4211020629582,440.73424896199936
18.069,2432.058162023606,1890.1989867896793,443.523068101235
18.09,2317.127841185144,1760.5079425713498,474.16239948751974
18.09,2225.5257295903184,1750.5261993082056,467.12792019875053
18.11,2241.5567964980687,1922.968553361116,455.3561898469127
18.11,2181.1864210511317,1883.1798940323602,466.79101936638244
18.13,2225.7326035077585,1824.6869765702659,444.1742295415166
18.13,2279.425118357001,1785.1779282098428,461.14905188951644
18.143,2231.337136406228,1702.9931637892132,456.9841791276547
18.143,2282.506346880772,1740.5225141328442,446.47108061099647
18.163,2251.272489460969,1930.9909435657555,436.46752437013197
18.164,2218.1408084703144,1771.9650545353927,467.9720787908813
18.184,2103.39594860238,1754.482817225448,461.6718064331718
18.184,2234.6029298095455,1877.3803268561112,456.8023918089819
18.205,2213.1444038033387,1705.8947931969644,491.2894727286885
18.205,2260.465446313681,1817.4440946426203,454.5535443037102
18.225,2372.705993778538,1915.8684030233444,440.69257358899927
18.225,2316.198881836544,1777.1638239309939,470.06460448245326
18.246,2226.110879155206,1834.3203759664857,444.5645506178745
18.247,2230.44857484726,1790.9763522614992,451.5371461385719
18.247,2256.8698311091507,1730.44771374571,443.69285790054573
18.247,2216.605203358129,1780.3862134054432,472.52592606078696
18.267,2350.7093111326185,1852.2987262509787,446.2791115035582
18.267,2339.9570260555724,1868.6385253472336,451.1738559218706
18.287,2187.9104244145465,1882.4285735092594,463.320569379422
18.287,2384.776113894281,1902.8505262762353,441.0655969154742
18.308,2326.5012711517097,1730.1928934773534,439.60748597906104
18.308,2245.770708933391,1909.9297758705948,456.094091672945
18.328,2311.021254320685,1890.0690401744807,466.4876833108433
18.328,2230.6987407704846,1747.6295690731788,437.105852733022
18.349,2230.5878193503,1840.6022363635198,471.0390384986526
18.349,2194.9558710427177,1827.0416318312543,488.09206219154066
18.368,2413.942996680339,1830.145062514508,468.21690752269325
18.368,2165.5532683611327,1757.818284519688,465.60863006539637
18.39,2220.523156221312,1828.9114174478073,459.3868940600344
18.39,2302.1865832707813,1802.364569842786,485.911060885033
18.411,2145.1533091059923,1931.4690313066778,459.7960418603387
18.411,2174.6597564546405,1743.467060417059,486.05114807948246
18.411,2235.3735272274916,1746.5411404991007,467.67671192223645
18.412,2124.5360045178286,1811.5326962663448,471.04187112967827
18.431,2295.2386634639793,1791.7468502983454,443.5639421683641
18.431,2395.6253471161426,1742.0200174864865,444.1789416510915
18.451,2551.947532369293,1881.8155154306085,458.0579629830307
18.451,2342.7286748231836,1805.0460694641336,476.632130219894
18.473,2301.8466809990005,1804.9754301937742,426.6711900213215
