Time,W,X,Y
0.008,2203.415547804331,1789.44259297093,443.91499627006357
0.008,2203.4254709629568,1789.809156402231,444.18273782670275
0.031,2206.5497567891325,1779.0369642601108,447.97359314278435
0.031,2206.5422896908394,1779.3586480285499,448.449175727469
0.032,2204.4775227229825,1785.327573577782,447.8927632410565
0.032,2204.4436037900896,1785.5674710039323,448.51111283666125
0.058,2194.069712761582,1784.3370287173361,460.35916150634336
0.058,2194.0049577241593,1784.468228833914,461.0380300450583
0.085,2203.4658732187854,1789.6089185266212,448.8968380635833
0.085,2203.37099711956,1789.6177166114019,449.5477920966087
0.085,2217.029067254536,1795.9244984342508,448.94268546758013
0.113,2216.909448793379,1795.8117825784163,449.482776555019
0.113,2210.784479772913,1800.1496635891315,452.1514086612706
0.14,2210.6489446451824,1799.9303542704886,452.5139397022714
0.14,2207.6616316602513,1781.4321849284825,452.25773127554726
0.14,2207.520661239051,1781.1328763179254,452.4006727075909
0.167,2220.1680636972783,1791.8825653051272,449.24721341595523
0.168,2220.0317329064355,1791.5377579672368,449.15816143488746
0.194,2198.274346064549,1786.679657463469,451.4428473930863
0.194,2198.1503435550276,1786.32714906966,451.13990447168186
0.194,2208.6894855229853,1790.8388226496118,454.6611544692689
0.194,2208.581561805812,1790.5149135320644,454.18968118328735
0.219,2202.4277247849886,1776.2203882738918,451.59478722193666
0.246,2202.334850196401,1775.9555526894815,451.02054361881164
0.246,2204.5066946643187,1786.6051847501042,445.36388073005907
0.247,2204.4230982366207,1786.4207614400036,444.76356564219003
0.247,2199.2939652914474,1773.0104971868438,440.1361619818348
0.276,2199.2100845603723,1772.9167821020383,439.58670203064696
0.303,2207.6368181226453,1781.3032672268207,451.5500118409186
0.303,2207.5410403390047,1781.299174981916,451.1181019298292
0.303,2199.3087477954978,1784.3890361940666,459.8102923791998
0.303,2199.1896882611727,1784.4632682312506,459.543627478025
0.33,2204.5354096087685,1792.695069516115,455.54823151600687
0.33,2204.3843742984805,1792.8285197891812,455.46960689216303
0.357,2206.6377880462956,1792.67419710791,442.9465747002645
0.357,2206.4510214251754,1792.8431693856119,443.0516081235965
0.357,2209.7819444467445,1781.200493517544,444.9491522421822
0.357,2209.5622778124116,1781.3802184666092,445.2078591283224
0.386,2199.372044156121,1780.1615234632156,449.05944397494477
0.386,2199.12963418508,1780.3294574116244,449.42135031117687
0.414,2201.4619840184378,1793.7243306357511,454.2425813161231
0.415,2201.2139556733646,1793.8627879932005,454.6445673500481
0.416,2207.710369552044,1781.2361024220188,440.69770929495104
0.416,2207.4793346149177,1781.3339055703564,441.0734084710174
0.442,2194.1424333904097,1783.3430136455804,437.60721091136867
0.442,2193.954022985297,1783.396014567983,437.8965940176908
0.47,2200.3652189605928,1793.7879021572649,454.3453421715235
0.47,2200.244921042531,1793.7984113076154,454.5031211488026
0.471,2200.322594761228,1789.637446051788,440.87188313867716
0.471,2200.292302952556,1789.612767843208,440.8735686627514
0.498,2205.482913775039,1783.3974895906788,457.6285215217917
0.498,2205.557654506576,1783.3478862748354,457.47333145419515
0.526,2208.554553959624,1783.4057899894754,448.3192078923519
0.526,2208.739854704805,1783.342259988523,448.0294950546068
0.526,2205.3737411780976,1782.3666643581535,456.7102371048382
0.526,2205.6640329267457,1782.2989204201372,456.32761472844254
0.555,2208.453820909428,1783.4082597904699,444.22920075583687
0.555,2208.8321415362107,1783.3432301768496,443.8080179250407
0.582,2199.0387640475737,1788.6169050905457,457.77622828683417
0.582,2199.4778626667426,1788.5579703000299,457.3754174841394
0.61,2195.8942789838293,1789.6560073733544,452.5333629547562
0.61,2196.359037324619,1789.6030456235235,452.2078952626567
0.61,2196.9384469692836,1781.3155643085847,442.0554621718309
0.611,2197.38935745144,1781.265734757202,441.84867407728876
0.638,2195.918136544565,1787.5693596685207,443.02743629567715
0.638,2196.3154323533918,1787.51842661838,442.96533408451273
0.639,2215.762457039154,1786.5292039774165,450.24774221011734
0.639,2216.070397045621,1786.47311770975,450.33607162065096
0.665,2209.564389600543,1781.3213187986778,447.04983577440356
0.665,2209.7551733042137,1781.2577321029705,447.2742751065782
0.693,2220.0530415617177,1791.748086359864,440.7388207398828
0.693,2220.1098703602975,1791.6775046116495,441.0681799615082
0.693,2202.4032432259582,1786.5388333372557,438.6172361173244
0.693,2202.3221488785425,1786.4651655171588,439.0090937372197
0.72,2206.6387400527515,1778.199474739965,437.5611689062656
0.72,2206.428955273958,1778.1298605431612,437.9690191599562
0.747,2209.8226673481895,1784.4477871446882,457.37351702235765
0.747,2209.5054965119757,1784.3917030167486,457.75428474505986
0.748,2209.8652466930007,1787.564032362589,458.4425625681948
0.748,2209.4715823496617,1787.5318059163428,458.76330274944087
0.775,2203.6360569374688,1790.6753644404264,465.7764728912902
0.775,2203.202855547011,1790.6763318941187,466.0192109248785
0.809,2205.725793585942,1780.2331013931284,449.14004706244697
0.809,2205.2919497574135,1780.2737098423472,449.30401210952397
0.829,2195.2890867179412,1782.2968256416884,443.96296173042685
0.829,2194.891213342163,1782.3790008145295,444.06387417741246
0.829,2208.8090444731743,1777.065548377863,440.8574397396162
0.83,2208.477668340666,1777.185616396327,440.9239728195899
0.85,2200.4286865913796,1786.4305377570627,439.81907187115416
0.871,2200.1853061182846,1786.5789116185463,439.8870482441415
0.872,2193.0838649593334,1789.54860053521,461.69292157459887
0.89,2192.9391978002454,1789.710330723418,461.79816207660514
0.891,2205.5416020841076,1786.421945673686,460.6205895537817
0.891,2205.4951921716797,1786.5781065806202,460.7915500978671
0.891,2202.3690082165995,1794.770917054155,454.327357535286
0.911,2202.4101854706037,1794.9006759990286,454.57873837156757
0.911,2204.4164499406156,1786.4534501285625,448.03340021889545
0.932,2204.5264648059724,1786.5365621882713,448.36178171428986
0.932,2208.559984622707,1784.3988676012914,455.298459789882
0.953,2208.7149958242258,1784.4182722148962,455.68072910788646
0.953,2204.3778855102005,1780.2662675672468,465.7089915915994
0.975,2204.552380992992,1780.2104413203376,466.1039171541439
0.975,2200.2080951599546,1786.559762873424,453.21500066008537
0.996,2200.3782848306228,1786.4245095571384,453.56784537098633
0.996,2191.879412094279,1786.5984668873177,448.0474003422994
1.018,2192.0261506886636,1786.3878964302417,448.2970081779915
1.018,2208.573064407963,1783.5050554127865,451.24852026439044
1.038,2208.683939536939,1783.2316070722661,451.33593065210977
1.038,2209.63553825785,1790.8255618772257,454.47547879776306
1.058,2209.7058810508456,1790.509049258144,454.3528749263586
1.058,2208.6128475615387,1772.0764423025735,460.8464935316526
1.059,2208.645574301084,1771.7422213898149,460.48521112357975
1.059,2191.9517115956146,1787.7092251125646,451.5882073332801
1.08,2191.9560639647375,1787.3856950258048,450.9846319667644
1.08,2199.257124856896,1789.7776619518788,445.4481986583435
1.101,2199.2465229526842,1789.4933877490457,444.62664902121554
1.101,2203.4281956844043,1774.1135771928311,446.58171145403975
1.122,2203.4175329514374,1773.8943654638879,445.59380553963996
1.122,2206.549867873296,1788.6651651595541,448.72265484024996
1.145,2206.552646232664,1788.5314226153312,447.6431301536549
1.145,2216.9622467829818,1789.659351560857,476.8772302360984
1.164,2216.9879653496473,1789.624016314241,475.7966712024337
1.164,2199.229933350992,1778.1427057292092,450.7838863592498
1.185,2199.282104231609,1778.209967562209,449.7992349866417
1.185,2203.386782720709,1782.261896239779,439.23517051188173
1.205,2203.4618585363405,1782.426826702742,438.43920121810794
1.205,2204.421197171029,1777.006132017205,427.64487646012174
1.228,2204.508569381972,1777.2552406063226,427.1159609115943
1.228,2205.4632651697602,1786.3521141531512,427.4888941451847
1.229,2205.5463467038885,1786.664746107078,427.28234766610393
1.229,2198.1768647220865,1785.2874848513634,471.09249393390735
1.247,2198.2351238215424,1785.637890767972,471.2345873076973
1.247,2198.1974752523724,1783.194566497254,444.8607108954713
1.268,2198.2091587147215,1783.5544125478539,445.346080000548
1.268,2202.3976669339127,1775.9044446177497,432.19317150554457
1.289,2202.3428563948746,1776.245499462556,432.9859115518428
1.289,2206.6061830393837,1784.2620763819891,427.8921245564827
1.332,2206.4697794954786,1784.5588078960748,428.9303774497439
1.332,2204.565828670426,1789.503836142489,451.7715963612025
1.332,2204.3400640429604,1789.7356751451607,452.97499423021014
1.333,2219.202838967726,1783.2881539349592,436.08792897209395
1.354,2218.8889685819363,1783.441227962133,437.36690387581893
1.354,2202.566599547986,1787.4995336035793,454.8452669717464
1.372,2196.964029517153,1778.1870354204311,445.6880233037387
1.372,2197.3867140964026,1778.1610241002245,444.4593308667062
1.393,2210.4883437825943,1788.569339414173,457.09851764607976
1.394,2210.955305516345,1788.6222798255967,455.9947266683548
1.394,2209.4349345801234,1788.5343959912675,453.8889964947912
1.394,2209.9160328310345,1788.6531211225854,452.9599821242657
1.415,2205.271076354732,1791.6352420308217,441.28282145484843
1.415,2205.7330614315433,1791.8007183300213,440.55424952386727
1.435,2210.5046101054263,1785.366541224827,437.01151698222833
1.435,2210.914660961862,1785.5557212440792,436.4845182836364
1.457,2209.499458195319,1779.110199884691,454.6363976205323
1.457,2209.828788356641,1779.2981872029618,454.2903046054593
1.479,2210.5907475732956,1793.712282571649,459.77061940072616
1.479,2210.8178477069096,1793.8746188461826,459.56823267144284
1.502,2208.5623477201457,1792.6912319589599,458.67370603161083
1.502,2208.675470385783,1792.8061106055563,458.5682497881886
1.522,2200.2818707279903,1796.8909644230898,433.62848929939
1.522,2200.2804483530913,1796.94118363857,433.5712325184446
1.542,2204.504980828139,1792.75867437937,465.9325638840677
1.543,2204.3997918052046,1792.7331632999087,465.8800475113674
1.563,2195.1688513019153,1794.883093409741,450.30868380501335
1.563,2194.9808965539987,1794.777878261527,450.22860282472124
1.563,2212.918863145747,1789.7106129418983,433.6531863305876
1.563,2212.6770688715014,1789.5291338554857,433.52820839866564
1.584,2207.721820575407,1794.9567198222974,445.1423135521102
1.584,2207.459823657514,1794.7094616903287,444.9714357147231
1.605,2207.7188590471724,1775.1800438834916,458.71068473796504
1.605,2207.47124267878,1774.8835034520082,458.5080887789416
1.627,2206.657171310051,1783.5354471300595,442.04054629849475
1.627,2206.4555861310932,1783.2105194987746,441.83226017865746
1.647,2220.1740882444064,1783.5409836172678,442.0312509922387
1.647,2220.043710209399,1783.2109094293778,441.8502112281458
1.668,2198.24356059624,1789.7885350378128,439.92008588272057
1.668,2198.200298674322,1789.4765989732105,439.8003865124767
1.691,2207.578135255536,1786.6444608494103,449.2585464001443
1.691,2207.6269142135957,1786.3716664563744,449.22973251543567
1.711,2205.4492587064037,1788.702913920767,450.2471106001271
1.711,2205.583575069437,1788.4858737708007,450.3293240058622
1.731,2201.243095538307,1792.8398506922263,450.18795015630207
1.731,2201.4458936612536,1792.6891202940062,450.3885747027756
1.732,2201.2180060530677,1777.1704341920233,437.62281596905376
1.732,2201.4637644266004,1777.0894814701464,437.9350284129842
1.752,2195.9964295128916,1786.5172533880746,458.41991361841565
1.752,2196.254204116198,1786.5021943637282,458.82326055691163
1.772,2205.3834324290438,1785.4456316025785,451.08955353656995
1.772,2205.6204917201594,1785.4857821713138,451.55238829309087
1.794,2230.4207780027014,1791.6776140077145,447.9472415644111
1.794,2230.6063967989576,1791.7568155650738,448.43060714581856
1.815,2209.610420284149,1780.2000362069348,443.78338380515385
1.815,2209.7193855738747,1780.2986199454622,444.24575178386635
1.837,2200.274985656681,1782.2827712667513,443.80890496413116
1.837,2200.290407892988,1782.379944080175,444.21109601705245
1.859,2201.3672651541287,1789.5870303645725,449.06321116651867
1.859,2201.2823785028936,1789.6634058823267,449.37283739380405
1.88,2205.585794198752,1787.5190003609616,451.2031473588271
1.88,2205.4045569630193,1787.5589710443571,451.39802136319105
1.899,2207.713876111349,1783.3721326874588,466.8995656952708
1.899,2207.4503317286058,1783.3657888431771,466.96969622699777
1.9,2211.9162681046187,1785.481468747784,447.1580179307827
1.9,2211.592778589886,1785.4258186550978,447.1060274289082
1.921,2206.7244626365,1783.4203590376262,451.38361717657324
1.921,2206.3690607702088,1783.319686734295,451.22363950302935
1.941,2205.686698227853,1789.6929183258708,463.9369320073816
1.941,2205.3299051298186,1789.5582224918444,463.69224692453037
1.962,2207.760682194953,1788.6617749619186,449.3763674110333
1.962,2207.432190738668,1788.5093503059247,449.07617549510053
2.004,2206.694204121854,1784.4942354061209,450.4346050635691
2.005,2206.419829741305,1784.3435712379746,450.11042566029596
2.005,2198.320964787897,1782.4011319742874,445.223521899972
2.005,2198.1202145294774,1782.272395372312,444.90570151393433
2.025,2201.4061614228,1781.3408111266756,432.70256056237224
2.025,2201.2906774892595,1781.2522406511082,432.4173151780037
2.045,2195.1079993765793,1772.9767495294413,454.5666364219564
2.045,2195.0810086754545,1772.9423005102549,454.3339338947919
2.066,2209.657272925039,1783.3693040235396,447.2390646466382
2.066,2209.714037010871,1783.3968547175896,447.0715044769879
2.066,2205.450121699797,1796.8874454326356,470.1347268909109
2.066,2205.5792511978175,1796.9777981416592,470.03741935760246
2.087,2206.462069407953,1781.2235036945701,450.2961427491255
2.087,2206.647461483872,1781.3703060625944,450.26745141142834
2.107,2191.8486371326553,1790.580389301656,445.0526942774193
2.107,2192.0717279704127,1790.7709735089597,445.08560441897345
2.128,2210.5982969792362,1783.2686953399832,439.8142424659762
2.129,2210.840301839837,1783.4857049887453,439.8980649707749
2.15,2205.3839127372794,1791.601269611063,448.1318600995219
2.15,2205.6277552497745,1791.8248344937526,448.2539786564567
2.171,2206.4307652490897,1786.3940703215171,444.99071440939457
2.171,2206.662469173339,1786.6042144245507,445.1381284487427
2.192,2207.4831884918312,1784.3230667878909,450.19422950822775
2.192,2207.6926070309455,1784.502006398667,450.3547234698496
2.216,2201.243107794961,1781.217225130154,448.1072158590426
2.216,2201.4239809155083,1781.351236600691,448.27008040032564
2.234,2210.6393408720173,1792.7085187034816,450.1940856847889
2.234,2210.7887814096566,1792.789126391075,450.3504100425297
2.234,2203.35922615608,1789.6097355630998,443.9463409354733
2.234,2203.4768231195353,1789.6340793566255,444.088971473486
2.255,2215.8824125310534,1778.1719923068417,456.4629819284168
2.255,2215.969191086272,1778.1423645190773,456.5862880475782
2.276,2197.1358541644518,1789.6621126573082,454.38975672352825
2.276,2197.1933383673413,1789.5847857918918,454.48935616554843
2.299,2203.403756272124,1779.259810967464,450.2337190452578
2.299,2203.433342105702,1779.143390176689,450.3062914361758
2.322,2223.2209838115396,1777.1913007057037,462.755754922776
2.322,2223.2237533575853,1777.0449094488736,462.79902268176465
2.342,2201.3457204994365,1784.4992636067318,448.1786966217144
2.342,2201.3227265461182,1784.3308954261006,448.1915881922194
2.385,2202.400339132716,1810.565445255315,452.3630299742778
2.385,2202.353281070253,1810.3807837176014,452.3459759786187
2.385,2202.4112890431093,1785.5571411920523,444.0388811386508
2.385,2202.3434050558917,1785.3590676160898,443.99414324662735
2.406,2203.462063214601,1783.478983655882,438.83973390763174
2.406,2203.378998525646,1783.2678703792883,438.7716396263212
2.406,2209.720411525943,1779.31668264203,462.8220283794568
2.406,2209.6308011823353,1779.0914271423746,462.73698833669346
2.426,2210.7617762215855,1790.7895014962548,447.19301802727995
2.426,2210.6773100112277,1790.549116537938,447.09923541683054
2.447,2206.5848127543204,1786.6276954636612,445.1093170508556
2.447,2206.5196273061315,1786.3731559510181,445.0161556768105
2.468,2204.4848496277937,1789.7602081436441,445.1053821275975
2.469,2204.4542080902183,1789.4961866868998,445.02242918348907
2.489,2216.9696175155277,1783.507880637481,447.1815212758766
2.489,2216.9879727808398,1783.2439946164043,447.11745016639065
2.511,2209.6444846618924,1756.4027176944119,461.7616363914591
2.511,2209.7231556097486,1756.153965512921,461.7230298474485
2.532,2202.3156180983815,1782.4454717644307,447.15517936530773
2.532,2202.4604162428336,1782.2316496283167,447.1455023679817
2.553,2203.3249675450315,1785.5464083288985,445.0559912443424
2.553,2203.5341728221724,1785.3904561879363,445.0748997858734
2.573,2199.1269398115774,1788.6354781374907,467.97368718449366
2.573,2199.390024241507,1788.560881628927,468.0168213049252
2.575,2204.3182883691074,1781.2906011937162,449.2029840548015
2.575,2204.6157191470647,1781.3181482210587,449.26232666183716
2.592,2215.7762926668906,1776.022026335898,446.07189161235647
2.592,2216.0806165911436,1776.166354575529,446.13668846771793
2.614,2211.6157959099605,1774.918648100643,454.4120824145358
2.614,2211.894030133606,1775.1850993402668,454.47022727615297
2.636,2208.515098795237,1791.5359526753355,462.7583156145853
2.636,2208.7322526785474,1791.9182552439256,462.79802322278726
2.655,2205.4313274366577,1781.0613361707092,434.6292805257322
2.655,2205.554686355518,1781.5405621583946,434.6408131236427
2.676,2208.615439345707,1787.277627741235,441.94205179651414
2.676,2208.6190845913166,1787.8227234681303,441.91924278645064
2.696,2208.68173694445,1800.8094686221193,433.6217078860236
2.696,2208.550683837774,1801.3794526354136,433.56304416571254
2.718,2209.792693028978,1783.095413002122,452.4000014346508
2.718,2209.526021676941,1783.6431028410575,452.30908257261717
2.738,2224.4481666707393,1773.7441768027159,465.9631307530004
2.738,2224.060604562873,1774.2210766471924,465.8484106899562
2.738,2206.7791365312823,1782.135069017295,441.9976931650073
2.738,2206.300724105582,1782.496858957672,441.87151554066014
2.759,2197.428408920809,1792.6294420288489,440.95569018398066
2.759,2196.9021194732454,1792.8413859753216,440.8327354231595
2.78,2210.983214531958,1796.882299581922,462.83666413974794
2.78,2210.460678010499,1796.9238541957923,462.7320181822912
2.801,2208.8762153430444,1788.6314497965195,451.356987436922
2.801,2208.4119735541194,1788.4994207305085,451.2841036518284
2.822,2208.827490006454,1791.8405274912777,470.09848677290194
2.822,2208.472447990523,1791.550277325947,470.06733387793514
2.842,2202.5029416732355,1780.4429918574547,447.1447733620108
2.842,2202.297839309528,1780.0274383929648,447.16043905286904
2.863,2183.656054519091,1783.6155310034046,449.2058031826792
2.863,2183.625835748697,1783.12195543599,449.26775863098806
2.884,2202.326726235474,1777.379869944643,435.6347253663736
2.884,2202.4766163711065,1776.8648446676223,435.73685934497075
2.904,2210.579780251275,1788.8335000091683,443.95687189723213
2.905,2210.8936970266154,1788.3565054800285,444.08828974551443
2.905,2208.4256340345246,1792.9623682815102,441.86282879995326
2.905,2208.8672748719696,1792.5788607525972,442.00929829559294
2.927,2201.084644239161,1781.4326246497337,436.649675995409
2.927,2201.601245443684,1781.1874130584263,436.7955070447246
2.949,2205.2396863156187,1790.7322426156122,456.4594733896317
2.949,2205.7680852410695,1790.6540176320264,456.5895561160507
2.969,2213.5970515918098,1778.136476329882,464.81070215471317
2.969,2214.0713508379517,1778.2342066461706,464.9124081282396
2.989,2211.562790066686,1789.5170081714318,455.447727364916
2.989,2211.9226717981533,1789.778693330457,455.5124043236533
3.01,2217.8924843028094,1786.3188961534686,458.5948821780002
3.01,2218.0910918979316,1786.7128701052957,458.61873936910564
3.03,2208.6039818391996,1782.1006128299387,452.361328580215
3.03,2208.61429902898,1782.5792665798224,452.3456069568174
3.051,2201.404793655561,1784.1641909333334,444.04081101476544
3.051,2201.2236124821156,1784.6696695454339,443.99124430422967
3.075,2198.3670594262708,1794.5967866965889,429.4622785493716
3.075,2198.015921317481,1795.0679578329639,429.387959686722
3.075,2210.9443700172933,1784.2128671560458,445.10510498002157
3.075,2210.467253341824,1784.592690506478,445.01696021122467
3.097,2218.281348120201,1773.8537491787476,453.44620323380263
3.097,2217.7393101270045,1774.096121810943,453.3553293995611
3.117,2210.9915546054585,1784.3577974121415,471.1628791521086
3.117,2210.4549567649965,1784.4330171501067,471.0790100399577
3.139,2190.1160478001934,1786.5309900040638,449.2681890644046
3.139,2189.655342162124,1786.4291588076612,449.19852311979196
3.16,2197.3503568286715,1797.0397111270017,456.55547338435434
3.16,2197.026636197928,1796.7716690728478,456.50402364582595
3.18,2205.6026328999233,1795.0280486933568,449.24978968834847
3.18,2205.459214200504,1794.6237503954637,449.2173200117068
3.202,2203.4189741168507,1787.7838949508305,444.02941002247576
3.202,2203.475178219373,1787.2884708210263,444.0139162120629
3.246,2208.531868007784,1781.5555214681153,448.19150229983677
3.246,2208.779890301507,1781.0235616702641,448.18910091255657
3.247,2211.574237797263,1788.8482924731582,457.56740129216
3.247,2211.979604758471,1788.3371123486536,457.57341932698967
3.247,2200.050508855284,1788.8174525979925,431.5073998085379
3.247,2200.5561387794974,1788.3802157590778,431.51742757522334
3.267,2202.111549820383,1778.3405594961612,450.26813680351194
3.267,2202.6449449982897,1778.0201341287925,450.2788197857202
3.287,2225.0577311902994,1784.5244199558917,450.26862438553866
3.287,2225.540391887655,1784.3487269026798,450.27802604839854
3.307,2196.969468122679,1783.40473259796,445.05807452241856
3.308,2197.3272975842888,1783.3841282069711,445.0655314432083
3.328,2207.478517234242,1788.5404442324068,435.6783586743887
3.328,2207.6518285682587,1788.6673977897528,435.68385668569215
3.349,2213.840126505222,1774.9247105774366,475.2867958070567
3.349,2213.791891944781,1775.1757252804719,475.29000197995384
3.37,2200.406245642108,1784.2561763718022,452.357869278554
3.37,2200.127445774767,1784.595607319825,452.35703997370547
3.39,2214.065487673518,1780.058550508738,446.10745114452635
3.39,2213.576796005408,1780.443733282658,446.09848425731127
3.411,2206.8578148448223,1786.3061074362643,456.53695674678767
3.411,2206.207341817049,1786.6930582301652,456.5128556667452
3.412,2188.152228936056,1774.855309501931,438.8289492326442
3.412,2187.4095831784934,1775.2042113814357,438.77991379890904
3.433,2207.971556788441,1786.3519796235648,451.3533586117977
3.433,2207.2189866062545,1786.6317329840333,451.2676201141468
3.453,2213.156107031161,1787.4369080297781,456.5878272847947
3.453,2212.477891399216,1787.6281848577137,456.45321422880465
3.475,2192.2437059107247,1792.6958261221873,456.61637964687174
3.475,2191.715213997746,1792.792301796338,456.42245883630477
3.495,2199.442202565401,1788.572463765044,447.26803952075494
3.495,2199.120097585402,1788.580171717662,447.00854664002173
3.515,2206.621797418923,1789.6536169541175,443.13202160428756
3.515,2206.536714544694,1789.5886408525087,442.8072002138124
3.536,2204.416492738597,1802.1893285213146,431.6967404278898
3.536,2204.569190323328,1802.0742752390197,431.31516728501697
3.558,2206.3913240388397,1792.824282615199,444.22661273836883
3.558,2206.7528368866815,1792.6841353560521,443.8061123244625
3.578,2200.052235797589,1770.9395573996107,445.2788471875922
3.578,2200.56801311116,1770.7975712787518,444.8461911690927
3.578,2205.213062155253,1779.2716642299706,444.2302083226421
3.578,2205.810526576558,1779.1459296915905,443.8194476316334
3.598,2192.6947883089097,1781.34362851997,445.2473035693618
3.599,2193.2932822080593,1781.2447991260742,444.8967731395731
3.62,2201.062441619511,1783.4133686211253,442.07566768384265
3.62,2201.5841983285964,1783.343850186899,441.82391026005865
3.639,2205.2953561073423,1794.8655322064412,454.5206460174355
3.639,2205.67599344087,1794.820191168698,454.4016914623426
3.661,2208.510351812346,1783.3918963454441,451.3173139993235
3.661,2208.70745303912,1783.3601031050628,451.35589408873506
3.681,2201.3134570410143,1783.3900249015335,454.36025486131035
3.681,2201.312071367785,1783.3586390519163,454.56760552286835
3.701,2208.705252331243,1787.5638050168254,434.4730339791242
3.701,2208.5195757964098,1787.5205648243914,434.84392106855967
3.724,2202.529702972547,1791.7423639164772,431.2718659726971
3.724,2202.2007314395105,1791.679083249822,431.78336261787445
3.746,2205.706064276084,1783.4150830518104,445.8077095690385
3.746,2205.295568549569,1783.3300933993278,446.4200616041992
3.747,2207.8041357115967,1787.5933462693429,444.73437455161735
3.747,2207.3858163682753,1787.4927438246068,445.39403693364613
3.767,2205.6949181539003,1775.0888542849762,446.8183845165072
3.767,2205.3439833841476,1774.9863035800968,447.463027320103
3.787,2195.2124635520468,1783.4211548034866,454.1463630400055
3.787,2194.9950833699827,1783.3362320867093,454.7113682722058
3.807,2211.803077424975,1782.3616185719357,453.1668428774368
3.807,2211.767173192416,1782.3169151636118,453.5925816419831
3.828,2205.4481722944142,1792.7560973372229,449.08608979614166
3.828,2205.6168018302546,1792.773509808281,449.32511768811435
3.849,2208.472890509242,1785.4220329108741,442.9378882858323
3.85,2208.8411152875556,1785.5188116987094,442.96115042339164
3.87,2207.3412963799046,1801.0128281327022,455.55725739471336
3.87,2207.8769223590407,1801.1980166157796,455.358465133333
3.892,2190.60025793124,1774.911040521631,445.23993441515506
3.892,2191.2482962685685,1775.1829022461543,444.8374601106342
3.916,2205.162003566657,1777.9989742204034,457.83496048248895
3.916,2205.8521794964527,1778.3438802268108,457.2708757464785
3.917,2209.338701821778,1782.1403586803901,452.68206267876536
3.917,2209.9949225714936,1782.533406307998,452.0182869816892
3.956,2208.3409637850314,1792.551543409715,446.45038228213195
3.956,2208.8913979832823,1792.9589301552016,445.76227049096366
3.956,2197.9938767938115,1789.4318997641283,447.47463195335257
3.956,2198.3802336144954,1789.8148154932262,446.8426651691193
3.974,2212.683693413978,1777.9936207248481,434.9097104457406
3.974,2212.8684268251445,1778.3131858846484,434.410219835088
3.995,2210.706266148672,1797.8421323563393,442.1147741250689
3.995,2210.676746238258,1798.0647330782972,441.81078557495357
4.016,2218.1061709154546,1792.6886851660781,448.2535664088723
4.016,2217.875312854955,1792.790964940224,448.1868808408744
4.038,2218.19472093247,1789.6263852011646,452.2967035598841
4.038,2217.7980766136243,1789.5991624184587,452.4822159774234
4.059,2206.793467206783,1780.3087866506548,440.7089534046662
4.059,2206.283289934506,1780.1592794301419,441.13197324654624
4.078,2207.8698816785354,1797.0388016710278,447.90094626495153
4.079,2207.3070975474448,1796.7907436969954,448.5179391988728
4.079,2214.1268656172847,1787.6938424762798,440.5321442929754
4.079,2213.572165981998,1787.3853412428286,441.2749116328569
4.1,2204.721793117499,1789.7909938739613,448.83903349121306
4.1,2204.227161847685,1789.4702815953824,449.621929068998
4.12,2194.2539179873247,1796.0312327547304,453.0231880300277
4.12,2193.8558127882484,1795.750751135185,453.75259522607223
4.141,2201.4941718737946,1784.52671338486,448.9154198078271
4.141,2201.2093071046716,1784.3362174829072,449.5004211435623
4.162,2201.4378369375995,1779.2543394231836,439.6372408833228
4.162,2201.262108184082,1779.1938692731683,440.0002465687823
4.183,2211.8138123990398,1793.7712949989611,457.48965624482366
4.183,2211.7244221744177,1793.864922437342,457.5757388177056
4.203,2209.6991534546446,1782.226235360021,453.4704568891694
4.203,2209.6595147726694,1782.4774365692322,453.2542710654727
4.224,2195.09826770121,1793.6185873314118,445.282352135602
4.224,2195.0648495325486,1794.0079224406775,444.7717879997557
4.245,2204.4922507574347,1785.225539814721,452.71221523823726
4.245,2204.422247355281,1785.7110573428438,451.94830766535523
4.245,2198.2705474888244,1779.987908669272,450.72950397551153
4.245,2198.129143310133,1780.5083648960303,449.78255717930904
4.265,2202.484382673027,1788.3363143239485,447.6605199005791
4.265,2201.208161611518,1785.6900452493096,454.9612500352801
4.286,2201.491009562011,1785.2595130745422,456.00542237158567
4.286,2198.0335083062646,1790.8312591372417,431.0086302106023
4.308,2198.408551259094,1790.5608239813591,431.9857213123642
4.308,2200.0789442275395,1780.3001456906366,444.63087576123246
4.328,2200.525333735441,1780.2624834554767,445.4394140456556
4.328,2210.478106334708,1770.7804979765076,460.38309834268495
4.351,2210.96286136782,1771.0323349237694,460.93760070203024
4.351,2212.5579970015956,1781.0443946373623,459.49225776677986
4.37,2213.042319118651,1781.6196635226054,459.73254559975277
4.37,2196.938032866948,1788.1744372718276,453.408354247619
4.391,2197.3848342637316,1789.0799751368054,453.3060516920048
4.391,2217.8140783257536,1785.9309995889278,455.6640412815022
4.412,2218.1955174508735,1787.1454621676319,455.22551807998866
4.412,2205.344929186955,1797.2580740727963,468.32665426457936
4.412,2205.648723464435,1798.7343830185516,467.59208903463065
4.412,2201.213116874441,1806.5320227684178,453.85803424266163
4.432,2201.4465623944434,1808.2032478670315,452.89672397244914
4.432,2193.942978161097,1801.252025064716,440.38850874380324
4.454,2194.1339296178253,1803.0401810233675,439.2909837442699
4.454,2207.4978108674118,1807.4771339271463,451.88406868488227
4.475,2207.6923152057807,1809.3039896664638,450.7519379405449
4.475,2204.347618338535,1793.9341147358182,445.60907803970713
4.495,2204.604389009444,1795.7328188974714,444.5437852474738
4.495,2257.4499493472913,1810.643429230007,435.11772055848877
4.517,2257.832343328345,1812.369587052574,434.2095068453734
4.517,2201.0803096710392,1804.432953294083,444.3922208560729
4.537,2201.6468574780215,1806.0737723612192,443.71055368848823
4.537,2211.3934461109675,1819.0610010713824,445.30369774946564
4.557,2212.1882292874775,1820.6412656838431,444.8902424208922
4.557,2211.2696738306813,1810.7312092673496,435.78307293855954
4.578,2212.3139087424847,1812.3151364450694,435.64797601106
4.578,2212.1881590486396,1828.4127052744532,440.86154730536407
4.578,2213.474219721097,1830.1011532224643,440.9834076132852
4.578,2221.460635170027,1811.6362965347691,436.5808598044607
4.598,2222.949447893393,1813.5592971221702,436.9103290810483
4.598,2215.129701683532,1848.9870250814322,445.88321779839123
4.62,2216.752011190666,1851.2921426214468,446.3497508558246
4.62,2223.435448958705,1821.6393447656264,443.76072903698764
4.643,2225.0969497184233,1824.4768655778448,444.28164208712366
4.643,2223.4568008656356,1854.6740458124677,438.55404013802166
4.662,2225.046616988484,1858.1804187479452,439.0447770611495
4.662,2244.3824659370407,1858.4665526723488,427.1332952973633
4.683,2245.784019026836,1862.7477791890803,427.51767481815136
4.683,2222.6305249330494,1847.6300380698872,441.8021007775403
4.703,2223.7335109494393,1852.7468139135256,442.02133623617124
4.703,2235.3235849899143,1835.7416035420385,446.0685578175932
4.723,2236.035630910978,1841.6979229259252,446.08800199623045
4.723,2245.9682989977105,1892.6664822700855,461.8072948064476
4.766,2246.224906369848,1899.4031309325344,461.62014492881025
4.766,2236.8287691150604,1908.9954216707813,452.5235731595535
4.766,2236.6003673362634,1916.3893303373354,452.1511414194122
4.766,2242.281920530058,1904.5623340878187,464.0655085307017
4.767,2241.5772165963253,1912.4321818201186,463.5540769702148
4.767,2232.0819287620357,1931.5073385588698,438.05396274498025
4.785,2230.9472015040624,1939.6251454988542,437.46864883114085
4.785,2230.1844111252035,1955.4518813061406,412.00534325643844
4.806,2228.6988940367414,1963.5596818209185,411.42175588526044
4.807,2243.871787737513,1948.2614108562877,447.41363811631834
4.827,2242.1397497150438,1956.0915231375548,446.9083613929852
4.827,2227.274085966605,1920.355575723298,441.09428680419853
4.848,2225.4145941112242,1927.6525491739794,440.735360635783
4.848,2231.4608333291912,1984.2884821372697,451.42360564805597
4.868,2229.5964209474546,1990.8305628212247,451.26216274908745
4.868,2211.615636224169,2014.959995149854,430.4667451265899
4.891,2209.8611766562826,2020.5779357162091,430.53081504019724
4.891,2192.761292591973,2035.2687794009532,389.7019900973347
4.911,2191.214292420836,2039.8600421985625,389.9932104341041
4.911,2229.1089994581257,2032.6704237564297,457.3456323374188
4.912,2227.8422920105018,2036.2072667643413,457.83924828069826
4.912,2206.0199098452667,2038.3956703276708,463.51495418877005
4.952,2205.077389182746,2040.9262219838024,464.1630827411904
4.952,2195.427758026194,2024.266341245826,440.53067794133995
4.952,2194.823394808325,2025.9084977804443,441.26841231372424
4.954,2202.558382326223,2017.3517390414863,439.4710370402171
4.973,2202.278360954094,2018.2804773937742,440.22461772530994
4.974,2219.08563246647,2009.2914011000616,458.2524245657476
4.996,2219.093095857132,2009.7208069251212,458.94844967136936
4.996,2214.7919455462575,2015.7081623330728,423.9102061765439
5.016,2215.0335719239138,2015.8700449341984,424.48472597037403
5.016,2214.697962519959,2050.151537420325,455.25878381653075
5.037,2215.1114547705297,2050.272874217065,455.6651394757004
5.037,2207.3400366247233,2061.559422790742,432.4227536591941
5.057,2207.861588150745,2061.8409996898176,432.63717694533597
5.057,2208.3508615542055,2031.190534645017,477.338559081443
5.079,2208.9217643151023,2031.7890079251654,477.3628296929688
5.079,2210.4297601973353,2026.821571432916,472.21356425480315
5.079,2211.001516428104,2027.8367847506981,472.0743911485085
5.079,2209.401091032521,2035.9760977910266,449.34784634286126
5.099,2209.9386448985556,2037.4448878057663,449.0930530689279
5.099,2231.3150432584994,2071.1933543219093,442.08675077443365
5.142,2231.798022399958,2073.0903386837163,441.77875142665295
5.142,2212.5841049819555,2042.8642433552634,409.7763591828739
5.142,2213.006215767153,2045.1092913877883,409.4837596795643
5.143,2189.682446158585,2044.8185088141652,435.80101081448294
5.162,2190.049368543231,2047.2898415223015,435.58941518842704
5.162,2213.67790474856,2034.3364534356042,427.4008874484556
5.183,2214.0041618517953,2036.8876949371443,427.3240982000698
5.183,2227.2409162485815,2058.326808949483,451.29194148757193
5.204,2227.546242016535,2060.8058905716566,451.3847010155392
5.204,2211.608858657677,2076.135678739323,460.58217887365396
5.225,2211.914559102516,2078.4033299886332,460.85540868278525
5.225,2218.897192256106,2071.0736594170367,466.74962783454
5.247,2219.2229073541607,2073.019326117407,467.1888057746902
5.247,2218.881061767559,2092.10982764259,431.24146556316555
5.247,2219.24220896981,2093.6632224525933,431.80837754107847
5.248,2216.77478094469,2066.260443218623,452.04405993858813
5.266,2217.180822891626,2067.3975110994124,452.6817221895595
5.266,2224.0470107938195,2085.2244462856124,463.4992267228856
5.288,2224.5005629047437,2085.9672444117186,464.13935446943054
5.288,2224.0244694035623,2099.9925805463295,463.52467803916863
5.308,2224.5211655612866,2100.4033382970933,464.096731479498
5.308,2241.72569581337,2064.6873590300056,444.82187990316464
5.329,2242.254672285409,2064.857702680995,445.26249567259276
5.33,2212.531014476072,2073.1062085209314,443.8644291812634
5.35,2213.075854416333,2073.143116919181,444.12597653438763
5.35,2201.065336696371,2064.793822478445,456.4726490704635
5.371,2201.6053328439098,2064.804252009527,456.5297474008399
5.371,2233.387762329121,2090.8285237270784,453.44946896114243
5.393,2233.899390828213,2090.9047581411673,453.3025576432058
5.393,2238.6227079932237,2078.261393268977,465.00841470911234
5.409,2239.081246000287,2078.469024378379,464.6838473351225
5.41,2215.7278324992185,2091.7316267132105,444.23411689327804
5.41,2216.109081810793,2092.1016782139354,443.78071189672494
5.41,2223.0709953566006,2081.2274998039184,445.31723820239097
5.43,2223.353083261535,2081.753622795204,444.799696953894
5.43,2226.254449326706,2083.2475779652736,421.3495681216867
5.453,2226.4196622227737,2083.888551935829,420.839606031782
5.454,2247.163735638198,2084.2569153701697,465.0960147430043
5.473,2247.200303864232,2084.943975335639,464.66238111842756
5.473,2221.172669494657,2088.434518704956,450.4434954176345
5.494,2221.076373080039,2089.082392375878,450.1422365444621
5.495,2243.126266932866,2127.0527668306645,418.05125864470915
5.517,2242.901685825535,2127.5728288376704,417.9175776229738
5.517,2222.339735727287,2080.243758335306,450.27364270758403
5.536,2222.0009402506134,2080.5574532814203,450.3165241842979
5.536,2205.711797267571,2062.650839399741,496.05197794891916
5.557,2205.282278789372,2062.7015232779086,496.2523961354161
5.557,2223.4647457550204,2090.9363558706227,468.88882176438364
5.578,2222.976432319584,2090.697953295287,469.20187888170113
5.578,2219.310845985137,2100.4605070372327,438.62920834735394
5.578,2218.802133890001,2099.9418431545478,438.99001857876857
5.578,2246.4051935670996,2062.0213366745124,450.0988303715403
5.6,2245.9180459369445,2061.2656122922276,450.4314422534657
5.6,2223.4479454807615,2092.3409384175134,425.12673819437805
5.621,2223.024247232975,2091.4204900220284,425.3549476682475
5.621,2201.513349070191,2083.008795318699,434.5851953523231
5.641,2201.190842933344,2082.0159255456324,434.64380502902844
5.641,2233.7623082303376,2095.5149361562962,455.53416508982605
5.662,2233.570544945906,2094.550127149907,455.37913751116116
5.662,2234.73170799969,2095.464165773412,456.691012653366
5.682,2234.688503503654,2094.6233268175542,456.3070669332803
5.682,2224.232148859204,2052.6366749207837,489.1123300782215
5.704,2224.3410358970496,2051.99918241949,488.5168347733584
5.704,2218.948099805194,2078.5706037586115,444.38250244490257
5.724,2219.197184028624,2078.189754259922,443.6249875402451
5.724,2214.7179873728955,2074.262970425806,423.5901342289038
5.744,2215.0804725965418,2074.160107991596,422.74732259770735
5.744,2229.2676176126374,2077.2533840577216,437.1477678535545
5.745,2229.704067054591,2077.416434540178,436.31463585372666
5.745,2216.740762378798,2099.022977363367,438.14709557391825
5.765,2217.202937553418,2099.409499720801,437.4250313405724
5.765,2231.339582380544,2095.80790848992,416.16685835531695
5.806,2231.7754803510707,2096.352145091061,415.6504170393705
5.806,2215.7373527233103,2081.166119740744,452.5147955625523
5.806,2216.096878824433,2081.7889814597866,452.27879066844184
5.806,2214.7498729400418,2049.8885067153965,453.3980407115886
5.827,2214.9904695190967,2050.5090398549696,453.4867214697999
5.827,2232.5406717779906,2086.397975535233,446.9769521686281
5.848,2232.6321952688013,2086.9446786496865,447.3967904125945
5.848,2218.0294321257006,2079.1599530238195,437.44088317481385
5.868,2217.9576399779216,2079.58036486539,438.15805353654525
5.868,2236.8723596721447,2074.023427005345,460.24750575323765
5.889,2236.6405302110124,2074.2906814163534,461.19054400789344
5.889,2226.52275041052,2091.8203349262126,448.7058662942271
5.909,2226.1511933895267,2091.935832724649,449.773309477896
5.909,2238.0456241910756,2081.464154151852,443.4764589288588
5.909,2237.569116628891,2081.45606913608,444.54859784492976
5.909,2225.5740831719727,2088.80448477585,468.53599404760104
5.93,2225.037545510365,2088.722418916584,469.48929565667953
5.93,2226.627875484778,2076.310802152486,475.93484182330906
5.951,2226.080846690302,2076.2174484427933,476.6572062051531
5.951,2223.487844296556,2094.0106770426773,414.589154357372
5.97,2222.9784849041675,2093.971760723297,414.99401628131454
5.97,2208.8607569847527,2086.6646022829773,447.0805421564657
5.99,2208.430179658723,2086.7385952652644,447.11793755253143
5.991,2225.4862459172195,2078.25261504632,448.3119451152098
6.012,2225.163931364502,2078.4817249024773,447.97502912877053
6.012,2226.4678397894727,2080.2507640075496,452.65695167692695
6.034,2226.268745627038,2080.6544899622077,451.9830335597507
6.034,2210.7709466885003,2116.6446551585786,430.9104938788834
6.054,2210.694678135502,2117.2168120239007,429.9763707753892
6.054,2202.3757778554586,2081.1324535735794,440.3827246879023
6.075,2202.407895424083,2081.8420492363653,439.2948569343199
6.075,2223.1765503987226,2086.2934508446783,451.8793880545579
6.075,2223.291783393598,2087.089239509654,450.76016039221537
6.075,2224.18891660026,2081.062404114052,434.12942110946034
6.096,2224.3557770796156,2081.880407757606,433.10128053397824
6.096,2218.9639054691497,2088.3728290770146,463.2267239633173
6.117,2219.149996113488,2089.145699297193,462.3962983299702
6.117,2223.134482409666,2085.2921020040767,456.84288703602823
6.138,2223.3116939007537,2085.958942717782,456.28722181682184
6.138,2214.808508556928,2075.982762416202,463.9847686776581
6.158,2214.957322953272,2076.4979845968815,463.7415625705697
6.158,2223.164933236678,2125.057087633559,446.1089670529856
6.18,2223.277187239273,2125.3970247346765,446.17217008485704
6.18,2233.605446241134,2091.7921178686956,442.84452688353605
6.201,2233.685142527837,2091.9584690199104,443.16595299765936
6.201,2223.193712927514,2083.5319003578384,434.4063554745611
6.223,2223.255764572509,2083.551536298359,434.9031489632622
6.223,2221.1097451423793,2098.180456203994,444.7802997014922
6.243,2221.1768535516317,2098.1016506704755,445.34729036958765
6.244,2230.478175717959,2103.418173328484,434.36439700032935
6.244,2230.576329407158,2103.303833035794,434.8896926159532
6.244,2214.818795714409,2108.621648074947,446.93231826563607
6.264,2214.9720924868457,2108.5405340108814,447.3140104605749
6.264,2213.741877475222,2082.5225348664435,417.850499823361
6.284,2213.9674834480566,2082.5397372239645,418.01216937769743
6.284,2223.0833125573936,2090.790997458318,422.1469586192314
6.308,2223.387360810726,2090.9590097977984,422.04978888150526
6.308,2229.2997739091797,2111.5478522415447,454.58841149897313
6.326,2229.6748741867805,2111.8994788158057,454.2381432457667
6.326,2223.0176268101804,2110.4088646694236,414.04881569518517
6.347,2223.4424246311833,2110.95290824841,413.49645041259004
6.347,2213.624030676322,2095.7250244917614,445.38700997973876
6.368,2214.06495363074,2096.445285680193,444.7230039929554
6.368,2216.7582967331737,2074.804245823173,445.3996407446562
6.388,2217.1733019872963,2075.6618821058682,444.7422191230978
6.388,2220.9574564267946,2093.517216267752,469.3205609247375
6.409,2221.3012944125267,2094.4560316862817,468.79959834216663
6.409,2229.3477563683346,2126.854734641906,492.13562041985955
6.409,2229.5780354507797,2127.8085687059765,491.8741743582548
6.409,2255.475370956457,2094.561562197737,455.48642522171605
6.43,2255.558580455845,2095.4626764694813,455.58237607024705
6.43,2224.288256636324,2096.6961503252996,437.5642175290172
6.472,2224.204899489781,2097.4834094397384,438.0745163724856
6.472,2237.923354929279,2103.0258105522853,392.532739674467
6.472,2237.6714570612435,2103.6515318244305,393.46247682955305
6.472,2219.2410517820203,2096.8651173032363,455.9190347712515
6.493,2218.8375354796417,2097.299703199462,457.2169540997823
6.493,2230.7701138838115,2143.869031181244,450.5597159415438
6.513,2230.2498145025606,2144.1028615149594,452.1209859492977
6.513,2218.3030769168777,2123.1209614610743,416.08566744628655
6.534,2217.715503255898,2123.16344944663,417.7617854096403
6.534,2215.188017315266,2109.65814397426,462.99683543172773
6.555,2214.5922595400157,2109.534286013534,464.61160754965306
6.555,2215.1686614447212,2107.6438827376987,418.27788517329435
6.577,2214.627093385683,2107.388991496626,419.64761700677457
6.577,2223.4573894919786,2108.7369125263317,449.7346200468275
6.578,2223.0289611418807,2108.390463424483,450.6900745295582
6.578,2231.7199287386684,2094.176059321226,483.34847368700224
6.597,2231.4538809755877,2093.775668299288,483.75588589541474
6.597,2219.117150649404,2110.86770200858,465.937559235562
6.617,2219.0479058326964,2110.444177846448,465.7160745534686
6.617,2216.926845780533,2088.9824653283645,457.9240176864952
6.637,2217.070649974574,2088.556658638099,457.05733429175194
6.638,2216.8203177728824,2126.502020217174,478.0348552347653
6.659,2217.17396214351,2126.083861809509,476.57555012735605
6.659,2233.3993016215386,2104.6093026166645,449.1063033011567
6.679,2233.9409704726545,2104.1990408108727,447.17221353153275
6.679,2227.0647768386293,2095.2267856074436,467.0010935933552
6.702,2227.7567993485645,2094.8180574412927,464.76409614869624
6.702,2223.8806585963953,2105.6523266079575,417.0454765972701
6.72,2224.6737187237286,2105.2363919201666,414.7139371779365
6.72,2203.0048969291443,2098.362599956789,447.2358118174096
6.741,2203.8431101928904,2097.9328786114806,445.03273700772957
6.741,2234.2728705691193,2162.9927683390156,433.53994043257467
6.741,2235.0990832151674,2162.5487791056335,431.67937437816283
6.741,2214.4956366968686,2081.6980376932597,443.720488055353
6.764,2215.2563427590826,2081.2479486114594,442.3848831003708
6.764,2244.7728732080236,2071.2720952304944,465.2931171691993
6.782,2245.422264281077,2070.833341366816,464.61425938019266
6.783,2249.0116825164005,2082.7226509437633,408.6508146960565
6.804,2249.5145182782812,2082.3204164289928,408.69642490524
6.804,2223.0369103213243,2086.8626317581466,426.0042384988725
6.826,2223.3700928158564,2086.526373702721,426.7716620556126
6.826,2245.0147778432543,2123.2990741320887,406.9047631864406
6.846,2245.167696052082,2123.057624551088,408.32230174295205
6.846,2233.6398507691756,2098.2273645338278,414.9643875683011
6.866,2233.6137055047666,2098.103423807312,416.8999255585783
6.866,2226.4295114239762,2133.601648377167,457.5042068934118
6.887,2226.235914827394,2133.6066332344353,459.779957216626
6.887,2231.7176189207553,2082.4648393091343,442.8177125184969
6.907,2231.376780849448,2082.5950426446507,445.22925035177013
6.907,2218.2316110185284,2076.155090850344,421.9830472269172
6.907,2217.7703822379726,2076.389946662939,424.32039187716543
6.908,2237.0415870903803,2100.088481753629,453.36388580669853
6.928,2236.4915434964055,2100.391427763389,455.4322672304374
6.928,2238.115470945031,2099.0299421479303,476.49215204670975
6.948,2237.511118571145,2099.351978609963,478.1302616676667
6.948,2225.621634905912,2108.4217886838796,431.9344678951177
6.968,2224.9987191708883,2108.7074034659086,433.02840620646214
6.968,2208.940780997165,2109.503107876506,509.3621672873089
6.992,2208.33461945658,2109.697840581499,509.85389669025983
6.992,2231.850363434201,2096.0165021483876,514.8782433020682
7.033,2231.2941052562337,2096.0751163692876,514.7680471855019
7.033,2218.2642685883766,2098.1811264448897,445.32755053408056
7.033,2217.78702085203,2098.075198912399,444.6706952680212
7.033,2239.061650953144,2097.224838863687,463.2842361260057
7.054,2238.6864939460033,2096.9485867156923,462.18264417842306
7.054,2234.835176685205,2092.0926636948125,443.6533294656466
7.077,2234.5771986469927,2091.6660206774823,442.2435298693236
7.077,2227.477807694627,2095.2792355557526,447.9184876484702
7.077,2227.3423970890494,2094.7475327877028,446.35737148713315
7.077,2227.417867420163,2123.4499003139063,451.05992527500126
7.097,2227.3995783723853,2122.8799620014943,449.50988620978
7.097,2222.1533276898513,2088.000933501135,392.6268609676758
7.117,2222.2356556197983,2087.473900175962,391.2417616192124
7.117,2212.7317364233654,2093.1586747635715,446.6923208215526
7.137,2212.8880891406498,2092.760345310204,445.60543772979184
7.138,2211.6649505227,2088.8944831945664,465.2636931057262
7.159,2211.860971578289,2088.70435293672,464.57841542021794
7.159,2230.4208607773157,2087.7232437402668,397.2857418132514
7.179,2230.618068694641,2087.803651602501,397.06939752920175
7.179,2225.223225103809,2090.6994679127415,462.70310055608275
7.201,2225.3837011202945,2091.086313643419,462.98392021932204
7.201,2209.6197056880037,2116.60039760325,448.90636734213257
7.223,2209.7113320519784,2117.29673831644,449.67331599182836
7.223,2237.805043443776,2093.524984834233,473.6943462229287
7.243,2237.8066077420067,2094.498484398618,474.89938667563126
7.243,2229.515036442321,2094.451520363675,492.26516918391803
7.243,2229.420416381684,2095.636246878822,493.8274669506581
7.243,2218.0946676564913,2123.5639704904274,472.3218794359195
7.264,2217.9153267637803,2124.8664779680166,474.13350284927805
7.264,2231.6770097680787,2097.4886397064956,451.3983138277547
7.285,2231.4421824619053,2098.7977038238205,453.3310865111889
7.285,2218.1389404180554,2081.8948146096122,430.54402889981515
7.306,2217.8931584885527,2083.0936947568034,432.4573105327575
7.306,2229.5895689369017,2144.529759325391,447.28488277729724
7.322,2229.3875518291834,2145.509497640135,449.0341433567588
7.323,2211.8268382098277,2117.5744440407248,445.3351922626931
7.344,2211.726187868797,2118.246536895397,446.78126922576587
7.344,2222.179005047501,2092.7369264748822,482.01512583859954
7.364,2222.2315498131884,2093.0437410435347,483.0339937105927
7.364,2221.0449159485543,2083.5488560932654,460.37948161765644
7.386,2221.2878696045186,2083.470412677119,460.8722225681272
7.386,2227.1962829344393,2119.1746697921035,457.54222936915147
7.406,2227.6445627921503,2118.7308406030447,457.44469399757014
7.406,2239.6041039072566,2118.2957816566723,469.3134524098412
7.407,2240.245140457999,2117.5435161957666,468.60488500816774
7.407,2241.6061775145236,2106.9536990449797,483.1611883718733
7.428,2242.3983277426664,2105.979505713242,481.8709124622474
7.428,2208.2011075129744,2114.3221285715217,459.45137247840745
7.449,2209.076365462225,2113.23064448629,457.6625446230297
7.449,2220.6990566203617,2099.74746306038,446.1026542786703
7.468,2221.5701814175914,2098.6474539397536,443.952142053018
7.468,2232.202222361343,2123.686626931338,475.40094160900895
7.489,2232.973747169833,2122.676112432534,473.07459180368227
7.489,2220.821387049258,2105.893247529904,460.81418089683206
7.509,2221.4033236888845,2105.045599858704,458.53711762941185
7.509,2238.663285293084,2129.7680556518776,470.0773926218943
7.53,2238.9857973542116,2129.1208503537437,468.0994947109878
7.53,2253.4013016606305,2067.128963804032,483.38126819332973
7.552,2253.4282757037695,2066.6770778044024,481.95856638492324
7.552,2222.2801250321804,2100.400765751518,422.5581403996767
7.573,2222.0194952808806,2100.0947508590384,421.9314723130513
7.573,2231.7863008062063,2071.174866544414,429.3767558479927
7.573,2231.2952141603955,2070.925030062178,429.7495332306749
7.573,2213.1035033660983,2102.4595053721573,424.6490525828169
7.595,2212.4869431686484,2102.1454712774757,426.16634651082956
7.595,2257.9329539576966,2099.415658139039,446.9760909238075
7.615,2257.3352228953627,2098.900537296836,449.70735559882246
7.615,2220.338367599747,2086.018103343882,478.68132269979833
7.637,2219.927772126024,2085.165842312992,482.6089139117926
7.637,2224.348960367636,2102.909115525228,435.3840171657393
7.658,2224.2970206058967,2101.6031835905314,440.3992093685912
7.658,2216.8147540827404,2106.2954727578917,438.0353562994927
7.678,2217.2721489441515,2104.4568320389108,443.94285440079136
7.678,2230.0667339496795,2101.363978599184,457.4898267609277
7.701,2223.84275024114,2112.516185780947,439.0056779447909
7.701,2229.740071933284,2101.633856139334,457.29627287276475
7.722,2224.1692432662353,2112.2639794439965,439.11428970820833
7.722,2223.1707319951715,2109.155903093291,415.58296069012204
7.743,2225.504880300897,2105.8189431462097,422.3710624248195
7.743,2216.657203345795,2115.5581331163794,458.4699467393335
7.762,2219.465977741298,2111.97463890478,464.8698054024132
7.762,2235.25924053769,2118.7260719008495,440.0217190620841
7.783,2238.321358380478,2115.1233233675266,445.7245843197275
7.783,2227.9431901473417,2114.4676565471855,461.3136780550709
7.783,2230.9640186821407,2111.114075257849,466.07233073132494
7.783,2213.4988198266137,2120.4888879829014,438.92269584957893
7.805,2216.134000991436,2117.673426729283,442.5724706448085
7.805,2205.489465205523,2097.180953481285,479.1168056927735
7.824,2207.376386522399,2095.1891669906877,481.5880482333281
7.824,2224.7568511864756,2111.2621613171327,452.60176447106977
7.844,2225.550754774344,2110.351155383912,453.9222134851425
7.844,2222.2900388221933,2058.5258406254216,460.43435326833435
7.886,2221.7008008242583,2058.9004822676457,460.7210826100933
7.886,2229.3178737160683,2126.6199726442196,462.9685911423727
7.886,2227.143193315181,2128.41269815267,462.410369507606
7.886,2221.813341774037,2117.5496665900982,435.1625212503405
7.906,2217.9643114016817,2120.8059466140735,433.99459829482777
7.906,2236.193961149382,2087.6458354667457,495.8261271488713
7.906,2230.7097388034495,2092.3168677232165,494.30038636116024
7.906,2234.8714176183134,2099.4938204118753,442.75659671383926
7.927,2227.920910820809,2105.4373630622886,441.110604837722
7.927,2237.588170016966,2071.8380315142213,488.6012015371294
7.948,2229.4581305277325,2078.827523056652,487.02984947631575
7.948,2228.659276737623,2129.7907643202725,502.0603701780819
7.968,2219.729813315182,2137.5320709483235,500.6935117125936
7.968,2216.3889175896234,2130.582426904847,430.01507486553226
7.99,2248.7909531906366,2109.5523972135707,430.98845524312645
7.99,2216.3972681550326,2130.5095296306818,429.8938824888511
8.011,2248.895736676655,2109.5362718189062,431.091994334005
8.012,2242.2412558729025,2122.273973932705,452.7476151555504
8.033,2233.5765658603095,2130.1967565694417,451.98024690964496
8.033,2243.9179109657252,2101.6904670558242,481.9309561933173
8.054,2236.150505778401,2109.0184839798662,481.11947725636605
8.054,2225.640991223105,2112.507007242831,447.62973747344216
8.075,2219.0434798809406,2118.9963042379622,446.5779519374377
8.075,2242.7089043624537,2130.712420401889,443.65665544188414
8.075,2237.4372635955688,2136.199061260917,442.1645071270193
8.076,2224.307264894494,2112.485947018522,412.67583915609407
8.096,2220.3933216915907,2116.895643802471,410.56929544259634
8.096,2235.119210916337,2122.4045122011016,442.21705619680904
8.116,2195.996465930682,2132.007157110388,385.175404368491
8.116,2198.067036617197,2129.1564731220315,388.40826460730926
8.138,2219.442274021188,2117.9928332177724,450.4478821889127
8.138,2220.5466173235995,2116.0295955340453,454.4562826408404
8.179,2223.992811244674,2109.279060320726,458.4234165400095
8.179,2224.407313189692,2108.014246690057,463.12658892723476
8.179,2242.9890701995564,2104.8421470054054,458.1325581713754
8.179,2243.0060138331532,2104.0561250181395,463.36722738902455
8.198,2234.7448423633637,2116.1525880745075,438.1464068950819
8.198,2234.636368495987,2115.622144691306,443.6812871778944
8.219,2239.931974049401,2102.5524495795194,487.0862924256177
8.219,2235.749931809451,2129.1768898737014,463.4606034638855
8.24,2235.654399698933,2129.6864560505824,458.0000031138755
8.241,2231.7157361262293,2119.730293780391,463.28958015322655
8.241,2231.3343654837918,2120.3951912966745,458.2412076653569
8.241,2217.27947207297,2112.3298843194693,454.64437472627947
8.261,2216.5914254536087,2113.2093933383926,450.2689271208145
8.261,2214.288614753771,2124.730006576907,441.7191591472766
8.28,2213.3515911603245,2125.813187288246,438.22133605021145
8.28,2217.498297586005,2111.1030113812935,427.6769962975504
8.301,2216.431325162687,2112.3143668413604,425.1850945475529
8.301,2231.056008844575,2123.591342186893,459.4645219704439
8.321,2230.0146801674246,2124.8049545112467,458.0189060329036
8.321,2223.685109194336,2130.943723993933,486.0541974686076
8.343,2222.8330024401585,2132.0040878877285,485.6058376902849
8.344,2216.2383809356033,2095.642953170922,461.62691135589324
8.362,2215.718801534218,2096.3898667569338,462.04592016935476
8.362,2229.5813573527985,2119.827032056828,452.9242843058407
8.382,2229.493354465864,2120.1213465352876,454.01715363221115
8.382,2232.473913427864,2126.3462433714944,446.4196604132722
8.405,2232.855809465907,2126.0931015311535,447.95286801940915
8.405,2233.28802993017,2125.594378722982,449.419125151689
8.405,2234.110558083313,2124.760823476036,451.1460623303394
8.405,2238.3106423048066,2133.170840994042,455.6652053692259
8.425,2239.48038265668,2131.795332136675,457.35306774405177
8.425,2235.0618956718718,2120.897218558109,421.3652273451512
8.446,2236.4342342869927,2119.0895890383626,422.81863516697535
8.446,2217.306295833184,2114.7984313859197,470.5270901741736
8.468,2218.7058079648637,2112.7300271379136,471.6057370636884
8.468,2263.222604744644,2073.158245780405,485.339149303148
8.489,2264.467764417248,2071.0432758262746,485.96763914645385
8.49,2226.882261626743,2098.10978216008,455.3449454301242
8.511,2227.8108383908684,2096.180093090228,455.5140450237023
8.512,2242.7235758878287,2108.3555024546718,469.10903240329577
8.533,2243.2150623282296,2106.8319244125632,468.86869715711583
8.533,2221.0812997065027,2088.27722863908,476.57624946953416
8.552,2221.0732123947646,2087.341186806411,476.02182119037076
8.552,2234.883854953107,2102.526780086557,443.3347261760667
8.573,2234.379686588765,2102.295940860511,442.58852135265283
8.573,2236.1523937239526,2113.6201756094647,443.3818757684262
8.573,2235.2202247617965,2114.131474332026,442.5728785920478
8.573,2233.1963998804017,2108.0512335848725,456.91809502612125
8.592,2231.9585242849635,2109.2537506028166,456.16258612178717
8.592,2234.333450319581,2109.8359973373103,469.3637931973535
8.613,2232.9486392988806,2111.5949140322273,468.7494793577957
8.613,2218.7075593033583,2108.5884869328743,447.38395883274774
8.637,2217.3486003981006,2110.699917330957,446.9595689110571
8.637,2225.9281306565,2105.3769911323993,455.62253434037126
8.658,2224.757898354873,2107.592034452844,455.39400346799596
8.658,2239.33181926336,2123.1434851517297,514.9462164906856
8.679,2238.4812769834343,2125.1985751220354,514.8796167681717
8.679,2234.9684744097485,2107.683392511232,446.09634184875404
8.701,2234.519664987298,2109.3331073427667,446.1267674611851
8.701,2232.6704206388936,2123.5983251531134,461.7128037271647
8.723,2232.6467316959483,2124.6464016551104,461.7576113831653
8.723,2217.875801086713,2105.188882383057,454.44183705649795
8.743,2218.2407111943007,2105.5133198775834,454.4160851222181
8.743,2212.500660574694,2121.203121366809,441.99786779409834
8.743,2213.16494236476,2120.771962158966,441.8295590428962
8.743,2235.327711443572,2124.6901721827603,416.0310058950363
8.764,2236.1638674765577,2123.565724896712,415.673843553742
8.764,2225.915608860417,2093.7168748564854,448.4436143531316
8.785,2226.7773161409655,2092.0476564062174,447.88540559452684
8.785,2250.972880792077,2104.334670030345,455.833206189226
8.806,2251.7165592477622,2102.33598309488,455.09872456687975
8.806,2227.106268516003,2113.786066522705,456.94347627953624
8.826,2227.6116549029925,2111.7116801707457,456.0914247765191
8.826,2231.4277089583384,2131.444939717142,452.8026262473308
8.847,2231.6145347981774,2129.553585761437,451.9172067579029
8.847,2196.163321300581,2112.5028827210003,499.68661437564697
8.867,2196.0018204486905,2111.024040651864,498.8649865536647
8.867,2231.7700257215793,2100.762894494361,440.20716650645437
8.889,2231.283934718005,2099.8664973454893,439.54466243459456
8.889,2246.4999957987907,2110.855919874413,430.715831900472
8.908,2245.761816322414,2110.6301367662445,430.29110511481264
8.908,2223.6560324054926,2103.220367218674,444.12613987057847
8.928,2222.7754368106125,2103.6605582091565,443.9884288464831
8.928,2212.2136537955807,2097.706508090727,430.4259919625606
8.928,2211.320871622368,2098.7169388993957,430.5863735121948
8.928,2240.3118023733523,2096.439855375496,449.04721777023775
8.95,2239.53849376284,2097.848005181572,449.475161137591
8.95,2221.4460649163652,2108.830683152535,437.47208611049103
8.969,2220.9064769358943,2110.4122190330163,438.0978749482636
8.969,2244.226873249483,2121.3432090586016,460.3400874420572
8.991,2244.001955157567,2122.854183098576,461.06285857356596
8.991,2221.1221029346925,2111.0435260365193,463.4626944177299
9.012,2221.2487546783323,2112.2552945549432,464.1630621944994
9.012,2221.9898970105573,2103.968886169388,442.6742444566077
9.032,2222.4567248846615,2104.700813404067,443.2298436515315
9.032,2207.2464276148935,2083.408216922079,431.32364470826076
9.053,2207.9964065203735,2083.5534821054484,431.6255182182017
9.053,2227.9841874996328,2099.348546788856,445.03288387238285
9.074,2228.9236272189105,2098.8893010040383,445.00051688394
9.074,2247.73606740874,2114.220908860591,478.5715911931185
9.074,2248.7483974021106,2113.2305074108112,478.16456504424616
9.074,2223.773106938315,2114.433178778221,449.575163673915
9.096,2224.7353554183733,2113.065045505546,448.79984466621664
9.096,2229.05314160569,2115.5878186392424,446.61501861137253
9.118,2229.8526756818997,2114.052425307025,445.5253479761817
9.118,2225.0002059912763,2127.0485066851547,432.14618604837136
9.138,2225.549355030518,2125.581698204857,430.83840870559214
9.138,2231.401252522917,2105.0393246094904,454.0970287473553
9.159,2231.647836257659,2103.8665339445574,452.69898730237094
9.159,2235.7286484337706,2120.4551498621718,464.5113187115358
9.18,2235.6611041668602,2119.7567258887116,463.16764145171646
9.18,2229.6236031854146,2100.368758971088,419.6104081226706
9.201,2229.270243696015,2100.251564097059,418.4654447311701
9.201,2230.787301687675,2096.9393586832703,444.4769439787219
9.221,2230.2101071268,2097.418973341325,443.6575841153883
9.221,2217.3183438552887,2099.792115542233,408.83805925716763
9.245,2216.6024661128363,2100.788515250593,408.4385738031119
9.245,2250.7056455783754,2096.4643292696014,438.8328781832607
9.245,2249.9463702147386,2097.8119751635454,438.90365413024807
9.245,2243.3960803716222,2133.894226685492,430.2559701282456
9.263,2242.685272366424,2135.365401354453,430.7975065240883
9.263,2232.918846928799,2079.728737799596,442.54376906781
9.285,2232.332871197105,2081.0669676836465,443.50663139679955
9.285,2228.665995681037,2098.6512022788215,448.61959317775785
9.305,2228.2567697743743,2099.6100292918313,449.9102754234738
9.305,2205.636612821504,2104.1310499323417,422.44413194209886
9.325,2205.4268807111807,2104.5124899046323,423.9360458962117
9.325,2225.341306842022,2109.6812133131507,466.17396152598064
9.346,2225.3245163952665,2109.3681204210907,467.72215376354245
9.346,2221.0862164496352,2102.7448601700116,469.328286587451
9.366,2221.230654348738,2101.722144890174,470.7860508361224
9.366,2233.53099170457,2106.1981132876463,438.15551539980527
9.388,2233.787192888485,2104.5592547665074,439.3908721923639
9.388,2223.073694961603,2104.3548161783337,458.1112818423101
9.408,2223.383695612432,2102.2921728770116,459.02135747976865
9.408,2234.533869959585,2112.8085556809183,440.58127497767106
9.408,2234.840677053299,2110.5883268446805,441.1029141841297
9.408,2225.1735483501343,2107.562894275044,437.6581624828796
9.429,2225.429276140077,2105.487885283193,437.77360972089434
9.429,2226.25488586972,2125.0964529185435,452.44571933607415
9.45,2226.4263371940383,2123.4617127904335,452.182834811465
9.45,2232.557954193941,2099.7653721728984,427.59624918418297
9.47,2232.628939276721,2098.813009753751,427.0234048371777
9.47,2222.186145448624,2098.3186831011126,454.81526309178474
9.491,2222.156441208616,2098.198526923422,454.0317054123048
9.491,2229.5286894697892,2071.8256642844012,481.97701212063964
9.512,2229.4101431611966,2072.5678278078376,481.1000037888764
9.512,2226.4395456204647,2086.0163321171062,438.2014758043551
9.532,2226.2503166879355,2087.520235316705,437.3518752573441
9.532,2230.637046992347,2103.4315061027164,472.54114532806784
9.552,2230.395279419917,2105.4736732270876,471.829214885963
9.552,2228.5734805607517,2090.770262067924,480.776109483635
9.573,2228.2917571226612,2093.030560818734,480.28924924719394
9.573,2221.295434013854,2103.3079833603992,457.7099039467275
9.573,2220.977176864692,2105.41126057857,457.50370928650284
9.574,2224.4425038567388,2083.726692221796,382.51447710827676
9.593,2224.081087611918,2085.2943836736713,382.6080562568081
9.593,2223.4269221497298,2100.799333766035,441.78005803732225
9.616,2223.007726471785,2101.503934733593,442.15598584434457
9.616,2238.0547786619886,2102.36621189445,446.8672444822552
9.635,2237.5598218208006,2101.9807590865794,447.4759418386148
9.635,2219.337346223502,2103.99663801439,433.2274765303588
9.656,2218.75161193415,2102.4317132999104,433.9952661601227
9.656,2224.5970744468077,2095.1905756203437,449.8570410057909
9.677,2223.915265647485,2092.51278903888,450.6967047058454
9.678,2221.515531526715,2117.561946050867,427.9665650156019
9.697,2220.7478264450756,2113.990226190865,428.78896415349203
9.697,2229.887202159371,2102.25139729826,508.2632190357343
9.719,2229.0626836630317,2098.1304122574643,508.988466523489
9.719,2206.9680635370755,2108.623656625634,498.9555364200832
9.74,2206.1348337739455,2104.376911147398,499.52232727448666
9.74,2217.372332824006,2099.1390019757055,436.5121110252311
9.74,2216.593861415114,2095.207163328509,436.8841087486344
9.74,2200.641444070989,2079.0259760917656,432.44527183948236
9.781,2199.9893454351572,2075.7983451961854,432.61386729401136
9.781,2206.8053279972087,2058.7585755364635,430.4571264906161
9.781,2206.349416558314,2056.50698809825,430.4403779516521
9.781,2212.9384959771487,2065.516756309339,446.1703587274805
9.801,2212.7355174567165,2064.3413447397525,446.00842229352367
9.801,2219.0516482346748,2059.7932841831516,461.85743564630934
9.822,2219.134434671093,2059.5883893509617,461.6052408364552
9.822,2207.4410738113834,2060.4572234933344,454.58368848918815
9.843,2207.809952224162,2060.9034248754087,454.30194993349517
9.843,2218.7747841193836,2008.1983375296347,455.61876419639475
9.865,2219.3928574020074,2008.7833444457847,455.36460715988983
9.865,2229.098725548561,2030.2569589565041,463.9254364627213
9.885,2229.8921588293556,2030.3243788805612,463.7439314551216
9.885,2223.837355457588,2037.0415467695154,464.92010435806384
9.907,2224.7011056827587,2035.8628032354486,464.8378557396529
9.908,2222.8062045621928,2044.1906002874225,485.7133177997559
9.908,2223.6148248004597,2041.0520123398423,485.73495544482665
9.908,2198.9103392862894,2027.6891640336416,442.932346693184
9.926,2199.5326925990817,2021.9838695941296,443.04036844105485
9.926,2213.6420450563855,2037.4813505023787,447.07104635162887
9.949,2213.9580990037152,2028.794692390888,447.2290046113851
9.949,2213.832137817659,2071.359529890341,412.6681720652408
9.972,2213.7495870245925,2059.5369000334426,412.82674877813093
9.972,2229.6879209335857,2035.3693194578823,456.4647877662449
9.991,2229.156275938463,2020.5572615815272,456.56991478453364
9.991,2225.7463937035586,1999.1889681329062,472.145297060525
10.012,2224.7664086939585,1981.8433709207566,472.1472023684121
10.012,2216.5725043232223,1967.8832533635396,445.1120136429705
10.034,2215.199372705328,1948.742358670534,444.9739421052619
10.034,2217.7745149663097,1864.201494777516,443.1050914301123
10.056,2216.114069562175,1844.2257142084375,442.81047815417344
10.056,2210.5692947346056,1795.4208700785512,479.6624184356671
10.077,2208.7673988749566,1775.7055070082345,479.21947967444817
10.077,2204.3233449384124,1781.31629893496,454.7101064308138
10.097,2202.549617976785,1762.9866852857872,454.1531341837048
10.097,2195.905240478881,1744.7842050327047,441.19674824016045
10.099,2194.3330878524175,1728.8850402005392,440.5838107890592
10.099,2199.91324375571,1713.0045487285715,453.704607860203
10.118,2198.6987349901333,1700.396072065331,453.1118182109724
10.118,2208.0251441466685,1706.949046640354,451.5780337767015
10.139,2207.2875136204907,1698.2219679009002,451.09099466892684
10.139,2186.9118386045616,1714.2681527709035,454.6198077069596
10.16,2186.7182326599122,1709.6870889989295,454.3232201256748
10.16,2199.1411612534807,1708.035565929151,449.28461528645835
10.18,2199.4977350627696,1707.5173593155857,449.2512998266166
10.18,2205.1371889904103,1705.098472264059,438.70922408351277
10.201,2205.987834456366,1708.22761612074,438.9899173061101
10.201,2209.0982425345146,1718.1137410404592,446.88079486384885
10.222,2210.3312157078653,1724.1927428940182,447.4960299327051
10.223,2210.0050757184977,1719.052080587672,448.80131727343434
10.243,2211.466728760706,1727.180495013567,449.73648346410357
10.243,2191.1949318554875,1737.1633132077766,466.3773055780637
10.243,2192.7087892392738,1746.3358926640647,467.5816280088194
10.244,2200.6168638187382,1771.4179098050047,433.96101368021215
10.263,2202.0055514560877,1780.6302513564856,435.3507430609589
10.263,2227.839992926691,1763.4080547250937,465.1771479060143
10.288,2228.9471361954406,1771.7575065013561,466.64275279413806
10.288,2200.927721512599,1794.3490598538208,444.3395410544594
10.307,2201.6369303000365,1801.119546221969,445.7562108400833
10.307,2206.3654363947003,1801.5854273080954,450.66594408198455
10.328,2206.613893181055,1806.307114932984,451.9062978297223
10.328,2215.9813482208406,1799.573402417683,484.1525639635791
10.349,2215.766253795217,1802.0514466526745,485.10016888270536
10.35,2220.3648035024644,1809.0209838699384,475.99722965823565
10.37,2219.741910857649,1809.3315231519591,476.55940026859054
10.37,2229.912492329396,1805.8310234109522,492.89109617234044
10.391,2228.987035900772,1804.2866164056516,493.00948986126264
10.391,2199.786216750092,1795.1178152755856,460.81077036609
10.414,2198.697570854711,1792.208128607877,460.46851496252395
10.414,2195.6409366039993,1778.9050927205308,457.90667608816966
10.415,2194.543170760731,1775.221399881121,457.1311374985535
10.415,2213.307948928944,1772.8071681087106,451.84584868342364
10.434,2212.348973780353,1768.9607897277176,450.70663032232153
10.434,2207.978917619079,1792.4781409058558,459.28618679241123
10.454,2207.2810627788936,1789.0231831925148,457.88849247733793
10.454,2216.1532414281733,1783.7720674462157,462.49456146416475
10.475,2215.7978591539663,1781.1417192156093,460.9685871101242
10.475,2188.867263017971,1785.3321516149404,458.3364974737656
10.496,2188.885348579876,1783.7955732611824,456.82398159943267
10.496,2206.404555431458,1779.529852479995,452.0232584034807
10.516,2206.7745057277866,1779.173666677423,450.6626616629816
10.516,2206.2519756415136,1793.55522732684,459.1965189001957
10.537,2206.904597951536,1794.2902284950992,458.10847702188715
10.537,2193.6408932900695,1780.5829511738334,454.85491378737686
10.56,2194.470770236372,1782.1733494404295,454.12959393165414
10.56,2219.6563282029665,1775.065638386319,445.2712239864037
10.58,2220.537784595793,1777.1753750645262,444.9590111197521
10.58,2208.2137251002487,1781.2019056409656,427.3405912283287
10.58,2209.0190460920608,1783.4506658512005,427.4471604849988
10.581,2209.337675715685,1787.5267913294338,453.2006736906984
10.601,2209.9549728167867,1789.547510155592,453.6870087133272
10.601,2205.295268954549,1786.7177280999092,462.41885651246326
10.621,2205.6435098694083,1788.207700011601,463.20620955430417
10.621,2206.489896089247,1788.1079091880727,453.96944281149723
10.643,2206.529081302778,1788.8669697580458,454.94866569110394
10.643,2222.2798133144615,1784.3409496742368,456.00514687435435
10.663,2222.0150229729666,1784.2923691823632,457.0493192961055
10.663,2216.1625107837995,1776.395544138227,458.10647994818515
10.683,2215.6414480713693,1775.5879190188036,459.08538272776747
10.683,2207.9231996400486,1781.9331474222065,447.7619416522219
10.706,2207.227789027824,1780.5243114115306,448.556712206604
10.706,2203.803216580271,1787.3600022219493,435.3837624597004
10.726,2203.0366431051098,1785.5864227029633,435.90005389720784
10.726,2206.924581454396,1781.1860913954674,463.6899312393639
10.747,2206.1957646246765,1779.3230432406895,463.86807686406274
10.747,2217.290423751011,1784.254116915862,471.16486368730864
10.748,2216.698225219501,1782.57291166878,470.98590462502796
10.748,2195.3037544415506,1773.6506749167818,471.337330634222
10.769,2194.9231861311605,1772.3792705441176,470.82425349273313
10.769,2206.645400343002,1800.4823154947637,454.80673324651417
10.789,2206.517742868317,1799.7747803813459,454.02082911241314
10.789,2187.7540442545505,1773.071159952016,455.95258797998565
10.81,2187.882164463444,1772.9898786262945,454.98541644428747
10.81,2213.694456190882,1781.1029708204073,452.87558928641204
10.831,2214.043824433122,1781.6154193289499,451.8375434371877
10.832,2215.6914492001183,1776.6761113136895,449.7404983995058
10.853,2216.196520247045,1777.6658144029334,448.7473579682907
10.853,2200.010544306954,1781.7129318951902,448.63445468071865
10.875,2200.58540332691,1783.0021679324914,447.7935385871347
10.875,2212.518244530297,1785.809941106527,444.3550548206877
10.895,2213.0698396685625,1787.1901713011262,443.75261528720307
10.895,2209.436295978858,1777.5047670327938,433.7898594986048
10.915,2209.8782607436906,1778.7698421778232,433.48119513160117
10.915,2205.348743405943,1781.7994979984587,456.5642757727221
10.915,2205.6137936235104,1782.776542599235,456.56770156889866
10.916,2209.6230299631334,1780.9488030158482,455.37116077758304
10.936,2209.6721949263692,1781.5222810762625,455.6665009248939
10.936,2205.566080299745,1773.8757524962027,442.73646245667254
10.956,2205.3935464809483,1774.0014592494147,443.2681848187588
10.956,2205.6686377578267,1780.3467648468934,446.8174350941031
10.977,2205.3016623297713,1780.0541542107765,447.5019907860688
10.977,2214.084906712697,1776.3548696328555,466.5819646523775
10.998,2213.5789923834086,1775.7379540295303,467.3183990009019
10.999,2204.7463350064763,1790.0163759828208,446.7922104606503
11.018,2204.1765376906205,1789.2151459623083,447.47473208077326
11.018,2215.170037550332,1789.0060542115764,451.0259751479914
11.04,2214.6198060641773,1788.1817105615498,451.5569522199677
11.04,2201.5797165031063,1791.04250997434,454.2594047901601
11.06,2201.1289664204473,1790.3505948368143,454.5612261445379
11.06,2205.673364528363,1781.5459398106582,453.35188860230073
11.082,2205.387529956762,1781.1115987551177,453.37628334610775
11.082,2194.107997621052,1804.315702044784,448.2863637705974
11.082,2194.029588438908,1804.2148091490458,448.0200956034596
11.082,2201.293042628371,1775.9969157124572,454.67899677717423
11.103,2201.4368024717605,1776.2457477574037,454.1452967076965
11.103,2212.650715443715,1784.1733802528468,453.7509976305677
11.123,2213.0029000784093,1784.728111609328,453.00661582916376
11.124,2205.2636583072353,1776.7573092844566,445.48798425530794
11.146,2205.7853264966243,1777.5230425717082,444.6162650665202
11.146,2209.368853901921,1780.8681117545248,448.64166977552935
11.167,2210.0024794862925,1781.7157011958666,447.74252056271933
11.167,2202.041784139976,1778.795836827034,451.74287782578944
11.188,2202.720044572188,1779.5836190469226,450.9208573988692
11.188,2210.3835501765416,1791.3840220425907,451.6670488243199
11.21,2211.0388861220094,1791.9809058564467,451.01900427183824
11.21,2217.7140443191943,1791.519507220991,439.0417153186758
11.233,2218.2875483379544,1791.8257753621463,438.645425822654
11.233,2209.433971776045,1782.307312943177,458.6988835421411
11.253,2209.8823473877264,1782.2699522606072,458.6040262017271
11.253,2203.2528755135313,1784.5666928598616,439.7785850854381
11.254,2203.5525733936174,1784.1870078596994,440.00104174889736
11.254,2209.583338356886,1786.8050538633622,430.2444239800509
11.275,2209.731459736693,1786.1375746665783,430.7645382282645
11.275,2229.4579896402565,1778.575845651678,448.8749358702382
11.296,2229.470068170337,1777.7189147929598,449.63985693711805
11.296,2199.288977508496,1780.7088653820942,457.119546851679
11.318,2199.194227116561,1779.788565387745,458.0493198797299
11.318,2211.8364734861293,1787.9861455413456,446.6501551174467
11.338,2211.6714485748325,1787.136218174185,447.64679123896684
11.338,2213.9420771701725,1783.7349690678955,447.6984343521872
11.36,2213.7438815691103,1783.0759337170764,448.65686842432535
11.36,2207.692486994231,1788.8151258920861,454.00977286000415
11.382,2207.492666732733,1788.4358544938527,454.82942666216474
11.382,2214.9805877509566,1787.6132945324416,445.7740666092727
11.401,2214.8006585452163,1787.5578483273657,446.3696991443399
11.401,2202.4587835470193,1774.943114089663,464.67213097550473
11.422,2202.308014387742,1775.204774526307,464.9827746225948
11.422,2213.9098508316483,1778.971813643748,452.32055144140656
11.422,2213.785509726331,1779.495089148836,452.3155844483109
11.422,2218.069982201729,1784.0861304214948,453.52184219494677
11.443,2217.9598202970506,1784.7762749171754,453.2036005576673
11.443,2210.7732606650948,1774.6656909136518,471.3865889567677
11.463,2210.6596379717294,1775.404121637464,470.7893297194305
11.463,2213.9088486575674,1783.0267493483382,453.78531410654875
11.484,2213.773648208037,1783.6898743677882,452.9707582408546
11.484,2219.1367579687003,1792.4876939709293,439.271965588179
11.504,2218.9661343069597,1792.966182325302,438.3220237227053
11.504,2209.776573476281,1785.3157556880699,450.77041510961715
11.524,2209.564648004898,1785.5312701972064,449.77799207561213
11.524,2195.2041455788485,1777.1251678473352,447.6292266704387
11.547,2194.9549794687177,1777.0420249613073,446.6881810242724
11.547,2202.5142033341463,1779.3576114281075,448.61304091642927
11.568,2202.241707554149,1778.9876571324185,447.80842750848404
11.568,2209.8142019198212,1785.7360203953451,450.6026385947112
11.588,2209.540024945062,1785.1360827572435,450.0022855582716
11.588,2204.593995283881,1785.8180704559477,440.059233698333
11.589,2204.3437960066117,1785.0804994975701,439.707514338386
11.589,2205.6146932119527,1781.6759050631167,445.1381322213981
11.61,2205.4134967540485,1780.9137621668613,445.05251391331956
11.61,2193.074708549464,1779.5595639123603,437.7110382424825
11.63,2192.9422071083577,1778.8888171991189,437.8816599180138
11.631,2213.8817402546283,1787.8128485046598,450.1021405780065
11.651,2213.8284126449807,1787.3343510639838,450.4943270836385
11.652,2211.7571937449798,1780.3918796377586,446.88389368909793
11.693,2211.781974870857,1780.1758967223366,447.4431980351923
11.693,2220.0606918688636,1778.162297211128,438.48667840920433
11.693,2220.1506520059347,1778.2379158412698,439.14578550831897
11.693,2209.613222804546,1782.1889848264545,455.1406815322706
11.715,2209.745363080336,1782.5399580316728,455.82733480567913
11.715,2204.391447722723,1777.9017793554137,439.51883712326793
11.734,2204.5363432142735,1778.4693525524197,440.16387690383016
11.734,2205.439093002908,1779.9110065065793,442.68948558681393
11.754,2205.5657827955456,1780.6032020451773,443.23411839604137
11.754,2206.5011279451924,1777.8051665112869,458.3913708329843
11.754,2206.582419643192,1778.5110282953415,458.79291287497034
11.754,2198.1931038564735,1787.2219514204214,461.59972250490574
11.775,2198.2103691082393,1787.8285210586123,461.83526093242625
11.775,2206.566835777858,1784.1829564169682,451.2617239467428
11.796,2206.513440593459,1784.592372248364,451.32939033745265
11.796,2210.7696525420934,1781.1824974623757,450.29773559753755
11.817,2210.6523822716167,1781.326629571341,450.2155583886494
11.818,2204.5412326591672,1783.4131027142773,437.8529417147732
11.84,2204.3794020636783,1783.2635502924293,437.6555082094152
11.84,2209.7646548278244,1789.8107262595684,454.5705744480417
11.86,2209.586984665458,1789.3827387618383,454.3039610661304
11.86,2204.5486691078536,1787.8465366627104,470.2204660992528
11.882,2204.3883971538353,1787.1963599648711,469.9360656032184
11.882,2201.4007924728294,1773.333775449657,439.9835253986147
11.903,2201.2898037129416,1772.5499225982526,439.7314967686611
11.903,2202.4085436471837,1778.57241411905,444.1198305850799
11.922,2202.371496851746,1777.7622650689857,443.94291409975796
11.922,2208.6197604395625,1783.7552493279957,452.4084101564893
11.922,2208.6692214214945,1783.029060158382,452.3367884642204
11.923,2208.5764548709453,1781.5908873634226,449.2224897985046
11.942,2208.709911145977,1781.045638987368,449.27024450852906
11.943,2209.582625607228,1766.8799069405745,447.0784433689262
11.963,2209.7819712410947,1766.5853998360828,447.2419715742649
11.963,2203.3070259689516,1782.374136583699,454.3234474001887
11.975,2203.5407125596003,1782.3633526077822,454.58198387199457
11.975,2213.7276892029627,1777.021182685684,443.86544887861714
11.997,2213.955301116981,1777.2862533092598,444.1836103180595
11.997,2211.662348003773,1782.1100728366162,453.2330436355274
12.016,2211.8409478169233,1782.6043244849343,453.5650945841658
12.016,2206.49028959067,1780.980844233805,450.1181016064678
12.036,2206.581561274749,1781.6264712847587,450.41345888605423
12.036,2207.5872856797764,1786.1523568943883,458.49365845563324
12.057,2207.5643329285454,1786.8524417060491,458.703020159862
12.057,2202.4378999799333,1775.7405114972732,454.38386824125666
12.077,2202.2905670146524,1776.3934925338049,454.4652869626762
12.077,2208.7515922320244,1784.1379398541337,450.2905787109811
12.078,2208.4893680790296,1784.6523124340008,450.21480320650505
12.078,2201.503181499042,1784.2348373191905,452.45963429727703
12.1,2201.1551003035056,1784.5418977157155,452.2141187015008
12.1,2208.826017356764,1774.9738526704841,448.3741280302269
12.118,2208.4374251166655,1775.0366531003754,447.9652457402636
12.118,2202.5719519497075,1783.4370821767357,461.99730965002
12.139,2202.198504241638,1783.2543892852898,461.4504966496697
12.139,2204.627031034735,1776.253285998979,444.33216816241634
12.159,2204.326739469447,1775.8581268694456,443.68993929643744
12.159,2200.401160092942,1784.6764747564828,434.97892764355555
12.18,2200.225644565236,1784.1296871711734,434.2969372484875
12.18,2201.3660003220953,1780.5543248703948,457.90590404632667
12.202,2201.352272932049,1779.9342739973863,457.2474360439275
12.202,2203.3622122811125,1780.5594674440738,449.5313964975747
12.223,2203.5262858160704,1779.9496371292962,448.96084604702844
12.223,2217.867121669438,1787.821020898974,441.126420683612
12.243,2218.2005002803203,1787.297455386237,440.70245036580957
12.243,2206.3281104666676,1778.3740281886571,444.1616090203358
12.244,2206.797813705696,1777.9945551781464,443.9307130935987
12.244,2204.1944526021935,1770.9920313256193,437.7991382692372
12.265,2204.7467047017008,1770.7888547020643,437.7903214903354
12.265,2211.4741180027686,1782.3660700628118,441.85292913723913
12.284,2212.0412793698965,1782.3427410364552,442.0741026615646
12.285,2211.4938704052543,1783.3257418878432,449.0381205829679
12.305,2212.0036822231805,1783.4587968022854,449.4746454999276
12.305,2205.2944806093356,1777.0094874327242,454.1542997576867
12.325,2205.6803149503476,1777.2542950450338,454.76988554328557
12.325,2207.4615823873155,1778.0168700528036,443.6613262001254
12.346,2207.6722002423617,1778.3165780532124,444.4012396867602
12.346,2202.3498838074083,1773.8425001646228,455.0893666609815
12.368,2202.357235238384,1774.1385105759284,455.8856539440477
12.368,2211.834117214524,1776.9909274724255,442.5813873054814
12.389,2211.6379715972994,1777.233131625555,443.3595844042757
12.389,2208.8000556602015,1779.1162130307268,449.91444429329607
12.41,2208.428692105862,1779.2713050113448,450.6010784706989
12.411,2214.0804864135234,1779.1655152630376,456.23920146256216
12.411,2213.58724212636,1779.2220583809033,456.7692849485779
12.411,2199.5232767383645,1778.1695412035542,443.82973382769495
12.433,2198.9793613530323,1778.1390236628765,444.15343864878054
12.433,2205.7727952387518,1779.2446289732886,462.70681341253163
12.454,2205.2573412689007,1779.1584195287458,462.79459388207715
12.454,2206.7718033906285,1776.1293176412228,440.9403331355606
12.476,2206.3605517621986,1776.0321101899956,440.7859246799901
12.476,2205.65312237234,1781.327792952673,457.7330836813046
12.495,2205.4073712249456,1781.2687023131211,457.3540364040184
12.495,2211.8082862131164,1780.2493032059926,459.9164605341478
12.537,2211.7657232781576,1780.2721523728828,459.3521381906706
12.537,2208.574764525731,1783.3229307275617,451.650247623874
12.537,2208.7435559063288,1783.457394302515,450.957506734996
12.537,2205.3489492397766,1774.923880709411,443.3509183720258
12.558,2205.706003536172,1775.1790024495547,442.59794510015377
12.558,2204.2303088505764,1788.4174313720782,460.03070820659394
12.578,2204.7240396765123,1788.778641498154,459.2897011717302
12.578,2212.526820808108,1775.8694505554863,446.44859873183026
12.578,2213.084079088522,1776.2996349201458,445.78811854484877
12.578,2207.3150090242984,1788.3622496935604,445.34344159380555
12.601,2207.85124453631,1788.8067606505238,444.82128579887177
12.601,2204.230632294535,1778.9981806454305,441.08840627919193
12.622,2204.6618622753986,1779.393034425218,440.74580602376415
12.622,2201.1842167143673,1784.258677376309,442.0317573248729
12.644,2201.4391001410363,1784.5406575806323,441.8895358900068
12.644,2216.926757354982,1785.3780082364494,448.18440705761543
12.664,2216.957039538019,1785.495072911811,448.24150838059705
12.664,2208.7094337945114,1782.3470489800432,449.13406438219977
12.684,2208.4972442129474,1782.2673704846598,449.36857938471627
12.684,2200.488508103437,1788.7030418622955,444.8900282770888
12.706,2200.049434824628,1788.4212051517998,445.2625519029293
12.706,2204.7551653049613,1780.4587478706833,436.50147341296366
12.727,2204.1366289276475,1779.9980630816935,436.9603516112842
12.727,2212.1148337707964,1772.1924905127194,437.52204058969517
12.747,2211.389955957821,1771.6029724669377,438.00984751939586
12.747,2213.177456575453,1784.738984231095,456.29041759268836
12.747,2212.4352652799275,1784.09122151526,456.7508659308851
12.747,2210.0241342787335,1776.399309834068,454.2384423023587
12.768,2209.357475471692,1775.7750850219468,454.62289051369896
12.768,2209.95384588326,1780.5256346701872,453.2484901185748
12.788,2209.4467029949965,1780.0066657103657,453.52127441002796
12.788,2199.4255725560884,1779.4032486858582,444.97421470929714
12.81,2199.1415816059475,1779.059720633427,445.1161917606489
12.81,2194.087467564792,1778.2533112635253,443.99889657550096
12.829,2194.0612454769994,1778.1339111468483,444.0088156846709
12.829,2200.20986547009,1773.962519444775,456.56758893628347
12.852,2200.4423663355515,1774.087468516072,456.4611892741876
12.852,2198.006189866905,1780.0963786087339,452.446107204378
12.871,2198.46472774527,1780.4545093742097,452.25312218128437
12.871,2218.760779463523,1779.9934780372123,452.475114736117
12.892,2219.3836906971437,1780.5437971855154,452.2346247330736
12.892,2199.94710277172,1778.8782873365715,449.3559262823335
12.913,2200.652362409391,1779.555793116179,449.1107005165528
12.913,2198.897695128163,1783.0133211739364,444.1312295176891
12.913,2199.594246131466,1783.7382078239464,443.92181275030737
12.913,2203.104813813682,1777.809637903479,439.9311207666358
12.934,2203.7049939766976,1778.4985172321722,439.79043712143215
12.934,2213.6045391915636,1788.2798394394936,450.3109781936965
12.955,2214.0358518063076,1788.8573164509785,450.2601415173833
12.955,2212.666438039949,1792.527650128169,449.22025578161004
12.977,2212.8810263231408,1792.936549149549,449.2661055770953
12.977,2211.741020677478,1784.2871651802484,439.79329019440723
13.021,2211.7215538629994,1784.4959197761884,439.92793727493944
13.021,2205.6006643739925,1778.1361954492934,456.43287258729606
13.021,2205.361872266924,1778.1423547442246,456.6352704620654
13.021,2204.6531761032497,1787.610122546353,448.07172653445616
13.041,2204.2389000271305,1787.4395199191445,448.3110183856739
13.041,2206.8017844853903,1774.1313381431619,455.3627689711672
13.064,2206.2780531401345,1773.8331241672668,455.6029305240548
13.064,2218.2927547428008,1779.383124542761,448.0799139674283
13.084,2217.737950480732,1779.021484288195,448.28504902859964
13.084,2208.897417617858,1771.0504620805445,454.36320145794383
13.085,2208.3909924253444,1770.6943238731826,454.50276987064547
13.085,2207.8038726224427,1782.4886304105826,439.8123121229821
13.106,2207.4152490379324,1782.2009561527639,439.86558826194687
13.106,2191.047905193695,1812.662010375077,448.19766899172504
13.126,2190.8271335827703,1812.4902956913106,448.15683899904
13.126,2203.46068895269,1783.4086296776204,452.4124002174721
13.147,2203.432142582658,1783.3780323722085,452.2838923105427
13.147,2209.6180438902365,1780.2097163392127,459.74559046782764
13.168,2209.7779636784976,1780.3198087553342,459.5494694379631
13.168,2206.4067733832962,1780.147417147509,445.17603922835076
13.189,2206.7248972342823,1780.3729890229395,444.9435520369506
13.19,2200.0921246852786,1779.0633949049113,445.1800657436088
13.208,2200.517038721861,1779.3591068788526,444.94966624925405
13.208,2205.2739346094218,1794.6840653543536,443.0790952475469
13.23,2205.7412535458507,1794.99216587586,442.8914713504226
13.23,2209.447481465174,1784.2778200715272,449.29701066816574
13.251,2209.8895794035016,1784.5376795457503,449.1897618422936
13.251,2208.441452939348,1784.3228608553927,451.3296741020549
13.252,2208.797277709792,1784.480815224366,451.33232635181844
13.252,2207.4607525898646,1781.262442142247,442.92890965260403
13.273,2207.6842896765534,1781.2804115156976,443.05890477547626
13.273,2205.4531455477113,1770.9170954223632,450.1593129396524
13.294,2205.5193415644394,1770.7786531604775,450.4194776966999
13.294,2211.787648912282,1779.3322762456503,460.52098801183575
13.316,2211.6950181952657,1779.045255062701,460.89879489373874
13.316,2209.7758254879136,1786.6923785477761,455.25990255368725
13.337,2209.545480854868,1786.2876472204478,455.7286035256963
13.337,2209.8307925422355,1784.6490933769696,448.97439107339136
13.357,2209.502182685336,1784.1757348054798,449.4958693705286
13.357,2211.9458111641766,1780.4921437653115,445.8378266247793
13.377,2211.5699306965485,1780.0098199602219,446.36679979817
13.377,2195.272146457593,1784.642657506766,441.6827353657064
13.399,2194.9033390145178,1784.2123745622048,442.1717818868718
13.4,2210.8839783713534,1784.5959327693367,438.5928125030403
13.418,2210.57162813141,1784.270654517561,438.9976035722848
13.418,2205.6292911401474,1784.5283542138122,466.791355746591
13.419,2205.410671680118,1784.3449227117515,467.07546319028694
13.419,2210.785160185506,1783.4079545432721,461.65030795873514
13.439,2210.6804907525184,1783.3815596601964,461.78902732773605
13.439,2190.9228830255342,1777.0773948445942,461.7278981684247
13.461,2190.933269197926,1777.1994295290626,461.7106623141352
13.461,2206.5052098366864,1778.0558191665527,455.551365637208
13.481,2206.61367894959,1778.2954258745024,455.38250870455033
13.481,2209.594092485609,1783.225777852617,458.74800149377194
13.5,2209.7694479081047,1783.534818208752,458.44584140770337
13.5,2210.6174992748947,1781.1278844096385,451.5079434347206
13.522,2210.8202868968165,1781.4485372631464,451.102355400864
13.523,2206.450034577478,1775.9328284782368,455.7150007454484
13.542,2206.6396048584024,1776.206621915986,455.2438293272483
13.542,2210.639521245093,1779.1027822725528,445.3092729728351
13.562,2210.7810261485056,1779.2796533263866,444.8140549816514
13.562,2197.12326890004,1779.16522387102,442.1788854553596
13.585,2197.193473723044,1779.2112065926904,441.7004165131289
13.585,2207.585913629373,1781.321481557472,449.45267481712074
13.585,2207.5769189500006,1781.2238468667242,449.0269441119373
13.585,2200.3272121824916,1786.602331091605,448.37292913122553
13.603,2200.2475338261684,1786.3714041711983,448.02787372538864
13.603,2210.7776188331086,1781.4467887493936,452.4944407484801
13.624,2210.6505061658595,1781.1141882775723,452.2478450944001
13.624,2207.662186627093,1781.4804175130294,449.31506704980393
13.644,2207.521502468043,1781.0940148831837,449.17377359658195
13.644,2205.5699291929973,1779.4016993120406,450.3054611583377
13.664,2205.454298555625,1779.0180996409167,450.2658860946766
13.664,2206.5855385548743,1781.4633452069397,460.68177627821717
13.685,2206.531738955116,1781.1390682727476,460.73156307769693
13.686,2208.627758395568,1778.288038535995,449.17850533387474
13.706,2208.6644316924867,1778.070769928544,449.2990179442448
13.706,2204.4065323398595,1770.925381058401,441.8551915109594
13.726,2204.549232440489,1770.8466436519616,442.024463942648
13.726,2209.564117796171,1782.3160391333909,453.30456301561037
13.749,2209.8124827862935,1782.3864072350632,453.5002912701304
13.749,2200.135840259988,1778.0753795460437,435.57996704590425
13.749,2200.4733292956594,1778.2829592811875,435.78215388278545
13.749,2193.84816570844,1788.4408083068497,458.5135485666801
13.768,2194.244386764137,1788.753200475727,458.70648542350744
13.768,2216.7639302267753,1781.1095310316307,437.6763957893624
13.789,2217.1791707156362,1781.4789554430877,437.84977705851765
13.789,2224.0667056689094,1784.2286349355013,450.19587596023405
13.809,2224.4579294683303,1784.5994106792466,450.3449724054097
13.809,2201.1635089270276,1780.0797428649748,447.08132195802267
13.83,2201.4908549296897,1780.396960978927,447.20627406410057
13.83,2209.5461374785573,1775.9553092532904,452.3036899418359
13.851,2209.7788815219646,1776.1733566766698,452.408100741393
13.851,2217.93922257427,1767.6787004561409,466.9042234281444
13.871,2218.0602568422482,1767.768322912638,466.9933189584825
13.871,2208.6158430596993,1786.5088477581623,456.48695346301844
13.892,2208.6239690236325,1786.4616684414207,456.5656271846569
13.892,2210.752371692854,1784.4888199562508,451.27942449798326
13.914,2210.662055137282,1784.318624202719,451.3504851328753
13.914,2206.622759300826,1781.4118301117712,446.07169478266405
13.914,2206.461402581971,1781.152422541917,446.13459648724034
13.914,2203.5183217555955,1776.227366823574,449.20410833158303
13.935,2203.321504604903,1775.9273304438927,449.2543648259712
13.935,2208.733283815161,1783.5229647472513,452.3402120740867
13.955,2208.538747128967,1783.238121561213,452.3695936383776
13.955,2211.845951000846,1784.5368446878779,452.35466056783065
13.977,2211.6872973299046,1784.3215635464235,452.3521588199053
13.977,2208.69136327394,1784.48449304479,450.2905728718508
13.998,2208.5924919934905,1784.3831613066159,450.244008006688
13.998,2215.9527751056844,1780.2467908617186,440.9362893428914
14.018,2215.9239528236717,1780.2867375259964,440.8343421096058
14.018,2203.4110842299433,1776.0033663091053,447.2211583233885
14.04,2203.44729060574,1776.1903017005895,447.0555458529446
14.04,2211.723451888079,1776.9772520263068,458.7198859834119
14.06,2211.8052788131777,1777.2939081452218,458.48737413053607
14.06,2206.5000648291934,1783.179377148118,452.4987285080332
14.081,2206.5970398919917,1783.5875522665172,452.20268642711045
14.081,2226.3096793109735,1787.322348562478,452.5269104621655
14.082,2226.3854966144454,1787.7680527225523,452.17816365085156
14.082,2213.8263802067,1778.9883605020502,454.6314505424894
14.103,2213.8452138727143,1779.4093015162084,454.2482700815418
14.103,2201.3587908838167,1775.8974182389384,451.5128201071253
14.124,2201.2916873696086,1776.2317284036365,451.11998829543427
14.124,2200.366635540184,1783.257495793968,452.5490905094768
14.144,2200.196958570189,1783.452427015742,452.1760942660591
14.144,2204.5884599717633,1794.8073306478852,445.2312202112167
14.164,2204.315500378476,1794.8266634952117,444.9097304088772
14.164,2208.8041974548264,1783.4367813667345,436.8553189263293
14.184,2208.4443384387737,1783.2658962565645,436.6162038334144
14.184,2213.0057041843297,1777.2761765135353,450.3535670202517
14.205,2212.5909076423627,1776.9240897405302,450.2237508965771
14.205,2192.1713602172667,1781.5254631212872,430.48717602762343
14.247,2191.7451539804592,1781.0235814789776,430.4866824202924
14.247,2211.962414776976,1777.4134893131904,435.62934971716373
14.247,2211.5739498740104,1776.8113159012762,435.76885976355805
14.248,2208.7983617232726,1782.6526954734638,462.6585346830015
14.248,2208.495412960174,1782.0111543253731,462.93774454529745
14.248,2210.8246568072823,1778.4789543460813,455.29633675712273
14.269,2210.6466119155507,1777.8623291117408,455.7033200039481
14.269,2214.920934170998,1780.528222008868,444.81745746751994
14.288,2214.8928297257958,1779.9958778737175,445.32913608015195
14.288,2200.250025214599,1777.3405081050112,446.8614477557168
14.309,2200.3785390780263,1776.939564234042,447.4451603468728
14.309,2196.0062173564006,1779.3471056295334,452.05150114629487
14.329,2196.2782399233115,1779.10705238597,452.6675412505297
14.329,2210.5374563618648,1780.3042437293075,449.9669470633524
14.35,2210.921480020048,1780.2341849961708,450.571840443036
14.35,2200.074982391242,1782.3068417782465,456.2427914702017
14.371,2200.525128546589,1782.395638586291,456.79300056938496
14.371,2209.442689496355,1772.8564931786484,447.94704388203553
14.392,2209.9047990595113,1773.0756534519526,448.40273878062357
14.392,2211.5422272362816,1765.5099721877507,458.430114167501
14.433,2211.9611332607287,1765.8187381097696,458.7586382388113
14.433,2207.4135899241846,1782.1593406791412,458.5029101293805
14.433,2207.740516504471,1782.5111277321014,458.6815967135068
14.433,2206.4317629738757,1774.859154024995,449.20196191767445
14.434,2206.6307786351563,1775.2083357640504,449.22002310845227
14.434,2209.6307599586103,1785.2985553836684,447.1977634090473
14.454,2209.6833584670935,1785.6065849752817,447.05706691779096
14.454,2209.704822514881,1779.0762623018968,454.56866496998003
14.474,2209.6119867923912,1779.3162707953825,454.283329995938
14.475,2207.6866028502027,1775.9890552255677,455.67455177785894
14.495,2207.468085108049,1776.1483393886283,455.2694175387979
14.495,2207.737026445685,1772.9027531678869,459.8916455949582
14.515,2207.4279922384376,1772.9829163364577,459.3997832491896
14.516,2210.8926311767086,1777.106955358943,452.6247925118479
14.557,2210.538203973106,1777.1218364630918,452.0843296479752
14.557,2209.854816533353,1783.3853914364886,448.4649771174436
14.557,2209.5033640495535,1783.3572520511318,447.91557270641215
14.557,2206.709194756876,1776.101134269111,449.49736372613637
14.577,2206.4053733059877,1776.0558206776411,448.97670253860116
14.577,2206.6715188968956,1780.2694938732657,448.4280494963192
14.577,2206.4501119910324,1780.231415433102,447.9687148089285
14.577,2205.5793354954453,1793.8082999666203,449.4297527888604
14.598,2205.460786242101,1793.796051540287,449.05678580041183
14.598,2210.7368786565526,1779.1989110257507,452.50688125002023
14.619,2210.725144303592,1779.2222229807994,452.2362508032572
14.619,2205.47558854272,1788.5613551350584,450.36812668543615
14.639,2205.55858231965,1788.6198068652811,450.2062236012008
14.639,2206.47933711006,1780.2085997535976,451.35654509790794
14.66,2206.631823437692,1780.2922247546344,451.30069468562453
14.661,2196.0338783623633,1780.202140686619,434.63019213046937
14.681,2196.2223137293654,1780.2937341385596,434.6700607815734
14.681,2211.663951915791,1769.7829227172592,432.50344605925164
14.703,2211.852472077255,1769.861587454897,432.6231175604691
14.703,2210.634081699685,1778.1356480712657,450.1896892080726
14.723,2210.790670186864,1778.1809247685428,450.37011579907914
14.723,2208.5747431261602,1781.2856693402034,455.37824404976135
14.743,2208.6766006399835,1781.2815199099564,455.59974493832954
14.743,2207.564401026961,1775.0603194884604,447.02626336805326
14.743,2207.6016712497735,1774.9982783730136,447.27075324570166
14.743,2207.5958679944056,1775.089539384825,445.97827098982145
14.764,2207.5731406743557,1774.9705048867959,446.2309515123785
14.764,2201.3660251470446,1782.41078637358,462.6552086512233
14.784,2201.3013903381657,1782.2451649481739,462.905540024554
14.784,2202.4191073556435,1782.4275775581302,450.1513367506404
14.804,2202.3409206477913,1782.2337767298268,450.39321317476407
14.804,2208.667176816452,1784.5176246428377,450.1566093428605
14.826,2208.609054789091,1784.319167688425,450.38777674678556
14.826,2205.517621616963,1783.4682508341023,443.90812043232654
14.847,2205.512464542817,1783.2900131941892,444.1289821283919
14.847,2209.6498847904713,1771.98419332384,440.78581806048
14.869,2209.723877527724,1771.848400603202,440.99785901710624
14.869,2216.9001161582323,1784.4640635188564,454.3396935071762
14.889,2217.06766507978,1784.3867224841572,454.54380515503726
14.889,2206.4295833192496,1783.3892119869563,448.09012627063777
14.909,2206.6900064589,1783.3775657891044,448.2851239653445
14.909,2214.7268599591985,1782.3144336594112,458.5190734620316
14.909,2215.063381228496,1782.3658555186244,458.70066640941866
14.909,2217.8266877395827,1774.990775408261,455.40158194864375
14.931,2218.2079350265485,1775.0932717195499,455.5619849783573
14.931,2201.142861703536,1777.0567469214975,450.20461482825874
14.951,2201.526686529566,1777.1909720935653,450.33289271509176
14.951,2201.159246949112,1767.668887639118,459.6061902623051
14.971,2201.4983282185467,1767.8113235094777,459.6893122980502
14.971,2207.4529888442053,1777.0545676911897,450.2531759189054
15.01,2207.7014087889556,1777.1813309236961,450.2776472962936
15.01,2213.7670790672146,1784.3665210978902,446.11796926035515
15.01,2213.8869070074165,1784.4571631355464,446.0718126581853
15.01,2205.5031229818474,1778.1364832240042,446.15673702727054
15.028,2205.4700346125405,1778.1771545560798,446.0315363419038
15.028,2210.794843287198,1782.3332103255411,453.4938971404728
15.049,2210.601940575864,1782.3186719378243,453.2865949884123
15.049,2218.1675238171497,1778.1906995636102,462.91475289006365
15.07,2217.826782128615,1778.1248603698616,462.62891791650696
15.07,2208.8506012486137,1783.4237613959642,449.40054645419673
15.071,2208.39171638738,1783.3186683433405,449.04689282703
15.071,2220.35922493423,1779.2677469776154,455.6820748644117
15.091,2219.8260114222953,1779.1412132317653,455.2781157114257
15.091,2208.911726075389,1780.313178849704,457.7834451003154
15.112,2208.356572730268,1780.1854623191405,457.35228024513265
15.112,2204.732991341698,1776.1372246607684,443.19496017915685
15.133,2204.21015870763,1776.0273268663452,442.7633195478635
15.133,2197.4017042291357,1785.5032436578924,440.05780849137835
15.153,2196.960410135534,1785.4254618095272,439.65357860706405
15.153,2211.937975351537,1777.1456404558423,445.24551955928325
15.198,2211.616237117613,1777.1069633908412,444.8950561605784
15.198,2204.572644202164,1768.7877514737463,437.9138434470963
15.198,2204.3927270546965,1768.786549867067,437.6394072225942
15.198,2204.499013616984,1772.9414999737087,450.3769574232576
15.217,2204.465094000085,1772.9677459804425,450.19459682791614
15.217,2206.5147254111794,1781.2721241065453,446.15805076892724
15.237,2206.6130521293526,1781.3091205896974,446.076197337091
15.237,2204.3741147999376,1792.7396068476132,452.3609836117515
15.237,2204.5755894717213,1792.7669533013602,452.37992920347244
15.237,2203.294738326829,1782.3292315804485,449.1860312805502
15.28,2203.559493085985,1782.3265441994058,449.2983369210475
15.28,2209.5336245660233,1777.1393227317449,458.5249300788964
15.281,2209.816899429852,1777.0900942094447,458.71668968123043
15.281,2201.2025465704287,1767.7859300989269,442.85742627575223
15.3,2201.4610005360823,1767.680882500341,443.11019385060104
15.3,2205.3983387946314,1771.9835990255926,436.5808304595635
15.345,2205.595890046837,1771.822956207444,436.87393306079036
15.345,2205.438757275214,1784.5156818755408,445.9491556456543
15.345,2205.5511417481825,1784.3099551376797,446.262068804172
15.345,2209.6551552889564,1778.2774619678687,448.03090866329524
15.363,2209.6726023594283,1778.046577408037,448.345372930131
15.363,2202.4054664352725,1780.3648560877282,444.9089207291258
15.383,2202.3331820686226,1780.135717041574,445.2105266434244
15.383,2209.7402074027514,1777.2257915682167,452.2153904348895
15.403,2209.5966835459203,1777.028622138249,452.49444720012724
15.403,2213.9348664768886,1762.6064153714287,449.1018815495386
15.404,2213.7483513800835,1762.4704308258315,449.35349846113036
15.404,2206.6479081714274,1778.2008818122683,453.2852968092334
15.423,2206.4516292040644,1778.1499463587,453.5087286216593
15.423,2211.851717795689,1782.3213176709708,451.2140984373596
15.445,2211.6786097592967,1782.3702610801977,451.41151767454085
15.445,2203.4908564401667,1777.0578531018552,460.60649899261506
15.465,2203.3685931452465,1777.2100226712002,460.78144252048196
15.465,2208.6693181430055,1774.924246735599,444.9819251879014
15.487,2208.616369917701,1775.1706848030333,445.1377062035922
15.487,2205.504409845695,1776.9687051544422,454.3714100197096
15.509,2205.5276695559296,1777.2890939871245,454.50978321810436
15.509,2191.9176340439944,1788.407529431312,454.38019066931344
15.529,2192.0118993614565,1788.7727738842043,454.5005083107578
15.529,2204.395140935334,1773.8055302456712,451.2633870095574
15.548,2204.544451615594,1774.1815968480528,451.3623948425829
15.549,2212.714601353378,1781.109292678718,445.02216583237566
15.57,2212.8951517688683,1781.4617313627493,445.0944744102474
15.57,2204.370888708226,1774.8791042474513,450.2494253340517
15.57,2204.5550095033673,1775.1775759764225,450.28857234907633
15.57,2203.337180416075,1780.1265936636785,446.09917108719145
15.594,2203.497741438089,1780.3487297529189,446.09908334648117
15.594,2209.6116129260963,1773.9160996789735,457.5858047064177
15.614,2209.7261612046104,1774.0501259332925,457.5423919390611
15.614,2210.6829531140215,1776.0455332325496,469.07327985999433
15.636,2210.7369669721515,1776.091286901851,468.9858597539287
15.636,2208.6310225681127,1786.5092498684292,458.6711922669596
15.655,2208.6198220968868,1786.4774688237846,458.5434633315787
15.655,2210.746774534983,1780.287375115726,443.05398840014414
15.677,2210.6758521829556,1780.1974067348115,442.8943329122302
15.677,2207.644796246543,1781.3497534827638,448.2769536255941
15.697,2207.5285826911754,1781.2260732036143,448.09795770595747
15.697,2209.744505250268,1786.5684463690075,454.534712304114
15.718,2209.6038254220152,1786.4365546816723,454.3519182314464
15.718,2205.5786506902905,1781.35229652135,447.2342590192543
15.738,2205.4373162773077,1781.2346505583207,447.0642961713849
15.738,2208.697033120429,1781.3386614363735,448.2641743333519
15.739,2208.578133180717,1781.2512801905596,448.12252847393796
15.739,2186.7900413135553,1776.108676369206,450.32978956363354
15.758,2186.712516546795,1776.058940486459,450.22854655408116
15.758,2204.483393408364,1784.4284157016107,445.0951602929476
15.778,2204.4594116555386,1784.414383374918,445.0410859194351
15.778,2222.1737071198436,1767.737200394925,458.620966447924
15.798,2222.2072115588026,1767.7485125836101,458.61425267522617
15.798,2209.6385227559604,1780.2380408555953,451.30329094753637
15.82,2209.72512558827,1780.2582319257194,451.3372130709446
15.82,2197.108328589047,1788.5791951478216,449.2028975525833
15.842,2197.236504720513,1788.5890003150412,449.26449759464504
15.842,2207.516500144368,1776.0838649360176,446.06853281724193
15.862,2207.669832423713,1776.0649593957332,446.14029048100093
15.862,2209.5954239642024,1783.3999110631903,452.3245908791266
15.883,2209.755495405981,1783.3384520795114,452.386887383353
15.883,2217.937145139175,1775.0857939945026,473.1825356805106
15.904,2218.086587282581,1774.9751760957813,473.2165820135239
15.904,2204.3979876616377,1776.152434955084,448.1874287474055
15.904,2204.5231890937434,1775.994802807447,448.17823994174057
15.904,2196.075079397518,1790.7645537321253,434.66285538404856
15.925,2196.168132565973,1790.5708249107647,434.6018220903116
15.925,2208.5996568550313,1773.0570331032245,453.4509021055092
15.947,2208.659260146772,1772.845429787114,453.3375472745276
15.947,2211.741742144202,1770.972971301668,444.0937942350357
15.967,2211.7729534766036,1770.7663055904563,443.93640344396397
15.967,2200.287088774979,1781.3844625443799,445.15241031717795
15.987,2200.3000165878325,1781.2066246397856,444.96737670791526
15.987,2207.587524834579,1784.4886791646795,447.2426434895214
16.01,2207.5952115901737,1784.3609078358297,447.05255166981334
16.01,2216.9657300160798,1766.738345875877,462.8700559639677
16.029,2216.9816055256256,1766.6758953379833,462.70071738753694
16.029,2209.661083412818,1778.1678220539916,447.2154788964023
16.05,2209.6964222901875,1778.1775730872375,447.092296369422
16.05,2208.606095910181,1778.1320867716365,445.0994514242
16.072,2208.6678980608967,1778.2114935120433,445.04360711811995
16.072,2219.0149716343576,1776.0164764565104,454.44081985584825
16.072,2219.104601701892,1776.1540194371844,454.4658304894475
16.072,2203.367945949634,1782.247850933379,449.1869534010213
16.092,2203.480732686034,1782.4249178541563,449.29610836489604
16.092,2201.2752678867887,1780.151887522844,457.48563058939516
16.112,2201.4011011337875,1780.3457668060898,457.6707250397189
16.113,2209.612252102848,1778.0676978096353,454.3273991449555
16.133,2209.7370510694777,1778.2551852536046,454.56900695941647
16.133,2205.4495328563453,1777.036447750015,441.8018698518402
16.155,2205.5573216167513,1777.1974642154166,442.07119291015533
16.155,2209.633182898405,1782.2668815656407,441.80088493513574
16.178,2209.708419411512,1782.387496973564,442.06299418506205
16.178,2206.527639337255,1782.2898205553788,454.325960633226
16.198,2206.5574161713967,1782.364177617035,454.54404215985085
16.198,2218.0191940462805,1772.93174588291,440.81118225417305
16.218,2217.9949651891084,1772.9625604438872,440.9512475185679
16.219,2207.624743422619,1776.0769558325776,449.19919049053686
16.239,2207.5433240966986,1776.0745098441053,449.2346272650245
16.239,2207.652792855044,1788.595576074024,455.511914674331
16.239,2207.5165109372874,1788.5753748876266,455.4272574930225
16.239,2211.846991853665,1775.047989925102,457.6581612501722
16.258,2211.663016930777,1775.027485560048,457.45154908526064
16.258,2203.528588363926,1779.2111875848796,456.6730227147399
16.28,2203.3076021239544,1779.2061352544645,456.35697644602965
16.281,2217.092355587772,1768.7760266421712,454.6341885811956
16.321,2216.846831816982,1768.7971146038265,454.23456002662425
16.322,2207.7191814049456,1780.226546152007,445.28214003986375
16.322,2207.461598097471,1780.2769051658813,444.8353281779177
16.322,2213.97476292269,1780.2134535778873,449.45910199809373
16.344,2213.716064622785,1780.2875155083511,449.0078669309251
16.344,2196.2528965995075,1778.1217281524644,449.44466452568884
16.363,2196.001464034278,1778.2056840948492,449.03306291540815
16.363,2210.8392413056113,1786.4624142230866,453.57857669416575
16.385,2210.600519396041,1786.536255469538,453.24666656346164
16.385,2202.4932955270347,1784.3914260554477,434.76491027084495
16.406,2202.2700994784727,1784.4322792742132,434.5439103321449
16.406,2198.3158722183607,1784.4162769847744,445.12457697546523
16.407,2198.109258420126,1784.402512960609,445.0331102190163
16.407,2213.941904984784,1780.2809451954543,446.09970968188543
16.426,2213.75238294467,1780.1963876690727,446.1416199300058
16.426,2200.383090503942,1786.5734909842927,438.7402416115244
16.448,2200.211884127595,1786.411005896119,438.90426424137223
16.448,2202.457562430683,1776.1886254577612,449.1107515272877
16.468,2202.3076163201927,1775.9524419973736,449.37207400760883
16.468,2200.3605379549763,1773.0932251384108,438.651793986371
16.488,2200.2370100615813,1772.7995204731776,438.9752920106696
16.488,2203.471632901196,1777.2817034887462,452.18579668001775
16.509,2203.381711548249,1776.9572470898077,452.5305118043324
16.509,2205.536324849204,1775.1999607861248,452.19097328802155
16.529,2205.488339403182,1774.8789219453367,452.51523809841615
16.529,2213.8506697757416,1765.8036645684351,461.5963351130727
16.552,2213.8526071806305,1765.5229899635701,461.86287355067844
16.552,2208.6118198617305,1778.2778286633934,452.25586715060365
16.567,2208.6694883264904,1778.0718469804035,452.43621071247236
16.567,2202.3291724555565,1769.891511146264,452.30597714179817
16.568,2202.4443449612663,1769.7865771527095,452.3836394363855
16.568,2201.2591459269,1779.215558036561,447.14778359007533
16.588,2201.4280518952824,1779.2255812638853,447.11981103194677
16.588,2205.4048739629457,1779.1575859001168,439.90139565989136
16.608,2205.6173784490834,1779.2811899031183,439.77813577216097
16.608,2192.881262731152,1786.4024397829296,444.1106891799183
16.628,2193.1209807425043,1786.622277916848,443.9138585028449
16.628,2205.3830641731342,1778.0270213797594,447.26355849723996
16.671,2205.6285158699066,1778.3114644915609,447.0229161224447
16.671,2209.558483654303,1787.39072283016,462.9074354212771
16.671,2209.7852259671927,1787.697778476957,462.6565452487386
16.672,2200.1964590708967,1775.9315878251819,443.0963365594835
16.692,2200.3799580707887,1776.214563168479,442.86800824777856
16.693,2205.437924944769,1773.8762005022938,430.5665755616832
16.715,2205.556789810882,1774.090335633682,430.38859787762595
16.715,2214.8571124484624,1774.9672622262485,453.4641139294679
16.734,2214.8962214111093,1775.0763830169758,453.35583381049736
16.734,2208.6461856033807,1782.3251516643259,447.1714785209417
16.735,2208.5992144281404,1782.3073516595,447.14164545991014
16.735,2211.81530264097,1776.1374568455215,451.3017071793724
16.755,2211.6862239173647,1775.9889263118616,451.34781632206585
16.755,2205.5977639093003,1780.3673532193357,446.0564953330961
16.775,2205.4010151807074,1780.1037179967968,446.1656514895263
16.775,2196.2425270469557,1772.07489171807,451.2439819268355
16.797,2196.0017304340176,1771.7297719205465,451.39510071175255
16.797,2202.5073103306113,1774.1830628189987,461.65561259152156
16.818,2202.25263908894,1773.803962276786,461.82260253605386
16.818,2213.967171588306,1779.3910722652024,452.2773210917256
16.84,2213.731667846259,1779.0331053470504,452.43277443681296
16.84,2201.4378613561544,1762.6827234314294,438.74286288360736
16.86,2201.253181381919,1762.4010174742086,438.86173667792605
16.86,2210.782883724898,1784.5143807629865,446.06501193793616
16.88,2210.675054337283,1784.3562090924029,446.12780832499215
16.88,2199.272178671395,1766.7202056006395,449.22487472804636
16.901,2199.257971837463,1766.7179734863046,449.2199226588176
16.901,2201.3072849850846,1782.270701107903,437.7950383500555
16.902,2201.391750614389,1782.4368119550998,437.7196220548322
16.902,2208.5561157859192,1779.0619885931035,452.42068589657913
16.926,2208.7316623626602,1779.3863710584694,452.28093563134735
16.926,2202.263400055579,1794.6280718487767,436.8136086126846
16.943,2202.510599194229,1795.0787837763392,436.6232410767201
16.943,2200.153326266578,1777.9059959179951,446.2126777024821
16.966,2200.4433709304026,1778.4328893464854,445.9908228457427
16.966,2205.356124468963,1781.0176398202038,454.5586976139764
16.986,2205.6546276788786,1781.5586346817431,454.32715569531484
16.986,2202.238379806333,1772.6970240360192,452.4707326721288
17.006,2202.5099978245257,1773.1861599455672,452.2510580652388
17.007,2208.5178526724408,1783.1695055722046,450.37294420918425
17.027,2208.7310853225745,1783.5456768825857,450.1837469713882
17.027,2217.937155029118,1766.5683029514082,452.4368543644439
17.048,2218.0686373666695,1766.7834715348192,452.2916521100602
17.048,2210.68724517063,1776.0415783703859,445.11567725643135
17.069,2210.7249069408217,1776.0673188843273,445.02153095200606
17.069,2201.353977002239,1771.9704572617654,439.8781725211279
17.069,2201.298602002209,1771.8019137155015,439.8352179969519
17.069,2209.73460950755,1788.7385425490108,440.8968985289501
17.091,2209.599554680411,1788.395231713247,440.8987602931733
17.091,2204.5545400326164,1784.642383456391,448.17471140655624
17.111,2204.3636412121436,1784.165719541262,448.20967504477
17.111,2203.528905444253,1777.3920030610361,453.37525935179445
17.132,2203.3128639949064,1776.8398764946926,453.42799766900316
17.132,2206.65596481401,1777.404921274227,446.07659709819836
17.176,2206.447737121739,1776.844076704817,446.13020150258393
17.176,2210.8095490642113,1771.1300761941807,436.70172691153164
17.176,2210.6394143612597,1770.627341926597,436.7397908124806
17.176,2205.569747443889,1788.7974405410528,438.7995614039555
17.196,2205.460784780776,1788.411019594541,438.8080915948661
17.196,2210.7452371327763,1777.2569481371663,450.28367957049994
17.216,2210.7098897412584,1777.0289676230445,450.25266467176084
17.216,2182.5655400245064,1781.3376474573752,449.2633428038533
17.237,2182.6037911077547,1781.2889804662514,449.18787206963344
17.237,2207.547870572367,1774.9937003432872,447.20103410579486
17.237,2207.647320218737,1775.1217498094559,447.0819223135761
17.237,2204.398395724496,1779.0826588355824,435.7554110585741
17.258,2204.5362479002583,1779.3623731071018,435.59933520482
17.258,2220.024535000068,1772.768400083636,449.31953047231656
17.279,2220.1712175150233,1773.156335793356,449.13871525066304
17.279,2211.6936517261424,1774.8191983133568,448.28346844152173
17.299,2211.8175430822816,1775.2600227752916,448.0949688974018
17.299,2206.5046379606406,1766.4766501227334,449.32199051442876
17.319,2206.5772005179538,1766.9111430548567,449.1466159319806
17.319,2205.4964116301862,1772.7547358100683,444.09532704115765
17.339,2205.496957408276,1773.128155202679,443.9562381064146
17.339,2196.15598078891,1780.098388291839,441.98362328840284
17.36,2196.075336657402,1780.368033859264,441.90462496573923
17.36,2205.5765202281586,1780.1608910803238,436.73348669205467
17.38,2205.4190088023006,1780.3018331651422,436.73704165714804
17.38,2210.8205703460453,1778.143499276374,449.192406882133
17.401,2210.6039610647886,1778.1517195233566,449.29741546304183
17.401,2201.459084349299,1783.4162010276816,447.05175156453265
17.401,2201.2124622107617,1783.3087712653673,447.27118577665357
17.402,2209.79908960278,1782.4194085760778,449.07677765636174
17.422,2209.5588947315696,1782.2317596907753,449.4153150067955
17.423,2199.358331268895,1778.272659603899,439.6379656457899
17.442,2199.163096494321,1778.0534006584219,440.08983310686875
17.443,2215.9991424407194,1784.5217617929925,445.8410086996911
17.463,2215.8836581956907,1784.3258426414789,446.3883044061388
17.463,2206.5682407026834,1777.1934571608897,447.88867132241467
17.484,2206.5579767330696,1777.0746788062831,448.50046496381395
17.484,2186.70657132658,1781.306237006528,444.74517989408594
17.504,2186.8131673860294,1781.3101751005893,445.3776874168535
17.504,2205.4103095993305,1781.2319691288233,444.7548907090679
17.526,2205.6288137997813,1781.390281971563,445.3529641487108
17.526,2195.9809179159092,1776.9791031960256,443.7532761380286
17.546,2196.2892197294477,1777.3059638811185,444.25334169619447
17.546,2215.752946548996,1771.6838338174514,455.2928942939031
17.567,2216.113553780734,1772.1748942083143,455.6273166814059
17.567,2206.363932405952,1784.1163990644716,457.4854477945059
17.567,2206.7279194792172,1784.7503124674215,457.58811131779686
17.567,2213.678750525101,1786.1419159879285,458.6662088014076
17.587,2213.9914043735826,1786.8840731967346,458.4789088143533
17.587,2206.4288402376283,1773.595896046574,451.53262825234356
17.608,2206.6362922656535,1774.4037207640283,451.0116889961514
17.608,2205.4572136164747,1780.8759769832832,447.54038076144866
17.629,2205.513204856633,1781.7049256490334,446.66278726071283
17.629,2200.33473031543,1796.5156266147858,447.71949778758295
17.648,2200.2066316660485,1797.324971422998,446.48777707278094
17.648,2224.4063662566978,1786.1151761160386,471.8596673557464
17.669,2224.079669688476,1786.8727246746134,470.3047966168351
17.669,2207.8279290600344,1779.8958011939321,437.6046633827071
17.691,2207.3086253640577,1780.5809066602521,435.7864266883237
17.691,2201.661725205604,1790.3588390730756,435.6209372965382
17.714,2204.103160630216,1787.8364471570217,449.2598893155788
17.714,2204.85600594516,1787.2716506564427,451.3050258735794
17.734,2203.0065283248414,1787.79876449867,436.73144527162435
17.734,2203.853467496487,1787.306352939323,438.7882053549425
17.734,2209.2362747479588,1783.598533233008,440.94062434529354
17.734,2210.1148885585026,1783.1641060644763,442.88664926730047
17.756,2195.695476267294,1786.7026786558129,448.3375788913652
17.756,2196.5393131501514,1786.309725672994,450.05316934410064
17.776,2211.3716574376085,1776.264564465511,456.832220170622
17.777,2212.117096636758,1775.898903078708,458.2113748508361
17.798,2206.230562162544,1786.6774643263261,446.6100569198608
17.798,2206.8231698213326,1786.330933437915,447.57073424973635
17.84,2206.323077215047,1783.5414975178214,441.62873059836386
17.841,2206.722711000615,1783.2142747830576,442.1211415643078
17.841,2207.4714933115506,1785.6135691435027,447.08140959721015
17.841,2207.6555976502896,1785.3147193700206,447.0933087898503
17.861,2202.37033860229,1787.6781169421379,442.10248948397384
17.861,2202.3351258534176,1787.424280432833,441.6607308178441
17.884,2196.221959856972,1786.6054739997962,460.0267022689052
17.884,2195.981455908034,1786.4179165786022,459.19473518943187
17.905,2205.6952116108732,1779.2679162228385,445.5960364934735
17.905,2205.2784175895813,1779.1684379853361,444.46749055709347
17.905,2201.5997365054513,1781.301379694692,433.19476795361214
17.905,2201.0463844974524,1781.3077739930193,431.88375012797155
17.925,2206.862628080835,1793.7517989692744,457.2129441051749
17.925,2206.2181588364583,1793.8736364798635,455.84209192408974
17.945,2218.356071132498,1787.4401635428674,449.90162520892187
17.945,2217.6665185279994,1787.6756356471726,448.58926268158814
17.965,2212.1086398532266,1784.2611494837288,445.6635537127958
17.965,2211.4160670683314,1784.59554709002,444.5114411223957
17.988,2202.7159102054106,1785.263469194368,441.3841183474886
17.988,2206.224116364115,1803.388720282261,450.89024569657687
18.006,2206.8592911619444,1802.9601600911142,451.67174553995034
18.006,2205.212621175759,1787.7663594615078,446.8622017948466
18.026,2205.782473676369,1787.3243929122166,447.3602278208708
18.026,2217.7572302759145,1786.7141942629432,454.29726273331477
18.047,2218.251698203256,1786.3030060548722,454.525000313267
18.047,2204.2460629000107,1777.3019787011356,457.5439459358331
18.069,2204.6635708708473,1776.963632794331,457.5470795732449
18.069,2209.49459371862,1778.29426768817,437.82727550061105
18.069,2209.8397577000947,1778.0632082302047,437.67630434790306
18.069,2209.527841397767,1786.5697992706216,456.634377027982
18.09,2209.8087518413895,1786.4681961542701,456.41402633142997
18.09,2204.345085625395,1783.3745961393527,447.25545414398226
18.11,2204.570653477648,1783.409239565315,447.0525562624308
18.11,2213.7504705203323,1792.6897851134868,436.7938440106117
18.13,2213.9282607609775,1792.8510165442751,436.68526371809446
18.13,2217.941544054416,1779.0850966022315,450.2738079208476
18.143,2218.076400239272,1779.3479716183506,450.31598290730494
18.143,2209.623792442738,1781.1321621020902,447.05889984195977
18.163,2209.717395389614,1781.4597172946462,447.28035623169205
18.164,2208.602371920294,1779.0315222137708,442.79917272775714
18.184,2208.653703595675,1779.3797114141025,443.1969826285066
18.184,2209.6667226540008,1783.2075254425097,448.97561178273156
18.205,2209.673250455242,1783.5311457912503,449.5162359920486
18.205,2213.859312667932,1775.9393447331113,472.8979584841003
18.225,2213.818593799689,1776.198126486334,473.52233167663934
18.225,2206.587263512095,1792.660609946868,443.6995315180062
18.246,2206.4986107478885,1792.8246170008406,444.3316779999304
18.247,2207.6528494112727,1792.714860693807,449.9802570323807
18.247,2207.518705157059,1792.7684453169966,450.5382496161181
18.247,2218.096462654812,1788.6016783018829,447.9620803585755
18.267,2217.923194310892,1788.5454390433308,448.36983823486645
18.267,2204.5624781629294,1779.2706112545175,448.0608346004509
18.287,2204.360421119627,1779.121087097845,448.25914229953804
18.287,2198.3181407134844,1793.8989022846224,462.772217796827
18.308,2198.100855505911,1793.6860571990214,462.72745304202033
18.308,2210.8276342931626,1785.5778853698337,446.22002170240563
18.328,2210.6104873171416,1785.3407487879224,445.929391774125
18.328,2209.779442452014,1783.4894708254599,452.58776659349616
18.349,2209.577741256553,1783.2705564321063,452.08032893335303
18.349,2211.851147235321,1784.5072782977318,463.09912125799787
18.368,2211.6781418521578,1784.3465694351491,462.432439792195
18.368,2213.917576216346,1785.507833316901,450.64254595522596
18.39,2213.7826645120854,1785.43717552342,449.8954312972459
18.39,2205.558179954203,1787.539264702954,447.52240321048544
18.411,2205.465623900987,1787.5779384009898,446.7847205944209
18.411,2215.9601806210594,1781.2282775404851,448.5260332159192
18.411,2215.9085574687506,1781.3803480636502,447.88696294312
18.412,2206.5612688491924,1783.2596148467596,445.31983026132303
18.431,2206.543760635627,1783.5133996916497,444.8561762880363
18.431,2208.6327740161923,1789.471470001617,448.3369118142553
18.451,2208.6382608541626,1789.801162531641,448.10304575312716
18.451,2206.541730161671,1783.1928879898765,440.9145734053378
18.473,2206.5565201416935,1783.5620764589737,440.93537489169313
