Time,W,X,Y
0.008,2215.7018555052255,1721.4045413776607,432.42170537090533
0.008,2095.5130298689933,1898.3242224597207,418.9682950780263
0.031,2017.4361364844199,1697.7238739320967,439.440862575784
0.031,2277.439545445979,1726.4016448546633,441.47160150045363
0.032,2240.9895175979605,1894.295405412659,449.8027624901117
0.032,2090.01406153463,1759.360887491973,464.548458102961
0.058,2109.159440325301,1680.716200474014,431.4918909517394
0.058,2329.9752845544726,1698.3508205180212,417.15546851558605
0.085,2204.264592240619,1713.3634927347964,405.4175964454602
0.085,2140.9797323059806,1728.0288125545887,422.5811045285097
0.085,2084.773856315535,1730.5018922598988,462.7125342599918
0.113,2209.979721604057,1772.911888661296,404.5835856158451
0.113,2211.311618937596,1840.4614964638881,429.67338979572344
0.14,2137.2975805190094,1603.9619665884545,434.68780327705275
0.14,2095.7424186997077,1827.184248364542,430.9104253090778
0.14,2084.9405463698236,1786.7994770094729,447.3278575974394
0.167,2141.5245310246614,1745.8002040621288,431.70580458377464
0.168,2112.507469936506,1681.527611770991,439.9532494550838
0.194,2310.106960535479,1808.2497703301908,424.25012119955414
0.194,2099.5058088447668,1809.181638075992,440.90719585938615
0.194,2060.9134311513253,1786.1096850687213,442.95337614589545
0.194,2041.6596489489357,1719.5351159981274,428.9085830043251
0.219,2290.414830709149,1662.0565809393474,457.14619173564216
0.246,2046.5523425096717,1666.3616085522463,421.4751499659827
0.246,2156.05453558201,1641.5025871049124,434.6100807777853
0.247,2137.071727275123,1774.1513161448572,439.88848041137106
0.247,2243.9531193891694,1690.0099766398448,469.36253807023246
0.276,2156.4208384346266,1815.5409261769566,443.52607069578687
0.303,2219.9105152610396,1638.24317058811,457.7099510101956
0.303,2096.864404321418,1778.4000601221057,413.61528701216315
0.303,2133.1534063852005,1783.5218527761965,416.99216355409277
0.303,1889.1975082370961,1730.931724457411,454.082521379797
0.33,2153.491390236909,1892.1366495947104,433.22722748429806
0.33,2249.4250680073455,1729.838805771269,439.84698173721495
0.357,2061.046669146112,1810.5454705248287,466.19413772773464
0.357,2212.871274024938,1677.3696447768662,450.45831533528974
0.357,2169.1009981453203,1674.1177596380796,436.76424956943043
0.357,2185.9614554284312,1746.2653775295976,419.0342692890991
0.386,2249.9225618753226,1629.9179780076179,419.9318989493042
0.386,2129.059099008988,1766.3489526876676,436.4269308214237
0.414,2213.998493347177,1705.1095359771248,463.7143378821889
0.415,2097.8312610940457,1854.1693311238253,469.3731517426618
0.416,2272.6646454653073,1744.2973866518942,413.43773953158455
0.416,2036.8694333279436,1744.5669648420437,433.17859118464224
0.442,2195.7464224287323,1784.0867447139367,463.623382447964
0.442,2206.122384013394,1689.8510965670841,420.89518045574175
0.47,2204.8141204802787,1697.2120297200916,456.17204581024015
0.47,2336.4868499551453,1662.869139181918,447.37339421451804
0.471,2172.892877876545,1625.0761704877837,429.972965389554
0.471,2124.337674959711,1668.432562891185,467.05101005566917
0.498,1990.8846597073484,1631.5630377187751,448.5329434305984
0.498,2117.0845180855667,1653.9389860658314,444.3263571700259
0.526,2049.835200159959,1760.0008207013384,472.86980836492927
0.526,2145.986881151754,1736.5125409497014,456.2351108977841
0.526,2219.2010131437414,1650.0180577633191,437.7679596340582
0.526,2227.9370522513,1850.1184434829936,385.4518732052058
0.555,2222.4791476877185,1694.1254724860178,457.663646627402
0.555,2279.3873672079903,1728.9277073112562,432.7073003863886
0.582,2144.839362644676,1847.18606126647,450.26405064817044
0.582,2227.1094840855208,1702.9797137206742,429.5255507336908
0.61,2310.0780512606575,1655.9796274853063,410.97652805884775
0.61,2179.9623312160816,1579.1313711355535,438.684962675371
0.61,1969.5194882947876,1719.1166405781237,447.1196747685837
0.611,2065.0488280547643,1721.7451133464413,426.31586971019516
0.638,2207.975943798125,1816.5160485440817,472.190252797224
0.638,1978.4210134714858,1827.0264254973051,472.0126523549398
0.639,2210.1352145851474,1853.7829435631795,408.1079083592701
0.639,2119.4518936886298,1800.6843825552312,426.74670520239636
0.665,2278.855712700321,1677.77359740779,425.694426171377
0.665,2020.4809170859942,1749.925297166067,433.6310020977156
0.693,2193.602895566914,1631.005257575818,433.57806825929003
0.693,2073.680293283714,1775.3087812113235,423.31230265916736
0.693,2075.69050250215,1818.2249803056652,472.8126352895892
0.693,2067.2159207920276,1840.0314283520315,445.5523560691179
0.72,2105.815920692266,1801.144453185083,437.97243979702756
0.72,2220.9486807434214,1728.2398342740235,445.8592922863856
0.747,2295.3103980043466,1773.1032108952297,435.70177101903806
0.747,2201.9973519707382,1799.16968690394,424.7432564762066
0.748,2194.076060989062,1882.33315973644,396.7494009936135
0.748,2173.7823425059178,1637.1091009945567,427.19763601248707
0.775,2150.6406967122716,1658.431967643554,477.7470155228252
0.775,2150.187648681513,1652.7078953874734,502.5926057179609
0.809,2286.728483097531,1602.5424900874107,455.35669073197096
0.809,2175.5589027048454,1741.58647156589,449.18556901784643
0.829,2146.4153980014976,1699.213121957011,431.1605175340313
0.829,2260.8983574259228,1783.7345076993533,451.22265953827247
0.829,2183.9192723840324,1750.2004913357864,445.67764810701556
0.83,1961.3979128780616,1680.458132305847,440.9694727437765
0.85,2205.2268628424513,1590.965280047593,472.30215089107395
0.871,2159.456985249806,1704.081632308866,451.0930419536395
0.872,2171.7894993250434,1757.6801205420238,435.65848479645746
0.89,2287.510035585403,1828.139066253157,442.22522853568233
0.891,2232.1407308348225,1784.6873249375756,444.64019028224016
0.891,2076.658229035879,1794.8877616818686,411.55102053993517
0.891,2215.8182927654993,1844.5689992741131,429.02561513006475
0.911,2316.78871173715,1760.6846752420104,417.0402229808551
0.911,2375.5453473120638,1644.0017622664982,399.26944448503406
0.932,2031.3360535605252,1779.2136324842043,435.62511622345494
0.932,2076.242605557978,1813.6139432111763,457.099301369903
0.953,2079.48688443762,1731.4207825713866,445.25080381399084
0.953,2332.2053180974626,1722.5191164155326,481.3171355446778
0.975,2227.8795688417104,1738.1955955678447,489.0326357179845
0.975,2136.028842780445,1756.7048954010647,450.47895475520636
0.996,2155.584641028707,1816.5477235831497,440.10628316614077
0.996,2148.734620011134,1742.5277531259812,460.9351398387337
1.018,2108.9257323525217,1873.077489292094,435.2787591088348
1.018,2122.740800070754,1851.39207056517,435.23657292548387
1.038,2228.362022135885,1897.4386677712482,416.8617823517988
1.038,2123.367343761044,1805.3008380767542,459.6027757769484
1.058,2210.591623294744,1627.3577280603995,451.1701403277168
1.058,2222.722029357353,1740.9695483098164,452.3100663198759
1.059,2087.5340366072146,1810.8831573623088,445.3708216058902
1.059,2071.789429146809,1789.2947399304644,446.79919459582834
1.08,2161.9291509863983,1752.1837238726391,416.42015259045894
1.08,2174.057954335585,1695.436582999897,465.9818343506146
1.101,2071.436880098191,1840.4588425929421,445.1202595889253
1.101,2304.57839397941,1681.5483780064776,446.62780841057713
1.122,2183.6084522904002,1832.726347659941,424.92821145803543
1.122,2106.9019993799075,1675.2399378011228,419.9231415660549
1.145,2020.4935310558114,1790.1860306972394,444.3777226104216
1.145,2276.0883895338907,1721.4354865468617,441.51534073170666
1.164,2212.14283273323,1677.090425364943,455.6033474563243
1.164,2177.258775678108,1783.1594257707247,433.11533059794107
1.185,2246.280487679474,1710.4894363112264,419.8247518965977
1.185,2163.9961427700614,1699.438217648622,493.6012050524437
1.205,2042.4516594963757,1761.267715524356,476.95439128074463
1.205,2088.1984983362245,1670.7749360075563,448.26256156187793
1.228,1931.623169346252,1610.4767228755263,449.8561784112497
1.228,2263.2176614457644,1853.4535492266218,421.86737220682045
1.229,2178.864010988256,1728.3060771508185,408.67273408573334
1.229,2081.0856025674248,1718.6359255066436,460.4132242245765
1.247,2213.370802110577,1698.6185183653654,459.44491802780215
1.247,2110.3473755766504,1698.840988924541,420.3532145915785
1.268,2146.688547742966,1766.8881779995813,440.7012479777396
1.268,2042.000409511332,1780.8419963092297,441.92474812778454
1.289,2156.2154502564536,1766.1906426854548,410.70930821168577
1.289,2190.409151134844,1769.6204877793505,427.7202397756662
1.332,2241.831262042403,1778.3914081227872,444.0455290229186
1.332,2109.8800449257265,1740.601368142329,409.09931272169274
1.332,2057.5969961454302,1744.1813942618148,414.2344691245553
1.333,2114.7750003611127,1764.1793503025087,439.34497745700656
1.354,2086.002460602868,1718.1344223213678,452.50146657856175
1.354,1962.954092287527,1655.1888529041398,433.13408434768206
1.372,2134.850262752755,1764.0762596340476,449.07901413802307
1.372,2123.89778864089,1622.7868872363103,439.5343188246757
1.393,2291.6812580509577,1758.1024979639392,467.1342834539525
1.394,2181.45440140182,1792.7088859562737,426.48294933014193
1.394,2077.9657929199766,1783.376529708983,432.95082655300706
1.394,2017.8924004648989,1768.7037462975966,428.8430831046123
1.415,2145.119232495687,1737.7748829895431,454.42091883478554
1.415,2028.905631981081,1797.5584782298442,425.2386854350102
1.435,2226.863952139087,1734.9009054026792,438.5172447180902
1.435,2043.0780846133437,1664.375692970635,438.89770978099835
1.457,2215.9346740194746,1771.0242368906092,454.1512246459379
1.457,2321.8399438492697,1614.2771716952457,425.3679959475097
1.479,2301.0006818195125,1692.0748634488925,437.7877345203808
1.479,2193.1184694297403,1789.6566262226593,446.08447669783413
1.502,2145.3807724981607,1789.3783739109927,432.52346086116466
1.502,2091.0844093809774,1708.5966100163528,454.40938266235827
1.522,2189.5188716976268,1656.0652266583863,421.06786540772885
1.522,2333.4736771944436,1798.9239386576073,435.23874784633205
1.542,1979.7205303311407,1750.9180494133707,426.69805342154757
1.543,2062.773329261667,1655.0575255905055,422.4059372890149
1.563,2134.40313567277,1830.899237633491,427.58075407790443
1.563,2161.57992241219,1776.5120022828141,448.44201238984874
1.563,2365.663530706011,1762.0290377895537,419.8280600724327
1.563,2169.2743032860744,1734.491905704601,458.38420573001696
1.584,2182.272272461782,1754.6338878820063,436.23199851574543
1.584,2126.727313929797,1722.2366560031364,393.32685820748236
1.605,2102.487438629643,1817.6595011603777,417.95764758106446
1.605,2355.969183877167,1800.8640000887258,459.0032419085555
1.627,2015.9048974526477,1812.1954959144564,465.5277217071336
1.627,2029.7703118119864,1854.9684072591172,473.4016130768634
1.647,2358.8873118411047,1875.5280794762239,448.56958631705936
1.647,2134.909329680245,1844.385362009937,449.77633082800065
1.668,2242.5424977867647,1732.313071127702,488.9131649733255
1.668,2103.2003015210853,1862.991342280443,444.76922129355034
1.691,2266.64881460031,1712.7021512961214,448.8844254130429
1.691,2068.8156237331523,1709.5544288001079,471.4562466299264
1.711,2036.9660618311286,1772.5173898842158,446.7934256664427
1.711,2074.0414574440583,1739.8262427994712,404.17101902522546
1.731,2299.1136888077417,1802.5823683816498,412.208152167849
1.731,2182.788729388953,1886.3371002292677,437.6473455772774
1.732,2039.131974033052,1829.0274075587654,400.00062815690484
1.732,2172.5432967291345,1840.4046868253479,480.82476651686693
1.752,2050.0579247632427,1658.977094751097,454.440722787109
1.752,2195.100405990884,1731.6620735143863,478.98327292904014
1.772,2165.427275126149,1719.6961920245947,460.25607276419987
1.772,2171.3859121995756,1754.310879007895,445.09953930464303
1.794,2144.5043337308307,1856.723046239259,425.1757159818783
1.794,2121.4464382964707,1716.736288727896,411.4561095888137
1.815,2210.9366791269226,1775.420917207841,427.06942425418714
1.815,2083.3768740733312,1882.422605502562,454.40007111832176
1.837,1989.5834413302798,1800.1965854757973,452.8508891621454
1.837,2267.113227207301,1771.7977882845664,486.85057400220177
1.859,2305.0461963817556,1727.453590463746,439.9194901488222
1.859,2228.9331420673125,1780.3132636342737,449.1754767067597
1.88,2248.0520855669347,1753.1079423745225,421.04636741987747
1.88,2206.091855380716,1719.0318251308222,465.065103687019
1.899,2154.8530107273878,1659.9214314954877,409.7794084987346
1.899,2082.048463904047,1630.9601005188897,441.30742032084373
1.9,2052.8048770947403,1774.064329245323,438.03159861908995
1.9,2289.7173433236917,1756.892856194113,453.5120251403733
1.921,2047.8569204963435,1755.9871478376979,445.70945185772086
1.921,2053.1779248865837,1845.0712100290853,451.49142311326545
1.941,2070.2025574509776,1897.1107031460328,458.4550014247378
1.941,2102.6383801792254,1773.6768737790599,432.30242974169516
1.962,2053.963587963632,1752.5534854030875,426.0104583958378
1.962,2066.572963354109,1824.606302435413,414.292215704245
2.004,2255.5461416257244,1824.3249952909937,424.6519382510133
2.005,2109.057624220824,1789.4768051457677,450.2619301559876
2.005,2300.256814770189,1662.7303098323878,435.6800963521351
2.005,2216.5836517205726,1749.983542876492,426.16215005314376
2.025,2192.336430344956,1754.7112495447443,452.39697902010704
2.025,2163.4912433979985,1836.8378282947303,468.82078048152204
2.045,2144.281619478091,1780.1205124338621,458.67700299664114
2.045,2254.752748727071,1789.5890690749825,436.0814663755697
2.066,1986.7514362875957,1748.9968287905342,434.7578206814733
2.066,2333.812526365931,1850.1298409151323,430.88573009234415
2.066,2164.224226370669,1853.5100813833815,419.9044605245081
2.066,2318.326892314248,1737.4491144266365,416.5195363279162
2.087,2231.8140208423943,1856.207327860288,415.2892229582967
2.087,2051.7018432284317,1722.8237802144363,411.7689279606778
2.107,2100.8002890350754,1819.7963076971862,418.4424306940022
2.107,2216.541479484071,1809.7465525029252,439.1655278163423
2.128,2184.486941297964,1749.3384954360274,462.60271305675036
2.129,2152.446471120189,1733.6529920694936,409.97661658423675
2.15,2033.1352371889784,1762.063453300885,447.4751716045298
2.15,2235.894365201568,1812.6185860815817,433.8815237207943
2.171,2032.6432125482886,1764.8786238509583,441.1147456058397
2.171,2215.1399592244743,1848.159558169605,455.46881684903775
2.192,2206.6759409231695,1712.8974169440387,435.63828715851344
2.192,1864.5389762705147,1843.9886716989975,457.07391918152103
2.216,2253.5800471473094,1616.454289601669,408.3600815450543
2.216,2219.936331854904,1766.947348903405,454.4254328775957
2.234,2215.6402544812604,1766.7258767443411,440.7518912074791
2.234,2185.937343760157,1667.021156120821,460.8702931398895
2.234,2018.3056539158688,1831.1811090772353,456.76572836695607
2.234,2105.2756006815257,1715.44382277267,423.0130356655599
2.255,2241.414269904713,1780.7263461439343,470.6060011288773
2.255,2196.055877108896,1674.384324889227,434.5180281751176
2.276,2246.4570188491457,1759.6875657138025,456.78343223145856
2.276,1992.0709329910628,1692.5435781306576,442.74597106308664
2.299,2049.686615414342,1831.1345787246446,431.4154240071678
2.299,2427.9732461658764,1753.689081933741,438.1478135645651
2.322,2142.420221207264,1709.778337636801,440.4055707132242
2.322,2203.7801770668393,1813.7918144266005,423.97767648778097
2.342,2220.150832780599,1754.7969405904175,454.8249737840636
2.342,2179.4060109349552,1774.5684136575528,448.11437772054836
2.385,2178.6099320977237,1799.7107889329598,468.64787674147743
2.385,2182.324586945479,1759.5189985511524,452.16992371581426
2.385,2193.8567333080164,1713.4456898541148,474.7576461515038
2.385,2072.19657606578,1777.2430702237994,449.3133832318289
2.406,2208.868004019194,1774.7903504045205,417.5693104698605
2.406,2220.229188792438,1872.7286042528485,451.9110927188922
2.406,2155.3419687297464,1802.2051599007505,471.4889703994164
2.406,2063.4831339194334,1661.178528002204,459.4759661066668
2.426,2017.3019260548272,1668.5958075989547,445.63376144906994
2.426,2169.036833596071,1941.1226258740771,450.4086183286116
2.447,2070.0668617373076,1777.1419184846106,438.78522617735246
2.447,2224.448659747375,1758.94531136518,457.3603047432651
2.468,2082.176345791134,1837.0638099186735,442.4768440993204
2.469,2046.5301081896298,1759.7087435782196,418.6813878947807
2.489,2195.7440169337347,1733.5140182124383,444.21438792247886
2.489,2244.7919476127745,1653.0014875200523,464.41784338199716
2.511,2285.9122907703186,1845.982320411532,429.6793397290834
2.511,2235.1781089114174,1845.6644102107812,420.5064774211786
2.532,2132.4689382152856,1700.106366284366,449.02074794928484
2.532,2168.123006007169,1699.953999142758,410.72436844267423
2.553,2031.0991453840231,1747.1393391219774,431.94012541475223
2.553,2116.46517480224,1790.938060668477,411.1994407704065
2.573,2244.9371425320533,1712.6317560472173,412.8836266691644
2.573,2164.417308149572,1730.7615307401027,471.90354254407384
2.575,2210.4491712194513,1799.2261478744224,428.80692434367
2.575,2046.763576451124,1779.8684920916423,448.8609728261215
2.592,1993.9887452257017,1834.6528001412933,477.98509159662404
2.592,2133.64104282902,1743.497130027501,426.5779075365557
2.614,2097.9296592170335,1722.2551371323884,405.2674488448025
2.614,2144.9142734505735,1670.4073817698932,444.9616516954095
2.636,2185.524589462223,1749.126620438768,415.0113778800304
2.636,2213.1183107611464,1608.5142741219963,487.9725139927079
2.655,2112.545257103849,1691.0508573810773,448.72874023513646
2.655,2193.0197352426267,1738.588613375922,437.2762468967981
2.676,2140.039990531257,1636.4147585710175,408.03958827383866
2.676,2157.484814661665,1724.2995631679037,437.53458737835865
2.696,2222.106310393714,1852.9728110307433,440.18987251820295
2.696,2046.3028488325992,1804.0441759383323,420.39664048968393
2.718,2250.9261151418864,1768.7555460036035,432.8976572534967
2.718,1995.9046947382153,1771.7267532680362,441.7593432044185
2.738,2171.481119716896,1791.25017421299,423.34497337513704
2.738,2313.3222580384218,1866.0752978984394,427.2587057064911
2.738,2076.0917742937304,1734.4245138455537,492.4753953177244
2.738,2111.836334239811,1841.4006490040708,443.2014393566695
2.759,2174.071411522365,1802.5752628280575,465.7509347526971
2.759,2073.4102314492707,1745.0149166894223,429.55947771951753
2.78,2159.2152570968096,1737.61924026174,439.98144912937363
2.78,2234.0660344934627,1767.5141524378248,469.25761258046333
2.801,2136.2010911838934,1789.916207277627,443.74109933037346
2.801,1997.6191727042979,1746.2880059667843,454.4455275389668
2.822,2214.3526045730596,1768.814496266715,462.857344959254
2.822,2108.0226323057827,1739.1897608257013,456.6891311157447
2.842,2374.031499197116,1821.172619858226,380.7293537886798
2.842,2292.965028477413,1748.9323207302439,438.8754541964251
2.863,2135.0150445042227,1860.6247074759158,433.1048282271443
2.863,2206.4881296690432,1686.950228750153,449.00209070476797
2.884,2075.4571744762306,1738.0514687193072,457.60629061489846
2.884,2236.6537684350346,1708.2205609412858,457.9100056668122
2.904,2195.190490334764,1795.9581682922446,443.20306085160223
2.905,2263.0486776564535,1770.7381685690034,407.81323224701964
2.905,2054.236797375833,1690.2332981473382,472.18637510448013
2.905,2131.872187264657,1876.2862180770057,462.91770493013394
2.927,2332.93334832812,1795.3993678361392,479.4699200473302
2.927,2319.9880096753914,1764.706903703321,456.1002067314461
2.949,2116.5731554418853,1670.7222304216561,447.98756509862085
2.949,2046.5656019354255,1808.647905264548,459.531310116271
2.969,2150.9318219847223,1635.8750334387037,456.993273594677
2.969,2116.3628251451937,1559.4615054603428,413.3484765093003
2.989,2196.516338011476,1765.414368114555,410.64757302036173
2.989,2199.27917267626,1768.9867827760313,399.32757514457194
3.01,2097.9693744423857,1706.5411418360175,433.1761218841159
3.01,2101.2064627432624,1848.377881940186,430.0777664058714
3.03,2095.845991035855,1694.401962701814,457.48053042179555
3.03,2124.838432186218,1691.7444744779466,459.72904688823223
3.051,2176.5535475076426,1651.636574029253,422.82807737220844
3.051,2133.5835207077826,1746.6925740530598,443.48408398131534
3.075,2034.5872795702699,1765.052132859365,447.1446170265596
3.075,2242.4989921137044,1788.0786852341917,426.2372181461055
3.075,2038.1172800852767,1755.3172329690462,413.9478101375462
3.075,2140.9696954792134,1683.7189508776132,426.1309031629187
3.097,2096.779290865352,1868.7122977695892,443.16261805938046
3.097,2259.556130840312,1662.1865174048444,438.8396254756533
3.117,2223.1385142064537,1610.4518939418974,463.5614864287542
3.117,2128.596711426379,1618.0351188551808,438.75263446772067
3.139,2297.948968592972,1667.0209687971155,454.88494257522365
3.139,2269.7054532383577,1844.4612325887667,432.035478027413
3.16,2049.6301567639703,1774.744250536147,455.5159468369341
3.16,2180.7842212270607,1641.8196057309472,421.70428937488015
3.18,2141.7062083972364,1782.457044315654,448.3705803205021
3.18,2108.43928512306,1753.8506611276096,422.66160092530873
3.202,2081.2731283635503,1882.213103146499,460.6000395655789
3.202,2254.2552537884894,1852.0147404181262,444.6414521864878
3.246,2212.7389923105698,1812.4197194723413,447.48065485861895
3.246,2119.6270185820244,1575.3394007160384,444.321587619597
3.247,2098.4906548870576,1709.6963725338044,419.8054810814158
3.247,2114.4831703606433,1700.755941297887,485.208404568291
3.247,2100.1909040336354,1841.160279534599,434.79757616173583
3.247,2232.219344892604,1711.603291062825,457.80544733839895
3.267,2099.868900019922,1872.3473606510506,431.6510226930526
3.267,2181.3585244033684,1673.8676157575114,433.49216231901903
3.287,2080.995839998927,1793.107922120882,476.7421642154602
3.287,2154.217337258655,1641.1813001970268,459.07736488625966
3.307,2012.5913880708658,1897.6422478670677,495.380750547021
3.308,2252.9171057323333,1815.7982420588892,434.12203809421544
3.328,2060.89329614686,1727.1409675557081,436.2292881036387
3.328,2044.3347241128101,1764.2409959635766,425.38101694300644
3.349,2234.783683638694,1741.4964618855247,426.40450818645843
3.349,2068.2152971909222,1787.0130295619595,429.28529272787057
3.37,2192.199402734388,1747.2747591465743,428.2285562410497
3.37,2234.691310574792,1817.4730544660056,460.62876256503745
3.39,2162.3142471919036,1679.585181093468,450.9540160894927
3.39,2162.1244799171095,1600.569343174453,426.71991171780815
3.411,2103.0720108078112,1754.2473896757017,420.6269596078209
3.411,2141.240585802,1759.7882623985483,462.6019321159478
3.412,2274.0065390509817,1832.6269951707063,432.56858778047325
3.412,2096.6231981506075,1786.8746828219637,446.577639694849
3.433,2105.6110168979003,1842.460539187957,452.35500393619793
3.433,2072.1470098226055,1765.1806737516774,445.7124882285422
3.453,2339.1459474596277,1694.4008230683955,414.6851320017105
3.453,2081.170000359078,1715.5458301755082,469.2640301355898
3.475,2140.984207856051,1609.264841694076,417.7539848236349
3.475,2015.4940729513855,1700.4120429426357,430.65766772484034
3.495,2225.71967918989,1757.8636318595304,434.62650449683815
3.495,2346.338111550169,1910.491594009208,482.2144698438991
3.515,2103.4160376690515,1743.0345305448197,435.1074576807954
3.515,2027.7534155496369,1774.1646948871155,480.21447749773665
3.536,2030.370410077668,1557.9791392730635,436.2783527462385
3.536,2312.494360389937,1761.650351850557,446.3977256919001
3.558,1957.2296983947754,1779.4690308404581,443.5441096163024
3.558,2023.7022393444322,1794.622764990944,436.7537934419714
3.578,2324.5592811198376,1796.5628102524352,440.98677151244675
3.578,2253.392817785583,1670.3074382801915,438.8942226280208
3.578,2068.198626833418,1709.4989792710187,463.2053235473161
3.578,2152.959012577609,1758.5173878877672,426.18134432512085
3.598,2331.355661632601,1719.5870606322314,460.85307035822655
3.599,2115.2008518920616,1709.7832896087664,484.4801561556244
3.62,2221.4130905472466,1622.8633527868385,408.94291056899874
3.62,2174.2047268056426,1783.7613525104707,436.2680156693602
3.639,1928.2781429562133,1648.298382891372,429.7669933238733
3.639,2294.0538177740373,1800.3198982493268,439.8246436667033
3.661,2144.547833836275,1671.377274971627,478.95654230009535
3.661,2041.8451764720967,1720.8188321805478,440.30060245682984
3.681,2268.5516459245455,1775.114651872319,449.4201960727529
3.681,2014.4509349234024,1692.3097877564878,427.73188443347243
3.701,2162.153577973868,1739.1780415303385,434.2300370956706
3.701,2080.9527788248415,1763.7108273949564,446.4558518588521
3.724,2174.5869431826127,1565.7584757330828,402.91671929414713
3.724,2170.006684173897,1912.9510125325212,445.4376206375862
3.746,2115.670958862914,1754.5393536580873,440.49027682708027
3.746,2202.0512780352014,1694.8770884633973,387.21696666741155
3.747,2303.228234987327,1656.9687176639004,437.8631325036551
3.747,2082.6022189600712,1643.2857200260862,413.47988105465976
3.767,2121.371512941077,1685.6382760143533,447.77327175010856
3.767,2080.182968945427,1726.1041403659228,417.8837598464062
3.787,2152.949893137534,1835.726591775513,434.89336465574434
3.787,2205.6218787395915,1702.755715830391,427.82538327754037
3.807,2346.508054980853,1751.7247152090627,443.5014282003007
3.807,2117.430343077034,1698.262493644935,412.0854384052489
3.828,2155.7739891016763,1557.7035033222824,436.2590277489341
3.828,2222.5300388054425,1826.430379985366,437.8714476153154
3.849,2201.9160773148387,1752.9964649074432,483.33337763518
3.85,2203.7666846157977,1763.3645695097593,443.0765197459393
3.87,2331.601856108882,1785.3630819231216,452.91042895183546
3.87,2242.247375608022,1862.9456857151918,471.5023510710123
3.892,2252.161492064428,1917.662343015955,424.1143163016959
3.892,2099.603420517593,1850.2198745396606,451.9947553872888
3.916,2228.5346352065167,1764.764866543302,421.6433098599858
3.916,2045.2227909048618,1773.6332775228113,437.6989318603735
3.917,2158.7186960573426,1795.0460429419254,426.60787397785003
3.917,2091.5694981492798,1641.3996548548794,425.1698869173144
3.956,2141.8844250140633,1701.3039500906477,425.5071181232033
3.956,2205.463496728626,1688.102800934323,426.8730910253637
3.956,2101.6266559307423,1760.8167090528314,430.36367679843596
3.956,2065.6224465296023,1792.882777931884,445.4861997539804
3.974,2199.2374764249753,1880.788534454035,468.4579015010102
3.974,2278.8336814455615,1585.2299057087714,468.57591564274554
3.995,2363.1559087604114,1762.2151237229118,431.17104256215157
3.995,2203.3168025292794,1687.096483123158,468.15868237005395
4.016,2159.1796311275875,1768.7390207238777,414.2999242009156
4.016,2066.468861865333,1796.2579374618,429.6504340288352
4.038,2047.3816470755544,1784.0619071837464,435.10515861432594
4.038,2288.8363262704106,1832.9927238726627,439.62681981060126
4.059,2146.6599595453126,1799.478625173713,461.09215583646875
4.059,2146.0291993448595,1717.3739427066068,451.5879032751961
4.078,2320.71188133879,1662.3750840130015,428.21477556391
4.079,2196.9936974371326,1722.4653428315166,428.5036667849581
4.079,2269.036936677123,1792.1178039011331,450.94419481625846
4.079,2159.132827569214,1849.8751644070733,438.1933915420186
4.1,2228.6473662228104,1886.515396093217,420.71302405248537
4.1,2217.895612992248,1888.7435585465473,401.14676237809624
4.12,2134.2683189622126,1771.0173566710796,405.79181682516975
4.12,2211.8718754196607,1741.1694441275472,426.5581197470907
4.141,2160.1101034050585,1892.1398443796645,431.9723843319838
4.141,2156.9615175929366,1790.760417525614,447.82059278143805
4.162,2161.848866038985,1870.9914449959092,431.30446615215766
4.162,2100.858070573922,1768.5469709755425,446.5348829036634
4.183,2257.8609609502805,1789.308804846839,415.1280221501439
4.183,2042.6391522705853,1596.6941484581948,428.8266317965509
4.203,2151.3600036720422,1776.8222070327934,435.15300662878735
4.203,2188.528335556662,1800.3023840589178,412.50640320536866
4.224,1922.1643162476494,1748.6456142181917,480.760342193365
4.224,2092.672057015484,1784.4236542869014,475.00656275605235
4.245,2359.870127035395,1690.213454543121,446.69263647010274
4.245,2212.3562927992757,1544.1307418379881,459.5815659882358
4.245,2218.9498083081357,1821.7723174221903,427.39970593369145
4.245,2259.9037515143596,1650.6994143618067,444.2033576661772
4.265,2198.678460206618,1901.1352393635796,434.2167922545581
4.265,2273.094685910321,1773.3625645162883,433.9467069299974
4.286,2174.779523356364,1907.8113270138654,411.22818103067794
4.286,2061.0060456155943,1658.190410674133,450.2287096030374
4.308,2281.212419500589,1737.048314976247,424.64410955578285
4.308,2084.4643723532376,1729.2528273654113,424.8025809506511
4.328,2132.0860777076787,1873.1613802893835,455.7309511559079
4.328,2161.7872873692836,1717.5624561843094,438.81312126259115
4.351,2083.75299593636,1758.3374665921833,462.59361728850723
4.351,2070.425421076317,1710.9606016353423,431.2035124974957
4.37,2142.6989061261697,1815.616820752145,428.24894602050693
4.37,2072.500693337298,1658.4925493270703,439.69958866710346
4.391,2204.315575725148,1839.4140673242498,410.37122256418434
4.391,2133.3686996245815,1737.7543507766459,412.17618320280974
4.412,2069.4716878337595,1812.498595069834,390.88004967164034
4.412,2189.5633360579504,1693.9731353736267,451.0170641613718
4.412,2140.271799709534,1710.8155453367597,418.3849449582448
4.412,2228.6200696323817,1731.2191541998843,430.73569291411803
4.432,2225.268597782506,1786.570216784877,426.77198317038227
4.432,2166.518774733203,1631.1648781836418,435.67872892708345
4.454,2441.2571024417157,1688.7063916696975,445.4621740539679
4.454,2229.6079170128032,1934.2553562545327,435.1755014511277
4.475,2219.1061994368797,1785.7659997134106,416.4789876383763
4.475,2047.7447379697032,1770.5051216174186,428.4788234822222
4.495,2076.410655072478,1797.3965688218352,451.53784283016256
4.495,2214.0955383918026,1593.5485412832109,448.1906795139132
4.517,2117.2703485217326,1734.5976222554482,446.84302355605075
4.517,2283.5783366986957,1785.5280764688737,480.4770971035217
4.537,2096.279384928841,1688.2634507317541,454.6896100035025
4.537,2025.483378874993,1732.1369285175529,448.3283366275683
4.557,1998.6579202297848,1814.4148893344195,466.2147033660542
4.557,2300.9818202788315,1766.4987249849032,435.09609432320894
4.578,2214.466153163701,1607.9401913274278,459.2034201403948
4.578,2225.08852875182,1706.9969625672359,421.57945468693504
4.578,2121.275268826759,1730.864277866337,440.3543367830271
4.578,1989.2357891097327,1703.5688421659631,400.9152148905878
4.598,2080.2021793652957,1809.978842495833,448.39575837278187
4.598,2086.855817720298,1836.3754073429477,438.41202573989324
4.62,2063.8421538285975,1691.8934120170552,453.4673420207693
4.62,2128.7982816007598,1712.7091603715592,432.0021579927538
4.643,2072.227646012349,1769.5503609380341,435.53556402729566
4.643,2188.861043842899,1784.7715290752255,471.2210038659787
4.662,2048.097461466255,1803.5617696425986,402.2775624049937
4.662,2099.467734650818,1715.7863658783954,475.4393813505185
4.683,2206.9365960492655,1730.1432853784893,477.05244743770993
4.683,2188.5293287690633,1702.66836090677,448.2056915006831
4.703,2154.665766212553,1750.5724568916105,458.2132463352749
4.703,2084.776292434641,1688.532538951673,397.6472348641913
4.723,2088.087805135262,1756.399065771027,393.3715647889393
4.723,2124.512845511987,1760.279539005779,417.58451881656765
4.766,2096.3281697041184,1806.4711979133756,469.7678728999453
4.766,2225.2044745687117,1801.3010645313475,410.0338969033086
4.766,2272.1287193166795,1816.9979545561073,438.2835210921609
4.766,2164.431360497193,1704.606158032239,433.3246640317455
4.767,2060.5168426082446,1793.255989094571,452.0720109859744
4.767,2229.8533430513403,1698.5437195925144,416.46059855413876
4.785,2203.291444521728,1611.2297261944775,456.7609626076055
4.785,2138.5191107359938,1656.830277047941,462.76016242780395
4.806,2218.023782013861,1776.5991198447448,485.9387222707587
4.807,2249.5906428121107,1787.7630631081545,395.9473994804951
4.827,2310.720604244964,1763.4459282236828,406.742069584629
4.827,2052.0657477890963,1724.808825151755,401.2004148481346
4.848,2107.561088682913,1789.2333745916847,401.37303322209516
4.848,2185.9961474583934,1946.765631848787,425.3067808350673
4.868,2156.8173865362082,1675.329474667966,440.493527011993
4.868,2241.5112934444505,1868.8863216973104,395.18148350159225
4.891,2039.5818126056731,1829.9459676984018,417.5359553359258
4.891,2219.6397639883226,1811.9460095560912,440.10120098393526
4.911,2207.4576685552674,1797.0852933094454,436.2950249882063
4.911,2153.1569902465653,1687.1734956421203,433.8542647766323
4.912,2146.34919697306,1656.4916970890895,436.82307751528964
4.912,2366.753985137073,1735.23286114573,409.03970231854447
4.952,2121.0867950396682,1639.3640616639584,438.3702864385529
4.952,2063.5566536562415,1821.9883644271388,447.72855519549677
4.952,2134.8811314917184,1658.4355841800977,419.45666586316236
4.954,2206.1407065409503,1847.6368900929988,414.5191437581039
4.973,2278.0812341855367,1681.0747264512609,424.5080176282196
4.974,2218.28890930374,1751.7200308383335,449.2478446940566
4.996,2201.2210736060806,1862.31428432544,444.4234800917955
4.996,2088.8102436517042,1803.440982923429,436.8349610401374
5.016,2205.4588156415866,1767.0947291306381,423.2942335669168
5.016,2166.569670050266,1724.7838563596658,457.128050982002
5.037,2265.1472204306883,1813.935514915735,411.053624887496
5.037,2173.742149010633,1748.9325160374922,446.4787343428694
5.057,2252.322325840496,1860.6666993445758,462.51976002690185
5.057,2276.166190878176,1700.207210208462,452.65805011947947
5.079,2274.462820237144,1636.5413806241286,453.6217740576605
5.079,2139.982076944296,1886.9571268039122,447.0815793629116
5.079,2197.7901570501535,1848.5517308579845,429.45996843055286
5.079,2097.304427697516,1667.3352096851133,431.0700405347133
5.099,2141.4992818802707,1697.3802004061058,455.3356797138121
5.099,1955.57928621006,1829.361609933973,417.5297629724252
5.142,2218.1637174538737,1626.8749910783874,449.9284611829621
5.142,2212.009489269347,1742.6586710149402,454.64277091463424
5.142,2168.8269129772343,1883.0061613612736,444.6061795126063
5.143,2195.1813172802335,1759.5620411785305,465.0758634988323
5.162,2042.9189265186046,1734.3930784964864,445.858242081649
5.162,2109.708287988868,1870.1764335238054,440.54447354521074
5.183,2083.0066490177715,1761.454215917926,437.97867732633773
5.183,2004.2049548008417,1680.8554964720604,414.08546771737485
5.204,2275.549930387246,1675.3929349712816,410.5032666917236
5.204,2246.544024497054,1690.0665903617637,451.81149920692553
5.225,2131.9399218832623,1691.3309638757682,464.43175059193067
5.225,2181.9257272628265,1974.460447518198,449.47297754319504
5.247,2261.7906905111618,1686.6129124249287,457.3748291554255
5.247,2150.8679633406464,1589.3790256822526,456.0814191883638
5.247,2245.7967775772777,1732.8929378054108,426.95617750390795
5.248,2079.1295005957318,1775.106403814208,446.0898181751182
5.266,2148.041559023329,1777.8998230831858,465.86968043661
5.266,2144.9306114840138,1805.984807421615,474.7252961907111
5.288,2091.519226087849,1727.4790907209292,491.4755551516982
5.288,2260.656454925998,1746.643578099314,455.0916084986562
5.308,2088.286184966752,1758.7832429271702,437.03706973281703
5.308,2077.116631451268,1767.5894740266494,424.6734117415516
5.329,1992.1354727671603,1726.9529402728751,451.21677971532534
5.33,2172.469328279136,1860.25477822408,452.51953262160976
5.35,2165.201983118971,1718.3404118171982,453.232121310562
5.35,2027.1631415312654,1870.7108903176609,427.46636239870196
5.371,2276.9285228842855,1773.0902832112242,456.4596892443974
5.371,2119.82848374637,1618.2723376983163,430.13201053678614
5.393,2278.70352441976,1757.121451527566,412.6285348871678
5.393,2159.839804474777,1807.712343086628,432.0881546533042
5.409,2170.2922690817572,1690.8350784655952,473.0793258693263
5.41,2308.4903341678028,1918.964387304224,436.08017167377477
5.41,2281.2434217584937,1808.822271965466,440.29728964689434
5.41,2207.015693712717,1821.9181073185798,403.0119609778332
5.43,2243.9922480089185,1862.4531818880625,418.23753620487264
5.43,2236.313741363491,1753.4251388496994,453.2321706176024
5.453,2154.9135311713294,1835.556136319885,402.2455553000115
5.454,2126.8735520951914,1758.923211832589,418.584015661635
5.473,2012.5918195608165,1802.4302856012268,402.348342267675
5.473,2112.2164407842183,1752.41603445123,439.25466856854945
5.494,2167.3312483396317,1785.7878387922144,435.931556591332
5.495,1992.3278870473082,1827.4723240906687,439.62694714863505
5.517,2104.936304414265,1721.2420343008994,445.5588456339489
5.517,2133.6812553467116,1779.5488805716,417.44123249296814
5.536,2145.7977458051314,1912.5273838574917,430.4559435549627
5.536,2394.647922438532,1930.5405368716783,462.10852893073496
5.557,2374.832162804528,1884.6000009321488,407.1895466506631
5.557,2265.8044309779216,1821.3813078121927,470.3345679742826
5.578,2324.8828349048945,1726.243962397168,430.44103241462017
5.578,2215.921197625401,1706.618390485697,410.8883144001605
5.578,2294.368304351443,1757.2857124257416,464.32857143453015
5.578,2244.1025987656367,1778.2723486112175,468.183891138265
5.6,2175.1395380352374,1792.3144733369475,460.22980119104557
5.6,2168.6917305863426,1923.589839163241,434.7708733637484
5.621,2232.2925887356764,1784.7578181038837,460.0249169578964
5.621,2184.4874269545426,1926.6769129794393,481.8801506621393
5.641,2100.208723765034,1847.876697804525,437.6974771112412
5.641,2125.8790494341088,1992.3944259653433,411.83054179727463
5.662,2268.4704404253966,2107.6692361355144,394.46241639690686
5.662,2250.4420271852773,1926.1491675891566,404.35472031570475
5.682,2087.7221794673333,1893.7767641496641,441.911361634602
5.682,2296.423209200627,1965.6081263533158,467.9388112171707
5.704,2249.1765495712457,1926.2262192725418,389.0712820069839
5.704,2181.9303801261385,1853.1193723935544,416.26070022726293
5.724,2285.548571486147,2016.4283404637563,461.61824684486857
5.724,2135.431557797361,1973.826404892997,447.7556367501881
5.744,2298.980157926042,1945.8241605551523,420.9315085691662
5.744,1980.986255140843,1976.4006252134325,419.7470959269905
5.745,2129.0142575662708,1996.3339185959953,381.9763119762395
5.745,2138.543569106954,1978.510687565622,404.1001177104482
5.765,2106.8528626343536,2020.9541779177105,388.24456711567495
5.765,2132.306045710447,1921.6426041495547,476.20367098599024
5.806,2259.6138491962256,1879.916422848477,426.64012513603444
5.806,2276.8661738430783,2065.0226017801206,436.78595646072955
5.806,2145.9382684980555,2039.4123872464245,442.86100652550084
5.806,2133.6295213600815,1929.84208185163,458.82474419339985
5.827,2286.3764275437907,1811.4094341288337,426.324775787927
5.827,2158.5841025527507,1963.3152503915073,452.6452843208643
5.848,2140.9079636455217,1950.4701214859201,434.87171461278643
5.848,2068.1054789352597,1972.6159333905136,464.8345639159268
5.868,2178.1104935217472,2091.0771828277925,439.53592155270496
5.868,2265.874723805591,1957.0723102800132,412.66120443377326
5.889,2188.761215386862,1845.9303457366138,426.449964000972
5.889,2189.361928415207,2040.2036466362224,450.3808697120324
5.909,2242.599649692538,2005.7113843596267,437.604555656193
5.909,2219.5896856756913,1967.2418389892944,415.6016045133435
5.909,2020.0165493622328,2143.735879978204,445.0325308215113
5.909,2152.7208466936017,2044.3621097011624,483.06682599280833
5.93,2386.5195619435026,1991.9454107152426,461.47800864096246
5.93,2193.5699585158713,2095.524679930336,496.0768930836896
5.951,2230.7903108203163,2041.199245139798,451.3589642803156
5.951,2055.8534942861916,2162.9990823063135,404.372804340246
5.97,2038.6595311721264,1950.3509392444398,435.4812694503039
5.97,2147.8386069790267,1949.0127914218072,432.2842738561881
5.99,2084.8190747782437,2005.1147003197873,456.24674913711834
5.991,2006.0670118041467,1913.1323244950188,390.8430827446716
6.012,2075.224345305266,1881.938909187882,409.28098978106067
6.012,2102.2338353566956,1968.0371880939572,414.5965406106357
6.034,2131.63396178323,2107.668894842411,436.34187787869865
6.034,1924.9185393971827,2113.781800007123,415.7514903831573
6.054,2204.4381969040646,1982.4307336388465,411.50665047100426
6.054,2302.5755727287196,1863.0873403830303,424.54279195076964
6.075,2317.6564554734064,2053.482288231733,463.73132082861787
6.075,2028.961324318823,2047.5775627659202,456.62631375825237
6.075,2019.2319765113193,2190.714132169335,454.00681966023365
6.075,2262.411211943999,2003.4338715516456,448.98095550989916
6.096,2267.123445727334,2057.107169282963,459.0897777451141
6.096,2232.333672624413,1997.2126212695182,401.08338074849553
6.117,1960.1947354109336,2031.3939224611954,442.2683193334147
6.117,2157.426563354206,2013.7367966800794,417.2183221220265
6.138,2053.878009029761,1894.4825374958743,420.49536310512167
6.138,2137.425146636724,2126.8909004283296,478.35615408551024
6.158,2196.0487273665003,2119.9675306826175,427.31410557742
6.158,2084.594429461881,2051.0237067533667,472.92817334308523
6.18,2109.419194166054,2084.165690205274,458.68371122979795
6.18,2247.4140306736176,1948.2210340573256,425.26862507821204
6.201,2313.2132959902488,1946.6445634542129,459.00288685013555
6.201,2329.027584738747,2006.8654244294873,430.99978029222865
6.223,2245.3582932678473,2146.686816639734,447.6009042090793
6.223,2239.0128611827563,2004.6760426579774,447.58402267012633
6.243,2206.3981524834435,1914.8943720874736,434.18202284226794
6.244,2170.7187707113485,2034.5406698223471,442.27953373918604
6.244,2136.5552898222722,2005.6305586519766,413.48664965160435
6.244,2233.1979397274245,2018.5003632770577,470.15177436009066
6.264,2365.2897115567926,2093.1115745466595,462.8190744000281
6.264,2144.7952219942536,2119.812027426822,439.6890399243609
6.284,2202.490254144794,1917.879217554204,432.3552672135294
6.284,2237.5855122091757,2248.836825291871,459.33951028751216
6.308,2091.9980399211063,2109.2803369883086,419.6060737860527
6.308,2171.444489947491,2181.923932846719,390.08300300997456
6.326,2209.542049218095,1947.5196702855246,402.127659505967
6.326,2338.96201403871,2153.931535027914,484.25400485373984
6.347,2202.7133915289583,1986.5423836523905,441.95147817795913
6.347,2222.5403050686514,2086.0440534350478,456.42656746848394
6.368,2100.5495811511873,2139.622862109688,425.9624773152843
6.368,2129.516409443269,1974.5407442071873,400.65854735247615
6.388,2276.0896859786612,2034.5394655780974,398.4738920131017
6.388,2304.005766062199,1877.8626036121748,459.75835661740234
6.409,2207.808589798683,2031.5306448212891,450.52956484116675
6.409,2116.3574924774084,2109.901949788659,482.1254251374395
6.409,2097.0701515014657,2093.7177021505595,472.0123886387783
6.409,2251.220688189297,2151.635857042253,466.4790756422097
6.43,2192.449512737447,2058.842826949322,469.54876875714945
6.43,1995.041125626356,2086.089090315166,427.8404261344248
6.472,2068.4475683067476,2000.7992530836875,419.6324617979411
6.472,2176.669544555849,1933.8654132517559,471.6109829598543
6.472,2302.0031603162756,1860.3226215372279,422.43294285906705
6.472,2180.7602811005486,2054.330321441243,412.326364252523
6.493,2086.4642948182427,2109.1966359471626,403.6377165959879
6.493,1953.9031011506027,2076.740398099024,430.40653589177333
6.513,2194.9500694215026,1981.085847861505,408.48520914530604
6.513,2132.8560333098867,2145.074328329502,453.0469434279272
6.534,2232.1866735270887,2024.0675155317697,418.3943555677853
6.534,2112.8819816676682,2090.2130740787834,455.6318556257526
6.555,2251.4544077318983,2074.4184059250315,465.8793803071015
6.555,2316.512344229817,2060.730124138696,476.5707705510075
6.577,2328.944890002024,2045.702463536159,458.55615891124506
6.577,2120.2619846086577,2001.0338349345031,444.73652814368637
6.578,1992.506481907266,1841.4491849909523,402.28200539298473
6.578,2125.18261814478,2075.8446167401135,425.7324198958857
6.597,2104.2325771811957,1946.0862149351944,397.77367954698656
6.597,2118.879145054332,2009.79147374368,395.44623901194416
6.617,2138.974121655511,1991.0933983354953,409.1626270048386
6.617,2242.4072916931596,2095.188570040685,449.2337403388295
6.637,2061.02974479406,2077.4460856603278,448.16306242289824
6.638,2239.5717644978654,2078.210610349933,385.9747298841745
6.659,2186.3414656348896,2154.091827333221,429.75710203625215
6.659,2194.3046567157703,2053.659942421922,418.96980771417134
6.679,2177.439791796574,2084.156150294289,442.84792278564237
6.679,2190.376117124652,1983.8054805640063,477.291846574408
6.702,2333.0235002239892,1903.1192545065574,458.6082239226076
6.702,2147.7661243338066,2042.7467427244044,446.3512628055051
6.72,2157.291774037334,2210.5792039974067,447.0907808274405
6.72,2130.0173785037177,1979.3546504588546,433.68205025785005
6.741,2272.0913336783865,2029.9109275086128,422.2928468618967
6.741,2223.8955493630274,1982.7499686314297,440.6937914528386
6.741,2029.0744447918062,1863.2106451930297,415.76769680200977
6.741,2165.4443853017365,2124.7110107355006,439.8384158160605
6.764,2219.0357758856017,1996.68605890415,432.7818113141757
6.764,2077.8765894702988,2000.553797805013,431.89108496342755
6.782,2336.828101365095,1948.22886255033,401.33551162234266
6.783,2206.741061756717,2266.7631545876284,465.9711215016783
6.804,2277.0910919455787,2137.467047486637,469.081135259366
6.804,2194.6437524201087,2134.037287523408,436.40712829060834
6.826,2080.7711682537483,2101.1541119379376,455.3598663240083
6.826,2130.1031604478894,2047.2660144612244,419.3728128398834
6.846,2094.540094159472,2055.0840250240053,381.76393893321426
6.846,1993.6255442125707,1974.8059013938514,433.300616284739
6.866,2255.6553560145517,1998.2530574559842,398.58845401816217
6.866,2354.946740562742,2046.4967623920013,444.3147861478872
6.887,2310.811592100881,2000.1905596027777,406.9631729449163
6.887,2172.8351527339373,2013.1410245592963,441.90549299368945
6.907,2194.551446303395,2010.0359752994275,437.2025924679735
6.907,2227.2302431390926,2000.617074795442,412.6554774793214
6.907,2323.346746448398,2061.098051576339,431.64853741419273
6.908,2201.8280131421834,2133.3698901790353,409.1498502028051
6.928,1997.7906942353948,2083.05506878422,389.4996825386606
6.928,2160.612728843298,1943.785138838592,416.6506897644265
6.948,2041.9051765194465,2183.893838336847,443.7056109172264
6.948,2309.384422267898,2071.0056807724714,462.5023888037827
6.968,2160.763268500255,2072.853523783839,447.0449444756683
6.968,2154.0249605091963,2067.5083196414366,420.42864119267966
6.992,2064.439197515178,2145.363080788101,448.78247492292513
6.992,2143.0729224877446,1979.363367243268,437.45543053562557
7.033,2245.2598315934647,2040.983870204399,466.3419448348283
7.033,2103.8900251936866,1988.7998109984114,424.73023605056795
7.033,2178.0699396020204,2150.996154428671,436.4015058345733
7.033,2143.808631219465,2167.2339130562477,441.4388393340644
7.054,2119.7440456461286,2044.0034097098887,450.51316443091986
7.054,2163.3419495251915,1973.3991600559004,432.4884336996669
7.077,2140.0131026745503,1980.9887592732357,467.81495346674643
7.077,2195.696128543578,1983.4401792572262,402.1052853545102
7.077,2094.2452046089707,1979.7235950374904,427.80051179238893
7.077,2232.851401776787,2153.9940153332664,444.6823458326141
7.097,2046.0570673416746,2075.786573023196,447.944767985477
7.097,2088.907066590218,2047.0117912509268,386.7160137835096
7.117,2179.3366382086997,1947.8684911974271,426.9527234223881
7.117,2171.0608319732214,1983.0735578968993,421.20291092061467
7.137,2196.4639103877703,1970.5439887582475,442.1095992587019
7.138,2226.983489434376,1985.2812819974185,393.4788046008525
7.159,2198.677792638118,2096.5994321154562,408.03733395895415
7.159,2118.4935308264135,2052.7128060694267,410.9315602533819
7.179,2087.5853728898737,2146.3014643486895,418.4411414655381
7.179,2181.1727174863786,1888.3853826129925,467.92921775268013
7.201,2177.672838598892,1994.4557696464688,412.7541095864561
7.201,2254.948259452843,2164.354358899274,391.86535385301545
7.223,2230.4410564039053,2223.4472092805627,387.1830398507586
7.223,2183.996111108146,2039.9817466249276,429.0503117922492
7.243,2066.554366788958,2186.131124947521,413.07117538625397
7.243,2187.311150905068,1992.3343223480401,472.17036180964556
7.243,2140.0104608042193,2003.0768454348338,429.0576762733422
7.243,2225.615897537786,2009.7349400235512,463.2323583337398
7.264,2145.4187162908997,1969.7743901912022,461.7081299839725
7.264,2090.4250695505925,2096.4353293831077,512.3009986466388
7.285,2107.1155085171895,2111.095544857677,486.8389762768738
7.285,2159.674117066915,1966.7953492897577,440.27923662440344
7.306,2086.6485579753808,2033.2169878781917,459.3977515877173
7.306,2034.0219760827244,2016.5146222349656,452.10596312252915
7.322,2275.8043756685115,2174.5397898852357,448.36644847400066
7.323,2188.3818778006425,2109.0022978000534,370.35311042331335
7.344,2124.536869684951,2101.4162938298327,393.78111886133667
7.344,2186.163632864299,2148.9210255077082,452.77152550088624
7.364,2000.539742795769,2080.78498822629,436.9018596874903
7.364,2089.0442226121904,2116.1096923236787,469.54970873536223
7.386,2054.714151197115,2302.060631493075,446.6828575544076
7.386,2067.258079649859,2046.5901907849625,387.9658076474025
7.406,2174.646038445034,2188.704456502551,391.6808308695585
7.406,2142.124305793829,1959.4712674977347,464.40937229801756
7.407,2143.469742441643,2179.771674380366,433.06385255950033
7.407,2076.7967465202873,2076.7908766813566,393.3058089652324
7.428,2118.985147618669,2089.8348273164165,390.0546669059616
7.428,2234.950807747702,2071.9479015250977,439.61100806160107
7.449,2126.113903489099,2146.7657397336316,415.71539685938956
7.449,2224.6083894312815,2061.777860910675,481.8389769686854
7.468,2201.311584544349,2125.2786259118766,474.3737833844159
7.468,2116.605588170759,2128.892608001503,490.447453416438
7.489,2126.6001922815576,2131.189776121808,454.86818095164904
7.489,2100.9060701748035,2029.4671877454007,465.28481984120657
7.509,2059.3010526469034,1992.86392525503,448.9067702965779
7.509,2122.2148969412387,2091.5898271791675,489.8185257071747
7.53,2174.6774587280916,2081.0879766782036,448.2760346469659
7.53,2176.379736417888,2135.870265803925,455.8042603695137
7.552,2283.2153459068536,2023.6188643795401,428.9307229367211
7.552,2228.3279419647515,2105.8084299170855,440.28233199549874
7.573,2156.9239604023774,2044.8468642406094,446.2682155249401
7.573,2188.0979042421336,2090.8540746254935,385.8553465629263
7.573,2177.1594270496066,2068.9081715601674,420.59464188827957
7.573,2037.108519883836,2031.8607663229584,457.3084771694121
7.595,2130.5873211128114,2015.069089592242,419.8868514214525
7.595,2215.93837908528,2050.7321145911137,416.97382775924814
7.615,2244.2593161504756,2136.6350146367354,406.90893749516954
7.615,2169.611156381909,2052.4557355157763,418.5449408416004
7.637,2200.096107939206,2046.7737391764422,435.98543605812995
7.637,2195.475036190496,2133.493235109733,475.47114138454936
7.658,2245.1973732651254,2100.7628884250003,431.2826949024214
7.658,2148.966517982001,2071.2158237355875,392.0106634793143
7.678,2035.2531046969366,1964.9391788157454,401.45976591193096
7.678,2225.5953726002476,2160.465487129881,430.9882287426485
7.701,2260.758197176385,2014.9639867179947,432.80420148978646
7.701,2282.4763890072295,2159.6317667042476,378.617235803855
7.722,2111.640221552715,1987.1288007736325,395.90507621739334
7.722,2210.179483781707,2039.0984974868866,398.2784187772765
7.743,1991.8707064819946,2018.3832927657577,415.01716814711216
7.743,2197.8937951559997,2193.5902462176286,434.45185574989546
7.762,2283.770475247024,2234.2365615510994,472.8892542733185
7.762,2247.849035631734,1965.509986889333,418.4776945533622
7.783,2032.2952529739348,2220.836582573049,438.05548958149234
7.783,2101.470138877185,1920.4735145317707,430.0620813944948
7.783,2244.922478197391,2088.941532315131,466.64843466706657
7.783,2075.8400054653744,1968.7432160111914,420.65072614770907
7.805,2315.179733060568,2044.0510579393442,448.97966115700785
7.805,2258.6263240439494,2157.7316099240643,504.45505355629905
7.824,2333.192320094201,1964.9248491129883,441.17426116186215
7.824,2257.418262359357,2028.6371337442656,430.1262725426812
7.844,2214.3158683373554,2071.4274564986663,420.18104522989483
7.844,2192.96025486808,2123.0326552284982,471.82607315580515
7.886,2314.7744415287043,2186.5826468006753,505.43242942147657
7.886,2051.710503084188,2163.793319923691,524.2025767300563
7.886,2132.822438117746,1931.6040972771502,480.2574228728108
7.886,2183.6639622657613,1951.2230941957505,430.57976504040965
7.906,2191.9102939191107,2099.504408141419,450.38498839253174
7.906,2125.115698402932,2058.4036525407196,467.9828574285274
7.906,2224.3682992902022,2042.7224992084075,439.5336470890389
7.906,2323.1513678020565,1874.0410224801224,431.6042832606567
7.927,2155.845031686694,2011.2457889273035,438.004758501374
7.927,2133.7425303940763,2113.1107287732916,430.4312668107064
7.948,2248.736056074836,2010.2923571371887,459.9372736717424
7.948,2310.552416332458,2035.482872422691,463.9411661726506
7.968,1981.7746869102186,2078.633763992534,453.2451655341805
7.968,2074.6201768703304,2175.214700246295,360.99461663044895
7.99,2101.8393451595675,2056.8671654606947,381.3358521264276
7.99,2132.7477314191997,2096.387500403067,457.79644283903775
8.011,2243.8782610703547,2083.73825882176,437.67384553008503
8.012,2275.0241205877905,1913.819590445352,424.91761465538355
8.033,1947.3395605757948,1979.9319851039986,455.012929061478
8.033,2281.8678984436265,2152.205747234316,381.87313436520543
8.054,2169.980941106979,2029.455985775958,373.80611441730747
8.054,2130.1164471529896,2055.08640104888,452.77971854553255
8.075,2137.857249175742,2031.7749893372777,470.8811669695162
8.075,2238.763787763757,2067.4898717634114,434.1748066598022
8.075,2205.2232949754525,1935.3048124093657,431.5561612775524
8.076,2304.6250654863547,2193.1072598610504,464.88828936177106
8.096,1988.4475173772032,2137.825951098734,467.3135758567118
8.096,2065.847209296257,2153.417642473464,478.108260928249
8.116,2245.6052629922197,2098.430007033996,469.79815517126974
8.116,2080.008688826165,2112.3538095722383,482.50098788512383
8.138,2230.0298810702293,2028.674706996427,473.9386253933912
8.138,2117.422820177394,2038.2730580706523,427.2707573180234
8.179,2244.122728029809,1966.8273160622048,424.22936357290155
8.179,2270.8711925968237,2112.0488103236357,416.77052972621095
8.179,2108.425547976873,2142.5743931430934,415.66345010014635
8.179,2219.2534724588936,2136.1400823087365,427.4638505309588
8.198,2323.180307067903,2121.03700702647,450.55707893738503
8.198,2047.3968210742432,2089.98732023259,426.7080582070064
8.219,2202.3226538944846,2177.07118650856,427.4633640331597
8.219,2256.5545834014315,2016.6196648102218,478.61035770345
8.24,2144.1340379252147,2022.17333100227,463.9601792661741
8.241,2319.762424462118,2039.9423806419993,466.5408362589267
8.241,2023.7995818059558,1986.821472341178,461.12304805978766
8.241,2094.202672542047,2051.8813802065038,461.2824356372609
8.261,1995.1770584372723,2108.2442639887668,484.8492748556053
8.261,2210.7690406422244,2100.0770258928073,457.9467487046896
8.28,2196.7922159181885,2124.256114715126,469.46338977121803
8.28,2197.9091019262764,1967.3663662617146,458.1582818122229
8.301,2191.7388701367477,2046.9719358188372,484.1092199423256
8.301,2149.3771867199653,2004.0405088448833,461.0790710279812
8.321,2211.8116822224365,2108.3057514293787,465.365225460503
8.321,2158.7472618885977,2054.3179050027516,438.97436373554524
8.343,2468.7849206157152,1998.9341862799226,434.97055821765946
8.344,2094.090492643783,2067.399209698399,469.9088452757163
8.362,2125.4719789244873,2036.5004709407897,471.6780149507711
8.362,2221.182710726668,1995.7290443696868,502.1598070938998
8.382,2134.1741672833255,2168.492098680693,455.3690219728444
8.382,2225.1358455631803,2124.2893398818264,465.91055945706233
8.405,2419.394402760281,2007.8283786925176,478.82154712792624
8.405,2229.5564748951683,2035.09753496996,436.0860747145042
8.405,2114.915667622025,2127.3927710423213,473.99325210574546
8.405,2227.832997010725,2073.0229482966115,408.3442013810789
8.425,2201.1427335252756,2017.771637265762,413.6878213876921
8.425,2266.6231246023635,1901.4551010420957,427.092466052626
8.446,2046.1335981497552,1900.177921663469,435.875068250981
8.446,2090.7684958771183,2079.488444577373,413.80678091736723
8.468,2095.467102047088,2016.1379563493256,448.65311731361146
8.468,2294.8002518932162,2054.1164496104057,458.3618000790382
8.489,2153.6346952538643,1983.3578361969767,439.25077842179223
8.49,2273.3808066540246,2082.7373422768405,444.3287715770961
8.511,2145.546677742449,2096.485625409985,472.291700901292
8.512,2165.9896843190822,2102.0389083947916,427.3866492849078
8.533,2278.721094117222,2021.9463267253457,423.80328441742967
8.533,1917.8730251955346,2088.6955747618827,415.6368621349731
8.552,2272.2234951235127,2103.7958704521825,443.67881828707397
8.552,2232.7426870989893,2072.5160687641983,422.0426607131451
8.573,2096.616894897957,2022.4023578768208,456.81720435330465
8.573,2218.51798090102,2007.6570828139922,459.25639285128614
8.573,2241.2236413651367,1929.9292355784728,432.82412143139425
8.573,2189.4673626788876,2098.1609724137634,454.07898472653096
8.592,2234.427135229599,2084.366659552279,423.29582682593576
8.592,2202.298013416307,2021.7917754961056,456.5430453103672
8.613,2181.0446601436706,2031.2363286868047,444.8621209419986
8.613,2210.891876477184,2121.173572232718,434.7265703416036
8.637,2196.6206528307107,2107.98840977129,422.3914624531863
8.637,2159.5466166843003,2036.5559643982704,447.3568825950736
8.658,2372.707614911134,2094.9897112730987,438.0851634291035
8.658,1914.9589480518616,2049.1592387373303,456.88367602245853
8.679,2176.6068508801236,2191.335735727874,433.7173933047853
8.679,2191.46429558694,1943.8831920377884,451.2545974554786
8.701,2250.415899723561,2176.739657121647,483.2681097876022
8.701,2159.2112938024716,2107.099221812271,447.90065694565965
8.723,2205.589280141893,1995.356086835645,427.49012985799556
8.723,2225.1190231299856,2122.8941753040463,442.5417503940632
8.743,2201.1070602742616,2068.984653048545,442.93417424637386
8.743,2136.7381594264093,2195.811743589064,506.16953644890845
8.743,2109.1238940934495,2111.7343408795673,469.2197868340226
8.743,2040.4355692311492,1894.8715811450732,448.0280766463601
8.764,2150.2410186230463,2172.1509722764044,427.4925523832478
8.764,2227.0221763279337,2036.2613209063563,473.38849943363726
8.785,2290.2419210898615,2016.494246430269,455.4610064980321
8.785,2238.6403820848036,2048.3376327541555,425.60396744585364
8.806,2089.5155288277356,2168.393033667174,465.443584075312
8.806,2204.7784007280147,2077.0140375395704,474.645993455828
8.826,2199.5086591493596,2123.2316197764044,487.23154015475546
8.826,2115.5625482849546,2180.2943476206656,492.7780188904762
8.847,2146.6113720131675,2071.6121923995447,500.24976532677897
8.847,2195.390089983693,2027.214734991223,422.24727421765937
8.867,2210.01679599341,2197.0940571241204,426.5702474980651
8.867,2275.8357250333233,2070.173657500424,394.3017841384459
8.889,2197.355485985582,2000.6577902162878,439.21469245469666
8.889,2123.81896526125,2081.5070381906403,439.39439430671734
8.908,2139.024756556904,2031.0431567284359,443.2376326425663
8.908,2087.8401126633585,2154.0382282835367,442.8711137104788
8.928,2120.3794210915303,1943.7494952260604,476.8836313901113
8.928,2229.821466384014,2125.096222190454,434.3913683830651
8.928,2124.817118190616,2046.836636214378,439.1628749749768
8.928,2052.4454325598012,2215.2330498086167,416.66768252209033
8.95,2253.6689996274845,2086.3840394443814,416.50426917704067
8.95,2118.052560204279,2167.1744178459244,404.32068743896707
8.969,2245.156808214008,2147.8938473000185,401.9182437805629
8.969,2247.1380574092154,2088.44846497011,423.2998381084984
8.991,2096.3815633033882,2087.8119385522355,347.473297421951
8.991,2109.1104068030945,2089.0134728005432,416.904753553897
9.012,2216.8319780260304,2003.5819068670783,453.1585345991647
9.012,2268.0424115060346,1969.552946900613,425.9010623409162
9.032,2063.4841283765954,1966.2187713275648,451.96862711056235
9.032,2287.0854128873684,1964.6142939350611,439.9679833038755
9.053,2269.7168398331355,1931.62002075903,452.9527622039058
9.053,2197.537543529283,1876.689948660614,465.47649929759905
9.074,2287.92046953717,2084.449235863269,419.0192675957099
9.074,2274.6129459170425,2105.9399238889696,451.20035293940373
9.074,2134.532844153709,1926.1787253556745,471.3103760165454
9.074,2149.8653145700628,2066.3168129517753,443.1014911098208
9.096,2073.6267417321105,2134.3250318194364,448.07994427535806
9.096,2207.9815028375024,2077.3701149105,468.94330205531145
9.118,2106.569212018051,2004.854048882018,418.428676675672
9.118,2066.8442010774943,2065.594920137218,464.18802511284093
9.138,2219.299842971203,2074.589167500877,445.59987451619094
9.138,2261.135722295461,2117.296199453333,420.42301211073
9.159,2187.542645142706,2139.564958346135,463.39008097648434
9.159,2054.049590538889,1934.7509722171055,406.76243540519863
9.18,2051.060229266084,2220.243122273111,426.2534279153982
9.18,2184.456028877087,2201.647568650631,424.19863959242844
9.201,2249.7930657632683,2038.5805626599201,450.0542677811976
9.201,2268.2287996413843,2247.009252770416,456.2262486793249
9.221,2177.978838705974,2062.3219715460714,496.99003641475764
9.221,2117.00662429608,2116.9543945720266,440.6501770500231
9.245,2253.627107392791,2046.5031605882725,465.80134930301256
9.245,2218.152707227668,2185.9885009728637,447.2706119665611
9.245,2074.348616647434,2165.2393904621636,459.38931836878504
9.245,2312.308236581043,2097.2225420840987,440.76452991444927
9.263,2187.3976755908093,1972.736612407884,438.50548967179583
9.263,2212.8212304382355,2042.2409260289155,429.649152951169
9.285,2242.5856098247564,1883.378465218773,428.1285814050665
9.285,2239.931968060929,2040.5511804575203,455.3734387833365
9.305,2118.785235556574,2108.6742018684745,463.2268093551676
9.305,1986.3408102645642,2007.6532255058137,430.06287782650105
9.325,2201.0350139715883,2098.696889869565,420.904133426065
9.325,2240.8316968832096,2210.176252257689,464.0880139621094
9.346,2259.8228916220055,2060.925673252962,473.7400279065609
9.346,2243.9019185261254,1853.9812476255001,460.85591209959483
9.366,2169.258501521879,2187.700961794396,459.73184692341107
9.366,2066.171872956211,2057.5883911235055,425.5485466372625
9.388,2162.337353800377,1985.7818160744455,441.3047530653954
9.388,2116.728108028943,2049.7423173744046,479.56164601574875
9.408,2229.5011238978973,1949.4825918814242,481.85379897385326
9.408,2220.286189827739,2144.844775838617,462.6292057760763
9.408,2050.022565695963,2320.335649803769,481.74781216764165
9.408,2313.118888417503,1972.7201182747117,422.6913574727023
9.429,2059.600793207849,2101.4339756533163,411.46239161081286
9.429,2133.578296787361,2011.9584843502116,423.5804750833266
9.45,2224.8352939792935,2124.744606638053,439.182210041599
9.45,2337.057991985445,2012.1618769166034,444.9080579212115
9.47,2194.52389926932,2088.7279199659392,479.06414569186154
9.47,2368.360060086718,2025.4726598612008,457.6082273647037
9.491,2161.3264213405246,1992.0287780796803,447.3666845421358
9.491,2087.46625446716,2152.600829438602,442.96314024686507
9.512,2268.227210307242,2180.5309874289146,452.31672793235043
9.512,2253.547063350791,2027.0972284169254,443.40585727937844
9.532,2216.1243616127826,2017.3857823751637,409.2585324210994
9.532,2109.459392269836,2162.4000534733705,479.5747639623706
9.552,2440.0563708680484,2005.9504621730803,514.9311622363547
9.552,2194.2358906124746,2279.2055803602434,451.0171035468718
9.573,2151.422330052296,2171.483037794314,458.7603277806596
9.573,2207.9936604056224,2156.074572552878,474.00567147248904
9.573,2223.12930900436,2016.1528717715216,464.9288790838014
9.574,2248.1700653776834,1918.3702701046595,448.431909232103
9.593,2201.1808292749142,1887.7737124996374,475.9368217112084
9.593,2198.9961616521664,2019.02492182379,432.66257061298927
9.616,2036.9563122864959,2005.2197218728677,453.32117742258293
9.616,2101.7785463489836,2028.2602170753846,385.47342564095555
9.635,2202.0617640896494,2085.4315750714295,390.40377973349655
9.635,2277.444007005075,2055.99703924365,445.5228030897661
9.656,2158.992881225052,2102.7293933754404,429.16000477480577
9.656,2209.7776508296893,2042.493786348342,452.7778781013302
9.677,2209.9568763287616,2066.3804218455784,464.389452878705
9.678,2160.5461270293094,2049.986604210964,433.5931392394689
9.697,2138.3573530795115,2049.7504782189076,435.910815635377
9.697,2106.7569465771508,2103.7144973938825,400.46191805091337
9.719,2086.234107306015,2108.430654089829,442.68833587772787
9.719,2310.698320723838,2166.357670390742,497.2082053092064
9.74,2050.231128261311,2144.301070684786,495.45049298080863
9.74,2225.929280447406,2004.0925198563045,437.3783626316376
9.74,2191.4383015591434,2004.4225157047154,436.13560398046974
9.74,2197.1764276188323,1924.0773673007745,425.9039721854827
9.781,2281.0192030463886,1947.855250310657,420.04990728387753
9.781,2163.8099316529688,2190.914094963637,440.9892249192972
9.781,2182.4067540859555,2078.0726256464377,449.9878554871227
9.781,2100.4516923763567,2047.5692287063007,384.09792668667683
9.801,1933.357095405697,2124.9109350388735,428.0635395263465
9.801,2330.8185857525627,2043.5615549174001,448.1120851547081
9.822,2216.5637304937773,2246.1789142569546,419.2517640228272
9.822,2322.246477564303,2151.498266179535,405.94593716341774
9.843,2120.309306773868,2033.5267867655823,450.3880496290824
9.843,2174.0277867488803,2036.0454368882763,474.0243488132182
9.865,2213.3810794673936,2105.166323638654,457.72444580322775
9.865,2107.1303638496656,2061.622317628079,436.2953929028074
9.885,2150.0833076183553,2164.3117702642453,473.04588008847685
9.885,2269.2347178232567,2091.2203793900085,442.4583288293004
9.907,2389.557269233887,2247.4962797697112,444.6552626767741
9.908,2235.1021200748924,2058.965429477263,391.8760256845918
9.908,2111.265465856798,2116.4198018430766,435.5562579309422
9.908,2166.76525673441,1901.579308341737,455.46116910745894
9.926,2245.609031770207,2047.9049033467354,435.2740141427292
9.926,2268.6142150108694,2108.9148706169403,457.6076027077467
9.949,2144.0194761154207,2027.8725719475829,463.81780043199666
9.949,2102.813089960846,2221.3325391877215,437.29023980274087
9.972,2286.3531225320053,2085.3322110539,433.3183205166465
9.972,2113.727854979605,2118.6724016728394,453.9503742069345
9.991,2195.4064591298657,2047.9610668639243,405.04869458543897
9.991,2285.4907501410485,2052.3798997079025,414.4568190567949
10.012,2267.7540944778457,2124.971193298696,421.9503057667025
10.012,2239.5744745166553,1996.5257153752373,437.6227612144806
10.034,2133.226768175134,1958.656969944486,425.0723878144324
10.034,2220.7691972653197,2058.9685105089843,457.0190878209769
10.056,2241.257008728249,2034.8351251202848,478.47226008933023
10.056,2180.209350716012,2086.278825089968,393.0264149408577
10.077,2183.0442591460223,2039.5538679846934,457.2770498778671
10.077,2172.780851281395,1979.735738514581,440.35298735812404
10.097,2233.3530515108523,1996.5396861906327,442.3922394020363
10.097,2064.0005779971366,2109.230722741815,401.2881761618775
10.099,2238.1231543408094,2029.8704328595788,394.16016562274416
10.099,2233.5135449136897,2017.5483083843653,419.58696447492724
10.118,2182.0803523945888,2018.261414219888,423.75148631508085
10.118,2241.12425349173,2066.2769801602612,423.4628210500757
10.139,2123.34748032834,2117.806531272107,416.63220910713665
10.139,2058.0172471493133,1768.0445522068148,450.794707474902
10.16,2081.148674679046,2083.1953100917804,416.7902643210025
10.16,2254.9254500231204,1978.0330408292157,415.7943659227824
10.18,2268.7921326149285,2102.447744970543,461.4065879349657
10.18,2079.4832604152452,1980.1954778437096,424.4174496823274
10.201,2128.8071426453594,2079.864713712447,408.5173805936057
10.201,2303.187124538742,2085.673696519908,436.1259931869607
10.222,2065.1825594401503,2192.0759913095667,453.13696627932717
10.223,2122.8255062710377,2096.337624327869,440.15561601880205
10.243,2359.6092908094583,2052.991258381085,437.464594322869
10.243,2206.477560279362,1986.9078052935033,470.18476586807657
10.243,2154.983407678643,2003.9989973958243,437.1903665628522
10.244,2041.622143914547,2067.8500373439847,428.2444984768076
10.263,2111.3079709693548,2183.7972799360964,449.668389975136
10.263,2326.9674119946326,2032.8149085666628,424.89041745069306
10.288,2213.561623245037,1979.1363233434868,435.3704052461456
10.288,2217.8882967536792,2107.7405776593478,391.7887349328714
10.307,2217.425160262211,2122.368114214157,452.87217819025204
10.307,2186.5271956680444,2149.5996122712436,454.270174943072
10.328,2245.544781257899,1952.728970889137,428.4401274281033
10.328,2344.249141640504,2130.1223028699474,414.9761040993238
10.349,2140.9329415526363,2073.278441563352,377.8646952179762
10.35,2269.6558581462405,2125.33371731367,460.8064241796949
10.37,2277.3353977221755,2155.284914618351,454.68555345117113
10.37,2202.4064802136395,2097.368796749548,465.37036770377017
10.391,2265.21254380958,2000.8120602010556,451.5441945509179
10.391,2250.5608720880277,2092.101910301106,471.1465924161091
10.414,2116.665297173912,2157.2397238626068,445.10478730587147
10.414,2323.0386050825196,2001.29883880754,458.1533611284197
10.415,2276.0465055784034,1985.5521074523206,458.31756512502835
10.415,2361.2221140595752,2072.4852849085473,488.54318809014404
10.434,2340.025582974784,2056.9214976403805,479.19313600523174
10.434,2000.8843532404917,2033.9524785606343,452.3067328423053
10.454,2152.6722348667977,2096.1640651308676,455.3546934632545
10.454,2126.907086687558,2064.384953367599,339.6171989407566
10.475,2132.9467638875785,1994.0962322207301,362.9546240142621
10.475,2159.260018002751,2078.9241545850773,413.9662626508805
10.496,2103.2742631019537,2161.701980926574,403.24805483221905
10.496,2178.1497738706203,1984.1209547258147,428.22121776699726
10.516,2213.8840645679193,2088.2779711184535,446.1880682536122
10.516,2174.915366142111,2005.059346574283,431.33870326018655
10.537,2243.1422337035797,2150.028272373655,414.9306492702319
10.537,2241.615066483652,1935.7351509427563,417.2715711404495
10.56,2196.701217207892,2170.200260525015,443.22256036606973
10.56,2203.8716182341664,2054.0236905177576,415.34709336798875
10.58,2187.5552606471656,2056.3307207279927,438.89254339288453
10.58,2363.3920502594096,2113.7168527099807,500.6687337838235
10.58,2268.762371892962,2193.429226434646,498.94967828539825
10.581,2036.5997148443682,2121.107350883135,503.84315597039694
10.601,2110.182688601346,2104.1336013207433,502.7060958347357
10.601,2296.1649206532074,2081.7204336815007,428.3711551374511
10.621,2086.3342627778247,2114.1180030662686,454.55916342207473
10.621,2040.780824140403,2025.647097304068,451.7844899808141
10.643,2128.297509590232,1853.7485834514787,422.1766005078179
10.643,2075.624849648786,2051.8033197193668,411.8919029154507
10.663,2043.3152245821777,2005.5199317512743,423.09767648363817
10.663,2116.799203204616,1937.5658285921027,434.7173162357113
10.683,2141.890138433868,1957.8345129301692,435.04932027921666
10.683,2091.589690245287,1951.3135092624661,448.44566532669603
10.706,2054.276643999356,2026.1575805538519,435.89003050349925
10.706,2240.0913429781617,1958.5980528413668,442.2611564245111
10.726,2129.0319053604994,1995.2523154617204,426.71174269242374
10.726,2097.140456228216,1924.0066965989313,443.3846956160962
10.747,2080.0848797448007,1847.2089086633878,459.9267058921908
10.747,2177.6115389520546,2012.6310576106255,439.0322683048651
10.748,2272.5490847687106,2001.266503503038,454.42158917720604
10.748,2256.3886720126757,1891.0246315304528,478.7918505726258
10.769,2279.6726980920307,2157.258907731428,407.46736615718197
10.769,2229.538550976282,2047.1101968415355,473.69860296273725
10.789,2235.4838861606922,1997.1693222804724,488.671612077839
10.789,2063.2433010570053,1908.3081181556515,438.2782912044642
10.81,2137.5259601876037,1954.69514468824,416.700446600757
10.81,2218.2999748960765,1924.077510474804,416.7639910472503
10.831,2177.124274508392,2008.7797596949813,415.3253994897794
10.832,2186.2314239672005,2121.5362734008527,409.0956534262723
10.853,2220.9777960555043,1994.5474106072006,415.7968542829768
10.853,2303.073922567761,2094.4561124421325,464.9790731674332
10.875,2142.39648560143,1950.8586373342453,465.2018381451725
10.875,2258.0517331561387,2026.6235530975716,469.9441886503576
10.895,2259.3761786366263,2041.7870971092648,464.6558740259479
10.895,2223.797074219419,1976.90830891919,431.8899035855821
10.915,2011.889716604314,1907.163064197747,407.76911584827485
10.915,2221.0417288196727,1720.587298724388,418.55221712767855
10.915,2169.1501245745026,1703.1338754675246,441.7850671606927
10.916,2315.6522079046267,1828.2579889936674,455.233108149136
10.936,2230.1103862400187,1812.6345868020296,450.7495248582623
10.936,2096.592440370126,1811.7748891399044,418.51466394636066
10.956,2176.011940858774,1688.9826992936926,424.24976658100576
10.956,2048.657652805367,1856.5544783381981,429.28951769424515
10.977,2183.4979783590875,1672.0060601390348,422.52279123233853
10.977,2261.217849420512,1730.3598558923836,429.11976234131913
10.998,2228.1644476035267,1581.9864441324298,430.65374857746247
10.999,2179.4756510652946,1615.840923831561,442.31736722905833
11.018,2167.028742589706,1677.5191887848064,432.1859602984863
11.018,2209.6792681703037,1515.2216597428144,453.2121425450285
11.04,2039.766804781937,1558.7671847049821,428.8661918832121
11.04,2032.046619491207,1784.3205877394246,443.591355119538
11.06,2080.6025397894646,1673.1335039920655,422.7340498752734
11.06,2264.8425328847425,1693.0366768319002,454.07220716897683
11.082,2276.3930896228007,1612.9332398157985,429.989341013072
11.082,1988.379113833341,1772.4599642723383,435.3903193251517
11.082,2065.7739677373456,1678.3838557945044,444.96191293237337
11.082,2340.7108659599776,1719.9578993642,435.52624521984905
11.103,2131.055089320751,1600.3443766719836,417.8549357742107
11.103,2063.0132863770036,1841.3252735176543,437.984230343255
11.123,2047.992119375581,1753.1927735570277,453.9561566202259
11.124,2194.9477496732948,1789.0935234149918,454.7450718186086
11.146,2202.670378177921,1854.7866222876662,423.36399843006757
11.146,2226.250131695891,1677.4826145463105,439.7444970813956
11.167,2226.6877932659095,1786.643924118561,452.2856799146364
11.167,2167.635692041612,1745.8251754177143,447.61596652714906
11.188,1941.147475538286,1773.1770727305477,438.0881552158472
11.188,2167.7114178420834,1908.3171917663883,438.7989907034333
11.21,2128.5110592442875,1732.231882067936,435.95108561932057
11.21,2134.0579606571387,1688.0468045529283,477.6355336224623
11.233,2079.3577185954446,1733.9452333477618,486.45294886997135
11.233,2145.488535111045,1779.5580093598112,431.05214602403254
11.253,2256.6102710508662,1766.0566382980137,467.1111697746914
11.253,2009.0113200801425,1840.247404384612,472.8241636228692
11.254,2167.204171766734,1784.1755755099846,529.7982741793785
11.254,2104.643614111847,1706.3177266001087,426.71037614386637
11.275,2218.846346071395,1805.4163550387289,458.39366309208646
11.275,2134.620593962034,1754.4120441283774,432.71025752812034
11.296,2030.0096203709925,1676.8904330705764,448.88123623260554
11.296,2115.686211342148,1772.6574480099716,420.9556813907895
11.318,2043.6043765557004,1733.764731774958,438.14283605955285
11.318,2175.4958933718235,1671.8616881943083,453.19450794729437
11.338,2152.628070678607,1738.5812195257538,423.44662431162027
11.338,2147.905352699321,1709.14840789556,450.8993505028259
11.36,2149.0423793611903,1736.4974314844503,473.5716491046215
11.36,2202.749663511236,1769.7210702121538,434.4019265899391
11.382,2240.0420909776767,1747.2857896604735,475.4799783240381
11.382,1967.9326945922915,1676.1295644410745,436.6683721587939
11.401,2044.801555477971,1856.344571208102,453.8287940670414
11.401,2200.729720783751,1736.8572261717247,459.72587537428365
11.422,2125.3099271469305,1799.5356059803514,432.08248670231205
11.422,2224.097608725898,1844.3494903191738,453.6153246285909
11.422,2290.4484473932916,1748.18880442673,448.67493356408426
11.422,2226.994827462648,1721.4193652393262,426.8387608401192
11.443,2117.740417630113,1748.6331196413198,445.4939934696456
11.443,2296.68260615256,1766.8916527115084,411.2267264865084
11.463,2125.7731870071216,1809.3067670408616,414.00850340111134
11.463,2165.151766313385,1869.0901524146832,446.0834004864056
11.484,2248.3052383385666,1736.8628361474498,412.16980753530737
11.484,2087.227956981307,1557.5072168870147,467.9576207390782
11.504,2239.8573420183866,1827.0281957895586,435.3981105952476
11.504,2262.41125562908,1661.0392880399395,454.3464449089412
11.524,2115.375587253688,1892.9589263830958,409.89566751807394
11.524,2182.8326233720804,1830.8858328726938,461.00883297691394
11.547,2243.169050668647,1663.8076936543384,456.3361639996102
11.547,2192.4768403765006,1706.6575754680382,460.41732411438534
11.568,2129.7047932369765,1769.909385134709,427.7340859050236
11.568,2270.386546122272,1873.321285582222,427.88008441154716
11.588,2097.747709029521,1736.9763598174854,460.75812149528093
11.588,2182.1493426817724,1707.322417171374,434.8360025459044
11.589,2145.316513068998,1728.8497341541963,445.2901778446161
11.589,2298.479924776347,1581.1246499753079,432.09957165612866
11.61,2120.680357124476,1836.501882291974,455.5362830623731
11.61,2122.177509466029,1841.9579208429723,459.052586821663
11.63,2082.2144542635438,1733.4919865098518,462.69039034750415
11.631,2030.5899162539883,1853.424545363251,471.6849675649674
11.651,2116.0316278924342,1606.6490793971018,445.42168604664687
11.652,2201.8014390535654,1788.1732220525203,458.0553264738025
11.693,2153.9555715805536,1827.492428062808,443.66802387576035
11.693,2091.0929600976447,1798.2559369509509,410.886552199814
11.693,2199.2148468511205,1835.750222874471,443.8572059128555
11.693,2238.367219833614,1680.2552878086065,455.9590167775124
11.715,2248.8873375759727,1726.0186090519596,437.21073380721657
11.715,2162.6917692861666,1850.5187930512927,445.8954205176336
11.734,2185.0889469331414,1623.8598092738232,457.29752454725235
11.734,2126.2927304611935,1795.9615394706047,440.8415590745805
11.754,2255.5416912340233,1752.7046697981566,417.0097345095508
11.754,2160.073000540357,1829.9500182349525,412.92963078061644
11.754,2136.3812424942303,1744.4473916680708,458.38533470373
11.754,2188.2061475501355,1735.4545508679075,416.5665372658097
11.775,2263.048364716602,1830.8551898142339,402.04881114255704
11.775,2149.8290544646475,1791.5122188436935,452.02016267497424
11.796,2081.708921162725,1599.0624539626772,427.5853050396464
11.796,2202.4845315905486,1736.9951986634924,443.6466931760375
11.817,2081.5219203186703,1875.3813866659702,443.9954316484216
11.818,2220.870797867464,1793.0341818625648,446.06120027032523
11.84,2097.0320764489234,1717.5629442586542,437.3650491153406
11.84,2090.8998033014946,1851.5749512281577,407.1853842039758
11.86,2322.9644208141763,1856.3901624122348,419.4309402342232
11.86,2290.92042117422,1611.700143640073,429.21216071035593
11.882,2111.193469815459,1822.7346089781227,461.61515145853116
11.882,2134.4732784036264,1695.6964627630068,456.9738040073319
11.903,2152.6101652000216,1870.4112802945428,440.8054642047167
11.903,2257.935750809505,1638.0337692691899,470.86520320872563
11.922,2184.4995122853857,1667.587292856959,450.0606651375718
11.922,2128.146394749284,1700.6072696988222,462.51229650344726
11.922,2117.7956647246174,1636.4702556753432,452.5986150836363
11.923,2109.4060062594567,1859.2121155407249,408.5314461306678
11.942,2104.9283694727173,1846.9279799226747,490.94786986503794
11.943,2302.7627358020363,1698.6154752420598,425.8802213774427
11.963,2204.1105995963712,1838.1724108695328,445.2889356701551
11.963,2191.0102851555685,1663.4028861774004,408.0331547808004
11.975,2187.819245323118,1679.8516444793,441.9923127277418
11.975,2145.4451872604855,1539.2953975232986,458.0635596887334
11.997,2134.9932157028547,1702.3900503716152,429.5131741887805
11.997,2324.8970150179607,1846.5695347507897,467.9524285880537
12.016,2148.34281977281,1806.7427815785543,430.43571324521974
12.016,2043.1091313834502,1729.9044757412128,450.1618409202381
12.036,2176.475171544753,1845.408683155439,441.55400621757565
12.036,2080.816106574716,1646.9147792233277,442.68262655525467
12.057,2160.780267392306,1785.5126109089858,440.61571315574594
12.057,2242.1643812820544,1724.5426046898563,467.81257264721603
12.077,1996.7106352242467,1836.7332729310835,436.50236046262347
12.077,2111.130243023354,1675.8561709430119,412.5078816294586
12.078,2063.296123495725,1752.5867994641033,456.5661753167293
12.078,2139.943282352387,1504.4241475530782,444.23417558276435
12.1,2152.3795197651634,1643.7710786698788,447.96523893999336
12.1,2288.6318205521366,1602.231164909301,434.40118380175693
12.118,2197.0988260201575,1641.605265604776,410.34668385030204
12.118,2161.242970712452,1711.3274007356074,428.83073860049547
12.139,2255.6948388545625,1652.384849280923,433.63966888876735
12.139,2231.3044940806344,1683.3822062295728,422.3467567932291
12.159,2142.4458760166067,1763.65001842533,430.2092768705853
12.159,2240.385739123568,1727.2452639417754,430.326442030599
12.18,2224.599626557578,1852.9726702914804,483.7196637663473
12.18,2160.871681595954,1775.4370099956245,452.2399688883931
12.202,2083.044427315636,1710.8312498567534,429.0938403464268
12.202,2076.042414653051,1770.6234569071494,439.3824967148924
12.223,2165.676362722331,1806.9270690714063,442.6438098783582
12.223,2271.0276699068118,1723.2360921335394,445.2130249456816
12.243,2199.929483555093,1829.1573740267074,461.9404562236078
12.243,2223.365313874592,1608.0205293709714,435.6644801228177
12.244,2083.815542162302,1666.8285351138843,443.68368670605537
12.244,2187.3401646703824,1935.6369366413096,453.19648048046844
12.265,2086.6926828023907,1658.6142393846144,453.6208207746922
12.265,2240.683488215739,1632.988524046519,484.8881554982517
12.284,2308.7217411459746,1811.957792482915,456.24740602588025
12.285,2166.238425670544,1828.96249298439,488.3607243610307
12.305,2241.5492358708125,1741.6559691982186,449.5163990576072
12.305,2065.867396754168,1678.3535806023085,472.7922404499692
12.325,2162.207002137326,1722.6147603607208,489.6556880912517
12.325,2295.0706417143806,1784.7598849707792,453.29232722935296
12.346,2126.309938142414,1702.8211968357543,470.67328436643703
12.346,2175.0669179636666,1805.0063102437891,417.8270092406937
12.368,2198.97298289105,1724.997277570084,451.65860285199886
12.368,2081.4320099523825,1737.294797609809,440.1838467078246
12.389,2308.348962671912,1766.7853796086981,413.51103732005214
12.389,2245.21035140448,1510.7742083475562,428.16666339265157
12.41,2226.0692223914098,1746.8465057485503,443.1695050119714
12.411,2210.2427172459516,1723.6501341197775,457.1654144087948
12.411,2101.840624157812,1749.083746436488,465.8895529452842
12.411,2264.8835687561505,1562.4522688956454,432.10676874192336
12.433,2162.49025688301,1689.2659709009295,440.69190192204303
12.433,2059.6099703964924,1808.12428737897,424.3287328763139
12.454,2114.4900825240734,1668.766138884685,434.9374435236701
12.454,2081.2958204711404,1741.6027653514493,449.6571469551133
12.476,2295.3129919152916,1592.5242722521923,411.6401817042036
12.476,2268.149665914593,1706.2927012069647,433.07279821891797
12.495,2300.0780730364804,1707.9024886078805,413.67902454842067
12.495,2178.1729364273033,1688.6258928283942,444.1525952091976
12.537,2081.1904645802124,1762.2731112854106,465.17948135697503
12.537,2146.013200661973,1729.2427654761589,440.47915019645524
12.537,2177.7636734353373,1727.4643215507788,431.5996858304857
12.537,2131.363840637478,1610.7211087287576,421.3337101568718
12.558,2211.1054103036395,1751.1358723509907,438.2044277237637
12.558,2150.268539923539,1810.5728024065222,448.85202902721096
12.578,2167.98745127319,1661.4414111399415,461.233725552166
12.578,2103.994608281355,1738.3377963151872,422.6154405135159
12.578,2165.553899235266,1857.5310066346553,464.19745931993424
12.578,2165.412245934991,1777.146917771407,446.9356380665388
12.601,2134.7605604407104,1724.572418836641,403.97834743997424
12.601,2192.3353972025416,1818.405992245567,463.3762488971869
12.622,2038.1005631567623,1834.6830781296928,445.7882255474762
12.622,2154.0836891186264,1814.379679450219,436.33240029292864
12.644,2337.0132500736036,1772.5870411836916,452.369782879753
12.644,2185.3277248241334,1777.106199833003,432.0671836216377
12.664,2125.627800303058,1659.218759029256,446.561356305953
12.664,2294.612416271864,1658.7745891174627,432.5686348452669
12.684,2100.166589226987,2040.3946589371571,461.86691315322673
12.684,2030.6085383910984,1739.2506899008172,445.83786545514454
12.706,2253.0539634942534,1737.913571969524,458.6781334673884
12.706,2176.9615182635875,1628.405107261416,425.103175059854
12.727,2211.842966742907,1776.69829204273,424.4801298824762
12.727,2106.9519870790878,1591.4292686613994,461.7590400672321
12.747,2099.212852160868,1856.9918888630407,466.2374415863072
12.747,2220.2271477753457,1675.3420254583887,424.67410888801754
12.747,2109.6871325531492,1941.530988808415,441.5862488867454
12.747,2101.7162005282416,1735.0454881769517,418.6670444013582
12.768,2183.978749208565,1787.006460453998,455.4328126721932
12.768,2337.737372716383,1634.1164506159157,448.3943579415047
12.788,2141.729421358952,1723.3067248970515,427.6072525178794
12.788,2047.6524059331523,1630.1023803096748,424.39297362370803
12.81,2169.8962864661603,1754.6169955095088,434.90660508552907
12.81,2265.0971070846967,1743.233453274918,391.12470406586334
12.829,2144.5787329610016,1565.2486354788089,435.99263449889094
12.829,2059.32545156643,1667.2281920801397,434.6025825020978
12.852,2219.984307552353,1758.8982922022365,438.7866494651283
12.852,2315.4889153796425,1729.0261131478796,417.841897131133
12.871,2027.8109640281614,1784.5923425082622,440.1585517469562
12.871,2303.1697632697237,1639.2285688496079,435.9916093484997
12.892,2263.155807031124,1672.170963125343,455.7302641958567
12.892,2124.438005941178,1690.0091405065282,467.35475611397493
12.913,2179.1537287787846,1701.0863237785732,469.69944612541184
12.913,2147.355345009192,1717.7042176202385,465.7249493532566
12.913,2143.812763870896,1739.9056644115083,420.24203574914156
12.913,2089.49704643748,1833.1928030445483,480.7497373557542
12.934,2042.1516038753587,1777.3194226769567,439.35272206907115
12.934,2239.6446712284182,1777.3775772462466,423.9885887284445
12.955,2265.481584006718,1715.7486772084817,411.3501501180043
12.955,2161.018366734801,1740.8444464622717,440.9615930039873
12.977,2200.326102888444,1702.3426170128503,451.273411424934
12.977,2266.7437880921734,1775.1812284681587,435.7365339824232
13.021,2051.141192173957,1799.7250883412355,447.20626728755883
13.021,1971.3258845304156,1863.6872261509914,445.29681870668554
13.021,2195.763115683385,1691.1327269834467,458.46606769889564
13.021,2082.11883182747,1731.8158619613966,440.8180698405021
13.041,2008.9799345091872,1860.4900537497992,463.60245632331726
13.041,2142.591802404587,1703.2164665496914,445.9113549198099
13.064,2225.1610944451613,1729.554969309084,432.77750684584953
13.064,2298.9548280836616,1628.1101381934754,480.8426451105831
13.084,1975.1984682080345,1677.3093352047442,442.2125497092669
13.084,1970.3856692717434,1747.954812042693,463.1003634844069
13.085,2057.2504925876447,1661.7034331143436,440.9819931862533
13.085,2209.7465093040973,1747.7381559769963,408.4864857149828
13.106,2273.7378469121236,1669.2222042833628,451.28405874294833
13.106,2030.0855584480203,1739.1767135516186,448.2936622062658
13.126,2284.581302983088,1770.9328387578676,447.11693199395785
13.126,2290.2585061562518,1774.586493081725,445.1154081247856
13.147,1996.9150917151683,1727.1167085397724,457.6119700879433
13.147,2172.0796563514155,1850.996061525302,446.4129778926706
13.168,2127.0076589034907,1730.2182247759265,436.9061582176281
13.168,2137.9254726844724,1879.4101614297062,444.9934418814902
13.189,2298.7310662633436,1705.6294631586786,453.0485475773401
13.19,2280.859271399223,1758.280375800266,426.3078743009565
13.208,2126.4261176224236,1789.0358869759011,438.1106099045975
13.208,2102.414044700325,1736.5488956931258,414.9335558197784
13.23,2269.8602190499305,1720.4718829797368,464.73002544106396
13.23,2229.737999641872,1738.8358676019484,414.7655047521072
13.251,2176.7041301134627,1741.5157488002455,410.04821949692945
13.251,2187.9022409737286,1716.9152284022373,454.65819970383643
13.252,2108.9118704280613,1865.0140683502113,427.7479632790016
13.252,2202.5655950291693,1707.2020669946112,441.0371641105738
13.273,2033.7924028000575,1664.6578117023046,424.07091050467335
13.273,2106.87092394106,1764.1691493372448,467.3040011708497
13.294,2246.450053209687,1632.5594704536093,434.83204884863903
13.294,2191.852122158316,1829.2130361142417,429.88669265989455
13.316,2162.054371931541,1734.3125833000963,407.75121466008403
13.316,2211.7487712624024,1769.7116507140602,445.35657086449015
13.337,2037.925072941061,1639.4243090707012,478.2289813713712
13.337,2348.451178020214,1687.6550201352386,451.9165502461157
13.357,2137.0192135921666,1747.5679376945734,412.92765696192805
13.357,2189.658682950381,1824.878758190846,493.0228262662534
13.377,2211.407769822734,1730.4065828977798,430.3897637607749
13.377,2163.973164667199,1781.6651956135797,472.0762095230831
13.399,2148.721115376903,1606.3795001510978,424.81917591428163
13.4,2177.873839378376,1838.11962842212,429.95543762243153
13.418,2153.12632265994,1745.0376714396732,476.60273646351044
13.418,2178.8282169228823,1717.8467336822523,423.96391415642927
13.419,2277.4249001726293,1795.6195635979927,419.35202551053675
13.419,2126.3557689655395,1735.8421417017098,445.28853126098863
13.439,2165.5037726127453,1814.9860939370549,413.46434585805076
13.439,2099.5222980818257,1771.7726036461008,413.7864096150988
13.461,2144.5097403181926,1844.773171996789,448.44216346323907
13.461,1941.3046695332519,1783.6990799130415,402.8504304411902
13.481,2210.099293358247,1842.6054826746638,427.7204275421829
13.481,2204.250889315139,1770.6327440352923,456.98526254994795
13.5,2114.4538811019497,1843.5556775455536,410.08508231933763
13.5,2288.557452133019,1766.8371377033818,439.2319837992188
13.522,2188.4519258899154,1724.2019620931399,432.7142849963504
13.523,2161.0414669674965,1826.098791055611,452.8796710407785
13.542,1972.1009248767643,1802.9131059547503,466.3245530067952
13.542,2077.658583609992,1767.8932283491558,419.6054067125128
13.562,2245.3801515648365,1700.8704177110965,433.6287222833916
13.562,2053.3149189176584,1707.712861202509,432.85040670148436
13.585,2238.228788345677,1847.3665420437833,448.06493928738746
13.585,2116.371441087228,1753.559895841606,389.19410315030933
13.585,2128.864161675816,1767.7236528721814,449.1154422768243
13.585,2180.456049321386,1749.049842949562,446.8600812518569
13.603,2154.6185563291006,1702.6433741563594,431.9032449928547
13.603,2191.8471543373457,1631.2614043519811,450.7274219102123
13.624,2220.945928140292,1670.451536083488,422.7533372840701
13.624,2186.670907430648,1668.5598214129361,401.85351386016913
13.644,2177.1522330618395,1819.887435308844,439.6739487793549
13.644,2085.779795985709,1690.4280166424394,415.3048412480524
13.664,2179.595547301454,1811.221789692495,443.2715424499907
13.664,2120.773830057682,1898.715406587433,444.52309313267347
13.685,2117.864421802512,1803.044309458675,459.0859193004681
13.686,2234.8985792962917,1668.3070007166577,434.31497930231205
13.706,2089.649761402478,1694.950006688513,416.5478382319224
13.706,2326.4159055362734,1715.7990880984078,454.36239356510663
13.726,2330.2916248558467,1881.2340814732374,470.35276068401146
13.726,2272.034950109037,1683.2223819447793,455.1335654950716
13.749,2209.235725573481,1749.8137285426365,464.9677317800032
13.749,2189.403417811355,1611.6945052399562,437.82198764452346
13.749,2101.566122641192,1786.247332866998,439.7623782148721
13.749,1957.0923243256873,1696.80086586401,397.00620618423136
13.768,2131.3710585799276,1836.5800404192955,435.80346154226896
13.768,2160.9433114774033,1667.1954216831607,464.028983951235
13.789,2075.4873256479186,1657.6028464598885,403.4378984088594
13.789,2084.112559174214,1656.7271864632696,444.6370119615121
13.809,2111.6969413890765,1818.4120033885672,447.1901640825001
13.809,2159.286583260818,1775.4121442017151,487.3320269022799
13.83,2090.000149891893,1866.0042747212137,407.78219374407314
13.83,2332.6978999648463,1677.0355507279755,466.80776107726535
13.851,2170.519787528683,1692.8509511780787,448.6885944864714
13.851,2176.135417769483,1660.131534296305,432.2941500456077
13.871,2330.173800254905,1666.215424572912,449.49120768599795
13.871,2186.2172896703532,1844.442235508014,444.49341119086506
13.892,2211.546653214632,1774.7340429805374,422.2478021676095
13.892,2292.5337154789886,1802.7077598583192,423.68432003448476
13.914,2355.4374896520058,1701.7209413999306,431.8329853913548
13.914,2302.0608472078543,1735.736779511205,435.9388098307359
13.914,2021.5845332836793,1731.8867856804832,418.6562276862938
13.914,2046.9842705774058,1715.8792282248912,474.18851850931725
13.935,2293.8691425359966,1734.1653741936475,490.45660016296404
13.935,2047.3925612333987,1686.2570325252832,451.34567822158414
13.955,2113.274434993306,1739.6497060424476,443.0087047604827
13.955,2191.871013015806,1843.7293474538249,412.5583289645672
13.977,2403.0944614799255,1841.7590872168091,416.8841260671028
13.977,2345.6607437756543,1759.2089680554386,439.1598343627267
13.998,2077.044600404058,1746.2229807059853,451.6956056290629
13.998,2060.8995043170607,1776.7911581005342,414.720523244186
14.018,2306.960053251575,1851.159145684587,436.90129556113766
14.018,2303.939022874296,1723.2087996954333,437.3903397276897
14.04,2023.4877698787886,1936.8939178395146,511.4688410525893
14.04,2125.0504252475243,1783.5373753137135,412.1412322142478
14.06,2114.563714715389,1753.4838379154376,414.3375141447855
14.06,2217.162451800855,1842.1989419518911,452.69097030923143
14.081,2352.1859832644286,1698.7009516054122,419.51075602134733
14.081,2126.9765504572993,1819.7000895145513,438.3908120793301
14.082,2040.5555608763789,1777.340311067159,450.8976176559156
14.082,2184.105492660554,1640.5244777108553,469.67703552467674
14.103,2288.955975636656,1642.8869379598302,444.73720099698346
14.103,2101.1099905311016,1726.8218940100337,411.0918685834185
14.124,2239.169733731042,1694.0082838582293,454.84190861757736
14.124,2139.555925230206,1629.5765356984928,398.5913038739426
14.144,2116.3474186799167,1728.7912202384882,408.9452842335946
14.144,2142.5865118187558,1781.0628098433658,473.228824240201
14.164,2112.123427334039,1674.4796866506222,415.4170072320191
14.164,2036.1947944843969,1772.2780678848735,440.976672951347
14.184,2257.0017270472713,1750.418592640831,452.15484485035006
14.184,2199.2458838734688,1807.434924773812,442.09496418623667
14.205,2156.841167322912,1708.6289605735822,461.73709613763674
14.205,2262.698618452147,1786.6714258961138,433.2115029452317
14.247,2215.6545326068367,1770.7218052725646,439.73722241040656
14.247,2284.8667741217187,1630.7000866124679,467.34825535355697
14.247,2257.005434315223,1729.5898361747295,421.0720986217067
14.248,2287.3754843342804,1774.340439784275,446.6472527086782
14.248,2322.7899292587817,1827.4448778426954,409.86269204963304
14.248,1964.2551257271755,1920.6956809397327,431.21729051347523
14.269,2223.1515958995274,1723.2228104738563,415.266333415023
14.269,2267.2056785204018,1727.5476074487292,455.42821143188485
14.288,2203.168148950134,1731.8918389796313,481.4929383835271
14.288,2064.536272316763,1657.7190770429843,453.334008782214
14.309,2212.9536845936245,1773.2584289060974,446.9664825255983
14.309,2233.340906568767,1753.239743646024,451.57323574888886
14.329,2052.343678595328,1691.0105223182088,451.2194903332418
14.329,2179.780868645653,1793.8635591734019,417.0760738067055
14.35,2095.424455169739,1631.87037343042,472.55416635977485
14.35,2083.247545074834,1635.1837015756769,444.828395111347
14.371,2186.813904952223,1800.1257536744395,443.497167876182
14.371,2081.570426946502,1768.8060307095616,456.90258821482723
14.392,2112.8928979331927,1817.1747628482537,434.9233968615145
14.392,2203.094195744924,1808.9275901029675,474.7905831980917
14.433,2186.925111489408,1759.7453629952115,502.1330833316728
14.433,2153.442239730495,1828.7273191509605,408.15451172176023
14.433,2282.0676322823588,1923.5185476912893,420.9785725686258
14.433,2198.1289709437533,1679.6681367494882,453.0078106738122
14.434,2030.7159165273595,1712.0127974249735,443.49343557585615
14.434,2130.3005790049856,1786.428784882446,441.56289921902214
14.454,2151.737698301875,1776.9166809492588,445.0261364587077
14.454,2241.497861834934,1819.9487351690568,426.5149437469509
14.474,1894.566718279258,1729.7119157938596,457.385566690765
14.475,2157.3956476533554,1782.2909841945075,482.85910028578905
14.495,2230.5560182698996,1764.9061329109993,448.01326156429093
14.495,2182.0655702539925,1804.019798509823,406.4782255855872
14.515,2016.749648016042,1651.0148254216028,431.1307205303896
14.516,2217.075419168568,1764.1668311832166,451.2538540428642
14.557,2093.8293952508902,1761.425918956504,462.0407413032618
14.557,2079.6586902199983,1714.7892063960599,449.67171846774164
14.557,2173.960743579696,1765.7969343414159,458.7820916489962
14.557,2009.0408931916481,1754.209803656662,449.2440710892758
14.577,2198.8680016654494,1703.5193384935822,463.249849694267
14.577,2187.997256554433,1795.3811777775568,440.32781173019737
14.577,2175.8098019235886,1701.7627177476893,434.59268317679806
14.577,2205.77285125062,1600.951839191275,426.4766033883616
14.598,2231.5760450170474,1698.2496053926093,395.65205602124
14.598,2305.042429111687,1814.128687902412,445.04307867513455
14.619,2055.22131229889,1763.9154263470093,413.7414467096885
14.619,2075.3159278147505,1756.070873741948,482.33301434537054
14.639,2246.1251257597473,1794.2026762863604,455.07853910247553
14.639,2194.852444501521,1617.3478586890901,389.6466190749362
14.66,2169.944331885102,1686.8902239797414,441.66351481155823
14.661,2216.85791403502,1865.7802215704462,430.92110108779633
14.681,2336.2633632226,1746.0702371977548,423.2891385968359
14.681,2154.438529907096,1772.5747326875705,434.40907111823003
14.703,2073.6739581652582,1707.0933007905167,431.46733040103175
14.703,2182.517637710312,1810.2515702815203,439.1451361091403
14.723,2131.507545062694,1845.4563765833966,388.6830899309861
14.723,2129.778688200652,1743.1459104098249,455.1969035242035
14.743,2160.6063872051373,1600.3207658953734,452.50230008986773
14.743,2206.5651692255474,1746.6739575228896,497.19941455748
14.743,2056.5325416492715,1853.382638510999,430.671497973916
14.743,2255.8066973614555,1649.1208470286497,434.0566720454472
14.764,2256.7496260188013,1632.3255162807213,446.17968319387853
14.764,2071.1960275844044,1785.3491182996029,439.30667994916894
14.784,2343.0788402845187,1698.315330575921,445.64682447717735
14.784,2131.882803120631,1556.8431789248286,440.8065664959626
14.804,2156.6151485737137,1697.254168398946,421.81030013269606
14.804,2236.9088968484343,1908.9201301309163,462.570932675976
14.826,2065.932213039491,1778.5859275735118,442.39347361535056
14.826,2304.137667372761,1835.845641374205,434.79142653004936
14.847,2209.6411674824863,1668.9737892367912,431.25351266031674
14.847,2184.366609567827,1766.0661374360664,439.90655469916453
14.869,2106.969944936176,1726.6967994901484,468.41922545408937
14.869,2234.4466036165345,1680.3153604018983,409.75213393901646
14.889,2388.2460978251415,1698.985645842696,463.9520144259203
14.889,2115.2996664321067,1788.6489061674115,444.19937681075714
14.909,2254.612935473164,1887.6769749911157,437.0906885441763
14.909,2249.2357595354465,1814.8284455431217,452.65715400982447
14.909,2160.8815219077974,1635.3542412007862,457.934125306057
14.909,2344.519370477513,1716.2985601391833,458.0336800277285
14.931,1959.9914901081913,1618.0128984408236,431.14211261532506
14.931,2121.788266304086,1638.8335800435898,480.80325028203896
14.951,2223.143356298413,1781.0241785617661,457.6434010445296
14.951,2150.3292374068105,1639.2745507646619,437.90875690610295
14.971,2136.407491928352,1788.2439316759326,447.0527567246467
14.971,2222.1459139045396,1767.4756207546898,435.8240710894355
15.01,2104.124335429463,1708.775893584922,421.8474290337056
15.01,2212.8829227801507,1664.2189088056414,446.1868849670276
15.01,2196.785879389593,1820.1778232117135,436.7596382036028
15.01,2145.475586568594,1699.2730510663266,440.6226817928635
15.028,2179.4001130384277,1802.9934862622538,452.2129920784558
15.028,2096.934032106595,1651.1994226922552,439.438294818381
15.049,2178.9592422011606,1730.6211590566327,405.62246531523624
15.049,2190.7951186383016,1919.7617478199547,438.9341939169784
15.07,2118.8512819718862,1679.6728895179622,420.15619308034684
15.07,2293.918198542098,1676.7071639448611,402.6047172796358
15.071,2228.3557356416186,1612.3644125913497,400.1214179467267
15.071,2158.91618530319,1789.40633300851,408.9063448626124
15.091,2155.554200141983,1906.1952106157028,409.88116061567433
15.091,2397.508969172844,1665.8353653378556,414.37117860164676
15.112,2150.316670866613,1685.2762129897067,451.92963230237444
15.112,1972.3107999586643,1798.5255432951972,431.9122649694355
15.133,2216.9684573680665,1757.8768366709205,433.25031671396346
15.133,1950.4050180797888,1792.537525846111,430.7789036384777
15.153,2248.6157694598273,1666.9244344343037,439.9663369691133
15.153,2220.8272308670957,1661.940414503065,462.20970005799904
15.198,2189.6953659546184,1715.0104636642022,426.92254529533966
15.198,2335.3728851478386,1707.50380547218,433.79271455296725
15.198,2220.7598700312883,1864.3619152439535,424.3567234114742
15.198,2223.8540886335977,1725.2270314856034,446.20440688110335
15.217,2225.49905056911,1794.5283071716715,467.0685717708591
15.217,2107.422857356526,1677.2550916346825,425.98204808592885
15.237,2227.742515212875,1805.1961751189513,457.801135906081
15.237,2225.837986765025,1853.9029016361003,455.88876499925493
15.237,2108.2737000915367,1830.2777385571692,447.4327141146781
15.237,2104.2907921575174,1849.1676387809084,460.011719928712
15.28,2213.7450026189963,1674.5983213470236,436.3896129205191
15.28,2247.6869725925844,1678.1707987198513,434.0530921821943
15.281,2073.194647895519,1611.5323729459292,482.5393170143986
15.281,2129.289489740684,1749.6527549641141,431.4034304264714
15.3,2075.222712202494,1669.710025319782,437.08453790437125
15.3,2107.763315741968,1698.667236857191,443.73690660628256
15.345,2085.6608567312196,1681.301489143747,441.5179376947975
15.345,2155.3734091184742,1824.898902883917,463.1671588943454
15.345,2108.7176431150915,1805.763989308585,410.999667628795
15.345,2152.0198257989196,1787.2728259617525,415.3988182392174
15.363,2074.029215415872,1599.967754501703,433.17769858207475
15.363,2238.326766440355,1759.6041365175372,440.548405840997
15.383,2059.086405575719,1894.8374258013905,441.7899052480165
15.383,2163.3544386709486,1724.4034727992714,440.35402087260974
15.403,2125.2293666847368,1681.4674338723514,422.6728080872855
15.403,2266.328542794148,1608.2943300196328,454.0021144596563
15.404,2226.0146348860653,1697.651576384658,458.44316193511935
15.404,2345.8359812123563,1675.0968570188043,449.81321495006495
15.423,2096.1985989690615,1751.70290303376,427.38692861855054
15.423,2157.547981654716,1743.8058786927634,461.2453782661585
15.445,2239.213122745728,1747.4452642479505,435.56456626704284
15.445,2113.337833525852,1672.804983928258,448.0613682675472
15.465,2083.218070212177,1753.7684297932083,423.1439199957129
15.465,2105.972033649901,1772.5690614096684,416.78882490290715
15.487,2189.8935290832164,1790.2355482877356,444.9041681473685
15.487,2124.0380043637683,1727.4221620511958,473.8934173124604
15.509,2375.7612212772087,1806.173203532503,446.68979253228946
15.509,2193.9355851307587,1761.5045949251712,463.15065354946
15.529,2097.8535286676165,1763.034404856104,452.8947719749032
15.529,2241.2207595994587,1761.7015327381591,410.5255723321906
15.548,2126.8440916991503,1693.5758152336,422.88804181787975
15.549,2248.1517109912875,1752.6960841146267,438.99012310309405
15.57,2174.7555546435137,1759.465856936223,446.4839198939503
15.57,2222.393514540887,1742.7008027097527,438.61733179452443
15.57,2106.714354286749,1880.816210581518,400.74440235899834
15.57,2252.024591899547,1705.8118501889937,457.27388473505147
15.594,2105.8565718710975,1756.329411276659,460.50045433291854
15.594,2198.7160062719963,1750.4043223884685,447.34584033429627
15.614,2288.222087393195,1686.2343648975518,389.77312598040606
15.614,2227.264652162251,1736.1172240569408,430.9484056984442
15.636,2240.4422476790805,1660.3827312252292,403.9955543825202
15.636,2263.323489607127,1717.8580452569581,447.30646449725975
15.655,2265.624773210221,1595.555405458218,468.922280634598
15.655,2093.1340454157435,1789.2972690290628,456.7835999726516
15.677,2213.922421274741,1736.5364257888264,443.38839703002924
15.677,2092.545591844242,1769.449611024871,466.0069140517005
15.697,2111.5186432819582,1832.4079758333687,448.3889166106354
15.697,2189.4500722054427,1661.6972949305061,462.4613419071391
15.718,2128.738926281266,1705.3409377540959,449.8265348606998
15.718,2232.3286603700963,1656.154900802646,438.19947322479624
15.738,2342.779315213886,1882.381718541767,415.2143988346094
15.738,2125.655493280463,1772.89138036388,417.17748739832984
15.739,2097.181299104949,1655.2681436347873,438.44165209114266
15.739,2186.9617621303687,1798.657432494727,435.75615516281766
15.758,2088.0795732921506,1739.8157886246138,434.6618533528402
15.758,2202.5551493308603,1878.4128235360952,461.558861991668
15.778,2211.49536555979,1820.3362670677436,472.9578825535033
15.778,2408.8925264382688,1639.7065466323193,474.3789925919459
15.798,2220.4055400777534,1814.6882945239945,420.93758074874194
15.798,2123.72982453986,1763.2829579774104,447.50521378958246
15.82,2132.124194362207,1807.7406247262206,446.4528005829831
15.82,2126.2081802802227,1678.6499447446304,430.8301098320272
15.842,2216.2023772508282,1743.0422265168709,421.7476924266478
15.842,1877.1809597958875,1722.186308466211,415.2897059404876
15.862,2222.176360061735,1885.794287284823,411.6035188084541
15.862,2157.607480424614,1819.8300909091502,424.246807915604
15.883,2217.7378825033493,1757.5900910382172,446.78830083207254
15.883,2139.0749147792994,1716.8834799579179,430.4026061705713
15.904,2220.003943542567,1882.872550730327,415.365116292725
15.904,2119.5199540357858,1709.1380704954229,417.15170096653725
15.904,2051.1199704600367,1814.8849118017667,437.34583721800567
15.904,2178.857381908598,1758.4250486306544,451.640738483342
15.925,2179.25752586033,1800.9032343990202,434.4827367902096
15.925,2169.4644652951665,1776.5989882662245,430.49400812525477
15.947,1999.3383004382808,1813.6889667674195,435.25624136325285
15.947,2204.8779634983157,1768.1249210799401,465.81496073145996
15.967,2178.2143970282964,1780.3858149540767,441.84366448694476
15.967,2197.591762974652,1812.8002575530538,431.3000936497642
15.987,2152.7025539197484,1733.1253497390046,499.2191929751679
15.987,2350.285607164377,1729.1892170316573,412.4956569500569
16.01,2164.967082675633,1772.0026748997004,446.3884938473121
16.01,2228.8394488077474,1729.965877172059,415.28079221681503
16.029,2304.518255108488,1735.4069299312898,411.77202844845795
16.029,2237.6022181855033,1777.7412312936588,399.367240211032
16.05,2190.232494775404,1731.8388064756552,447.52215104211416
16.05,2315.833363666521,1550.8918181048066,410.7191637866078
16.072,2082.483391010831,1743.3606556298819,445.69015155508936
16.072,2233.554793379134,1722.5869956684955,438.6004918806812
16.072,2077.0118927027515,1848.6674944396734,441.9639109339351
16.072,2186.4255653139135,1823.9888882582757,458.0246418153712
16.092,2095.416831054559,1749.514826719083,461.7514011718213
16.092,2016.1107185118874,1810.0986840868768,452.9025065537972
16.112,2027.3877687522577,1805.7342308537138,458.97704648954505
16.113,2299.086301591972,1669.1769589217186,443.1093329042036
16.133,2081.0594213496797,1778.0294653040924,416.373642216371
16.133,2153.263327590424,1764.5327961030443,470.15667971323626
16.155,2115.4569565637294,1705.180089314053,452.44896308801924
16.155,2267.903154453073,1709.4996529303444,442.15450713705883
16.178,2027.6180254647986,1855.994178661523,433.12199330302354
16.178,2103.9009546940183,1793.8714833662689,436.928708012227
16.198,2461.9790327620094,1716.0841426962763,423.6406803459621
16.198,2287.593859918934,1653.9368306565586,454.8808106463131
16.218,2085.5609333896296,1687.8518983986592,452.69878460867375
16.219,2271.181752806509,1691.132816686228,428.22804372029134
16.239,2140.3845957923663,1778.5879119443323,435.37898171214164
16.239,2213.462826993052,1828.5938227007832,443.9253181686337
16.239,2068.950490599627,1785.5824406577162,402.98361234207545
16.239,2156.143568457437,1666.7682707515157,431.29319435452
16.258,2221.7033931330825,1833.8081804543988,441.64549393259665
16.258,2084.1889595121916,1670.3086285834806,429.30322943031047
16.28,2149.927751106812,1866.9519751931937,444.45534845248125
16.281,2188.8731192306013,1874.389641404518,424.3430079090565
16.321,2229.9144678688085,1730.6217747720684,442.40080559954646
16.322,2204.338644319134,1645.0558936683342,410.53856587061415
16.322,2231.1226574036527,1815.700419659534,433.130494733044
16.322,1991.2318316305987,1781.9308935978042,449.28590768338927
16.344,1965.511327065726,1713.3524776783001,432.7518180498009
16.344,2156.4599161332508,1716.4656700240926,441.97845667466527
16.363,2268.7475673589556,1820.5364163152217,441.71773994549756
16.363,2125.7563799021623,1738.8902667579089,457.1704857359644
16.385,2074.713633595063,1824.775476527532,408.51040775492874
16.385,1963.6696707122217,1728.880716650269,459.3839547747497
16.406,2154.041676060028,1778.6684621044221,461.0003406055402
16.406,2027.4999062748514,1702.4213020046755,455.3351497700446
16.407,2097.066019558111,1845.8710094960027,433.0915251420234
16.407,2115.653623125758,1968.4828873622012,428.1531950813186
16.426,1985.602494469795,1749.4430272908744,428.294574840777
16.426,2132.8351186995424,1687.80264409592,445.79505828209443
16.448,2325.9775131361707,1762.6808848811581,427.4530820187873
16.448,2355.946938053036,1807.515061109445,417.81793479497577
16.468,2300.6789885782814,1673.5431154146308,426.19871894200094
16.468,2076.3270992802427,1734.0376120609376,464.9619415089918
16.488,2329.8444584414515,1584.795047556528,421.69626369959667
16.488,2137.2079601282085,1824.4112330162145,474.6586142579207
16.509,2073.5659900289056,1813.2680836716513,440.4631291748142
16.509,2127.119918037974,1610.8657347262392,483.96471821386837
16.529,2229.608410179597,1832.7204763542006,474.6420192231253
16.529,2095.295979722237,1687.5851940181628,465.56449111271064
16.552,2178.371945412433,1834.9709557156752,417.0094373663099
16.552,2093.259374055942,1775.6023892453945,444.4862648523467
16.567,2299.520128267486,1657.5736885640572,425.3183383860377
16.567,2210.5630770562334,1694.6837345159586,430.2353163033529
16.568,2114.342793129324,1867.6384367396213,454.90340515832514
16.568,2087.1975336008754,1803.0550466226764,431.34131041413815
16.588,2237.8045197604692,1678.3546401057167,441.9852001558299
16.588,2214.2581138886035,1746.6837239477975,436.7070418893586
16.608,2107.71020830805,1720.1965150814178,414.00655160147926
16.608,2075.183724169826,1681.069379502423,455.45145097698105
16.628,1952.8496895099718,1723.1685648248085,468.475894851003
16.628,2168.7786889906247,1822.8877675929325,468.2741149060284
16.671,2193.843469324965,1600.4858925582482,420.3101492423257
16.671,2101.651531043756,1751.813040623109,426.43320133397594
16.671,2120.8537066421877,1733.7983143882595,427.15485826206196
16.672,2294.0660026474643,1791.9570650032028,440.8188254181215
16.692,2160.628286116024,1698.9306754085355,486.42539203013825
16.693,2161.1056905515907,1751.7352107963613,436.7919761276421
16.715,2044.8833408554049,1691.9156549595618,456.32660570530885
16.715,2100.2916771944742,1774.5161943400417,430.2558508169585
16.734,2190.8359354901704,1721.139739732635,430.33205026528225
16.734,2224.748350936079,1869.7011476161488,419.8902300313039
16.735,2205.2723635984407,1739.4176528542646,454.13059119316057
16.735,2106.7436878036633,1693.3829375973773,452.95683499448234
16.755,2210.0033603336865,1523.5525275218881,462.74109544070114
16.755,2092.340476905331,1768.041345144817,460.9594040719178
16.775,2107.075918839314,1628.133549513427,412.4060701761368
16.775,2179.4828498115025,1819.6869213405098,419.9263681851766
16.797,2221.832964322787,1768.1927500845134,432.5868928113024
16.797,2347.2955416940254,1662.2839947486746,444.9175891469814
16.818,2398.8122663615954,1735.1253581016836,419.55336481508897
16.818,2127.206966400649,1643.501688793262,429.79824694264806
16.84,2295.3151973510994,1674.6924211846053,463.4588882866446
16.84,2212.6432474611124,1767.9706122825262,437.9129589346597
16.86,2041.9873857570026,1683.6223315033774,425.12311061627906
16.86,2155.8065031459632,1709.2681779928055,427.96188140088987
16.88,2259.2317623417825,1710.5807917429804,446.4424298068925
16.88,2180.4243855825302,1652.9191211619395,477.8437879293365
16.901,2265.379891875408,1671.6091819147239,479.1356232763133
16.901,2154.3939196438487,1718.387555926609,423.7464135935985
16.902,2131.276923747004,1744.8823609989197,468.57627761188473
16.902,2115.149900579963,1887.9441408557018,434.3137352423768
16.926,2038.5995589032764,1689.0333428332685,451.1512021754591
16.926,2328.7523590058136,1712.261487970383,457.868203483371
16.943,2069.8663957982985,1715.3015345787371,466.30998166049557
16.943,2281.2666798043115,1798.4757284876675,472.5317635376536
16.966,2231.364942871562,1708.4917554945223,462.63125916065457
16.966,2168.7680203135938,1755.7505294121597,456.7749247352464
16.986,2248.014840751393,1866.594412579438,469.39511727607
16.986,2201.152642189401,1812.3893206466832,427.05257354554925
17.006,2146.2604662093645,1817.4222328785754,414.5138312818581
17.007,2132.5736579121676,1715.6619126745231,418.8048562915183
17.027,2261.956361680197,1739.359065411226,414.6241343168209
17.027,2032.0158111063045,1817.3378865981108,430.6114746735222
17.048,1979.6082090304253,1874.5825885377026,440.8404691018917
17.048,2219.4278554815996,1891.7727275776815,439.8404757643135
17.069,2149.3576340691193,1737.0211690233475,446.3268519208578
17.069,2229.0237038135047,1592.3836489785147,452.56154534608163
17.069,2081.449802942685,1800.585659829373,427.67353092265193
17.069,2115.2289834143658,1789.6532715284272,442.02480491144263
17.091,2254.236146790934,1800.6900531600525,454.07335274328693
17.091,2147.11488410091,1789.5032033073069,436.9203130178098
17.111,2095.6774773317948,1947.2207130476559,446.21416831004706
17.111,1924.0102853258225,1830.1859357027854,410.8671727214135
17.132,2284.4851102468806,1857.4804307520624,419.30762618302373
17.132,2181.1354566331374,1705.7735619980551,470.2476379142164
17.176,2205.663880033361,1710.760143716916,476.9423785176919
17.176,2251.6257118096314,1677.5211516286413,417.83130869477765
17.176,2062.858801817678,1635.4982642122934,433.7369984129571
17.176,2116.9988779661267,1688.170017750857,464.54813110053726
17.196,2080.5008051666096,1769.2116810597222,439.413871952582
17.196,2152.3925786292157,1645.0054284843313,438.9711118199344
17.216,1994.7516538882455,1621.9654419695787,456.19152846869815
17.216,2054.277985959365,1785.9297169920449,471.59957302172825
17.237,2274.6181419975924,1766.4966259623866,443.171051599146
17.237,2056.8378132586918,1806.3265734528811,422.851353542252
17.237,2128.4298254864543,1769.763803645984,446.20302538189696
17.237,2211.899442970333,1849.701575906782,445.43823136078544
17.258,2249.013383665463,1700.2333631602494,449.45203099031045
17.258,2252.3156811843473,1860.1680333989616,393.42396105149186
17.279,2197.5645208293927,1779.9926530123166,446.4687942863412
17.279,2116.9650691266106,1661.5504411612737,448.5603646525996
17.299,2123.2911528017216,1844.22260438595,429.1045419646748
17.299,2151.0574164993473,1780.3780735172818,459.8473818899095
17.319,2234.6099173950893,1753.4865851799257,435.0196179537046
17.319,2058.754655790507,1839.1787894019928,447.42144776673297
17.339,2245.1898802037317,1819.3667941742003,441.1708426818219
17.339,2016.702948533475,1760.361621519251,424.1759147013312
17.36,2155.897299883039,1626.4842221005413,431.4487486963232
17.36,2062.1287190044563,1806.3131444816322,471.0722942529881
17.38,2189.2285632678736,1680.1976310654277,436.40315133060284
17.38,2200.385583952274,1802.0878522268004,449.84381834859056
17.401,2086.4085566787708,1790.749386962984,451.4018527981069
17.401,2260.4845398148727,1746.6094729225338,430.7876289926331
17.401,2143.8976018219714,1743.806367779597,462.8015955400564
17.402,2054.787159477113,1788.2830887836237,438.3773746744077
17.422,2041.5838312855321,1862.1102438157238,430.86823624807363
17.423,2214.8004830447485,1855.2560393949257,479.1888029314192
17.442,2104.0749517173713,1689.7944329105192,462.55538459955216
17.443,2142.609792235752,1774.9341182946928,451.44145233395716
17.463,2205.8186960221756,1783.9753226031194,399.49216964617904
17.463,2003.1564079848463,1658.7084393886166,415.62666851738845
17.484,2101.2008683955546,1768.8408586909065,434.90439113552424
17.484,2188.468967451327,1729.76070964603,437.56310490337506
17.504,2136.234505615628,1698.9229773871527,432.0607833642607
17.504,2193.5689482479725,1702.280824489001,424.51846605538327
17.526,2109.6958685233694,1588.0299087635367,422.1803413894299
17.526,2189.27549356744,1715.1333893459255,443.30445136770425
17.546,2228.4402238643356,1612.164268248748,442.236556340322
17.546,2007.36289108116,1707.9149725687696,428.996865821584
17.567,2289.2411139401443,1582.1252421796219,415.74338405995286
17.567,2336.594916826519,1789.6070069251093,392.75249492581867
17.567,2081.597838080373,1768.0393875042698,438.38922842550903
17.567,2196.293605335775,1836.934229882324,452.4998047191125
17.587,2168.2958614060217,1689.4052755665282,408.6419453183859
17.587,2247.7178693563096,1754.3666333429192,421.85734960014315
17.608,2155.8708824236187,1707.122377133554,450.6799270646792
17.608,2241.2434501658777,1715.5604134014047,447.83725681268965
17.629,2060.790844153932,1767.1842268135576,463.0835289155262
17.629,2044.0751299176823,1779.2280989788887,444.9088343889899
17.648,2036.2819039973388,1752.0999949844336,443.33656419901126
17.648,2161.7364209804796,1670.1497483172895,466.95443578661155
17.669,2002.437689616549,1822.2162989083856,462.44784766127185
17.669,2095.872281797091,1780.8026522797427,456.8305396293041
17.691,2178.397603240629,1803.9343911867372,475.00376892669436
17.691,2048.2852061307626,1796.6483668014396,475.44528339408515
17.714,2306.4371460843113,1776.8168269249,438.0514670982508
17.714,2182.685849502355,1772.8986758119406,418.16468084329966
17.734,2183.6260522151842,1706.7646523271872,387.74573173850547
17.734,2271.856215549146,1697.6125287387408,453.6463837359328
17.734,2042.6338256398162,1680.4059662807163,430.7446178317524
17.734,2305.080793140847,1841.680207676431,464.5332511803535
17.756,2034.99809135172,1661.2163528739034,434.9031868600706
17.756,2220.1547518024404,1737.1647643428535,431.3567601905411
17.776,2114.868869450452,1730.5333728408148,446.51348327765197
17.777,2222.776933344232,1602.9057527536636,408.295304579544
17.798,2336.987350349398,1672.9208296590268,455.5238143581922
17.798,2096.923497582209,1751.2856387290008,425.81368619948097
17.84,2180.2656656323916,1709.814271346922,429.83123658749264
17.841,2247.79741506168,1744.8610142584555,407.7483805353355
17.841,2159.206364800277,1659.0997016345864,434.5052380376465
17.841,2042.6652606211073,1668.4001257158623,432.8043471143952
17.861,2188.3188344834084,1656.30024697652,456.0368845008456
17.861,2090.6861106531965,1612.7155543494234,437.9050302656291
17.884,2256.444867825223,1727.0230123173906,436.8191312073847
17.884,2109.3944392747117,1794.1500862157798,437.0075351619162
17.905,2382.013892291026,1716.8714135569235,458.36750800510305
17.905,2202.4388223595233,1738.8638668296696,437.0179359197675
17.905,2266.659747636381,1622.3646044012387,479.58427405132795
17.905,2150.515818028751,1717.132966002653,398.5597392170713
17.925,2337.073970017891,1863.0545946820248,435.2911154106533
17.925,2177.6709563890913,1748.109111894956,441.6486075434156
17.945,2337.1458039940444,1810.4418420586871,431.6853307121599
17.945,2142.4331331457993,1724.60570747698,401.63882921968485
17.965,2200.689209298635,1694.477182323091,438.0256340501054
17.965,2084.843816928081,1717.2978939602565,421.6081850356574
17.988,2171.5590449608185,1808.7712274218627,429.4349466180467
17.988,2121.2319014848244,1696.9996149689696,437.919333614492
18.006,2051.5426291767976,1812.7840041001834,444.6798908784702
18.006,2361.0972711917148,1682.4981022189952,448.89133522293525
18.026,2293.5952273523376,1867.0013223420613,455.1744312302784
18.026,2136.1595989967404,1808.0841046006049,404.087298443269
18.047,2194.8092744812056,1811.5813323838306,417.42133301140274
18.047,2221.3009789176836,1710.198569387888,392.1638759507069
18.069,2178.421229062868,1810.6707080725892,429.3052309996071
18.069,2073.7973293776276,1720.091989831711,430.43133541640543
18.069,2191.94843177964,1758.324308092585,462.8119522022646
18.069,2133.6100796001533,1773.0138437468722,454.32890422766
18.09,2131.868532139981,1730.002042142608,465.88449799567326
18.09,2074.1759229612835,1781.5467445748282,456.2903214760469
18.11,2046.314665661355,1720.0180278680295,441.11562390185077
18.11,2348.0151342174477,1585.0224176917109,436.2621371841175
18.13,2177.1674556405196,1770.933728396084,429.888691735097
18.13,2191.7346524350537,1700.6354522086326,399.19421027295977
18.143,2067.0577377450377,1732.4497880021336,431.0949352885939
18.143,2062.883573356193,1683.4958098313914,420.64134625262454
18.163,2312.495136141037,1714.763478111392,475.20989854078994
18.164,2309.1985193578084,1717.6409322617135,402.39024367601394
18.184,2149.8198318754216,1671.2912321702825,431.92534176241185
18.184,2131.2441980344215,1772.9716405034821,449.9152770420812
18.205,2270.836574220931,1731.9540553561346,460.62782415334425
18.205,2169.4838928059194,1766.7760319549423,397.7396909755922
18.225,1999.1300215701892,1873.9724350278555,467.93913546612396
18.225,2387.055318888432,1879.8240716810374,441.1719291654152
18.246,2151.8227084888244,1791.745187679258,432.8568392434336
18.247,2263.3326388234254,1776.439438320718,425.69745605849675
18.247,2122.9155544862733,1871.822392043774,456.2471280931768
18.247,2308.6054860276017,1792.333121908972,429.98172173411
18.267,2329.225436606962,1798.225587068135,441.1563141830571
18.267,2162.7435689875265,1671.796295978947,442.17931273870045
18.287,2020.040949693701,1759.4726984776173,458.53721181716645
18.287,2165.131641526577,1749.2135136077666,430.0338933997281
18.308,2232.019213402171,1666.950414917566,466.58962055174004
18.308,2176.1361334838143,1887.8786434918215,466.5194220192021
18.328,2083.1005594326457,1721.481395021603,446.1924021855984
18.328,2313.0192775357136,1651.3622078211754,436.1532613664623
18.349,2181.747797540387,1907.2084986372672,442.70526831968266
18.349,2130.6982697323347,1700.6765519877902,443.5925912450817
18.368,2086.7213407218305,1676.7408114687607,432.6266415414335
18.368,2080.7469953243976,1753.7292116088206,458.59783849944495
18.39,2181.105018720095,1760.724980847474,436.7357520564327
18.39,2157.070621942517,1721.7310951275008,410.11421891106613
18.411,2063.3173864563882,1790.6015705100326,427.00385617866186
18.411,2138.478806835402,1664.3838016445923,426.98993522266625
18.411,2211.1504548768207,1670.49950624128,430.4187871192703
18.412,2161.631518914096,1908.9130549792035,443.202054916739
18.431,2229.075508296396,1773.2164463834165,428.30768084551545
18.431,2173.2541513555084,1704.0960716692741,489.2711208389694
18.451,2066.511251667643,1781.5303745522601,442.450365319247
18.451,2281.9884553637467,1683.2745033648368,412.05627937221624
18.473,2298.1543613940607,1642.00391171418,467.3054231203283
