Time,W,X,Y
0.008,2028.0070411298075,1652.2588186702446,432.00951167723
0.008,2099.4141686554913,1713.8166685588224,464.5563431917676
0.031,2230.350087731673,1840.7791888987147,458.56389060567557
0.031,2374.7317886831124,1623.7839690417204,450.3941812781683
0.032,2408.4500520737265,1849.3535098056673,472.9061866046577
0.032,2332.6722468594494,1919.3570465429962,469.0048199970507
0.058,2098.784658537003,1837.1978712360212,472.0124717933288
0.058,2099.9888902103858,1710.8533205682654,443.1415368248776
0.085,2224.4752304113367,1913.5934575872122,451.82333971159596
0.085,1912.2280967960294,1917.689585130609,445.9532409864807
0.085,2397.642696635412,1854.580320867896,485.7820061823588
0.113,2276.353300886969,1698.4106669111022,428.48471886478126
0.113,2418.329494638056,1719.2186964347284,440.30492037286945
0.14,2064.238954589555,1790.2728314256456,387.8075869743349
0.14,2080.4413007103904,1961.1131834384432,443.13803548813803
0.14,2386.4374993328865,1766.0492326135525,428.80959610425293
0.167,2145.5549540945053,1787.7877397220923,438.05237098044154
0.168,2288.3111361387596,1658.7594651002064,432.05176162391865
0.194,1917.1802928022157,1737.3302740182748,447.83631595078003
0.194,2128.3032095842777,1678.2592842026354,483.9630167801481
0.194,2174.2652004123383,1867.4516447418723,445.6265066423631
0.194,2261.2229513688053,1761.6785208713407,413.2992559239818
0.219,2233.0998223259526,1823.535096817149,442.599416667049
0.246,2226.1669220899817,1760.351362722237,465.32825744042646
0.246,2234.8783752746576,1714.5245517005887,437.6951136139076
0.247,2224.005045264521,1360.6832377250141,453.93058558952947
0.247,2103.3456021816737,1864.7104666257264,385.74191535146605
0.276,2120.162933638607,1760.330483565389,426.2567054842945
0.303,2331.1286138931564,1796.9361239517386,468.782533747761
0.303,2177.746130830269,1967.0747079971798,402.2698056584819
0.303,2092.258689787138,1724.158672564251,453.4100860180827
0.303,2320.3866591190013,1901.7180611189801,409.084060666625
0.33,2130.908076059211,1630.993848452763,403.42630351615895
0.33,2291.849412291747,1957.9134556376034,462.14701473141776
0.357,2097.668574628734,1779.412743484019,468.12890049972793
0.357,1989.4863917322878,1843.5085028118485,477.64620091499626
0.357,2153.391923144478,1799.8276737022554,462.3736095894885
0.357,2085.814085426388,1784.5246248192857,451.0228953907505
0.386,2161.0800841249593,1849.2897836622274,476.19308172512393
0.386,2141.2641737190925,1692.755427329701,412.60402850199694
0.414,2230.1290050762927,1748.017898320833,414.7351406166486
0.415,2161.471588524602,1940.758043822386,408.1674422086291
0.416,2191.992492292576,1663.5744244087682,465.4898861284972
0.416,1971.88875785573,1742.9160303050626,424.3239371897686
0.442,2428.6810287669905,1766.1288555362726,429.75593406052496
0.442,2409.6136717635864,1600.6154976420198,448.1764309161252
0.47,2283.6080687952367,1952.058650575574,432.11365475924737
0.47,2247.3858070128204,1676.804811962396,436.4333290091362
0.471,2210.960902022496,1628.100939641371,422.3984142755129
0.471,1965.6732339027271,1685.7930766313036,448.8548982033365
0.498,2460.3556786599725,1752.5778963955142,484.28780839670526
0.498,2059.542378375646,1882.161128589996,431.73431341589065
0.526,2116.1343707580672,1731.3535927149894,391.61027220209786
0.526,2279.4165496300907,1813.1160163993386,456.5321985190861
0.526,2462.070555609776,1854.8605914243856,394.2487656201964
0.526,2292.030944030378,1815.215079175768,426.7761544774777
0.555,2224.5288468826298,1710.5815919245133,464.7602294925555
0.555,2153.6874155572486,1936.2251709632521,479.77283268597057
0.582,2297.385787666718,1715.0463197044699,401.0135284257763
0.582,2160.2554354877207,1810.1827644193668,462.7014008493999
0.61,2078.50175679934,1746.2932786280282,389.4149333477466
0.61,1983.9938060351947,1645.8713452910088,427.57913667973213
0.61,2273.268567501241,1705.9304813008396,450.06333485772456
0.611,2318.503518534276,1839.4579120473927,417.5353874956967
0.638,2109.58478831935,2033.1405623645196,478.8740478113531
0.638,2314.3931499314344,1796.5200341720936,458.90061155661675
0.639,2329.8901383352445,1819.85054520869,440.19654539729964
0.639,1898.5936211250919,1660.8233589082054,442.0191090268083
0.665,1968.5318403231327,2044.4747111437584,446.1831244033677
0.665,2189.4133452550145,1717.6424103499687,483.61647432054804
0.693,2157.3138132908316,1887.925177415707,431.1887460211487
0.693,2206.3018968653837,1702.834610757106,426.33682407309135
0.693,2136.805979569956,1765.2688372742607,483.2688429866314
0.693,2190.846153743892,1699.354032046791,433.47227583157223
0.72,2157.1156960712074,1686.0943866038745,463.5197909218768
0.72,2199.357360687642,1872.462413100217,481.4556411742682
0.747,2179.724740898387,1914.9517582719695,453.41700345206004
0.747,2158.5809502049387,1572.6092647198939,438.64057007268843
0.748,2437.351663104285,1907.4514754412844,421.6155028839013
0.748,2001.2858754327485,1964.71657678145,391.10736647273103
0.775,2491.8969556028133,1579.7544096604122,456.6222418328566
0.775,2080.309672122901,1533.5642612149609,463.9395424733966
0.809,2146.608922826652,1792.0863602138604,447.76463900152834
0.809,2145.4237353887797,1675.5593454716914,466.2583327075528
0.829,2379.0358037408923,1889.3155758604555,424.99300254487764
0.829,2251.8367258404655,1844.3438530360665,450.67032995914104
0.829,2290.4005637531072,1866.1115018966414,454.2943515385221
0.83,2392.6913883602347,1800.579850532914,452.5760105307357
0.85,2069.206812520139,1743.1865987313229,489.4648748940401
0.871,2217.0368503844525,1765.5318521022375,446.01046988977714
0.872,2448.2112298273055,1667.844727277854,411.7822309333672
0.89,2063.231728328448,1908.597313447413,419.1449550655928
0.891,2331.8669447015914,1831.945075625052,465.5282610061935
0.891,2129.2642104958686,1795.1981359374308,451.641729391886
0.891,2173.476887771665,1707.8660653125585,438.27970822857
0.911,2266.551008791164,1850.7029026442708,426.47822712496463
0.911,2086.159803702541,1822.7265524001448,453.5653009602662
0.932,2265.459493062289,1796.504244056273,449.2174788136386
0.932,2252.3724975019204,1678.2439910042974,456.8050012488887
0.953,2264.3159227101655,1881.7634414750426,394.9364766592783
0.953,2168.3799530756523,1686.859918755489,450.1505237481522
0.975,2054.682448107353,1779.8781461132658,465.9576026467025
0.975,2212.047109162555,1617.467365301295,435.32096307783155
0.996,2220.7537643942755,1912.7446033207643,468.1768183646057
0.996,2384.5749022262485,1849.1416127273105,466.0404297801173
1.018,2381.8415168664624,1582.036355710122,413.8354024621706
1.018,2114.1876610988684,1624.65881358941,480.25739292112354
1.038,2350.376269490136,1757.5239820798174,434.42351643420164
1.038,2226.3361075207995,1808.2029321686389,466.85305239298657
1.058,2349.2302362164473,1638.8722524406048,454.46828380559646
1.058,2307.7597423072157,1774.2074205357599,434.49717372634325
1.059,2358.823459427821,1852.0673460227351,475.89448691707634
1.059,2125.425443121695,1923.5958745908083,478.85644238741014
1.08,2169.921141583885,1880.640109824783,457.950596277484
1.08,2211.587774679565,1733.3084941758707,470.85696921681375
1.101,2182.6481521550218,1735.2040421793592,430.46225271736427
1.101,2339.4862413573887,1621.824570490173,490.4439526846133
1.122,2217.3748541971386,1821.4284569456338,446.1170629362722
1.122,2335.0492768353984,1723.43662364265,445.4708493549765
1.145,2275.214021837765,1729.6734634514744,471.57755125459175
1.145,2130.9239615153947,1889.1850056534533,427.74627969307744
1.164,2325.1774364359003,1789.6695775870005,399.0641219077261
1.164,2031.8613125143638,1707.2443583150493,413.57003574046746
1.185,2228.426040089377,1595.8700754356946,428.4079437048963
1.185,2230.7910208831036,1793.9784030431138,490.45872507296923
1.205,2256.123812533542,1622.9721681127967,508.40186205822454
1.205,2241.95350508865,1642.6533544701185,479.39391819325914
1.228,2267.8875481070563,1772.102412835356,439.17491044076354
1.228,2303.3581465568955,1833.1491065722741,442.82237993584505
1.229,2144.453168146231,1752.5481215750883,430.08424478486995
1.229,2272.827341224665,1786.4853733309465,403.47327220027836
1.247,2199.683222533772,1917.4405629842781,423.4903255164774
1.247,2018.1065421420196,1754.0938082126615,422.22054950907597
1.268,2157.5056134803963,1756.689298443803,400.39559721643184
1.268,2417.342323215982,1819.9645909106553,442.9889943117463
1.289,1982.6059167722751,1970.7326571997587,455.6097817792597
1.289,2239.3659691752996,1897.8444526647127,430.43849874252476
1.332,2292.797813009211,1852.7777736545033,431.3477330209293
1.332,2104.7896125707543,1639.1664777178307,428.9877373602709
1.332,2135.1489445944094,1879.9214190862353,402.83757058983355
1.333,1961.9043959485973,1760.7102008468719,472.537771356988
1.354,2359.8469284752664,1844.499043347283,415.75061327769447
1.354,2225.5164185160934,1958.4789568137867,405.3423701492299
1.372,2373.974491227644,1803.3501411015598,482.0880559223414
1.372,2198.788928473605,1739.3143923589303,453.5786913428201
1.393,2003.348562026438,1753.0640537780673,396.93777505768196
1.394,2269.4328779247817,1823.7832486279085,498.52394423194824
1.394,2337.2170380844414,1654.9451293893167,470.37830259728247
1.394,2160.3486546457675,1798.5622658090672,439.16189497617063
1.415,2414.4847985756905,1875.8870255717386,472.75120074749225
1.415,2181.315843240467,1509.194618064089,412.3635964336494
1.435,2231.969636493549,1726.4676048971187,416.9294582457795
1.435,2352.154680035851,1817.742894766095,436.9467941730163
1.457,2109.2207847071627,1788.9614168669796,472.6111880323812
1.457,2189.4749415118613,1711.5831650061928,481.3431078870004
1.479,1958.9677380879612,1759.5772506782012,446.1768815148287
1.479,2208.1369079027836,1808.0404600842303,449.516866422301
1.502,2158.630695316871,1719.502884048799,446.3764290009657
1.502,2168.131011482506,1864.8454201385832,400.49317954870327
1.522,2269.2163901158906,1829.2158579524107,381.6825518752603
1.522,2070.3003593226354,1930.891341808718,454.18119160812375
1.542,2176.6653336269196,1752.1112561461084,451.17276012613075
1.543,2318.7926230097037,1790.0857187602396,420.0647323916667
1.563,2379.5266982039784,1866.2755127552384,415.34781836256394
1.563,2149.593481346322,1782.5226345742885,430.85259968337976
1.563,2435.6459511831063,1761.0745446132019,431.07111114852546
1.563,2405.3343377086626,1856.8437146469087,420.24545012925483
1.584,2107.565373828069,1972.7759626320617,430.9384040952613
1.584,2209.0706954328957,1898.8466430989333,378.514910895328
1.605,2271.858687598361,1959.6381130409177,400.98338130006044
1.605,2062.160205090011,1845.3876122919278,508.6737361051507
1.627,2045.4363612033612,1772.9162644873325,511.9084383114997
1.627,2231.2271364783583,1736.0817906652446,418.7108918222922
1.647,2256.8824423909837,1956.5201217219646,487.9234986316058
1.647,2164.0321746182026,1853.9304115444736,473.1414290056809
1.668,2055.442898104309,1652.2190033600118,429.99260467914917
1.668,2280.267228027943,1817.494217541269,430.42469986374175
1.691,2164.2830666710142,1639.417368557639,474.028157921167
1.691,2192.7376878326936,1564.8593247473032,456.2885694947375
1.711,2037.9176055452194,1900.0040852393606,456.1615630290601
1.711,2250.754281044963,1900.7330569828584,427.9725130227895
1.731,2203.982166924659,1848.3211417184416,380.78542759632194
1.731,2129.583810106512,1936.7984268804644,453.4459636293976
1.732,1952.803371299198,1610.4530129719892,440.2279334372623
1.732,2400.557440313799,1705.3074803314344,481.05794580041277
1.752,2067.5741429066925,1722.35750172376,484.5028873003063
1.752,2459.452146507917,1655.6012635980835,401.68082045314736
1.772,2159.7170340447665,1925.6823134707959,501.2887284418215
1.772,2307.342022208751,1647.4904486178893,451.85811244943847
1.794,2281.5445597651374,1696.687043833353,447.33411197378047
1.794,2033.2256174014506,1718.595375762979,396.6796253163708
1.815,2408.3290994194385,1759.578321311593,435.5973688407972
1.815,2166.4812803195873,1843.8360042739787,452.5089701439222
1.837,2309.0698089257785,1923.5293709577795,491.8245266593453
1.837,1901.1094004408271,1796.9045664470448,435.5606050262896
1.859,2123.296334628874,1915.6619356311421,456.19332515940965
1.859,2167.443496877412,1926.9186658309309,436.10236483808444
1.88,2290.997631008413,1773.5349394068762,434.50047151517185
1.88,2169.83025563082,1627.763996506478,430.4083603868425
1.899,2403.8533130687665,1741.4223903053924,392.13598999617057
1.899,1963.4955748643727,1911.7771108846664,449.57143525029215
1.9,2068.4095107250146,1830.1489153181694,429.9259817699205
1.9,2092.1350501231086,1763.2625477248014,460.5413765298765
1.921,2038.1755861514584,1717.7216684702023,481.3337787257827
1.921,2159.417954243586,1741.6933726874404,442.508478955163
1.941,1962.6040843077017,1857.2760232808785,445.8723895895858
1.941,1997.2653257043323,1783.764258719946,452.1990434014511
1.962,1918.1671474513562,1671.9865014246561,439.2149129700958
1.962,2278.837708924718,1816.1962070587695,459.7678541354939
2.004,2073.370172587875,1759.3429983422009,470.4381505533418
2.005,2158.6115203772215,1620.9012017975929,491.38819437230404
2.005,2232.3755936276475,1505.9743260478263,425.49783755152094
2.005,2138.0927201726618,1397.9184527456232,423.93565417321656
2.025,1931.1562673135672,1774.5131275127299,468.15185589452403
2.025,2290.3683600447985,1846.9662946633355,467.61823440191074
2.045,2152.154012448588,1877.4902924137648,469.6340823183351
2.045,2423.3888081045316,1813.4592180314453,442.56956503835437
2.066,2179.7060520025593,1824.0720810012792,480.83747437933056
2.066,2207.812147098081,1870.9989937902285,444.040225251618
2.066,2120.029082478819,1757.766444610155,399.43115623527126
2.066,2204.0715338205487,1789.7150082517435,397.42752737634663
2.087,2314.179102596084,1726.3237111291883,454.71538588629136
2.087,2383.9463035155904,1848.5716466231024,500.3520010868252
2.107,2321.9207048171265,1637.3002310870113,454.15504151844755
2.107,1872.4281820622723,1793.488637136083,441.27672144318706
2.128,2103.8796491383346,1850.2639396507022,472.56886218865594
2.129,2045.1969418311148,1920.7065713084867,467.1441635425882
2.15,2253.7954589781375,1754.4617319393067,416.5096022461787
2.15,2058.030233414923,1840.6712397015021,390.28826215526925
2.171,2192.8700747641037,1674.8021152193446,455.3817647085505
2.171,2055.2538297840047,1764.8088921777223,424.14194328336
2.192,2284.659055928834,1822.9590726937424,437.8130100718374
2.192,2266.5555935135712,1868.6185976988006,470.050284444487
2.216,2183.3126578324545,1732.2268201511226,446.5426841475315
2.216,2309.741371091508,1864.5209393482714,410.6836165067467
2.234,2342.719846197969,1661.0119698766996,447.0928756362778
2.234,2189.771709277801,1786.1294873829854,469.16481046106446
2.234,2306.1328748430165,1613.5889633794436,423.767563992141
2.234,2369.95457134929,1694.4623002878172,465.16079198120457
2.255,2249.937578991609,1737.2751951466728,477.04433435332544
2.255,2169.0714536041337,1967.9751191297473,449.1237979194125
2.276,2314.091704932625,1954.3440768812175,452.72890997420023
2.276,2276.804693798325,1668.8509998790753,449.6633068896871
2.299,2047.9114504788172,1688.6186243496568,477.2282258093052
2.299,2110.393644235908,1677.6539557233768,414.4640684260537
2.322,2366.7814066636242,1759.8052029993996,419.4660495390722
2.322,2217.974082034565,1685.4926520034562,442.1020270056124
2.342,2249.9970261023477,1576.1527838101665,471.81536838671343
2.342,2168.318469588429,1583.5055632107897,429.64078865835
2.385,2387.5642362578174,1563.4816657307508,455.13895306585107
2.385,2083.84587399514,1733.7829216705595,489.9248719978767
2.385,2309.2286318352667,1777.4765233781627,439.4446475783907
2.385,2318.28480569138,1778.3931714880846,452.5835968325502
2.406,2359.9261818812333,1671.24773318757,443.9956953092904
2.406,2199.424309458415,1708.3076945821188,422.2184467921818
2.406,2308.758284412916,1907.7390023540092,485.7495715662318
2.406,2292.0995763602887,1926.7164271977294,477.90262547734284
2.426,2146.94264469918,1967.8754205760777,453.1955901018889
2.426,2261.608137523121,1727.9237344742196,426.6161324133899
2.447,2232.0171750213426,1667.785761280962,422.7360695418407
2.447,2392.464129854538,1730.688314055453,396.924924738257
2.468,2176.9493061538433,1925.5512164487627,425.16905644611114
2.469,2296.0109805422367,1798.6500276081572,428.5721888606253
2.489,2283.7579762643886,1579.6898786567983,406.64635956193325
2.489,2081.3051213742096,1878.5396332443702,482.6029069247716
2.511,2118.131308148514,1892.842120600651,424.9763388201029
2.511,2065.2397238895387,1780.787592045869,418.8432659473553
2.532,2256.978891649054,1816.2344321730784,426.3520231291062
2.532,2322.0896100524606,1888.7189542877031,451.56910763607567
2.553,2250.882719484917,1718.5990678921962,399.89036809984987
2.553,2299.2535861131346,2017.866550831663,444.96948218921466
2.573,2256.3690693928465,1874.5533349902578,447.3141794785632
2.573,2014.041734781142,1781.2368523365863,463.4003750784117
2.575,2211.477360098954,1786.868630601385,486.2017297589168
2.575,2254.3959016541603,1726.8717317363398,479.7126167022425
2.592,2322.149488744298,1779.5605138299925,411.7952442694924
2.592,2245.9391001110566,1901.528820754251,425.4773377642753
2.614,2303.415420468472,1855.9671350581255,461.796786267217
2.614,2264.315982979344,1680.7172089257633,439.5797062724619
2.636,2209.117210376778,1872.8288523787314,478.9863864040878
2.636,1937.501758778863,1865.8649871218793,452.17081791923016
2.655,2232.539619512087,1609.3659310872956,398.6821603819132
2.655,2304.1552075452814,1876.1929977437137,437.81110814880316
2.676,2055.4437935618926,1857.5990339805358,468.00946505551804
2.676,2090.0053138604317,1936.036123401892,476.1325015911239
2.696,2291.506457661009,1646.7410418168172,449.6281961189025
2.696,2329.7128073971726,1680.9112028803956,417.5275436401779
2.718,1998.4011714357673,1735.8064461058632,452.9486889557808
2.718,2177.383968194115,1769.1445412750845,463.8214283717835
2.738,2270.3685938276435,1412.2948201435372,465.2376928589164
2.738,2137.6013017085706,1861.6019271187477,452.0755743951545
2.738,2214.9936811719617,1634.7459318739113,422.11143212879364
2.738,1911.2084131116342,1686.9834373015033,474.63205646188777
2.759,2328.7472712677086,1690.3347205689079,434.16429289624324
2.759,2104.031520954984,1661.8236933250512,455.39693128358914
2.78,2257.715452388382,1837.7150132024624,466.26163384485704
2.78,2136.6875954700486,1515.4857294342905,478.72560602126947
2.801,1912.7923660972817,1736.306903263537,431.89018519907216
2.801,1967.4401136758106,1778.518893538924,433.4633351368426
2.822,2174.0193790743424,1875.7273340142642,450.15749441699353
2.822,2211.8959935709695,1886.5453432213192,460.3428592764006
2.842,2256.7056362210064,1906.4196186174233,426.6962671534147
2.842,2151.5645476758395,1740.8427084835184,430.63650777189866
2.863,1960.8401168484913,1656.6858842622717,418.4911749437773
2.863,2012.533299807132,1737.7127790606191,412.2732468032121
2.884,2101.6507528858588,1684.6480534704694,434.73256495612776
2.884,2161.290915872816,1686.7399734568662,432.9350095428027
2.904,2267.637964225944,1852.4477643822702,424.6324452753219
2.905,2155.7304377138826,1854.0774889049842,413.00684017197
2.905,2058.93645825065,2013.4454694470173,413.54783131537704
2.905,2039.1558337665674,1798.034264833325,431.92357999948007
2.927,2228.644851573162,1627.1898441518817,424.6044187148637
2.927,2225.383383217161,1743.3488224233267,404.5684987207385
2.949,2135.046640499583,1648.200416724003,478.80507462480256
2.949,2116.5113460489233,1752.6246472307216,445.17372612956126
2.969,2158.1534195072504,1836.426197286013,441.8992312785657
2.969,2422.272906982451,1793.8210412984588,426.17064408745676
2.989,2058.5648053464224,1694.0444010938484,425.5029532026637
2.989,1964.825127740565,1597.3049207730041,430.23311960014956
3.01,2139.621697344744,1664.645313021265,420.6360305105039
3.01,2232.9440557642292,1696.5964355673084,429.33756400924966
3.03,2096.0649604363416,1855.4645885107602,449.8867101051613
3.03,2301.540367081542,1709.7738204048146,468.13825761285545
3.051,1995.600318746174,1874.3438285558557,414.62913023781766
3.051,2154.9829568844125,1688.75340816632,389.45040361904836
3.075,2177.725823646052,1862.5812264993199,470.4446426335866
3.075,2220.2380756402445,1797.591627365534,447.8151770929935
3.075,2175.646884752039,1802.271150212553,451.348281092547
3.075,2142.6311110772435,1857.6613115030448,427.41997572514765
3.097,2078.1064211335315,1710.1318023286833,497.4977817097781
3.097,2203.483963722624,1839.9341767502601,451.7367086301934
3.117,2007.9589612014274,1982.9172284152246,430.2438809097764
3.117,1998.361679064161,1651.7139503356875,407.47620314831744
3.139,2065.2671338715004,1776.7811822259446,486.67281074562453
3.139,2108.8304177366567,1640.300386149146,417.37464634253064
3.16,2191.2911578420035,1657.1272087778088,505.8633103777755
3.16,2399.6145141802267,1790.3538906685967,474.4272915012665
3.18,2185.661263286936,1837.8628901925813,431.4376215319379
3.18,2205.5577687987147,1917.3300983146405,457.84734410998874
3.202,2156.6457941740796,1859.5027002213121,433.1626540251706
3.202,2257.353536979144,1790.6416195689142,486.4852075462626
3.246,2130.193601795903,1814.4059218583404,422.09427087685697
3.246,2052.929870244377,1775.8989714989627,410.35063153700713
3.247,2101.571222235492,1808.5352036317781,416.2946261855095
3.247,2121.539808006052,1603.3316761832734,459.5514552631774
3.247,2337.1145244946288,1734.8176107771753,443.2192946696783
3.247,2209.129089397662,1961.2609656440861,443.6205112988779
3.267,2348.528676930592,1750.6332057443724,418.73358899987403
3.267,2143.2898840977005,1825.3186382774068,427.8045037058665
3.287,2251.1276206519747,1650.245874994845,464.49817364179654
3.287,2222.034183215277,1779.5760156106571,494.1421701004301
3.307,2033.2865003496497,1635.2392279741898,434.81222863907624
3.308,2251.996958646421,1776.5487946750816,454.16912813344857
3.328,2123.396792410368,1868.7066553816283,482.1102134652783
3.328,2256.7096474054392,1851.8180703686537,458.04807691105304
3.349,2411.8794852093934,1634.958724763516,428.4493440042901
3.349,2117.2610067289675,1695.1322855159945,440.5316897257749
3.37,2154.7623466976033,1744.8941585495397,453.73156910972915
3.37,2279.4571500329675,1670.047635683516,400.02388530565776
3.39,2237.8822041186604,1633.86904352797,440.9117788258418
3.39,2055.241627037857,1621.4020787697893,464.0889190916545
3.411,2393.296196763626,1765.1525642461302,492.83075303939046
3.411,2027.1622664930148,1801.2071569046818,481.0198220940152
3.412,2183.158128407177,1654.181266898333,409.63759055494694
3.412,2344.1176984843637,1736.1848267472187,413.7949804016405
3.433,2121.0920205242332,1593.2471207271863,510.7102371132308
3.433,2300.1577037590887,1840.3708208349726,434.2214479676103
3.453,2088.852333530018,1771.1552586114537,410.1678527610139
3.453,2168.824855992632,1680.8698046559766,398.3904652481655
3.475,2109.1398197147137,1781.1713931773174,428.36123278853574
3.475,2332.796611354324,1816.4081022369628,491.7984446742451
3.495,2250.0088270473425,1705.099192073509,473.7639319137064
3.495,2136.0763745017175,1607.1194069102573,450.56874470241326
3.515,2139.966135997463,1704.158238365146,501.61574795300567
3.515,2325.044053725662,1787.4830413759562,508.99203271857414
3.536,2292.6967315497986,1684.526914057875,417.4232316049663
3.536,2026.939579236642,1844.6446533097665,388.9775136384769
3.558,2201.887950285472,1912.239497098181,403.7646355034099
3.558,1947.5199396480857,1797.3398308682972,416.5494693061407
3.578,2356.535564127754,1932.001160989838,428.1773191750316
3.578,2391.625952297821,1737.5701750468447,474.99722817469177
3.578,2068.185041037101,1855.4356274782451,472.6862173484739
3.578,2376.7334857976102,1837.9153985587247,426.0635891413349
3.598,2048.9565892128003,1868.5184920707927,477.84970337144165
3.599,2225.087083192133,1904.879186385315,478.908338662173
3.62,2228.212039474746,1607.293218806832,402.40327712263274
3.62,2030.4953009275032,1762.4829541673346,425.0890669999435
3.639,2123.4524961368675,1643.4521103725494,384.64179816380516
3.639,2230.6320121099784,1697.1624720481861,450.65380609747683
3.661,1938.5901403891937,1771.7879960415075,451.26990576780486
3.661,2438.441673868226,1977.1624616202741,459.5166532927386
3.681,2199.7892195741715,1924.1098043943266,475.58448770612046
3.681,2014.3186086113658,1684.1785969140758,478.29363815333755
3.701,2049.148515074588,1838.8542319237868,491.8821319669399
3.701,2322.0542404954826,2029.2322121317584,491.86199267644446
3.724,2273.168366790488,1634.035559830459,442.42647202001837
3.724,2242.37840581359,1918.8270501050797,441.06072585976864
3.746,2068.5076689684506,1694.0116806214714,484.5037451011251
3.746,2174.1780244333877,1801.6956499991952,435.2504790175393
3.747,2189.3967471963792,1820.4985403989415,392.7208986395159
3.747,2215.441587369431,1853.3517663847144,382.0791519157893
3.767,2355.6085845187404,1840.3535548900586,465.3882388090352
3.767,2362.175508247001,1659.001225102824,437.2719675723659
3.787,2071.4714282563436,1775.4518289173893,467.717464118889
3.787,2144.7836140353766,1690.7394346946405,405.626521908476
3.807,2297.128254196013,1784.1321666014485,425.7270519078871
3.807,2229.822895123977,1816.2848482571424,440.77673088047993
3.828,2616.158759804833,1905.15311815339,502.31518151905374
3.828,2260.985142517029,1625.9670744194414,434.2986052429204
3.849,2285.679666475199,1751.0877712151366,490.0812136540978
3.85,2302.2832627413245,1956.5965496465046,456.5087593939016
3.87,2120.942877527677,1626.2721299580635,441.2923455302145
3.87,2204.344638086611,1762.7029397483338,480.1050431779297
3.892,2103.5122343136727,1678.2252558494558,495.82265834081545
3.892,2579.5681784755266,1898.1618412524615,458.8090791752852
3.916,1953.9557852734702,1813.0683110080495,387.86095457049163
3.916,2178.143960907406,1627.5673720171287,428.4345221543149
3.917,2455.172220800683,1722.7485321413571,425.9695549571878
3.917,2070.5247684436604,1602.140007032851,459.59878360378246
3.956,2412.7020374785848,1946.28773169015,387.06426222399523
3.956,2065.277658860846,1935.899153138207,427.7030635952938
3.956,2032.1889452036523,1818.3312949676942,444.81161323487737
3.956,2403.6742526507533,1577.4433974936146,453.1539466715954
3.974,2150.422107443741,1865.4040053108151,479.2846570303494
3.974,2108.1399311073546,1632.1141620606895,414.7219789789075
3.995,2024.5926116277192,1657.413116222519,458.52263431345574
3.995,2434.2713271414823,1754.3737852251998,454.8180074621124
4.016,2342.07791474275,1847.1678656309157,437.2147850853055
4.016,2103.9550785250117,1713.9361868188664,434.721306918665
4.038,2276.9844278918085,1680.306454423077,455.63371708729613
4.038,2130.7815281861444,1784.7056453858393,480.2376228878095
4.059,2068.790869363513,1820.8878260567337,420.33337862853546
4.059,2276.4290798529755,1575.0375805107917,423.46842392012206
4.078,2144.9958134998574,1688.768518810323,419.89361641960653
4.079,2176.9981463396743,1947.8396174977381,474.85526348333457
4.079,2333.787853577937,1815.3161339099693,434.25085223176796
4.079,2199.5829450661504,1952.779402761622,434.6397969514449
4.1,2066.6790522851297,1843.6578980695333,526.0684958930595
4.1,2219.1116809131936,1866.5759965665825,439.909930414408
4.12,1898.8826659709107,1999.1882738342003,400.55567280694174
4.12,2189.7099835607473,1732.0753026237333,379.92158471928576
4.141,2210.7603666868026,1712.149052443927,498.6388919392534
4.141,2060.6486563946273,1842.3824458333959,477.59769293851116
4.162,2305.292562150463,1726.4948304489094,443.5190523893599
4.162,2125.0246735919973,1603.2460776461294,427.4184804359079
4.183,2170.9812390225184,1852.2621867056619,457.27072104029486
4.183,2140.9345327334586,1713.3223484347277,435.4080409778878
4.203,2347.829749264387,1837.5799103357313,452.3042363212071
4.203,2002.945500774602,1910.1364342064867,396.3061123775076
4.224,2179.797343654971,1670.0944933773658,471.1163997795422
4.224,2107.4134888517788,1864.7110196058998,447.0888547624022
4.245,2414.5419597130667,1865.4883821703368,437.082798906521
4.245,2176.686041841094,1974.1184707816722,419.9956487647863
4.245,2045.550473652724,1769.6956613069208,456.6446215508471
4.245,2134.2710637881237,1708.3540199844801,412.7044301567135
4.265,2342.243166124922,1796.4544731548922,495.69176434365744
4.265,2246.577847447679,1913.825485779477,454.3766017427448
4.286,2069.905903402819,1915.1379245675403,410.22869469980037
4.286,2096.813200237021,1650.3466787557475,422.7128084877226
4.308,2331.1932342815376,1732.343452344791,447.40489218118176
4.308,1989.0828146183565,1783.0752656330249,508.1686090456158
4.328,2282.8665331915327,1706.1518151739413,481.6006229844966
4.328,2213.690171356877,1727.12646001203,380.2851872115575
4.351,2047.0229242454282,1750.134914543665,446.50994571814323
4.351,2225.7869477017684,1939.6960845816802,427.59074467893646
4.37,2066.570093021654,1707.362996995406,396.87946127564226
4.37,1971.558955855817,1941.046929535302,499.5815246697417
4.391,2155.572052031811,1770.6300516698109,436.5643590720736
4.391,2148.3380626854782,1745.1893078870592,425.01188613709155
4.412,2388.6702483449694,1810.0166859855908,482.25339768438783
4.412,2042.2178201917923,1686.3309040499648,442.13348130241127
4.412,1942.415619265175,1734.2733287736241,427.02006300767925
4.412,1997.6215225384594,1824.8651455584195,452.49019148017936
4.432,2179.2798579311047,1589.4981809367757,488.0037604124607
4.432,2054.460206338595,1648.003366686977,429.59864211568373
4.454,2021.2536105204154,1898.868278457675,447.851399270767
4.454,2150.046804302038,1664.6840525469513,476.89369387566273
4.475,2107.1648353302016,1772.8615946261273,421.13996751368
4.475,2282.693233938812,1659.547698909675,473.0884017320149
4.495,2290.376620623014,1977.2648379884797,454.4854460428699
4.495,2122.6945341723076,1938.6039307328347,483.86028881990575
4.517,2166.4869592495834,1720.540351536606,399.8342537907615
4.517,2462.89630057213,1880.9914295834121,422.7730620424393
4.537,2533.2047190611934,1712.253245343564,422.8527302669869
4.537,2532.977750656692,1904.637405589514,430.0503307044563
4.557,2205.631793283063,1788.7639826066775,457.6781119850299
4.557,2142.64638833785,1673.732262091969,514.4380773185517
4.578,2020.45763378769,1875.9218415492667,399.97538290761497
4.578,2322.392591454668,1836.4334212831984,414.3259817565614
4.578,2238.309073778867,1732.5939521763316,462.70623372519367
4.578,2102.502934015396,1659.513392812216,434.59735111959185
4.598,2235.2392864017265,1751.6402308382492,492.0150591935966
4.598,2115.9870179032364,1769.8637942846292,436.58621380063397
4.62,2088.7420879346932,1687.0441136450029,434.2886467930938
4.62,2250.176872053691,1656.0355677557511,470.168727504042
4.643,2392.1510396114872,1735.5675349387243,428.2758625298242
4.643,2376.3340138473795,1541.4443088440494,422.7360099808053
4.662,1901.1266741159548,1791.8425438232973,452.1430105867888
4.662,2234.7919852294604,1735.3817336303043,429.6779845910844
4.683,2198.567714774633,1595.598421219471,453.67757207975694
4.683,2196.4991470013024,1679.8153659432244,459.98149384077874
4.703,2193.446625439683,1773.6472391759096,485.50991357098394
4.703,2151.406901239511,1706.9620764525644,404.094394826335
4.723,1876.2908854118966,1749.9977407567878,494.5805729790675
4.723,2267.172505785527,1846.5344537443425,424.47118952032156
4.766,2297.316341869318,1740.8684225271124,508.83309682942325
4.766,2256.2987619769865,1917.5340884991601,440.7726489380899
4.766,2151.055759087641,1731.9115605703792,435.69555414649636
4.766,1987.8156901605946,1821.3606397065396,468.81506400851885
4.767,2209.1738703811607,1855.555464282264,410.0085063180486
4.767,2157.24522802859,1695.5976212447135,426.87780087630375
4.785,2496.538883393242,1949.6668503616672,409.02403134987316
4.785,2125.950392882931,1780.07776190307,480.13609730321275
4.806,2390.8761098588193,1633.4979995359618,455.8529607439422
4.807,2166.979442138973,1678.3221311632287,474.9418972694832
4.827,2003.6615411250204,1685.4396689313776,446.43599145788534
4.827,2146.1165164907493,1739.473592346905,410.6440149494263
4.848,2197.3189167813152,1719.2580829467074,429.82814186984814
4.848,2138.5690885434965,1589.120338974417,424.3535451216853
4.868,2155.672536270276,1788.7904215935391,412.73845768997796
4.868,2232.609131535427,1923.5048303823435,443.343222125123
4.891,2192.336137803369,1841.6048886566105,450.86307127864495
4.891,2296.8009880457344,1879.7570279025017,451.43512605153694
4.911,2297.760827442302,1660.392928990597,465.01041515867064
4.911,2161.3040921808174,1684.4111194848167,442.4524916689898
4.912,2026.0766923379172,1657.689113368805,456.9348844500613
4.912,2198.204878039506,1822.3355074608376,418.0232393054969
4.952,2271.5960056654894,1588.140065029474,466.05899166707366
4.952,2108.4978338444753,1942.5434756390307,462.59724224979004
4.952,2132.4869051490914,1587.2375412312074,476.4220224295928
4.954,2259.636626692614,1543.4853462678634,458.26091849014244
4.973,2343.9125117480285,1626.1013035277301,459.1737859951339
4.974,2521.785666457495,1722.192797197677,478.8000705653672
4.996,2236.104932039837,1585.5642844725116,447.02149825604903
4.996,2198.9751047548,1572.738910249786,409.1841015622067
5.016,2100.0419366230185,1856.5457329722637,466.9380122649597
5.016,2464.921812947927,1696.2967792220147,413.80073263907997
5.037,2464.745054483408,1596.0363129094173,461.3728503883091
5.037,2225.8914604471374,1728.1734956042399,388.4779697097059
5.057,2073.6459780259434,1672.210520799374,483.2472116340402
5.057,1939.0545694422601,1828.2452695688476,507.2767178402146
5.079,2175.3866370289434,1806.2377692520147,456.6051068148927
5.079,2071.934610474215,1852.8909079745692,434.10896607700687
5.079,2391.6113855158055,1871.5027196381825,440.7152461157067
5.079,2127.3808303798714,1654.9961583022803,459.54243181838734
5.099,2285.4048040176067,1644.753785534496,463.63039183678956
5.099,2264.9783802142997,1719.3486333738217,420.9613183880963
5.142,1950.1003160583066,1676.5794963208762,489.68604291783504
5.142,2186.4034074194697,1674.1364775571742,423.61709280502185
5.142,2237.4861765085566,1683.2399482304465,416.9496827191565
5.143,2305.029625291337,1694.5690390126956,433.9753490659549
5.162,1890.9358291512156,1772.0915479264452,459.23109594459925
5.162,2509.488623867412,1867.3779763464954,434.6076053182305
5.183,2109.503638817059,1886.1149818167783,421.7624662619039
5.183,1950.9266946247299,1664.3775475351688,458.2241606218974
5.204,2190.7661691312405,1884.136190172321,434.4751406865373
5.204,2182.8736625228785,1918.2627168016843,452.82595248579537
5.225,2139.294545042941,1585.9288823323855,444.971711268987
5.225,2192.9554171509453,1856.831873027081,462.69237513304273
5.247,2388.6081084458383,1754.7656644171477,435.7341730360928
5.247,2034.7757190247626,1604.9479757106517,442.26865494701804
5.247,2428.7407480539764,1806.8447426747096,461.7485647683828
5.248,2337.8584802278515,1896.6083838864529,490.24221261065617
5.266,2299.338303506496,1794.374170967997,392.137952912079
5.266,2078.3795283274767,1736.3787307314567,465.38129149489396
5.288,2242.023797549691,1780.4854086596677,466.00593870644457
5.288,2436.679550186004,1981.9946871244124,422.72809399266885
5.308,2277.455740707004,1785.8160579559778,428.4950829846858
5.308,2016.3757208004488,1797.9955113629576,404.77102425269095
5.329,1972.826793018,1718.534752696962,464.77956627737393
5.33,1982.4720071772028,1948.2771485460894,400.5106925830341
5.35,2365.585611198391,1622.363657547247,418.5754553878552
5.35,2048.738149239716,1872.837346862401,419.02968144684303
5.371,2206.7024083167175,1617.7018591564608,422.15449811691303
5.371,2374.137252188312,1832.6030516319017,427.13505820335735
5.393,2285.6094002229656,1747.9450096242858,414.0398303599545
5.393,1952.0299532186332,1651.5739828911605,435.77990430639414
5.409,2099.397804569965,1959.8514996170186,406.57053260123047
5.41,2233.054286520687,1793.1284837799394,396.20650718141576
5.41,2155.6074757987344,1614.7935869056782,444.7339406339541
5.41,2384.0162807634515,1775.9548463377955,460.79995543426554
5.43,2150.9554421867842,1566.449842882008,432.5148678482643
5.43,2265.997164724029,1730.610646836664,432.7807383380072
5.453,2264.952151118076,1916.7733035120089,433.37030793783526
5.454,2176.858336811188,1745.590299091138,420.7199153627046
5.473,2200.7370658136474,1665.4194981114674,466.81611567965433
5.473,2164.100855717186,1769.2259288868713,479.5977298694107
5.494,2446.5599923192444,1899.2788431701051,473.7018616740422
5.495,2348.280409782165,1901.7402745871532,483.2238947264363
5.517,2503.2802142730366,1792.5130805598112,457.0960061466519
5.517,2190.6779819270446,1768.0601337909222,441.64340786610836
5.536,1970.7347650452525,1865.7414052682925,427.85530381803414
5.536,1940.0297206049318,1729.219431816087,428.1169964196763
5.557,2054.7540120542812,1894.9264455979912,425.94186771528734
5.557,2277.5413750990383,1712.9272568311758,473.2785835319384
5.578,2311.9415513849644,1718.150676749601,453.43727517497484
5.578,2320.4252590410747,1853.5884277213256,483.62005913087773
5.578,2573.7569921027816,1911.0465415715541,418.10888172694
5.578,2066.23454531898,1823.9204018041619,512.5946248042475
5.6,2211.0216808710866,2035.3772558243497,452.03996427497594
5.6,2347.501490163381,2003.3434662427628,492.6776598064677
5.621,2221.440869825439,1864.5263877361492,439.8006588346488
5.621,2051.0155438731713,1833.8313408084057,473.8970048114165
5.641,2331.7841298915973,1909.8928418499581,456.4432542928048
5.641,2182.786847298947,1812.455239185359,441.93309525425076
5.662,2182.0120152647733,2131.322768003236,444.42649203785913
5.662,2139.0887875430726,1986.982016188125,402.0583349651886
5.682,2119.1016673963786,2103.4476295918585,383.47605769655456
5.682,2321.431573566647,1842.871358744491,459.75793560320534
5.704,2385.5824534483886,2111.8281626725047,473.15147047004444
5.704,2502.7702387771214,1905.5335585231765,426.0899347960716
5.724,2135.349810477813,2026.6930648905193,428.62095917832573
5.724,2258.855705388032,2090.169287398123,473.1170817256501
5.744,2334.59271954361,2125.765172349923,452.1679965294076
5.744,2391.517246646759,2092.68505147995,429.6239946182483
5.745,2075.1705870196756,1985.8567208431407,483.5549533926624
5.745,2151.3112048441267,2083.5317807911783,343.47843350827077
5.765,2173.321602993369,1976.1081987922857,365.70886218752605
5.765,2121.6563711343692,1992.9421851342204,469.33480927373836
5.806,2142.6918048049793,2049.479580450213,443.09284294622665
5.806,2040.454657227353,1833.4643451885993,442.77068693362173
5.806,2342.659213410346,2141.18460155144,406.3960552856982
5.806,2145.7807512988593,1941.6059771909474,411.7154441419027
5.827,2104.0883377010696,1856.612353860737,415.51805724390283
5.827,2053.111067360644,1964.2429344008692,430.09636930054273
5.848,2228.5849381117346,2106.095607905986,453.9746089414715
5.848,2425.89790110845,1988.7106231474636,462.99125402850797
5.868,2182.2416073662857,1809.9704841060748,489.95117083550315
5.868,2216.830797193083,2196.802473905327,414.8758806957782
5.889,2247.411236795643,1963.6035748716058,434.31512277725005
5.889,2197.0393897885197,1869.9077017148252,447.49362591737923
5.909,1985.9836910978136,1924.4983853290485,423.15598043040967
5.909,2163.078904276791,1845.2803588788001,458.40577594165654
5.909,2125.6814403502603,2137.3880128940286,403.8630708067835
5.909,2274.05139200742,1884.1950819019653,497.27901043775546
5.93,2247.516854253031,1899.2964142595129,472.81001491277846
5.93,2174.955180813203,2298.319070853568,483.51677968330876
5.951,2250.7262260407833,1965.8023664106847,462.3802379873236
5.951,2185.248847650988,1960.1323394352328,457.7364117261594
5.97,2054.4970661210227,2065.123681130084,472.8794764312118
5.97,2136.5091220361483,1832.6307081340915,439.06406038848235
5.99,2252.9135050484456,2193.1342743045207,460.57788027897374
5.991,2111.6633065076558,1995.6394300702618,404.995755326255
6.012,2377.5848186793028,2090.4126084053205,465.2917859245009
6.012,2119.156529268632,2025.3606675108558,422.53688835355143
6.034,2038.9437841086824,2117.034333662319,425.7953660114499
6.034,2429.6396827510553,1955.422510601549,438.6701366462195
6.054,2247.5613096759675,2046.818723577729,435.4646885970826
6.054,2445.170836328324,2264.4546913819213,435.77552464228216
6.075,2263.349332330579,1848.2838192605584,449.4972479394267
6.075,2107.319604079593,2361.2824483256163,461.08532247252265
6.075,2190.16736233411,2171.765365617938,496.38256706303025
6.075,2141.7887666152906,2018.0723739090324,438.1414254321163
6.096,2356.9017096030034,1894.2553727582308,476.91720727718644
6.096,2225.429421387158,1881.414973825512,456.1088010422837
6.117,2594.9309205484697,1940.6008075256796,418.8274539696239
6.117,2234.326838550511,2097.9720205595568,489.29221636148634
6.138,2548.660965610502,2003.2900177795996,430.3739033800689
6.138,2152.5614817361334,2109.0691459867576,493.00123555743534
6.158,2090.4340080145994,2146.871628537715,511.87646479673396
6.158,2264.6227296250727,2122.864876207636,511.44042532670215
6.18,2147.688602257852,1913.3353586367143,456.15277525789566
6.18,2393.6120837265607,2064.7813491609554,442.18861716517324
6.201,2298.3627724032795,2060.079850801227,432.4100158272394
6.201,2091.1846530902535,1894.437805111809,457.5205038239582
6.223,2209.3649184907936,1797.2469338439496,458.982496421934
6.223,2411.5179677913075,2063.850457647513,449.13531118244885
6.243,2316.352034763006,2060.431128656035,484.9550162400265
6.244,2036.4205724151423,2041.0495342080535,449.14640154763765
6.244,2445.7317488546864,1995.483683745673,467.18316366402246
6.244,2369.1467756514166,1811.3855609003922,454.98457217515164
6.264,2299.7081702646606,2068.051550097207,459.80471663783624
6.264,2387.0375541129474,2107.585642698373,413.47077935748615
6.284,2237.5545077392103,2060.197717445975,445.98755964079953
6.284,2129.7501171939075,2190.673744574133,466.64500066778567
6.308,2406.5572225583946,1965.5918937342453,499.8701800245774
6.308,2060.376823546612,2066.7940719917765,386.6716483973292
6.326,2113.945415647182,2118.4576826889097,378.55577051794
6.326,2486.1008145366336,2154.115077045621,469.7033703056873
6.347,2126.37378836567,1984.5143434319534,444.8022065045059
6.347,2266.2029365932526,2054.894392196587,480.4431193403441
6.368,2246.8388272535744,2138.07317169421,440.7309462031407
6.368,2056.2313347544664,2074.6558517816047,404.90493111731075
6.388,2167.8998248144044,2272.863630390255,410.5126550665222
6.388,2039.4372576811274,1919.695982183686,466.67226046500593
6.409,2226.508848457672,2081.199605260888,441.9452258588061
6.409,2107.8019857842196,2066.9135092903302,478.32552305045516
6.409,2311.1713406372655,1904.7721594138973,466.2716102164695
6.409,2485.228373850352,2075.92418162446,482.4187666792756
6.43,2160.9213900669406,2043.4147586712882,484.03342879598335
6.43,2319.1601169509504,2043.8784591138324,414.9209918194251
6.472,1708.4640820925215,1946.3430856419636,411.75299270283557
6.472,2309.1967209068307,1979.9744913530187,454.311319269332
6.472,2392.4162128554954,2150.000010050991,463.1608322522962
6.472,2158.328681817584,2109.8799489883486,413.44920853960735
6.493,1949.3088703515866,1770.8346102015728,391.30874835923873
6.493,2261.5241373817144,2064.9362338194333,425.2056868808796
6.513,2232.462483923148,2137.1089658550227,417.37103818150547
6.513,2306.360723530696,1953.8155809273392,460.1044725047145
6.534,2240.4823315299705,1925.7722685031704,413.82273358291957
6.534,2254.084666352121,2095.260988433679,464.6886286441288
6.555,2060.550752775034,2104.18521219868,439.8354302754615
6.555,2304.2360921703844,1874.4639112235318,490.7317481289823
6.577,2429.6230502856756,2104.759876546933,510.1302004163246
6.577,2051.4745551849874,2059.9926121944436,401.17321429824324
6.578,2191.251264460447,1951.855746865419,470.3551135884135
6.578,2102.8850026469177,2034.4354883983542,422.16191385611484
6.597,2131.902565761406,2123.0193927160176,416.8711047519654
6.597,2242.475654545647,1920.6997327033016,426.3437868428328
6.617,2250.3464099437506,1948.2936089521197,472.16301417969254
6.617,2147.282694129647,2343.56287747273,425.0750937308202
6.637,2390.523580632581,2149.6431597905807,433.5080828260358
6.638,2323.4397184476,2078.6025520276253,398.6159738948149
6.659,2293.019018861558,1861.166421605739,413.39643686762423
6.659,2440.7569450739825,1958.6668739916583,453.761268427048
6.679,2189.020800340321,2128.6210032383333,459.3804498101398
6.679,2129.914981937851,1776.3995114257216,459.8082115607805
6.702,2285.600860254673,2148.8786730425977,424.5360071505201
6.702,2178.578579838754,1902.3313414551308,392.02255990919593
6.72,2421.1992118378903,2165.397133968367,446.6763094654519
6.72,2183.1173685604394,2240.4829331375645,481.9996798516589
6.741,2323.3093865994506,2162.755977944447,426.54255221187555
6.741,2100.5263186137972,1997.215472395909,434.52036409499567
6.741,2105.714400400166,2102.3114794552066,412.5758391404959
6.741,2141.5129481307144,2159.090029138134,410.0018580425372
6.764,2243.2165848738823,2049.0138448504636,456.40577954624433
6.764,2351.9457962080405,2004.415238353405,394.29658202446194
6.782,2447.761212467849,2173.005629725754,463.7869748537217
6.783,2171.0776328122515,2075.534760585263,423.775635014363
6.804,2212.4521707628805,1964.4088700527777,501.5370401736363
6.804,2174.814104157723,1938.9146933158727,511.75085611405063
6.826,2203.677428871908,2090.6170469751396,442.64905640540337
6.826,2134.8799611940944,2017.671900140233,368.67437654842934
6.846,2039.9730563811886,2151.9311796951692,428.63710031221245
6.846,2195.4095626713374,2084.4518995241683,462.8434758710296
6.866,2136.9169212418064,1966.510575399367,441.5350642839742
6.866,2308.9902805295833,1981.0192988668136,456.13457566982305
6.887,2128.7287416962113,1918.342172180901,436.95825373233504
6.887,2122.7391020409036,2127.101550594309,413.3841630120264
6.907,2237.1277306198153,2084.839884397156,461.3807344593059
6.907,2077.010410457988,2161.1487183667195,442.83148246558756
6.907,2259.994459722405,2329.7892923581867,410.94145232445965
6.908,2307.161486823339,2051.111751309144,406.2387198276117
6.928,2111.220477552601,2061.632165546061,434.297546789767
6.928,1974.8123081187491,2108.208525825458,420.6506693176056
6.948,2293.0229460147816,1931.6471393996687,402.1881212837221
6.948,2171.9912436748805,1932.4520181398575,433.54971345769195
6.968,2048.6555558558357,2030.6739474739975,431.2320033270514
6.968,2004.005986403809,1891.8957812380636,479.1617111337035
6.992,2258.301085013105,2111.0697505721573,466.79188367754233
6.992,2073.694900777905,2083.863792204702,515.2273739330852
7.033,2495.2177708567533,1957.5555201244224,472.0365209479139
7.033,2067.643878536482,1909.7495379071759,465.6217937846428
7.033,2243.6844995170086,1891.2795078771142,466.5092686959875
7.033,2227.9310304828364,2207.361635049578,447.14950410567116
7.054,2024.2073373525088,1955.634087942235,415.61837565721794
7.054,2415.2258478646904,2027.3150066261794,436.21195667430993
7.077,2090.933570450566,1991.9417311682387,454.167911222019
7.077,2533.2991580324992,2087.898223968872,480.7486246137375
7.077,2070.57081779804,2166.522340834338,444.40564146508694
7.077,2418.2892667992032,2015.2027363579136,416.5282543880488
7.097,2118.362508109073,2284.245564194923,434.2739229652806
7.097,2365.321284185573,2089.2126576435703,460.19350580492863
7.117,2271.0362668563284,2064.9397710374374,400.29183851299734
7.117,1968.0674696423714,2011.005200986341,435.17014098810574
7.137,2442.6801523460144,2085.027930360114,433.40667876450084
7.138,2034.0002767254953,2168.4619907545743,446.20358492852625
7.159,2197.0881370742304,2274.875957878487,399.2766657753318
7.159,2093.532023317434,2096.4082671498495,448.1895894465802
7.179,2216.604142956264,1956.18244544723,413.17176551227783
7.179,2309.6750335178126,2076.510276126258,447.5455030302133
7.201,2174.0108511040867,1789.5349228722248,458.48902427552207
7.201,2032.9580914074368,2194.4890969450407,404.55608527511635
7.223,2126.014295341854,2131.3158746573877,428.5231362360498
7.223,2213.2691707054164,2117.8421690857695,388.7657194842468
7.243,2071.35471995558,1960.273940705537,407.0816064225882
7.243,2302.1398819080814,1861.7695503970542,439.2894890875188
7.243,2062.3421666288755,1984.1479617529887,457.451509676231
7.243,2279.007441968366,1983.6708915241327,479.7943806504564
7.264,2122.213841613341,2023.6795234567958,481.7008991243677
7.264,2527.4134744782173,2204.691741168981,466.05839766750114
7.285,2286.60258601241,2159.933778820885,455.45059214720123
7.285,2361.3750459204816,2332.6572993178233,451.6888045838525
7.306,2183.709931117015,1952.2653532321483,429.1763698156067
7.306,2321.417579354391,2110.9467268300687,457.2803414908981
7.322,2206.435077858092,2090.9372766703573,406.9340904185449
7.323,2198.29848164346,2205.30598311011,357.0716897173273
7.344,2283.988908096086,2263.3819496310034,414.90210797271783
7.344,2032.781058096969,1833.026221109036,457.17311076817526
7.364,2135.7423534155364,2141.633640802971,449.13434335261445
7.364,2123.4987365573784,2307.7420993861756,471.8773653536569
7.386,2472.327266997876,2059.885620709793,413.45618346592653
7.386,2386.1733457988,2137.170785210631,399.7332536270406
7.406,2109.1170658444007,2126.1681353322065,431.92282653102546
7.406,2293.2331227555765,1882.33526066103,481.3185754216529
7.407,2149.2645432595573,2179.6543268295663,462.54704193320805
7.407,2294.5966374857,2251.0192442141815,385.33188476598446
7.428,2328.3883126633523,2239.6629617716626,437.68862524701933
7.428,2175.7624822526122,2095.8220112704385,420.35066478337615
7.449,2105.4417555561913,2164.127363438124,424.6468360055368
7.449,2236.062593975235,2290.7364853456875,475.429191304818
7.468,2205.358766898884,2053.159139496157,443.4647270463753
7.468,2231.7199451945157,1969.2200938246299,387.71460922686657
7.489,2285.326562446236,2112.92627822152,485.56897852781145
7.489,2236.6878384348174,2000.1631364572363,447.3268677968442
7.509,2290.807032089618,2136.111124614742,440.0600183421213
7.509,2165.530152577435,2345.9016256350037,451.2767974437007
7.53,2216.222832558227,2221.5854026298975,517.5233679793498
7.53,2117.3669390079826,2142.66645585977,412.77922149287053
7.552,2157.5505268946217,2168.767011137253,476.36280273606525
7.552,2319.6332020252826,1980.5690802870934,451.30171825066964
7.573,1941.7943403023614,2104.4740271696355,482.1323881370487
7.573,2367.2733770109685,1981.045289394301,433.22251658864815
7.573,2233.1677315217075,1994.852651703233,403.32007746318226
7.573,2045.5850730163033,2093.458202095496,442.55407276152687
7.595,2283.437086690621,1889.636196184445,406.8208760524497
7.595,2255.528639142922,1927.8448698785646,430.21126436797095
7.615,2284.2825460715885,2395.7273619251646,462.2284862994397
7.615,2221.193961346483,2072.1865843987775,434.36075702617944
7.637,2111.3995285744336,2115.70422923473,437.4003991775381
7.637,2197.6239390256223,2155.1403406892086,481.90123834966624
7.658,2241.4208597752445,2080.8342033770746,448.03379831495346
7.658,2310.9292318571433,2145.894934255947,408.84693177136563
7.678,2158.4953653288976,2101.1759832067437,442.03987697377073
7.678,2135.9995047176785,2190.4151150177227,422.01413240191715
7.701,2375.6028834983945,2147.9930608106315,415.958888941725
7.701,2258.4632018912034,2186.4317326110445,385.59079238625804
7.722,2252.437381336555,2178.4840129412682,482.7340354597289
7.722,2491.9334653843907,1945.1149152546743,428.6026676482483
7.743,2315.7284933019228,2048.142142627202,478.6857947122104
7.743,2435.80563583734,2068.4783767513754,459.7628228604957
7.762,2286.714850196875,2212.4286530147588,463.65494037486366
7.762,2273.675838137138,2182.7940780274434,447.5768054575844
7.783,2492.413570516719,2131.757428816324,462.1165715635762
7.783,2110.597589175601,1935.3070468886335,385.6192019753076
7.783,2061.371265669523,2042.5303870817559,393.36796413678155
7.783,2349.3990109231536,1983.0715779004402,474.81626278051647
7.805,2178.7215547042765,2164.750030968084,386.0531963524935
7.805,2265.9046010658367,2221.946930418599,447.75674857484216
7.824,2250.975243490188,2007.1612071350453,502.7505589238179
7.824,2158.6174361066132,2127.4535829433858,393.15129422526155
7.844,2145.765904439073,2173.3161699757798,436.2340193680045
7.844,2212.0405575758828,2076.22496430965,470.1923400442478
7.886,2129.184128685225,2135.39206471151,458.6589835208397
7.886,2283.276368655617,2173.8042922293853,509.59606381392234
7.886,2243.293922328802,2024.3723020558168,522.3039632461497
7.886,2377.345455222367,2093.7776335615486,422.543326276232
7.906,2194.273131061092,2072.2251978711242,402.82968477165207
7.906,2319.0592311703413,2265.5056041886396,477.2123387447559
7.906,2306.4242593834856,1942.1374329665239,483.5525820772253
7.906,2334.6927729778663,1971.9457036334861,461.21132195498467
7.927,2320.2985990901684,2143.494615507568,430.355970734779
7.927,2182.079403914672,1955.1203336426204,458.50688858105457
7.948,2096.4026879601656,2051.0265044109633,462.69045924745467
7.948,2230.488042334821,2052.3864059688835,452.9253517845054
7.968,2301.411045922903,2308.2170502519893,422.4114658811902
7.968,2075.8440984296917,2136.449451917835,395.80642896806654
7.99,2296.2219499858197,1960.4264938599129,383.169971803722
7.99,2162.499906881317,2190.948673402167,467.6059532806119
8.011,2320.4710665542643,2185.97947662101,410.09453405864235
8.012,2232.5135035838944,2001.3553756430663,432.2648566552022
8.033,2370.720972670959,2051.485049450789,510.502179818498
8.033,2437.995711115579,2226.5057869539824,410.4440826826733
8.054,2089.96285417463,2083.333909483272,413.7553120588777
8.054,2110.1550413749155,1671.2780843402886,427.06626330738686
8.075,2284.1944379824035,1860.6726553838973,493.6598884357794
8.075,2289.1575929928617,1803.9346699933187,461.390322172094
8.075,2173.227824323344,2069.5599820067423,467.6556470195169
8.076,2231.9308426502967,2085.9424300039786,480.03274677362145
8.096,2096.188597194337,2148.2301153767917,527.329670631851
8.096,2114.4595091098267,2128.864020942067,543.1366337207947
8.116,2197.8531016729453,1977.974976264456,529.4976664662036
8.116,2405.4648512562817,2113.042502267916,518.7124209702729
8.138,2108.778856005013,2110.586100836451,452.3812179334554
8.138,2325.701447687668,2036.7458058286588,440.5713682635722
8.179,2224.4917085577094,2285.018792732156,463.73402780723455
8.179,2452.3463229238,1939.7397323719347,491.29860131952694
8.179,2169.2362094801924,2098.052599301349,385.3742465577014
8.179,2262.833981460674,2016.7821612088624,422.76433469396017
8.198,2179.576675814643,1966.303670749575,450.1567376319513
8.198,2215.0758781149752,1958.128375401039,411.4218057806002
8.219,2346.6068630672353,2126.485278662283,468.6640781474173
8.219,1934.4833302225834,1911.4088229056463,517.0087471626791
8.24,2405.5980030145997,1936.2935927954084,487.0218124708351
8.241,2160.600062998142,2163.699765387399,496.21988005838443
8.241,2092.937616344665,2096.8462571748864,487.82123288313335
8.241,2522.458125490894,2219.824540353428,486.29952636373304
8.261,2211.2620540632624,2061.9223202577246,434.7205168566902
8.261,2326.37645415084,2125.436062720445,485.15416859921714
8.28,2240.609987631774,2098.6413296439096,489.83721376465866
8.28,2263.135858419553,2067.6694267894045,470.5069826516972
8.301,2159.051552265236,2155.2209785461396,501.99166300924094
8.301,2351.717269949539,1964.9565077577095,389.3874746044034
8.321,2496.540128796094,2039.3134110550006,455.98592715041934
8.321,2122.07955918193,2246.698488599712,463.01840507246044
8.343,2455.8521643789845,2014.0205102020238,408.91006218497563
8.344,2292.793890139699,2307.6335891854405,469.55864552818065
8.362,2084.142029827724,2085.78755750272,499.617445776086
8.362,2022.0676135438575,2202.7241434021857,451.2017598300216
8.382,2338.995717961451,2052.7034515268265,442.25918512238877
8.382,2149.3648667060247,1945.5918557426728,441.3148067703894
8.405,2279.171169559607,2192.2054606838497,458.92520531680043
8.405,2329.942223472618,2023.263529971528,478.02040284936743
8.405,2431.31670976409,2227.318358481651,485.29995762629596
8.405,2160.946405342688,2153.048243984846,481.8082801658632
8.425,2170.5908822987494,2038.567640187069,417.58075443593754
8.425,2339.6122963972944,2150.2569810954537,408.2981321469899
8.446,2261.524618957495,1873.3595704265313,464.3109198084924
8.446,2239.6387838463547,2103.0879356744767,402.8771101267613
8.468,2219.3051510507544,2191.54891634209,399.9531580886469
8.468,2196.534958085021,2033.6081982834487,406.3498592756774
8.489,2359.5374881413954,2026.8319725951324,421.9753308541106
8.49,2298.8629791538706,1864.9560610869858,415.5932035778328
8.511,2446.925217860377,2228.0891845156484,467.31345580051203
8.512,2089.3374308924217,2087.9712566793396,395.6666177363411
8.533,2331.0644853125373,2125.555062535835,406.4524211722087
8.533,2219.7042640732757,2150.053701332042,427.9584522227458
8.552,2477.7389422135416,2144.15240026714,449.66403503362665
8.552,2226.091707058869,2159.8587219701276,425.186758453693
8.573,2251.471879127776,2219.174762334485,375.5922691075808
8.573,2115.276423639636,2140.985980455206,461.4110412899696
8.573,2192.5481626019455,1980.8407837281811,458.3963827640207
8.573,2407.0268061086263,2002.596720796881,431.98651538961747
8.592,2177.648371619436,2036.8047476252643,436.4462469232636
8.592,2224.601378325318,2014.734583034653,487.93103623862675
8.613,2237.993199967968,2174.6081449301114,453.93817730414224
8.613,2217.177027906651,2059.7833999311606,442.7406350725519
8.637,2292.5258321890237,2182.7491716155528,427.1200372553523
8.637,2342.6483210735387,2000.4818925946272,438.45006613425403
8.658,2362.118932793375,2284.7553226520067,452.84664272248665
8.658,2239.2895781823904,2030.3552212995312,430.0599786810771
8.679,2151.149487743731,2065.822748753995,453.3568266086549
8.679,2188.9197410467527,2209.7756972207712,433.09366515908806
8.701,2422.040425293349,2101.0640792018353,440.6921538448942
8.701,2063.0109923714062,2053.693588906104,476.2765192727883
8.723,2309.069657986323,2086.4897847845527,451.3170008517386
8.723,2163.7811703171346,2057.6581171183034,459.1826172777819
8.743,2047.2667349107887,1989.3041019848079,416.51430169038497
8.743,2097.9985180270623,2023.8389547488105,459.8790253074516
8.743,2218.905773118088,2130.1741244754257,448.4613661473575
8.743,2321.0912010928155,1912.662062715216,434.00084957791177
8.764,2330.6488678534743,1878.070252947548,425.12738379856074
8.764,2484.395674088582,1961.2143803970673,458.2257206024836
8.785,2020.0740934117068,2128.8647777798797,485.98231869237156
8.785,2305.3421965615394,2073.3639410942455,474.4102188823099
8.806,1941.1777750517758,2300.0835315398986,417.2222941972552
8.806,2267.8439530394094,2247.7907070584756,461.03752229510565
8.826,2386.578661158803,1952.6711649157223,515.0215782188603
8.826,2373.0783559129586,1966.5538541139056,450.5649635782644
8.847,2062.0860869312837,1984.682818423843,498.5078004483395
8.847,1926.2334190550314,2261.795005309564,406.9000515844562
8.867,2059.207880649036,2264.349488972826,453.6080332337966
8.867,2020.8478231747313,2238.833508191279,412.0863588747153
8.889,2153.833917655551,2095.140888148925,402.3336501858952
8.889,2348.490002281509,2092.24727416286,426.32595442748993
8.908,2175.874170918816,2113.014962183044,488.14609361201923
8.908,2209.722900093965,2083.146977308411,487.2960039186338
8.928,2317.532418400993,2027.8537667003075,521.0561494794077
8.928,2200.1219500786556,2145.382231760139,437.90298690372265
8.928,2324.631012807074,1985.4973423105293,450.01187901599803
8.928,2202.8151899736554,2149.8777146331963,400.13374665965347
8.95,2117.751704466595,2112.3820952082306,437.31347373347023
8.95,2215.3323946431046,2224.3071211404767,410.81182069908573
8.969,2214.8539236997685,2209.8324759772586,449.82446070731163
8.969,2300.517295786367,2027.0673900138147,454.02447301245985
8.991,2198.5326994337183,2050.7649616619606,358.02401197161817
8.991,2093.8118087676253,2243.5450856209895,366.2115086515415
9.012,2045.6775976821884,2130.2625769159317,416.27375451010596
9.012,2253.543591174337,2181.239946525382,446.9319974772814
9.032,2107.318130870126,2069.3138942326027,469.39126318725397
9.032,2237.946569102746,1910.3931588917046,483.9912886195012
9.053,2263.9350352715364,2180.5448922190562,459.28922047642
9.053,2410.3028691672753,2076.5404733759,431.4963523072716
9.074,2253.777201219466,2205.2071055408187,417.860664727194
9.074,2218.3840556997784,2134.6290064470713,452.8260557453523
9.074,2164.3518928592052,2261.571446932117,516.168439718208
9.074,2285.5648751155836,2287.580367562413,450.109038642191
9.096,2194.415644668691,2003.3601570051069,473.14258036995665
9.096,2094.905986233252,2026.2075868051813,436.12835044980875
9.118,2060.39357915497,2145.6918174345687,445.24483942586164
9.118,2094.7867854158467,2145.3637081177035,455.99872400268094
9.138,2086.353467090582,1961.1837149910461,453.60952278056783
9.138,2273.9133336141804,2189.269467842332,447.9179366691269
9.159,2208.6636538863722,2187.8821232979167,437.54964352555174
9.159,2102.344809441085,2020.0780069771808,438.0845165393465
9.18,1917.9894166196855,2275.208283805762,407.75290014526644
9.18,2103.830816771015,2013.242690710053,512.5979437175299
9.201,2217.4831319856553,2242.9930141064106,486.23636475071294
9.201,2262.377595888897,2026.3140469466955,492.3974687474224
9.221,2064.542824127,2280.9895440318787,490.4827060443686
9.221,2255.2534856345683,1773.655344539849,461.00802155894246
9.245,2222.302933742942,2216.985527130163,454.4132878455957
9.245,2196.7478768371157,2292.9233432847054,483.4715311476427
9.245,2262.688121801826,2178.527670185002,466.51732890316543
9.245,2337.538982870381,1986.8652931685904,428.4343413838314
9.263,2259.4495000884117,2142.0338855248137,446.7197228796738
9.263,2143.686479287986,1974.1220265778713,462.66278142437744
9.285,2075.4728703567694,2117.208128453988,456.47092914764505
9.285,2370.0993446910525,2125.2713483961543,437.85763437294054
9.305,2249.8782134626254,2170.7140978558386,432.6596049729637
9.305,2291.903105306355,2072.179484351666,441.61767053491906
9.325,2231.277316057429,1930.4597265477403,425.7141669220375
9.325,2278.199550302185,2140.2624866767087,457.6569104883416
9.346,2234.256714397474,2038.3350442048895,527.3381177215097
9.346,2371.542872092454,1886.6115391123194,500.30353439755265
9.366,2034.1927033283916,2050.177367767297,481.6309396941315
9.366,2281.059603968814,2165.5373377729593,445.0713517178373
9.388,2014.690412943838,2139.248816833713,478.9016859074592
9.388,2307.483351059859,2060.6712227026956,500.49265427954595
9.408,2189.580348874255,2106.0340481098333,449.0940051397934
9.408,2142.0138092553525,2175.015098059186,450.5890356134037
9.408,2196.6742848934205,1902.7427858106462,476.96607499292736
9.408,2333.756700571226,2130.571763666873,434.5780373662027
9.429,2189.0748834131127,1993.8012463239622,413.1594707053088
9.429,2156.4169217635563,2110.491924858243,428.3815864338584
9.45,2472.1138368202737,2329.6054518808005,422.6761856025911
9.45,2015.1345165370246,2294.66090087464,439.5277540559103
9.47,2201.6618666754184,2073.839010278721,474.8376245761966
9.47,2226.915950816906,2203.5450542708145,485.69444572336494
9.491,2201.8992387697695,1975.9327019593998,535.8947373532163
9.491,2160.9698373225124,2132.030940013224,405.05159744435815
9.512,2011.8321998052174,2052.2283531937765,462.92409378975213
9.512,2299.7434373861115,2161.891855309624,482.8001922279293
9.532,2212.5605556457076,1986.7417989813528,419.5316850175717
9.532,2000.4304025658084,2127.145532495237,455.4765609293137
9.552,1960.1060344816112,2210.809602560125,487.1551783679997
9.552,2178.643495849931,1880.1048853267512,414.9708739391056
9.573,2095.9305159568726,2266.0903527775745,431.67689669923294
9.573,2030.142198006109,2057.6565206232112,490.67608272693474
9.573,2238.831952820152,1906.640237950003,420.6797117296667
9.574,2241.308486654889,2154.4803502800673,440.8152105187468
9.593,2135.466578330251,1963.419644243141,448.19483139048606
9.593,2179.8591163663214,1941.9310606621914,469.84395646241467
9.616,2159.517760034083,1951.3246489901742,444.1056475420252
9.616,2202.5045085836687,2135.705814689321,422.1533809090414
9.635,2342.2472521344994,2115.2846329840218,424.4110851764164
9.635,2154.321588691923,2091.61009110188,428.06661974112626
9.656,2191.2461362317554,2051.7526969263618,446.5239327382179
9.656,2194.8497434471174,2019.1746437208888,461.3543432303615
9.677,2210.8396555484187,2159.962765887787,442.2108328082257
9.678,2144.3496542180405,2118.4676538202693,428.6234864928958
9.697,2256.814450321991,1892.5127886383914,462.66703349109986
9.697,1900.4152455430592,2065.2154735302424,436.58350484384886
9.719,2453.2256727773497,1945.9094348571912,474.05905496565344
9.719,2270.9752435563123,2143.449080530962,457.3374453027845
9.74,1963.094644513245,2163.2839364627534,513.6862049827696
9.74,2297.0186902881505,1907.6954212197961,443.54254958505066
9.74,2342.8148976539455,2028.2364863228113,450.4401385842877
9.74,2274.741951007647,2030.209667112129,395.1082523998898
9.781,2329.0360275319144,2107.034103471374,407.99376502797907
9.781,2148.8357216592385,2238.022443579614,470.9183981122878
9.781,2422.4337614306137,2027.297324396668,467.4012021265448
9.781,2290.548785884736,2243.8813785663556,486.04021235875433
9.801,2285.9055917294886,2070.0605876409463,430.1166409654416
9.801,2295.8953813757207,1969.7990441426696,449.51838944345525
9.822,2124.205784656476,2059.950565612214,460.2370415552977
9.822,2082.202818025202,2180.313840718317,439.4553640884027
9.843,2099.79705776432,1939.1695881107455,429.87658573932225
9.843,2289.2832285878158,2171.2526449184156,473.78809184010856
9.865,2210.3242335817345,1993.2043024373936,442.96252737426073
9.865,2293.822505566958,2201.7833663691736,490.8690600867209
9.885,1994.9964475456122,2158.9287148567405,423.8221086479922
9.885,2215.6084285808747,2022.9946163928405,435.4892532679067
9.907,2176.5686341255523,2155.0682787200194,399.5866221185204
9.908,2136.6394831521243,2152.5627375739505,435.5381527676683
9.908,2228.0398549849465,2038.1117957422691,443.0434841271358
9.908,2317.117734392764,2021.038365525482,457.9876513290075
9.926,2136.227750283741,2103.1037839448954,413.62719333858684
9.926,2228.8566169099613,2007.8793486263485,490.9357736454738
9.949,2145.767126409915,2165.112281820839,462.9099328318253
9.949,2133.2873040115905,2197.7501063779555,430.21073726913494
9.972,2336.5606368512194,2105.718161680833,414.8841644084309
9.972,2269.1249184859903,2028.7924237948478,407.1555745393422
9.991,1940.6967656017368,2116.82416787841,454.4804830881949
9.991,2306.7048740890095,1967.7059756372591,418.03029729494466
10.012,2209.823582376298,2123.7898607048855,418.2736784257581
10.012,2157.4950884388727,2250.572618626444,444.5536445267878
10.034,2240.1491508569507,2134.4713056884507,452.30610484839343
10.034,2201.026686774933,1965.8344990759392,431.72643259727226
10.056,2173.06650310248,2179.494411119069,462.1828613272671
10.056,2278.772930809016,1981.010473583311,402.79009567767736
10.077,2407.074206242551,2011.6605099669137,460.24417301132826
10.077,2150.741532768632,1991.163103784084,455.9080981950964
10.097,2482.3221846536026,2025.2454076230285,443.90936846724696
10.097,2120.1147500935103,2036.7281443124411,344.83989449777636
10.099,2176.3270666939434,2004.382275560832,348.2373303518819
10.099,2338.437424911729,2026.6538517498198,396.20517769207504
10.118,2304.0222580526106,2137.117209972909,492.505471511338
10.118,2391.393833218385,2139.7377945010726,452.1849901347604
10.139,1944.3420565356648,2097.284784620462,423.8080103580749
10.139,2168.970962534034,2062.1152943586235,465.3296115142004
10.16,2186.5448461882056,2279.2350179087716,453.1231049481242
10.16,2442.9407145333607,1979.1227436311674,483.7228089875329
10.18,2279.4232531967727,2101.2487902933444,437.1907384034617
10.18,1984.0985016287575,2042.5850533747694,427.74948993482934
10.201,2257.8776717436135,2040.476154626757,416.5422320175337
10.201,2361.983547790255,1958.1711943892446,482.2443959509826
10.222,2175.723374435569,2034.1870746547388,471.00904114257884
10.223,2102.6588217208146,2104.7739766465243,458.3416088546401
10.243,2227.580574664592,1992.3125143661578,483.87040511061963
10.243,2145.694866704721,1901.2932361968735,447.0175193490088
10.243,2256.860793727316,2157.698839000126,445.9501489501104
10.244,2239.6990746020833,1958.4238810393,456.659150449846
10.263,2314.126118816698,2295.661559935069,418.5662080837117
10.263,2196.4137869601955,2217.709656320329,446.5679190399305
10.288,1961.6099194147723,2193.366951514963,378.7352004835831
10.288,2243.232732285688,2106.94087590828,405.42799867171044
10.307,2196.3207454412927,2061.0491435282356,469.3864061006494
10.307,2229.37386595888,2217.1410928623345,420.21059195906645
10.328,2170.630489334016,2171.3327764751743,460.78650599332207
10.328,2207.097832476851,2056.862510473367,464.5361594549363
10.349,2104.737099502699,1920.220064688252,432.5268583622094
10.35,2156.21937994765,2023.3640417289469,459.3313828669224
10.37,2244.5226537835547,2255.6164616397928,422.0258303695225
10.37,2109.7818448215967,2246.648363144714,514.3849474816881
10.391,2483.3592871610454,2067.2739212188612,475.34726326026345
10.391,2003.6290759344984,2019.7870981549306,444.80857759607085
10.414,2110.282949614266,2052.106010791085,442.86898845812806
10.414,2149.0308601960023,2126.53734949735,448.06690977825923
10.415,1875.755857318004,2044.9469992444335,493.72457711910505
10.415,2306.3440516988403,1958.0927723985901,510.7167385620076
10.434,2243.919105355842,2087.2024797639137,512.9300626139329
10.434,2379.594370790508,2061.3967083139237,401.4697337981959
10.454,1915.4434095580416,2164.4485430983823,451.00091786672243
10.454,2103.800112251248,1929.5566210160853,356.3219987883357
10.475,2035.5320692438918,2095.217097795283,408.243235086164
10.475,2346.657762412132,2220.603278698397,468.3107852942961
10.496,2241.4318596753483,2020.5229698194466,470.9112416896253
10.496,2137.3614862040513,2004.2940583897432,432.39228693846394
10.516,2192.5806953622778,2082.345277690718,477.885858453981
10.516,2318.6562911152764,2077.0777963917926,445.252875669267
10.537,2106.826035956708,2084.8858622065923,426.86255991497694
10.537,1962.77252302107,2036.5557161073268,483.4785252650896
10.56,2084.9825038120644,2031.9599392981888,467.35085306397235
10.56,2126.6638254291242,2244.379805567289,370.244846392841
10.58,2026.7428277721588,1985.7913462275753,385.75106171292146
10.58,2265.820450573516,2168.0388803785886,487.35082735214786
10.58,2562.850779336186,2193.7597663923007,510.60846886731525
10.581,2237.090520227435,1995.161051483616,537.5459873333062
10.601,2289.8463513802044,2002.5605187896394,532.5105371883905
10.601,2184.0412330067506,2072.3171651570115,427.602723914305
10.621,2139.862384317691,2091.871752523646,433.6842989535148
10.621,2306.6185501334858,1987.1715600844332,394.3495122717046
10.643,2224.1932407614167,2005.5776401445094,456.5585411256913
10.643,2038.4829248357164,1970.1360087365254,437.0871671404588
10.663,2281.8701843400922,2077.236124512037,422.80229955632484
10.663,2228.604594685283,2115.2536836085865,429.54530995007406
10.683,2369.590246352365,2044.4798300620687,459.13201338079864
10.683,2224.8605620389176,1968.151216088071,472.1585831738596
10.706,2133.582262096293,2078.950351107076,468.92388009347655
10.706,2160.7885694514616,2230.8747402151826,512.9517489392805
10.726,2198.6190421897672,1984.484068314083,470.6243611827605
10.726,2115.923628285274,1967.7687530216467,451.97282174211017
10.747,2046.771549024965,1936.186082421559,490.21373434585917
10.747,2044.1370107649193,2133.068167228596,415.61097423285963
10.748,2054.349842739156,2009.9942148676485,490.39858354285985
10.748,2228.522594021495,1799.0269360987493,470.97823673177385
10.769,2239.8300095118016,1950.5079882639977,466.8899704198531
10.769,2261.499633740012,1968.3938154463083,481.0925074524378
10.789,2199.3000382859204,2061.858967627747,485.033207332248
10.789,2223.875664624656,2014.2659768620817,429.3674444074626
10.81,2206.0663121495045,1916.7930821526281,436.7606478604801
10.81,2314.892215285965,2004.9789916936825,404.3802555687683
10.831,2194.250464932757,2000.2215551345835,438.1645430390877
10.832,2254.0363002226304,2119.661409419907,406.28179309697015
10.853,2438.4238716533528,2067.733513643807,413.8459688865619
10.853,2206.6062787396863,1916.0121294258718,441.0058055777972
10.875,2426.143239952279,1871.6977163503077,485.2311340866763
10.875,2317.212727490835,1958.3326003734478,469.7539916534954
10.895,2375.5091602643383,1810.21858396616,479.7403263447928
10.895,2306.8708726007662,2000.3445289291153,427.9012840050927
10.915,2010.4954465261312,1998.1556856320524,440.4048254508192
10.915,2145.42048317742,2012.1705094173712,452.7019973657277
10.915,2083.4491797969927,1891.7140643313273,470.4696786576231
10.916,2182.6393110132585,1783.613572742868,499.7157395657393
10.936,2005.9475644431045,1688.7390524438438,454.8064223125058
10.936,2445.7406101472247,1697.2921930175742,451.1534657844652
10.956,2344.4676695321127,1751.6553185267974,463.87122837036696
10.956,1886.1794098845562,1637.1313419735934,407.2323804973346
10.977,2182.677790907121,1499.6709164017466,412.78057085051074
10.977,2349.6206870444544,1775.0434750736529,447.5199266485734
10.998,2443.682995367093,1650.464206840165,429.89334432738167
10.999,2073.723613110831,1678.649387471024,511.9644411552648
11.018,2149.5748624551084,1691.6969841558064,431.82484711984836
11.018,2280.197214542086,1841.7041428965504,475.46105975074715
11.04,2177.8349544734738,1455.8460821551307,468.6946717557261
11.04,2140.1468369290874,1632.190987880893,458.6986430977652
11.06,2203.162683792557,1768.3114251127306,418.02342363258805
11.06,2116.431028646794,1767.5023158069255,440.7114585777758
11.082,1969.0382531510922,1584.3960909630962,510.0124831003605
11.082,2291.906026123488,1767.6220791337173,451.9364645289872
11.082,2172.7499305004117,1516.568367882524,441.4231397359229
11.082,2123.361417592897,1796.0407989059838,434.4122760821659
11.103,2176.1358404820794,1645.5788617460435,422.9009154921075
11.103,2079.3826458847975,1891.4064023268481,477.741392809748
11.123,2061.6764848429866,1839.2720799863027,485.1929626074912
11.124,1897.0878399780543,1858.7890508157354,463.1807632586656
11.146,2162.5117739496486,1845.431561192287,407.43957023930966
11.146,2113.303813640923,1631.9048171198456,462.8276173310852
11.167,2102.865055336242,1734.361859991353,479.7261919215492
11.167,2331.187452696557,1841.86273257751,390.7564462406527
11.188,1974.4594347644393,1714.878231634727,455.316676900968
11.188,2194.2493750571907,1772.065753406419,410.0730459859881
11.21,2188.564618389538,1561.648108820719,421.7458551307982
11.21,2218.776729975352,1777.3201230343345,494.48900019169446
11.233,2549.825169236011,1697.8636976311723,451.0736480206787
11.233,1942.8143401513325,1765.5023182322482,443.8218296517137
11.253,2247.529575117758,1926.061184190779,527.3836134023535
11.253,2230.276143731952,1959.3468122164566,448.9073456406265
11.254,2293.594812005922,1555.1230166740856,525.7572845261992
11.254,2091.610475751404,1657.8964823179786,472.881427738061
11.275,2314.3910212673313,1869.1000754908082,477.3713409073481
11.275,2150.794250875369,1698.6997088788573,511.45514129931314
11.296,2239.593140110405,1759.3768681287484,445.74120786148546
11.296,2346.407158182896,1720.8828004491236,480.8309592755614
11.318,2105.368898478685,1820.215855793735,384.66529459211165
11.318,2256.504236458074,1610.2145697363017,490.3641251178998
11.338,2177.181236746719,1923.6881511800023,447.7962629600849
11.338,2275.9130156720694,1696.2342130723282,460.5826401640645
11.36,2149.096633926848,1691.2092502935652,449.4072713927244
11.36,2174.663439412055,1660.0786352146079,447.8641174138669
11.382,2279.525056367069,1902.5912880708916,403.34844164781873
11.382,1938.3460460352135,1597.4978726312936,481.0968504592629
11.401,2448.4616752710012,1857.125296581122,449.66215459753
11.401,2145.4291477670513,1801.0052876477666,399.2594922553267
11.422,2337.616904296466,1771.0015896310535,468.2036654710027
11.422,2301.7623243871517,1725.978593895115,417.89192009441035
11.422,2182.1814774321087,1748.4737251481681,486.16294668900105
11.422,2101.280562386375,1754.6238474909794,464.29844192410405
11.443,2229.9998068473797,1872.6570788359866,395.05447339594457
11.443,2467.614275752243,1806.0075906635084,434.75053011395
11.463,1893.6529681030818,1806.3110713411938,396.77728599683854
11.463,2335.3153361837867,1818.0436249454099,459.41048939716495
11.484,2125.8708868527106,1739.914101316836,463.6403382196636
11.484,1824.5629350377146,1769.2013019892709,462.695269775293
11.504,1949.3557748292744,1853.8620568313293,483.2691316416854
11.504,2059.230331695125,1795.5106204478902,524.6987950497785
11.524,2036.795011690072,1942.6815427196434,462.59373549828206
11.524,2179.442474176115,1839.950621887547,502.26656791235655
11.547,2224.974036758773,1611.6326353640525,480.64840034524224
11.547,2295.5095629990064,1933.1921997609948,478.2623677589199
11.568,2316.898774716613,1889.582313349614,461.08860588158535
11.568,2119.078566984907,1626.7717235655477,435.36240796342315
11.588,2394.1796150303385,1922.8827438298795,457.28640432161103
11.588,2286.7015128793664,1810.741821267957,455.937332205853
11.589,2415.471496514906,1607.4077366388447,400.36455249788776
11.589,2271.389724898391,1833.9346197117447,442.6306297207969
11.61,2102.5398714312064,1742.2157358974255,451.68138782704665
11.61,2109.2451975838044,1704.3278266194532,484.1692553786972
11.63,2031.4202437022,1660.979844845713,510.34030039684546
11.631,2065.7509783168025,1776.6502187639337,445.9072659821892
11.651,2171.973834916918,1860.9338205334664,451.47350538047243
11.652,2098.420108421891,1887.7207947489876,423.5758911992225
11.693,2150.9941233820705,1787.5635426484698,431.36282363010133
11.693,2238.2474384172806,1757.9136312658,448.01670578956237
11.693,2123.3200183071613,1822.9921657167104,468.1967696700427
11.693,2610.9171729614845,1887.7890479411717,451.36401437628973
11.715,2155.1007646612165,1713.3529471258757,448.5552292004446
11.715,2510.5130380068763,1633.684705705181,481.37409337714905
11.734,2103.2568331547955,1706.52702941373,441.25287631385163
11.734,2086.166413681077,1539.134609032105,443.74623374294515
11.754,2431.7693064067903,1665.462561330532,452.01898520943075
11.754,2326.6146954138367,1869.03284355919,442.80332201674366
11.754,2177.8472290577847,1738.7657403083933,439.66632018255075
11.754,2076.3897894258,1849.6693476776818,409.4028226874763
11.775,2326.730137236019,1891.7108622529881,400.14198004720083
11.775,2206.6764312042974,1820.338337266611,463.53363262998016
11.796,2379.0972147990187,1959.6688669110513,434.50832507871064
11.796,2059.4295730914164,1925.988911993533,435.55503521223864
11.817,2161.4600223547855,1906.32385605031,434.9820639021202
11.818,2273.0478146589717,1837.9915260426505,458.533565470931
11.84,2249.668883261241,1912.2477963870288,417.22138687546754
11.84,2085.1482355257467,1764.5737596584736,400.89888318800735
11.86,2232.2373592007007,1941.8879384849895,442.54814019302637
11.86,2205.310657939218,1826.066910842049,450.04629052691246
11.882,2048.859518071323,1708.817825820297,457.96066887423586
11.882,2366.570588278559,1759.1752737161337,456.6626751442626
11.903,1911.0182653948173,1677.9142003259278,464.99396639306735
11.903,2124.116089616327,1763.9723609903288,421.0857138380255
11.922,2313.32048793061,1706.0000375693846,424.2349647709586
11.922,2278.158777360898,1782.0459128321338,411.2013534033818
11.922,2156.9522000031448,1912.2151379838776,445.8208724769856
11.923,1994.4968319124982,1681.8790226318326,478.71106076830233
11.942,2061.471704619209,1810.2204528353845,444.3543844605647
11.943,2035.5669329834814,1697.6406106762956,436.76005045362143
11.963,1937.52425088118,1801.7272401737455,406.87302672685564
11.963,2392.176887046274,1605.2143032927115,451.3035257253681
11.975,2449.522227613585,1582.7923993532042,394.9240344987619
11.975,2100.297184317154,1869.4216712896864,460.24439124019483
11.997,1945.061166191858,1665.937069326559,514.652960174512
11.997,2209.3776095849194,1853.0164924473734,413.5648529930212
12.016,2194.5969258643536,1927.8405013801853,447.4535704493879
12.016,2315.798937120299,1633.4357422556009,434.0998341641866
12.036,2223.858616445376,1833.955999166977,497.33562624893517
12.036,2202.4493730178347,1656.9549845546312,368.47920987125565
12.057,2046.226969124274,1905.6866479292567,454.8189981511145
12.057,2170.8487786116402,1864.5474044225227,431.251384774131
12.077,2330.2587999679336,1806.3724128589863,479.4961635503224
12.077,2422.008652167132,1978.401174674013,395.4699400907465
12.078,2221.8205395560094,1878.9860754815847,437.13294060629426
12.078,2247.8821669594845,1772.2900608413586,503.4153313368486
12.1,2162.583377403648,1853.6292039083198,433.44415014731374
12.1,2251.5574989474003,1824.131418895828,460.7307933951932
12.118,1980.4281773256735,1734.7115276173433,433.1750400515759
12.118,2305.765178396741,1847.9774835328674,384.2620171603851
12.139,2434.644762118919,1915.8295527475573,384.7776419889115
12.139,2193.665175088726,1716.754619703974,442.59747399614304
12.159,2259.4644005762884,1911.8551676349007,465.2558616992322
12.159,2043.541547072034,1790.5759101060492,495.1130794523591
12.18,2354.6245614269933,1510.700175865246,480.4218980487356
12.18,2149.9488165526263,1673.87305795411,438.87279669726695
12.202,2084.3851724156502,1824.9421800127668,424.80089890146303
12.202,2224.6130885880293,1831.2141885732003,444.69591617946026
12.223,2131.1557878262715,1845.3054965272456,429.5494070533063
12.223,2099.101125513505,1749.724268805154,378.64274364127743
12.243,2079.2130791484938,2030.0916897592779,447.01958045785767
12.243,1951.4228547889086,1900.2815046374506,443.220539775513
12.244,2047.5747912399554,1860.2582625712541,419.70111267312194
12.244,2366.30002771487,1756.6568849568152,406.86779330420677
12.265,2305.7914735819936,1571.1077073610518,462.33346108056446
12.265,2184.3276073175743,1967.046944603184,451.3380499180704
12.284,2187.706031989798,1714.027527360282,426.00293400314615
12.285,2020.2135366180953,1801.250378547198,501.686842830757
12.305,2334.933207387213,1899.2044760464325,448.8745703852515
12.305,2117.979293615067,1792.6127659936813,444.750386620095
12.325,2285.3727859046226,1861.4584523000756,498.2142313896377
12.325,2145.3665132635056,1635.966310406395,423.716237344206
12.346,2100.4877315468784,1708.0255022960137,474.8117179409409
12.346,2420.504401107704,1844.1537384476305,454.0058936808251
12.368,2192.24861272478,1783.3932582063114,405.28179149928496
12.368,2302.506633596491,1791.4089036089765,483.419277190478
12.389,2247.3311645974645,1644.5870351191215,439.09454773636577
12.389,2079.8107085038705,1889.7097655154569,430.29209723383576
12.41,2325.4649374551445,1801.9774356166297,424.4241229480662
12.411,2050.3517010076494,1833.660615419197,411.46817675499835
12.411,2108.176929107729,1724.7612584934345,454.82799867331084
12.411,2054.242924349289,1875.8282009883565,453.0242985571363
12.433,2171.301695245913,1657.6331362697688,420.3812534526555
12.433,2194.710568888034,1813.2516739007906,428.1113720398212
12.454,2035.1463956799419,1698.3736197315645,392.48390173561575
12.454,2084.4231015047717,1625.843110896649,467.6292317626915
12.476,2167.735994685534,1664.8986705173081,423.5699388191448
12.476,2315.526244855788,1794.726508001651,415.74972481970883
12.495,2053.6032842044515,1869.000913834045,446.62552609823194
12.495,2300.4884502299083,1627.5799952050722,421.4519082517627
12.537,2095.139613405529,2121.257711920186,471.8840284263548
12.537,2256.3739297668894,1755.5271455827349,450.02914437606825
12.537,2352.359761773274,1756.9178536868512,438.74636006480455
12.537,2351.5963063363865,1700.48817681978,383.8547408006166
12.558,2205.5189508563903,1679.1648865165307,507.83041001439136
12.558,2198.4057471165625,1682.5597551754097,385.1164834978339
12.578,1971.922627522002,1934.6721807468132,418.94632871551465
12.578,2343.0993257220334,1795.6156852825989,447.07479185312434
12.578,2079.5703068456696,1663.341551372796,428.6565232668526
12.578,2123.117745262145,1844.1327875947513,492.26186285961705
12.601,2258.7472160137277,1854.3523245096924,454.6572810266771
12.601,2008.252959432402,1926.7424751404208,429.5946674429358
12.622,2203.116213316361,1556.400442803546,503.091470580195
12.622,2404.078673570436,1870.896165413725,470.4946963372838
12.644,2328.3756108875536,1944.8657383871912,467.4456681825826
12.644,2136.355333258979,1708.2766903250233,457.8794934484513
12.664,2359.1693476665278,2067.1804826250254,492.8545802656373
12.664,2236.210258732161,1818.408389786168,454.9548640193774
12.684,2387.369505730824,1666.998259079415,431.586715164579
12.684,2012.317069603861,1761.7357825735708,431.58223195888297
12.706,2342.2849110591105,1799.4979007374482,409.30524889305764
12.706,2309.1265454179247,1867.5652838715607,476.05999680417364
12.727,2209.729696847615,1558.5121634060342,399.65741093839756
12.727,2147.5797549857393,1851.1307170490259,500.4716727560036
12.747,1966.7958824731088,1848.241532418313,437.7354301216791
12.747,2256.1714144839616,1673.55061404219,425.9470365701986
12.747,2333.951856687799,1884.3376760149465,412.7831100324214
12.747,1996.8283984658528,1719.7910589390979,414.14629215071943
12.768,2296.8255630958706,1716.8915360380402,451.2173954093671
12.768,2193.7843874733226,1883.116020853123,468.44612619772215
12.788,2201.731297860176,1718.1141253273845,462.604571496935
12.788,2241.3013771370674,1824.7691935192722,391.77780917118315
12.81,2440.2348672403637,1768.6483105865132,463.05097127140965
12.81,2193.1548430065577,1837.1522974497288,417.80942568145974
12.829,2218.745747695366,1753.437584775674,478.95598102833156
12.829,2168.6032251771667,1686.0805131450875,487.6746530215999
12.852,2052.076884017942,1629.6361433455058,429.38729020439865
12.852,2107.305910037547,1762.909142023129,375.5464038232241
12.871,2174.9714643670372,1781.2834736698433,436.9317441711561
12.871,2236.0449092021445,1869.8916862734336,441.80317464995557
12.892,2497.981043123331,1848.9666126238305,465.78953130065264
12.892,2090.8979997377887,1772.0033393472008,454.8209486374202
12.913,2291.232731907136,1710.85556338893,464.1286555988793
12.913,2338.199124168672,1656.8052486589352,444.5359623619185
12.913,2265.264009002071,1724.4578265150826,491.54355582291737
12.913,2355.075939954401,1835.0073594027074,465.96153291377396
12.934,2208.172578096186,1896.2284670846623,426.39665443601007
12.934,2191.9549387357183,1545.986995249439,470.53686847949746
12.955,2376.7232028036724,1711.17189969961,463.6260942161293
12.955,2079.069784959721,1641.9198813404462,420.5582312742563
12.977,2330.5155846639027,1866.3478499583318,414.6104443741698
12.977,2273.3225856367562,1782.5417375301502,431.3783838052516
13.021,2410.3009973248745,1734.3173008463352,445.60797241434875
13.021,2101.0199901188275,1583.0876558532914,426.73578289891793
13.021,2119.7704208271834,1764.9701665071009,471.0583641731463
13.021,2221.8010047843773,1596.8012617168638,469.5647502267434
13.041,2090.5503247730285,1832.104772831151,406.0134312542826
13.041,2080.360379413763,1749.6289422473315,413.02976561665463
13.064,2395.942227787185,1823.1845222307888,455.1002483197441
13.064,2247.6052431553044,2035.8237590605956,471.7155151716327
13.084,2256.7517934598745,1678.271801153156,470.818031942903
13.084,2019.3284702962753,1754.8218803220477,442.8749176817539
13.085,2171.500147862729,1617.0863905362935,454.8287930735635
13.085,2353.9464376314672,1782.6343067303656,470.7539910784848
13.106,2328.905700857776,1642.409401550442,470.3997180274278
13.106,2304.7537218011457,1631.5944971759986,429.07020831185844
13.126,2463.7977798154507,1759.1353218530705,443.06662064705324
13.126,1980.9121976389881,1779.7724414864742,455.40953411806913
13.147,2295.5549443178775,1528.512278402481,446.6175243126708
13.147,2230.9683429410925,1640.9177450553489,437.7406393763546
13.168,2075.154628699459,1597.9943630115301,458.7116738663256
13.168,2148.385555029856,1778.7069516710771,438.1842229369235
13.189,2243.9212553857055,1682.8805148201734,458.6274923114978
13.19,2088.847530659955,1879.3443139994085,453.6964050166923
13.208,2357.081518922349,1783.1455896117643,430.90773570328656
13.208,2235.877505590569,1870.5055131573379,407.08914948762333
13.23,2241.489579863638,1804.786760942621,496.3725143273771
13.23,1980.7261142243146,1980.2232781270093,419.48687474869524
13.251,2224.8058355976673,1720.146254814999,453.9558016748978
13.251,2117.2228094520096,1606.3263764196292,443.63353222058214
13.252,2089.5633715066897,1624.448737138981,442.5744678958411
13.252,2200.768286698799,1857.677738095919,470.0905136618587
13.273,2241.5316169733114,1757.854281413237,436.8057888999378
13.273,2391.305635951308,1776.2349515787002,445.1172080758311
13.294,2236.0824487905556,1855.8720397355328,455.45112710376173
13.294,2366.5637317424507,1884.7038575472122,396.35893132624386
13.316,2028.539891631416,1594.3052749421006,414.3798720830963
13.316,2235.2467648927104,1601.6358262317403,491.99961604937823
13.337,2261.875186579668,1739.2152824457467,445.1939352342792
13.337,2134.8813370915564,1711.5817821696803,386.017667619107
13.357,2014.005136926273,1714.7816042053512,396.1332726534309
13.357,2279.7214210403267,1809.9478447108895,431.528255417618
13.377,2317.3261283675474,1658.5017296992962,439.64015720564197
13.377,2249.171133049604,1809.3544338207657,443.2614243224798
13.399,2181.7937386029057,1803.1469473580269,492.60270136391586
13.4,2113.420970528067,1540.7536366223344,455.10853782074304
13.418,2218.853069919306,1681.9885348640564,478.8372654418844
13.418,2349.2774773222723,1568.132127048399,447.767201027539
13.419,2191.369009555704,1665.338168326728,450.81571222323055
13.419,2186.2793132932497,1828.3897574805303,447.77325633674326
13.439,2234.609166286705,1662.535969883152,486.4058625492034
13.439,1966.330485634353,1780.1776586728295,414.5859177364736
13.461,2188.6965707869804,1732.7494809001328,438.0559879468784
13.461,2251.2655014054376,1640.9403627607387,406.53546864949726
13.481,2149.166359799684,1764.5269956246627,456.3967475750944
13.481,2315.1155699226856,1704.5009407346015,478.08645439515624
13.5,2123.742430641358,1778.466581210371,449.7128074509573
13.5,2080.6291489975774,1621.5540889184686,371.74514374346506
13.522,2226.4049761355764,1760.582601757564,498.2440183288668
13.523,2507.726183072072,1797.3518996404127,437.7111329922194
13.542,2156.8204288802954,1999.9647826952848,462.36672273592075
13.542,2125.950010504793,1659.316398855202,447.41363357920756
13.562,2104.0954099318496,1734.5218285200756,429.7903319072998
13.562,2014.999696687245,2040.7868077895614,409.76359179996143
13.585,2034.1637388176475,1808.1249612871534,456.1923736016281
13.585,2173.76780604634,1615.757607956107,458.54841563631044
13.585,1973.839683394857,1521.5184565807356,415.6564544595742
13.585,2300.326537397283,1793.6913955825203,397.35838730766835
13.603,2426.860883757512,1696.498453539458,426.3955964077728
13.603,2391.510241415423,1696.0867979718564,499.58924918087536
13.624,2163.3083174021986,1828.554814708981,474.6542386216797
13.624,2249.106418500281,1677.4329462143098,447.39497569640804
13.644,2131.8668546642443,1765.7364336445023,420.62675149204665
13.644,1846.4777941024554,1876.057367001789,457.9391967400315
13.664,2259.188546361195,1790.8287435419982,484.64826664594983
13.664,2095.3397430718287,1910.7420630359707,446.2530794047478
13.685,2493.5110009072587,1658.8763366662504,448.06212374507373
13.686,2087.78512697356,1715.0838534690076,460.9498325901091
13.706,2250.311252913485,1814.3110012106595,440.90267528183045
13.706,2298.4433315713973,1690.739009976944,439.97181973985494
13.726,2264.635311341821,1805.7471566316058,463.607531032705
13.726,2148.2855583877713,1809.6820994556983,465.6745374642616
13.749,2287.142627601815,1917.1159136836031,462.72023389655527
13.749,2276.018354037373,1899.5672807815658,420.25712275496005
13.749,2202.9410362639355,1875.473035178172,453.0511813649904
13.749,2001.1112194093766,1675.1785856192782,397.0244863467913
13.768,2250.9693813688573,1918.696078269245,449.56194509093234
13.768,2353.22477927293,1712.4212971283073,440.06594185063216
13.789,2315.1429715320055,1814.427806012814,451.09512948953744
13.789,2326.4260849895527,2057.209798920522,422.56767157030595
13.809,2073.188242431592,1874.2338759392585,450.66995093945064
13.809,2335.3661847015373,1796.2445635634056,471.84644275573714
13.83,1874.9479478549522,1524.5124912455328,441.5376310856811
13.83,2213.9635289883136,1983.793421845041,406.1952515441438
13.851,2291.9881951626126,1926.9302930934841,457.6677862447418
13.851,2195.9108579062436,1713.5856039564383,424.04901444929897
13.871,1931.4671760218614,1792.959150542452,444.60803166778425
13.871,2157.418625646827,1704.0724937724053,453.73368257741316
13.892,2291.0944000430504,1779.1723362924563,408.8395899754906
13.892,2314.966161221798,1838.8819976319692,451.14235068443634
13.914,2359.976683872551,1880.9732634965694,468.2216731722354
13.914,2133.904587275204,1719.4844652962436,437.7491028924626
13.914,2340.48689202864,1893.129017352769,396.833714671346
13.914,2377.77423478478,1623.8725011068254,455.5016309958347
13.935,2096.993645194025,1739.6648721850768,438.0699503125396
13.935,2292.7220586547282,1715.6281369414478,499.02080718928727
13.955,2216.5031165957616,1634.0083901547025,419.1530794230065
13.955,2167.2370655495606,1821.0269769732158,490.37024928630774
13.977,2210.115740911828,1693.7412076028927,460.1877932768422
13.977,2273.6870082210144,1764.033789554796,444.67834032792064
13.998,2351.9521531672426,1730.4396555576284,425.26468471218703
13.998,2172.1968940035786,1757.1557579864125,428.55669765684434
14.018,2045.4655063315313,1708.2234909435842,446.4265217347738
14.018,2373.4383953286642,1637.5406232647008,487.456333465751
14.04,2177.7634731624844,1916.6643877568276,424.17588274843376
14.04,2120.109546983453,1916.6127713128838,437.64756130513587
14.06,2304.851204542841,1834.9663058669187,420.4325842441915
14.06,2254.36089445445,1981.4924455283453,431.5427282767557
14.081,2199.179960199426,1899.7586593788565,461.6480343209122
14.081,2111.007241484091,1872.4215198807042,437.6622608733687
14.082,2155.008391868494,1683.2427077399068,451.89660209746523
14.082,2254.3813969451185,1639.1358329790448,444.6573372900293
14.103,2148.4963344722137,1782.4798571605727,403.80108276950904
14.103,2159.411885226528,1785.6477963966527,382.5126459610717
14.124,2087.4218656092103,1565.5461154971313,429.0519171821402
14.124,2296.2555906061525,1684.8751050615683,475.03350503484353
14.144,2121.704026191531,1835.9193819578775,472.14516596931253
14.144,2251.933560773772,1605.3355161595764,433.4785332929046
14.164,2192.0240731489775,1842.6157439736348,464.806554239047
14.164,2122.1433624435294,1723.67526577965,478.4875159153546
14.184,2439.7993936060348,1767.8875903336368,486.28666754866543
14.184,2208.8734390262975,1699.7691142274646,457.59309022623137
14.205,2039.3267924754505,1841.7167013823394,430.1140665701587
14.205,2448.764240870668,1870.387497246731,503.9850143859302
14.247,2342.343924149388,1762.4867468697705,460.61956649505333
14.247,2131.663602925681,1830.6962427135932,443.340277230756
14.247,2206.268907869688,1727.7337363380693,443.74578204853793
14.248,2288.624857653053,2002.0670031459476,439.85857698955755
14.248,2245.39033628642,1704.5085639383499,463.4147353283021
14.248,2318.623686834401,1789.2720445118825,416.54798803523204
14.269,2208.900932547123,1871.5554807555095,461.84582046527737
14.269,2135.353192748402,1866.6870942308894,454.94884318173837
14.288,2205.5380617119963,1584.6897523478117,447.6599047639646
14.288,2055.279873690245,1753.5500949406971,471.6953228407588
14.309,2160.827196032069,1790.9548567695506,507.76266421167475
14.309,2180.2616872847652,1656.8244789619916,486.8197038168875
14.329,2226.269275938983,1697.6404791807142,449.69786900186403
14.329,2413.5772801462704,1919.9765588228393,518.7322714444152
14.35,2061.7824184272745,1661.242436532405,471.56201791007794
14.35,2398.4575753399017,1610.2893313577179,478.8204111856652
14.371,2249.339987203709,2000.938129273229,451.0594247963279
14.371,1884.4201778464585,1831.3947310728574,429.52479634064383
14.392,2356.5019210434807,1686.3843234366952,435.79798665699116
14.392,2177.005167738223,1918.1768981395323,467.14358734140336
14.433,2388.7576539324727,1745.9543932471493,487.28550310359077
14.433,2114.72019842132,1787.6954119646775,446.21979567383573
14.433,2143.518969813733,1688.3351046689186,449.5707968265749
14.433,2282.144374415295,2058.7065348490746,465.6599179245088
14.434,1961.7573839455385,1934.6923265232567,377.32066959674205
14.434,2098.445554917397,1669.7923563151019,381.5106562099158
14.454,1993.7320715493663,1748.077213812411,439.627141096402
14.454,2056.2483717413174,1780.9365284298974,395.1358399776925
14.474,2395.1481174956557,1650.0950231294887,414.8481597572935
14.475,2067.2449383316734,1693.4428911753955,450.13121429393
14.495,2097.0156670528627,1737.2086888350273,424.4025714385549
14.495,1824.2042578711012,1816.5869567499647,419.70605352853386
14.515,2106.730206086274,1636.3303895509525,477.43126948227166
14.516,1787.3438841897248,1641.7906896279005,454.9456545002818
14.557,2226.6040376465508,1668.9929820181592,392.4369162363039
14.557,2290.250855156863,1866.5515314194356,485.3650589199114
14.557,2246.872435144343,1636.6521469712668,458.3892865497061
14.557,1993.654816337616,1863.0591922410656,470.56129072402706
14.577,2182.8714266527354,1453.953855033421,410.1407988481641
14.577,2244.585539046575,1737.860185033752,444.062487683116
14.577,2136.9274063449675,1479.4970771504554,435.6924568821241
14.577,2024.3308438908016,1745.1190974697824,464.1951747543599
14.598,2315.614303245212,1823.2809412890422,447.2911624121531
14.598,2025.9372330432907,1738.4499093436136,398.63691044399485
14.619,2244.6822632041058,1792.9138032133724,424.5010304537299
14.619,2179.5826345965193,1712.3476456467556,460.9276488092902
14.639,2368.9166584680224,1825.6003630277435,400.6607594512211
14.639,2498.9457407977447,1820.7035525793265,391.41495852371344
14.66,2125.908017724201,1695.7345530876316,425.80405328475695
14.661,2053.6165217572625,1869.0643368001063,468.0857818422673
14.681,2225.3512864853938,1781.7616843726405,435.9875631496604
14.681,2188.7541340205184,1768.1456413816868,391.4838731217036
14.703,2263.911373107264,1805.9582356411536,436.39667589692556
14.703,2093.8045446688075,1815.7247911402617,444.67469943609586
14.723,2094.2262861610225,1774.7898147118067,429.3774034402981
14.723,2188.537697491571,1828.7633598277446,458.61735824006655
14.743,2239.9739850174824,1914.9724219004445,456.59963567815004
14.743,2043.9032362864955,1736.1528250032131,445.78732376787775
14.743,2175.1132825585055,1660.467753518334,458.46362073247127
14.743,2183.2855259186226,1907.0832150159295,426.185250123047
14.764,2278.968344610037,1720.3686502443309,401.55665117525655
14.764,2178.7260609402683,1869.8952694396935,378.92442171597173
14.784,2339.98681404583,1936.436180355619,462.10791550170603
14.784,2271.6246403713794,1864.7819573987263,416.08597584991594
14.804,1955.16498383296,1754.1416892596083,454.44088178111446
14.804,2161.196163136279,1703.2145081527144,471.93664304603533
14.826,2342.324444865276,1927.8003591318018,436.5211185966986
14.826,2073.639768191314,1860.5888640498938,484.34422784436754
14.847,2229.6038894250537,1716.8536998418772,481.88200016545164
14.847,2240.322570008411,1981.3791111332143,480.8417977384094
14.869,2209.991002739656,1600.2426504815614,491.9842140752321
14.869,2149.144699135622,1710.0808783569832,476.51968467122185
14.889,2205.0991906135732,1854.1172519002712,465.0815714483428
14.889,2113.175931483775,1706.174751160132,388.5292035263944
14.909,2092.641583378604,1695.269807125658,438.9569583992835
14.909,2314.7656358605145,1840.277406496486,473.4333748392632
14.909,2154.9545129809303,1656.8957480517684,452.3282217796583
14.909,2496.2515001752145,1805.5705247360052,422.9659811652652
14.931,1999.7203966193038,1655.8031733876212,467.0052405892673
14.931,2225.5092142696203,1740.888876085709,505.1084558542175
14.951,2103.408120006977,1792.5668198956057,453.08247351489
14.951,2297.2792761914584,1821.5224380462746,437.66204879263944
14.971,2048.416453611144,1632.076474101118,481.9556149726237
14.971,2330.154367964743,1661.5009084931746,448.63941386933345
15.01,2280.6690487520173,1770.4880768284802,471.30793768325975
15.01,2046.6463457554025,1732.0074479558873,398.8646674146882
15.01,2137.1813120072325,1945.3387838156482,434.84025888632436
15.01,2245.643886605252,1892.0854284671404,435.10764424885826
15.028,2311.370819098616,1817.3087280223403,401.5484345975799
15.028,2269.2021428644393,1722.791582417768,407.34806478720077
15.049,2162.894426496922,1828.1573549798402,429.4400558037513
15.049,2469.3051883213598,1867.7046906088447,450.90855958059984
15.07,2350.7313985981277,1792.9156161084836,453.59834779817913
15.07,2051.1120539331246,1761.5032474726952,447.17168828202705
15.071,2179.8955669818693,1888.5420889003856,464.58946229914915
15.071,2461.7420866642187,1716.2372971360385,450.0884072649259
15.091,2247.1352571333355,1714.908104734534,388.537126842898
15.091,2195.4007582307495,1825.3400865286915,455.71879782239944
15.112,2139.2342265839843,1794.878380161193,433.2245423072401
15.112,2051.461323783182,1818.6720136450583,429.8084505114914
15.133,2183.242178468465,1630.7509422330832,458.26593210484253
15.133,2179.8676117543214,1727.7409226326145,441.87756760176467
15.153,2003.888549431655,1811.4168896592057,465.693524574106
15.153,2070.529007575588,1822.5848807371424,426.8404115106592
15.198,2307.020672517765,1891.4773385683147,464.86641277904465
15.198,2024.4598653392384,1807.0994298790058,436.73334977208526
15.198,2153.91361162349,1837.0687791101961,426.2252029316513
15.198,2253.8255102499797,1621.9156128226668,468.6686332138935
15.217,2261.0956775644618,1668.869549932073,499.5623782938617
15.217,2387.238368881421,1864.87024905822,454.893562742866
15.237,2142.1044120096426,1842.5449125988468,428.4170118664269
15.237,2194.7674504781894,1593.8353829402504,460.3995941550938
15.237,2417.9264543975555,1685.6501350347635,438.2232601688905
15.237,2111.7922952504346,1889.9150750154981,467.76566312967907
15.28,2191.4014602907355,1826.4510649472807,459.4178807739824
15.28,2205.6601185683417,1742.4009797554427,494.548598203603
15.281,2172.3898377273736,1814.550192604219,482.1343998160607
15.281,2318.6181897969645,1771.619927219053,468.7423464391878
15.3,1878.985636775611,1704.16785995765,493.5922736663247
15.3,2130.8501211081116,1702.4363783536628,463.42545816961183
15.345,2285.4376711041377,1958.0576017088954,456.292347019453
15.345,2074.9929466701924,1701.3433034027307,426.83019853672903
15.345,2087.5100682432044,1788.2265065942513,411.7537309449134
15.345,2139.0393728526,1563.9337053400805,469.72106577349905
15.363,2381.917436983866,2034.442372530479,494.50196680829976
15.363,2219.0440515750615,1979.3491192449453,499.29486466188337
15.383,2171.6032203569694,1666.7245627403602,440.5912323680531
15.383,2042.389622746919,1886.7404838897337,417.17703558767965
15.403,2220.8889159165415,1896.8151775059227,443.18197912777674
15.403,2011.4388470660647,1712.3081563457945,397.8812371147289
15.404,1913.442808670929,1847.8166258894312,411.9405866505515
15.404,2136.1389409268572,1623.6488689069545,446.02909122589773
15.423,1883.030155069623,1773.4805993725065,456.5881763085082
15.423,2151.5956191829337,1830.6271649153095,439.1580843134598
15.445,2333.627775917582,1796.571948108819,408.9855969661966
15.445,2391.8173644797043,1803.2923551360677,482.4314925055499
15.465,2301.0482661036403,1734.039256283149,442.7064091171985
15.465,2323.654334432848,1792.0134804688096,453.0896543173869
15.487,2151.3832814084653,1837.2041921802925,426.9685108441885
15.487,2090.5133113705187,1626.6872267780855,450.58383074121406
15.509,2252.8855899579194,1776.033104551951,487.4909620516388
15.509,2292.834516206126,1865.5244336914718,434.14548151291024
15.529,2241.744958315601,2032.6305218993368,467.7103642792086
15.529,2178.6317307396766,2027.591589817879,445.7132757036165
15.548,2011.2854121739076,1709.3680716176018,407.3228640937722
15.549,1933.1041300465959,1807.8529094487592,421.3435052260562
15.57,2198.0360254920647,1798.900065960301,458.5538838005414
15.57,2352.8876033886218,1537.1477702164582,489.1239913446672
15.57,2047.3199686092591,1685.2012527424988,483.2031005473847
15.57,2238.5476171245414,1611.188702502427,468.06333199153096
15.594,2257.952515211956,1738.222863103533,441.12966880779254
15.594,2243.289035421148,1771.1673348258018,427.662163243934
15.614,2065.2612760674374,1723.8586122485979,449.18160123059954
15.614,1966.6242953580015,1753.1387638633705,427.1242113783031
15.636,2067.5225638135958,1700.6731877220545,404.29828029613645
15.636,2198.279417693967,1788.3205667226018,475.0028227425714
15.655,2088.6211677602155,1760.7389843150672,464.4592371650812
15.655,2158.7066845740715,1650.3421248273935,442.5635366302651
15.677,2152.7962148917736,2041.6338939400416,443.0126708711802
15.677,2147.2615153281463,1806.567841407165,474.00075673518427
15.697,2211.8881878581074,1871.4177852645023,483.18392099401893
15.697,2059.232899984478,1680.4976372269684,462.76242757850764
15.718,2262.682871540742,1722.4006822935462,465.9878962078109
15.718,2063.2754339436174,1726.419295192266,412.84022534917676
15.738,2218.872847321447,1888.5079300214622,474.6635011333479
15.738,2123.2098144697743,1693.9094734745984,446.91397228404594
15.739,2113.680976688514,1707.4384256921737,478.8254771099793
15.739,2180.917783306532,1616.5408426199429,396.40969114677455
15.758,2160.2615152426047,1889.2465693450897,479.84689450824715
15.758,2222.5188738269926,1590.8490052353889,413.7015234153345
15.778,2238.9243913127184,1528.3599895462712,504.53985302315726
15.778,1943.5449377781867,1804.2162916325078,430.4520660746973
15.798,2248.905571723783,1670.0421164712686,445.2630008373389
15.798,2232.9020464167866,1826.0026259838544,413.10431851096615
15.82,2185.7728823189145,1773.3038075789677,418.8196994837508
15.82,2283.648442722981,1627.846843693966,481.7316563389825
15.842,2226.8317796419783,1686.031049490939,454.1085456081199
15.842,2026.839248854122,1671.142701052353,416.7804969894002
15.862,2392.197727628665,1680.8803210603967,448.7452824582275
15.862,2254.280947183736,1596.7834936798079,454.10993825459445
15.883,2030.019626686029,1734.9405396326674,444.39003645313306
15.883,2114.0550772907236,1842.945786438213,444.92743471971716
15.904,2124.732571097331,2017.5946483242717,427.97533342489675
15.904,2249.007581583663,1727.6854144544131,430.17330366661713
15.904,2296.1654251341765,1772.0396628825556,362.68944492416074
15.904,2219.508867938468,1714.459621606761,514.982562696588
15.925,2265.2209650476057,1694.5417729970743,496.5495223221136
15.925,2242.915271912957,1693.592311022255,433.99541871870684
15.947,1898.2386255071638,1777.0423837822998,403.02526905736767
15.947,2078.988060720922,1896.9785406241963,442.80178849428887
15.967,1888.4865967310216,1782.0989168451752,428.91768910543556
15.967,2089.2619475081065,1747.265100966471,447.3067080052098
15.987,2160.9372760793,1814.924071108786,456.9810708600834
15.987,2018.280927406067,1726.606458925231,417.4983745001346
16.01,2137.158926193132,1751.21046242789,424.7879112290083
16.01,2230.1658386653185,1883.5865190430006,461.09363577620036
16.029,2205.0940407507105,1901.6960234827657,489.45974365904755
16.029,2129.417736307401,1698.7291149764517,452.8148564656491
16.05,2054.0997977703464,1852.7990798291733,425.7211968896174
16.05,2271.879236995239,1713.833781242338,458.4264522677898
16.072,2276.7583881634023,1592.215424031579,423.94909526755634
16.072,2350.3851526313288,1866.419249216541,462.22851571862907
16.072,2088.0251033474997,1718.959888827214,434.61414665375196
16.072,1949.344162856197,1842.3568838181452,449.1400188866179
16.092,2243.0461224245046,1585.037558981352,447.579065934869
16.092,1939.3976754819191,1771.7460594732493,441.3906080871102
16.112,2180.9538672995564,1693.095073893441,413.8643363950573
16.113,2038.1867474801838,1923.9726771650212,442.31720675033637
16.133,2166.1486560756234,1736.3235128343545,443.682085385054
16.133,2006.2100232519113,1855.1407251478743,466.2451044658858
16.155,2108.866379586567,1801.9026287062225,465.82420416796776
16.155,2084.238990233124,1695.2759972474403,471.63606185162206
16.178,2202.5208962827755,1858.765852554083,422.01426817838734
16.178,2358.6283349791725,1747.403428845953,449.5975315532628
16.198,2231.4884213253818,1813.0589914969876,434.8601516039577
16.198,2131.803183290713,1800.3794287809612,428.63711377027164
16.218,2330.2517795777376,1815.5236851316702,460.3861887395865
16.219,2238.090444869124,1812.9676562797665,432.76376033587604
16.239,1878.6134610991655,1840.291253823983,430.41691319652773
16.239,2105.9591868636476,1821.5836582438667,350.88995041968377
16.239,2113.291291331564,1777.8039731650665,493.0778121530386
16.239,2140.7535304006624,1822.1846485474052,430.4801760476473
16.258,2152.0268197598207,1780.8975956344257,474.01676402942087
16.258,2157.255701787087,1791.9640280788683,423.2338649213371
16.28,2319.2623770847554,1379.1061058360185,425.4988326401008
16.281,2404.919355376971,1609.7238336339053,443.7121102169597
16.321,2183.490346431659,1852.0207152314747,469.7354738720766
16.322,2196.389916173965,1779.608811726094,473.87862585552705
16.322,2357.3145995172513,1584.8941575121455,454.6083701487667
16.322,1964.4090846413515,1761.322649253609,472.1453118416433
16.344,2065.312093167936,1782.9132815949483,469.5980715553665
16.344,2171.7419934617305,1893.8518315306276,453.695752788335
16.363,2166.5974986222705,1767.9703470127436,445.9237848787646
16.363,2267.967520316651,1906.5598723183161,436.6318893304078
16.385,2128.736596965348,1824.5654199570479,447.8311483788568
16.385,2200.324119369007,1736.2635053668446,477.57195269995736
16.406,2393.446998109517,1673.0028492544639,462.3957320172075
16.406,2282.9935143236626,1753.944620118778,463.05758776809654
16.407,2509.3962444536887,1816.6417681944001,468.7463003989053
16.407,2154.5452620217206,1895.4378280883222,480.9476163088034
16.426,2179.9335628673102,1788.2105912602215,456.83328072292716
16.426,2263.9304771651655,1760.3070417385138,431.0203987086246
16.448,2188.8376488521085,1557.084540666163,460.48040800044254
16.448,2159.153139328927,1862.6340792371834,390.3705827378147
16.468,2104.954746234483,1882.2785251959972,450.3133991918773
16.468,2221.2307502916665,1723.8098302444384,439.79032562675314
16.488,2128.124357061926,1840.1624442359266,463.9685940947207
16.488,2216.337806345576,1727.8545722401395,483.30632760184506
16.509,2111.9054296907584,1744.3080642470566,452.0369441339343
16.509,2271.0806689709443,1779.452479579424,445.3714721641671
16.529,2102.621908932442,1677.0070746985991,481.32551977955393
16.529,2118.7137306888753,1969.6102513128583,448.5125717305033
16.552,2008.6535001219047,1663.512988902046,411.28082769614014
16.552,2361.041181598555,1653.2787806830097,483.78856755975136
16.567,2144.6026004730825,1852.7854627176316,450.30011471701516
16.567,2231.7380951753516,1795.8809524029052,448.14350728525443
16.568,1971.7971380852428,1750.8311279971688,439.11531709894865
16.568,2276.098318191433,1718.2874584582732,416.69907610897593
16.588,1887.5767219246138,1748.3206038376252,425.6502575327954
16.588,2396.820465522889,1675.1787470676823,414.5298828767806
16.608,2132.1768971763863,1985.7329089656362,443.0093427547807
16.608,2182.9377642436784,1653.0713275497428,423.1832918982502
16.628,2138.118858809853,1638.8263589425778,426.2666063427763
16.628,2186.4497756692876,1806.2307709607699,483.41829117991654
16.671,2141.837597528768,1989.6946248049728,413.1740036382034
16.671,2258.1670560095736,1931.6831929607451,442.3021071496725
16.671,2521.7438144576545,1857.4124317528524,462.43837111124066
16.672,2173.0827809631387,1761.1798003905606,459.36397038195656
16.692,2450.137272305075,1786.227650230916,449.6084240425654
16.693,2317.867118182661,1537.396125601992,432.07848072622505
16.715,2234.9016263620115,2007.7162829621927,403.9684160284636
16.715,2327.372007888908,1848.5611061898994,443.5819318988068
16.734,2436.279274143909,1992.8017619648224,474.9543303716589
16.734,1944.7263477536537,1789.4037389884609,406.85957709323577
16.735,2169.8614358585346,1831.90330812336,443.5585487618299
16.735,2416.4368192703173,1873.123462066631,419.7508936291506
16.755,2177.9323341084228,1539.425135491832,486.8170824317936
16.755,2141.760466474707,1730.404005590532,461.71404641067966
16.775,2125.2874427370484,1801.8722837081257,426.393610329907
16.775,2149.066281873017,2004.5943671713478,431.93405694803687
16.797,2112.4414804752764,1920.8304731578305,443.99833874011773
16.797,2205.1034628468274,1854.54320875251,460.53046650041824
16.818,2004.8858433450087,1782.2166395555694,458.83657632622146
16.818,2160.170614609043,1742.9343784492198,444.6582533049136
16.84,2176.3271738076014,1622.2057451123023,497.7236189179385
16.84,1951.0955077888634,1864.1553187448121,473.7200052077049
16.86,2157.5291196404573,1739.4299138695092,445.8533731770029
16.86,2289.5179808493654,1742.6596475389315,443.9581480139461
16.88,2139.5904315963,1822.927136140915,453.6271927393929
16.88,2106.313857103092,1698.4250495098447,500.74896938353027
16.901,2195.8050347916846,1888.4489673917492,478.79319852314416
16.901,2320.9361576092397,1764.8015656935083,490.48085521369694
16.902,2236.7964493598506,1702.6978069084676,465.23678225256936
16.902,2309.701443696887,1772.0964489050632,446.83513217884314
16.926,2147.3105897609485,1845.8530227789704,420.98632775222825
16.926,2204.7501937603975,1683.5482588428013,482.58295346442196
16.943,2278.09943189654,1715.818491764603,434.23638468216114
16.943,2205.1390793581395,1847.6742180754245,495.6636574031927
16.966,2024.366514943081,1859.4558670902634,411.64258317621733
16.966,2116.1232988793827,1629.898718727957,419.33845252871936
16.986,1970.5024967483087,1795.2844637610415,459.1198810223139
16.986,2233.484472637386,1887.0398001495396,457.1094907039544
17.006,2293.81400418796,1468.7845868799322,488.0742766816027
17.007,2283.359180613065,1878.4835081541858,469.182728991852
17.027,2116.8851723915654,1964.6111638186178,453.8857379338596
17.027,2081.713034440793,1804.0502769601092,448.02192054604075
17.048,2219.2928772839127,1666.3715421494207,442.64580207525887
17.048,2167.947051135458,1790.3447472311877,465.30728736906974
17.069,2389.7409791393793,1764.7654844587116,451.382657169214
17.069,2058.7065652145197,1588.838466511212,406.8216208673497
17.069,2182.8542358527357,1527.1302796594798,379.5076106164139
17.069,2063.7835131524903,1644.8601366955886,445.9054834904783
17.091,2100.9284009957773,1535.0516573217958,437.15551891965964
17.091,2280.1816191115886,1711.1999423875022,392.6213987993491
17.111,2212.2146496066957,1676.6816353252943,495.47106294673154
17.111,2132.495491958929,1677.2649523043344,432.62029870301524
17.132,2446.2898239350952,1703.4288840975314,449.1463521575238
17.132,2162.4658050728854,1811.8142288353915,436.9379799022763
17.176,2245.6119695887955,1750.4256629971007,448.78827951477996
17.176,1996.216252680652,1565.71736457398,475.50188536021665
17.176,2102.021576420818,1759.8952723404532,453.46670563393894
17.176,2093.0538207088753,1922.3912049663472,479.94902971560464
17.196,2451.620476145815,1881.0811658901825,437.87229990658255
17.196,2062.460485547467,1771.3008241465263,406.03246520205477
17.216,2273.056388713394,1808.9957072579775,427.47616581748906
17.216,2250.377600493895,2081.951151390193,403.9032305475494
17.237,2337.7357239593566,1735.6309754153904,441.4981277757259
17.237,2134.225843430538,1809.60286830563,434.8167920825885
17.237,2316.352870376004,1810.7804437854043,455.1964994255971
17.237,2032.7199098526269,1672.5910408438363,424.28865553368286
17.258,2206.4861583358356,1866.0965921899215,383.8547685138837
17.258,2351.300314770201,1629.9897117989606,448.8450193196259
17.279,2056.1421646372933,1658.7383503728677,434.0863890973157
17.279,2188.413236784734,1724.8983158227488,437.70948157657335
17.299,2344.024964485609,1666.2462053506852,427.64121630414576
17.299,2108.108512738424,1776.0657027714826,463.429116347689
17.319,2304.275438407692,1681.2632782813068,401.6532516741373
17.319,2242.982520336457,1819.595677495692,456.4336589453683
17.339,2092.0635795654575,1757.606937150677,421.7518291311149
17.339,2102.816674019085,1771.3535137646318,486.5567397208359
17.36,1906.7260342932145,1724.1308076019466,466.94188560896123
17.36,2196.4489359548793,1844.2091692993522,464.6097617046841
17.38,2167.9435805100106,1578.831371621471,478.8899368715894
17.38,2359.6673634886024,1676.1795602246918,484.58778358732775
17.401,2161.6725208168896,1799.7421139697594,416.39675653235656
17.401,2139.897464654567,1614.5582015190644,471.5517314693764
17.401,2140.9950545790452,1688.8727187391464,448.02879751552814
17.402,2072.857386689191,1849.8168192659798,486.83266476076676
17.422,2368.24502827017,1871.2042403118737,418.2704421397715
17.423,2403.2519432999784,1684.1711237894697,463.7696972461819
17.442,2086.635539502447,1864.787330423254,427.40468111198516
17.443,2105.0343975129567,1789.0373369004164,487.2969199240833
17.463,2123.3051570608936,1694.122652749928,440.05991838779795
17.463,2106.2562428873875,1786.472722601962,447.5658277010983
17.484,2238.618486748319,1963.751356688174,454.4563097504937
17.484,2265.1676353429616,1899.5833182126626,411.9400183563361
17.504,1957.5852532545591,1779.3507279701287,447.80460926200936
17.504,2432.735648202084,1920.6852807029288,481.14573193008783
17.526,2232.767777582664,1867.7626812863034,456.2832224538209
17.526,2066.666719599458,1598.1480479747647,426.57717837660493
17.546,2067.6252221566606,1661.1335658566047,442.6441391341494
17.546,2094.2666540428527,1626.861018450742,485.95817756580095
17.567,2205.1367188523004,1661.5488489765028,468.226778160308
17.567,2512.4498300783093,1631.606073400469,452.14040309769103
17.567,2395.7225348805023,1722.1333991940858,406.85309573192154
17.567,2215.0114944051084,1802.11026441767,449.1753226956183
17.587,2207.653522997725,1713.6365721367226,437.16318227557196
17.587,2053.2443234180796,1723.3862581194646,420.2520590163881
17.608,2185.8117538718743,1813.895833483967,467.68102225486973
17.608,2245.0861118425537,1821.7704341591088,430.75965656658957
17.629,2106.7276488876464,1748.3210911670355,422.3748515604667
17.629,2026.0725475243212,1788.4960295700264,471.6808851494961
17.648,2238.730212685699,1504.1523430265652,491.0370378165875
17.648,2138.4209772216454,1813.050350066123,449.44359325945976
17.669,2198.301580470921,1794.5512641378664,412.00304701566495
17.669,2327.691489790759,1927.4313182045155,457.7349735560328
17.691,2124.745880363049,1808.25593004479,428.9072590331029
17.691,1943.5613265968075,1835.7673038292025,436.97289579667813
17.714,2246.3543388266194,1552.5775228733014,450.2113017668204
17.714,2337.872444322287,1614.1256214952155,457.00258150059096
17.734,2121.662606424832,1783.344375646067,440.35496522706273
17.734,2232.4734908875485,1806.308560502438,422.81738744682514
17.734,2018.3733709655562,1710.1996303106362,483.2907897663444
17.734,1906.2664675459441,1651.1005602810274,463.75969606677864
17.756,2291.6327442192924,1715.740711145133,488.1473864731877
17.756,2033.0025124611366,1596.3657187931462,434.86620970014405
17.776,2097.7010542093067,1661.8436034830825,446.66624902222026
17.777,2217.0448094686835,1830.1506669818573,415.31340151975803
17.798,2242.285875849708,1593.890498097207,470.75097538615154
17.798,2173.507993443046,1893.0801137586366,405.810484263858
17.84,2294.044055946658,1783.5155966739449,419.2414215338229
17.841,1970.5355901163578,1807.89310038256,430.9019937250908
17.841,2185.5891701257647,1741.9819709998444,450.2238142873817
17.841,2188.623214497838,1759.7568076448033,424.5747181612243
17.861,2276.0912212913336,1652.5947622829028,515.6781300591516
17.861,2084.1155752727136,1893.8603304110907,417.9650122242555
17.884,2217.010344425835,1787.9433657987195,395.8818231087468
17.884,2253.8121382171526,1995.698836419312,444.5120799823166
17.905,2302.645554817012,1875.6647375589914,456.32131405401145
17.905,2456.3821293040996,1698.1596329850852,484.5835934334988
17.905,2075.791760709856,1612.0180851886832,475.71835941583726
17.905,2145.0294389005157,1822.940061772575,465.530523529658
17.925,1936.059747445313,1810.1601743833419,462.06572648989834
17.925,1935.7589331953925,1643.2889468270153,456.1267471106795
17.945,2244.290715769007,1724.4088768637835,439.2256695900674
17.945,2237.1562368200857,1701.8545525160075,407.60365169398284
17.965,2381.66822971251,1735.0330044166571,408.07967934230777
17.965,2392.67208357734,1767.8671900621198,436.93929831294116
17.988,1996.0787260784987,1730.1664551039087,441.72396745184346
17.988,2098.748844904729,1891.6457179980864,479.9267208467476
18.006,2253.276819831215,1687.600701748669,453.8934230512822
18.006,2301.06934333599,1677.5677213869908,431.69361607895615
18.026,2054.7290019684765,1699.8314094308744,509.16773158005327
18.026,2018.5649505479175,1870.365740247203,453.9360334955248
18.047,2186.510345782389,1857.558705980303,415.21229582436905
18.047,2018.8819844181444,1858.518723231304,425.0233922892552
18.069,2225.34151272629,1740.2396165155246,370.43396266321156
18.069,2224.692521823077,1709.203770858225,495.9689684879788
18.069,2131.209467402637,1826.2902155929785,474.99304631644196
18.069,1963.4810685382572,1706.4485443190913,470.114930864375
18.09,2151.991169563576,1831.907518923836,432.0976020887498
18.09,2306.665816043416,1813.2562363237525,488.6009806853811
18.11,2147.5080908061677,1764.6088708578905,450.9500986127369
18.11,2108.3449679238524,2169.533537668409,382.09051215692773
18.13,2026.6232425460976,1767.0696476290032,428.2129392178256
18.13,2201.2858512470516,1949.8976540852595,429.24516272365213
18.143,2033.7940194041614,1893.863448858031,429.67357222764014
18.143,2338.7317731960684,1764.859593480968,397.57173250440593
18.163,2187.8664057897395,1721.575378251558,452.7809484602136
18.164,2179.615127491114,1623.6341446222805,412.1554398476374
18.184,2154.7082495851137,1826.4152523771356,475.3930272221832
18.184,2092.0928132140198,1848.9077604507142,412.91408907702197
18.205,2246.877090555123,1699.7481449632392,415.0844179072532
18.205,2214.9976770151716,1709.905604148011,407.51805155763793
18.225,2442.694224080349,1672.4790147020458,464.3258116154281
18.225,2225.5580471670396,1844.093724632035,433.0116737146597
18.246,2417.9791255607097,1909.1714956742514,430.52988271588345
18.247,2063.8240111929904,1657.6810902845616,441.8490503581233
18.247,2140.2062403935643,1662.0941349433556,472.04776840978394
18.247,2274.1688625408474,1753.164505300002,483.4514751142664
18.267,2389.564646652659,1860.9902926863988,436.01379847608274
18.267,2129.857090028967,1824.000069706113,403.8368190537529
18.287,2071.4180985233857,1898.9281075134074,462.33698425740636
18.287,2379.5978076875786,1504.8056034294073,449.25226621088456
18.308,2386.6698310541337,1712.7277808612469,407.55890460818665
18.308,1966.2728006966674,1889.2283347189068,371.4819681483801
18.328,2319.6378897277777,1955.8852933447588,420.0517975657421
18.328,2211.0694510097783,1741.5922141957178,496.67492396246996
18.349,2098.2559103551803,1706.4074524027028,408.66953511596466
18.349,2127.9748026211746,1673.0712747498387,447.01729855870633
18.368,2075.7510874270893,1847.5402138798363,478.74926292851825
18.368,2172.3046790409444,1899.455595459673,412.4899449825004
18.39,2312.2113283351596,1804.7550965165196,436.7842095911904
18.39,2344.1286017160146,1518.7125891616095,443.8510442944954
18.411,2411.746823581342,1808.2309415726436,464.26513846311747
18.411,2165.785547717214,1703.0286615745063,431.7664955445034
18.411,2278.0239995180623,1810.6042193285546,413.54708732415696
18.412,2218.4212122164936,1779.9995746292022,486.8625761886441
18.431,2207.686421328452,1912.4390344652559,453.0088933923587
18.431,2330.5993400333937,1785.412804302702,420.9759051553793
18.451,2320.9149727564027,1763.4368351627322,474.7276212752515
18.451,2205.113540188512,1751.1344343423482,461.9552738711177
18.473,2128.64976886814,1929.4415513102301,495.94894394845386
