Time,W,X,Y
0.008,2159.404029420116,1790.9409705086598,468.10497840614613
0.008,2197.7283573627947,1466.0982442361237,431.2975944603933
0.031,2187.084980985663,1685.0059670502174,461.2657287211938
0.031,2115.7862525378173,1830.8259395070925,433.13703353181035
0.032,2073.9932699368333,1564.9277416942673,477.24040752285083
0.032,2065.9872089105074,1646.596262957043,491.1838400551243
0.058,1893.464607952995,1801.1351847893548,414.15783223274826
0.058,2162.682283312954,1753.9694481669205,411.8772194157617
0.085,1894.8058454739996,1696.0872681560688,383.8457167586802
0.085,2146.937860907495,1678.2008592070815,425.9633400815176
0.085,2091.9483702984876,1638.1532990390344,413.9148800601299
0.113,2090.573679643618,1727.5506584034608,417.66298954454294
0.113,2039.366525698995,2019.0867960604992,428.23849116103196
0.14,2036.2549808222718,1636.6934297594923,421.55569819439717
0.14,2056.6653856959833,1740.9093370448975,436.3246492897714
0.14,2174.0889839480765,1700.6102751538579,444.9720852098098
0.167,1919.074893379328,1773.5928812731172,381.1598134904312
0.168,2112.2746719740335,1834.6882653707132,429.6312783212286
0.194,2173.6349765037885,1784.4515098696543,471.38248947175236
0.194,1865.0773573049728,1829.2015175164338,475.2797320075705
0.194,1983.309697271321,1805.083672701858,395.1950595135396
0.194,1966.7527266798268,1776.0546917208262,448.4478805617898
0.219,2011.9955416604798,1717.8375191104587,429.6565775951108
0.246,2026.9675539837529,1830.2373721254814,440.94856781609434
0.246,2033.76578795151,1699.5544547567606,391.46536061941055
0.247,1973.2204593302374,1786.4007667429883,428.51206514469897
0.247,2019.0738995283348,1652.0236324728176,429.3172701792061
0.276,2098.9989985544403,1798.4517015953927,477.39170969862147
0.303,2091.9867596588783,1742.1665685733706,451.2737364184381
0.303,2013.1588000720387,1574.6766204527676,416.3889137661489
0.303,2187.501671155219,1775.482705623047,409.9471944329031
0.303,2249.809891764856,1724.3717089493546,432.525923868273
0.33,2142.2009238398446,1674.1611806071032,459.82458573147966
0.33,2126.4043549491385,1751.0136108147024,439.1061841273655
0.357,2000.508110312387,1702.7094042714536,432.3343841669539
0.357,2030.34512721255,1736.4101696252594,429.7396356925672
0.357,1937.1672244880351,1572.490151106362,431.32867698148505
0.357,1963.7140719157906,1726.4593110542407,423.6264516029066
0.386,2445.564709909791,1600.7461155540655,420.93665102109725
0.386,2121.0391847682044,1587.4588227568083,427.719990134881
0.414,2214.0784210122465,1701.984447782268,426.6135426678226
0.415,2186.6645934596622,1633.3601127656184,472.7857187532783
0.416,2336.0394091544667,1695.2534355934358,427.1336494028171
0.416,1961.7136500216682,1667.1947797725202,456.09197319663923
0.442,2077.3647677220124,1691.8314901355325,441.5043630742247
0.442,2156.385576023613,1762.391502128219,443.1575590197507
0.47,2048.368460601274,1697.3274739479539,418.3369789005957
0.47,2067.75203314904,1601.0405235790333,460.0376628247259
0.471,2130.0551343812176,1831.3377631672479,460.3686978302093
0.471,2130.4703685524128,1678.3196568813714,407.6204222232705
0.498,2307.4923334803275,1687.4473453864262,432.71634811004344
0.498,2068.139830096575,1615.7300116429478,401.1081698003041
0.526,2280.8573886347517,1725.709310818777,423.58367821186243
0.526,2208.042305010654,1705.505367308318,421.4615302668528
0.526,2200.956202535747,1733.1558484733005,406.1612475589375
0.526,2180.9881584182867,1717.8292479130623,396.69928386204367
0.555,2133.5875607710345,1761.975126840917,465.3089204254239
0.555,2164.352322615712,1648.0753458694683,413.3961670684515
0.582,2104.2825381508155,1725.7896020861053,411.11427948357465
0.582,1891.2541919822236,1849.142256219824,417.77562911465327
0.61,2207.074294247631,1783.6622946590505,472.39507664425844
0.61,2145.0017952648827,1839.3847868273774,452.35469207924154
0.61,2061.9208719675685,1780.8969678404778,411.7341235947325
0.611,2258.297959790807,1824.9960147509967,439.845434700187
0.638,2231.6278204236683,1747.6866002164295,434.19046994593566
0.638,2060.9770784977686,1759.5292759523395,460.41607399360095
0.639,2157.143232110542,1755.5717895331597,443.3368509398688
0.639,2278.3636714162876,1786.559966272915,417.0656024107312
0.665,2153.9431878182418,1810.6396639365278,441.34699950773734
0.665,1998.4594035435393,1811.3654911131566,392.84524864040543
0.693,2005.004377433361,1828.6881850814514,434.8408414121986
0.693,2137.9557294347414,1605.6014643544643,465.3712472203363
0.693,2332.504739375129,1626.3346366660119,391.516884574212
0.693,2182.090536167627,1730.5048444758386,442.4559667385282
0.72,2093.3850131975237,1751.3688702632503,427.88183510260666
0.72,2248.963391716155,1565.5254320269687,431.08897624542817
0.747,2152.2959678711463,1543.098503894298,381.9496981718844
0.747,2121.5564666789764,1713.4241277767437,458.4140635880615
0.748,2183.0695666221563,1859.2371049461847,486.58439570424997
0.748,2119.512493348322,1591.4070472445248,419.5798869274119
0.775,2126.510910997817,1797.861735823802,456.52529324520606
0.775,2207.8789630698056,1872.5753574023365,396.95578090523867
0.809,2192.76905242049,1853.3976538682375,493.8399527881072
0.809,2025.307972074923,1787.998143481776,418.53943240781655
0.829,2080.1601581782465,1795.6877500778096,386.3690685039997
0.829,2222.1952924601665,1603.219515637472,425.39910037441314
0.829,2290.659272124106,1691.3635614894138,381.2987929221104
0.83,2134.2377288563102,1703.2642027485788,437.1114180781972
0.85,2039.3201189075974,1614.589799607028,403.5086434669057
0.871,2060.0707372223114,1657.908762768648,447.91253703789715
0.872,2081.640053030472,1690.1200645650752,426.77815123412756
0.89,2058.046238616374,1803.3389018011246,439.59869711576806
0.891,2050.1916033070734,1716.2716214857837,422.7878043939619
0.891,2074.0296263818127,1621.002068294068,413.8047335103668
0.891,2068.162925285171,1758.1063438397841,421.0452776538831
0.911,2043.5516140789766,1652.2274750402523,395.54083058939125
0.911,2122.981854329888,1768.8308504135482,473.2646222676953
0.932,2042.619308409558,1773.4994465146087,404.28816219063754
0.932,2076.6729405630217,1715.1110996536377,432.0834331642029
0.953,2176.6219298505457,1783.9175147635706,411.9276328489509
0.953,2121.8048938527486,1767.4764249604016,460.5755586674801
0.975,2135.5486675871557,1718.0756311983691,423.99094744907813
0.975,2296.2279477534953,1716.9548618308193,408.32455908186444
0.996,2094.8864519424164,1791.3958699108643,421.59619962920556
0.996,2158.7389000469766,1620.9558410527077,403.61342274448003
1.018,2139.065219478137,1746.9138486685313,372.3308549702187
1.018,2252.1882684415264,1814.3088529653635,438.225317441069
1.038,1968.7064875434112,1764.6670170419197,425.64906325286915
1.038,2012.5772581078465,1780.4327922732114,422.7229296983217
1.058,2193.360671629427,1689.5225830563209,468.7650131709052
1.058,2262.207641543642,1745.8327471432074,472.5478126650934
1.059,2171.848282159209,1586.533473851492,399.01166524615155
1.059,2235.7454955591656,1796.60246840468,416.3871412728002
1.08,1952.3170884179708,1742.8157105547145,452.00379231772325
1.08,1957.8330106010205,1668.4385424329794,411.91071445379765
1.101,2149.121549857414,1661.8962190505201,410.31187427390444
1.101,2187.244237164462,1665.0984007247464,413.99890035731306
1.122,2167.811029658408,1604.0331465650092,446.79721102805206
1.122,2186.803296621088,1728.6085447913413,406.30495196246324
1.145,2089.508870152805,1886.8989062204614,425.66393033266945
1.145,1944.3656479311178,1749.2754328703188,408.734932284165
1.164,2208.6902722235877,1721.4084987366268,418.2019563386906
1.164,2132.2854320455467,1659.3120132553024,470.0593038661174
1.185,2097.0958839611194,1596.4442348138443,444.72237492058423
1.185,2296.1666886399285,1756.630803115412,463.5395175433811
1.205,2147.9977819760447,1819.1081849777197,416.77754098986395
1.205,2093.7818706399835,1828.992467543006,429.1337516809969
1.228,2056.305445303407,1502.0390267554958,453.9107180208049
1.228,2168.6812032103785,1560.1869896628898,446.38830793935597
1.229,2121.4849788417664,1607.5556961856523,378.8657515880802
1.229,2194.545664850982,1683.4228131917657,473.4230250363281
1.247,2350.2328341362736,1668.47724571212,425.76336751936935
1.247,2175.367929184265,1800.0545498078704,458.2956714686536
1.268,1891.8314651469661,1742.1565375818213,426.7015794551436
1.268,1979.1441572865053,1740.1727305093566,389.2897821888414
1.289,2105.114414636129,1586.2665311817088,419.74181098809174
1.289,2307.813642627859,1680.3082674667157,344.9313107219758
1.332,1900.0787586017857,1624.390791519184,399.4202662375953
1.332,2223.967862650993,1548.5513596436226,379.7791920962226
1.332,2307.6054957307797,1770.7507547846747,398.9763781396107
1.333,2228.0236462735634,1557.8962993856082,445.4434569709407
1.354,2138.467692648941,1748.962742977524,390.0812038808324
1.354,2094.658058692884,1824.719761157604,421.2760853539057
1.372,1839.6148352169614,1682.4933550015792,377.5878878821401
1.372,2138.6190972043905,1738.8872980422163,422.3520403046649
1.393,2157.520274653375,1616.6753587981402,433.1848451317872
1.394,2137.4489659610776,1738.0426793430402,427.338803926891
1.394,1886.6216183897411,1777.3739734803892,435.26071226880686
1.394,2177.5119560322214,1592.3737402441357,429.7720173133823
1.415,2185.4245281622484,1763.669108505359,414.08320581513374
1.415,2145.707221761233,1599.0491844553858,414.0017675887714
1.435,2135.8399604926376,1792.8795152353073,436.28190192893345
1.435,1954.793999057842,1668.4156774149953,461.20496120907205
1.457,2131.2663299519745,1611.9570811429571,442.0550487517197
1.457,1929.6877828063227,1739.3496621563352,421.8627890661514
1.479,2184.195003133144,1748.322161865351,399.35331224966313
1.479,2178.0092524996617,1455.9773093065928,376.3818178962725
1.502,2031.0612974107767,1741.1982737487826,432.458133259186
1.502,1998.775864196937,1757.210503031786,398.43445517778406
1.522,2017.394861700423,1653.8007286040693,408.9179385555613
1.522,2118.097158756273,1710.695716103446,428.53194205964064
1.542,2330.533908878748,1712.0206421502703,425.90941156246726
1.543,2112.192962412392,1605.9249770455924,444.6604951886937
1.563,2376.701725334146,1570.3728089440874,407.2787665415497
1.563,2124.6869375117185,1724.2533263281873,394.18114599269836
1.563,2154.8833982551523,1681.567172401226,423.965804029624
1.563,2137.399071645261,1674.2412330075958,449.97986759797357
1.584,1990.4652717151675,1718.5273439964694,406.50733761009724
1.584,1955.437225940182,1685.4830959279734,381.08155744632927
1.605,2204.4062977784624,1636.1104177800005,416.1112829046682
1.605,2067.496068143022,1609.5424885512434,451.23268928901973
1.627,2134.573909255316,1677.1799594479442,447.7282863718224
1.627,2045.5195882558435,1621.2885236786587,421.59912651259015
1.647,2146.6517649474663,1699.6998787627776,394.8532874493816
1.647,2040.3652054614242,1623.592908334364,466.1184556003386
1.668,2208.0209559210434,1755.5415191924817,448.332404134975
1.668,2030.9959370178588,1702.0695873540835,428.1626537965091
1.691,2211.982063611818,1717.6575306293914,416.555490489245
1.691,2134.2862324049493,1507.3352008901345,448.54491829830835
1.711,1835.3452056166266,1810.4917177000298,414.41008077118363
1.711,2029.7003958611408,1526.8722144128576,434.09431836486823
1.731,2001.3389110426403,1619.7291041435863,422.2802797731799
1.731,2047.739873831227,1790.449932853592,426.2293690837219
1.732,2138.356399051092,1663.6172840367778,411.8703041160464
1.732,2074.0476895773195,1771.5697640739165,427.17797317707664
1.752,2020.606856861914,1768.431981485309,421.28938941443744
1.752,2115.7020389545023,1700.8536893612395,442.2152817113177
1.772,1986.4192957926753,1706.9998062717566,464.1696959875065
1.772,1945.6000920907445,1695.5966120927008,436.87059601470645
1.794,2047.3596852960159,1624.3651281810423,451.7300812510068
1.794,2136.3475993487996,1749.817029576327,439.1258558441957
1.815,2065.887605305502,1714.958023235439,434.11257496585137
1.815,2106.2355587251886,1820.7750469730847,397.6075337711991
1.837,2220.9398446581754,1754.8450975463593,443.9223352301355
1.837,2139.4466573013983,1658.2311679993106,431.2116354406158
1.859,2100.7664820191494,1728.8240282123286,432.71438774289817
1.859,2233.871477554796,1831.438677467854,422.77403673150775
1.88,2036.0531465593049,1682.3107161224825,449.17757215171326
1.88,2030.3834122646538,1778.0528493169613,403.62978978909
1.899,2122.355519673093,1625.2497580720121,386.192505394647
1.899,1989.42075876138,1864.7705499310719,397.4692084580224
1.9,2100.2317097404225,1790.9092999368927,393.88761032253075
1.9,1952.5574476265251,1744.3826991255837,399.99615477272766
1.921,2254.014815798366,1706.4351919798823,452.6287668215512
1.921,2038.400639811048,1589.1234830592498,429.0986069683603
1.941,2265.3792819172177,1741.8664993278273,417.1556145793987
1.941,1867.0959027349895,1674.4931662179863,454.6577483072145
1.962,2018.108560501217,1690.9574307971875,478.60722145182524
1.962,2118.6784772955134,1727.62613215594,437.15111141065864
2.004,2191.500181746221,1743.5074732687228,400.5370640392128
2.005,2230.477169886729,1679.3778328057392,426.76435899129433
2.005,2170.789366077204,1704.2314396697527,388.51754571571587
2.005,1923.9829240835525,1667.823430349269,421.3943320314288
2.025,1994.509047322668,1631.9860754895867,416.9785132713858
2.025,2045.7638533593326,1636.7311567768702,441.82606774379894
2.045,2299.119845623178,1733.12585298182,446.36366248795144
2.045,2016.0697722141786,1578.476733347679,462.13169739322666
2.066,2011.6881764931106,1841.4010947448328,425.2165419223747
2.066,2096.301742567375,1839.683003614369,426.70075009321215
2.066,2097.4613639921795,1699.2413795427829,465.0390360484435
2.066,1995.555964598674,1633.5496357489324,446.2280056955254
2.087,2049.0640561231708,1608.4586247182508,409.49043070549425
2.087,2206.7512407110485,1680.6200755343912,434.70190052068654
2.107,2361.4543809751685,1696.6100630605936,424.25282751208505
2.107,2174.0995657326157,1633.8633445050662,456.4123611213116
2.128,2101.842220536883,1783.5061657526323,454.74235452505013
2.129,2196.082636182375,1686.676165612136,410.37649412400543
2.15,2228.549773771045,1768.6159419642559,428.99325865502124
2.15,1919.22564816516,1659.6462307188506,411.8971456275872
2.171,2008.8888604831423,1676.5433209419614,417.05924548883024
2.171,1943.0339160854496,1683.7022063690404,354.63223542250563
2.192,1945.2089131993446,1739.1006668484188,399.7885429928929
2.192,1898.6771538318953,1863.7429702584786,432.2548147799583
2.216,2025.8511963130095,1741.3026885933696,467.34307321640586
2.216,2110.545874551309,1781.036985699115,444.6053159639363
2.234,2206.5945608509082,1916.4900012416228,403.0164062585958
2.234,2105.15232189207,1718.714850870523,460.28503623055985
2.234,2087.785018396663,1567.5970102401443,481.505010497489
2.234,2111.565444901019,1557.3810335032429,438.1215425262422
2.255,2004.0839135312526,1746.148975630305,470.581367923367
2.255,2118.197207557317,1563.9524295411823,430.16264142582236
2.276,2172.193935591254,1677.480836018057,380.54037062650895
2.276,2116.5463141618998,1587.1012994949692,434.9225408968594
2.299,2103.5656354976886,1684.5312805275205,448.58555840945144
2.299,2187.9660292704766,1747.235684023064,403.92348525292823
2.322,2077.714176424104,1702.3228336138795,410.91742270003806
2.322,2072.8691931106555,1748.4763429275151,399.7364326277738
2.342,2136.4512582403568,1831.5957963503665,441.89698544269737
2.342,2055.3897268720575,1708.8913552857416,466.2295558777945
2.385,2323.415657281097,1778.2265524725506,451.2584699674734
2.385,2320.568934029852,1832.4364880735504,445.5194625141196
2.385,2215.1975449817987,1790.8168304406233,439.4868344679473
2.385,1971.0833706574801,1703.6334367298193,426.13252794236394
2.406,2183.0237193813314,1922.3092371450834,416.5889942037064
2.406,2214.27671428979,1753.3131129179958,407.27848645203295
2.406,1963.3031927955674,1653.3627514266566,461.8532940110271
2.406,2097.6255148104233,1648.7841552110299,456.9437678865018
2.426,2183.789835822245,1766.6919915773829,423.7000868158005
2.426,2159.529151670085,1671.0693610750611,438.89363974873265
2.447,2098.198737214441,1690.3351946002226,406.700158421274
2.447,2249.7548248645317,1646.2616636172593,388.73051872748056
2.468,2238.8778224164007,1752.285317866655,423.7682138361366
2.469,2158.51575639207,1662.4195535971826,425.0763946510264
2.489,2035.1070890000535,1751.9186736567667,453.94701579821174
2.489,2244.126204744532,1733.7510631757157,485.0324703346878
2.511,2104.5101090959706,1849.2895566480315,462.04271823373864
2.511,2109.1491138624233,1534.4214345063256,421.56450224717776
2.532,1961.7974569785329,1684.4433274623575,414.00848421255586
2.532,2135.1928734556614,1597.8970636705276,454.7415014800713
2.553,2234.238602380173,1681.3989617307554,413.79410899496037
2.553,2106.3942833403553,1657.9889370775181,398.0081478909747
2.573,2158.9204360787553,1800.6113814657376,402.106765187232
2.573,2078.3095774693224,1776.875705587609,464.99338455822283
2.575,2085.720338056959,1733.9684168278611,390.463574331735
2.575,2050.0306330767703,1796.6412081988342,438.8150276161567
2.592,1981.8395786855347,1803.7037753812701,429.3953104681804
2.592,2170.080154475389,1777.873827079776,434.91021528920413
2.614,2062.0004129027066,1747.1656484880587,453.23007861298606
2.614,2076.917088402373,1653.3573226828025,416.4827870032542
2.636,1997.2212022813087,1751.3981497784853,437.9973741194767
2.636,2110.7293858446396,1906.2306529746697,385.91001936530245
2.655,2114.5041327723493,1799.3061308363203,422.02317288007185
2.655,1966.3860083315333,1630.0632610120736,430.08377543306017
2.676,2033.248090849848,1574.9022607152494,448.3788503506314
2.676,2254.5776044084982,1637.9205852674456,426.9869313427971
2.696,2204.7311235049424,1561.076207687518,423.9558718707116
2.696,2027.9760737190552,1606.6555470110993,397.40804945162563
2.718,2209.3174950884045,1708.5693666343,448.8165446480529
2.718,1983.9235940487374,1701.1145262343155,405.78310719133526
2.738,2263.6055976912257,1826.316572514709,442.0797097223249
2.738,2515.9481352200733,1746.0974040893923,442.06406167887843
2.738,2018.8680115468544,1736.6860147581983,387.2136852964752
2.738,2111.8016039324584,1687.2377959503763,425.34282785560487
2.759,2113.7896543054126,1879.304563778876,480.8122044242375
2.759,2178.869076634563,1745.6735329629203,451.7941169081843
2.78,2021.9581496597152,1792.8310308961243,419.02832012577187
2.78,2101.9146741218997,1732.798224423237,431.0951857212722
2.801,2295.8611963062467,1870.8096055802182,405.2464200166901
2.801,2053.641275488852,1473.2148120030324,434.1193590973526
2.822,2190.189391201592,1706.7750025165049,425.51367068546176
2.822,1989.4833924778354,1909.5870806665562,473.3373974091246
2.842,2198.320776882618,1559.3369391584283,436.73095896085687
2.842,2279.290529475057,1792.2654113297351,427.4446059336862
2.863,2111.0715131129286,1662.9224186477675,451.51514074414894
2.863,2163.8201552239957,1772.4818657384185,398.53320178043737
2.884,2205.680845911678,1770.415597181749,426.9234760370989
2.884,1989.5781498640067,1745.1779716200012,458.1021425216984
2.904,1983.8624468917176,1770.6421879876384,421.74596520045844
2.905,1981.979620146589,1616.550450119525,414.3783174528434
2.905,2179.8647184008014,1686.135216996036,435.1721051522273
2.905,2303.4082120763755,1754.0202199574337,397.8804079652202
2.927,2041.2099658192978,1867.8018667965857,395.5375092112222
2.927,2107.7259951448646,1746.1949567143909,409.2134083704583
2.949,2099.775424395213,1816.3268444305452,451.6435844572221
2.949,1987.4023655260896,1510.9241804153612,435.33761507457683
2.969,1914.5989562319978,1659.4258005375414,423.90655028501607
2.969,2292.03370676702,1662.1927325594909,478.3489175072474
2.989,2173.9230992584444,1653.004771166041,460.37204339987983
2.989,2048.5044353756043,1725.1416328152193,403.0835380537872
3.01,2181.471947339682,1815.6631926617986,447.5462846762401
3.01,2154.0379932450596,1787.6108016351934,445.3300758166722
3.03,2143.6749590853706,1804.3177202588638,456.716424254288
3.03,2190.8551261619336,1765.1324495222234,429.8503979772644
3.051,2052.553420051586,1669.4462832146069,439.0308996459438
3.051,1834.3615420161009,1679.377866488618,418.2980666136213
3.075,2033.074199163784,1607.088061954876,402.73278018622597
3.075,2057.25957087797,1719.4075087448102,475.80542542832194
3.075,2096.9047913216596,1616.75746505917,446.4527483347419
3.075,1994.061672168548,1666.1571912439547,454.48520134962183
3.097,2275.4096532129784,1655.033644560225,477.9720998418585
3.097,2140.2563803274998,1743.169398614049,438.16959851296366
3.117,1756.110144875705,1894.5105288804675,398.3709190158194
3.117,2282.8440866162364,1758.313686565899,408.0125912747876
3.139,2245.7024334285957,1594.8632628391736,432.1936197232852
3.139,2055.6320496290973,1542.8040764489501,424.025801893926
3.16,1990.8431126377309,1628.9482636622315,420.47165007007874
3.16,2170.204551006557,1754.6016200246916,427.550410434201
3.18,1970.2319163891598,1685.6004351896556,463.48126137566044
3.18,2127.000919804044,1695.5426861021078,424.59572151604794
3.202,2012.3563738465273,1530.932309484354,457.5967126233417
3.202,2264.109199940741,1777.6853796460996,451.17035957343484
3.246,2070.0359887995187,1752.7967712176412,422.3823389481652
3.246,2114.196079256521,1749.851023791561,402.6768899787444
3.247,2077.6895460197775,1707.7613687831038,434.4252455332106
3.247,2234.4427085143643,1676.8970575837318,432.11018966954737
3.247,2180.3178628181017,1761.378272407245,430.4923504732356
3.247,2185.3378962211696,1812.8181907077192,439.78140449508794
3.267,2161.462850511294,1776.627780845579,381.6626044426474
3.267,2033.6269306588274,1766.693900465048,417.42339729989175
3.287,2305.6088707696294,1778.9389582307804,418.03416357653475
3.287,2152.6563155260224,1613.3522762494733,437.15121188626506
3.307,2087.3531251890004,1650.2035420466261,466.6808061650104
3.308,2102.843137227229,1585.4483519702933,467.22249125111307
3.328,1798.0071699386583,1632.6651033219941,455.99468393500945
3.328,1981.1349131222432,1670.4092766467938,411.7892144776032
3.349,2036.4999100279317,1699.509719538789,418.1420437042701
3.349,2159.1053609156957,1756.6725939772978,457.13482042043177
3.37,2039.0949289806058,1764.9690412661414,437.87088054012366
3.37,2222.252376377158,1746.1251875672363,415.76668407515876
3.39,2245.4040475534757,1669.8183332122653,477.07920183631154
3.39,2154.5255079600283,1747.234495178689,442.458518427831
3.411,2082.225017153837,1641.386025683475,436.78882689560584
3.411,2242.085846040943,1663.5251259397241,391.4510425204253
3.412,2269.794782992445,1786.8047354471346,434.7612670938577
3.412,2039.5391902972242,1721.0571734477762,405.5178461484893
3.433,2003.357853028846,1674.356251245482,456.7054347757524
3.433,1945.6553473807483,1800.0995131527789,452.079716541183
3.453,2057.276602501222,1743.6901669135611,420.16108045263206
3.453,2068.8026573160637,1693.6102050906322,442.1437458494357
3.475,2231.55863593015,1723.4969719949029,440.90880789442383
3.475,2149.8253459904454,1774.6494670588427,428.2947133342959
3.495,2309.698571031722,1749.3572551408668,425.47055288850567
3.495,2017.4029043307144,1664.423779757925,426.97866333288573
3.515,1974.994813864478,1507.8663403346634,462.99746497740273
3.515,2327.830070254777,1681.8978676732606,434.51137854293717
3.536,2120.3571408161633,1709.7781485276978,447.6666167077498
3.536,2162.41218145532,1558.975117842618,398.054819581431
3.558,2161.797426019087,1658.4710803997368,468.8272610956864
3.558,2041.4065684238976,1779.7922374311634,398.06357445260363
3.578,2135.7795042985213,1681.0914605398223,416.82916256210035
3.578,2040.012787528617,1833.2608069363478,377.7275165928549
3.578,2042.473742090399,1939.674694261816,439.5614672507469
3.578,2117.8860057668576,1709.7256908535487,415.233339095022
3.598,2249.1575363452675,1689.4858839111407,414.7509359358128
3.599,2225.7215160803653,1872.5606157495934,442.41152254043726
3.62,2084.85683860594,1820.1091377259856,380.45543839307953
3.62,2030.1118367095435,1629.1696539087072,432.7201055838657
3.639,2092.139850285822,1670.3995180807578,401.58020727610585
3.639,2034.4394224485495,1738.4498608544218,406.6490244919978
3.661,2082.7009107436284,1639.2654451716373,451.26045184609353
3.661,2222.747737919616,1682.0888103926022,450.118273310412
3.681,2018.5918195822842,1763.9568988554404,465.6768129302594
3.681,2102.6871164167937,1862.4382112889382,467.1772037701372
3.701,2249.806566759233,1732.838440800779,468.6733022471807
3.701,1866.4223463225794,1913.3531102383577,446.1837399675028
3.724,2029.399606858128,1680.2540001632349,432.6381796453565
3.724,2086.8559547205045,1728.5943171234278,437.6275884539556
3.746,2013.6671132953702,1690.1898598421026,460.7547479672671
3.746,1994.4321616310388,1607.9122087315984,406.5276747590927
3.747,2031.6915106043887,1713.294709126783,385.76759282979776
3.747,2187.1559159834233,1787.1969375704248,416.95268065223064
3.767,1991.0538681158293,1751.078856102494,414.3624770855916
3.767,2254.1402396377307,1858.3581924150187,413.5225787159913
3.787,2119.3613392429,1779.9871754606422,449.0136198878774
3.787,2001.794953193953,1791.4974060509971,456.5896525684161
3.807,2048.184537796861,1765.3963374191717,438.25108873949307
3.807,2217.679026326486,1691.0881087458697,400.24109620789176
3.828,2256.9105846758753,1648.3603909335538,450.57213025529444
3.828,2154.1106059957992,1667.1830735209926,419.04847709731155
3.849,2072.984468790793,1807.4237992465025,421.0324321468312
3.85,2095.335868973659,1833.2474142568776,463.1785229543459
3.87,2181.0470105212953,1726.019208727953,429.34468765907224
3.87,2076.639563887602,1745.5350470338815,442.7682836785863
3.892,2011.9531648863308,1498.6843465419586,480.8918764139513
3.892,2066.4946072603325,1745.5856106309302,484.8179485037968
3.916,2400.461144309267,1712.4886873968762,451.00178394342595
3.916,2129.3100142818375,1786.826508773772,444.66356783831435
3.917,1880.2824854332591,1870.5261523627357,436.20435499492163
3.917,2062.303542284634,1742.512992582986,443.0715572312188
3.956,2217.7696978866493,1662.695863554893,419.77909220627225
3.956,2106.6917445829217,1422.9566505552657,420.5116951754123
3.956,2016.2560658558466,1798.8153190935811,432.5692771632291
3.956,2346.1298108236065,1567.972184364177,417.18870349479795
3.974,2148.5239657318243,1769.0851757084506,464.79120393720103
3.974,1964.5240586393422,1788.648508717838,430.78695676578394
3.995,2109.2581552251886,1649.08044210266,459.6894190879106
3.995,2373.6093754811955,1739.6169065003069,452.33529971557834
4.016,2239.5058877711417,1689.297812628912,435.56728241651115
4.016,2287.5461238469625,1648.4536352361886,410.72934438930093
4.038,1976.6778068211959,1647.4244948587232,404.4965201042779
4.038,2131.7277699191563,1523.6799625118776,436.88577360079154
4.059,1889.6435323867854,1749.1070051027223,443.45387715536026
4.059,1898.8422030305767,1736.6157772009046,449.9370442076464
4.078,2154.075606261431,1707.207669600553,407.41181260182435
4.079,2086.5147391164855,1600.868202795887,414.36642592368827
4.079,2076.1155561592786,1764.3376625777107,407.9939260352569
4.079,2201.202028654226,1671.0490601920385,428.56575749539667
4.1,2062.330932736295,1685.5923393525113,431.4340245021356
4.1,1966.8122107214767,1884.8351176178533,430.1973646315057
4.12,2042.8246372307458,1716.0015974232858,424.101462460916
4.12,2035.373076524838,1771.126590798715,398.33832768737057
4.141,2367.0732592988707,1726.1253931887054,403.603335339856
4.141,1946.1260469638203,1733.5468578307448,416.45300387537156
4.162,2149.5793705846027,1818.0231590322387,465.64557614170695
4.162,1795.4472063399012,1769.3470717344453,408.843668835588
4.183,2129.5025224325486,1774.3702816540958,429.01127965229034
4.183,2133.902883742987,1960.836534776458,420.54542482421476
4.203,2116.662335315216,1754.3681635314588,457.82000161665627
4.203,2083.47321497422,1647.2086616710264,418.33225612782167
4.224,2228.3618512936073,1747.6753660329555,390.9199399532896
4.224,2249.2094242801977,1700.3335932133873,461.5869568553489
4.245,2273.1955541593916,1718.491791743305,448.4736332706535
4.245,1984.895090106183,1622.9294531516543,449.95150549822114
4.245,1965.4650166331849,1804.0081256232581,433.84747322889893
4.245,2212.078916395597,1710.2035617938684,415.57475413378336
4.265,2206.687623689751,1609.4252352710523,435.0846851692432
4.265,1795.6713561737442,1754.7739522073427,442.2717297486357
4.286,2087.4679663795623,1842.7878562890016,410.6012489861133
4.286,2042.561861517866,1750.1790716320313,429.03883920532985
4.308,2138.7420510660404,1713.6721302043964,417.7480890604959
4.308,1902.3889366112924,1643.9455535697834,421.6622010330374
4.328,2260.6648923902517,1724.9633529185871,460.34669788559825
4.328,2359.3899490469994,1586.1795127611554,469.14299429646405
4.351,2110.183792429724,1944.136710958189,411.44812662706505
4.351,1753.637257367549,1703.0874669719449,446.35064852316214
4.37,2032.5902282292561,1778.3825699354613,441.3460441569297
4.37,2020.235893660535,1809.9625010097388,425.6999111697896
4.391,2225.9167972352625,1797.2490160332484,434.3333520403501
4.391,2162.398426651931,1923.6861290617258,378.4554411460415
4.412,2311.1050817432347,1638.401322895201,407.477857123177
4.412,1921.8096283170944,1676.8823198996372,462.0541896781734
4.412,2017.1347019724005,1966.3380435269185,442.82155198886835
4.412,2174.3665341719657,1809.6900761715808,414.1685825382453
4.432,2196.4486330776676,1658.0688893892652,468.9628103081807
4.432,1979.35245904522,1485.379137789037,435.222735857149
4.454,2124.3545342599405,1678.8830128053382,448.86404815445655
4.454,2261.4222005076863,1753.4414165817914,398.402011539361
4.475,1946.9721676615743,1695.0574951560116,442.88861382913365
4.475,2140.7760214745354,1744.3814309380284,441.4251472419584
4.495,2266.7641670035587,1652.7194973215844,434.52089885767464
4.495,2327.3169547108087,1616.0942903293098,426.31158454203666
4.517,2040.55821582326,1740.2502988989957,404.08074795427103
4.517,2105.6884371477845,1808.5333736171456,455.8337209882752
4.537,2147.573358350919,1777.8871660524867,442.1928834989318
4.537,2365.9175551516955,1668.0006246806638,426.9878533190789
4.557,2175.4029925883433,1849.7964331019375,420.01957793404756
4.557,2110.0160082368707,1764.2247645481941,440.46526866689635
4.578,2203.0093761005874,1586.1595067053677,448.950512407314
4.578,2133.8403375031808,1534.8339153633233,422.1428801612377
4.578,1997.447673150402,1672.914682463345,461.5666108378515
4.578,2183.711698608551,1638.5932790586592,373.64155078454934
4.598,2304.748614241972,1586.6624192623021,409.59196704052727
4.598,2159.007067955999,1627.7747196611208,458.4212141173093
4.62,2059.912470079428,1695.9199390823899,400.4921696776052
4.62,2155.036397250458,1532.6116200644208,436.6850939830526
4.643,1980.9364010492627,1633.8125045735733,442.3257299529269
4.643,2308.5371328800343,1729.4470179606074,422.3835565717747
4.662,2146.35741360452,1708.0992980784354,423.60078808089537
4.662,2137.770940533458,1708.7560534794168,431.73260908311073
4.683,2123.978854429194,1754.6540805062884,438.08646099281975
4.683,2306.080779112494,1738.304269470004,390.5659584890105
4.703,1980.484213926573,1723.3820828982246,441.25768099386664
4.703,2117.139685436381,1865.215666317698,418.9292826342546
4.723,1940.4505496604677,1739.508603157795,402.6895332256372
4.723,2256.629754435914,1672.4365192419818,405.72189700877544
4.766,2144.485530275785,1719.850109832135,477.01421809671234
4.766,2049.702963055706,1679.911597227347,445.40778027568615
4.766,2068.1788350996,1757.4885927068055,437.04289824064637
4.766,2112.7922893817577,1664.9348746600374,474.5640082874282
4.767,2183.225212851036,1757.199876842615,436.9037218677538
4.767,2012.5888117731124,1722.5205682146013,414.0684273313573
4.785,2031.198826389747,1761.0252792189485,455.7195450821339
4.785,2250.6877055163104,1781.9230745610425,431.2437348181118
4.806,1948.6714518988565,1579.4895987589023,394.2815345120737
4.807,2254.319368035499,1604.4406630049466,410.6853383699925
4.827,2171.088038471097,1752.9479863765673,440.17606679283637
4.827,2084.4024378691897,1744.5511144078346,416.6452471421554
4.848,2140.2519430785464,1680.104928337545,447.3524388018601
4.848,2337.352765417496,1650.0134030304407,438.9029057731539
4.868,2035.3149769994902,1860.2033612135863,409.9943372249249
4.868,1998.978857392835,1595.0543246533935,413.05319469101687
4.891,2140.8065126044853,1697.549108591182,423.11662228447426
4.891,2226.1353350261256,2031.4205861727546,428.176899467904
4.911,1883.8551102753056,1729.6341840463122,381.80729436284514
4.911,2204.5010834512573,1734.0582625710213,398.301340272834
4.912,2119.3992405134773,1736.8349469213572,425.0139438240421
4.912,1998.0026058779467,1450.7050536296942,417.11496993217236
4.952,2138.0436938765024,1750.0851040144232,448.20861990551987
4.952,2169.127062731165,1645.6609692607567,424.67190269660716
4.952,2257.0694110042245,1658.3459695906229,398.5230267482491
4.954,2060.01257660626,1592.3664748987262,427.52474566061846
4.973,2077.9283125036764,1595.6239418279047,479.62586069865233
4.974,2184.0329459352465,1909.1117948417389,451.5208467041234
4.996,2229.461986027707,1837.2340706597224,423.6195807103006
4.996,1954.3820079501643,1893.4173576584826,429.8805660941834
5.016,1829.8819991407627,1730.666096799045,469.445614657009
5.016,2182.5969333433904,1642.7221654217171,436.6288733515521
5.037,2036.0812834968021,1503.5032391618352,419.65950685334593
5.037,2003.2499112995372,1581.882477927484,443.3178648424324
5.057,2087.819564582287,1823.4639985697997,411.08263464698456
5.057,2104.370876785648,1637.6208924843402,417.42984812334646
5.079,2125.6773616993396,1647.165085466673,421.27895598950926
5.079,2035.6194619851046,1672.0949734808355,407.4819550945799
5.079,2002.1922765123982,1740.8489391572293,396.20151434495
5.079,2190.908741103331,1691.8413373838678,455.7140434598716
5.099,2053.429879991424,1631.821268258065,425.85022934297797
5.099,2256.2219104856335,1593.7279269761498,404.77816182332947
5.142,2081.121659378631,1698.5939822856728,501.12158516716374
5.142,2275.247289017678,1746.589870360889,414.65472578453614
5.142,1994.204466740693,1634.82965905937,402.96357194920364
5.143,1954.3656331483064,1633.3732505835887,425.35921591011567
5.162,2077.403197342439,1823.828650245344,443.04364766255327
5.162,2121.3562557614105,1667.361648211173,377.870176192757
5.183,2151.7834133120073,1740.1921093564786,415.9810287549435
5.183,2224.3027789854214,1697.5283843801649,378.57607130640804
5.204,2137.181199337467,1580.9879904251245,437.6283623613412
5.204,2203.9270512595463,1659.7841991999903,466.4003189910006
5.225,2202.9859577373895,1685.4386176278679,416.9809166888178
5.225,2261.2652805264815,1586.264846564576,462.2847929346371
5.247,2263.913030065822,1705.7946395090883,438.6934361873394
5.247,2156.879793329821,1804.2074665131736,415.1749140704821
5.247,2327.2570993980303,1786.8185564118476,423.73671004021196
5.248,1870.2198315139537,1576.1828162689753,433.02679237861366
5.266,2090.0667157883972,1729.7804937104556,428.57699776297034
5.266,2118.4691778759816,1686.4747650633503,465.19100140267193
5.288,2096.6335940816502,1655.1025866822972,460.72069971299874
5.288,2433.1131683150434,1806.3291910668495,473.10071826153387
5.308,2078.239542323665,1755.5011189254737,434.0903461728992
5.308,2030.91134731997,1713.6564709451743,374.92019590720474
5.329,1957.1592790572702,1613.6554752490779,470.6241186175584
5.33,1872.8059315337377,1719.167230216078,434.3149062171686
5.35,1918.1902141110602,1725.8257125448683,444.7746237189983
5.35,1961.9926533922387,1633.483160746925,431.8317894113808
5.371,2230.9044659616084,1795.9205434373232,449.31230270957684
5.371,2011.8802695887493,1691.0108325212964,434.3712144716437
5.393,2195.9734238847595,1903.0111446497997,386.93498661483085
5.393,2158.6570462137715,1749.3333927221936,467.43648402056834
5.409,2295.035710653839,1766.092442980249,431.7054752467416
5.41,2116.544779553729,1912.220659096287,437.0847675652529
5.41,2088.882244579768,1897.4002134002485,442.54919419275916
5.41,2211.9993638060696,1682.9836694634887,388.3921393046822
5.43,2051.348592465629,1784.1379885310657,442.8808514652126
5.43,2117.3261200082397,1793.6325716900674,462.3722360178061
5.453,2194.3521353963743,1804.0557985731348,441.707303510011
5.454,2040.9783347287814,1783.4018983611697,412.1271544761492
5.473,2158.1420132358217,1765.0284738598637,424.8184700060133
5.473,1897.8229857892566,1796.8871332651995,471.3087594764022
5.494,2002.0028751980385,1942.234568911565,413.8947088814222
5.495,2058.8869976946044,1652.2571387166695,412.5528603711932
5.517,2177.5724850686847,1698.1950977823114,418.49694069967967
5.517,2256.84184236922,1785.1379382524433,440.01814011197706
5.536,2263.038437767716,1886.5212461074111,420.2756823202616
5.536,2126.202651787644,1803.9880309860184,401.5587791525933
5.557,2142.9909001152078,1857.9796794891984,412.10832906631276
5.557,2106.587338458836,1856.2139099086344,423.22680374048855
5.578,2182.5982642151694,1795.5965406193307,407.8960144512928
5.578,2299.525856273933,1638.1366673709226,441.53579842727504
5.578,2230.2115921472073,1627.7310163758834,453.6139364790413
5.578,2108.7775593311817,1746.8502025984978,455.9346073208195
5.6,2023.2122693467038,1804.7197080705841,468.4101875563155
5.6,2078.523705564846,1936.5821926986596,424.72922851640624
5.621,2197.554574887268,1873.7596621309037,384.44238045638565
5.621,2207.730402895559,1780.427156786066,439.7429667324556
5.641,1945.914318860528,1845.2632669705017,459.74091607078924
5.641,2187.8523238389566,1731.4258495002448,427.39256832867056
5.662,1931.409125704231,1951.2366567398117,416.8853220307918
5.662,2074.1786947106134,1911.625917963238,400.60907880792524
5.682,2208.934559755088,1822.6460724290575,388.4279150271486
5.682,2029.2488399211572,1872.0219369122208,424.42203194240244
5.704,2195.923641042973,1753.7574680848068,401.60447257713304
5.704,2101.827108440934,1960.45367537831,424.8655465750648
5.724,2031.8961294621784,1761.2190973911647,420.16874721517706
5.724,2186.172759355584,1857.7435479362678,443.6954447140443
5.744,2185.9996920900157,2077.564454958664,466.9865583654043
5.744,2275.51342666621,1785.613516369286,431.2899627990176
5.745,2061.454388638314,1939.4174239942222,394.53359772907754
5.745,2226.4079540435914,1946.323109263317,421.9419355733414
5.765,2156.4978276930483,2043.1080881195794,401.61869720348
5.765,2287.3013234808514,1919.1658736919242,432.04530475413947
5.806,2104.2389170046135,1854.5973098279107,450.47769351318874
5.806,1916.908713799105,2016.198927306728,418.15267847213744
5.806,2188.258737498511,2018.7202717513394,440.128937516346
5.806,1941.2201369352765,2027.6362157260294,419.7370923929315
5.827,2281.2833546428706,1864.578291484193,419.93124179229534
5.827,1808.302154047795,1932.1933635133257,421.32662832338974
5.848,2047.4206333336165,1963.1819293869053,419.14940266080987
5.848,2196.0247066152124,1830.1934177309754,469.30913511854175
5.868,2102.163185748898,2003.7611797071547,455.17637443507067
5.868,2063.6465546286177,1773.5161930873146,354.5079699726477
5.889,2104.464873259758,1958.1163692007133,395.74312002914934
5.889,2032.4726217206849,1927.4920952073037,422.57580829468526
5.909,2112.145594742216,1959.302511943148,419.9039794917571
5.909,2346.837835431838,2039.3304677243364,406.6476456864968
5.909,2151.4697180232283,1963.5069107414963,413.0967060260777
5.909,2091.4299747320597,2005.1254218468207,390.9616085254965
5.93,2217.2970643671943,2014.8584775905042,437.1806313942228
5.93,2146.5386266683563,1947.8854369626906,439.0539306413918
5.951,2019.3463116072487,1715.1192213761435,456.7174869244483
5.951,2190.824919482168,2023.7766325882262,443.7411611983755
5.97,2225.2165809421226,1980.408682721801,421.3671522780432
5.97,2008.1882832848462,1871.719834247594,415.98165521415996
5.99,2392.9159372652502,1926.6355211049724,447.21289273620624
5.991,2177.50851959706,1852.563915887689,426.28236603126567
6.012,2009.0152441238072,1908.9058927918752,410.7233724310566
6.012,2290.3895249511606,1998.7700751079713,441.9145470635898
6.034,2117.420112771722,1910.1375113450501,426.85229302528603
6.034,2167.7467072245795,2060.1801471069703,407.51087331743577
6.054,2051.8694175275828,2085.8860584185772,410.98409859810704
6.054,2166.613814370545,1850.4779538373675,467.513738326601
6.075,2202.909450020957,1893.2519855557382,400.30830476893436
6.075,2106.7950813418806,1816.9451942139635,439.45276679027046
6.075,2003.1010636077258,1857.368167175417,429.80615307478854
6.075,2041.516569653183,1875.3292347177028,457.15189758635165
6.096,2118.7886217558926,1964.664394419434,441.07460111062636
6.096,2123.09402153547,2006.0984335526398,397.79267447818177
6.117,2315.8057684762157,2100.637612588219,407.15472836254804
6.117,2053.3555189035283,1868.5376894810893,422.6885595252558
6.138,2296.867926993746,1902.1022200922143,398.0601060433952
6.138,2136.9497724143876,1925.298088580633,439.7115243384973
6.158,2162.868357936013,2165.214057685213,441.48360439274865
6.158,2045.940257839692,2027.9921485993266,450.7771028381821
6.18,2299.38711175953,1971.2029575276279,402.952488373203
6.18,2380.0648313576025,1907.8432938137819,457.975205248375
6.201,2220.170000412929,2054.6862998599345,438.70388773889414
6.201,2112.6239298503474,2092.724768919252,435.92301117451666
6.223,2128.100180921997,1943.473908134104,461.33383762914673
6.223,1938.13733088779,2147.2995768701053,444.96090979701677
6.243,1961.4926790739557,2043.5934801471135,384.82423413430683
6.244,2340.830933705063,2091.0675379496515,431.01705701902927
6.244,2017.1562996010884,2148.858417181688,442.26835656331264
6.244,2117.8747927649547,2059.0262665543673,420.2517491062329
6.264,2365.5053423023987,1864.6289318613499,466.9514130376688
6.264,2125.632781795723,1988.6656765802397,403.6970250646669
6.284,2107.023236753226,2038.777607523223,445.9092594792296
6.284,2086.7187812974607,2083.9398303743087,401.58080019078415
6.308,2130.5903773957107,2035.4257149501,471.01136832611974
6.308,2225.039306235857,1973.8507087372084,435.16257833697154
6.326,2178.1731130314283,1987.517663620103,405.938116495426
6.326,2177.5595335521302,2065.952075742658,457.7900498622827
6.347,2079.8003154408216,2111.702468216014,460.4097503281847
6.347,2172.931705555989,2038.0285466803605,401.1273102873033
6.368,2062.230419527657,1930.5677186659352,443.576362457916
6.368,2320.344561782116,2213.1178299068274,372.8825252054922
6.388,2334.5170015973617,2026.3379427707955,402.25629232339566
6.388,2162.3108191597294,1939.0069164188171,421.0583735464452
6.409,2248.7453454043093,1877.9684505874516,441.60736999103784
6.409,2081.7139261632833,2005.1990686579177,492.9472595879216
6.409,2113.448435606365,2174.5957536024225,438.78409032107663
6.409,2096.9040274299896,2010.5176560596185,468.63011058168485
6.43,2186.751094044578,2064.9702816534837,402.80343004849976
6.43,2210.489270638595,2137.984079456729,440.4693297081258
6.472,2079.953904883646,2017.0423029830179,408.5881757688638
6.472,2251.8228595117675,1907.4785407519082,452.09650934470824
6.472,2081.582233726179,1827.509973328443,392.5279714042306
6.472,2063.1811856444674,1969.0141372642877,401.38937423481735
6.493,2129.0724030973415,2023.0940634640301,408.70206586769865
6.493,2291.5181916674605,2115.0717294695532,370.98761664418817
6.513,2092.1415304982024,2039.8423733308223,418.54879164091756
6.513,2212.1611147406466,2032.3111538529772,425.8922083656165
6.534,2305.7365760952066,2045.0958215355895,474.0891824500378
6.534,2256.353933003403,1969.2441498489072,453.63583078485726
6.555,2141.4717620405504,1807.2658321177057,484.3965741536979
6.555,2118.286174655801,2083.212507205498,446.98913795663367
6.577,2058.978473075111,2102.2891077051686,491.80383453938293
6.577,2150.8499542466743,2037.5570953079184,426.1255725889172
6.578,1901.96294010775,2151.621213209336,416.9649202121251
6.578,2280.1306173622825,2117.0236823739624,412.1443698246618
6.597,2166.371754820824,1969.5842775971353,421.26758516614115
6.597,1926.4074922862396,1865.978631307148,426.773877148716
6.617,2147.1001238413924,2035.4466379931034,416.3604551839413
6.617,2063.94998537097,1969.749241542249,400.9957544170144
6.637,2035.0921298260946,2153.956133306872,435.2308741733391
6.638,2039.996853402237,1992.4036499104145,408.5765539832561
6.659,2153.342129431629,2103.4652029588715,399.628723117203
6.659,2244.192905190923,1900.8931570117538,385.88943300525005
6.679,1990.0084505360023,1698.6759789303567,418.4192351025291
6.679,2415.5955572294492,1857.1037128277776,417.70736359933034
6.702,2261.6421253904336,1888.7461063630228,476.392563201379
6.702,2355.2129951727597,2129.1889503545617,414.098033985292
6.72,2190.1371188786534,2017.2337045580662,470.3564563779033
6.72,2006.205719236911,1822.3806983066263,449.66717800406207
6.741,2119.7259392609544,1960.662703638766,402.82876106279554
6.741,2123.2432001385946,2002.4537320431607,399.83314994994413
6.741,2189.511737996038,2019.3730796830173,409.3369497181963
6.741,2083.380021425813,1846.8666404011583,452.59458359168104
6.764,2183.381061766082,1801.4305511064363,417.81230988750184
6.764,1982.9871581929642,2162.237874687309,397.0169885362641
6.782,2126.1283648535286,2078.8599437879816,437.507140993286
6.783,2138.5970140614054,2133.5328076621918,427.65614493733216
6.804,2058.6881734217313,1941.344695747942,468.8023095613556
6.804,2234.6100869772636,2123.768113287322,448.16303458016586
6.826,2133.507188879466,2047.1285824493093,468.38411030754287
6.826,2134.0251492583693,2039.2922010295779,369.1442581924998
6.846,2031.9388672001546,1768.7140984052328,415.07517075563
6.846,2066.1664309601056,2097.2571619309865,436.31348380340586
6.866,2233.7077130837897,2071.0763748021795,420.7384146235385
6.866,2068.890122662157,2008.2333902563148,386.40024090954256
6.887,2104.5125389509403,1992.6301062281605,407.32146480065404
6.887,2300.9644640356514,2054.850797695966,437.11207551829585
6.907,2262.8353488028797,1865.5986396957783,444.33299210272037
6.907,1914.5577305083825,2172.091079060193,405.73033239610083
6.907,2175.613858948919,2024.8011658703776,440.63743648166724
6.908,2113.4388954215374,1771.769094176939,451.9935025527834
6.928,2143.991652688033,2129.3836966069957,405.3867846213837
6.928,1988.9558952947948,1996.1240587781679,500.39025832707716
6.948,2143.517484240509,2174.0041360201276,434.603611665158
6.948,2382.592873291861,1889.8083834884528,378.5484963546213
6.968,2155.501493661772,2068.223697170112,414.3446236311421
6.968,2194.021554798685,2088.678334676582,437.06134823905506
6.992,2076.590369736015,2080.8739016985196,454.6624172577627
6.992,2309.3053377206807,2040.4476851874856,415.28186680062606
7.033,1999.7261500742698,2010.025509368333,438.3928683008882
7.033,2076.976196115581,1967.4926760478918,437.25479248973954
7.033,2028.5914561529673,2049.282304513478,449.3391166772523
7.033,1978.9855032320945,2203.6530313747503,439.1107109005657
7.054,2205.5814868140997,2014.1584225235704,452.28597765151096
7.054,1953.5190572826943,1911.9046622016492,446.6661813808486
7.077,2072.2212624710814,1861.3691147949144,421.97118359078644
7.077,2082.277764420701,2026.282561198166,397.0989288268463
7.077,2101.606329967625,2016.9826115364488,408.32579109711145
7.077,2289.704797836692,2109.6988195653257,395.45784475917003
7.097,2339.3978160754646,1936.3372279848838,414.51918134860483
7.097,2323.7630223956535,2011.9515588388597,424.6561402778569
7.117,2164.1292104686936,2127.829445484517,463.95918329612994
7.117,2245.1897353046807,2074.761011086232,436.6388797609727
7.137,2045.859700525535,1977.448407634288,452.1724137942557
7.138,2167.3669227673827,2011.3498900599313,363.519161166067
7.159,2150.415403443473,1848.8439303554353,400.1855138662576
7.159,2123.8452410041286,2022.6174774297933,400.7810187119664
7.179,2232.018343267211,2004.4364731149208,398.09928861954825
7.179,2204.858333818345,2052.8835104369778,421.85281494783334
7.201,2091.499796429846,2013.642452995189,378.8499464654275
7.201,2098.9808424013213,2043.224161557684,379.92341120994377
7.223,2136.3990018786085,2134.248639320357,393.0776609140396
7.223,2188.058300185413,2067.613536347749,431.6749221697354
7.243,2151.4762237733426,2064.101154496555,404.76202968014326
7.243,2008.737038336582,2118.206100260401,414.19760093637404
7.243,2040.9779914225585,1920.7908029775015,411.7800750331298
7.243,2206.5843129451155,2048.6331093912086,454.57391549891594
7.264,2074.815356202873,1954.3928949105182,475.03940609211173
7.264,2155.8721322604997,1989.9505404713839,457.66605518385677
7.285,2182.03799294741,2203.3513805719062,528.9872871862929
7.285,2001.1115967667374,2253.976911811738,471.0252995615947
7.306,2178.8571341833594,2016.2113647010035,411.092228398565
7.306,1966.4698910058694,2021.1176940202313,389.2149786081451
7.322,2136.7335040706475,1972.8945062240361,383.7822579825727
7.323,2138.7637592730202,1979.3786436665619,362.2930325725364
7.344,2096.5536394599485,1977.1051887597878,399.6382806455311
7.344,2041.9513576137708,1901.6262509131661,436.2992640066289
7.364,2124.8653340216424,1921.8059457044137,439.45844184474964
7.364,2119.1863318887163,1989.2212457543058,420.96773559780337
7.386,1918.2279920458693,2099.417710332119,479.23638499871714
7.386,2063.032807424892,2074.6949883489383,399.8134645343604
7.406,2127.141636437385,2074.267832283144,396.49760988758334
7.406,2101.7642557152003,2000.5935286142021,454.57852575845595
7.407,2225.4075054395607,1945.6181673587998,424.10762547660636
7.407,2214.9967455639844,2030.04347763173,381.7416378121384
7.428,2027.0676443575844,1935.7940376964877,385.61974204916856
7.428,2227.6405251624474,2046.2369977424646,422.90259303213384
7.449,2035.611913446249,2200.621893128922,444.1094499989984
7.449,1905.4120346708603,2242.427371121377,493.0031729242251
7.468,2065.3308679607253,1924.5782004746475,495.8416483452169
7.468,1988.9945111271747,2056.779626055806,444.66788922942226
7.489,2007.3228689466803,2059.972926248278,466.77326295258587
7.489,2189.1920790909912,2059.1484556386135,421.7851436555219
7.509,2130.1565280937584,1955.524145718227,449.4364042926291
7.509,2077.531278977642,2301.653278336953,462.0075451046641
7.53,2037.8837844910856,1892.3031670995006,431.59005154736843
7.53,2364.473365646032,1958.996277597279,388.1184664878132
7.552,2246.54525778157,2038.8691365470975,438.5295262396205
7.552,2080.423495215455,2033.4747952207106,424.6247366261792
7.573,2195.887304906124,1970.6288894906925,483.13620270087927
7.573,2340.577960118128,1778.3631569010927,402.3320091016102
7.573,2334.483982912013,1879.966231344864,404.19752732483147
7.573,2041.3044257034278,2117.878054351951,414.45490687830403
7.595,2109.9693622309983,2241.038084331339,481.4685248995194
7.595,2253.235633694605,1889.6014707055292,412.1668367583441
7.615,2361.195761119126,2025.7639210442815,420.63269798304987
7.615,2231.692216597492,1922.3855791286364,437.8549506075574
7.637,2092.8175530045964,1976.8184447788037,415.1067380378047
7.637,1781.7695326205276,1904.937200964851,430.2254060398273
7.658,2166.740219926135,2242.6243640441944,438.4224349507229
7.658,2079.5569188733757,1908.8499457742084,406.7128850064987
7.678,2176.331458773143,1986.0134575024995,417.7802466993344
7.678,2130.040862025894,2014.9453511945671,379.7215976461452
7.701,2210.988078150994,2060.3877591632045,417.9745959059674
7.701,2282.5457492587766,2068.295235188385,363.01144526365033
7.722,2118.8144375708607,2058.2616185225356,425.0525851861964
7.722,2031.8808296498523,2034.6926000704077,416.7097376224674
7.743,2186.874368156972,1979.6058001770002,418.84048033874586
7.743,2207.8929540110285,2030.122701206699,456.18315286581384
7.762,2183.4770771400085,2068.721092823543,462.1807827643252
7.762,2404.4090661083505,2020.9660655989194,463.78397446039503
7.783,2143.9385732743694,1974.6104921651493,426.33313759442257
7.783,2164.927385561397,1909.03620111935,391.6929406643005
7.783,2254.0278664119282,1919.066491650189,406.108983255742
7.783,2226.109572031915,1987.3511852580705,447.63686291191937
7.805,2231.4728519759433,1849.5834925130605,405.2075673896349
7.805,2105.0316251791905,2138.703992156046,444.49000198246114
7.824,2086.7144761085065,2007.7367572305036,435.0904019713213
7.824,2141.2910348519385,2043.5112546744183,434.3061826700181
7.844,1983.895935474461,2219.6218979897167,432.31729679096867
7.844,2172.1964020014393,2119.868779736065,501.7534305279994
7.886,2094.7682487887632,2057.9242042749474,485.6085328703695
7.886,2264.471516657401,1936.45445875299,494.5861455359571
7.886,2213.9511344612565,2051.042253057409,452.7328862594436
7.886,2139.122294334004,1975.8857880216424,412.1061189731186
7.906,2112.6340309432767,2098.9072347984124,447.171192689272
7.906,2132.126390414871,1898.0341097195303,453.70411722659424
7.906,2032.5357592775215,2021.5460010438528,439.0228957089113
7.906,2163.629408606971,1907.7963470925854,432.5877074474228
7.927,2047.330750536934,1984.5902700307406,448.3407184059414
7.927,2096.715170860629,1892.711369596941,426.00197699025125
7.948,2076.3644690315737,1926.2433738999596,400.8892724671814
7.948,2133.46659560411,2070.566586054187,430.64779567447033
7.968,2230.414976516847,2060.421780681117,488.0781645628
7.968,2098.406369761865,1998.9942947193879,365.21890896086364
7.99,2272.0895344125197,1894.0400036880046,365.6005531491406
7.99,2094.62940555064,2081.265344167204,440.60095060974595
8.011,2086.379993004435,1868.2918996507397,446.5019169916803
8.012,1971.8164929736604,1985.8415901451249,449.0331685952945
8.033,2063.7529075011475,2004.8029885136048,397.00111372712286
8.033,2086.7421613045367,2061.7554230336254,343.3767752910361
8.054,2022.979318471882,2021.6313424424638,407.9529231955474
8.054,2192.4897059426626,1865.6224731619964,433.69644630644837
8.075,2298.232441720574,1986.5472184314897,452.1081197253502
8.075,2237.898576252908,1974.2308873850554,427.2086584027317
8.075,1937.0473621602086,2021.5858021772228,386.5600285516021
8.076,2172.992228268341,1999.4574929231019,444.5307024647159
8.096,2110.031418112989,2055.9110596393134,459.4107422883749
8.096,2209.200346116345,2111.3204816558787,462.08287100628894
8.116,1947.839949587223,1910.0691182711619,508.3889963343206
8.116,2156.5510633034705,2164.8503091969337,457.128273754805
8.138,2143.333363421883,2060.401418809452,490.8581380322955
8.138,2276.0270401857224,1960.5933425119858,419.13931847756345
8.179,2123.8839401880023,2065.444049147965,448.5528319622704
8.179,2253.476268490317,1933.7421902280064,392.25522533276853
8.179,2178.8348956246327,1960.6396742932125,432.7070383637459
8.179,1977.2302872499656,1883.8049173682612,415.3882996337527
8.198,2253.6257652230433,2132.918137955517,412.4395916697243
8.198,2029.7180418293538,1941.8660784684555,476.8442989633923
8.219,2176.4549513465317,2225.382280399466,419.8209766218377
8.219,1958.7212556170177,2055.714415609487,449.77561667059666
8.24,2330.863473395047,1859.460527412812,453.9129302381118
8.241,2208.867997454004,2014.2429968168874,415.99912048240384
8.241,2185.5906368841547,2006.3657778589284,429.44477166848225
8.241,2072.423327087514,1966.350752076042,405.9644797058547
8.261,2031.9352193034194,2068.57958978628,440.115733361055
8.261,1994.2682937065308,2010.37928098723,424.25885549130624
8.28,2142.1271954291224,2062.58881458398,428.5999618910811
8.28,2123.5767897354203,2344.1901318920072,487.3270399126127
8.301,2064.8468459115247,2199.6233756851025,447.61835214760845
8.301,2212.8999438111687,2004.4917018704816,456.46182812251675
8.321,2221.3152328577835,2035.1462130456412,441.347579987032
8.321,1882.9668737851948,1974.6917526467437,445.930330589995
8.343,2182.169808737662,1848.3466818418617,432.65050891678527
8.344,2126.731266739591,1969.4551728319998,418.7732737404323
8.362,2109.6745906911465,1990.3685861431409,424.09259129479705
8.362,1958.8464774218432,2057.2697905762,445.3006872835046
8.382,2081.0762644317397,1977.5528211961207,498.8823370327481
8.382,2245.8187991848135,2035.3834903810734,422.72781572206117
8.405,2212.4982631064713,1992.6025298750917,498.06015070536785
8.405,2461.43881392924,1938.8947297975124,489.3993936023702
8.405,2351.03874449586,1802.248217700382,472.3985965593953
8.405,2124.1774278322328,1995.0648755368304,409.5495295534502
8.425,2235.4989992097203,2021.0567785877884,395.90788299689825
8.425,2285.3416354844403,1973.9290390912388,409.9853680529408
8.446,2149.554366149786,1895.0420903839554,457.1324428745297
8.446,2097.0318833068654,2148.334752182028,449.0217254233043
8.468,2153.6404514967912,1971.9677294052556,411.8245808818409
8.468,2021.140004354933,2069.0492699574065,391.3166016158676
8.489,2006.7912360927774,2066.8291346718165,437.65962581174335
8.49,2212.3955204788354,2035.7137788619796,478.6784551645199
8.511,1896.5995720359722,1983.7895005838568,482.6415888777367
8.512,2068.6562988580818,1944.3842506220476,447.8320398858593
8.533,1897.9375357119513,2009.4050845178954,398.7029955958464
8.533,2151.8164463082035,2079.5139534540917,407.7175061260034
8.552,2110.4699675138627,2112.106638108947,462.5801212468024
8.552,2167.698565356481,2040.047235204809,416.6415183879764
8.573,2037.7724224353544,1956.700082064678,387.52720918769666
8.573,2002.8848821630136,2116.7682227335054,384.68649967728516
8.573,2140.6820906877942,2124.688465425931,442.54346509779816
8.573,2024.6027651868924,2146.746987515954,429.81714707521735
8.592,2063.186214070353,2030.6632888547535,413.4068540790569
8.592,1948.3689063311253,2142.345081399805,448.4082548489794
8.613,2294.5878364436144,2023.1364196741104,441.31531217719294
8.613,2354.043970455721,2231.095433936035,394.3425553034238
8.637,2049.911989621819,2025.1508561856622,458.60978542269334
8.637,2084.8811199475304,2193.217295574093,398.2012859160328
8.658,2206.0776052550855,2023.3009246714469,489.61090365607083
8.658,2317.866281632265,1975.5836720390964,429.8212963718503
8.679,1959.2110027603624,2033.0884040056649,429.8407177932194
8.679,2070.735063312404,2030.704788490728,444.22372526975204
8.701,2197.6711855882218,2004.4108874296246,452.91186104961355
8.701,2025.7463617873073,2003.2865329216363,397.3745549443884
8.723,2249.312510651286,2036.6068230943138,402.2119429936431
8.723,2163.4658888359872,1858.5786764768147,443.02509643401953
8.743,2326.5792377076823,2068.976952304638,442.67716169576937
8.743,2032.2691335700638,1834.824858438132,480.98228727426135
8.743,2121.1139765026173,2037.3928087349477,453.96773188145045
8.743,2108.0378322647575,2232.0058696330493,412.0323098464447
8.764,2130.381722868632,2051.775848688027,399.29504348356824
8.764,2162.893016612916,2007.247602898193,457.33886714063965
8.785,2056.3409533713234,1862.0723403716934,471.5518364729691
8.785,2145.121951919956,2104.74031610324,430.13978067565256
8.806,2229.053442740322,2052.267752857412,413.4183803061155
8.806,2063.9105041741373,1964.1645395430319,504.16135039494
8.826,2348.005930871403,1804.7716230123629,465.69939856485695
8.826,2105.7306447603773,2075.605742801452,521.7042016480625
8.847,2191.6088661350873,2056.633919233495,475.2614264274046
8.847,2022.1868741568635,2139.1199693024746,460.1683008412167
8.867,1808.5757230734005,2178.805831029185,393.9003830016914
8.867,2199.1529152210987,2104.714631641839,407.85524226689057
8.889,2260.23034780993,1798.2138607504428,432.45768761937165
8.889,2221.548674883438,2119.168305764895,422.9351974171263
8.908,2345.843384924854,2042.7519657082557,430.4415544002466
8.908,2242.612680022982,1884.9480704939103,436.17890305857844
8.928,2172.7591234078127,2157.4176115658247,420.3596637673746
8.928,2171.18496595402,2031.4037752993256,418.4328529441806
8.928,2343.478031134085,1996.2585067561042,460.9472225594826
8.928,2185.8228332065537,2021.531149700175,435.15738493323164
8.95,2207.711287593645,1942.8036373283526,382.4492471898127
8.95,2290.94522047112,1808.460468684383,389.45649176492077
8.969,2112.0983932291174,1989.857896375045,408.3499106601874
8.969,2189.8596694501366,2118.106971835943,434.9359062934789
8.991,2130.264190019278,2171.3611769423587,350.5193709281817
8.991,2028.8586150801839,2058.089305237194,354.6260634925614
9.012,2363.90978095274,2036.5338279349,419.11828459602714
9.012,2082.4339770175625,1904.674713235593,431.1603023048365
9.032,2247.7775878161983,2045.207947363159,397.6867023113086
9.032,2067.762135097835,1986.602806699641,443.3837285178319
9.053,2192.7664424315813,1901.7287254277649,469.9499955656016
9.053,2154.712778594841,2097.498887572674,423.0429879132806
9.074,2184.0482003083575,1875.250926348448,407.9548142855492
9.074,2208.5140258684987,2078.091161409105,404.6558862837582
9.074,2071.145127094929,2134.517278708199,455.4863911910927
9.074,2302.558630152417,1939.6492250655422,450.9868713554869
9.096,1853.208358462351,1981.1103459704004,391.50336506108385
9.096,2264.9809900973964,2080.4960442609945,428.50674551814683
9.118,2172.228570116111,1964.6045394445869,413.4513326457185
9.118,2282.611530903056,2096.465774384303,414.10900042595716
9.138,2059.65975164689,2102.249060698262,410.12142598402187
9.138,2359.015216416554,1994.5388709786796,432.00257107582905
9.159,1999.48394630753,2129.332363896465,404.173006663115
9.159,1928.117858587418,2070.619493760913,435.08381350146374
9.18,2088.745544966712,1960.5767590051364,433.59525268772217
9.18,2130.2735788065584,2113.4648686003284,429.9961468973781
9.201,2252.517823397299,2037.9239792953688,495.47111588593134
9.201,2215.900136749944,2098.2171980929043,435.7713895441247
9.221,1966.587442682012,2002.1626911789265,401.5292690188934
9.221,2191.980804855606,2137.7888305971933,444.52184051104416
9.245,2059.4783822556806,2025.8549451242104,431.12854131295774
9.245,2171.8822230732894,2037.1995347640104,438.70518104080895
9.245,2164.115677523549,2258.987557094384,454.63122745817503
9.245,2212.1302182196646,2069.981662491402,455.4981203833364
9.263,2162.9170195076017,2108.9347397038723,408.0708261773862
9.263,2350.9971001096837,2027.1639382364442,409.3855746706009
9.285,2298.565750721657,2020.6926698300679,451.63855917645475
9.285,2330.9172372163052,1890.6031313497244,414.44469722463947
9.305,2177.434285126926,2154.989704952155,473.1464814371838
9.305,1997.6110574489041,2096.5885414323484,455.32126353702364
9.325,2059.305993341251,2020.863367742735,449.7947940624116
9.325,2127.159640066788,2076.756316340299,475.2369262834594
9.346,2183.228117471635,2089.6426068786695,431.80539505773
9.346,2173.52417777471,1857.239791031324,470.8354706391354
9.366,2084.670833324737,1976.2642207011568,425.5803980261362
9.366,2217.141874916763,1867.5668200749396,390.8491405094887
9.388,1978.8868813998276,2120.8758442983512,443.7311134760027
9.388,2215.422170511711,2040.8944833614141,425.31863822752325
9.408,2203.02787284013,2011.7487285512457,452.69243053991437
9.408,2195.018678761105,2200.3745225835632,430.27079989820754
9.408,2262.19848660371,2105.457921696926,458.29440190071824
9.408,2162.186037040101,2119.6281510402573,416.54207435743103
9.429,2094.17049828254,2096.5446905529816,415.11670940814633
9.429,2173.750557472126,2058.006281778816,426.65936167602604
9.45,2108.8446223387914,1980.120683624156,389.3044347702784
9.45,2175.1876065707424,1935.911421089053,439.73096764860736
9.47,2231.382704301664,1933.9324849427994,407.506003047894
9.47,2048.025966628522,1971.3515237436086,454.8844435609532
9.491,2288.565501716209,1968.6444280196627,427.1469714940184
9.491,2169.3311467263875,1771.0890131526157,432.2022402629457
9.512,2298.387314573401,2056.7889693122697,423.07304884683816
9.512,2116.1923289908123,2073.339194540001,410.5520937768062
9.532,1984.5701538841042,2057.015295692863,431.5524863742368
9.532,2070.520258173387,2340.1659350993777,525.6179569585489
9.552,2054.577125956261,2041.3373400396024,450.42238646276934
9.552,2353.0237326861907,2118.4296382464295,405.5249097190248
9.573,2159.87699889476,2104.3437239781956,456.695074510123
9.573,2180.2183321056464,1921.7596813835844,439.07432447403335
9.573,2307.7682028513887,2061.7395003898323,483.8056738773816
9.574,2096.7721090456353,1996.7308394370486,469.28976471896596
9.593,2205.272845441241,2121.160176745505,434.2622745191258
9.593,2204.314484763194,2016.322751171599,410.63279336195717
9.616,2082.769879230776,1876.4753534337337,397.7604761720723
9.616,2186.0165933216394,2052.092780393797,416.35775205246483
9.635,2076.894803762639,2109.10772771692,394.11016768500923
9.635,2122.498288163628,1923.9482293968524,426.211237977165
9.656,2049.9594378397214,1960.3104430492147,450.93381218866205
9.656,2313.5409442056325,1937.1570016932128,455.71976231772163
9.677,1972.3473387025326,1919.9905118129261,488.781809495938
9.678,2141.58768786807,2044.558960488776,434.35898713760344
9.697,1957.180833209532,2146.2210645544355,455.1902324820129
9.697,2113.78248779154,2001.1092744148727,409.3419813444764
9.719,2285.852345736572,2033.739318436539,413.26479870547564
9.719,2139.9383948161326,1999.1272627019212,504.6281159365222
9.74,2100.399670687975,2046.2292880740993,472.2016679749516
9.74,2268.895021104456,1974.7300560964914,433.6890205895331
9.74,2176.187865878145,1893.9066958672472,404.7429168953249
9.74,2209.571122696677,2044.6387366934032,426.24898654220107
9.781,1880.9881734694113,2168.0726044180956,433.2728036341481
9.781,2137.1171492565027,1939.1319269794767,425.33570539417514
9.781,2197.9037475350924,1943.0531413632962,423.1062089054038
9.781,2205.802360161507,2201.5657359632214,423.1395050544162
9.801,2179.824027484327,1896.0435919298136,395.7187885830344
9.801,2166.295609844359,2016.2880315958498,438.8642175751522
9.822,2219.8812598348404,2057.325060034881,463.88916622586794
9.822,1983.2200684618947,1969.112108064294,403.1051296730887
9.843,2058.9425817665447,1809.1537138989677,463.03386166860764
9.843,1927.766134794203,1918.7490590706598,417.7560516044209
9.865,2076.703526107582,2067.939436480161,431.7637640090161
9.865,2041.753877912487,1977.3818117016772,410.56240793104274
9.885,2107.03118329682,2254.14967460557,409.0449280331356
9.885,1869.2840305352106,2068.660874451178,416.6104440453525
9.907,2308.173599011037,1927.665306623079,420.09440067572757
9.908,2184.0412625919716,1942.0456422194359,453.7816244405272
9.908,2256.445207253829,2057.9594595070826,403.30021042736576
9.908,2136.504038786912,2222.3413345635895,439.7663958506732
9.926,2097.630857849762,2023.9998903916758,441.20596530916606
9.926,2052.497683607246,2092.5286637954687,459.28085128583047
9.949,2203.5430566776045,2001.0838366727933,466.18388660970555
9.949,2027.6537254836444,1899.1411512813997,407.18269001481457
9.972,2044.2985265595216,2069.466952742079,454.6672910373776
9.972,2211.6203263110297,1901.4949270421257,437.10050615985836
9.991,2084.940944606202,2053.037979954513,359.10431319075883
9.991,1967.9168052367245,1985.354465888987,388.96450722660614
10.012,2086.9131056805763,1873.6291381428102,420.3543754880319
10.012,2291.4167934673496,2095.995481047067,432.3986364742454
10.034,2261.5986108561788,2187.935348133732,451.1293184438276
10.034,2423.162176367501,1912.9163264477058,453.2749432750508
10.056,2272.044489103029,2070.731867858837,448.5878143476812
10.056,2176.9690002311354,2035.9577834107433,458.4862104590409
10.077,2014.640908597044,2077.2503141476927,383.1309967703829
10.077,2013.8416093401072,2046.4006769401872,403.308913306787
10.097,2105.186146838716,1965.6802816752252,438.40754726540604
10.097,2101.7609815288747,1994.4886467912486,367.23380477312395
10.099,2188.652568478188,2146.693104786344,421.25645632297744
10.099,2053.8246130658845,1992.433810564727,456.1017323221187
10.118,2134.986371462067,2228.10250712096,454.32875534966934
10.118,2213.909288469195,2143.5983741909345,435.38574817279346
10.139,2088.9544079644925,2001.7230533296247,402.0905312549233
10.139,2087.3477629544736,1997.6375203376983,426.83243466898995
10.16,2188.4555095623227,2121.85380567552,411.7246202897468
10.16,2060.0213811583394,1874.5284435281228,437.4823528961686
10.18,2165.972746500914,2053.988831555879,450.85573467315606
10.18,2235.7455426954484,1955.8432532734946,405.2248876435316
10.201,2217.380611376289,2051.768588771023,435.6169523585227
10.201,2286.760937964208,2106.1337816084224,419.81041401129994
10.222,2172.697007062984,1997.6550071281406,430.4529197784814
10.223,2218.047002124689,2004.452429335407,496.5713246100123
10.243,1885.5924974620214,1964.995360889345,476.26208534283944
10.243,2323.2619626416135,2063.3598201410045,416.9828508074091
10.243,2169.556090048595,2010.9339480272865,406.69851017976225
10.244,2319.8239370660503,2220.978231604181,422.42042011551996
10.263,1914.194214589664,2002.117810958373,437.62699864101955
10.263,2229.7832777817416,2133.591579911184,415.92015180200355
10.288,2093.0078832827567,1923.32529363128,399.80698411036747
10.288,2155.9837664034076,1828.1449928425923,422.14022008612847
10.307,2187.8669225858785,1988.8040376503302,431.27210333704215
10.307,2107.664861487514,2049.0572000683123,415.19301061999704
10.328,2362.662642684841,1914.5352858235008,440.44852654728027
10.328,2027.132134422728,1888.9406525628588,445.93801726316605
10.349,2271.176437172612,2063.285021648461,397.4075472671313
10.35,1946.2647960970644,1835.248962491581,426.6072934860385
10.37,2127.60500482739,2089.247986682813,406.8751161841085
10.37,1981.4145386988205,1969.309769908742,474.66783265652106
10.391,2072.370961355848,2074.3397041525504,456.5672326893136
10.391,2204.886740888216,1940.3272043914255,389.80216957072184
10.414,1906.7764976173696,2046.0676761023938,389.2978243877262
10.414,2163.4388035272746,2046.8742733145466,432.87841545821266
10.415,2079.3411576354097,1923.7249582778609,491.3092561498005
10.415,2048.9624656013716,1978.4257620614367,474.20769224575747
10.434,2027.763666514913,1976.416927932755,440.37808114514485
10.434,1954.3331017232258,2117.359794106178,426.4290742536624
10.454,2092.6264467849155,1943.9244620755571,441.19462034068295
10.454,2126.5201247312743,1973.1100209367223,335.83675847669844
10.475,2108.3402238005483,2050.886607979616,451.13810655853047
10.475,2070.0013158381676,2073.256314407936,426.17066411301397
10.496,2225.3867284444295,2067.404622422409,450.6772367422067
10.496,2057.555619640916,1971.359410906304,387.41526952686394
10.516,2064.396615622313,2048.107211195291,443.9296908728748
10.516,1994.289897017642,1949.8486920389228,424.3584484039818
10.537,2175.425602815767,2124.0538428981176,396.73640603507334
10.537,2180.685630064218,2091.52606536237,433.39760950290275
10.56,2192.7166897716115,1868.6970105185928,428.9948598300562
10.56,2387.846216636935,2308.8522490584924,421.0787933658454
10.58,2074.719161380342,2032.5288356281967,403.7776959340822
10.58,2260.108378129826,2061.969851111621,498.6085311567251
10.58,2263.8036486999285,1969.5406087036185,470.9188210880503
10.581,2135.3113182251145,2116.282391360897,498.5104557646228
10.601,2148.089092969758,1919.9294445594348,438.0919146943552
10.601,2186.8223205489517,2026.9305876876324,427.4509183846779
10.621,1999.61628312273,2058.6720981645644,396.55545269071155
10.621,2137.425456739057,1995.9714649773437,440.0951208983236
10.643,2098.036897250392,1980.9261313027653,403.4636265582934
10.643,2036.0405871455023,2081.866491103619,428.9135553110368
10.663,2117.9950049912704,1992.3419262054342,425.0037219486783
10.663,2035.4830686891235,1927.3127079857313,423.22838948646654
10.683,2313.3674241339845,1990.0984826534539,370.3411048837968
10.683,2054.008792368496,2125.2067995084767,453.032606467046
10.706,2359.16419654924,2068.100978895068,424.05545856006023
10.706,2094.451464550123,1867.4944736543794,416.76552493316814
10.726,2019.1177808427744,1952.8677567811978,425.3303376443268
10.726,2067.876284824217,2088.8946783416145,451.03451880884234
10.747,2256.3805430011193,1930.1557832411788,436.5890314564443
10.747,2208.837356234061,2071.7239876242134,449.64591057749055
10.748,2111.622523548794,2019.769619886148,468.42158933949906
10.748,2128.231350268838,1856.1625360812739,450.7924009941148
10.769,2075.912685721446,2125.673084614436,483.2477993100218
10.769,2113.4565178550724,1969.9338697422872,489.0252297197577
10.789,2131.3209434262735,2061.803805985177,429.785855321482
10.789,1980.8636647034493,1943.7172849500785,395.2357497379044
10.81,2246.324760995042,1786.403197004611,410.4474584300602
10.81,2073.956817570773,2005.7045005663808,453.1051397844741
10.831,2061.4637266747386,1846.4880864047432,437.17502975320076
10.832,2206.3516314140147,1770.6336832983613,419.9268518426285
10.853,1932.8738188343511,2075.032022705487,377.8000095971812
10.853,2176.644006860861,1956.4230218059674,424.70456648944605
10.875,2058.0923035112005,1823.8658874705498,399.55870667981833
10.875,2026.0778119888503,1854.4041371319938,461.90097346023424
10.895,2214.734146568925,1862.6911545962569,484.63666655043033
10.895,2167.439219299575,1829.3554761977612,424.8167969641198
10.915,2358.7766390636025,1951.9765300614138,410.4749990683356
10.915,2252.674485147329,1823.5500437284702,452.2505733694526
10.915,2062.949303662047,1748.060295260871,450.7902613422173
10.916,2229.9911353556854,1654.7849994470912,477.30599874993794
10.936,2152.2194535740805,1634.6816397025884,426.4791527618316
10.936,2340.515036148298,1702.2674286471947,441.08015918412224
10.956,2106.7624900308406,1663.0123930082523,447.8916027609337
10.956,1993.4071459053569,1732.5492905453134,396.00621192206296
10.977,2265.3811617864376,1552.3324275872446,410.26847548128376
10.977,2308.8735878201346,1684.934261300862,450.69986458279726
10.998,2068.0138757073364,1648.783398662984,447.9590243351603
10.999,2307.893541118909,1524.7698111769946,425.3593537487373
11.018,2031.3682119583577,1529.9740787931444,395.92433406992194
11.018,2339.4581904298448,1641.4207548789675,418.6492564700561
11.04,2201.965348513268,1460.1212969205012,395.803268757072
11.04,2026.927668715816,1569.6890221240037,436.80714858783364
11.06,2111.764722451887,1556.6962319182235,448.2594606632594
11.06,2301.043219242649,1468.2419703036596,422.4167333692628
11.082,2011.7414881372488,1803.3178822014381,423.5204091725898
11.082,2123.660159940288,1724.9993899182252,409.2736389836389
11.082,2195.91280360206,1598.2288243694998,406.83019618966847
11.082,2110.2203342423986,1565.3620523194752,437.26071453485105
11.103,2027.795971796478,1699.6698973533503,458.3671990749855
11.103,2228.3738829672534,1730.7061139884927,466.05742509872493
11.123,2055.395424966578,1663.9016548359036,431.88112308711396
11.124,2060.098354507397,1551.882834948372,429.07124365173826
11.146,2241.334673070032,1608.987837891584,444.0584412851386
11.146,2215.6814053251182,1469.5985944016397,489.72223517032944
11.167,2187.4471861247825,1631.4148459608878,422.97273899396293
11.167,2014.791918511182,1700.1594378747825,454.52920524845746
11.188,2262.2008489228524,1672.4198940911642,485.32301625644436
11.188,2205.4716723802267,1701.6730788449877,414.0835518987847
11.21,2043.6906109318834,1693.237958176821,434.25469077541123
11.21,2061.633101287789,1756.1517890778869,449.5898657868727
11.233,2400.7381466166216,1686.166310765121,418.1097587434681
11.233,2132.9605347801894,1650.1462874508504,431.645725376261
11.253,2234.125873007295,1649.1130252823523,417.72791200298093
11.253,1999.0847180110138,1779.1632860127959,486.8145843548196
11.254,2228.7105145317905,1598.6628847934294,487.34612846600714
11.254,2163.907875173638,1681.0509859142162,428.60947964028406
11.275,2028.2443947742345,1646.7568632701466,425.76998458119493
11.275,2029.5622511475742,1830.8187167783624,424.50214191119886
11.296,2083.2309351040053,1863.3327639385816,448.3263449874249
11.296,2010.0036977563473,1646.394931846397,404.28111538149415
11.318,1948.2495206592864,1494.7377010590374,504.3754146290267
11.318,2157.2236764519644,1576.6949001539099,416.2097181214664
11.338,2157.911573024067,1683.5258679543408,415.50712381428417
11.338,1885.6106477264582,1639.473434708763,448.17186613361326
11.36,2049.8722581757315,1741.2558072697814,490.1023266435926
11.36,2120.1062280939987,1836.1679810173737,425.4893811017549
11.382,2096.100408922325,1770.3076107627746,425.6456825458276
11.382,1956.5595311048721,1671.5362165541108,413.73074981162705
11.401,1975.3654741104706,1695.8891556407577,458.5502115805305
11.401,1932.187603187309,1825.262147613968,416.1857353682702
11.422,1898.6071024873152,1572.299692836298,411.2630901429724
11.422,2051.52026413699,1753.6738185516174,457.6348048131095
11.422,1970.4738922196066,1645.5299637640778,464.0571587158655
11.422,1902.9136237637745,1750.5468243719745,450.57012440779044
11.443,2249.319940594286,1666.1297687467218,395.92636704450956
11.443,2237.372250047797,1730.9625686512359,399.3381039698299
11.463,2060.14337610143,1639.5162204066664,389.2860061923343
11.463,2024.651563036099,1778.8548525192841,437.4670164216365
11.484,1871.4753254583782,1707.7769355289556,440.55772628712134
11.484,2036.301049403321,1791.5424862556574,402.7436110797502
11.504,2118.5828570338354,1835.5027013011807,488.46604169700504
11.504,2132.3687047087997,1760.5544083863958,422.53387669359796
11.524,2076.596793873779,1632.9793784256692,438.93189179987075
11.524,2168.8703699415555,1644.3499761210264,450.2838261068632
11.547,2007.5456266136196,1698.7016837301308,416.10966732854007
11.547,2152.8026127101934,1857.571753544934,417.34531177903204
11.568,2078.6367811228197,1696.2914465478702,437.8677321182166
11.568,2156.166552649398,1718.7934873858285,445.2609363472781
11.588,2273.576717957003,1837.8477817396,401.22594917161643
11.588,2122.850549073343,1862.5052332781015,416.7866015200891
11.589,2059.9443577231928,1764.8153431731655,384.1267122517267
11.589,2258.2527442867904,1803.040852975863,405.8921053953767
11.61,2230.8344813301933,1788.9114118553912,466.0262605567925
11.61,2016.0156306989993,1549.1728841578356,426.8124898713347
11.63,2041.5449333144993,1720.4630185064843,438.63121995223605
11.631,1955.1144573979388,1810.6767363098847,444.965297032889
11.651,2050.196789263464,1625.067251513322,443.7991881249009
11.652,2126.581405128648,1800.9223687610445,465.4185466950786
11.693,2260.0149517300015,1732.2640779376957,421.6344509396206
11.693,2046.2556154055617,1769.2515946526214,450.20371391152
11.693,2176.221075854438,1803.2918744816438,480.92087276908376
11.693,2022.353290247164,1884.6855123969806,452.3704497106362
11.715,2153.1622469510153,1755.7534382487847,382.7362763008631
11.715,2070.988688264854,1688.451814495996,423.870534670489
11.734,2206.2737886388927,1656.8261155520197,400.99430381793803
11.734,2144.3726745307827,1556.9388786605557,435.8508275383888
11.754,2288.5716353651187,1641.5592032721088,438.5561818292445
11.754,2094.690240694842,1705.403749007152,415.0830265848526
11.754,2154.7080638639186,1684.9798764457594,415.36245522262453
11.754,2297.5913971755617,1663.7283214006136,413.05564206588707
11.775,2035.3041449291834,1627.7961067051488,419.591638292769
11.775,2117.7714455374876,1748.5147267455307,446.54947788652964
11.796,1989.7607209949877,1786.9492805254258,459.6120280529731
11.796,2060.6829685993976,1840.3562904252985,367.25102358752565
11.817,2070.6107540078933,1572.110938229057,398.0515930258378
11.818,2195.8546628928543,2031.523746191499,407.0597111281226
11.84,2156.6378259221988,1741.501884484348,405.92758808751137
11.84,2357.94205532952,1931.5347288468968,434.0929024279158
11.86,2084.434983648449,1717.4750705715314,417.8066573851153
11.86,2174.7749129744075,1661.103565931046,439.52949201833775
11.882,2335.011279603668,1719.526942145209,476.2295271109221
11.882,2068.027407845725,1702.3542974608476,441.8166653504719
11.903,1985.2386964584055,1778.3505682308341,464.04000875517636
11.903,2220.802394961166,1747.1265848735536,415.45005266748524
11.922,1980.9241033610358,1734.0181137151862,437.9455345047829
11.922,2058.5161684654468,1799.7020774947164,389.4859391533223
11.922,2040.575003587284,1686.5816088705378,489.7468287596771
11.923,1936.9933645716608,1845.1759343741746,437.2237299014791
11.942,2200.600909721546,1801.557475913895,430.10128960998446
11.943,2037.0889587470135,1740.83142587313,448.2593489990215
11.963,2100.617382101355,1890.7968824477384,420.14791062414275
11.963,1972.2487911430794,1719.2941742887542,443.0565972105641
11.975,1903.2964312921322,1460.6706876960513,418.01657607731204
11.975,2292.465386241438,1560.5749133871348,482.0494252380783
11.997,2282.3209996356554,1806.4735768843364,471.0404980473966
11.997,2256.797044387843,1560.0014185232585,449.433372734073
12.016,2112.052079991125,1668.3934526924268,420.081022416759
12.016,2268.734970346399,1769.1358011238956,442.9525475498623
12.036,2055.196896959349,1721.8499544338742,449.8342465028953
12.036,2234.990729874758,1700.3307672601632,418.1073513617232
12.057,2297.6156639279493,1768.1026507235122,430.5108660451778
12.057,2234.555154695335,1779.6091730737517,438.6210572186435
12.077,2311.5797734496628,1745.170254667101,413.88280492841096
12.077,2251.5203920900813,1536.5143185989407,399.57009127313916
12.078,2317.086023647208,1767.934390741641,449.7184551168758
12.078,2151.5318069745326,1535.1115368361131,441.099911780258
12.1,1983.752003231005,1754.0577132982312,445.47185771570616
12.1,2185.386870193628,1702.9210718170068,450.34212121542976
12.118,2002.535550436487,1721.3059021077393,430.29136074898855
12.118,2235.1174643200306,1723.640828422494,425.35751871560836
12.139,2111.1133228629187,1897.174360007539,425.33863758721424
12.139,2053.8589517759583,1738.9915419172826,442.79990549481295
12.159,2339.651685238587,1632.5077222320904,415.5966323791225
12.159,2179.5014289483206,1678.4432908218391,451.5542493582029
12.18,2120.521299065247,1693.7298015737208,484.0702108392145
12.18,1977.2531453890663,1687.0540761160082,440.2354514897392
12.202,2079.64085690949,1737.6208805250608,467.6237386604704
12.202,2145.2578762572243,1824.7465475518275,450.07651881621223
12.223,2089.485583325829,1802.709284426099,420.37984877750785
12.223,2134.464500763749,1777.9103818022165,436.2750765135861
12.243,2102.2064947405047,1554.664970074131,465.9447263852663
12.243,1975.3739915661076,1732.8404674469741,455.00526889915164
12.244,1992.1426278996191,1791.5518571990876,396.4116961769333
12.244,2229.858601006999,1730.413357257296,436.06652533992207
12.265,2094.598651040445,1799.9674656071204,425.78982008991113
12.265,1911.9915339609868,1611.0210526477285,414.9111042266261
12.284,2145.941857512317,1765.264588035087,409.7552982348634
12.285,2076.5051686193456,1686.2237142369913,444.4168394782301
12.305,2105.179712132865,1757.49703803035,424.88960416177946
12.305,2289.1865061167496,1648.712140993499,446.10328587294873
12.325,1973.5308073267313,1590.8493160837158,499.5279982018806
12.325,2069.6381606669606,1703.3625906210827,472.68299132176537
12.346,2284.57704638864,1802.031832470196,436.98659791671764
12.346,2258.6668045304014,1751.1739245059969,439.47346700605226
12.368,2149.10066042557,1754.3099330812065,398.3636613084924
12.368,2299.224830501602,1761.753301881821,407.46831277210265
12.389,1965.6827789122551,1611.5393080392628,401.7820267416559
12.389,2046.8897383176957,1584.4351125580051,446.3820261612896
12.41,2293.8291328821815,1771.9974664623926,404.44336892248094
12.411,2061.327618695379,1663.1872419609078,408.48423615340835
12.411,2053.1760156754194,1797.7969318327891,450.53480372904323
12.411,2092.5564718118917,1572.9332760447292,416.2528673013748
12.433,2176.1896526415844,1569.29928853946,435.9055893509693
12.433,2151.511798671,1791.6080680253353,436.2421277093408
12.454,2046.7371407392727,1744.3449316212932,399.62781412411977
12.454,1926.5256515554772,1827.4577731471632,438.9509550653411
12.476,2060.279186570932,1604.2054237086772,419.2143286415125
12.476,1958.0281738365206,1560.5248282351363,426.4055730604133
12.495,1918.995479999143,1697.6345826609722,397.04713124473443
12.495,2152.488905593239,1861.9571524240343,446.18090344770945
12.537,2283.774817213289,1703.3051476467083,404.6434735983254
12.537,2058.743081488103,1862.3632142508566,450.80291561140524
12.537,2226.3508548206546,1775.8708309922936,419.3240307212132
12.537,2001.052411717571,1685.0232593679505,378.2385469006053
12.558,2053.3934680760117,1714.1156447635722,464.1293970179903
12.558,2113.960988939852,1758.6050518038226,435.00264967245556
12.578,2222.961137625019,1758.4062135817576,427.813505585798
12.578,2223.189626650466,1628.6469666467738,453.8290561332545
12.578,2281.539324423976,1646.6550088315216,413.58385818604165
12.578,2015.3219567445988,1689.2949477076677,416.72297797109513
12.601,2033.7533833029813,1606.4268300105555,430.3005929286741
12.601,2079.9552081286342,1837.0490753637991,446.0258518907111
12.622,2136.146610702302,1637.6931950700425,457.8119355422811
12.622,2173.5565388049913,1922.2316146852409,459.88694716504546
12.644,2084.088304470462,1619.6883328616777,485.64007833332886
12.644,2084.7178981571606,1696.338536986692,430.24437583388766
12.664,2234.509990013913,1652.0871639310155,446.3122935351104
12.664,2215.0346786862506,1773.8652412808342,444.00825480619113
12.684,2200.626328334605,1773.2414437852665,427.65003619742237
12.684,2012.0433119289862,1750.248206224414,404.7470980858259
12.706,2200.4274526852796,1578.2063189368848,403.62707101843534
12.706,2158.5682917689587,1634.6387922916929,463.5835082182686
12.727,2172.896180813962,1871.0361686939864,442.4545677284367
12.727,2037.5254988890777,1954.67112521309,419.6634471697926
12.747,1976.8777376025075,1588.6486636208788,457.93985253023914
12.747,1946.0378888596442,1705.5248778436824,404.1580151471531
12.747,2226.68490768941,1618.9686474695513,382.9952149512178
12.747,2129.6392013639315,1652.5665294809285,435.7541335969465
12.768,2018.379138186215,1722.5548698865955,395.25717464990385
12.768,2135.8444302200774,1699.6671510736583,440.74140381285605
12.788,1991.9321761773817,1664.1372517784712,424.3321826792012
12.788,2308.00380281985,1614.8846931410485,443.59470432427435
12.81,1993.0429929155791,1746.5088297153661,380.35279673291143
12.81,2042.4198916961614,1705.7688178758897,407.0856581825006
12.829,1922.7441059888997,1697.6596815454307,454.20088376706406
12.829,2265.279954100756,1716.0678089404564,435.6721908260765
12.852,2087.2175240782162,1767.4967076326357,449.1920603574269
12.852,2087.438533670639,1608.716376372298,401.4133875237172
12.871,2218.7835588505977,1665.627456966711,427.1395211678836
12.871,2076.2613475399617,1707.2998581136922,471.75457777597546
12.892,2237.6820316360568,1603.1269347465359,477.13363837689064
12.892,1991.9791950148183,1617.988467029304,462.5310107106174
12.913,2037.623270528546,1830.0357949507834,438.9553442108662
12.913,2067.9138135611547,1781.6346390692825,427.2151905612419
12.913,2260.780566228093,1824.52689355691,392.39991425816436
12.913,2178.467778039144,1680.8167837929916,418.3806920571039
12.934,2293.2532170542854,1584.3709244154138,456.8291697426233
12.934,2048.7914341309292,1887.0954693778092,397.2847939152388
12.955,2074.4785360830756,1810.597480895371,412.11873471872747
12.955,1986.2500667110369,1783.4219421091564,396.59377202981756
12.977,2059.738018466616,1675.1632419773773,431.2095239812128
12.977,2209.8453302731104,1754.9434801764573,413.0853801300081
13.021,2230.354982859775,1631.2100003470473,413.7093893754837
13.021,2066.318828124897,1641.5265562446396,472.7428400860265
13.021,2224.536024267467,1654.0261787680013,434.48139232936256
13.021,2343.49579239761,1719.1628257234538,448.43148425705215
13.041,2154.85893405019,1723.697666564399,426.5101936384649
13.041,1948.9071649634243,1729.7195115796007,419.2555291841776
13.064,2040.4198114869762,1764.017082235248,404.8234017631046
13.064,2183.0318197826564,1710.7459456896754,444.014284882448
13.084,2003.7275443469114,1816.3196033929885,440.83238167706776
13.084,2022.1639073135818,1949.4719254306924,439.00802987155913
13.085,1862.2005254463174,1692.727700427935,418.76513990892175
13.085,2156.8504216591423,1672.7988221787184,388.2396007039808
13.106,2071.9844121354477,1729.58994107959,431.6435304018421
13.106,2078.05561224121,1770.7160728055985,433.5899447392256
13.126,1954.7547209311087,1586.03947379389,397.6758694415599
13.126,2292.1866293059607,1547.8981161484646,409.51336318038835
13.147,2147.9918474810934,1841.122387218936,429.0869351700289
13.147,2141.606454035721,1823.3142235938415,414.7333332980739
13.168,2271.7918523783264,1644.4581831434464,428.1762351507107
13.168,2047.540198765965,1738.8711842915593,466.9012017964574
13.189,2191.0465436803106,1894.4437747670117,433.0753943522054
13.19,2095.6580511855404,1830.8236895589448,495.23212192236167
13.208,2112.8724943958096,1639.4446301816267,423.92001183148375
13.208,1900.4468578447656,1552.3714275005839,452.5071012830592
13.23,2173.151278390951,1664.3632444308842,412.8726024361018
13.23,2023.6218227574611,1660.4131995201305,418.8380337442919
13.251,2131.8145250529606,1686.1698579557687,388.05956638105806
13.251,2041.3899639227866,1613.5243218015619,432.45738234720767
13.252,2188.261890875899,1758.167688048407,457.4304838337982
13.252,2045.8668469622198,1724.9858666817975,446.53531315811125
13.273,2249.589846987673,1741.0465798376727,413.03558228887897
13.273,2196.006036922134,1948.2743621282102,422.6470106491131
13.294,2157.488477501332,1688.8562523247094,453.37598264585915
13.294,2055.1434901702255,1781.6594041521407,416.04968406762174
13.316,2271.1956566713493,1396.3279225739518,417.3362013095493
13.316,1902.256738538628,1687.4389310340948,453.4834355732001
13.337,2128.7062243618675,1859.7581172183425,406.98437649727856
13.337,2039.3727594767238,1593.399449074537,418.5893635994369
13.357,2111.6530486698066,1850.6712564017625,430.628235211896
13.357,2228.089456705532,1738.910459125185,429.89528831380625
13.377,2034.5166060077831,1551.83048212492,422.81048733584146
13.377,2069.3503360146624,1815.702295534466,401.3298925765365
13.399,1964.974050518441,1752.0320824588784,425.1428106000906
13.4,2394.422757177924,1669.91423438506,404.4786092684849
13.418,1983.2535712825236,1784.3644636447475,445.3414282938672
13.418,2440.648168221915,1726.3448664668567,419.5036602749678
13.419,2146.4092995048313,1724.930874741977,371.6640764488578
13.419,2165.1044744238616,1723.811082568717,416.6141542563112
13.439,2179.211603482966,1658.613198643683,449.13237636162705
13.439,1978.517179903877,1636.4888134163027,465.09707138819505
13.461,2285.1690391839547,1837.5995591178396,445.1389029237822
13.461,2104.8934619239167,1642.2103368408539,421.4109199625047
13.481,2052.8042202224397,1645.1426566989478,415.61372600158296
13.481,2186.9718112724163,1677.0860325202677,399.8184998736233
13.5,2487.6827299797897,1791.905555330971,452.4271489501383
13.5,2095.740984973884,1641.6400196029747,452.8928949627411
13.522,2185.125074570871,1625.6729096113465,420.7510286295799
13.523,2166.7380391465126,1716.4115966997376,445.34007807481754
13.542,2209.812560375681,1718.0175514846803,405.8357554022216
13.542,2059.235383744735,1746.1525051421747,428.71443748207577
13.562,2142.1516517570803,1749.6256629760414,429.22762504723363
13.562,2045.407029685919,1698.961722877602,422.75498154263016
13.585,2109.634414219225,1741.1825589327213,427.98412999413097
13.585,1879.2877167398674,1710.7599265678311,376.71905542034824
13.585,2119.2348883938416,1718.6392427800079,426.82387989858967
13.585,2175.0450782506887,1702.488090246536,384.96854383910727
13.603,2213.305328405786,1790.9332789967127,423.15455933257937
13.603,2172.465228891402,1777.607371189966,397.7660958331476
13.624,2236.555301073125,1923.0092430462948,467.96464526200805
13.624,2018.412497688051,1707.7866695284163,486.3858216356344
13.644,2215.05466548771,1689.8277452072782,476.968300943707
13.644,1936.520338616265,1609.9050858952248,452.5809228302461
13.664,2147.197861498832,1781.2175037231602,423.2362946355737
13.664,1986.013665633338,1762.3329479060346,409.629437202196
13.685,1964.3041479281928,1541.5877689281522,455.7295806809185
13.686,2115.1457853223033,1836.7624696459345,453.56970623676534
13.706,2220.3977845785653,1777.4564475966972,433.3149770003378
13.706,2176.211271596141,1612.6012459866831,392.6546874205189
13.726,2291.118657194097,1591.2947706906946,469.9581036719702
13.726,2110.6251355020904,1634.8777259821275,419.96628136746415
13.749,2030.1174805382536,1863.122121343522,391.6487344359623
13.749,2216.2545196394462,1797.2418507774344,486.2714472958158
13.749,2143.5369353512924,1709.8614077891148,443.0356606139534
13.749,2180.007491993727,1675.626837291521,463.7990747294018
13.768,2014.2744740224753,1645.86698397706,415.0800763738596
13.768,2275.4154848102185,1607.6607129945353,412.8453182287224
13.789,2029.4226020266499,1787.8903402135938,386.43888356683766
13.789,2090.118155695882,1831.6336800863528,407.0756960522067
13.809,2129.7484728290638,1916.758631830739,435.99935356158704
13.809,2163.4830387019356,1794.8537635087314,399.18589557782605
13.83,2058.084979482817,1559.0594354755035,434.7241930421594
13.83,2402.1605916375424,1784.3570652082478,453.97733130999507
13.851,2207.363623899777,1605.2792238975203,446.52622165031084
13.851,2127.5487997452456,1794.8115084857616,420.2696839617222
13.871,2325.35120735543,1716.4403374907197,430.3239484210435
13.871,2359.227281227997,1816.8823246229263,428.6326185502306
13.892,2184.7404968279516,1814.4415300708677,433.5941596252602
13.892,2145.0259244900103,1606.8295707755647,397.8334499874385
13.914,2106.76401431192,1701.0030600401835,411.99445563839026
13.914,1970.2323251232863,1803.981702126972,456.7837456168777
13.914,2094.543103440203,1593.265171495377,445.0769734552802
13.914,2103.711344556659,1823.8419495425626,479.80614583325587
13.935,2091.9397867067437,1537.6490297330909,389.6813498020713
13.935,2009.9816369115697,1747.1267647838474,414.44260387574343
13.955,2093.120255350397,1721.7435613266089,439.0100385211349
13.955,2093.591305236445,1771.9982036133017,427.42643444292327
13.977,1961.8851353697964,1674.3127126473096,412.40988688297665
13.977,1951.741554522585,1657.7191025914467,397.2109607693906
13.998,2254.0706574626906,1591.3596675381907,393.5859817310478
13.998,1995.5771367090183,1812.4232212012819,411.888361532219
14.018,2213.3833023732304,1654.0973734815873,439.8973220644033
14.018,2241.988481324248,1746.9966785694205,438.2817234303408
14.04,2295.554856814372,1432.3082031868023,447.40333446346546
14.04,2044.2305594460604,1710.7999376010862,443.7588031548842
14.06,2014.201043811989,1649.6300648197696,384.82889678109876
14.06,1870.2084108066524,1750.4754024468596,422.6319661432208
14.081,2046.2056173160745,1527.531821925344,400.35513756784934
14.081,2177.140937085444,1724.079233538748,422.65311616517374
14.082,2298.342941328989,1618.629095021914,445.1876669486064
14.082,2235.717080231258,1726.7859896097398,415.21674678359943
14.103,2094.838924326716,1784.0866503326215,459.3087037553325
14.103,2102.1727223904263,1766.588220374821,466.29668574210865
14.124,2174.1056794080782,1804.792759273921,441.1002658364236
14.124,1962.313716293797,1817.2259008850135,435.8583126408495
14.144,2038.8851139553506,1773.6831603065402,441.3292941548567
14.144,2176.3302331950954,1649.30828853054,441.4715850806894
14.164,2099.7212439431623,1508.3873479482386,443.44485510167584
14.164,2134.8139001776035,1772.2645064703659,431.10157127907513
14.184,1974.7161513341318,1753.5996602587363,441.74740947090936
14.184,2117.0362154220907,1644.1719723137817,401.3276598655484
14.205,2034.8654934420706,1690.4379472331016,431.39661431024604
14.205,2010.3756982746513,1873.680297518989,438.92659888478505
14.247,2216.1593605298885,1815.5752627116601,429.9140304591212
14.247,2061.086598564933,1834.043424452497,483.8396115754887
14.247,2063.396614074823,1763.1120420637317,458.5806538326137
14.248,2076.856230037871,1556.2206784181162,446.7776328877285
14.248,2228.7306680868987,1892.4974091978095,419.975019536263
14.248,2359.717580157144,1629.854229886569,352.12326730323423
14.269,2114.6502365390893,1536.804074792236,414.897168675873
14.269,2346.7644038612843,1717.096682377407,442.57104957663626
14.288,1916.7230635036065,1662.7585492562866,417.4343096237053
14.288,2030.3443865158165,1647.0292855091343,445.2151632595611
14.309,2061.0623542213216,1588.3650921682356,451.07163801011507
14.309,2224.4145477366606,1739.289203919471,485.7700208005725
14.329,2188.5646359160924,1671.0165705631644,422.108989721836
14.329,2190.0606610423793,1685.3663388506316,474.4730052894837
14.35,1956.7962266009558,1758.3654168914013,498.94242148189284
14.35,1932.1479877817953,1642.061409687984,439.1272354870689
14.371,2069.341187716727,1764.4673332772038,406.81360800396675
14.371,1991.5840496403964,1594.0740165702457,417.97851252590414
14.392,2216.395289474567,1729.5512412166281,427.89248470049694
14.392,2049.349417891381,1586.0850245462977,430.09968013734533
14.433,2241.9532089855684,1758.0461003995883,432.28259803792497
14.433,2077.3466652624306,1704.3282997053486,406.7540495485839
14.433,2093.282610069222,1723.7322266291603,436.74626276306594
14.433,1964.2400344184334,1614.1854382277559,466.9156766813459
14.434,1912.3968526725894,1791.6067919450663,390.9962720370653
14.434,2261.3445857822926,1650.315222665766,427.5440132854778
14.454,2065.509127994888,1862.2242385036134,436.2525269099895
14.454,2110.295757900323,1816.8072054301074,455.2949471458631
14.474,2127.8500078139427,1698.3658263925129,466.6764974145665
14.475,2096.925090805911,1786.344035933515,473.2914153761133
14.495,1951.3039112021304,1701.9749613182232,410.0415359563808
14.495,2055.026776664512,1773.7825837050325,417.3036253879289
14.515,2251.9492967140804,1656.0787051488076,429.14109873637585
14.516,2057.6014836147206,1671.5791802620063,479.93662873369766
14.557,2085.7114325931248,1758.8118176097769,466.4868312880549
14.557,2047.7357736200313,1711.9652300490743,427.4005203194975
14.557,1964.4375792455762,1686.434249937132,433.7907369790041
14.557,2219.78440561285,1530.2193072746807,411.5720661157973
14.577,2325.4421242718795,1688.2505187844313,430.79100912188335
14.577,2040.2815121908418,1786.8939713579011,428.8532208911428
14.577,2314.981490583893,1815.7346219713381,401.50855413980554
14.577,2115.6912455956717,1531.7912489057055,469.3890583125225
14.598,2121.950246573088,1804.4137797931028,466.1904307001045
14.598,1938.0224653139721,1790.6644378315364,456.17944930355947
14.619,2181.474752119002,1726.140669295423,412.0283777535494
14.619,2227.8685356652977,1744.2414970592188,488.2360373659713
14.639,1892.7083143024906,1778.763021127452,449.9077152608717
14.639,2116.6311782561957,1716.2141379910709,453.3241299273109
14.66,2081.4111515572586,1703.4252555251207,403.0988793477088
14.661,1980.6200160266812,1797.5579218397531,425.60492718968345
14.681,2234.9525481867354,1880.4266206979983,421.53807768250664
14.681,2088.9416587793044,1773.3316621472886,394.2119401998231
14.703,2084.6205744951067,1542.57955571558,412.3183754967624
14.703,2053.957007611431,1702.6849802296456,422.98768713728543
14.723,2331.45340965567,1774.1413638448078,430.0893044379006
14.723,2214.977260200755,1857.9761415019577,434.8674719117984
14.743,2113.358618902892,1604.4822823021836,437.6880018023668
14.743,1964.7378294939476,1866.0494455540427,466.42933280591313
14.743,1978.2204797247502,1652.839840855826,445.3022482821263
14.743,2171.9641180532585,1918.4680351042953,396.6007735159486
14.764,1886.8742739136453,1753.8715986495613,438.2816825489271
14.764,2265.6471073068715,1754.8058276546208,439.8549478279779
14.784,2340.2581709149513,1819.0631146859232,426.49491334905935
14.784,2199.3799727755627,1876.0137643362011,488.56687697257166
14.804,1699.4788671762694,1565.061644350336,422.15317840040973
14.804,1980.4264727723332,1730.492299082554,423.5717014226404
14.826,2012.6844712885907,1679.5151966843237,446.5187438759604
14.826,2092.508460141283,1566.286546763617,406.7845318762695
14.847,2067.619782151085,1806.5842132948128,424.5262636257338
14.847,2046.242778114287,1852.9370761416535,413.91829046772966
14.869,2064.621027277013,1855.5857074787832,439.5935856542215
14.869,2277.344192632639,1628.271169326094,416.3547838665961
14.889,2215.2507041445256,1618.5412347926592,450.3130907946124
14.889,2225.155073076352,1729.3438041001632,415.1135791843336
14.909,2220.4334493913702,1620.9427220337996,438.0739864986457
14.909,2241.1635944586596,1737.32963365474,418.09640566234424
14.909,2266.9242475383626,1649.7111348847764,419.0313520812659
14.909,2013.9234580953673,1663.100248269183,443.94058592788815
14.931,2269.6272611489953,1783.8715821722612,428.6208044018569
14.931,1924.9231048174806,1679.9868153651794,430.80645963277846
14.951,2207.9122506436006,1688.592630384527,466.70220926653417
14.951,2132.686102255467,1760.7494424163226,430.39145121312356
14.971,2262.382825686147,1734.3503760141139,434.98255424202506
14.971,2220.3067148876657,1670.429326172514,426.9712312454928
15.01,1927.392688074545,1888.988054458676,417.8947971990745
15.01,2025.1957591890034,1908.4203447218954,418.7973305424572
15.01,2088.5968993501187,1755.1575741426436,478.375077045111
15.01,2285.2996300425393,1560.5146742439435,448.99302215163897
15.028,2197.6133569944486,1667.1077719766224,445.24641528336775
15.028,1985.4043380436378,1541.6559416034688,420.5539443391961
15.049,2099.345384997099,1894.5313914624842,462.2168779732252
15.049,2295.0450519550172,1627.459673415046,459.26843450896314
15.07,1874.8479467546697,1723.7450361141964,414.46152927159875
15.07,2078.173308404365,1769.835794776403,454.2345475898294
15.071,2084.076503018928,1771.8445839543301,449.1186715301225
15.071,2070.7899091340096,1678.0509164398593,408.7634054797849
15.091,2061.525098056645,1798.6743031261851,445.1873582746759
15.091,1973.9183964481845,1582.5140260505416,474.8976619278866
15.112,2055.237525073659,1614.5590108919725,421.0322559142543
15.112,2274.0024287774636,1728.860275411713,407.10797333951734
15.133,2137.757993047328,1908.7110730854376,445.4293926656479
15.133,2093.5711990357618,1702.1501550509342,410.9251864111944
15.153,2191.030688942385,1843.6480006581014,380.7352792892183
15.153,2150.306269550942,1822.1873660464598,408.10662060562754
15.198,1832.1018389308251,1679.6950241398383,413.996007225256
15.198,2197.181538993804,1811.0510001682983,421.56335159100513
15.198,2251.779469572544,1789.7684114675264,436.0763386168615
15.198,2309.3202112312933,1711.9015547910012,476.2995274475865
15.217,2115.9081600096033,1660.3151904913377,445.858715440137
15.217,2080.0873954092935,1927.9100606586267,472.8176720193431
15.237,1976.9345607643102,1681.2608480694992,456.431344127039
15.237,2209.80920334614,1542.3250506327313,433.51283594317005
15.237,2171.3348460972607,1676.1794245270073,445.33703711360744
15.237,2009.5328380750886,1743.0648601111263,444.3402853138159
15.28,2114.7612150642694,1671.6816496997012,450.54361970915136
15.28,2252.5705050432034,1819.1543001903285,448.68242973480534
15.281,2210.078374477653,1657.3938546919542,432.502086868802
15.281,2175.4337470082264,1825.8877606437743,401.1120121950736
15.3,2108.5225420946135,1680.99085921582,398.2485655347538
15.3,2244.863385488629,1631.5534269992218,411.8795927759601
15.345,2139.620848919096,1704.1730549756367,412.2572001034477
15.345,2114.2314125570465,1803.3225418589589,423.52345915705473
15.345,2084.5098822157042,1657.4087077785828,476.11138204315785
15.345,1910.6443336959005,1707.0932960622354,461.8211384886093
15.363,1953.5216732890067,1669.2997709262672,483.32753968213063
15.363,2241.681604730016,1630.7254392913674,443.7069352513272
15.383,1964.718594310404,1692.5035257229206,415.69714038033715
15.383,2246.5723953714223,1823.5573915332702,434.956476577005
15.403,2061.2998542185105,1739.0655808900644,424.06760564222657
15.403,2305.8642112265725,1666.1010256073346,458.0903429066617
15.404,2108.64353156536,1663.9063767616585,465.02113213999473
15.404,2137.944119465572,1551.0447168481744,400.54651554859777
15.423,1991.4360441904205,1824.7977002387609,454.09371308115567
15.423,1979.1171723163218,1730.9407879352189,455.2665611804106
15.445,1890.5668054215857,1649.8785557334647,463.6262829558207
15.445,1970.2549244718505,1705.6073412381872,453.34638728515233
15.465,2104.570004783976,1693.0420857517115,383.9993793531289
15.465,2041.3756733459006,1828.9850376957638,449.24242604735787
15.487,2214.669125531852,1810.2167589217697,445.9466598140651
15.487,2073.24117213631,1797.386508886611,429.3542133540053
15.509,2337.7664596832783,1688.5934270896712,455.52558817658604
15.509,2052.595221610384,1833.9756431368096,420.92455248266293
15.529,1790.6971360202626,1738.909736017456,410.52511338973295
15.529,2063.3848225207603,1677.680337168938,424.19672076321865
15.548,2071.302041940953,1455.3237080301901,396.1109949196712
15.549,2160.6391660922645,1881.3188050587908,415.4076103008947
15.57,2143.9960373243907,1780.2946890494852,438.38883706626325
15.57,2159.6605504594063,1761.0477588692188,428.61543123932233
15.57,2102.376982317519,1637.739863449257,402.40671999537227
15.57,2073.0611783308686,1754.4027454993986,442.63361810661814
15.594,2035.7064746681513,1694.9420338432792,433.5698415654026
15.594,2085.6909171190005,1709.8317332316217,427.5010819046415
15.614,2060.707308033019,1555.9780651166525,441.24360936833926
15.614,2233.4106423613507,1717.8773558802488,466.80484210584723
15.636,2272.5927548947407,1779.5747872144377,427.08861933322174
15.636,2008.0871171873948,1677.966627092472,419.5340441202094
15.655,2262.2341253536088,1712.9455343855611,444.49254805213315
15.655,2319.9068541621778,1680.2842977361388,409.011296901955
15.677,2117.4308885612827,1768.2013351507076,432.051767496511
15.677,2309.328680756606,1653.0862307376156,465.9602314789765
15.697,2343.4231710736813,1703.0162720389771,427.5238009635699
15.697,2244.210534853155,1658.7223997961264,393.1154410062165
15.718,2224.640283354595,1609.7216884450388,475.36460942160124
15.718,2132.469084595114,1544.4579736827282,414.1710626229841
15.738,2173.3243006168805,1624.9841934277142,457.6608027536731
15.738,2093.1975079059403,1678.0206733012144,411.46662566880343
15.739,2054.1227729246166,1676.1368918939863,478.73267444577084
15.739,2115.337626027094,1661.892229283525,410.8991089069962
15.758,2250.2547879624017,1594.0314344188057,451.8096322346548
15.758,2306.200598067565,1681.8064008067045,496.0477459009244
15.778,2067.7054180922187,1644.407735162759,461.5944211950527
15.778,2175.4782106702614,1685.1035072310772,431.3744843259183
15.798,2216.28176236352,1925.1163412033613,455.17918833958703
15.798,2088.4405464055303,1669.8150932246908,378.9950464084175
15.82,2122.5717783411264,1754.3900028646372,441.60661570881814
15.82,2004.4589198720373,1783.6684435849845,426.9172977947796
15.842,2031.3421470554972,1760.1567006449136,432.22990836566646
15.842,2166.5191575084855,1577.9661454930344,441.8841382772407
15.862,2045.3457413807528,1733.9383532423599,436.22149020427145
15.862,2259.592862440629,1551.5528042371914,447.8203887546266
15.883,2226.971816615273,1654.0966040934422,419.057409423317
15.883,2077.43804803821,1884.3015251951804,435.056523857365
15.904,2010.5446298582024,1602.0942843159391,397.3158853629274
15.904,2016.9544611136516,1625.0095847897376,429.7708776081879
15.904,2053.8007131550053,1739.3207738237502,464.3282036967019
15.904,2166.209190657488,1664.231283414523,427.5383405878458
15.925,2143.2324169024123,1758.738439840527,466.25812577388825
15.925,2273.810007112684,1763.3355317744497,406.77718017797747
15.947,2282.353074570307,1699.3458287398098,479.5818099738714
15.947,2055.6577170041096,1684.950581125933,481.32003594952744
15.967,2186.5284657067573,1851.386905762255,432.13131647623203
15.967,2051.8999141978916,1814.5698888913378,460.4856406938408
15.987,2172.6302641441935,1798.4423452523472,454.53542455312106
15.987,2237.9020700833566,1653.440773380403,400.29892763968604
16.01,1827.4572919596899,1667.0184240589888,433.7653967511177
16.01,2084.5583303989747,1725.084359018329,433.4143567858803
16.029,2050.5758941091467,1525.4665814967036,404.78347406371034
16.029,1844.805841862895,1533.7854407718548,429.3033748173957
16.05,1981.6575476951443,1611.6692432476586,438.2664554699523
16.05,2024.6230086249586,1589.9119336403344,389.0769539636034
16.072,2043.8627942299288,1695.6528056071272,425.8762349890422
16.072,2115.986219504741,1781.5350854289586,434.7949080850573
16.072,2206.4426296261913,1672.5940151850552,437.245834838035
16.072,1992.5216676701368,1666.636234071481,465.15602171396426
16.092,2279.4160389149856,1760.572872495989,398.1169815267138
16.092,2189.449128289912,1741.9969874792098,445.1498268763487
16.112,2113.611284133927,1582.7138802890727,424.6999197026831
16.113,2235.0153267935593,1769.2228235272607,422.0642561904978
16.133,2246.034627052037,1707.1621325022181,423.59642655680767
16.133,2102.1752534166885,1415.0182898859348,468.38187021782414
16.155,2297.5328911911693,1635.324105720852,474.2494054776985
16.155,2085.391032366847,1657.3423058893416,429.17520623516384
16.178,2159.082170499511,1750.8716284632228,410.37507400805487
16.178,2097.4246363555503,1821.0360828333655,405.0002616343346
16.198,2048.653558007038,1840.9485371994806,442.34124552727127
16.198,2271.174709370276,1538.7305249913945,427.55260827697566
16.218,2309.757896608739,1696.0554295540137,421.07349662427197
16.219,2128.6620562048934,1684.331861832794,431.1411318351111
16.239,2309.892231661759,1610.7141283243673,455.934892197389
16.239,2152.028013239871,1696.9766475208594,466.9419808795735
16.239,1972.0094301209642,1714.4474600696892,392.4250177653598
16.239,2272.4598537451666,1549.930829081251,401.61522904121443
16.258,2213.5400181875357,1557.2240970323146,434.5360426302106
16.258,2065.624820112202,1730.0544060569657,420.31797357981253
16.28,2168.795609863188,1840.0740491220367,431.0773481178369
16.281,2102.4716072062206,1772.5161733624334,404.35847161646
16.321,2215.508825082928,1888.3086290195847,415.15410216470366
16.322,2184.779257232614,1663.367071177683,433.5474337237506
16.322,2090.39853203285,1592.5878539151943,454.8041541616243
16.322,2227.7564341145503,1625.8951172625943,443.26938079070476
16.344,1949.2345012304672,1598.6475187436342,442.73484049746077
16.344,1983.1350572640076,1612.8611416523918,420.12229013265625
16.363,2053.405326753809,1503.2675594578293,437.90670121868175
16.363,2121.9358332881557,1780.4416668516046,415.77966262007175
16.385,2227.378421559163,1502.9675627589397,443.8102576921513
16.385,1897.1261057856834,1639.5974922136338,413.28122352579544
16.406,2165.7031083171987,1791.3632694197308,438.1646152488735
16.406,1958.7366203003148,1828.6876632508943,448.3100682742371
16.407,2164.5266934863403,1705.7971520583567,431.6468715129383
16.407,2218.7448687052174,1735.213491709728,408.05388049385647
16.426,2119.141092501747,1758.7524296630631,372.4515394159237
16.426,2028.1702185951804,1604.8859164042071,416.9268095474756
16.448,2138.9341412258036,1682.8549426212535,420.21661378623463
16.448,2080.1836640353226,1668.7704897562107,444.2236212023441
16.468,2094.5366512931723,1641.4559513451222,463.1662522607495
16.468,2099.9723677554152,1605.3194566886566,472.3709454119235
16.488,2043.7864334701276,1799.4311723634567,451.9316796536218
16.488,2182.2989052653793,1607.2908394650804,423.9301697640123
16.509,2212.066062466035,1633.9587127367936,427.9039524587546
16.509,2157.0961775747373,1710.2280213720321,437.780259762437
16.529,2079.753895111036,1610.920338114943,406.5874684324469
16.529,2178.5942201666076,1778.8105000065689,419.0660724087221
16.552,1852.641576456247,1944.6685850219674,420.7755711122865
16.552,2103.8340239978993,1644.0614963284763,387.44475724935916
16.567,2308.804378726626,1845.26701465938,434.6035452237164
16.567,2210.246387522708,1829.1606734328493,458.803855146314
16.568,2132.6946141435055,1752.255452751297,411.42284462106045
16.568,2176.256527119256,1827.0194160478954,417.18965490789805
16.588,2254.442832018103,1655.2295776583494,459.91280793959106
16.588,2044.4483050004335,1759.486434524489,426.34984323957684
16.608,2091.2845561443783,1771.4548380720128,418.0670913591098
16.608,2074.1234202183273,1784.3316448522007,456.21963113150605
16.628,2008.85534522432,1781.91729613287,459.77601553253004
16.628,2248.719093128231,1724.0953459602426,407.4139878348977
16.671,2273.88986510417,1697.711168029109,437.00444075407086
16.671,2043.4092682204277,1758.91148740058,438.2062729753136
16.671,2281.5537069757456,1734.5540330716694,402.57232250320163
16.672,2093.6287357647425,1903.9097548956888,425.00576350194723
16.692,2063.8536052855075,1714.7477850718408,431.97093407459005
16.693,2121.869115517881,1580.3119085713452,417.8473358683489
16.715,1993.6315766569228,1674.5707790783122,460.61369902599057
16.715,2136.629168761909,1730.51526019844,419.43622537653914
16.734,2134.060577274952,1653.3327481597007,478.2782743314659
16.734,2277.554412420442,1540.6872539888209,467.89246771947774
16.735,2008.8248607300616,1640.734587975291,443.26148341090897
16.735,1994.5110560547382,1772.1771586206683,486.61404751769805
16.755,2141.0882821085565,1397.978752251943,471.763735148949
16.755,2110.7751940969433,1816.4636402933897,432.7622129891027
16.775,2182.4650649333635,1795.798276740082,477.5421182239005
16.775,2116.115599814951,1729.5962471973708,394.76015001920405
16.797,2196.972462669749,1541.7012783050834,454.16822625119096
16.797,2170.4554981901338,1504.1144219614368,406.47445065411995
16.818,2337.833846122862,1696.7327691509988,444.3111084232131
16.818,2194.801736036652,1612.9079527184176,433.0115275934925
16.84,2113.600177434345,1626.8331203687503,382.0238021154954
16.84,2094.0047460053033,1788.522731650351,426.99141613672526
16.86,2112.6536110790594,1832.0426096213785,432.09594650018676
16.86,2232.8385495462157,1872.7071935871486,432.3778041403081
16.88,2098.9415617148343,1930.3912656094606,449.3772163377024
16.88,2118.110617528171,1729.5262797745756,457.3469760444094
16.901,2152.7586673588867,1602.4566373560676,483.38656809715195
16.901,2258.4534713768353,1742.934577042031,384.46772317573385
16.902,2092.231087124388,1707.953530577934,438.4531306663531
16.902,2098.5424515235445,1786.269203210865,484.0393602919002
16.926,2158.4665335345308,1667.781539367499,422.306296354193
16.926,2108.9913471929754,1793.8132139175077,428.89551391041306
16.943,2103.54365835335,1728.7318954336888,441.147082852583
16.943,2187.5903775239244,1699.5918447333288,425.3425529080099
16.966,2222.7567541794497,1837.0009339177313,396.74885499245164
16.966,2250.527394199749,1678.5612432428634,418.35489925584255
16.986,2104.529987697649,1738.5545284340265,455.86762044439024
16.986,2064.6333469363253,1695.3033283493405,412.5158698782498
17.006,2209.9198844958855,1605.3849774618827,496.235359105351
17.007,2153.491508668783,1766.6806836654794,437.0642677855832
17.027,2226.617601751784,1571.8122816365294,449.38244299898105
17.027,1941.672601543974,1830.5897138612845,452.1933303110631
17.048,2209.1917917501446,1731.5748674028275,454.336125920557
17.048,2292.0322658460536,1651.719887795015,470.3225398648847
17.069,2219.0951940714563,1768.734112998874,471.42985169327955
17.069,2207.6362752194927,1699.2798857843597,446.4604732759586
17.069,2201.9945843113956,1709.9829045747415,435.28812640859167
17.069,1888.4972742200978,1638.0302789563518,449.17737033497133
17.091,2253.772273744056,1692.0129249982112,398.7572715513086
17.091,2048.3238412806704,1784.1049099214154,448.3619168501479
17.111,2003.7044101494666,1835.94433012043,418.7849294082788
17.111,2200.9491590026305,1822.6819674752483,458.4588363041727
17.132,2107.720933856823,1589.7415123162257,419.5882637414177
17.132,1935.1177183854193,1589.9745101491797,447.6286718002754
17.176,2072.731954771604,1811.100993276107,492.57684790927965
17.176,2085.5780045684755,1776.4178901601986,440.23967644737144
17.176,2098.635372235778,1874.2442808341564,449.724101211633
17.176,1889.4770561182563,1805.7250265449177,448.6874971557683
17.196,2197.904113518273,1829.4043886003815,435.9661773876668
17.196,2071.086711623633,1605.613707166465,439.020343987262
17.216,2057.405408859502,1630.1507273028708,449.8563802858939
17.216,1993.1172354619544,1754.4044482853774,416.557153521968
17.237,2227.0133517583818,1695.4775624327935,434.33781333421393
17.237,2073.4599981890233,1679.2946473126399,432.2941062728768
17.237,1892.7275687609458,2045.889484180049,424.1223121302058
17.237,1846.6612038036355,1684.9238827156994,446.6895283320358
17.258,1967.6103740662666,1679.4937779999284,392.8575681189224
17.258,2240.5551329037153,1699.811215549528,406.76297927676217
17.279,2234.6323237236716,1643.9529223507984,439.29232916446017
17.279,2107.3305111034315,1724.5703027075263,439.0292010997235
17.299,2013.66852895313,1910.0548357706334,435.5329467318708
17.299,2254.9147896700038,1642.8844643008756,460.0242067342409
17.319,2129.917258737818,1750.6226583302252,448.0621285658466
17.319,2018.8839025338702,1726.7003272798365,474.83293730059415
17.339,2157.8527506888627,1652.728606536635,415.4177084343577
17.339,2191.6347459223857,1630.4719526625156,387.30992443012747
17.36,2282.8160489468496,1857.5798263604065,422.21069158487063
17.36,2164.545091649526,1692.584981774573,431.17419140711934
17.38,2047.3363866928041,1680.944947430202,443.16035794657824
17.38,2062.555431147633,1980.898388099151,459.8699867350612
17.401,2237.079266001083,1652.8506177108613,413.1818729218151
17.401,2076.3054842160514,1858.9652753670255,491.9951859802446
17.401,1955.2754169965058,1721.9481888748255,456.0702070060561
17.402,2133.9579767799687,1753.1884877744071,411.3540969512158
17.422,2169.7256072104137,1770.1996060097968,449.22406946920586
17.423,2305.5971287953116,1745.5302611573995,431.6177361437822
17.442,2088.5620404799274,1697.3822369095603,421.7202426816635
17.443,2085.457040149642,1749.8587831514797,442.181739870063
17.463,1919.0718779265087,1776.7883463448152,454.02942933678065
17.463,2089.6328967303084,1556.7414580681432,391.5113937117317
17.484,2181.556119148444,1883.0008261719547,440.6959270696289
17.484,2169.568474573061,1739.8229019448138,399.5285852466875
17.504,2203.678957890697,1752.227174587861,378.12455377598144
17.504,2082.426298527443,1754.4666374880496,453.78223007701513
17.526,2289.249210729434,1757.674289313482,428.514579180359
17.526,2132.455389612016,1726.9534805522408,398.3457111251459
17.546,2337.12393470188,1542.797606826886,465.4053541816408
17.546,2265.766604321348,1550.7716945577426,428.8291635474998
17.567,2145.215881832811,1671.2376406058027,411.98258539526864
17.567,1876.9492764507736,1587.4436683655827,397.2818613823168
17.567,2115.976829307569,1818.6499282771738,397.1394037536399
17.567,2226.658720150909,1774.9637602619719,412.4623574238309
17.587,2220.4095611668736,1767.7394468065188,428.9700182678306
17.587,2100.6282373570425,1734.4546909619712,427.9537356145102
17.608,2052.6061715536657,1718.988295789534,433.6817039671939
17.608,1927.2237808701202,1730.4233860022841,420.3919282643823
17.629,2024.9297870674422,1802.1118890417965,455.9735482029388
17.629,1936.0700039052697,1637.562640379042,434.16733588229937
17.648,2107.841199887313,1653.566884671469,462.8206403303103
17.648,2064.016494783763,1628.3725397403487,417.93345794216197
17.669,1959.0209252597908,1628.8815299590658,448.2977676463396
17.669,2062.1147881383986,1713.823866802108,445.6298486180211
17.691,2421.5722762934683,1820.9682792454084,418.4214531489491
17.691,1971.927835247262,1698.5356007526173,445.172622276967
17.714,2041.1005544684774,1917.9551328252726,444.5749003311677
17.714,2074.974618742475,1725.4812525249736,428.33325829061397
17.734,2116.784054053041,1651.2071367029148,433.37917713790023
17.734,2197.7098494972042,1883.3379967684343,463.8362433076569
17.734,2085.069525872006,1719.0134653405598,410.58104677835445
17.734,2179.6570313388106,1773.8867697009287,462.89674294099933
17.756,2039.800164911853,1584.6603917496664,421.53850510163204
17.756,2201.374499685595,1691.2109778683175,398.7985353988537
17.776,1950.356551329675,1741.8390144539644,422.4974805907744
17.777,2311.4607786270235,1635.5961180512088,412.210458410413
17.798,2003.973195945482,1665.6049509607692,421.99625172375994
17.798,2203.7746913619158,1703.9044961309985,380.4756914224504
17.84,1982.5242127389738,1785.0086158071272,402.7581414355705
17.841,2019.654426784665,1461.4134781503483,429.7640246775371
17.841,2057.9700394800193,1575.8695090666033,414.3189378826086
17.841,1927.7783892433174,1835.1315190758373,448.37242203297336
17.861,2221.4768875076866,1783.268623829607,461.2684376815352
17.861,2018.3533186885438,1639.1379162674439,430.8336650048706
17.884,2249.3640824114323,1772.9754239394688,410.61108930988377
17.884,2183.7230613500756,1714.951890212356,450.7299403254714
17.905,2148.144570310147,1599.6499671663369,411.5443651870457
17.905,1838.8303573751498,1570.8841980157222,428.9021411513468
17.905,2141.9231006406744,1566.4493608102475,418.49435853645855
17.905,2110.7590232085777,1653.1033653621598,428.57845939159654
17.925,2137.9457052947696,1778.1341632230133,431.6046808554471
17.925,2166.3089206591185,1616.551263580712,399.83583239378765
17.945,2199.233680177887,1636.410068635452,426.36540200771714
17.945,2197.5949234681016,1743.6405037578775,412.9536266863842
17.965,2160.2699570471173,1768.2851766893104,437.24437114593576
17.965,2150.0028165963827,1667.6565990150161,435.960437530132
17.988,1999.7829969085237,1637.8842806526588,435.2586134877433
17.988,2014.7423376934012,1578.569579857331,434.61128144238563
18.006,2034.6175985108923,1924.1267417855006,432.0564512729541
18.006,2305.5724964322726,1587.0737882558403,446.5704697218353
18.026,2185.590138664696,1597.7461048205637,425.1752919128196
18.026,2124.7918160789513,1540.0536890316507,371.42987652304225
18.047,1956.319679239323,1814.0714952723276,389.6622394069864
18.047,2206.096777131092,1822.9477756030976,418.44661004725106
18.069,2003.2118919840161,1757.6962144361166,425.7841162993867
18.069,2029.8166945895455,1638.0088222001139,408.87537496111065
18.069,2125.5827918430077,1809.7366248399585,441.7163690842089
18.069,2043.4375042818701,1733.073060236039,424.1787373846703
18.09,1950.5378909335461,1752.2656097084805,445.7784251285365
18.09,2176.063850842782,1729.541602247718,375.0036273707225
18.11,2189.4038940840987,1507.1108324971583,436.49821922881455
18.11,2177.920438045669,1712.6094374636975,359.78219325939625
18.13,1956.690062907093,1678.2780004488625,456.4544894120579
18.13,2151.4285739018387,1732.2599872192325,433.2918963926195
18.143,2006.8657759469108,1650.3247364090603,416.8636111647914
18.143,2200.5698913826386,1745.2475657392035,435.55613430518576
18.163,2178.8661868129,1802.928790943016,417.87026402560895
18.164,2005.614346387424,1394.868189477589,425.35262717527553
18.184,2135.9800844612105,1864.1056325305913,416.0893119117254
18.184,2087.7232269989195,1708.8366239416084,362.0783098568397
18.205,2110.7425257064183,1623.4562033663015,400.0823388894935
18.205,1870.288671060223,1708.5906804093675,412.5556204316383
18.225,2141.452583171465,1662.3714109611951,458.36579325105316
18.225,2238.1351011281913,1610.195436130757,395.2504552565649
18.246,1990.8751360681038,1658.4287714000218,420.6264383250345
18.247,2290.9660559596305,1781.861047173269,405.8691287251292
18.247,2129.2821488206455,1737.201488464919,407.8570204945617
18.247,1943.9261418243914,1731.1670596488552,444.5370021762577
18.267,2114.7351875058253,1779.564246667691,453.187339006249
18.267,2103.5660109976056,1910.9422546167452,431.1696306777338
18.287,2107.797860023774,1646.7571698203171,384.9249637479854
18.287,2035.630026002355,1922.9633021445122,445.0030378316465
18.308,2132.812890732371,1718.9546730512468,411.82195527919754
18.308,2181.159859040237,1682.8241819962072,426.6473589925644
18.328,2278.1899110779127,1584.568963964498,450.7966439111395
18.328,2377.020438563542,1671.9210163248972,429.7021091807831
18.349,2077.4905538618764,1804.9485056849207,407.9354622965455
18.349,1996.7410500877947,1610.4754432086982,426.102986489883
18.368,2203.9905434054913,1579.6600059159998,400.074274961981
18.368,2065.490018315315,1670.1832037250592,481.13004883898475
18.39,1939.03643432204,1857.4175607691664,429.0100927038753
18.39,2130.6709130771064,1703.3412553428036,474.58157420106426
18.411,2030.090668605756,1783.212626630307,378.9843233451883
18.411,1970.1773237793318,1675.659994198685,416.83569312229423
18.411,2228.75799544517,1683.8675110412623,441.5356977842266
18.412,1944.87982334242,1494.8619182298003,428.7995794701825
18.431,2321.8971546846915,1737.9286872991881,449.2618389183041
18.431,2320.4098158011743,1800.959119198554,429.57404172736017
18.451,2018.226880665442,1674.298492995991,467.9814979413325
18.451,2132.5868476247415,1678.6085445171216,406.0689447070247
18.473,2166.022295018935,1880.396124222363,431.7236444300249
