Time,W,X,Y
0.008,2169.1462638596395,1700.8486157235932,409.9508964805729
0.008,2303.022358018301,1430.8258656327155,373.31490905352155
0.031,2200.36765659413,1416.8564901745024,393.6627749142275
0.031,2098.510783618132,1584.0897862374472,386.14208680234077
0.032,1816.4478243666172,1570.4876964757702,455.32955172422805
0.032,2377.5186928183593,1472.0681486917429,420.4077428657152
0.058,1824.1694941930707,1612.160008217266,413.35582712628405
0.058,1992.8744461465665,1682.2709887355857,377.500770194246
0.085,2139.859234852761,1618.9705272577678,384.0323557153032
0.085,1569.7241973293637,1543.550922359768,319.0531514679935
0.085,2479.1367780367686,1785.773252942996,400.0495351162271
0.113,2231.0808503317558,1503.019938770645,415.84251911829057
0.113,1701.5093120392057,1411.220077229864,502.4503364331473
0.14,2339.849875307945,1572.2749023882327,435.4538124930191
0.14,2133.453671228299,1718.332850338787,423.36219350968685
0.14,2160.799624519225,1328.6580366232326,475.85737465900473
0.167,2033.5043803842068,1666.2676766305551,414.9627503844259
0.168,2121.555512197107,1397.1392423009715,417.7207246485751
0.194,2083.258361967756,1693.1216759313725,394.96794950490573
0.194,2080.6954725693813,1671.7198335327603,449.3911067595287
0.194,2088.903189158879,1959.2936176468868,469.55416148636124
0.194,1775.6776563042326,1469.3717193799016,418.0334640295767
0.219,1895.557271966098,1751.935490060657,480.282794716679
0.246,2001.6430880640762,1915.2889954861685,432.33506299247205
0.246,2077.454293849836,1846.4846331230956,407.8207472308858
0.247,2034.0000403018303,1521.5938994875182,382.86623081410835
0.247,2106.597190369941,1775.1568767117378,392.584450938598
0.276,1928.122885004386,1370.3425888385086,363.2382006818658
0.303,2217.138581590185,1643.1823427709253,372.9734208927893
0.303,2101.0020082732995,1481.8738101285976,401.9640385900873
0.303,1858.360409278759,1593.5177115026663,410.7821456424363
0.303,1983.0547503369387,1909.3682102526836,421.72051129164544
0.33,1825.6533618401738,1891.6967084499895,408.3019793005664
0.33,1863.4400488642561,1662.4844408665224,394.4108067607762
0.357,2219.540393837586,1701.3125506786798,404.12406383437155
0.357,1840.1762701260095,1507.5003820606905,478.0147712068447
0.357,2297.666677046989,1824.739841663567,420.31011578978496
0.357,2099.680836981705,1910.3675620614574,416.8777742050941
0.386,2106.1054118918796,1678.1748219451495,395.86860439463493
0.386,2037.8568310667636,1753.010030550726,372.3313068503148
0.414,1973.207450877431,1756.9210391747886,429.7436512205124
0.415,1947.2330906102995,1436.382570497564,388.5841444863394
0.416,1535.620130668053,1664.5095363204346,430.854280586718
0.416,1751.4974995987805,1486.732569322457,470.7702881897085
0.442,1864.79464953462,1701.822280117259,331.9719407147767
0.442,2102.7864999530725,1741.6861479554645,384.9732163758575
0.47,2091.1643174360133,1524.81879025126,454.9472306670778
0.47,2351.5553773772417,1984.9801329195222,372.18110076893845
0.471,2142.3929462826864,1543.7942324807989,498.9481078832107
0.471,2138.4148728223668,1749.2965680665504,470.0642713281702
0.498,1981.1968785937095,1675.2215661636799,390.23475753338363
0.498,1729.7488890421441,1516.502917856308,333.3622669305936
0.526,2324.9792461048264,1525.398340327801,415.92477038133404
0.526,1678.7042905216695,1486.7691434577675,355.8403989701569
0.526,2126.8770822335296,1741.557526897486,386.3674726184108
0.526,2155.7844461663476,1806.8962874692688,456.4939456913207
0.555,1705.6095361858097,1667.0742678904019,379.849224242668
0.555,2124.4958981352634,1620.4139090371555,383.172098081971
0.582,2062.025444809696,1477.4953881135739,422.69356746301713
0.582,1709.1517371928308,1277.9390612200402,427.81804182268417
0.61,1816.233541177605,1715.8999455152698,422.33378654582043
0.61,2003.2787216786162,1670.4841198025194,403.77823711495165
0.61,1892.6739347127009,1604.146479362509,427.70647573802097
0.611,1919.7727978865794,1458.4006606392454,481.1178651944718
0.638,2585.8104981432,1663.378239478527,410.3268161974138
0.638,1883.1793338008042,1521.2566636616648,416.04807814469694
0.639,2205.02980897113,1680.585834603702,402.13305488050315
0.639,2332.6600191621646,1857.3184179044767,328.07841021247657
0.665,2118.0608335155175,1602.9343278468336,510.12218897897037
0.665,2338.5274999372455,1591.393599332334,439.99469110623085
0.693,2046.0060866497174,1782.0624463114593,497.1449656490653
0.693,2221.9673511493934,1658.270448969173,364.09130223056303
0.693,2111.077489353504,1462.5880765287995,410.2103678646889
0.693,1817.8758367298806,1744.7058310589132,462.7550722162059
0.72,2187.801874364863,1734.8060762810253,394.656278405642
0.72,2151.3542558300182,1438.3364623112334,344.74048379568046
0.747,2163.7339916778724,1783.6056967257675,444.33361404588334
0.747,1990.9699417639717,1378.965009770889,460.22477766434076
0.748,1757.198784050475,1640.9802129232396,355.20933105300657
0.748,2095.488219398691,1322.7683207409898,419.9350722751456
0.775,2398.460883239166,1517.8735199067173,457.87313464392247
0.775,1938.085478457451,1623.3624040456436,384.3632360385528
0.809,1748.7338005568417,1320.9272069644762,371.59394650450605
0.809,2236.0769419499316,1724.2480996808035,414.9140164897841
0.829,1829.9739870276562,1595.9328208070692,411.946637316875
0.829,2302.700352279707,1495.8020020348476,346.1262638333811
0.829,2016.2112004902156,1720.9895737857275,337.20107829099413
0.83,2067.603743513402,1622.8633924742683,403.81306439987117
0.85,1973.1706969940722,1701.4524883957954,430.94864399847324
0.871,1791.4291015263366,1517.5209274349668,358.3691178811837
0.872,1782.6784002527975,1606.6333556501825,385.544825100157
0.89,2272.6966525548146,1530.5895590123732,379.2873543147993
0.891,2162.6445563973034,1710.9339723611217,388.73909459970076
0.891,1959.8473234157907,1925.8448741552866,372.7017252701484
0.891,1715.1662993511288,1561.8424716652216,459.5859646629956
0.911,2087.1824968773253,1866.3232905297841,468.32118963799763
0.911,2225.3289782381516,1567.6325568420953,373.7080956758336
0.932,2268.3060615067075,1417.6851514717769,358.2442044783653
0.932,1753.3170712547317,1626.9394296536339,451.5621290487496
0.953,1896.0412164437303,1457.3392697423087,415.83021536387963
0.953,1994.116343055267,1565.19795852351,381.66098482109356
0.975,1718.8626973898645,1538.553118251042,457.31676442250176
0.975,1695.6328333200872,1594.2662340390061,400.2763388684244
0.996,2403.8506051686877,1556.846545805024,435.0511591411781
0.996,2126.724038991079,1674.2930016810174,471.5200639577825
1.018,1694.0869586937292,1676.3792144996582,472.6243241276559
1.018,1955.9551932209379,1654.9776770504884,410.98143476716785
1.038,2074.5140103758577,1648.1027523544703,471.95124092785926
1.038,2130.2969750772286,1865.148969283112,465.8077302637371
1.058,2160.666781806384,1804.6458066552061,424.295691164141
1.058,1982.8145389855626,1530.4666466069064,374.6937446029052
1.059,2030.0029684233523,1818.422506759513,371.4391604036529
1.059,1925.2160478800515,1688.5772944307264,467.1069135854168
1.08,2261.8951022030838,1614.7884265071511,377.72017166908483
1.08,2088.300007071692,1463.0631196679144,398.2198790945079
1.101,1999.215068530869,1536.0957668475826,380.07277819076245
1.101,1763.0402335810586,1701.1233909016162,447.7952400562136
1.122,1914.7684872089303,1600.9980919402883,393.2002937342126
1.122,1758.2402518638355,1711.389867387275,403.74401135783194
1.145,2007.6720159842807,1580.778937484279,425.79508930451266
1.145,1982.837677852829,1594.7893710037827,290.50088616883926
1.164,2046.0755547894564,1338.102307619665,431.58482365198876
1.164,2187.1007526923904,1972.9308774153749,359.6432745039583
1.185,1839.6516210848245,1656.3668945543925,373.4266979081263
1.185,1984.3740562170601,1623.3632823018295,442.640929315074
1.205,1858.0217792567005,1643.0207545363792,431.76613061237805
1.205,2149.79906111326,1545.1061229237628,458.27871709822443
1.228,1916.979262813734,1887.680145229338,440.9330905152545
1.228,2180.6172231939463,1500.0648354971029,464.3771376115116
1.229,1971.7691067125538,1654.4201218843411,331.6381218274968
1.229,2028.702628437389,1495.917891356172,379.35020302740884
1.247,2435.6694878944454,1928.5459851268752,399.62288334383413
1.247,1941.6755498612577,1385.9915377000482,427.8476644842427
1.268,2273.4141816182646,1448.7368778694042,393.3602615420815
1.268,1658.1456343706552,1349.4111306933419,434.8446501540988
1.289,1745.9354763942833,1737.7964661738129,452.2913353781704
1.289,2195.9771412826917,1836.0351364617723,417.982979669538
1.332,2222.1877035541906,1645.198790158901,395.7025368062972
1.332,1893.8835826990328,1785.2388237449381,362.3414462522146
1.332,1787.4087169112363,1522.427520773697,452.43898862060905
1.333,1713.4018788605924,1777.393494542323,481.5900448841461
1.354,2018.960315243952,1719.5323869336933,472.34442533875085
1.354,1892.8095676739974,1582.3156890144728,431.91882117373166
1.372,2013.2475207479754,1660.6383712886504,463.16680217020024
1.372,1968.2446027174685,1690.9054247827316,334.6318421545229
1.393,2192.423230773582,1768.1403571120843,486.8764168802273
1.394,1948.4799418522334,1902.7733736825744,417.18335127155785
1.394,1675.2181056109416,1692.1980063464011,401.1483580554131
1.394,2156.7333819400096,1812.5093356352568,391.1452681738464
1.415,1904.9934494196343,1440.5967317563443,422.5116135476677
1.415,1904.1984949377318,1709.4924577277789,371.5731969968418
1.435,1831.4333186680985,1493.843652335113,391.8852588529577
1.435,1661.4906791641436,1378.6690091142386,454.45768803284335
1.457,2348.0330167954507,1714.3824806744842,284.4842910808293
1.457,1997.2990380177937,1932.7605505749973,403.9152856976008
1.479,2145.445465474096,1572.874166494286,469.35798714262023
1.479,1616.7918311162136,1371.9299127905551,436.0987470080954
1.502,2081.800199876242,1747.2779305537333,449.49754391749946
1.502,1733.841009792231,1480.6548499586402,441.7720254067344
1.522,1891.3646118234276,1458.88354074198,438.43315517187676
1.522,1644.535577807495,1776.3050935078716,428.08244721191545
1.542,1893.3340126980788,1642.4741850580135,414.91602231943335
1.543,2168.6428114684904,1744.9971816485843,414.4878564583208
1.563,1925.7494721581415,1689.256814383006,401.4310072013295
1.563,2024.3456675729924,1814.5412531451102,445.2326351934035
1.563,1855.9986152146084,1786.9879602582353,445.93418095236143
1.563,1896.681286104168,2028.9691294747379,443.6695723970185
1.584,1949.9929561119168,1763.2247086001676,370.16576266929684
1.584,2465.1083565182294,1561.250706965892,390.78053694144904
1.605,1812.6479735486932,1875.0824784884826,398.68629459543024
1.605,1532.4365899553711,1642.532272315475,398.94904675234847
1.627,1741.9277040337647,1861.602959379298,448.19391931025393
1.627,1896.2093894387383,1412.7337523975946,353.1909879066404
1.647,1987.185018579449,1554.8131506201644,453.0807909672876
1.647,2153.879988152508,2053.7325848055507,421.0689180593965
1.668,1844.064839234787,1587.2266519363798,419.0418679218693
1.668,1985.3304204281264,1819.744389983826,379.842437942559
1.691,2266.686725937428,2010.2627795555327,391.90121544993497
1.691,2164.3207752881776,1613.8622605214498,418.93026511668097
1.711,2345.6660563051455,2230.4882949852836,427.8404959249767
1.711,2143.76942337927,1471.2264869606543,434.4571718721798
1.731,2523.636478825886,1553.9345104867,397.3075192617629
1.731,1890.1994300612612,1609.692847520612,384.8844715215943
1.732,2362.5315557237454,1635.836590838154,437.6779306383344
1.732,2030.609657454431,1879.5425699559187,507.6098045838497
1.752,1855.3321112925285,1734.1035504299555,371.6121447299863
1.752,2053.613219365749,1854.8070518185677,411.7173969489429
1.772,2138.6226056593778,1821.1084625627957,419.3066863996531
1.772,2140.2632915878125,1805.9000540653292,428.054467230119
1.794,2280.715073406089,1643.2080387754252,368.60270847376586
1.794,1827.1988081743707,1794.005374896837,458.3213538783355
1.815,2015.9034368893629,2003.9908289995433,535.9885509933432
1.815,2056.4688812758236,1762.1836351408556,403.7136356303939
1.837,1992.3283973574187,1562.1165036091468,412.82571658986916
1.837,1852.6558341649763,1767.6696878149726,348.0876538869769
1.859,1886.9266891589891,1390.256073964905,438.36023783910576
1.859,2292.856140695918,1775.731851244092,417.8188755539034
1.88,2166.590066114303,1979.1729286611337,292.5342913612505
1.88,1984.2167195939962,1801.310946389652,396.31872308325916
1.899,1966.7077700810664,1780.261963492092,469.23355562332006
1.899,1989.1018352282647,1664.1155756790704,504.45602994875765
1.9,2075.7229439285516,1624.7729999214857,414.28192698645694
1.9,2020.0075262993416,1891.7780990697895,488.62871412760745
1.921,2156.674144948203,1308.8917139365053,448.4375654875332
1.921,1742.159070610879,1658.5529574079042,417.86500928896754
1.941,2271.208632284374,1711.7816677927624,469.7034732906449
1.941,1836.6172607573235,2047.3439620194458,425.315221756847
1.962,2000.049528208641,1613.4288169078072,379.8805136735284
1.962,2561.482847885262,1466.7586340552189,467.370440213847
2.004,2243.4060543199043,1996.3786587250806,411.6037227680706
2.005,1970.075020541234,1570.9996701403759,408.94449217253634
2.005,1827.4326566065347,1448.7016388735415,388.09236118454373
2.005,2157.5024616261994,1742.3540714427234,484.0094656209649
2.025,1731.8347634766528,1514.3431251297097,380.4489008653197
2.025,1756.4638448708074,1951.4822921697078,405.91482598927627
2.045,1952.813943829853,1646.3951954696165,356.012799425467
2.045,1919.4756355761203,1326.5464469647447,327.0540002669898
2.066,2773.7690641692307,1985.2776000701133,354.09638568249886
2.066,2365.677108610766,1657.3530168983232,449.8280935087378
2.066,2192.5155915918667,1637.6518785905712,484.5209346235118
2.066,2013.3343898429312,1662.357364102673,413.0063136345614
2.087,1969.7880246678587,1727.9570131522664,494.2277840248521
2.087,1710.1819088594796,1506.577588199836,379.0407112604575
2.107,2036.2944611993923,1725.7741106708966,424.30439871841986
2.107,1750.9480171692753,2116.553498734877,435.0366567477111
2.128,2385.3216248383324,2025.6917805746984,500.7303205738687
2.129,1987.0399707237095,1440.1634995762804,440.49032653955663
2.15,2230.35735368757,1893.9055239162403,490.1925000936215
2.15,1845.5740911382343,1672.6622835486373,450.13395821985966
2.171,2043.5308384231182,1634.3387892228204,437.99169658444885
2.171,2069.951029331766,1416.5065944181133,453.1567505618442
2.192,2105.0749397107124,1800.8630383583227,414.02500605811167
2.192,2313.8927314407665,1589.231114381509,437.81423302911435
2.216,1969.8377207809617,1618.3351196828453,371.6604891479927
2.216,2175.5406922818024,1731.432563603234,481.2524695430558
2.234,2018.8124728985404,1592.2454117506284,458.1498619994708
2.234,2071.2392973837123,1360.468994406409,500.4837261439751
2.234,2025.513543459302,1484.1601796556051,377.8462988807526
2.234,2000.006452364049,1532.8068601457387,466.52759622241234
2.255,1728.4580263798478,1848.0226887816186,467.15917054879264
2.255,1552.8157294653106,1635.3626453829595,389.9069284835571
2.276,1820.5228167353716,1711.7633709817562,441.80439093590167
2.276,2003.0782724791507,1826.9938494291728,519.266292061412
2.299,1724.3556430904116,1526.1036105630765,360.1616238783323
2.299,1935.3107371346205,1773.807536367599,430.9345266681114
2.322,1964.7460937785888,1648.6136091930903,323.76766572149086
2.322,2169.097177143109,1326.9747107506646,391.7076808957917
2.342,1836.7294490558859,1661.6390040451217,398.4155772300664
2.342,2102.7193376783853,1579.0664453817792,462.4882853686014
2.385,1905.1134061898206,1557.5751812611363,434.95334640939274
2.385,2259.816022478947,1608.507734850621,353.6660771931071
2.385,1802.3558502032122,1767.2522355273572,533.4457707319898
2.385,1869.7251650498185,1785.851416183208,375.929283208822
2.406,2164.2626721945244,1643.5939403682287,427.6980916078665
2.406,2024.1226790053074,1391.237540346466,362.12754398521
2.406,2221.5685707911575,1798.0290060833827,430.94652768945343
2.406,1877.3272492321696,1675.1314955747239,388.73730160350135
2.426,1695.437063960406,1740.6500025740665,389.9786613265746
2.426,1682.9129800954422,1750.2257483372025,420.7801232358042
2.447,1913.8395234811162,1588.6667992723449,428.86186184358223
2.447,2564.927362299826,1831.2555514924022,474.14976925380637
2.468,1835.8666706716976,1439.7846647186893,393.5933584451761
2.469,1944.6377697673563,1472.2603237041972,500.7005278150139
2.489,1859.154219378069,1913.0946691445592,355.050985935479
2.489,1928.4781139324468,1622.4481436431192,403.5466892322879
2.511,2174.6445804339655,1441.6575562197486,398.33716866827683
2.511,2191.0754948640565,1758.0234377978263,421.75684441245807
2.532,2703.8357277046207,1553.3524616690038,424.347142004901
2.532,2532.2378795617988,1355.0314887644586,425.8803563002524
2.553,1997.6159563202357,1739.2454961464675,424.49125775458543
2.553,1632.3964680390945,1785.3462967597018,374.0624120994781
2.573,1944.3848053636134,1880.9371274640255,393.8941099578441
2.573,2127.4289151566945,1832.8894192974572,322.22877749974367
2.575,2286.252743746133,1556.5654038390776,365.310700715096
2.575,2126.010644450883,1946.4093282906913,381.03478492412194
2.592,2058.6671529196137,1914.6130889772394,395.4516632511338
2.592,1763.5337135491109,1466.720451904071,358.321799537653
2.614,2275.222628509592,1848.4738681168994,385.22585691354146
2.614,2127.6203170626377,1404.4271675018613,390.94694151395396
2.636,2085.654797252357,1670.4266698493536,444.8933587983798
2.636,2151.5200750381578,1894.6487298976099,457.42476051270364
2.655,2437.8602172446244,1426.372746721347,477.5712933329968
2.655,2003.538481445004,1566.8713352588911,334.67291037325253
2.676,1725.2353865745495,1397.380556661203,419.28542583341084
2.676,2051.5245826946893,1759.006640537836,409.6771274437902
2.696,2230.2399352675484,1620.2874682299218,474.8636684712265
2.696,1810.9361229087374,1829.4923443381317,435.48667545238357
2.718,1762.0203083961337,1698.4520000680548,450.09530324258156
2.718,2237.6946271711336,1637.886537892029,474.0907754631149
2.738,1927.4411073948713,1816.7212747332762,396.37983883235637
2.738,2402.922597779704,1934.776931326124,416.85100356745585
2.738,2152.715276544595,1496.8885655561958,479.4668435254452
2.738,2021.628318613869,1800.5098707505806,383.1364443397748
2.759,1943.5576252177389,1778.7186117724186,477.97995967916813
2.759,1906.6640522571543,1649.3431264145527,419.2813691507564
2.78,2071.1596157260833,1507.6187678389872,273.4226010307193
2.78,2378.2138349322363,1883.568603375988,459.97159200197626
2.801,2118.128910068448,1607.0062010647125,393.0645643238775
2.801,1870.1474797820972,1793.6077521912364,372.3576251148999
2.822,1932.9844604347302,1763.9123897595964,439.91451599157006
2.822,1697.7413746314503,1493.241939731783,411.99330726340213
2.842,2296.580749148654,1432.1586880358225,418.9582025267628
2.842,2036.8477215407963,1760.181954523781,362.65654796225874
2.863,2144.2834201559967,1542.588992846102,475.1450585385643
2.863,1607.4538330291566,1618.8338744377943,381.5506303549718
2.884,1868.3772955568752,1433.075578720276,465.77691871111614
2.884,2090.7381770032807,1745.6514037175107,478.01878932082496
2.904,2371.2142226296255,1114.886836219467,432.3866426314256
2.905,2176.263452586585,1409.6066870140346,376.4552643015279
2.905,1975.373295917925,1587.1322065791237,363.3829565859286
2.905,2313.3809513764572,1622.1233628352395,396.2318438476676
2.927,1792.1513132671353,1445.3439357767509,414.35139814987133
2.927,2116.2811676610495,1461.2303053878863,403.23244155760887
2.949,2016.6837935958915,1905.4698406239072,431.25196888562317
2.949,2121.329809904469,1420.798121804375,350.90210148785616
2.969,1887.210150048621,1349.7270328076524,387.72907886996035
2.969,2024.866979383102,1929.2442252960866,442.79960164368384
2.989,1918.775186147712,1826.2629704506758,401.77997837062304
2.989,2069.692289237479,1376.0442198834583,468.7991569953606
3.01,2085.254824941631,1572.7958858174738,345.08499776557164
3.01,2242.5976434504287,1777.8004477919674,432.8953683471679
3.03,1812.3817722828699,1625.5489284828152,434.22448124899523
3.03,2192.050160726662,1480.5894088924294,447.66268749284586
3.051,2114.568426930908,1637.2656198796585,465.2132422793781
3.051,1633.4265285277797,1561.8549959840134,437.38483811598326
3.075,1882.1222102090267,1703.3970187757795,310.3492154386474
3.075,2166.8833495443646,1966.3018918176253,435.09042149161655
3.075,2027.1158630789416,1664.9527535662726,366.1278156717268
3.075,1740.642348982587,1774.6614249336612,400.9834538901062
3.097,2134.5265997113875,1552.2992149164827,434.8446988493082
3.097,2041.213188441509,1482.6995441631295,477.1430322887636
3.117,1862.8954031087114,1707.0590420649748,446.68421124083125
3.117,2272.7164470728385,1603.2652115051744,433.74835083120826
3.139,1583.36392136235,1755.04361014511,335.80114027237306
3.139,2091.9024512219557,1696.9591988575364,419.7999924085003
3.16,2075.6326586690357,1872.915321247926,440.0963455777663
3.16,1955.1581114566177,1695.4645408676263,291.07161456167466
3.18,1929.6927556053802,1694.374555130371,407.71902355983576
3.18,2186.0685250558663,1691.633943794136,365.8640141195129
3.202,2137.328340873635,1614.6230112450978,367.42403211430036
3.202,1726.7629783611894,1478.579339388097,458.7395382123701
3.246,1922.2013791495765,1698.290148570525,416.1623785519053
3.246,2130.5484591026884,1863.2538023185557,470.8440771847158
3.247,1830.4745168999495,1602.585070211237,419.1776286596162
3.247,2094.219833203395,1631.0116730108891,352.49415172139544
3.247,2013.217044765814,1725.6746218442056,456.74081512715196
3.247,2117.6765909040237,1704.8054460097173,420.0039896690369
3.267,2126.980416986347,1598.539206272392,364.2544597399319
3.267,1874.5449611636705,1732.329907592778,399.5212110594691
3.287,1755.6297754578331,1463.2924333305687,406.9949233718309
3.287,2072.9722171657504,1512.3826612388712,458.0868480845221
3.307,2076.2518507067407,1406.7874436054872,508.4748023333858
3.308,1963.9605410513623,1928.6718773584466,371.4852622931634
3.328,2068.6252154349086,1634.364101299243,399.1228163493263
3.328,1587.3433408698643,1611.9580719573262,383.5156011448666
3.349,1966.3657389308862,1515.868481138423,409.29614301730095
3.349,1593.4001393804688,1698.4261577182644,437.57577361091165
3.37,2114.4154458117764,1690.9171523133366,422.64907233057284
3.37,1991.0465887511637,1652.457154733817,396.79873217730665
3.39,2100.6984689625874,1739.3343983707027,452.00106851695654
3.39,2034.7560334231857,1795.8886325842636,479.4514640805005
3.411,2187.7742643307374,1923.3003603046466,462.65821274799237
3.411,2005.8596271647255,1525.5287859855496,339.6334203803734
3.412,1928.631017538964,1687.8962098108557,391.7895695746366
3.412,1916.663673388061,1429.278279570239,395.51327296852696
3.433,1830.0228850425924,1551.782644422101,323.99589091337594
3.433,2254.1905034643055,1385.8625957207487,388.77141071896096
3.453,2163.62731506213,1765.8999616925007,446.0247721073258
3.453,2252.3522703890903,1609.1016322272094,500.6537092153017
3.475,2369.3253117972367,1473.6209126257997,367.83976168451693
3.475,1816.7055297833006,1508.8769233523903,359.94008145249234
3.495,2059.3061214777986,1678.752881186224,416.79293550359273
3.495,1731.0811844116645,1724.9480649682419,332.47530034244807
3.515,2019.5118602671675,1941.2310138539756,376.8330182586935
3.515,1701.4748433459386,1476.659753750992,344.005256286074
3.536,2299.9628437559463,1741.324140217424,375.31833580950877
3.536,1876.277227810898,1511.1597272528206,446.96040606305155
3.558,1734.0724481899128,1784.3966960860205,417.52895819046694
3.558,2068.136279683417,1854.5282780031978,383.70797439246206
3.578,1858.1306045006095,1761.3161927917008,391.65754862360455
3.578,1849.7674629716432,1408.446197783422,437.2988394075223
3.578,2224.8800022907985,1637.2413310567638,400.91462389190133
3.578,1509.706373509353,1808.226158854842,397.36005392058735
3.598,2270.390906072833,1815.0647314008138,386.5657067220555
3.599,2116.067667605584,1786.2113477787361,405.9399842893179
3.62,2053.0913720428393,1344.4544091661332,461.9375833113908
3.62,1891.7820808693248,1355.340539517167,395.2647428884013
3.639,1901.1435358825183,1617.495705811122,445.93679938840336
3.639,1851.7081663526533,1810.9607046082722,413.14047359102125
3.661,1806.9360885118108,1747.462212072733,390.75963719817133
3.661,2427.408109162646,1505.573992391214,365.3200019050712
3.681,1981.6798000457188,1645.092936742558,362.359596486247
3.681,2115.7021493110933,1431.9973413002153,405.8716104480113
3.701,1849.993868192169,1622.1746977817588,472.2832499418699
3.701,2091.414997502998,1640.164313160838,440.847387416629
3.724,2138.125934539215,1620.2660921241088,452.3001694184902
3.724,2597.617537290262,1864.775959174649,376.6080072687815
3.746,2077.319245497437,1481.4785896715348,452.13895466559933
3.746,1947.0215822908383,1546.8231649056506,372.23192487209155
3.747,2209.674330307772,1825.2942987010472,439.2950174399665
3.747,2002.0255135357552,1896.2058732390258,478.5488604612892
3.767,2389.3462756383615,1726.030439560366,478.54675223868963
3.767,1711.872361800487,1545.4206213628252,392.28541653748226
3.787,1885.1126246951287,1584.136509106275,369.4543941367375
3.787,1926.3303347487567,1560.6627773442822,364.91285957692634
3.807,2176.7853343876695,1420.7196134411533,397.24166607040513
3.807,2139.070090719393,1575.2553652349823,420.9163529013759
3.828,1826.887623492248,1687.8978343250124,433.69011580920727
3.828,1963.0661178323603,1613.4201648339522,424.90030632765894
3.849,2040.8514863190505,1797.1567790819947,432.1467794842641
3.85,2206.2209918024837,1620.4133323292388,419.0467879373667
3.87,2228.616466662428,1643.8685844747483,407.14673457460225
3.87,2187.980173350444,1343.7335006598942,406.41576789484725
3.892,1833.2780212918892,1445.4946838755598,391.87596998172666
3.892,2077.075237059383,1695.1236610470978,398.6711025652151
3.916,2116.0023865488297,1583.3987602431168,457.62014731474994
3.916,2067.626659230187,1903.908881862764,453.756270991843
3.917,1918.6655134871896,1521.2511350093744,451.8382517225502
3.917,1720.9043983933886,2234.013834211063,462.5842983498449
3.956,1743.9035537787431,1775.824790805905,443.9733398794356
3.956,2230.8974460932172,1494.6064265398318,368.75828793052546
3.956,1817.8435611801458,1707.2623891268356,492.78404052134255
3.956,2277.835668046055,1916.313194824235,415.6648051958277
3.974,2088.9007632394637,1473.0327097887216,415.09979980220436
3.974,2160.9530677533603,1544.8261280377733,388.21801712501605
3.995,1894.8216312836141,1666.133777952093,397.8312316765661
3.995,2248.475373380919,1443.5039162146181,389.4902065328971
4.016,1528.8046096294129,1857.8753150385778,439.53730287687796
4.016,1800.1559054391178,1714.6096732990984,360.27334347286234
4.038,2000.2107579274605,1653.6690035959011,405.5403488986439
4.038,2120.1827272766095,1605.3394007306651,473.3748979604344
4.059,1856.1348578949492,1347.1710230366266,370.0889907973085
4.059,1972.8047007834557,1699.3051820148378,374.7783144070443
4.078,1960.2107003040942,2070.1330377180047,400.25920486348866
4.079,1847.340312781659,1364.6120082674934,555.445677780203
4.079,1883.3667089054768,1790.1307930571215,366.10515513943693
4.079,2107.9078727796355,1578.9425158969273,483.1570166765366
4.1,1876.153249609627,1635.2242878639527,391.8592290017111
4.1,1844.7472373280145,1733.9074953582403,384.18575324134
4.12,2163.684885436561,1702.1033947447813,499.5807338428282
4.12,1640.077255715847,1610.9458016587184,304.2898372980332
4.141,1866.7674642605234,1342.478906142235,360.3433205497241
4.141,2453.3929114792663,1483.1465813548405,409.6150795524313
4.162,2210.320820532551,1722.848928190101,455.5445012683592
4.162,2031.5776546313095,1603.2465382992136,347.336136516454
4.183,2189.73858725118,1819.6381407012213,400.4117500439156
4.183,2313.4483918883957,1758.7905851418486,391.75141506899297
4.203,2115.523446499726,1869.0140221163522,452.61035204397024
4.203,1921.023889185768,1654.4566042371935,412.03092525713737
4.224,1974.6975471447233,1755.4486463259557,438.21834201420853
4.224,1785.4698065115579,1804.3467909399742,387.33856521081077
4.245,2165.1283788061446,1183.3141510645873,289.5581771809521
4.245,2128.004417318584,1873.232115333016,403.6910145667961
4.245,1787.6547982495683,1578.364979541576,435.6784715503893
4.245,2189.14436815455,1463.2076902347294,467.60429252432635
4.265,1812.079762515105,1477.2470267091212,362.6666493259152
4.265,2483.3756923087403,1556.2899739137815,448.6692549058779
4.286,1934.3126244595046,1415.9887601465234,355.04086268685205
4.286,1962.5181280372385,1512.516611798015,415.4072710049
4.308,2200.8480058669593,1592.401891822808,370.11409240095236
4.308,1855.3841286757884,1718.2944287056596,397.03497775629546
4.328,2092.3787651675434,2136.5360792582856,448.0984834162092
4.328,2001.6542394331366,1583.2437038232529,428.0411493313818
4.351,1934.515316206305,1587.1113483623062,410.8527963835915
4.351,1817.0934017416812,1862.7241896123842,410.22667479131906
4.37,2000.95850146791,1687.4686813535016,386.84640102511673
4.37,1780.0180799096702,1860.7648557578368,535.1150975196603
4.391,2152.430795691525,1645.5254962586764,432.78164965754763
4.391,1973.2991255738887,1653.4217908800078,316.5053821240138
4.412,1949.797887384314,1686.5692800307638,411.15201436575677
4.412,2413.531530496041,1589.6083394161171,392.9586712768113
4.412,1938.8286354614459,1733.637944112077,558.5194340555198
4.412,2018.2037376142196,1912.4101239763447,391.38582456921864
4.432,2099.8057231668413,2033.3327013680932,404.3110314186789
4.432,1927.8967567701093,1411.6333897679747,443.4763243300685
4.454,2051.491043250678,1382.1159576519417,404.2290144034738
4.454,2032.0226601307356,1426.9366661376503,330.30805189600153
4.475,2336.55088995447,1385.3723739603822,447.5477553723174
4.475,2016.4051210709692,1483.4222180259876,385.2495493739629
4.495,2408.1344449376047,1721.543643385985,377.89174118041717
4.495,2193.0506450129255,1843.050548462831,383.28846582793255
4.517,2442.8533957408104,1686.3860565822804,364.0820043512758
4.517,1914.092014586585,1677.5419118589816,410.89630270718135
4.537,2138.8945705984593,1454.1922111686708,426.2930405297965
4.537,2039.671239053912,1354.4868093347916,311.6833888675613
4.557,1948.2991567760766,1671.2957425209058,393.5085836390359
4.557,2042.8733724583617,1523.9874874479872,362.98045094463714
4.578,1867.5425954727336,1692.8205656302998,409.1735129122618
4.578,1919.208231867066,1766.7161275874064,412.5291311430372
4.578,2008.38814198947,1613.3204231518023,388.8028808155101
4.578,1685.1964514965066,1785.4804383702462,324.6866331207767
4.598,1871.505769548965,1860.6140036825266,460.5621599956496
4.598,2004.8877483861363,1875.1008353747238,440.0649308800082
4.62,2299.967995558744,1637.243987308718,459.1828659382084
4.62,1712.3468283557268,1532.4157825268226,461.10440042074555
4.643,1490.082221878583,1686.9059937564257,459.3839709715509
4.643,1704.3096870453987,1561.172775511347,416.8711724167138
4.662,2097.3606853207298,1420.756183707042,434.57437724001784
4.662,1938.0171617711526,1657.0763147265247,357.6876176276547
4.683,1884.7627513635516,1856.4009858116606,416.7342940064688
4.683,2488.718644053522,1626.878841589372,389.01054597986035
4.703,1966.4369239092766,1856.0810228184891,408.26356419106855
4.703,2116.6300547897754,1828.0408382607839,391.0361248773121
4.723,1965.823853891842,1730.473066699342,361.1505547612034
4.723,1994.2878913005195,1484.5796740293592,477.86710849307497
4.766,1952.55222410242,1531.6630060408736,418.43561003776773
4.766,2111.403603015409,1845.8108635306235,437.5937458167371
4.766,2369.807720660766,1711.523307433147,422.09131281595506
4.766,2020.9428684150512,1818.3126031149131,435.2834887406277
4.767,1589.1971200497928,1767.9802789297005,464.6704475960855
4.767,2266.4224945514816,1719.9319828487937,382.731166283399
4.785,2140.1101193900718,1714.5483772289147,502.13673979043836
4.785,2040.1098858675246,1555.866858842278,435.6666133578707
4.806,2044.1486483196686,1597.726786529753,461.0190856732237
4.807,2058.564742332951,1689.8211695900652,401.1845709705972
4.827,2238.8863942310263,1766.2555433282034,488.3156790241586
4.827,2220.9955390410064,1548.9357970900137,456.29477716094215
4.848,1903.7942919844063,1503.9639631237237,427.77980089557667
4.848,2409.0954320848978,1645.4495175820077,428.8457111525584
4.868,2206.924124588108,1651.6336826332392,346.695241662323
4.868,1709.272094056436,1593.393211237806,419.54086092789413
4.891,2214.711201396887,1457.3986242424987,437.9534704437945
4.891,1912.3742082366962,1838.5302054524554,381.6035795449699
4.911,2153.5428942108474,1391.4566504097643,404.9517972297589
4.911,2245.2865184362013,1502.7763685131401,399.18912476669936
4.912,2031.3312520146392,1755.1068217912944,439.134083883039
4.912,2212.533693099901,1680.4304309605475,442.271629308142
4.952,2157.3893277738593,1546.9421450939362,457.5120808181609
4.952,1893.0351585600638,1293.9409286832915,462.1499036929074
4.952,2412.2835091298875,1851.243490106661,466.5304337468734
4.954,1808.7789375170291,1767.0869276974777,396.1057898422817
4.973,2431.7075597683097,1625.9020260865584,504.53603267326673
4.974,1743.8237613593124,1471.278758972115,461.2444681156799
4.996,2014.6098797500692,1709.4858070435384,388.6689040175445
4.996,1659.235213089486,1939.771504125296,402.7464641042097
5.016,1963.1550190938558,1595.1461097679282,349.9329193570181
5.016,1700.0192315237596,1639.8027420370186,516.1168771558873
5.037,1702.3742066401007,1602.630259251235,367.27722795431293
5.037,2080.1408192693834,1836.9178753444055,321.22863339867087
5.057,2128.542926926556,1910.8099904954388,441.04705737286764
5.057,2046.7275472378385,1936.8411611719532,420.96519239140923
5.079,2199.6115997028173,1846.447547894339,299.71249006884597
5.079,1872.1052766945832,1574.934254254523,433.8138136982452
5.079,2125.761930280643,1995.93928378181,399.4327584579788
5.079,2089.4252055007887,1376.8223657290187,415.0231976366815
5.099,1951.724858727477,1497.212652754104,414.07328074434184
5.099,1963.1710944399335,1715.9519482934018,436.08701845132407
5.142,2297.0342926923654,1826.605267142046,427.5713044750981
5.142,1950.1119778062691,1776.675350572946,418.5230225063336
5.142,2044.194042031347,1753.7858484965666,410.7473253585639
5.143,2082.49969832085,1778.6628153847819,515.0701536830836
5.162,1975.2934413604853,1409.6436425980105,371.43374796037943
5.162,1958.7413911910385,1865.9824870151667,445.74733133247554
5.183,1557.8454290969037,1891.1288041576706,391.67288724606095
5.183,1859.947414356413,1427.4754815437623,366.99187360533256
5.204,1863.3199456680009,1603.096950764041,371.23633159647824
5.204,2107.453637329551,1800.2526252536782,289.29458063583024
5.225,1272.0158709857096,1576.2678192822723,442.92387428821024
5.225,2096.3462740802233,1654.5914617158937,423.4143592312254
5.247,2216.816295629906,1605.8768852424373,468.76180162277535
5.247,1949.5614041601298,1671.587493283695,402.21263578095846
5.247,1657.6731012463163,1302.735681996548,381.5213225267452
5.248,2182.8717248165844,1555.4124167516122,426.116012693542
5.266,2256.9947230591174,1756.5227090591832,446.80288307654575
5.266,1965.1652927808798,1645.512418786756,330.2152320531453
5.288,1786.8270603477538,1460.9946798167732,312.7331619446981
5.288,1694.4071570346239,1359.4206419926945,451.68000358831944
5.308,1479.9647049978937,1753.0728375790145,380.31043302238515
5.308,1909.3714888952152,2012.204498590436,429.4792920416698
5.329,1840.186488056986,1487.045925994405,450.262523743612
5.33,2057.9851548152733,1964.7554358460422,438.153861976808
5.35,2299.4359024216765,1456.2397438626292,343.80257628746057
5.35,2005.8676141517578,1897.9207085764829,405.2399993404604
5.371,2084.136987479584,1331.196172921606,405.6166526745658
5.371,1955.5778619833475,1217.168054828248,479.1931733675201
5.393,1713.4044670363319,1620.6956972312362,319.30410534131187
5.393,2076.8176825969113,1921.3633306181378,416.42802199383726
5.409,2413.802740331004,1634.3919392565463,405.64395585397716
5.41,2045.1343338691872,1677.5521244759166,395.8876236947063
5.41,2125.8081603764986,1870.1276282458712,419.31921295170406
5.41,2006.8222773395646,1438.9119244545298,361.3117447484551
5.43,1918.2859984282886,1625.2583705396003,422.32451377946967
5.43,2466.3554905516667,1834.9710908560307,486.04792173250394
5.453,1769.1922056831554,1981.692535619,353.757449551253
5.454,1935.6801800829146,1556.1514072529062,413.19412509735434
5.473,2210.487010149134,1487.043768549991,424.2259820664119
5.473,2038.319985104946,1410.2450110399307,368.7981147393025
5.494,2056.2009253199735,1617.5203364724916,425.63507305625825
5.495,2205.6820589145573,1612.4828169353489,380.22297663459244
5.517,2072.6738331772635,1697.6338481894238,399.1391007793406
5.517,1908.4910828979662,1654.1849270205923,520.030973524813
5.536,2048.4722954067224,1603.942187172647,427.93308017931906
5.536,2108.336183457177,1668.022901574586,376.44382043988577
5.557,1940.342099390152,1718.3497070430215,427.7691987050892
5.557,2474.9861455924643,1089.7859171887937,385.0796992845841
5.578,2101.51154204472,1370.356818127505,493.1114438054264
5.578,2149.7056886465407,1817.8215492867048,487.3251171543543
5.578,2364.2389003902254,1597.6044881671012,429.92890135336586
5.578,2012.20306765367,1601.9820441372262,462.3106624729505
5.6,2220.1197490726245,1378.3610332363019,414.67244495946665
5.6,1594.580253542573,1382.3143233230096,401.0644069649465
5.621,2159.783472187001,1903.4614169559413,413.43897447255375
5.621,1870.3581194672945,1617.6876438947133,413.55987189911156
5.641,2019.8686393658245,1265.054135944501,453.7829310946468
5.641,1621.718845591646,998.1557685949215,458.2711619920402
5.662,2129.4391360910217,1533.0452081877847,434.24739737372937
5.662,1985.5429867477421,1298.2142324850229,394.57663040889094
5.682,2304.9394661599845,1388.2092394148374,406.923762586047
5.682,2036.2593554371188,1669.1563108149958,357.06389164789863
5.704,1981.7952311139768,1478.2842434114018,425.57041540337354
5.704,2104.193110921638,1503.4107355741944,444.98544910755555
5.724,2257.646866859928,1598.048313853234,434.25173678319567
5.724,2042.0364100365703,1479.5088805254281,390.42003380461597
5.744,2073.9682528460635,1396.42999749879,387.00691647432166
5.744,2063.813504796028,1560.8872269675146,424.19976086608676
5.745,1908.8515741360277,1989.460282346665,485.0334998106287
5.745,2322.948934889222,2003.793903114017,405.5622563485697
5.765,2447.877563289363,1749.509321493712,430.31955145497216
5.765,2273.627403332849,1504.6412725652935,345.95192478505527
5.806,2230.922671721047,1745.9090722793785,378.8367322307961
5.806,1897.4657402503985,1772.458247302125,412.92964129018964
5.806,1967.7651779488745,1541.0161898686385,345.03836069513835
5.806,2023.8249671788706,1409.3966625824075,428.1696909796817
5.827,1847.5222619795236,1639.7752089289347,466.43084923770857
5.827,2157.7886946861713,1862.0785831250187,398.45179976631994
5.848,2149.8107335079485,1626.7392122254926,396.90217857035026
5.848,2467.5580545650614,1476.8604707942254,377.58576682444846
5.868,2051.381742612611,1408.9382987428266,484.20716704719234
5.868,1785.5831611241972,1509.5411552411801,420.02864037640836
5.889,2415.4513184640828,1660.0596996517374,476.3910298599298
5.889,2041.4201176053523,1798.746306848938,400.9816873505855
5.909,2149.823689929434,1680.6734107353848,411.96080723186805
5.909,2163.719323529928,1783.3225808994189,414.1694126029948
5.909,2119.4289850656432,1576.7827938463233,481.64347078448316
5.909,2205.8168364074068,1739.2458117839756,553.0294930329499
5.93,2050.461871689929,1287.863198006778,344.8248080156317
5.93,1827.5104610583144,1601.2496436935699,367.62683080257113
5.951,2032.3079885299423,2062.31610067801,411.10248435102665
5.951,2067.3012324640413,1636.2084338051834,403.26111738496604
5.97,1885.0651706999258,1692.5561380440747,482.1880229083752
5.97,1959.9104676571376,1512.6243416101372,356.756393547025
5.99,1925.9492011613765,1247.2265207520093,424.13508148568025
5.991,2080.848664387154,1657.7339862116855,393.2357283626597
6.012,2213.1293694732353,1590.6627252117173,383.90661659099766
6.012,2004.166090581942,1435.4425702918115,474.8289779794015
6.034,1993.0302696486156,1622.8570411687672,377.5888951021324
6.034,2048.702875573642,1579.569771689297,458.4337713782759
6.054,2231.0990676072024,1552.2927407182126,462.9605232691026
6.054,2358.155826772919,1505.9856369661557,397.685492802159
6.075,2401.9858167443786,1679.470346426798,491.69973100897914
6.075,2176.5733200921572,1599.4926781526617,436.8834860970624
6.075,2526.96769697845,1620.748305236576,436.12847860176464
6.075,1744.976412301647,1888.0486997323608,482.7744135891232
6.096,1349.8458737613812,1351.4733210649392,406.7133494380396
6.096,2208.5614277709433,1149.2204428002908,434.8523035814814
6.117,1924.8085444662202,1942.1345608648505,428.6597800864895
6.117,1885.8052789622989,2015.9669789244992,471.832499661368
6.138,2108.9502974087454,1850.041021133795,464.3572333912964
6.138,2337.686882540756,1932.5362094255725,368.51291925639475
6.158,2062.075205306131,1780.2619390346442,363.2059084952383
6.158,2161.507381130207,1234.072646148128,327.4996426330588
6.18,2338.981486538485,1652.6038657275403,434.38788045611636
6.18,2336.976206320977,1753.6797258775014,421.4046708995266
6.201,2260.3244893657848,1658.498977093867,400.38282421087695
6.201,1871.1191422962158,1556.1674904366685,420.79441853334646
6.223,2388.7960346572413,1791.5930035675265,354.76009934350105
6.223,1734.7136258931769,1934.3173865922176,485.05704922877527
6.243,1853.5470738562863,1329.409222091307,444.75144610446984
6.244,1885.2288951030778,1744.964434942165,354.0534075104702
6.244,2217.092922233469,1571.433074014586,413.90926726740986
6.244,1980.4537946618902,1274.7378321194358,422.1101650055162
6.264,2007.8510179244388,1778.8633621561357,431.40783609674304
6.264,2023.6684559775076,1601.8288654346427,424.4026195616249
6.284,1850.403577306917,1322.3939896354768,409.8236035130447
6.284,1941.1531309565696,1327.217053354447,425.04119973364334
6.308,2138.697768963123,1574.5527846885147,395.72330349086076
6.308,1872.1191109116392,1632.1159031818654,455.4599834290133
6.326,2185.7907863456603,1797.8206466213182,419.4090836123769
6.326,1754.8615627937227,1825.3035905312065,455.8891412330355
6.347,2151.215878179862,1477.8686571336236,403.0920835846136
6.347,1622.781539115448,1802.4381819585556,404.6203421392071
6.368,2136.506397939801,1754.6382489933521,437.64803746228284
6.368,1771.3237283868714,1604.531879806945,389.35959795018914
6.388,2444.2675585256943,1375.5498069323564,421.4869926094499
6.388,1818.308339361845,1622.5339907954394,370.17732249261036
6.409,2437.6025004054313,1682.9059877889833,435.48990585892665
6.409,2001.5047896244478,1448.1134908693984,395.9355864847882
6.409,2202.0686044108634,1726.7662703574563,404.2378236438973
6.409,1926.7515459570077,1588.55331666531,412.0980622849734
6.43,2117.1220796491957,1514.5433517159877,440.28503533940034
6.43,1909.913486857228,1671.3603898142583,442.4311365034122
6.472,1790.7810223721945,1457.2094541736399,400.5215819387069
6.472,1824.7694060871538,1488.085803634702,404.02144491541725
6.472,1991.9385695529081,1272.1734584832197,474.27659703199106
6.472,2100.318032620831,1339.3866450529172,406.821211072148
6.493,2106.6537201646397,1678.0469682423814,494.90795977465865
6.493,2178.4524964662814,1729.7406026992128,438.2955157612451
6.513,1963.3529327680649,1578.8094565605727,405.4976189465877
6.513,2187.802461483779,1643.6381177251878,403.56430690903045
6.534,2017.9571311430818,1508.1443569890812,364.4825104455117
6.534,2236.9749277898163,929.88184531719,381.3692684268381
6.555,2414.9883363825875,1609.4941409660762,453.74945384904055
6.555,1777.3365619865745,1275.4366394180352,466.0679464649725
6.577,2083.972474926089,1554.1642279723103,472.758720869585
6.577,2293.1064293272266,1652.764343959123,549.6477366281041
6.578,2074.218214768224,1492.8066974106248,461.0266830428919
6.578,2400.907030571168,1549.535602087628,493.713525177009
6.597,2275.543107960697,1569.620065111594,485.92558710670056
6.597,2102.7220085720714,1858.8366863150802,448.68391304486386
6.617,2385.2203945309147,1384.5758585195852,393.9422664290577
6.617,2554.2496645673814,1585.1557488709766,367.02736815104214
6.637,2018.9487516028776,1819.5082237507224,419.62579969090393
6.638,1931.7961238058524,1559.0816365167905,431.77892313992726
6.659,1657.4641561218737,1504.0198724977247,357.95219914659765
6.659,2205.758468183275,1811.0298255363637,484.55982401817215
6.679,2044.606775868876,1667.4625427974727,391.6433080451414
6.679,1987.714886669069,1660.6807436792014,406.0706432907495
6.702,2411.214349985672,1402.8801536684323,388.6474293057154
6.702,2359.2184957321188,1304.405081236197,413.5050355192226
6.72,2025.0131804752448,1771.3952085774872,424.5001569095408
6.72,2006.423208602631,1541.86233486608,495.92251794116925
6.741,2047.162140272654,1504.9214703366852,403.80513663169165
6.741,1813.9020041272079,1644.4120152950277,378.22796123899525
6.741,1818.2468860155764,1828.246170075463,379.2711751564886
6.741,2369.743229809688,1808.4306634021823,396.8418817874834
6.764,2376.555928849943,1845.0166119134585,416.9613606752974
6.764,1780.1834216224831,1632.7010085869333,417.49454878217296
6.782,1958.2017516387916,1390.192115907334,474.4110736820744
6.783,2038.6491860442718,1605.8275855768202,447.91929781175554
6.804,2292.372965327162,1639.278025839563,449.8032454478849
6.804,1940.310299230105,1568.4340406437211,406.7676362075404
6.826,2526.7731876226344,1236.7972248056685,429.0740626616481
6.826,1788.1063003540514,1562.9006243700833,441.32453085877614
6.846,2201.8547774556196,1621.4328993524987,463.67730761879574
6.846,1772.3073310237048,1463.2072254300756,452.85606319443053
6.866,1652.8248918478253,1634.8220667048738,420.7413064824436
6.866,1804.365493048452,1467.1459395368179,459.70382625506437
6.887,1808.533805904202,1852.4045609965779,465.98063368748547
6.887,1997.223534996716,1551.1387841340036,388.8891986203979
6.907,1970.6730984374615,1514.5778076211845,408.60959061837667
6.907,2286.669685779661,1693.5239321548747,431.4556464281897
6.907,2190.4100672306267,1536.0696371367083,417.08613778517423
6.908,2010.778493025568,1971.337331569085,451.9193056467663
6.928,1878.990679729721,1318.9544377729185,471.06271437715367
6.928,1947.3733350502469,1519.0380142304023,419.5852473494436
6.948,1770.5435912288362,1715.9616509248297,412.406625636979
6.948,2085.1111277627497,1865.0285025768044,523.0224876996663
6.968,2124.7324350888844,1809.6818474906402,489.5747275774553
6.968,1876.6334020353975,1954.7228292427685,345.09971212221615
6.992,1934.8677540495898,1613.405016435406,422.4935733135745
6.992,2326.524436844831,1669.4134075305947,532.4486357297428
7.033,2017.4751176734392,1417.63539826606,430.45631061247116
7.033,1886.3678583375747,1624.6491979520638,449.1267772258793
7.033,1979.2870542593691,1228.8200136470898,454.1246599225786
7.033,1924.1273628559338,1622.6729731360883,444.2695749669061
7.054,1870.2911282503,1969.3194034045346,343.2753162308876
7.054,1813.8022798535312,1612.040418416337,411.4469266826468
7.077,1824.625569963042,1745.5321225344603,433.2762403212873
7.077,1764.9182919382588,1465.8124434822776,412.839463481598
7.077,2092.0384067000473,1516.5904811896755,481.2210666556893
7.077,2000.1983156874887,1702.4370425241793,475.60175176416385
7.097,1898.7636009455257,2123.4445138073183,448.6353836856801
7.097,2337.7576346490373,1790.1867835017908,536.0722123709575
7.117,1980.842327470257,1584.3537885858175,443.4360091994405
7.117,1902.7636934966504,1484.4832290165775,461.9146844796644
7.137,2006.3448855999604,1497.3041459458918,385.8326850627745
7.138,1941.1693606378153,1594.7574672634673,518.4478947145958
7.159,1865.2102421291709,1662.1208790041107,522.2274119535181
7.159,1940.1986273976167,1777.0151319860793,440.2887007297439
7.179,1820.398575040949,1720.6961625186473,396.3760862956899
7.179,1616.4655348862098,1542.7440618571413,428.8313953921131
7.201,2664.3420609915556,1535.582399487805,446.7233908411686
7.201,2305.295720075884,1573.151692931093,430.1436349642901
7.223,1998.8412679720668,1689.4185675609851,425.31970699831345
7.223,1668.4878457305954,1508.623714700211,439.9685781801477
7.243,2363.3451406454496,1583.3791891295195,474.8284162897774
7.243,1891.701995745474,1660.3237760796521,467.38952132711904
7.243,2110.396120446858,1728.0176907304829,482.98232014923934
7.243,1972.238625627734,1510.7654980502514,466.8016794736372
7.264,2081.4697286997725,1868.6618031486614,395.5082746430196
7.264,2070.86266199586,1666.9244043727642,391.864048726682
7.285,2403.226777348439,1446.2947114775773,405.49965539927933
7.285,2209.5326449769173,1522.5950901775973,488.63614435439246
7.306,2126.4084431207616,1397.3567916073393,462.7743427235279
7.306,1833.9636906902958,1889.9770066759506,409.9111836402193
7.322,1929.248999006206,1713.590726124278,427.0651148907798
7.323,1913.022476617867,1452.452379372603,418.48129857593324
7.344,2304.189473152009,1677.3141720841309,371.7241814857548
7.344,1974.3554286774283,1625.5315559950632,459.0878672693631
7.364,1820.6088016493445,952.080011285829,449.39106895800353
7.364,2204.9927560029982,1627.6427381937237,482.5074453152584
7.386,1721.9081630562837,1749.8900665796616,404.816714417542
7.386,1919.0336984157905,1606.6448435190528,502.8999157190282
7.406,2277.6931149112133,1193.5428348619585,386.90461049705425
7.406,2096.2970906897513,1648.0645898535934,413.2561779217822
7.407,2176.3115983408825,1610.8998338851472,535.2070287133843
7.407,2474.091313235308,1784.3409267473849,353.1896630429455
7.428,1962.6726022950018,1702.1199788469005,424.5732879645155
7.428,2090.4065473756536,1482.8613979481188,499.2437761269988
7.449,2193.8144144778,1512.6579750301792,409.71827661485395
7.449,2151.1365822679713,1700.5304721388889,499.04872156888047
7.468,2246.649787058445,1521.2970534696067,539.8368089060008
7.468,1861.009481250347,1745.2438448791397,521.4686205121807
7.489,2140.5782449250455,1586.2755452740885,458.98806212825644
7.489,1988.109935927133,1399.3544098755924,382.995481937095
7.509,2222.606701431173,1325.854128901262,465.26596496106725
7.509,1978.8093826498493,1346.368048031491,519.9875458220323
7.53,2009.1043227587006,1354.6839010894028,401.4637097951015
7.53,2005.6357698934655,1391.4414508089594,453.7344066033989
7.552,2058.9715987962545,1777.6983239960266,410.23965664782975
7.552,2131.1664366009268,1472.3142119176016,427.3835413617961
7.573,1916.1969955078735,1848.549158948921,446.77850252424264
7.573,2076.9660686412185,1792.9316148763094,469.78561864581974
7.573,2090.565871549475,1453.8236623409528,375.02434630912995
7.573,2002.6704001224527,1652.5516386516942,341.03740696218154
7.595,1778.8177369563828,1326.7510145321642,498.8308404281896
7.595,1639.8047673385408,1944.6778694387785,392.12348303134064
7.615,1921.086595107891,1606.584869091621,485.66850612350595
7.615,1491.2841115452443,1935.876045770466,468.3807422229704
7.637,2211.697482355959,1513.0914375042437,441.0413461728634
7.637,1900.0934628020461,1541.7190772394267,360.59373470450737
7.658,2179.8189903578163,1593.833341169662,458.20343455871455
7.658,1686.4084835769831,1605.91117116448,444.5384598230491
7.678,2108.51998487845,1452.746966013998,429.18963323950953
7.678,2329.0816562180353,1523.547484485513,452.55218894231626
7.701,2140.5582637286975,1725.4948542025143,437.64337842951625
7.701,2094.505310791908,1778.7464685036302,428.5028395509477
7.722,2325.13786836467,1755.4832091288386,564.0314750924614
7.722,2002.1743996340729,1489.5730081798101,391.0561506409873
7.743,1630.538520226233,1568.517730813043,475.9651660676654
7.743,2704.629832449048,1687.113175061044,418.57418805743924
7.762,2178.2470455993066,1550.9927695889342,356.1305382970173
7.762,1929.393188779698,1908.4453693057437,455.1285589878438
7.783,2218.3311293598117,1566.8604914183015,490.29062281297695
7.783,1971.7948748781698,1741.3158504808257,450.2933552433085
7.783,2211.990383572069,1740.155339876492,409.3421747474099
7.783,2018.9633318396227,1506.4077213472824,475.9769492387734
7.805,1818.5999498706517,1666.1457753334819,446.3578202222667
7.805,1836.9137097271991,1437.252759413249,389.3744125382053
7.824,1669.077511618946,1879.3954217085216,445.49746872320696
7.824,2256.4254499785316,1693.5829654813715,465.3970714715787
7.844,1968.5830515181312,1720.2168616353426,414.1051771053427
7.844,2321.893433210455,1579.8793477924423,468.5309004455934
7.886,2006.4447097358907,1835.1197623673265,442.1144005446523
7.886,2063.416268280426,1422.0218966359853,395.3919072479788
7.886,2140.624614430695,1841.2495811285764,440.0149699985749
7.886,1938.4668774749152,1768.1379221043162,445.85104513819186
7.906,1877.3423403573759,1489.8002230757252,398.13273916418314
7.906,1969.9901095454927,1804.0915769856374,485.9944287196661
7.906,1794.8461163609359,1720.6813092048924,459.02640274792043
7.906,1802.041561372279,1708.8301215047288,438.02898962202005
7.927,2358.8066251994383,1366.7059367914937,439.7584906407441
7.927,2143.6915134660335,1585.3875748311566,417.1915265036391
7.948,2088.0246300963986,1799.6587130168994,361.9457694752847
7.948,1961.5627480416279,1445.8305804672427,411.36614106698727
7.968,1873.2669206375394,2084.6324696890474,479.7279647912328
7.968,2145.9565264913545,1559.1861549174553,411.58893695695366
7.99,1889.7168285590262,1534.584709490822,349.97633405088084
7.99,1939.828688048636,1765.4763355064324,451.4170981559664
8.011,2242.8671091855895,1238.0410055700183,397.7647135271677
8.012,2135.920164235125,1523.2274370519074,394.83873163679925
8.033,1994.9136352031803,1707.7001792392086,408.7459923347825
8.033,2135.0664241412005,1356.1506131387328,400.6865319501054
8.054,2092.88010834072,1726.576308326033,377.3864530042371
8.054,2331.4643500975017,1608.4888419370286,404.78083652166254
8.075,2133.1338746465804,1292.2688961833117,403.0320350193545
8.075,1861.4533199564976,1418.6329626149247,363.8231724296184
8.075,1785.066962775181,1744.9083371809368,451.43247362149975
8.076,2070.81245322019,1642.6950137042913,450.45924443371905
8.096,2179.125955832955,1859.0760093639421,446.66494043277487
8.096,2104.9958334981907,1786.94648216766,428.6433764914168
8.116,1994.2669374636962,1666.8905828304446,435.11425971458743
8.116,2403.8514290921994,1648.160596919926,462.67619109646307
8.138,2085.9443890143834,1485.5359942953505,440.0054271615196
8.138,1953.7737308272094,1320.0928770379348,409.4463928454267
8.179,2048.809627364265,1556.892136316487,389.4891377599886
8.179,1972.3572819327715,1620.1721745752668,481.02118078659765
8.179,1961.553714859716,1426.685243359632,344.9503845859516
8.179,2134.368247479219,1890.385583433234,453.1325719814984
8.198,1985.0221715146101,1336.9666034153247,446.57716029016217
8.198,2062.588040910309,1364.5821092400095,386.3140370947062
8.219,1949.3394349585315,1832.972768994985,496.43902491896233
8.219,1990.3122940886306,1671.5803498398113,382.721597563105
8.24,2050.122674489098,1504.9762245002967,420.41533914520284
8.241,1775.5592588989903,1429.1143005714846,448.7802499646437
8.241,2203.653803642831,1898.375042001275,464.23794417938166
8.241,1756.096073460851,1637.1362537603939,489.040033266245
8.261,1800.0245124667874,1459.1138480597021,409.01817761979953
8.261,2013.5591707826559,1504.4933336947422,410.1855802015415
8.28,1903.7398038305369,1831.821883793155,446.0210348680241
8.28,2147.0144852887006,1468.8285141948106,486.46743494048394
8.301,1619.375425188547,1476.6332970080398,396.32428408840383
8.301,1685.562720556809,1408.1923841969378,408.59788330275694
8.321,1946.7614357757504,1518.5207086886314,359.13633848586556
8.321,2232.178250879664,1370.9283761935721,417.7385682585014
8.343,1960.5151843469378,1507.8830530344746,427.8031016723033
8.344,2275.4739266183083,1653.1378840966668,405.9044831451635
8.362,1867.5652406263866,1565.7924829699607,414.48600882462745
8.362,2014.1852417238736,1694.6409511504219,400.9517197056557
8.382,1986.3151863708065,1596.6882495920404,446.1353934108746
8.382,2164.659000984902,1709.2710863501375,453.3067985295744
8.405,2071.579379758632,1546.2944670050103,414.5612484100622
8.405,2122.848485024026,1231.8205204812198,377.9042215152414
8.405,1752.4581130284896,1605.7527300046727,422.76513962639666
8.405,2001.3816585856607,1480.8389722732027,479.83934943397867
8.425,2011.9773044814174,1786.9430746328812,416.661021246592
8.425,2017.4685737362695,1588.9771256333127,400.2681239006257
8.446,2360.671008408593,1744.405226915609,416.35983815317655
8.446,2152.832667721016,1500.8100827162395,435.17036840365523
8.468,2335.0527885309957,1750.3523983345567,366.9636078054424
8.468,1946.1718575549532,1603.4340524525026,370.28433444340527
8.489,2335.6311930886986,1471.2560094903592,449.40402304106357
8.49,1952.6991622476617,1199.4328377443753,361.46299358213605
8.511,2184.4816309117696,1566.2711808418906,425.2996029051476
8.512,1608.7230614867476,1421.3359957419561,339.9380609538998
8.533,2073.3565735866973,1468.83558651115,453.0023770436236
8.533,2237.611918926972,1709.9873560296683,522.8332371396294
8.552,1923.7186337605838,1294.891960072759,423.7130206162003
8.552,1831.9649501781805,1968.1462029867096,454.495934782968
8.573,1782.4832507641781,1876.0003240587384,465.2259174277177
8.573,2032.7836263138338,1706.8930445468338,442.6234732985027
8.573,2134.2266350771997,1527.2012579210796,344.1646561586987
8.573,1984.441135089026,1750.630183682124,420.32088983416537
8.592,1936.7718714406662,1563.3996795452133,441.8068048951338
8.592,2138.2387032635825,1600.1541170773344,428.05486147839656
8.613,1852.028751800929,1927.9272022873547,571.4262943504618
8.613,1872.3816062130622,1629.0726409890008,432.37588489084567
8.637,1844.7934453821358,1940.4725932840436,466.81923925781075
8.637,1804.6558158759933,1480.280555259439,429.480608292387
8.658,2171.1145152792906,1593.1994742351262,297.8897990672515
8.658,1952.985067711201,1497.6816410088472,390.85136013026835
8.679,2072.8154883007824,1356.3173061299522,458.98284340613355
8.679,2130.620885013862,1647.9462027344964,456.33452591426317
8.701,2223.8843485762077,1942.1675745904668,394.8828054227164
8.701,2199.7890140505533,1750.8202555835219,467.7543250376466
8.723,1979.1943338722087,1605.2094791099435,434.0927556700704
8.723,1969.0736552344856,1877.6628384110963,391.45032677603473
8.743,2505.786069704542,1670.035386169548,435.9916368194173
8.743,2295.5218498970685,1951.2915571768992,399.8227450347414
8.743,1969.4405764112278,1439.0372183730756,459.9028282615693
8.743,2106.2407845301036,1720.5495828565358,523.3673153324245
8.764,2078.9165357744523,1425.8738650118307,447.36287003777136
8.764,2191.0208035605524,1429.4597345485915,370.0062567171092
8.785,2185.768742481664,1558.24517034789,470.6964227737108
8.785,2255.613803451628,1397.4791653820146,431.198069190313
8.806,1976.7177999479131,1605.5134837087155,442.45872967991687
8.806,2097.1014889202893,1683.3824021749765,386.7351454261242
8.826,1969.532443312798,1681.675584557712,454.7577215781116
8.826,2133.0642841950703,1634.1785588494486,408.9268775521839
8.847,2151.7736774086134,1775.3390402226507,402.7012434680718
8.847,2199.9326981717086,1929.2420942835518,337.1195074556
8.867,2022.0895094870787,1547.469160299299,467.0216862918741
8.867,2098.61703454788,1339.3842597482299,478.68950981835667
8.889,2295.5720639046676,1868.232036655662,452.91651535596884
8.889,2160.0692532615153,1343.7766848897404,434.94728693832184
8.908,2145.0856632498626,1709.9504941743385,388.3851571790503
8.908,1843.319498503346,1662.9980557059584,437.3782800386047
8.928,2373.7569002188393,1578.3912934088812,354.3758466681135
8.928,1827.7780602331006,1687.1713535752292,411.2603472917082
8.928,1668.6662148848468,1669.4772890050172,441.6355414723795
8.928,1921.8942495531928,1018.0963953018181,488.87151904473575
8.95,2246.5192166349,1007.7730850278824,338.7854508866985
8.95,1952.953781979768,1212.770346630943,411.9601705415047
8.969,2299.9774996318597,1785.735558463557,404.448247107966
8.969,1881.9267226108402,1901.7687849031195,327.0533943058624
8.991,1972.7033990090163,1775.7071870546163,464.43318762322406
8.991,2147.128862024719,1568.192076002605,481.20309123234324
9.012,2488.4048982097984,1471.062869286346,499.24814215535457
9.012,1978.4241115342616,1984.8625150413143,397.93954172214
9.032,2291.8383818688662,1643.626315970615,316.1744967727305
9.032,1890.9408008182056,1608.0828451277662,457.26457157097053
9.053,1998.6574314761199,1180.896515268747,383.4490534182092
9.053,2066.901418703868,1641.8895725160608,419.9877332483239
9.074,1716.7705175052806,1602.4037532328991,532.5339535134416
9.074,2191.2656014365366,1557.3351404106281,457.50781524912327
9.074,2146.0376286189544,1273.280038505911,464.00712373654136
9.074,2120.790458878831,1576.376534113704,483.2300407624808
9.096,2119.0899981074945,1348.1013339576348,370.6949529730405
9.096,1898.609010867126,1786.2825504792397,387.5076328636491
9.118,1881.3377749699473,1776.699869134284,459.72889605848604
9.118,2253.6442206074275,1544.3744704277738,445.55370390570107
9.138,2155.5093382655514,1528.192761640917,417.73223297877746
9.138,2128.294175804278,1330.3160667328743,438.6640586930469
9.159,2147.89816813637,1522.1770411663856,443.20708769479836
9.159,2023.7906016538116,1510.5872610490724,451.5452358593824
9.18,2158.750500291136,1675.9313221533343,438.1074242095636
9.18,1982.5623119053048,1576.5324174008306,475.6418026871691
9.201,1551.8474080211035,1849.2958930073764,450.0692767896067
9.201,1887.4279806942204,1659.1406663248217,349.7674689352332
9.221,2112.094198064485,1436.6244563926082,499.0145133196886
9.221,2041.3010517681194,1759.6922851842412,418.36975444883313
9.245,1880.796701313776,1662.221809734181,442.1248336994059
9.245,1500.175372328852,1584.826661577849,376.4692197118609
9.245,1778.7061131596713,1561.9377620045925,493.7366671578278
9.245,2506.9373199602146,1441.2760961451338,459.1534753519282
9.263,1844.4420646792912,1563.86679800753,443.10496317354773
9.263,2188.6260664630004,1672.311533308533,499.6936228624268
9.285,2088.43343413483,1445.3772982290848,407.0832041666932
9.285,2002.0722270121364,1639.9675889892378,462.58456276137326
9.305,1909.0244173238598,1637.440812334686,560.1914892131143
9.305,2032.574902819442,1386.3494996292509,452.79334347198863
9.325,1873.6517893126234,1556.4434469376872,489.1744089686461
9.325,1892.7058798731973,1895.4335332741637,393.97355599454175
9.346,1489.5515970439296,1559.1867031656695,499.546736494177
9.346,1997.673623964457,2016.1508187876593,389.33671865408365
9.366,2499.997362517748,1656.527938578305,415.66621348058607
9.366,2184.3038267533125,1810.8228770370804,458.4491600251929
9.388,2018.0090369956874,1919.3120538987182,378.5832504615398
9.388,2302.7752418876976,1564.3979548778996,455.10379112367764
9.408,1891.1695926903433,1766.9875128738913,352.05548595185013
9.408,2192.194405977566,1447.2738964567602,409.52409350738685
9.408,2242.6693318754533,1868.2052019733694,442.78839099963216
9.408,1713.1156375919904,1279.5489039737372,424.388407078785
9.429,2040.945663568198,1254.5310702852175,502.27173830946225
9.429,2593.380429924558,1547.6546130868196,387.99489652045474
9.45,2069.442696555597,1781.0079721330692,458.61739815395424
9.45,2260.0540836765845,1642.7007600905965,444.76495963536445
9.47,2045.1406385023197,1935.457712779686,423.85213461385445
9.47,2174.5475159286484,1415.973142754604,465.3764574312351
9.491,2253.756336341494,1482.5156364131888,346.8448860999082
9.491,1922.1252105568915,1519.964712755551,390.6465709155572
9.512,2424.0624912400617,1752.3315056584831,412.1592705837993
9.512,1967.6396708782095,1299.282594297331,393.7113423595505
9.532,2208.32074037282,1428.3310384515066,488.1362944897861
9.532,1784.7475103968663,1826.8512773771972,463.0158402344928
9.552,2102.8021422341376,1654.4318223458476,463.45225382899014
9.552,2323.487119009447,1755.7184714218918,431.1689237148256
9.573,1769.4919390405344,1737.1653461819108,387.64512498815986
9.573,1719.7271618989016,1622.9602283386487,428.7422824685785
9.573,1750.5492644883543,1752.8795212765233,479.2761588307298
9.574,2120.3388929830294,1752.4941942354144,489.62788406397135
9.593,1886.8721930472582,1796.7358787411101,493.4932572648993
9.593,1844.829572335348,1526.548943218315,432.29424123177256
9.616,2067.0199015936996,1581.3721732665076,461.06297905793355
9.616,1440.7840076439666,1606.5411524453239,440.04110797985135
9.635,2102.0487049822823,1436.7254615863071,407.68619736142904
9.635,2493.5616505653966,1907.8690726005257,404.234914371518
9.656,1992.9685135867385,1734.3032593607259,463.71144850839534
9.656,2273.1495284922535,1813.7011679757609,436.47911937164577
9.677,1857.0434422110961,1870.035547220223,477.81576061797995
9.678,2048.4916845678845,1452.581271622283,403.63470807263315
9.697,1931.0653804323138,1539.8413702860817,446.5247303517958
9.697,2011.823783549921,1350.0865018780287,440.1040881079231
9.719,1753.054309989479,1574.987587328008,522.5228599852713
9.719,1778.7256799949064,1754.1553267219808,339.9407276378058
9.74,1760.2817403743522,1986.1101264279396,471.4870983416227
9.74,2298.6499576625633,1598.373852436015,448.4954880709119
9.74,2131.1579282145563,1357.2693184984332,482.571628888018
9.74,1902.7908816871166,1116.7620547351949,504.9428979637361
9.781,2182.7404982527964,1541.555173557193,444.9802371074942
9.781,2054.2398848843177,1489.455991600932,355.4363921987571
9.781,1963.8472882576516,1570.1605073321075,530.7554335074709
9.781,2059.492969892716,1535.5517187866012,385.1059070604742
9.801,1990.63228803642,1532.990510388641,445.7096404807187
9.801,2036.7801539385086,1524.408217117441,363.5570896323719
9.822,1803.4419716860434,1631.4586334133776,445.11891126652904
9.822,2158.893815002135,1924.7287776923486,464.5772673440529
9.843,2108.1194649707845,1690.1566557092026,405.666870131103
9.843,2372.4294443891854,1536.458014124068,402.79944050337735
9.865,2702.6650696297397,1897.6256735518605,352.4949847320445
9.865,2245.302248529985,1517.7570412576006,474.41746263433333
9.885,2129.4956073679427,1415.0833188380097,472.20237493955744
9.885,2173.4803292672304,1673.9968710097887,432.82363332506594
9.907,1665.683280495956,2058.4283136322315,506.85974729965864
9.908,1952.0523533881446,1682.626812914905,488.60723099742506
9.908,1828.616718597887,1748.9549016625278,467.99161382445465
9.908,2027.4414441956756,1535.3582421580606,460.69730664457694
9.926,1814.703285317251,1846.9499720816386,476.85333072333725
9.926,1839.5057395429255,2007.6771729797515,442.05890219334077
9.949,2046.5569911804175,1394.4362364254137,404.2321796131836
9.949,2183.601908532548,1426.4251903361942,364.30473771619376
9.972,2324.294448620936,1714.6784759554653,471.5485088077499
9.972,2637.672260581418,1702.4059909675748,396.6399131142641
9.991,2212.814318349425,1889.3588586901908,282.17615163284165
9.991,2389.3415539171556,1547.2352024409824,464.7760588316772
10.012,1761.1045338790025,1603.7730522758654,453.97254419244246
10.012,2071.3953156080456,1448.2658892993095,400.9030754082692
10.034,2277.6326948970272,2278.2268818408293,436.93948667844097
10.034,2166.7805790753887,1536.3582742794601,416.0762080397029
10.056,1956.961603076138,1710.3981818466477,493.63208692484164
10.056,2051.170840849728,1449.544262535673,521.4738148401424
10.077,2211.2622644418248,1521.7083463117635,395.6432698323161
10.077,1747.4242887307016,1291.6073802177355,483.21987968822714
10.097,2309.4181033929226,1421.418353227013,418.48628434732717
10.097,2029.5974198304039,1407.6457446534512,393.4173986870117
10.099,2139.3315615008473,1884.581781815298,424.98559359267585
10.099,2164.2499484344853,1832.9836585313944,383.8005145002743
10.118,2159.2555244358996,1726.9266314029821,469.15353177109756
10.118,2012.9766345002888,1580.2102060866137,419.12993035445834
10.139,2266.723841626727,1662.6630800277596,453.42461442891516
10.139,2115.5538422827167,1631.0620690579772,457.3008082955557
10.16,2273.440110471297,1682.2206696563208,498.042627379835
10.16,1803.3680305913372,1798.7667186857425,447.7849745702628
10.18,2020.5543966548641,1493.7864845570712,513.6293401173849
10.18,2237.0378699865614,1689.675265984628,480.17774738329297
10.201,2319.841179463884,1701.4668181755198,454.9337601706212
10.201,2142.6355367555498,1964.6601934115638,397.44444478971155
10.222,1569.9361001801121,1506.2429474734804,516.6498698071695
10.223,1989.8326171441176,1662.1482050028121,387.575523729344
10.243,2057.499776379201,1733.2889035106598,457.1019566711999
10.243,1803.6406812815487,1576.3751305577387,314.1801891694106
10.243,2116.032842491604,1540.4375034920915,461.9649812031279
10.244,2407.4896881506056,1518.497140253653,464.2220469008213
10.263,2235.172750761058,1698.1696363307851,511.7448326560918
10.263,1992.691154548556,1332.4892922202077,448.27255828521226
10.288,2237.340897620199,1680.0713405967708,470.42378559125586
10.288,2073.0246855508185,1924.4301822661787,450.85610342634726
10.307,1742.8095654691483,1480.1851948523808,451.5619377617895
10.307,2155.008450434727,1905.553089966441,419.59183499378304
10.328,1906.4659455119138,1777.632912514862,402.4416432698209
10.328,1998.7544771764708,1639.0844762425454,461.4357229955169
10.349,1757.6951465633308,1614.7525160575726,458.63194050742834
10.35,2159.9329837938853,1373.0011964481657,410.5857041378092
10.37,2037.6950097141182,1683.7063233408546,481.2542537849597
10.37,2216.8321052483416,1912.2232970418622,492.9018730441524
10.391,2215.1038194944376,1501.7388226889127,462.6844518215602
10.391,2012.6005558800116,1609.37363396299,420.7297758356336
10.414,2144.794082500702,1332.327253223671,388.34878235854245
10.414,2194.2045418077882,1285.2923249194062,342.0563525762087
10.415,1635.8871743654252,1260.5532128796056,498.76766849398416
10.415,2278.3820301705346,1329.3665888390874,414.79313620414996
10.434,2334.201959455318,1406.8784672364775,328.01857809646714
10.434,2157.5636549350897,1373.3788109795114,481.1496675669873
10.454,1928.8029752139828,1401.0121213337286,520.8342984938646
10.454,1924.9363292814994,1326.3097172613943,474.89415913531394
10.475,2201.302366736195,1655.5514788243506,436.1294863056979
10.475,2240.8273648135614,1552.5781071804488,450.3894507130444
10.496,2544.073766459407,1663.113772697618,458.6777873761149
10.496,2288.614015866363,1410.3115099059733,458.6900380041663
10.516,2430.4184889874796,1488.0760253459905,428.7323965594688
10.516,2178.4289914928363,1482.7585470950858,462.83376843398787
10.537,1801.8000556356483,1459.5731879345908,421.8481779572948
10.537,1642.5460223644434,1647.4673904359834,438.10134944240974
10.56,2108.47962820276,1527.5669512532897,421.1167545005958
10.56,2125.431489041528,1484.7426228524903,371.5635645467886
10.58,2107.8201544800427,2001.835995789137,472.56956344002344
10.58,2120.809236941653,1775.5780204266366,399.7421949849405
10.58,1987.984450260548,1626.2190049731473,430.0420581806876
10.581,1872.4487375090039,1483.632477312962,440.76844482251977
10.601,2049.8501348231553,1271.0065104656237,407.3979118176152
10.601,2159.146422420084,1918.1444284096751,489.87289930026816
10.621,2296.089520263537,1489.4897333314343,483.6292853149486
10.621,2163.404810766519,1547.675653389902,366.5208838789682
10.643,2258.937523696103,1653.3697497090104,437.2119128237389
10.643,2356.705040487263,1526.8680633587455,453.0233170384417
10.663,2027.5333534039044,1580.7477911552996,389.36641052100134
10.663,2183.391947430791,1483.4888611994857,457.7799038973224
10.683,2043.8273862372669,1535.098121169444,477.30943483798086
10.683,2591.895825823543,965.442931208007,398.96810933480333
10.706,1950.9877836742928,1606.1616333813208,405.90785329589175
10.706,2049.0544971049517,1726.484525295315,442.2786990626449
10.726,1969.3840433542323,1605.1893365065453,412.4849397593017
10.726,2165.971661969636,1085.1742816039457,412.5077000842705
10.747,2053.201866801373,1554.410964550376,422.38935429230725
10.747,2269.6742997428278,1524.1142086524746,573.2083385256826
10.748,2082.4892328187448,1516.9791169598143,435.021059506279
10.748,1789.7274239797382,1428.9340565080176,367.6186392372207
10.769,2174.007173905048,1486.0241598210268,393.49829070219045
10.769,2092.3079875450403,1399.1555262733377,368.67104010187523
10.789,2188.900712278568,1706.8460185004476,407.9126131278073
10.789,2044.8868020849359,1549.9139038215667,423.3589938285964
10.81,2055.935390495144,1209.7224300204678,364.8304194950226
10.81,2164.2635366598715,1658.1401049705164,324.09515456279905
10.831,1830.13945748394,1701.0412899824173,437.35726410962536
10.832,2028.8666648247138,1767.8615885066215,381.80588916843254
10.853,2277.0491847946687,1708.1620534864574,414.96419900612506
10.853,2093.783973839443,1446.5218066262098,405.52393446583335
10.875,2358.020685058613,1835.5049239154482,426.84646063038235
10.875,2044.029105245839,1694.615541269925,361.3634817366176
10.895,2321.672866097503,1507.8713345761464,490.83383939222074
10.895,2111.1701897753314,1883.0331494906252,492.87765303732465
10.915,2316.0261635201077,1330.8110930109988,387.8906556966025
10.915,2004.4487121544091,1533.5720761068585,405.34637815672113
10.915,1971.3146540114114,1716.5790526410117,428.54645525407074
10.916,1755.5007539512821,1398.6726814778635,476.65653338936187
10.936,1893.571695840085,1400.295513109054,328.5404567737141
10.936,1717.6743726766356,1580.9957109552063,457.43108309021017
10.956,1727.3267674187687,1842.795247939619,509.4767262762924
10.956,1914.3694686070473,1564.3083984952773,454.6306672301225
10.977,2267.9138088156938,1504.1964062087857,457.9269873552984
10.977,1819.235195525967,1516.2277658011217,508.6320761994958
10.998,2276.704606716896,1717.0916170930332,431.63092193642075
10.999,1772.0725446336728,1567.6421146064838,394.0847517439847
11.018,1857.043087200153,1322.3849220393072,412.80870210166796
11.018,1990.3695299667602,1290.2664712435185,390.41526211489105
11.04,2455.69374870718,1594.2810943103348,527.2384948212194
11.04,2144.5802957212063,1906.5687954499072,404.5048385340001
11.06,2583.321241579302,1544.70976243804,425.1774027938682
11.06,2168.070053385939,1594.2038389008042,404.5635749678625
11.082,2073.525770137498,1513.9619531879111,488.97264537121305
11.082,2559.3350939053557,1717.9382215956002,494.37921842039316
11.082,2123.7586731074866,1355.6928441307712,440.2983215474761
11.082,2159.063866163279,1746.3718435487103,532.8122497566543
11.103,1963.845708222521,1595.4337506707072,419.2610280554874
11.103,2337.5931824792,1604.031897907841,370.39433000644266
11.123,2518.735713547086,1604.0003312862004,369.9704807998559
11.124,2160.0788927615035,1760.2408997299506,448.2074512556745
11.146,2123.3690446811993,1852.3695470407997,451.16719039242804
11.146,1866.4762731220812,1861.0641936854638,494.01975017179063
11.167,2296.29979973086,1909.942775886264,445.84336773482937
11.167,2125.5149571938455,1511.7927073625133,407.7166720026116
11.188,1830.206528016889,1483.5171974527009,414.73914626687025
11.188,1789.0791882532417,1318.3242572201775,342.1457543662208
11.21,2127.648894065795,1450.6890373961517,362.9384644673207
11.21,2511.785063983415,1556.3028484047327,339.90141091811745
11.233,2285.182657897267,1430.0044380934576,341.4861159913926
11.233,2062.425934542661,1683.1716532189143,469.68740526753487
11.253,2714.3796774946622,1649.469454765304,447.628939026254
11.253,2020.9048975420037,1872.8828920386,540.9120192615165
11.254,1828.6011064939303,1211.2925141114486,289.73635409294
11.254,1755.2521364191812,1218.2838148932788,475.44531143101483
11.275,2417.1571769429684,1430.3420910137525,401.16682017068445
11.275,2320.9050052945486,1263.0762295496525,416.1018927066776
11.296,2177.9844605927915,1336.094799784211,432.0660288147309
11.296,1587.5039002714939,1807.1301241363678,470.5529872576914
11.318,1651.5761063498544,1737.939774477241,372.8695035580137
11.318,2187.2773720015552,1993.4208469021958,404.0518006171674
11.338,2025.3900631587487,1797.886859176437,448.2675159268384
11.338,2136.8957600278713,1678.361318913953,559.3886812786835
11.36,1860.004194419587,1716.348929734574,440.35600229471976
11.36,2121.2429172763063,1874.0001377973429,420.18254483520974
11.382,1888.776997104961,1421.9533970137738,395.35542456866
11.382,1988.4082736142002,1680.589656024415,406.6255296329791
11.401,2297.529399040688,1529.793446994285,404.403769348796
11.401,1903.9946297380684,1276.2829534895977,407.4152027468396
11.422,2151.6726689713682,1537.7542571108743,467.24999418762326
11.422,2245.1502468330077,1679.7855066423501,429.06152090738044
11.422,2055.2618996919596,1574.8673041024836,406.91726372129085
11.422,1803.697087121819,1370.7766961535453,364.92070072220514
11.443,1733.749719521393,1475.4935604566383,471.22471709564644
11.443,2284.783766844059,1644.096332110695,409.17547827831805
11.463,1970.4192543205857,1699.744213985225,413.9711855391694
11.463,2003.2158623759137,1459.94733670157,457.32829847120615
11.484,1970.6895032536888,1837.2497769911452,383.418963634805
11.484,2332.373576888417,1672.580513876246,456.3669550462395
11.504,1859.5264445840826,1366.1511598765005,423.04056963956594
11.504,1850.253395318548,1364.9496613271488,493.12203009213573
11.524,2160.539763435941,1517.307906944974,447.3564479870243
11.524,2201.026203108873,1279.7168893842158,446.7673845506339
11.547,2112.299675277131,1414.8578329246016,464.6551116458122
11.547,2008.7567487010524,1831.9318772337951,411.004925553035
11.568,2143.082961181404,1254.450623613444,385.70787714145115
11.568,2234.6666909566784,1536.223329711485,416.5386236278068
11.588,1870.452606867018,1450.840494484562,415.85583632726605
11.588,2127.3008750264394,1401.65607417582,398.8787150597849
11.589,1883.7123176222217,1727.5216071798652,470.52158134408273
11.589,2190.0874222568423,1615.1396353979771,505.2789614238709
11.61,1932.4180013608916,1634.4611494958176,391.2711251100122
11.61,1854.7646282459993,1594.5838376803513,440.77356273708205
11.63,2130.2439331285946,1452.329694592043,482.5409668099232
11.631,2084.4784091131273,1386.4012821897422,435.7697486789466
11.651,1560.3206158391952,1201.0279340546176,430.2477147703305
11.652,2467.3252737428834,1874.8944672604152,392.9471941152509
11.693,1685.6682744167117,1723.7702201093327,460.57739671344257
11.693,2149.011952967651,1466.835104449076,412.07192216307635
11.693,1630.388001424685,1948.0707077931684,459.23048210150705
11.693,2207.999099902017,1477.6402140640716,403.59458947283485
11.715,1928.470427448743,1479.8913470394089,423.74192641955625
11.715,1795.9189568913075,1614.7930736935282,412.56162345480953
11.734,2054.075583148508,1778.5070750456998,456.6012141190721
11.734,2021.754148050394,1438.6756118648177,469.9729314483705
11.754,2205.7032304614904,1456.0680919722147,431.889533990664
11.754,2168.042280217571,1518.5034620629779,502.3277576080138
11.754,1907.2561825227392,1615.3844900205224,465.25656988624155
11.754,1867.5138939808476,1454.1469667309727,465.7893036394797
11.775,2222.3363842125336,1849.3891373807114,488.63377190335723
11.775,1656.812192422552,1558.3740523878514,479.79095144722584
11.796,2272.3666599259145,1654.624314412764,462.6451319921318
11.796,2128.632708246624,1486.1464913795528,488.08713835389574
11.817,1948.4880005839539,1948.331816167391,398.0118528563713
11.818,1809.0744228065453,1352.0776802623936,362.1534435722502
11.84,2118.9646416119,1748.5554243787826,420.34087790677756
11.84,1798.938614020274,1516.1831472964639,435.39593990169794
11.86,2308.9448823204907,1310.249428000668,405.7475682233111
11.86,2138.3259488385447,1666.9960607339767,397.5066640521135
11.882,1901.813092177842,1718.4814732031111,363.2775139347806
11.882,2045.9438784529875,1818.4530030495698,448.449309936607
11.903,1595.2316350148212,1383.199908982549,398.1425465889177
11.903,2052.441073587662,1617.9912630658025,420.18589529896377
11.922,2029.667423583067,1847.8247030113348,429.8552613438248
11.922,2220.095420477491,1542.3141585531696,376.9888182952767
11.922,1785.7217255254945,1410.579118530263,565.5423772857555
11.923,1687.3264430164354,1591.4235022806868,413.30855774344707
11.942,1783.247691077114,1262.8645701764394,382.6690182644652
11.943,2133.8564990882523,1661.1546045573716,494.49524989142225
11.963,1767.4915541903451,1484.9626970078073,471.5042327175882
11.963,2164.2266736075403,1430.4401124726926,434.65399820691806
11.975,2187.012729900213,1223.6055258842841,478.831242074461
11.975,2167.0638014962306,1499.546430229439,448.215684684207
11.997,1845.920523540905,1419.7418568538308,423.8747647842433
11.997,2014.8227886460015,1757.318364563022,445.9444510752851
12.016,2150.577647613041,1750.440583700646,444.62399767121605
12.016,1729.3582460737114,1438.425553163625,376.2658457863575
12.036,2273.831428901308,2172.956849499643,494.4175294430671
12.036,2059.1948835527573,2101.2419790281356,427.15911648777615
12.057,2068.729968500847,1795.3014796150662,411.57074509989155
12.057,2147.687771583749,1860.1515727278934,356.1631077084958
12.077,1633.451270522367,1319.864654748628,425.6165962402959
12.077,2146.0610709515145,1508.2595622210888,488.21752860126287
12.078,2078.3768151377153,1808.7544644718291,446.5943663083316
12.078,2190.584376765567,1701.089931199114,367.2445608117012
12.1,1574.5041681205048,1928.105359532613,450.8809056720318
12.1,2056.954074055638,1741.0307758259496,453.77915396700223
12.118,2471.0630407685544,1674.7394964571156,489.23733256866865
12.118,1877.5371701186345,1288.0519958857817,362.25214138131554
12.139,1857.4509499218802,1555.2152486259797,443.5262841049228
12.139,1963.945235485511,1610.5241536739188,340.44625694913617
12.159,2097.6947220339985,1905.052805574014,375.8255671345575
12.159,2103.6313858036187,1533.5198980352377,486.1192064793804
12.18,2127.9709132030316,1340.929642612669,458.7400837943576
12.18,2143.5964623406885,1612.6708247948602,411.73161264094085
12.202,2495.597123212925,1695.1797840887232,434.88361576305414
12.202,2019.128037963579,1724.676716147336,353.02957561519304
12.223,2006.254049815149,1587.7488000570995,380.85391670390476
12.223,1897.5360836890936,1587.4978375370679,318.7492531147348
12.243,1880.3176985880402,1483.211329589383,377.8682386319942
12.243,2184.5531259550453,1784.8394321948113,363.0962064817945
12.244,2232.1778153429455,1508.5853275134652,378.10214594862873
12.244,1934.2556501314318,1403.792470078206,468.0360582781534
12.265,2167.2589572086413,1559.8624166300854,463.05124415492475
12.265,1910.3899192278852,1749.7698034652365,456.10770638038696
12.284,1940.5257169333172,1865.878175466271,411.75595450006546
12.285,2265.337569353425,1634.3192004022953,425.650076726594
12.305,1846.734916830863,1611.248301705943,386.9854514292346
12.305,2086.3286099916736,1498.0148874887068,432.18431624370027
12.325,2362.3674286979153,1789.194974598838,424.26014074678073
12.325,1966.5707428649603,1868.9484730377037,338.50452577819686
12.346,2174.4818061673877,1663.151752487116,401.1060608055865
12.346,2150.4505716585627,1574.696845410028,493.56696998787265
12.368,1792.1731932773612,1339.7521318944123,537.8007856596691
12.368,2484.287691825656,1685.3882019162138,444.7005195730828
12.389,2189.686765010363,1727.4777597625803,437.87490114414413
12.389,2142.331722755962,1632.6442986388345,437.95528520590085
12.41,2032.9052031950598,1428.691456619921,416.1709098455055
12.411,2297.6763486377827,1976.8416537012147,417.96208625249466
12.411,1913.7850592550128,1530.5130302469374,407.1172554576642
12.411,2425.975149968445,1572.2047180838606,480.0599673051581
12.433,2315.1096172151965,1724.2103841739051,385.74005944491546
12.433,2410.4060332789077,1445.5913056669378,439.9587705798771
12.454,1827.1850284691666,1340.8063097776503,440.0205275138002
12.454,2105.803857695834,1635.6489243504154,395.49368720677
12.476,2281.8366190966844,1435.9201623024915,500.08671146879766
12.476,2160.2402724686,1314.7033831490096,385.0937859421635
12.495,2143.5523359478602,1601.5352680345486,424.08978704805975
12.495,2267.175431579474,2072.954097823707,446.5880848834251
12.537,2238.1649714041746,1746.7244537732981,495.95998646761427
12.537,2275.4040532970266,1671.1101532500147,418.15134032204173
12.537,2061.1868869038835,1378.9678186811777,452.31768477581414
12.537,2103.744482591338,1438.6855425236351,454.06824504931654
12.558,1957.9667497739931,1822.2313818743094,410.9648526392023
12.558,1782.0132881891584,1586.6166487036508,395.20025012363357
12.578,1895.081552431985,1568.6366296858446,458.58888714842465
12.578,1989.543473066016,1709.5318205928158,394.486501209467
12.578,2304.4071107731406,1325.01438395738,487.330921443339
12.578,1949.3081856813944,1146.4533653048031,450.89363328980505
12.601,1964.0554268292433,1712.9586200350216,380.2151343392751
12.601,1812.5179081474805,1604.9549127991982,526.3456070379515
12.622,1849.8028869613595,1718.1679450632487,420.8495130561808
12.622,1541.7916608980163,1865.4473090121385,421.0160168658123
12.644,1582.9773564850293,1872.1272106328227,376.28380315123496
12.644,1661.0536224389239,1400.3393104833197,389.75535437881183
12.664,1832.341797221527,1591.7151963559638,289.73057558637424
12.664,2105.83366020397,1577.8099413158507,426.56936310329866
12.684,1859.684022535663,1608.6705661581386,315.376508923264
12.684,2095.083709994504,1663.013652324035,428.112676944011
12.706,2099.8371961013418,1746.5515919668135,425.685073394854
12.706,1630.2447771432726,1470.5287547735077,431.5912668583064
12.727,2264.0708891236495,1596.7206105549394,432.3182451810991
12.727,1676.1636768396934,1886.9836703369785,434.8056869563082
12.747,1935.9546384702219,1561.1345402678048,396.64720654587074
12.747,1785.5699940666175,1712.2620377342703,375.9766802635006
12.747,2005.7066423092272,1643.4051844039855,359.47424038642293
12.747,2193.9127151001885,1397.6706729740176,476.6599246182326
12.768,1996.7373169775396,1524.4595222023643,410.26040680230597
12.768,2093.3095045957475,1725.7266001086941,371.1782074362208
12.788,1988.626804087876,1564.2172726292688,519.6695420224188
12.788,2031.7756974170848,1566.3217083769919,355.4770230164245
12.81,2135.108718529997,1761.149625902408,412.3563987706713
12.81,2355.1917040305525,1774.9920503866842,426.5251240482209
12.829,1931.5625792048218,1406.1232077144052,492.03810527120936
12.829,1623.0950239942022,1561.3222671306303,490.0666686843193
12.852,1889.8684137591313,1343.4801903542548,401.67234556344863
12.852,2035.7045139700838,1582.1556768021214,508.32913797092147
12.871,2376.218234144023,1480.748066015025,411.95332813652647
12.871,2282.4069612353865,1554.8501833752725,414.2913055595087
12.892,2415.6104782557236,1603.5374914213905,378.9316505064639
12.892,1772.7945048455283,1579.6128033580685,435.4217013566369
12.913,1808.6510295584924,1671.2018715711454,356.4168668595998
12.913,2010.0074287747257,1525.3927040295425,363.50600006531556
12.913,2008.9301167639512,1418.81718693906,414.6347605730481
12.913,2375.634474791782,1417.4036525453675,413.1343913215304
12.934,1860.621102147062,1730.766468511799,419.66497464268895
12.934,1984.321662147736,1268.1435256581294,481.57736649516136
12.955,2254.630522237744,1459.02569947261,428.1845523253251
12.955,1932.5941384619266,1452.799349234804,480.1379698594589
12.977,2116.470169911918,1792.544673987931,378.07244078530726
12.977,1978.9706501955325,1720.9870849233507,389.656992705475
13.021,1950.2353638889358,1578.7305514010757,445.23219497206816
13.021,1738.8664616600984,1986.3503197050568,383.9087311463538
13.021,2081.2034557087395,1647.0959330913481,504.11227816067696
13.021,2037.076828287928,1832.3810175088047,443.6680805583187
13.041,2306.8082412804797,1418.9987359860154,418.0992381698467
13.041,2020.916291437901,1689.788159722368,409.8029744639298
13.064,1956.3305837429914,1663.6551612022913,356.87824740313016
13.064,1572.9768826667002,1827.2350608090767,459.0716121901539
13.084,2009.7417805908751,1535.8898950904036,388.6967637812595
13.084,2552.4421663561297,1769.1215194838276,445.25058644604036
13.085,2088.8740603584756,1802.2504405048971,368.66674880058616
13.085,1886.2760060063417,1664.3887406897738,374.51606018567196
13.106,2212.236100373237,1588.5016113186741,442.6960650791833
13.106,2079.774410990725,1682.0377532570133,393.70301733359935
13.126,1604.1754879509947,1658.8317700404245,418.6116170635645
13.126,2507.7735360786796,1774.6746721946188,461.4147144420833
13.147,1892.9602160771317,1788.2015922620558,438.34133841370993
13.147,1890.3741792658207,1656.591063651199,449.6262924703074
13.168,1833.537298795558,1977.4058358871855,432.24715565761596
13.168,2496.9587976176335,1659.2753414690003,432.32449292380136
13.189,1923.0313211767964,1607.3492171725795,400.6004814337326
13.19,2062.796111323633,1841.6884611127266,470.6787242024886
13.208,1578.3541893307597,1658.6880681261978,531.0610359267911
13.208,1566.774618190716,1717.3699718744788,428.78695800563645
13.23,1798.7328810164843,1593.552095369066,434.3142511428229
13.23,2112.58211624553,1509.400389645175,428.23278911483476
13.251,2160.9341234392346,1614.5049646312902,428.6504300376095
13.251,2058.353581996346,1368.7112053557128,406.2020652453234
13.252,2019.929056336428,1459.7558438121782,492.96773308279506
13.252,1893.9625243910166,1626.4164338361845,305.6095970581125
13.273,2396.489220882344,1707.9793307775406,389.3283251053057
13.273,2329.258833908162,1620.008928931027,482.5689806593974
13.294,2313.0504295999713,1798.43304814305,377.41322284442623
13.294,1519.1677086519135,1324.3202605610347,465.8912785171925
13.316,2077.545928417745,1810.8411112682898,370.60880562291027
13.316,1956.0520255092315,1522.1516428888617,433.8306005278428
13.337,2020.8834687425522,1863.4696298478484,339.9541714966964
13.337,2132.3348399426027,1590.3638752284778,399.7764117427715
13.357,2299.823230302823,1848.7375786748698,340.04033381858676
13.357,1992.2707643843326,1597.9294900089617,362.05224195423295
13.377,2284.328617123796,1635.1482709900358,362.0060717061114
13.377,2053.0037187256494,1637.0487186589767,388.32025242211313
13.399,2040.4742169839917,1754.7152946239642,411.75908160503127
13.4,1760.9038900897635,1655.9889305701233,420.85853331014874
13.418,2117.710482876763,1530.4830218566692,358.71614579584167
13.418,2168.0097247617623,1803.9119461588066,436.2643349480303
13.419,1972.8870551250975,1885.109915053039,315.633818344363
13.419,1909.075597430174,1411.271146189587,421.70956358908376
13.439,1892.3006197986513,1387.9316885143662,390.6280127490436
13.439,2272.0018871844322,1744.9421540341318,455.2263510204047
13.461,2422.510744655769,1762.1568645728178,407.1066925852459
13.461,2353.025830619428,1315.3022226601868,383.4683785114737
13.481,2254.734988415531,1892.5304593442538,485.76130911105645
13.481,2301.0816622408097,1477.4498809959305,454.4915824114939
13.5,2173.262664482998,1712.9050577095325,500.7175135778076
13.5,2183.5563636955244,1630.8644773632616,448.3792797459915
13.522,2002.716343179449,1548.8892691043825,379.82454528121457
13.523,2105.416136587696,1725.722207610265,343.83412087719086
13.542,1882.4198997532133,1482.439772791719,388.7688209010454
13.542,2281.757805910645,1713.0181734924722,386.851518496011
13.562,2123.1940714112534,1504.6995463789544,412.62586627550377
13.562,1604.8331629716047,1553.150987748161,441.69877782305286
13.585,2087.599238314821,1672.5780728901332,432.5776811752551
13.585,2036.4629920572252,1680.9097015142622,411.33563315662576
13.585,2328.2299977265857,1456.4415738948026,455.528797564863
13.585,1852.3397528193243,1577.78340616781,430.64190601881495
13.603,2005.4780326854616,1791.7628853279275,480.8685100066058
13.603,1919.4020706019887,1545.7637578797953,357.3932076258426
13.624,1900.6475951550492,1847.0033708825833,374.72196488620534
13.624,1878.4458719133436,1640.5621378954304,349.02659122310797
13.644,2321.3453127533153,1710.170646733429,417.2977541142364
13.644,1883.4796097956678,1668.9533345960467,376.6002091044516
13.664,2450.0503964677378,1894.0018125797612,428.3871596071231
13.664,1978.8203289588637,1765.273298535797,375.12225524443147
13.685,2077.9800809519816,1715.54203671241,418.01603209834065
13.686,2135.117074440714,1530.8413475601087,412.8373623338558
13.706,1810.0688352204552,1324.7989179934107,454.51371083735546
13.706,2051.260845477492,1619.8062424914208,350.00166064280165
13.726,2037.6711266882248,1418.6564215495262,406.0865161514643
13.726,2048.856322445476,1678.4723246007336,473.5082203611621
13.749,2093.7872847151752,1386.3547463880936,426.1516892393853
13.749,1753.4287890402263,1701.0739203753508,401.92297584011413
13.749,2042.925533441481,1841.1593148551826,503.0172620025721
13.749,2018.7821441149492,1856.0550057980163,465.01704872235945
13.768,2310.9917987128397,1772.3128544297779,482.7210878871234
13.768,1643.1767221057275,1704.8220889772574,361.42326154276225
13.789,1820.015456290523,1467.4492946862667,568.8206307263089
13.789,1575.0832171935317,1659.9822793325056,416.0532515632557
13.809,1699.3862106021359,1916.5813119738118,390.570357010592
13.809,2272.9489523165016,1955.2292300110919,421.25884599471186
13.83,1998.1636905733844,1469.8422019111554,415.6341247825582
13.83,2197.95347356042,1829.7090219294946,461.5637609354137
13.851,2148.9523896604255,1507.4272677808392,385.6685381540442
13.851,1958.6787778927114,1506.9678403404744,384.07208267633985
13.871,1986.0750524677971,1453.8204298202106,400.7345103412142
13.871,2207.109280525139,1619.3754093763862,360.99601150070725
13.892,2301.859695778696,1780.5723894812695,390.5512497879926
13.892,1984.3165418354795,1670.4139275014354,443.4462426331013
13.914,2693.824873362243,1540.0265378694046,457.06882479541076
13.914,1888.316591895875,2021.8264690575002,375.66927343714065
13.914,2003.5999095491309,1701.2519233331614,361.19291281472294
13.914,2431.812575250619,1802.591916717457,396.659512215977
13.935,2139.2769835488602,1588.7924252105938,357.6492650085987
13.935,2019.5845763608063,1762.6498352190936,405.4572767892346
13.955,1578.4803504676693,1578.0084016077572,382.7232772920428
13.955,1777.204633602586,1613.7609039303782,442.45585189326414
13.977,2139.2873714277052,1999.5524687896168,351.76366500024426
13.977,2155.6510154465645,1568.5397122121356,426.82600680630094
13.998,2332.8064348844805,1687.3710818048207,379.8150907304139
13.998,1985.0862728982374,1736.630163733481,405.0113714691852
14.018,2214.8920068762577,1473.6110086840922,341.25482218775954
14.018,1891.2897767936238,1496.061786767859,432.65327509303717
14.04,1546.5790349015942,1816.1102579003984,384.8544592451645
14.04,2002.9563304066876,1405.6192121815916,292.47530963093067
14.06,2237.327418483594,1726.576439215752,348.66738145571526
14.06,2351.9618593904042,1722.3332312808725,415.90921724505546
14.081,2260.1187776408506,1713.1233438460474,409.91394219330596
14.081,1766.750720585328,1578.2052335468438,414.14247938206563
14.082,2371.067526572319,1733.481006414212,470.2592979709159
14.082,2323.521332263241,1817.6600377214456,471.36138221374875
14.103,2430.756220318684,1491.264556216077,376.63880752727647
14.103,2423.4640341619247,1808.7537635554158,399.60608116695755
14.124,2087.1407282960877,1687.16318254965,413.69576975070675
14.124,2173.2174252094287,1642.5666717346871,478.25257969430845
14.144,2155.720644723397,1705.3467743213914,360.2327299943537
14.144,2027.5280493407727,1747.1945329103132,368.5537147216435
14.164,1588.5893137617463,1774.017969683062,409.3464665136902
14.164,1980.5775331801797,1934.047566152,420.3911214229403
14.184,1832.5640876459283,1531.1513689016367,420.3746937014942
14.184,1829.9153754696158,1812.9881023460557,423.4708318112978
14.205,2242.893388080212,1695.6700614709546,397.61331839377027
14.205,2017.6778484009749,1728.0670763359421,355.9389188274786
14.247,1871.3395109414525,1752.6485761895494,386.7418425352143
14.247,1870.2459629440548,1830.5853275546312,409.1835919361197
14.247,2115.5559658714697,1791.647918656627,454.946815822252
14.248,2022.28026755076,1935.2053619496478,397.90126195896977
14.248,2604.399373637805,1833.6137353781185,443.5433851807952
14.248,2269.883421850822,2016.6669604008528,394.3543764656614
14.269,2155.335765489711,1791.5003305446119,357.9148680765355
14.269,2194.451416982594,1912.8754577008444,481.44138183120947
14.288,2031.358584348083,1569.6746033084062,384.97870711605304
14.288,1788.1583560292024,1804.4645187398683,448.0989425384698
14.309,2112.728468151065,1662.1243509682336,418.5701640690444
14.309,1818.5384603773252,1626.6805970033365,452.21553134543274
14.329,1983.586963718572,1667.18143747101,390.7159507153285
14.329,2212.803706319904,1513.5028069408572,367.66032287580384
14.35,2277.713130269534,1811.1335952165205,448.5362072318305
14.35,1955.1025361075197,1682.2262175746916,399.6606500468479
14.371,1789.6924996693376,1600.1779245352623,480.68014903186787
14.371,1850.4611016107847,1572.0242646091149,426.07480812079035
14.392,2154.2557219886203,1366.1041152794728,350.1657091507426
14.392,2151.138807143948,1631.5194071640747,417.8317380332165
14.433,2028.2644692316182,1820.3645051781275,424.9246264868814
14.433,1937.4621216554535,1457.8820069316666,425.032714688101
14.433,1654.9498554272166,1700.160460899474,411.3384149787574
14.433,1804.3138651665247,1711.9821828279323,433.6139996530259
14.434,1662.691146673102,2070.3020611175134,402.4691897112172
14.434,2345.385770002622,1593.638857131464,457.4607287930746
14.454,1894.72090257306,1873.8063443490746,400.27158504801787
14.454,1797.08738952635,1482.0811075122422,370.2577341646156
14.474,2186.5796761495435,1546.5895249299688,498.93713228404704
14.475,1992.6556619294183,1638.2648910075077,422.5737807360414
14.495,1948.8489638301403,1692.5229551276375,428.83721509363744
14.495,1620.4331886608584,1732.6335657801137,461.63479733756486
14.515,2101.1991689719653,1536.4480788191554,394.15881577937233
14.516,2128.7606284266617,1492.5411995107306,470.0744776466777
14.557,1912.8159288082009,1586.6698785551628,423.946648014591
14.557,2030.4582260947645,1438.5500205111257,492.54701479036424
14.557,1459.5057529617416,1331.313241111731,393.00359976368736
14.557,1826.4066254618133,1758.0590471070716,383.5639182145307
14.577,2178.9463012656347,1744.5447449090143,411.6242482444236
14.577,1862.36600090216,1728.1025883419059,327.84462551310673
14.577,1571.4858408674772,1566.2339048984456,408.22355018186045
14.577,1956.0539638581447,1755.2340470160639,417.76552736295827
14.598,2048.3818408653137,1478.8115588074088,472.93259505180123
14.598,1945.3600868237172,1641.2870178804014,388.10606946062114
14.619,1756.1983161174887,1288.652793693512,439.49839874889466
14.619,1857.358851571683,1731.1659031393783,417.0070462840841
14.639,2245.2267124928067,1529.3240684641642,447.17605523646404
14.639,2013.5561669044428,1476.5426670811714,349.0354743445606
14.66,1620.6033860801876,1610.5857266099242,432.72704511654183
14.661,2040.9857357453684,1991.9744145192267,423.9918780273348
14.681,1782.8721729173885,1713.3526235975567,336.07746398307535
14.681,1946.6983647025734,1751.8958777765406,383.69232022138254
14.703,1802.0724882212671,1567.1248811458531,407.8232648516933
14.703,2050.1387466628685,1412.7371829816857,366.46496703839034
14.723,2042.0645128277406,1694.1290095898705,398.11029347737434
14.723,2130.2731155121073,2000.9308406017096,448.54706695136946
14.743,2235.4364867607424,1638.0463796739293,444.526242033529
14.743,2096.4148951723946,1713.0216236731783,425.7497016205708
14.743,2267.7681355154027,2068.7361730159337,473.0676189086986
14.743,2068.6740413312864,1570.8308383106296,425.0111609596038
14.764,1720.6274151089092,1394.1143170544024,477.17237405399936
14.764,2455.905838490541,1699.324086336966,422.4050946085503
14.784,1887.0546482403429,1643.5989779213103,424.71163942039385
14.784,2179.617194852624,1528.008322555643,365.86085371353533
14.804,2056.856419583145,1592.1537648881751,385.12671315957095
14.804,1849.8002041171098,1628.233624297932,377.31117694051363
14.826,2089.0263644246256,1845.1084780418335,430.9405116770909
14.826,1802.3074645634922,1515.9139577302728,422.57272257849
14.847,1754.1167072484047,1497.3078504132554,434.876069661487
14.847,1855.2305406145006,1853.7357512198223,461.9185988953971
14.869,1975.38871099664,1634.9233261641587,378.0834094913611
14.869,2062.635073426407,1560.8915592323945,452.4603484690288
14.889,1914.6788827729815,1887.4879193645702,424.5052992387097
14.889,2221.7661994092123,1750.6842618532637,454.44151934828085
14.909,2330.364367816485,2032.4011706130827,359.7140087744715
14.909,2046.1597147755597,1987.3662483999126,369.46814340822766
14.909,2132.16861568873,1878.3020653499193,452.82304723327894
14.909,2348.721020444501,1530.1701096354236,381.64920429583725
14.931,2161.1766348573838,1709.7636466817414,413.6625765755672
14.931,1682.4387714206985,1754.2308838168206,426.7467860482306
14.951,2338.490712325432,1746.9203584951597,384.47814466859586
14.951,2107.1409296244638,1720.4365900712685,357.35304941937363
14.971,2146.0076389132305,1669.8394885251676,459.16774661216607
14.971,2525.1710775067136,1793.4756519823638,384.4032401547353
15.01,2150.1012069313147,1463.3404917503553,441.6451174629502
15.01,1974.3810133571642,1316.362982409501,441.0701255906729
15.01,2084.2026691236106,1456.916931440022,425.5335403222969
15.01,2141.4315346255958,2041.8586174946636,397.0985419343833
15.028,2058.2602725089596,1778.4033446179424,419.8424577217434
15.028,2100.348287216021,1841.2926256609749,379.1751512917414
15.049,2022.4863146112457,1819.7395664172727,398.3378207813768
15.049,2210.390880317756,1406.7490978018436,403.69441376613577
15.07,1783.7889220838067,1695.6963600395586,387.9970219467864
15.07,2236.9061912171396,1854.8923167250193,401.40670447706253
15.071,2049.5124983641253,1806.4877840686308,466.2174386557558
15.071,2033.4143183487756,1633.312429096675,444.2115321975924
15.091,2038.9145106077735,1853.987035167783,381.9736955118971
15.091,2156.8408023134393,1793.6946757772837,377.1814580873205
15.112,1838.2964175701518,1678.1783161955673,455.25035282928707
15.112,1794.0061841545946,1720.366319552872,417.86703000143376
15.133,1651.5366125005025,1410.9911034530392,455.90652475043294
15.133,1951.979764164077,1726.1905603418804,409.1598330730358
15.153,1934.4536660250442,1630.868361171518,413.6483975733614
15.153,1938.6829056931663,1897.002782550648,360.9957636972509
15.198,2026.8373081927202,1654.05753825872,339.82025252278663
15.198,2027.0371509750657,1406.2417565104183,390.53969740726967
15.198,1656.0459204875956,1503.5436283789747,423.6776988518086
15.198,2036.1068554861579,1757.46775574843,397.48970584693365
15.217,2126.250543336166,1756.4026592537862,399.9363587342771
15.217,2007.8197323516497,1407.134353082108,367.9697246335148
15.237,2440.078053117077,1639.3704138884077,366.0665254953647
15.237,2179.434728917425,1415.4910782562627,436.81000857331645
15.237,1866.208489282447,1626.884512862457,354.194524472996
15.237,1868.0226510548307,1892.5819430570339,544.1970026894544
15.28,1942.100815749681,1192.3018764307128,391.39354115007643
15.28,1908.4252440249202,1858.7713755239934,383.2398535243406
15.281,1961.2757396688623,1972.1296272377754,469.8805133513748
15.281,1954.7914843386422,1435.777997836876,465.9715963431289
15.3,2160.337724152796,1802.9706759631133,405.8493540269823
15.3,2157.4310163961286,1495.8121546876105,477.2818733057664
15.345,2047.3203202981829,1714.1129145088858,464.5312641550558
15.345,1600.0291473329705,1839.0209128064002,473.2882146552405
15.345,1612.0591966762543,1731.2848649311125,367.35055087665415
15.345,1838.5456000506097,1940.9315300984981,388.39330147718823
15.363,2120.001682175588,1624.314989018195,369.78958224119816
15.363,2138.0349671829713,1796.884060843131,397.47065727885706
15.383,1849.3335238033735,1575.1115558462075,456.577092365232
15.383,2031.2261595153368,1545.1370499936065,494.30052031423014
15.403,2091.148356569023,1656.9394332847119,447.6881480772817
15.403,1842.1797747578491,1666.2240898083355,366.3351958249285
15.404,2103.806058477041,1605.9393185879492,402.0178668232722
15.404,2345.0864662643717,1627.3628446625155,391.53489904437635
15.423,2340.9102585251585,1885.568005075717,348.5909554543856
15.423,2190.094599610295,1767.9348641316399,442.41665093933955
15.445,1865.8611878994393,1509.627783971642,420.38016250467683
15.445,1917.8682914625283,1535.5706741017448,398.909437370209
15.465,2115.1855020723906,1649.2796511294089,456.60582806931285
15.465,2257.383667646567,1764.7172324642254,424.04326324068927
15.487,2073.9236849856943,1381.738780784447,509.04519994775296
15.487,2382.9511344630023,1220.3488141824423,395.31213297036334
15.509,2377.438541021624,1706.7478370706126,384.7602892528873
15.509,2046.4533923119343,1352.763909393531,395.0103810666371
15.529,2093.349834390752,1670.0682613709828,303.4287230097865
15.529,1971.235009199872,1939.3232165625834,318.0771888349657
15.548,1758.8468368666163,1465.597277410571,384.2352266893909
15.549,2040.897504756948,1597.3798191165715,377.976930838215
15.57,2126.115043015877,1654.917584436733,436.4411746804562
15.57,2046.4322818816509,1649.51861447745,440.46994270712423
15.57,1960.4905273966865,1494.2312789993864,345.10968176144644
15.57,2041.2980368335675,1736.5162688972243,409.0961002149121
15.594,2314.476722475066,1439.0626511834864,419.7885004075485
15.594,2401.5007586420506,1686.2138800980106,525.8933322182867
15.614,1757.1799219209795,1511.6941771180163,451.2777773118378
15.614,1853.44745767008,1668.772653912465,486.0655605046999
15.636,2269.747501972659,1736.555493618887,495.98923538819287
15.636,2028.2027848146377,1848.027156881001,467.24420976135116
15.655,2001.2503907298358,1268.278694448415,363.90513353041456
15.655,2147.870254512645,1753.5986022278032,392.73712963611683
15.677,2175.2291997413404,1426.6624768085421,447.2080802638059
15.677,2217.7571369156562,1513.2619505466305,349.7711155707993
15.697,2071.9235402975505,1601.8861849500631,425.3354625958742
15.697,2203.601414759561,1638.7772628028738,404.5529046462931
15.718,1920.7752434048207,1529.1676325286871,418.6206125691526
15.718,2299.6336219607765,1870.5717260340791,461.2583894872883
15.738,2369.2666340288615,1526.5532884286336,399.8544577431816
15.738,2056.270878249141,1600.4817972731498,359.7628886246407
15.739,1815.7860526285228,1577.8536656129731,418.62103477384363
15.739,2253.5594301687697,1506.4971994568973,390.6511472024361
15.758,2139.589974983532,1558.6615374421629,455.91306099776045
15.758,2121.8535706725743,1417.3395515971256,438.9819430690401
15.778,2253.237774373534,1705.5877432407522,382.1643664413091
15.778,2225.8903497188776,1716.1229128456341,375.71018836911264
15.798,2155.0497271495747,1528.55617573779,385.2583881922707
15.798,2214.0824027635445,1850.2339885398596,421.5738593438923
15.82,2287.806142687604,1834.9010130525874,349.11633483502817
15.82,1975.5207451684767,1167.450149193232,429.6642972323685
15.842,1887.0182866814869,1905.594868917544,488.2277441104805
15.842,1988.7240317558872,1661.0475924154807,461.73933321067284
15.862,2247.7031014872377,1618.3073300755907,475.69836911527415
15.862,2049.168327958686,1765.1033227879566,359.4649120558956
15.883,2328.243220536642,1685.3005219626887,475.0350957713769
15.883,2014.2742754270737,1554.542485787447,366.9285599734636
15.904,1799.903313779395,2118.672143218293,408.4260808285054
15.904,2128.947660493695,1726.0061009233357,429.1254593836172
15.904,2293.2466089142877,1664.375160996725,379.949192243579
15.904,2443.976129335116,1508.9592418973311,492.5371836340498
15.925,2009.1526444298695,1640.6981001290644,404.66311670362376
15.925,2027.2700525159598,1527.845613428985,507.4387590539188
15.947,1858.302013377686,1683.2609082151719,416.95218986546115
15.947,1840.6827915171707,1535.0331420090104,468.7602743656926
15.967,1872.750417383363,1359.2069501950405,457.1489213237419
15.967,2233.6113424313644,1426.2144152561593,507.4616128384297
15.987,2046.9537695049567,1673.0846096890598,423.4125840596257
15.987,2250.3867181644955,1367.5515447153061,469.5690492584342
16.01,2351.427254850853,1686.2337709761393,458.7799284368604
16.01,1976.195570464424,1360.2268112931174,459.5232662486809
16.029,2171.604086087143,1754.850238827456,370.33373797790273
16.029,2383.7470732651136,1603.894094800512,452.3575346283626
16.05,2285.1600006112308,1841.4175335803834,441.89621367674704
16.05,1784.4551999790192,1712.177450549975,418.417221864284
16.072,1764.6714417928029,1854.1656148361237,434.5228991553925
16.072,2209.3514401929215,1703.9346721853506,391.0633368050569
16.072,1850.7127652301406,1763.6852542135287,412.35812244609804
16.072,2273.8083483796263,1581.6899486669524,500.2961125653283
16.092,1806.5902315597532,1957.866819463593,351.08498048325464
16.092,2009.121305469162,1613.3726272864158,447.9183944826301
16.112,2125.557344244284,1292.0517216517605,400.0131826860029
16.113,1888.3222531428978,1839.4141541616718,400.504008666913
16.133,1846.7925044603205,1598.7324446933633,471.3349531465433
16.133,2051.3805029779987,1563.541785819572,389.99220165378705
16.155,1874.7550957171552,1357.2406793629314,395.4995612616807
16.155,2135.5056209917348,1628.803715631438,413.85206639148646
16.178,2020.4777218385796,1471.152080811503,458.12256943328055
16.178,2056.0910930136424,1742.9795811803885,335.380208310219
16.198,2398.46747115582,1664.53166440279,528.2040585730348
16.198,1226.395909093943,1551.4667967675668,497.3146244866904
16.218,2114.873731532255,1678.014296251849,392.51670868774227
16.219,2109.7963532800986,1535.253816015792,450.1238872855924
16.239,2218.5495098148544,1614.0040037177325,373.0821296465183
16.239,2074.90387927827,1767.2768085371447,383.293587484285
16.239,2422.56495053575,1583.3649195707492,351.1456438685785
16.239,2281.8469013902827,1296.3126064034184,315.54707421810247
16.258,1928.606769345305,1705.8431959724326,332.67841847962063
16.258,2162.4316317599623,1551.238757840996,464.5546295240874
16.28,1800.2370964417464,1742.0670885521376,363.16300225638366
16.281,2230.1320753037767,1399.803174249882,429.83224532019625
16.321,2106.2865079924563,1766.2139462439986,396.460870209608
16.322,2095.028897881599,1586.8479185996905,526.8168967706223
16.322,2331.241563859416,1510.4276910731992,403.3871539055762
16.322,1865.6533617510142,1653.6478768859347,407.56542745433217
16.344,1899.0484440860178,1714.8874474234676,369.91575248194425
16.344,2136.308108852094,1718.9888534662323,437.1864219701543
16.363,2382.387929835538,1508.4508769832075,347.7429238750982
16.363,2372.5579405786807,1750.4596647003525,415.35264748196494
16.385,2197.15388071596,1432.0942406215636,406.1831322748831
16.385,2276.7953632852764,1591.2036709239085,388.1278640691954
16.406,1740.0057307561406,1499.2624568555811,481.3229784503082
16.406,1831.4047888103087,1462.4706247695551,454.9988618038709
16.407,2041.9528308688373,1755.0082447464556,421.12412490621017
16.407,1921.642519263047,1787.062435388026,417.2955373960994
16.426,2051.1635115646345,1949.2882221618852,375.7550884935866
16.426,1962.4673766566818,2079.1692629788736,414.52744521210076
16.448,2200.521395335347,2120.2710564137124,443.2471781740951
16.448,2109.4883796400236,1697.749108423506,393.2189894207887
16.468,2130.405349896347,1510.8736460485027,488.32433147024784
16.468,1659.6068180215702,1979.1850860070945,454.3804510322884
16.488,1731.574260179044,1523.7834903256771,472.5802828552613
16.488,2082.917558761325,1651.2048415917504,351.89483207745764
16.509,1881.3806767518834,1517.4101637158508,359.3999806049942
16.509,2092.997443843598,1548.2985747661348,327.65928827125083
16.529,1869.2420305556848,1577.338141948662,506.3788660221785
16.529,2131.9221627142,1916.5899869573645,448.52751884513145
16.552,1951.4512552748301,1702.166795976462,373.75787654265804
16.552,1956.9481672252673,1685.6856401252348,373.97493951782087
16.567,2038.516028602129,1703.020515076481,441.2832413095621
16.567,2098.164006193413,1555.8066798027307,324.0794522743347
16.568,1653.8933046355523,1438.196381837301,364.3743704561066
16.568,2171.0467242430786,1592.7495506060313,441.13679553781077
16.588,1917.9717344460175,1762.0775727853234,374.1903279141178
16.588,2012.1103037242478,1541.9966019480937,417.3416545689538
16.608,1979.6957794448158,1877.9048620595306,465.20703334832024
16.608,2239.2489430648275,1649.2218309544244,489.3078741546906
16.628,1721.679623199157,1763.5734186933298,418.9545853366287
16.628,1736.3452558734632,1682.7094326488084,447.99836140314
16.671,1970.42445760894,1495.129456566342,369.9778355335822
16.671,1929.038584354774,1920.7787783035537,506.06203977524063
16.671,1830.4600353540347,1628.6858092356097,374.9269404927552
16.672,2129.979540450025,1726.9656445890096,415.97578080654455
16.692,1914.4878715842513,1780.7470065063285,495.8972458951035
16.693,1908.1966845367092,1512.7256585419586,411.5351104216485
16.715,2551.593159505198,1728.469119428403,354.42447470048955
16.715,2239.9916008535124,1574.9020685224584,331.60788218326775
16.734,2191.736335607226,1717.1711558681336,426.838315237466
16.734,2002.5284985722533,1684.4554661951988,394.9458422450317
16.735,1777.2364784030567,1969.560925335329,378.18052241004597
16.735,1771.3059406865843,1475.0816097132342,411.52656141095133
16.755,2417.6607561330447,1520.1973597847089,279.020595003087
16.755,2004.8657128214234,1416.844820611843,446.392848742101
16.775,2187.8996404249806,1546.3694796876641,357.95937062918307
16.775,2099.372931836209,1848.0126166684927,355.0038124715578
16.797,1802.3447481972196,1404.4528556559876,489.8930165670055
16.797,2276.0573070206347,1613.52739959255,419.1793069314459
16.818,2307.792264416754,1529.5831171895752,404.6062242660029
16.818,2424.3023384300636,1748.7410148823542,460.9128724356224
16.84,2054.112911195866,1903.102906608158,429.32755590170615
16.84,1984.7690592033007,1460.8679222061314,429.5626187080993
16.86,1765.5656624434178,1524.2472103948724,488.8956615860731
16.86,1818.4406472660692,1322.6795674930856,485.6620928765197
16.88,1720.5549713024466,1628.7948171406117,434.5723819062532
16.88,1936.2269127021762,1637.3959781717913,497.4189814042502
16.901,2187.1111253873937,1745.410326085685,431.1762647253966
16.901,2140.6535019494368,1581.2584615472124,353.4735294161485
16.902,1865.8273789101272,1799.634059246512,403.1401974862616
16.902,1999.7045294006912,1417.7387255545464,404.4636725380807
16.926,2130.512628284761,1804.6342970385103,461.57486595602
16.926,1979.2966770384621,1855.8457489263433,377.45347931438585
16.943,2134.092537924166,1370.6389998360223,353.1704339907536
16.943,2083.195052336788,1707.0875385221188,381.0301055483008
16.966,2009.6321875725844,1609.4456055035996,429.35193740118746
16.966,2173.4946926565676,1384.5046417833614,352.80007456744175
16.986,2562.3445807351545,1824.2465755574397,416.12976050676633
16.986,2262.221155506434,1832.668413225413,429.8870842577228
17.006,1918.9727995978046,2004.1432117600048,377.47118386429037
17.007,2213.267631639714,1641.6833999380954,434.7479169783371
17.027,2189.543762546916,1904.5416331146748,368.0593222477151
17.027,2263.236661793236,1704.6885612085082,405.8177333666083
17.048,1861.4211309784105,1760.5449271189902,452.6243715572414
17.048,2106.767618162939,1704.5573562527807,395.7217181548563
17.069,2186.1750557353116,1618.7167611115046,418.31630899050333
17.069,1663.6326970918547,1773.7475162489545,430.24386914335787
17.069,2125.770396843949,1561.3489043839409,407.60420411371143
17.069,1875.7814757545789,1637.2965368275952,407.88694187328895
17.091,1933.6768706408868,1742.3574036106822,404.97154139310504
17.091,1912.6197814354273,1532.3850463254416,523.4438084247507
17.111,1903.171198199743,1699.9341967913133,395.1106820966572
17.111,1837.2046034749378,1684.3455624122103,412.465389619948
17.132,1846.4432188368262,1780.4535958682247,432.34147604304286
17.132,2064.6280950813793,1613.9392868741722,398.02492147892985
17.176,1573.5895915227982,1871.8823316735236,415.40443023507333
17.176,2121.271691570506,1620.5413752677464,310.22713320259555
17.176,2343.282004504459,1531.1309131392766,378.3159281602031
17.176,2340.685667731803,1773.5890219319149,425.18153314145417
17.196,1928.7630608628097,1749.9655941003152,460.47317623305173
17.196,1812.4087788274257,1532.3750831830264,498.4857214922583
17.216,2020.9002496049457,1558.0535876243225,346.70839643051056
17.216,1894.0218839773047,1694.6583168827867,400.4171228557668
17.237,2173.166670236296,1878.4940311201672,343.3353024500359
17.237,2144.3299326399565,1493.2917032903556,439.06657861326084
17.237,2371.3488821170827,1430.7068950218402,471.50642762360576
17.237,2074.920488217226,1634.6263476003962,381.55065477132734
17.258,1944.4626728055732,1382.4220454863319,416.3981065778641
17.258,2199.2323824366244,1623.1884436070504,493.7676606599132
17.279,2371.6064254361554,1637.5523373804338,388.0935486224447
17.279,2024.8712637746266,1402.769249658984,451.0052390450322
17.299,2237.118753667856,1650.2285051986714,437.04175289374035
17.299,1910.2559859659298,1420.7114457189962,411.0984250173547
17.319,1931.3023278126125,1536.415211202695,454.3592518901895
17.319,2054.0130141029435,1572.216819155642,468.60297226100215
17.339,2005.3983080517992,2020.831147063605,417.14694207512775
17.339,2004.3778542521893,1963.4786459410432,455.5932923583581
17.36,1797.049956988065,1655.4369863462057,357.8278177042708
17.36,2044.2344662567352,1679.9585452599922,420.65881997522473
17.38,2043.365183932992,1403.4062676293343,313.3523234340096
17.38,1624.7128148095803,1610.2349979674195,454.01340437313917
17.401,1709.843961138898,1543.5232280214818,406.23062067237225
17.401,2147.9856010116273,1602.159999146959,457.7182396422099
17.401,2210.651154412619,1663.3367233830247,442.4838434764384
17.402,1865.3846082206608,1913.1054763277307,426.86006931054396
17.422,2093.858038915236,1646.4850756844228,472.76812520291253
17.423,1726.7433365717166,1305.1060317275303,307.02930081737816
17.442,2131.7773699310146,1414.1081169170957,439.2441732882143
17.443,2095.1636562077265,1757.7154462127712,415.64101485831947
17.463,2228.9635341445687,1590.9886831189638,342.40387618937825
17.463,2029.9313105185734,1839.7146594956134,410.28824157492215
17.484,2318.588336412901,1435.4548088415224,420.27889123687356
17.484,1999.4772832822864,1329.8873212185376,415.0871528810113
17.504,1835.8225075023124,1377.7942210449498,380.92010924005854
17.504,2153.0612714521126,1959.6025335854642,413.44167323754874
17.526,1856.7375386887104,1784.2017364814997,354.6029312515066
17.526,2097.4867676193717,1893.203849621566,338.36908085259535
17.546,1906.1736445408976,1655.6282539363913,496.03958594578097
17.546,1665.2720786265709,1998.045739455528,373.3187809958646
17.567,2148.103824937708,1595.5760305407755,435.2424772111712
17.567,1573.4169486046546,1975.928185417708,406.6404928901207
17.567,2077.4106092602538,1807.27982140955,516.2923398162546
17.567,1991.414521243318,1406.073442180405,437.9696099392369
17.587,2243.843623591267,1535.2478435954886,391.2445953930668
17.587,1863.6011175619842,1039.1649654577304,409.0498354647552
17.608,1958.595974774161,1805.7342806720376,479.3361325318454
17.608,2090.3699050411915,1403.4664799081636,409.9587714676689
17.629,2057.834580040924,1681.8400093199552,355.7480950046253
17.629,2603.854601061792,1582.9006861631883,378.18772708777146
17.648,1690.9033067570592,1214.2599829920073,433.7065037986856
17.648,2482.9436919233162,1415.0265460541011,432.96777563261537
17.669,1898.6718973321101,1485.0702679613132,373.092592496684
17.669,2155.0190234817746,1312.9921395592037,435.2955712433552
17.691,2408.179832145513,1639.5445921951152,450.34828264934055
17.691,1751.3249948104342,1472.2098856037185,442.4789092465921
17.714,2249.3710126491915,1455.1268246333439,424.75478640400775
17.714,1789.1569226142012,1631.293702199804,424.97090657806035
17.734,2054.7649073113985,1887.9285756768181,447.97368023794337
17.734,1977.8351306031213,1677.2392461819352,355.69905266985927
17.734,1668.8717893619512,1521.3114429825757,434.9967862075938
17.734,1720.5239794426889,1529.5119577401993,425.9746517400942
17.756,1857.542541038255,1423.9796764225523,360.4633382447029
17.756,1916.2942520061956,1931.5568684804282,411.1943277064653
17.776,2332.7267992865213,1795.156528767221,491.8190182517645
17.777,1667.4330042234196,1445.3681167529253,396.40202426959485
17.798,2310.118214200829,1705.8662710244505,469.39283668632964
17.798,1713.2264613285938,1677.8295984842089,444.10046389240404
17.84,1776.439917227337,1943.2989400175854,471.58215953465276
17.841,1812.7390213835624,1793.4933442750043,392.03722701305713
17.841,2223.62516580047,1638.0246230672165,493.3914951354941
17.841,2216.8121548364365,1662.2944653987213,450.81859916858014
17.861,2180.850995127772,1451.4989003852886,381.5782015223517
17.861,1504.2707529831762,1482.6222485009164,460.4748692562637
17.884,2260.7018034786624,1785.210728795682,450.63223688376576
17.884,2268.98532626012,1586.7303685983932,371.1815171792837
17.905,1744.9199068086946,1297.480084019658,302.5110343081295
17.905,1581.751132722758,1675.7592955682996,419.6853485732607
17.905,1869.7936690597528,1727.1568296265466,416.94159317085473
17.905,2533.402048196573,1634.9970414241604,448.3182368030172
17.925,2193.5278925198813,1724.2693957869576,468.486728688737
17.925,1804.6527827229409,1641.7343134328187,401.0270318272942
17.945,1811.2214555255846,1624.5503844934988,441.51306225231866
17.945,1807.3415543929082,1949.921370916325,438.410607212432
17.965,1947.204626941448,1647.9727807076167,468.87622162000696
17.965,2078.3413661712925,1514.6703497797976,431.63610437405265
17.988,1942.7280182041775,1931.9020409872173,355.2455786017025
17.988,2031.6029277244452,1549.536264108951,425.2624888921072
18.006,1589.6686267641844,1618.6254991344827,439.97865697614805
18.006,2048.0660049345965,1656.430809291713,459.8643570586232
18.026,2121.195101520824,1642.1419988876298,454.24154718475666
18.026,2178.543126537077,1745.2111989040413,410.9820232650434
18.047,1743.4084261478906,1711.8217814251361,395.1216959887359
18.047,1928.3095259031136,1791.2733167310632,426.5490422048138
18.069,1975.2937336271173,1555.0691821220655,377.37286771838023
18.069,2021.7073213689766,1556.67665840473,399.2228506698875
18.069,2114.8436833615474,1618.6773158516175,411.79627023094827
18.069,2222.4716375296725,1575.026382581123,367.70135860291344
18.09,1959.946115685026,1752.649011640552,383.7294522131194
18.09,1913.7612856389167,1491.672494936109,414.0014641827624
18.11,2316.0573299399525,1887.3056549102785,403.0933423198463
18.11,2636.705668302712,1469.9689166205114,387.9666914136497
18.13,2054.4432823935927,1955.5805695523184,408.7159545501292
18.13,1866.4584910276976,1709.4344539744936,446.04001263256754
18.143,2441.3568185051854,1876.818874644077,513.206389914517
18.143,1854.6168577711471,1934.3004680882136,391.99887226299086
18.163,2285.3049263375815,1537.0733263048212,374.7728938242722
18.164,1994.9863461473171,1594.040266666055,310.7973832680861
18.184,2099.610284477031,1488.6968559107022,372.2951630293282
18.184,2247.271330848852,1754.5868934891353,370.4957291671358
18.205,2519.1914436340526,1728.03397922913,443.1279379935394
18.205,1688.045013304188,1612.1953268527345,385.77195922227577
18.225,2084.5141902626387,1782.2059104019843,364.02820117523174
18.225,1940.7937370632842,1435.3569547124205,494.4465946595017
18.246,2031.918802875353,1652.4113564300364,433.06369378915923
18.247,2173.9348916448025,1312.7254857611586,406.75139188005727
18.247,2135.9569158793433,1940.724391189858,454.3926287334153
18.247,1798.3409853752285,1595.2975968863714,491.5033599060244
18.267,2180.070890209738,1453.8947741152344,438.0210749145911
18.267,2246.407196207844,1415.4602066855307,303.00399608381633
18.287,1758.4410346953605,1908.6416916018725,380.56239010734015
18.287,2441.6722124942075,1668.6320304632354,555.3112733153482
18.308,2130.119517751281,1660.1892363349164,325.73770276788474
18.308,2131.9635454961517,1873.052638640443,369.3859021835584
18.328,1723.50408189287,1620.0941002868992,433.0479007837433
18.328,2120.8468251389527,1736.0614135595,424.03329904376045
18.349,2020.1378955621676,1606.0703286876371,402.05777844184445
18.349,2039.298182488995,1488.6348438591144,368.2239093845069
18.368,1767.7028973859128,1535.461199786398,351.19880631337185
18.368,1847.9958865521648,1494.9899822528034,428.4993158118913
18.39,1797.321316582962,1689.8960353021264,378.6293146432441
18.39,1858.6281942963285,1356.0847977057044,421.9077204256527
18.411,1901.9140400879041,1702.0618191190708,432.2491503700912
18.411,2243.216452598223,1452.008952595383,421.51673164104153
18.411,2077.0718818824557,1895.158730471319,377.5906338883458
18.412,1873.18324503864,1560.8401251453597,390.09242399626874
18.431,2470.6673647164407,1834.2843230284982,404.4225083180154
18.431,2315.617977011841,1759.9129973751042,405.29628671103654
18.451,1723.0097887608267,1905.4080481186882,415.91588325397913
18.451,1905.061205315233,1658.0357455404376,418.42578164136495
18.473,2063.5769778023828,1634.6821571145135,334.07240377117546
18.473,2054.5073317014094,1588.196529650212,381.1819906366115
18.496,1788.0924303609877,1853.8377673306568,429.3879478354815
18.496,1791.431239191559,1767.099257569652,388.4297955662714
18.515,2091.549605280006,1908.098463775811,412.9875304762173
18.515,1558.3186936907448,1857.9093845534412,465.67696100105746
18.537,2406.219090129449,1852.2321577651744,442.62184908756507
18.537,2047.3406537731223,1840.3746295778692,414.1674951126589
18.557,2264.451700471256,1718.265913368558,359.0386618611369
18.557,2000.0306658042477,1577.0941751896867,492.58786557895996
18.576,1976.363006516578,1714.4297600053812,359.518572095786
18.576,1834.501886631357,1996.935175862692,432.5423568044802
18.596,2215.2158730728474,1577.689654012964,468.7286871352827
18.596,2073.9154034754465,1441.845368360194,455.8306598847688
18.596,1872.2377219452226,1525.5025256644017,402.8620033861314
18.596,1825.9722576240824,1660.835358085196,420.5472226861098
18.616,2280.6758657320156,1550.9498680679244,459.6629392368523
18.616,1913.9063219917357,1882.8922829445419,401.33203989792185
18.658,2096.9565910118536,1668.002440028588,456.54371861905474
18.658,1804.2077128297476,1834.152836526099,320.0748730266669
18.658,1831.7613025726496,1601.608730984787,412.59859921721517
18.658,2245.665055869773,1560.7728834223474,419.16888204713644
18.679,2034.4597084330726,1726.807864518453,391.349553266943
18.679,2115.782239630754,1569.3551199545466,445.7886026914888
18.7,2136.564669287778,1688.2670650658622,390.6362852495162
18.7,1971.8410854630465,1550.357311476726,378.15723847307345
18.721,1957.4655428023937,1647.7724020798523,355.3018210625604
18.742,2153.96794733041,1872.840408846534,480.7163461682965
18.742,2243.382081843081,1773.289478098196,392.9820734720909
18.742,1933.2862265386686,1755.544443347462,338.22569449180537
18.742,2107.6124548187336,1596.041235037339,476.7794541723221
18.764,2302.4951305140326,1545.7474327501009,433.01324000447966
18.764,2331.1611361711643,1633.2238030188541,460.42876983946564
18.783,2236.3032437900238,1551.5617222534277,426.6584497354254
18.783,1835.8247726347827,1512.5658508892363,469.94717437360225
18.805,1972.1634822948502,1642.055395806594,445.7192443605837
18.805,2575.649226607159,1422.1081077888175,429.6243863035976
18.825,1916.7014877845122,1735.2454137261348,534.5119475116796
18.825,1961.7374764715714,1448.2989844966175,425.73120833634937
18.868,1898.061185252624,1541.0433000469582,429.19207267444574
18.868,2335.791260035156,1636.975144396483,381.13356389869233
18.868,2503.422529008198,1554.835401001759,455.9629743066014
18.869,2089.47228833906,1814.2941300543503,403.2974259053902
18.888,1960.4671865608286,1604.2503202770972,419.4845293282636
18.888,1862.7202855844348,1118.6130507118971,441.63582819077016
18.909,1874.0065634567713,1903.2300325941414,383.82783785036
18.909,2063.7502963272104,1768.5490889360626,457.4984141481196
18.91,2126.4561067749655,1430.8877422527626,370.5347318664294
18.91,1853.6532212310274,1643.0190698013137,371.61761257000273
18.929,1820.9404534041287,1710.7892446197923,417.07484402268756
18.929,1845.5594771148574,1723.9508912494055,364.7305063489025
18.951,2448.0686405243373,1726.4909219176068,411.67480244029105
18.951,2024.1180603423884,1350.697247832199,476.2788881746783
18.971,2201.1600662401643,1736.6964420352917,382.610464846871
18.971,2122.8257281067595,1669.3955650846322,390.26124836730463
18.991,1721.725528542241,1814.537287825916,356.4203877270614
18.991,1884.0056470223287,1880.398117077607,398.24355804430786
19.012,2244.5508986665263,2013.7807706463389,446.1971114741617
19.012,2372.845147368636,1751.5746326482722,431.80054783224745
19.053,2305.7229719512384,1615.5971245902058,450.0735140447058
19.053,1975.3513723500037,1557.8855543029074,380.36852043888547
19.053,1965.5289273238432,1679.5076832214174,414.7842333382662
19.053,1790.0076209079748,1817.7971264194064,495.9805471673311
19.053,2058.0879686339936,1598.2983505401783,341.60083855622116
19.054,1719.1024765295413,1833.1578067726612,387.6712176764575
19.074,2364.9458509676374,1762.21235555809,350.4896909302935
19.074,1909.5498067664432,1531.1036461871054,430.30528066116494
19.094,1797.6339644564305,1930.7720059598705,450.1277121742471
19.095,2354.1987951797287,1664.270088333378,432.751189058279
19.116,1979.6122483607926,1659.3188076924325,403.9792517248875
19.116,2447.84528944056,1616.2549280938224,441.94046210338973
19.138,2041.65740893182,1788.8297391015956,378.2073622975188
19.138,2181.7558745975457,1621.735308045984,370.6824374717657
19.157,1976.990279026852,1634.756807664483,366.67700019560885
19.157,2110.19585946019,1522.911650616017,446.07843887602917
19.178,2176.488764617427,1479.2785527279432,383.30632689925903
19.178,1686.983658780723,1830.781881221759,422.5587981193574
19.199,2115.9066005951136,1546.9340424925506,386.79198220671026
19.199,2312.4737335274963,1485.1589687740395,416.6798749013595
19.221,2213.7565674656066,1713.4950478750002,378.6044670310496
19.221,2035.4181147919387,1591.0907503166443,378.81257830210336
19.221,2062.6670146908064,1737.2331397860762,406.3213579019681
19.221,2206.796793443445,1463.739482378167,482.8605943508526
19.241,2076.6378243395106,1514.031844581694,435.4058015168706
19.241,2425.9890213410986,1636.0725343564554,450.57776446870594
19.263,1995.168886585725,1616.0475809721945,422.9088857090624
19.263,1975.8117915588566,1574.4751613696483,447.1852099223495
19.283,1996.8626480405744,1758.263075110091,349.49461610346265
19.283,2151.03081965073,1500.779041253516,448.66861646785657
19.303,1910.5229835643722,1276.476391555383,335.30773668627575
19.303,2200.437120350573,1508.0012048326444,310.3195504040426
19.323,1981.765749754145,2020.8344175302195,426.92844398824974
19.323,2147.203207238137,1755.1926727759374,430.95004501997244
19.343,2045.0122628558843,1734.9633994363728,472.63960516454057
19.343,2378.0692732114044,1900.747449861733,431.2614052488951
19.363,2074.319762324234,1699.2105973607886,417.77170135866953
19.363,2183.8083463737275,1709.6628484032206,377.5999950207916
19.383,1811.329604234053,1899.2032469786998,402.1605868330411
19.384,2277.0805558598618,1438.0485635121374,450.2840116940131
19.384,1870.0091940091852,1475.2140952760478,397.4177969803463
19.384,2199.5816831705592,1695.038826414368,394.0922644444857
19.404,2333.5840017734668,1810.881179166482,449.439623265504
19.404,2079.4683407830353,1634.1478699753764,362.008344331936
19.424,1653.0822614691058,1670.1307628439051,441.98491923644644
19.424,1722.6389906732752,1742.9606342369236,481.3393135711389
19.444,2227.9165683391484,1596.9293953420581,428.12546209037936
19.444,1810.9450906402628,1673.8186043884523,418.93045125734557
19.465,1914.3183508625411,1828.4591673863526,438.29177957016503
19.465,1939.5774780281577,1718.5888340216757,444.64085558191414
19.487,1689.5222400759621,1748.336753043466,425.17891701292706
19.487,2175.48580052018,1691.5966219259906,469.47066477712804
19.506,1934.6016202312683,1720.4049203049287,456.3446251999469
19.506,2024.9120549372633,1938.1731974033682,377.2220366793607
19.527,2039.641809947718,1845.1548816396426,400.8993319250573
19.527,2089.158081449396,1680.8499413710508,383.57169285811824
19.548,1906.776507377391,1832.5193878131295,423.4329974963174
19.548,2166.839323406668,1696.5080005507978,445.32298067619433
19.548,2433.9504630237648,1773.8746055819138,383.42859892778387
19.548,1933.005477706228,1874.1484169502346,331.60525326865746
19.57,1570.3030813036485,1255.7589464912414,378.873782356995
19.57,2148.6365072808535,1664.0269728321207,486.54598316427354
19.591,2195.1869312413696,1807.9107070972414,416.53059732248215
19.591,1251.6658917057339,1875.5571914208429,407.23181956577
19.611,1812.7034764655893,1839.7374433120003,428.2035675931586
19.611,2067.1555719831235,1781.424220059745,469.84657908350715
19.631,1979.1864902381149,1737.0536137549052,398.31237896692323
19.632,1866.6820574629887,1747.1734551501977,440.0746291976241
19.652,1834.0019281177067,1665.1960067912858,314.10824943755284
19.652,2328.1375893037707,1627.210717826174,454.25682978875113
19.673,2255.170847799644,2041.3680030782837,436.70112151642815
19.673,1856.1233639208438,1896.738281283186,397.26330946407916
19.689,2146.178380668652,1733.9534529524622,363.5493515536378
19.689,1873.6712098324558,1772.750236165289,481.78784656550044
19.71,2127.822338718497,1840.0520084764196,421.31591310304736
19.71,2006.089271213063,1788.7913611792555,388.9644112858237
19.71,2095.6760439982995,1730.3521720745575,346.1940941453961
19.71,1875.853499340592,1574.0078394754844,375.343237303782
19.732,1975.981184908877,1485.2928012253553,343.03260024862436
19.732,2286.6926909303083,1549.458941810244,368.154468840899
19.752,2589.543563694042,1685.2237922028705,412.68184087011616
19.752,2096.106820114327,1797.0492069423767,477.27030605248
19.772,1894.3663983978033,1629.1613480352353,444.72149192902424
19.772,1995.2316057985563,1544.0813307843287,388.8188128576079
19.794,2180.554969591947,1345.2355822148347,397.78252485069214
19.795,2371.3365551494503,1784.96254980618,379.7321306141679
19.814,2261.1373143610576,1551.3328749393067,461.80392388811464
19.815,2138.3266137985897,1350.8945709712,391.2834619093741
19.838,2179.7244922317827,1710.9776668628463,368.56619514057525
19.838,2296.153115929505,1663.0472265424025,383.2843049534991
19.857,2040.9597236207196,1604.2873063439208,354.64121871075605
19.857,2290.1268663720475,1719.3123299670904,377.81973178758335
19.898,2094.478153929956,1591.544900896734,400.48358181354814
19.898,2301.434474834145,1642.2504567682847,386.3529471307257
19.898,1870.3961467245606,1750.885765741521,416.6995138171246
19.898,1856.5632302054028,1666.3598236289074,448.07159210841894
19.898,2175.9480224525832,2020.1294530186105,441.87673648015766
19.899,2095.3443312163263,1960.152027687808,417.6784087747357
19.919,2205.142057298982,1653.1299376064599,442.6477351926091
19.919,2124.81041324803,1546.266355488901,416.9936344935374
