Time,W,X,Y
0.008,2322.7980543770664,1889.9580186396613,472.4895046599153
0.008,2322.7980543770664,1889.9580186396613,472.4895046599153
0.031,2334.9131698811666,1894.363515186607,473.59087879665174
0.031,2334.9131698811666,1894.363515186607,473.59087879665174
0.032,2333.81179574443,1898.7690117335526,479.09774948033373
0.032,2333.81179574443,1898.7690117335526,479.09774948033373
0.058,2330.507673334221,1888.856644502925,472.4895046599153
0.058,2330.507673334221,1888.856644502925,472.4895046599153
0.085,2330.507673334221,1884.4511479559794,468.08400811296974
0.085,2330.507673334221,1884.4511479559794,468.08400811296974
0.085,2340.4200405648485,1887.7552703661886,466.98263397623333
0.113,2340.4200405648485,1887.7552703661886,466.98263397623333
0.113,2329.4062991974847,1886.6538962294521,480.19912361707014
0.14,2329.4062991974847,1886.6538962294521,480.19912361707014
0.14,2332.710421607694,1874.5387807253517,475.79362707012456
0.14,2332.710421607694,1874.5387807253517,475.79362707012456
0.167,2336.014544017903,1889.9580186396613,455.96889260886934
0.168,2336.014544017903,1889.9580186396613,455.96889260886934
0.194,2328.3049250607482,1871.2346583151425,468.08400811296974
0.194,2328.3049250607482,1871.2346583151425,468.08400811296974
0.194,2333.81179574443,1888.856644502925,494.5169873946433
0.194,2333.81179574443,1888.856644502925,494.5169873946433
0.219,2332.710421607694,1891.0593927763978,477.9963753435973
0.246,2332.710421607694,1891.0593927763978,477.9963753435973
0.246,2330.507673334221,1886.6538962294521,474.69225293338815
0.247,2330.507673334221,1886.6538962294521,474.69225293338815
0.247,2327.203550924012,1887.7552703661886,477.9963753435973
0.276,2327.203550924012,1887.7552703661886,477.9963753435973
0.303,2327.203550924012,1883.349773819243,463.67851156602416
0.303,2327.203550924012,1883.349773819243,463.67851156602416
0.303,2340.4200405648485,1876.7415289988246,485.70599430075214
0.303,2340.4200405648485,1876.7415289988246,485.70599430075214
0.33,2332.710421607694,1895.4648893233434,477.9963753435973
0.33,2332.710421607694,1895.4648893233434,477.9963753435973
0.357,2332.710421607694,1894.363515186607,486.80736843748855
0.357,2332.710421607694,1894.363515186607,486.80736843748855
0.357,2340.4200405648485,1889.9580186396613,472.4895046599153
0.357,2340.4200405648485,1889.9580186396613,472.4895046599153
0.386,2330.507673334221,1886.6538962294521,475.79362707012456
0.386,2330.507673334221,1886.6538962294521,475.79362707012456
0.414,2323.899428513803,1892.1607669131342,461.47576329255133
0.415,2323.899428513803,1892.1607669131342,461.47576329255133
0.416,2333.81179574443,1882.2483996825065,484.6046201640157
0.416,2333.81179574443,1882.2483996825065,484.6046201640157
0.442,2334.9131698811666,1888.856644502925,481.30049775380655
0.442,2334.9131698811666,1888.856644502925,481.30049775380655
0.47,2329.4062991974847,1882.2483996825065,471.3881305231789
0.47,2329.4062991974847,1882.2483996825065,471.3881305231789
0.471,2328.3049250607482,1886.6538962294521,474.69225293338815
0.471,2328.3049250607482,1886.6538962294521,474.69225293338815
0.498,2332.710421607694,1896.5662634600797,466.98263397623333
0.498,2332.710421607694,1896.5662634600797,466.98263397623333
0.526,2337.1159181546395,1888.856644502925,474.69225293338815
0.526,2337.1159181546395,1888.856644502925,474.69225293338815
0.526,2334.9131698811666,1882.2483996825065,479.09774948033373
0.526,2334.9131698811666,1882.2483996825065,479.09774948033373
0.555,2334.9131698811666,1889.9580186396613,469.18538224970615
0.555,2334.9131698811666,1889.9580186396613,469.18538224970615
0.582,2320.5953061035934,1888.856644502925,471.3881305231789
0.582,2320.5953061035934,1888.856644502925,471.3881305231789
0.61,2326.1021767872753,1893.2621410498705,463.67851156602416
0.61,2326.1021767872753,1893.2621410498705,463.67851156602416
0.61,2329.4062991974847,1891.0593927763978,473.59087879665174
0.611,2329.4062991974847,1891.0593927763978,473.59087879665174
0.638,2332.710421607694,1880.0456514090338,473.59087879665174
0.638,2332.710421607694,1880.0456514090338,473.59087879665174
0.639,2329.4062991974847,1885.5525220927157,475.79362707012456
0.639,2329.4062991974847,1885.5525220927157,475.79362707012456
0.665,2327.203550924012,1886.6538962294521,476.8950012068609
0.665,2327.203550924012,1886.6538962294521,476.8950012068609
0.693,2343.724162975058,1875.6401548620881,495.6183615313797
0.693,2343.724162975058,1875.6401548620881,495.6183615313797
0.693,2327.203550924012,1883.349773819243,475.79362707012456
0.693,2327.203550924012,1883.349773819243,475.79362707012456
0.72,2329.4062991974847,1886.6538962294521,459.27301501907857
0.72,2329.4062991974847,1886.6538962294521,459.27301501907857
0.747,2329.4062991974847,1892.1607669131342,474.69225293338815
0.747,2329.4062991974847,1892.1607669131342,474.69225293338815
0.748,2325.0008026505393,1877.8429031355608,473.59087879665174
0.748,2325.0008026505393,1877.8429031355608,473.59087879665174
0.775,2328.3049250607482,1896.5662634600797,470.28675638644256
0.775,2328.3049250607482,1896.5662634600797,470.28675638644256
0.809,2334.9131698811666,1891.0593927763978,480.19912361707014
0.809,2334.9131698811666,1891.0593927763978,480.19912361707014
0.829,2339.3186664281125,1885.5525220927157,481.30049775380655
0.829,2339.3186664281125,1885.5525220927157,481.30049775380655
0.829,2327.203550924012,1886.6538962294521,473.59087879665174
0.83,2327.203550924012,1886.6538962294521,473.59087879665174
0.85,2330.507673334221,1894.363515186607,469.18538224970615
0.871,2330.507673334221,1894.363515186607,469.18538224970615
0.872,2330.507673334221,1880.0456514090338,481.30049775380655
0.89,2330.507673334221,1880.0456514090338,481.30049775380655
0.891,2329.4062991974847,1880.0456514090338,471.3881305231789
0.891,2329.4062991974847,1880.0456514090338,471.3881305231789
0.891,2329.4062991974847,1895.4648893233434,471.3881305231789
0.911,2329.4062991974847,1895.4648893233434,471.3881305231789
0.911,2331.6090474709576,1891.0593927763978,473.59087879665174
0.932,2331.6090474709576,1891.0593927763978,473.59087879665174
0.932,2328.3049250607482,1882.2483996825065,471.3881305231789
0.953,2328.3049250607482,1882.2483996825065,471.3881305231789
0.953,2333.81179574443,1880.0456514090338,484.6046201640157
0.975,2333.81179574443,1880.0456514090338,484.6046201640157
0.975,2331.6090474709576,1893.2621410498705,479.09774948033373
0.996,2331.6090474709576,1893.2621410498705,479.09774948033373
0.996,2345.926911248531,1887.7552703661886,477.9963753435973
1.018,2330.507673334221,1894.363515186607,476.8950012068609
1.018,2345.926911248531,1887.7552703661886,477.9963753435973
1.038,2330.507673334221,1894.363515186607,476.8950012068609
1.038,2333.81179574443,1882.2483996825065,470.28675638644256
1.058,2336.014544017903,1891.0593927763978,472.4895046599153
1.058,2329.4062991974847,1882.2483996825065,477.9963753435973
1.059,2330.507673334221,1882.2483996825065,476.8950012068609
1.059,2331.6090474709576,1891.0593927763978,471.3881305231789
1.08,2331.6090474709576,1891.0593927763978,471.3881305231789
1.08,2327.203550924012,1891.0593927763978,474.69225293338815
1.101,2332.710421607694,1888.856644502925,482.4018718905429
1.101,2327.203550924012,1891.0593927763978,474.69225293338815
1.122,2332.710421607694,1888.856644502925,482.4018718905429
1.122,2333.81179574443,1882.2483996825065,474.69225293338815
1.145,2333.81179574443,1882.2483996825065,474.69225293338815
1.145,2327.203550924012,1885.5525220927157,470.28675638644256
1.164,2342.6227888383214,1894.363515186607,479.09774948033373
1.164,2342.6227888383214,1894.363515186607,479.09774948033373
1.185,2326.1021767872753,1889.9580186396613,474.69225293338815
1.185,2326.1021767872753,1889.9580186396613,474.69225293338815
1.205,2332.710421607694,1892.1607669131342,484.6046201640157
1.205,2332.710421607694,1892.1607669131342,484.6046201640157
1.228,2323.899428513803,1885.5525220927157,471.3881305231789
1.228,2323.899428513803,1885.5525220927157,471.3881305231789
1.229,2327.203550924012,1882.2483996825065,473.59087879665174
1.229,2337.1159181546395,1883.349773819243,491.21286498443413
1.247,2330.507673334221,1889.9580186396613,472.4895046599153
1.247,2330.507673334221,1889.9580186396613,472.4895046599153
1.268,2327.203550924012,1887.7552703661886,472.4895046599153
1.268,2327.203550924012,1887.7552703661886,472.4895046599153
1.289,2332.710421607694,1884.4511479559794,468.08400811296974
1.289,2332.710421607694,1884.4511479559794,468.08400811296974
1.332,2323.899428513803,1889.9580186396613,466.98263397623333
1.332,2318.3925578301205,1875.6401548620881,462.57713742928775
1.332,2318.3925578301205,1875.6401548620881,462.57713742928775
1.333,2334.9131698811666,1888.856644502925,475.79362707012456
1.354,2334.9131698811666,1888.856644502925,475.79362707012456
1.354,2320.5953061035934,1893.2621410498705,482.4018718905429
1.372,2330.507673334221,1882.2483996825065,481.30049775380655
1.372,2330.507673334221,1882.2483996825065,481.30049775380655
1.393,2323.899428513803,1887.7552703661886,468.08400811296974
1.394,2323.899428513803,1887.7552703661886,468.08400811296974
1.394,2329.4062991974847,1878.9442772722973,466.98263397623333
1.394,2329.4062991974847,1878.9442772722973,466.98263397623333
1.415,2331.6090474709576,1889.9580186396613,477.9963753435973
1.415,2331.6090474709576,1889.9580186396613,477.9963753435973
1.435,2323.899428513803,1882.2483996825065,477.9963753435973
1.435,2323.899428513803,1882.2483996825065,477.9963753435973
1.457,2333.81179574443,1889.9580186396613,472.4895046599153
1.457,2333.81179574443,1889.9580186396613,472.4895046599153
1.479,2327.203550924012,1893.2621410498705,472.4895046599153
1.479,2327.203550924012,1893.2621410498705,472.4895046599153
1.502,2332.710421607694,1887.7552703661886,479.09774948033373
1.502,2332.710421607694,1887.7552703661886,479.09774948033373
1.522,2332.710421607694,1883.349773819243,473.59087879665174
1.522,2332.710421607694,1883.349773819243,473.59087879665174
1.542,2332.710421607694,1887.7552703661886,483.5032460272793
1.543,2332.710421607694,1887.7552703661886,483.5032460272793
1.563,2331.6090474709576,1889.9580186396613,479.09774948033373
1.563,2331.6090474709576,1889.9580186396613,479.09774948033373
1.563,2334.9131698811666,1885.5525220927157,475.79362707012456
1.563,2334.9131698811666,1885.5525220927157,475.79362707012456
1.584,2333.81179574443,1893.2621410498705,474.69225293338815
1.584,2333.81179574443,1893.2621410498705,474.69225293338815
1.605,2339.3186664281125,1893.2621410498705,466.98263397623333
1.605,2339.3186664281125,1893.2621410498705,466.98263397623333
1.627,2322.7980543770664,1891.0593927763978,485.70599430075214
1.627,2322.7980543770664,1891.0593927763978,485.70599430075214
1.647,2331.6090474709576,1891.0593927763978,470.28675638644256
1.647,2331.6090474709576,1891.0593927763978,470.28675638644256
1.668,2333.81179574443,1889.9580186396613,469.18538224970615
1.668,2333.81179574443,1889.9580186396613,469.18538224970615
1.691,2339.3186664281125,1886.6538962294521,489.0101167109613
1.691,2339.3186664281125,1886.6538962294521,489.0101167109613
1.711,2337.1159181546395,1881.1470255457702,477.9963753435973
1.711,2337.1159181546395,1881.1470255457702,477.9963753435973
1.731,2322.7980543770664,1888.856644502925,477.9963753435973
1.731,2322.7980543770664,1888.856644502925,477.9963753435973
1.732,2317.2911836933845,1889.9580186396613,457.07026674560575
1.732,2317.2911836933845,1889.9580186396613,457.07026674560575
1.752,2327.203550924012,1896.5662634600797,472.4895046599153
1.752,2327.203550924012,1896.5662634600797,472.4895046599153
1.772,2337.1159181546395,1894.363515186607,479.09774948033373
1.772,2337.1159181546395,1894.363515186607,479.09774948033373
1.794,2334.9131698811666,1892.1607669131342,476.8950012068609
1.794,2334.9131698811666,1892.1607669131342,476.8950012068609
1.815,2330.507673334221,1886.6538962294521,477.9963753435973
1.815,2330.507673334221,1886.6538962294521,477.9963753435973
1.837,2333.81179574443,1891.0593927763978,471.3881305231789
1.837,2333.81179574443,1891.0593927763978,471.3881305231789
1.859,2318.3925578301205,1883.349773819243,471.3881305231789
1.859,2318.3925578301205,1883.349773819243,471.3881305231789
1.88,2327.203550924012,1888.856644502925,470.28675638644256
1.88,2327.203550924012,1888.856644502925,470.28675638644256
1.899,2328.3049250607482,1889.9580186396613,474.69225293338815
1.899,2328.3049250607482,1889.9580186396613,474.69225293338815
1.9,2329.4062991974847,1891.0593927763978,484.6046201640157
1.9,2329.4062991974847,1891.0593927763978,484.6046201640157
1.921,2320.5953061035934,1882.2483996825065,475.79362707012456
1.921,2320.5953061035934,1882.2483996825065,475.79362707012456
1.941,2331.6090474709576,1893.2621410498705,482.4018718905429
1.941,2331.6090474709576,1893.2621410498705,482.4018718905429
1.962,2336.014544017903,1889.9580186396613,483.5032460272793
1.962,2336.014544017903,1889.9580186396613,483.5032460272793
2.004,2336.014544017903,1889.9580186396613,480.19912361707014
2.005,2336.014544017903,1889.9580186396613,480.19912361707014
2.005,2332.710421607694,1889.9580186396613,484.6046201640157
2.005,2332.710421607694,1889.9580186396613,484.6046201640157
2.025,2333.81179574443,1889.9580186396613,482.4018718905429
2.025,2333.81179574443,1889.9580186396613,482.4018718905429
2.045,2329.4062991974847,1875.6401548620881,463.67851156602416
2.045,2329.4062991974847,1875.6401548620881,463.67851156602416
2.066,2337.1159181546395,1885.5525220927157,468.08400811296974
2.066,2337.1159181546395,1885.5525220927157,468.08400811296974
2.066,2331.6090474709576,1886.6538962294521,480.19912361707014
2.066,2331.6090474709576,1886.6538962294521,480.19912361707014
2.087,2332.710421607694,1883.349773819243,482.4018718905429
2.087,2332.710421607694,1883.349773819243,482.4018718905429
2.107,2326.1021767872753,1885.5525220927157,471.3881305231789
2.107,2326.1021767872753,1885.5525220927157,471.3881305231789
2.128,2326.1021767872753,1881.1470255457702,462.57713742928775
2.129,2326.1021767872753,1881.1470255457702,462.57713742928775
2.15,2332.710421607694,1894.363515186607,479.09774948033373
2.15,2332.710421607694,1894.363515186607,479.09774948033373
2.171,2328.3049250607482,1888.856644502925,477.9963753435973
2.171,2328.3049250607482,1888.856644502925,477.9963753435973
2.192,2326.1021767872753,1884.4511479559794,474.69225293338815
2.192,2326.1021767872753,1884.4511479559794,474.69225293338815
2.216,2328.3049250607482,1911.9855013743893,465.8812598394969
2.216,2328.3049250607482,1911.9855013743893,465.8812598394969
2.234,2331.6090474709576,1873.4374065886154,470.28675638644256
2.234,2331.6090474709576,1873.4374065886154,470.28675638644256
2.234,2326.1021767872753,1892.1607669131342,458.17164088234216
2.234,2326.1021767872753,1892.1607669131342,458.17164088234216
2.255,2331.6090474709576,1878.9442772722973,471.3881305231789
2.255,2331.6090474709576,1878.9442772722973,471.3881305231789
2.276,2330.507673334221,1875.6401548620881,483.5032460272793
2.276,2330.507673334221,1875.6401548620881,483.5032460272793
2.299,2330.507673334221,1884.4511479559794,480.19912361707014
2.299,2330.507673334221,1884.4511479559794,480.19912361707014
2.322,2313.987061283175,1882.2483996825065,450.46202192518734
2.322,2313.987061283175,1882.2483996825065,450.46202192518734
2.342,2334.9131698811666,1893.2621410498705,464.77988570276057
2.342,2334.9131698811666,1893.2621410498705,464.77988570276057
2.385,2330.507673334221,1894.363515186607,475.79362707012456
2.385,2330.507673334221,1894.363515186607,475.79362707012456
2.385,2322.7980543770664,1921.897868605017,471.3881305231789
2.385,2322.7980543770664,1921.897868605017,471.3881305231789
2.406,2323.899428513803,1884.4511479559794,475.79362707012456
2.406,2323.899428513803,1884.4511479559794,475.79362707012456
2.406,2327.203550924012,1871.2346583151425,463.67851156602416
2.406,2327.203550924012,1871.2346583151425,463.67851156602416
2.426,2329.4062991974847,1880.0456514090338,463.67851156602416
2.426,2329.4062991974847,1880.0456514090338,463.67851156602416
2.447,2325.0008026505393,1884.4511479559794,475.79362707012456
2.447,2325.0008026505393,1884.4511479559794,475.79362707012456
2.468,2334.9131698811666,1884.4511479559794,471.3881305231789
2.469,2334.9131698811666,1884.4511479559794,471.3881305231789
2.489,2337.1159181546395,1888.856644502925,482.4018718905429
2.489,2337.1159181546395,1888.856644502925,482.4018718905429
2.511,2327.203550924012,1881.1470255457702,469.18538224970615
2.511,2327.203550924012,1881.1470255457702,469.18538224970615
2.532,2320.5953061035934,1883.349773819243,471.3881305231789
2.532,2320.5953061035934,1883.349773819243,471.3881305231789
2.553,2336.014544017903,1880.0456514090338,474.69225293338815
2.553,2336.014544017903,1880.0456514090338,474.69225293338815
2.573,2329.4062991974847,1895.4648893233434,477.9963753435973
2.573,2329.4062991974847,1895.4648893233434,477.9963753435973
2.575,2323.899428513803,1886.6538962294521,476.8950012068609
2.575,2323.899428513803,1886.6538962294521,476.8950012068609
2.592,2330.507673334221,1898.7690117335526,471.3881305231789
2.592,2330.507673334221,1898.7690117335526,471.3881305231789
2.614,2328.3049250607482,1895.4648893233434,468.08400811296974
2.614,2328.3049250607482,1895.4648893233434,468.08400811296974
2.636,2327.203550924012,1888.856644502925,475.79362707012456
2.636,2327.203550924012,1888.856644502925,475.79362707012456
2.655,2333.81179574443,1884.4511479559794,460.3743891558149
2.655,2333.81179574443,1884.4511479559794,460.3743891558149
2.676,2326.1021767872753,1891.0593927763978,477.9963753435973
2.676,2326.1021767872753,1891.0593927763978,477.9963753435973
2.696,2328.3049250607482,1892.1607669131342,471.3881305231789
2.696,2328.3049250607482,1892.1607669131342,471.3881305231789
2.718,2340.4200405648485,1885.5525220927157,479.09774948033373
2.718,2340.4200405648485,1885.5525220927157,479.09774948033373
2.738,2333.81179574443,1891.0593927763978,479.09774948033373
2.738,2333.81179574443,1891.0593927763978,479.09774948033373
2.738,2336.014544017903,1881.1470255457702,482.4018718905429
2.738,2336.014544017903,1881.1470255457702,482.4018718905429
2.759,2337.1159181546395,1887.7552703661886,469.18538224970615
2.759,2337.1159181546395,1887.7552703661886,469.18538224970615
2.78,2322.7980543770664,1883.349773819243,475.79362707012456
2.78,2322.7980543770664,1883.349773819243,475.79362707012456
2.801,2329.4062991974847,1884.4511479559794,471.3881305231789
2.801,2329.4062991974847,1884.4511479559794,471.3881305231789
2.822,2333.81179574443,1886.6538962294521,473.59087879665174
2.822,2333.81179574443,1886.6538962294521,473.59087879665174
2.842,2341.521414701585,1884.4511479559794,470.28675638644256
2.842,2341.521414701585,1884.4511479559794,470.28675638644256
2.863,2331.6090474709576,1887.7552703661886,470.28675638644256
2.863,2331.6090474709576,1887.7552703661886,470.28675638644256
2.884,2330.507673334221,1882.2483996825065,469.18538224970615
2.884,2330.507673334221,1882.2483996825065,469.18538224970615
2.904,2331.6090474709576,1877.8429031355608,470.28675638644256
2.905,2331.6090474709576,1877.8429031355608,470.28675638644256
2.905,2326.1021767872753,1892.1607669131342,474.69225293338815
2.905,2326.1021767872753,1892.1607669131342,474.69225293338815
2.927,2336.014544017903,1883.349773819243,481.30049775380655
2.927,2336.014544017903,1883.349773819243,481.30049775380655
2.949,2329.4062991974847,1889.9580186396613,480.19912361707014
2.949,2329.4062991974847,1889.9580186396613,480.19912361707014
2.969,2328.3049250607482,1884.4511479559794,480.19912361707014
2.969,2328.3049250607482,1884.4511479559794,480.19912361707014
2.989,2337.1159181546395,1883.349773819243,475.79362707012456
2.989,2337.1159181546395,1883.349773819243,475.79362707012456
3.01,2327.203550924012,1889.9580186396613,474.69225293338815
3.01,2327.203550924012,1889.9580186396613,474.69225293338815
3.03,2333.81179574443,1895.4648893233434,479.09774948033373
3.03,2333.81179574443,1895.4648893233434,479.09774948033373
3.051,2330.507673334221,1884.4511479559794,476.8950012068609
3.051,2330.507673334221,1884.4511479559794,476.8950012068609
3.075,2323.899428513803,1880.0456514090338,477.9963753435973
3.075,2323.899428513803,1880.0456514090338,477.9963753435973
3.075,2330.507673334221,1882.2483996825065,475.79362707012456
3.075,2330.507673334221,1882.2483996825065,475.79362707012456
3.097,2334.9131698811666,1889.9580186396613,474.69225293338815
3.097,2334.9131698811666,1889.9580186396613,474.69225293338815
3.117,2333.81179574443,1893.2621410498705,465.8812598394969
3.117,2333.81179574443,1893.2621410498705,465.8812598394969
3.139,2325.0008026505393,1889.9580186396613,472.4895046599153
3.139,2325.0008026505393,1889.9580186396613,472.4895046599153
3.16,2322.7980543770664,1887.7552703661886,477.9963753435973
3.16,2322.7980543770664,1887.7552703661886,477.9963753435973
3.18,2333.81179574443,1884.4511479559794,472.4895046599153
3.18,2333.81179574443,1884.4511479559794,472.4895046599153
3.202,2334.9131698811666,1886.6538962294521,473.59087879665174
3.202,2334.9131698811666,1886.6538962294521,473.59087879665174
3.246,2326.1021767872753,1883.349773819243,462.57713742928775
3.246,2326.1021767872753,1883.349773819243,462.57713742928775
3.247,2334.9131698811666,1887.7552703661886,480.19912361707014
3.247,2334.9131698811666,1887.7552703661886,480.19912361707014
3.247,2322.7980543770664,1889.9580186396613,468.08400811296974
3.247,2322.7980543770664,1889.9580186396613,468.08400811296974
3.267,2337.1159181546395,1887.7552703661886,480.19912361707014
3.267,2337.1159181546395,1887.7552703661886,480.19912361707014
3.287,2332.710421607694,1886.6538962294521,475.79362707012456
3.287,2332.710421607694,1886.6538962294521,475.79362707012456
3.307,2330.507673334221,1888.856644502925,475.79362707012456
3.308,2330.507673334221,1888.856644502925,475.79362707012456
3.328,2326.1021767872753,1894.363515186607,477.9963753435973
3.328,2326.1021767872753,1894.363515186607,477.9963753435973
3.349,2328.3049250607482,1889.9580186396613,461.47576329255133
3.349,2328.3049250607482,1889.9580186396613,461.47576329255133
3.37,2332.710421607694,1886.6538962294521,480.19912361707014
3.37,2332.710421607694,1886.6538962294521,480.19912361707014
3.39,2333.81179574443,1889.9580186396613,477.9963753435973
3.39,2333.81179574443,1889.9580186396613,477.9963753435973
3.411,2328.3049250607482,1881.1470255457702,482.4018718905429
3.411,2328.3049250607482,1881.1470255457702,482.4018718905429
3.412,2327.203550924012,1892.1607669131342,475.79362707012456
3.412,2327.203550924012,1892.1607669131342,475.79362707012456
3.433,2330.507673334221,1888.856644502925,474.69225293338815
3.433,2330.507673334221,1888.856644502925,474.69225293338815
3.453,2330.507673334221,1894.363515186607,465.8812598394969
3.453,2332.710421607694,1894.363515186607,468.08400811296974
3.475,2332.710421607694,1894.363515186607,468.08400811296974
3.475,2328.3049250607482,1886.6538962294521,473.59087879665174
3.495,2328.3049250607482,1886.6538962294521,473.59087879665174
3.495,2325.0008026505393,1891.0593927763978,472.4895046599153
3.515,2325.0008026505393,1891.0593927763978,472.4895046599153
3.515,2327.203550924012,1889.9580186396613,463.67851156602416
3.536,2327.203550924012,1889.9580186396613,463.67851156602416
3.536,2327.203550924012,1880.0456514090338,479.09774948033373
3.558,2327.203550924012,1880.0456514090338,479.09774948033373
3.558,2330.507673334221,1883.349773819243,480.19912361707014
3.578,2330.507673334221,1883.349773819243,480.19912361707014
3.578,2334.9131698811666,1896.5662634600797,482.4018718905429
3.578,2334.9131698811666,1896.5662634600797,482.4018718905429
3.578,2319.493931966857,1887.7552703661886,486.80736843748855
3.598,2319.493931966857,1887.7552703661886,486.80736843748855
3.599,2329.4062991974847,1891.0593927763978,461.47576329255133
3.62,2329.4062991974847,1891.0593927763978,461.47576329255133
3.62,2334.9131698811666,1889.9580186396613,468.08400811296974
3.639,2334.9131698811666,1889.9580186396613,468.08400811296974
3.639,2329.4062991974847,1884.4511479559794,481.30049775380655
3.661,2329.4062991974847,1884.4511479559794,481.30049775380655
3.661,2329.4062991974847,1889.9580186396613,476.8950012068609
3.681,2329.4062991974847,1889.9580186396613,476.8950012068609
3.681,2337.1159181546395,1887.7552703661886,483.5032460272793
3.701,2337.1159181546395,1887.7552703661886,483.5032460272793
3.701,2313.987061283175,1883.349773819243,479.09774948033373
3.724,2313.987061283175,1883.349773819243,479.09774948033373
3.724,2329.4062991974847,1885.5525220927157,482.4018718905429
3.746,2329.4062991974847,1885.5525220927157,482.4018718905429
3.746,2327.203550924012,1882.2483996825065,470.28675638644256
3.747,2327.203550924012,1882.2483996825065,470.28675638644256
3.747,2334.9131698811666,1894.363515186607,484.6046201640157
3.767,2334.9131698811666,1894.363515186607,484.6046201640157
3.767,2330.507673334221,1885.5525220927157,475.79362707012456
3.787,2330.507673334221,1885.5525220927157,475.79362707012456
3.787,2337.1159181546395,1891.0593927763978,480.19912361707014
3.807,2337.1159181546395,1891.0593927763978,480.19912361707014
3.807,2329.4062991974847,1887.7552703661886,472.4895046599153
3.828,2329.4062991974847,1887.7552703661886,472.4895046599153
3.828,2337.1159181546395,1880.0456514090338,487.9087425742249
3.849,2337.1159181546395,1880.0456514090338,487.9087425742249
3.85,2326.1021767872753,1893.2621410498705,468.08400811296974
3.87,2326.1021767872753,1893.2621410498705,468.08400811296974
3.87,2327.203550924012,1888.856644502925,470.28675638644256
3.892,2327.203550924012,1888.856644502925,470.28675638644256
3.892,2331.6090474709576,1888.856644502925,491.21286498443413
3.916,2331.6090474709576,1888.856644502925,491.21286498443413
3.916,2320.5953061035934,1889.9580186396613,466.98263397623333
3.917,2320.5953061035934,1889.9580186396613,466.98263397623333
3.917,2334.9131698811666,1878.9442772722973,475.79362707012456
3.956,2334.9131698811666,1878.9442772722973,475.79362707012456
3.956,2315.0884354199115,1891.0593927763978,480.19912361707014
3.956,2315.0884354199115,1891.0593927763978,480.19912361707014
3.956,2330.507673334221,1884.4511479559794,476.8950012068609
3.974,2330.507673334221,1884.4511479559794,476.8950012068609
3.974,2334.9131698811666,1881.1470255457702,462.57713742928775
3.995,2334.9131698811666,1881.1470255457702,462.57713742928775
3.995,2323.899428513803,1883.349773819243,473.59087879665174
4.016,2323.899428513803,1883.349773819243,473.59087879665174
4.016,2334.9131698811666,1887.7552703661886,471.3881305231789
4.038,2334.9131698811666,1887.7552703661886,471.3881305231789
4.038,2327.203550924012,1884.4511479559794,469.18538224970615
4.059,2327.203550924012,1884.4511479559794,469.18538224970615
4.059,2330.507673334221,1884.4511479559794,472.4895046599153
4.078,2330.507673334221,1884.4511479559794,472.4895046599153
4.079,2330.507673334221,1880.0456514090338,461.47576329255133
4.079,2330.507673334221,1880.0456514090338,461.47576329255133
4.079,2339.3186664281125,1884.4511479559794,474.69225293338815
4.1,2339.3186664281125,1884.4511479559794,474.69225293338815
4.1,2343.724162975058,1886.6538962294521,486.80736843748855
4.12,2343.724162975058,1886.6538962294521,486.80736843748855
4.12,2338.217292291376,1887.7552703661886,490.1114908476977
4.141,2338.217292291376,1887.7552703661886,490.1114908476977
4.141,2327.203550924012,1889.9580186396613,465.8812598394969
4.162,2327.203550924012,1889.9580186396613,465.8812598394969
4.162,2331.6090474709576,1876.7415289988246,477.9963753435973
4.183,2331.6090474709576,1876.7415289988246,477.9963753435973
4.183,2321.69668024033,1885.5525220927157,466.98263397623333
4.203,2321.69668024033,1885.5525220927157,466.98263397623333
4.203,2338.217292291376,1885.5525220927157,500.0238580783253
4.224,2338.217292291376,1885.5525220927157,500.0238580783253
4.224,2328.3049250607482,1893.2621410498705,481.30049775380655
4.245,2328.3049250607482,1893.2621410498705,481.30049775380655
4.245,2339.3186664281125,1887.7552703661886,464.77988570276057
4.245,2339.3186664281125,1887.7552703661886,464.77988570276057
4.245,2333.81179574443,1884.4511479559794,486.80736843748855
4.265,2333.81179574443,1884.4511479559794,486.80736843748855
4.265,2325.0008026505393,1885.5525220927157,470.28675638644256
4.286,2325.0008026505393,1885.5525220927157,470.28675638644256
4.286,2340.4200405648485,1888.856644502925,484.6046201640157
4.308,2340.4200405648485,1888.856644502925,484.6046201640157
4.308,2337.1159181546395,1891.0593927763978,474.69225293338815
4.328,2337.1159181546395,1891.0593927763978,474.69225293338815
4.328,2332.710421607694,1881.1470255457702,475.79362707012456
4.351,2332.710421607694,1881.1470255457702,475.79362707012456
4.351,2330.507673334221,1891.0593927763978,481.30049775380655
4.37,2330.507673334221,1891.0593927763978,481.30049775380655
4.37,2337.1159181546395,1886.6538962294521,477.9963753435973
4.391,2337.1159181546395,1886.6538962294521,477.9963753435973
4.391,2344.8255371117943,1896.5662634600797,475.79362707012456
4.412,2344.8255371117943,1896.5662634600797,475.79362707012456
4.412,2327.203550924012,1891.0593927763978,481.30049775380655
4.412,2327.203550924012,1891.0593927763978,481.30049775380655
4.412,2328.3049250607482,1888.856644502925,470.28675638644256
4.432,2328.3049250607482,1888.856644502925,470.28675638644256
4.432,2339.3186664281125,1885.5525220927157,468.08400811296974
4.454,2339.3186664281125,1885.5525220927157,468.08400811296974
4.454,2339.3186664281125,1891.0593927763978,480.19912361707014
4.475,2339.3186664281125,1891.0593927763978,480.19912361707014
4.475,2333.81179574443,1887.7552703661886,459.27301501907857
4.495,2333.81179574443,1887.7552703661886,459.27301501907857
4.495,2326.1021767872753,1878.9442772722973,466.98263397623333
4.517,2326.1021767872753,1878.9442772722973,466.98263397623333
4.517,2331.6090474709576,1888.856644502925,473.59087879665174
4.537,2331.6090474709576,1888.856644502925,473.59087879665174
4.537,2329.4062991974847,1889.9580186396613,483.5032460272793
4.557,2329.4062991974847,1889.9580186396613,483.5032460272793
4.557,2349.2310336587398,1883.349773819243,485.70599430075214
4.578,2349.2310336587398,1883.349773819243,485.70599430075214
4.578,2328.3049250607482,1896.5662634600797,464.77988570276057
4.578,2328.3049250607482,1896.5662634600797,464.77988570276057
4.578,2338.217292291376,1894.363515186607,479.09774948033373
4.598,2338.217292291376,1894.363515186607,479.09774948033373
4.598,2333.81179574443,1883.349773819243,475.79362707012456
4.62,2333.81179574443,1883.349773819243,475.79362707012456
4.62,2338.217292291376,1889.9580186396613,469.18538224970615
4.643,2338.217292291376,1889.9580186396613,469.18538224970615
4.643,2332.710421607694,1884.4511479559794,472.4895046599153
4.662,2332.710421607694,1884.4511479559794,472.4895046599153
4.662,2320.5953061035934,1881.1470255457702,470.28675638644256
4.683,2320.5953061035934,1881.1470255457702,470.28675638644256
4.683,2331.6090474709576,1875.6401548620881,471.3881305231789
4.703,2331.6090474709576,1875.6401548620881,471.3881305231789
4.703,2331.6090474709576,1888.856644502925,469.18538224970615
4.723,2331.6090474709576,1888.856644502925,469.18538224970615
4.723,2329.4062991974847,1893.2621410498705,461.47576329255133
4.766,2329.4062991974847,1893.2621410498705,461.47576329255133
4.766,2339.3186664281125,1893.2621410498705,485.70599430075214
4.766,2339.3186664281125,1893.2621410498705,485.70599430075214
4.766,2325.0008026505393,1876.7415289988246,470.28675638644256
4.767,2325.0008026505393,1876.7415289988246,470.28675638644256
4.767,2330.507673334221,1885.5525220927157,471.3881305231789
4.785,2330.507673334221,1885.5525220927157,471.3881305231789
4.785,2330.507673334221,1885.5525220927157,469.18538224970615
4.806,2330.507673334221,1885.5525220927157,469.18538224970615
4.807,2327.203550924012,1892.1607669131342,484.6046201640157
4.827,2327.203550924012,1892.1607669131342,484.6046201640157
4.827,2332.710421607694,1893.2621410498705,475.79362707012456
4.848,2332.710421607694,1893.2621410498705,475.79362707012456
4.848,2336.014544017903,1897.6676375968161,487.9087425742249
4.868,2336.014544017903,1897.6676375968161,487.9087425742249
4.868,2339.3186664281125,1887.7552703661886,473.59087879665174
4.891,2339.3186664281125,1887.7552703661886,473.59087879665174
4.891,2331.6090474709576,1889.9580186396613,471.3881305231789
4.911,2331.6090474709576,1889.9580186396613,471.3881305231789
4.911,2333.81179574443,1899.870385870289,485.70599430075214
4.912,2333.81179574443,1899.870385870289,485.70599430075214
4.912,2328.3049250607482,1894.363515186607,474.69225293338815
4.952,2328.3049250607482,1894.363515186607,474.69225293338815
4.952,2329.4062991974847,1881.1470255457702,505.5307287620073
4.952,2329.4062991974847,1881.1470255457702,505.5307287620073
4.954,2334.9131698811666,1886.6538962294521,485.70599430075214
4.973,2334.9131698811666,1886.6538962294521,485.70599430075214
4.974,2330.507673334221,1882.2483996825065,479.09774948033373
4.996,2330.507673334221,1882.2483996825065,479.09774948033373
4.996,2330.507673334221,1891.0593927763978,461.47576329255133
5.016,2330.507673334221,1891.0593927763978,461.47576329255133
5.016,2329.4062991974847,1887.7552703661886,481.30049775380655
5.037,2329.4062991974847,1887.7552703661886,481.30049775380655
5.037,2327.203550924012,1884.4511479559794,463.67851156602416
5.057,2327.203550924012,1884.4511479559794,463.67851156602416
5.057,2327.203550924012,1891.0593927763978,468.08400811296974
5.079,2327.203550924012,1891.0593927763978,468.08400811296974
5.079,2328.3049250607482,1896.5662634600797,474.69225293338815
5.079,2328.3049250607482,1896.5662634600797,474.69225293338815
5.079,2322.7980543770664,1872.336032451879,460.3743891558149
5.099,2322.7980543770664,1872.336032451879,460.3743891558149
5.099,2328.3049250607482,1885.5525220927157,474.69225293338815
5.142,2328.3049250607482,1885.5525220927157,474.69225293338815
5.142,2320.5953061035934,1894.363515186607,477.9963753435973
5.142,2320.5953061035934,1894.363515186607,477.9963753435973
5.143,2330.507673334221,1881.1470255457702,482.4018718905429
5.162,2330.507673334221,1881.1470255457702,482.4018718905429
5.162,2325.0008026505393,1893.2621410498705,473.59087879665174
5.183,2325.0008026505393,1893.2621410498705,473.59087879665174
5.183,2337.1159181546395,1894.363515186607,469.18538224970615
5.204,2337.1159181546395,1894.363515186607,469.18538224970615
5.204,2328.3049250607482,1888.856644502925,470.28675638644256
5.225,2328.3049250607482,1888.856644502925,470.28675638644256
5.225,2312.8856871464386,1898.7690117335526,483.5032460272793
5.247,2312.8856871464386,1898.7690117335526,483.5032460272793
5.247,2345.926911248531,1884.4511479559794,465.8812598394969
5.247,2345.926911248531,1884.4511479559794,465.8812598394969
5.248,2320.5953061035934,1880.0456514090338,472.4895046599153
5.266,2320.5953061035934,1880.0456514090338,472.4895046599153
5.266,2329.4062991974847,1884.4511479559794,481.30049775380655
5.288,2329.4062991974847,1884.4511479559794,481.30049775380655
5.288,2332.710421607694,1888.856644502925,479.09774948033373
5.308,2332.710421607694,1888.856644502925,479.09774948033373
5.308,2322.7980543770664,1889.9580186396613,495.6183615313797
5.329,2322.7980543770664,1889.9580186396613,495.6183615313797
5.33,2343.724162975058,1894.363515186607,471.3881305231789
5.35,2343.724162975058,1894.363515186607,471.3881305231789
5.35,2333.81179574443,1888.856644502925,477.9963753435973
5.371,2333.81179574443,1888.856644502925,477.9963753435973
5.371,2334.9131698811666,1885.5525220927157,479.09774948033373
5.393,2334.9131698811666,1885.5525220927157,479.09774948033373
5.393,2334.9131698811666,1891.0593927763978,472.4895046599153
5.409,2334.9131698811666,1891.0593927763978,472.4895046599153
5.41,2350.3324077954762,1884.4511479559794,485.70599430075214
5.41,2350.3324077954762,1884.4511479559794,485.70599430075214
5.41,2331.6090474709576,1884.4511479559794,479.09774948033373
5.43,2331.6090474709576,1884.4511479559794,479.09774948033373
5.43,2351.4337819322127,1887.7552703661886,465.8812598394969
5.453,2351.4337819322127,1887.7552703661886,465.8812598394969
5.454,2336.014544017903,1915.2896237845985,474.69225293338815
5.473,2336.014544017903,1915.2896237845985,474.69225293338815
5.473,2340.4200405648485,1905.377256553971,485.70599430075214
5.494,2340.4200405648485,1905.377256553971,485.70599430075214
5.495,2341.521414701585,1896.5662634600797,474.69225293338815
5.517,2341.521414701585,1896.5662634600797,474.69225293338815
5.517,2322.7980543770664,1887.7552703661886,486.80736843748855
5.536,2322.7980543770664,1887.7552703661886,486.80736843748855
5.536,2347.0282853852673,1880.0456514090338,459.27301501907857
5.557,2347.0282853852673,1880.0456514090338,459.27301501907857
5.557,2336.014544017903,1884.4511479559794,465.8812598394969
5.578,2336.014544017903,1884.4511479559794,465.8812598394969
5.578,2300.7705716423384,1899.870385870289,481.30049775380655
5.578,2300.7705716423384,1899.870385870289,481.30049775380655
5.578,2326.1021767872753,1891.0593927763978,479.09774948033373
5.6,2326.1021767872753,1891.0593927763978,479.09774948033373
5.6,2333.81179574443,1892.1607669131342,483.5032460272793
5.621,2333.81179574443,1892.1607669131342,483.5032460272793
5.621,2334.9131698811666,1884.4511479559794,477.9963753435973
5.641,2334.9131698811666,1884.4511479559794,477.9963753435973
5.641,2334.9131698811666,1885.5525220927157,484.6046201640157
5.662,2334.9131698811666,1885.5525220927157,484.6046201640157
5.662,2312.8856871464386,1894.363515186607,479.09774948033373
5.682,2312.8856871464386,1894.363515186607,479.09774948033373
5.682,2321.69668024033,1894.363515186607,493.4156132579069
5.704,2321.69668024033,1894.363515186607,493.4156132579069
5.704,2323.899428513803,1883.349773819243,474.69225293338815
5.724,2323.899428513803,1883.349773819243,474.69225293338815
5.724,2337.1159181546395,1895.4648893233434,461.47576329255133
5.744,2337.1159181546395,1895.4648893233434,461.47576329255133
5.744,2317.2911836933845,1885.5525220927157,475.79362707012456
5.745,2317.2911836933845,1885.5525220927157,475.79362707012456
5.745,2336.014544017903,1889.9580186396613,475.79362707012456
5.765,2336.014544017903,1889.9580186396613,475.79362707012456
5.765,2322.7980543770664,1902.0731341437618,469.18538224970615
5.806,2322.7980543770664,1902.0731341437618,469.18538224970615
5.806,2337.1159181546395,1891.0593927763978,482.4018718905429
5.806,2337.1159181546395,1891.0593927763978,482.4018718905429
5.806,2332.710421607694,1893.2621410498705,461.47576329255133
5.827,2332.710421607694,1893.2621410498705,461.47576329255133
5.827,2343.724162975058,1889.9580186396613,470.28675638644256
5.848,2343.724162975058,1889.9580186396613,470.28675638644256
5.848,2334.9131698811666,1892.1607669131342,515.4430959926349
5.868,2334.9131698811666,1892.1607669131342,515.4430959926349
5.868,2332.710421607694,1888.856644502925,475.79362707012456
5.889,2332.710421607694,1888.856644502925,475.79362707012456
5.889,2330.507673334221,1889.9580186396613,481.30049775380655
5.909,2330.507673334221,1889.9580186396613,481.30049775380655
5.909,2331.6090474709576,1737.9683877700381,474.69225293338815
5.909,2331.6090474709576,1737.9683877700381,474.69225293338815
5.909,2337.1159181546395,1894.363515186607,475.79362707012456
5.93,2337.1159181546395,1894.363515186607,475.79362707012456
5.93,2333.81179574443,1889.9580186396613,466.98263397623333
5.951,2333.81179574443,1889.9580186396613,466.98263397623333
5.951,2321.69668024033,1893.2621410498705,484.6046201640157
5.97,2321.69668024033,1893.2621410498705,484.6046201640157
5.97,2334.9131698811666,1891.0593927763978,479.09774948033373
5.99,2334.9131698811666,1891.0593927763978,479.09774948033373
5.991,2339.3186664281125,1888.856644502925,450.46202192518734
6.012,2339.3186664281125,1888.856644502925,450.46202192518734
6.012,2349.2310336587398,1900.9717600070253,476.8950012068609
6.034,2349.2310336587398,1900.9717600070253,476.8950012068609
6.034,2330.507673334221,1884.4511479559794,468.08400811296974
6.054,2330.507673334221,1884.4511479559794,468.08400811296974
6.054,2348.1296595220033,2263.3238509933008,483.5032460272793
6.075,2348.1296595220033,2263.3238509933008,483.5032460272793
6.075,2327.203550924012,1887.7552703661886,480.19912361707014
6.075,2327.203550924012,1887.7552703661886,480.19912361707014
6.075,2345.926911248531,1894.363515186607,479.09774948033373
6.096,2345.926911248531,1894.363515186607,479.09774948033373
6.096,2334.9131698811666,1891.0593927763978,470.28675638644256
6.117,2334.9131698811666,1891.0593927763978,470.28675638644256
6.117,2348.1296595220033,1891.0593927763978,480.19912361707014
6.138,2348.1296595220033,1891.0593927763978,480.19912361707014
6.138,2331.6090474709576,2046.3531460562301,485.70599430075214
6.158,2331.6090474709576,2046.3531460562301,485.70599430075214
6.158,2330.507673334221,1894.363515186607,475.79362707012456
6.18,2330.507673334221,1894.363515186607,475.79362707012456
6.18,2328.3049250607482,1878.9442772722973,461.47576329255133
6.201,2328.3049250607482,1878.9442772722973,461.47576329255133
6.201,2320.5953061035934,1883.349773819243,458.17164088234216
6.223,2320.5953061035934,1883.349773819243,458.17164088234216
6.223,2322.7980543770664,1896.5662634600797,484.6046201640157
6.243,2322.7980543770664,1896.5662634600797,484.6046201640157
6.244,2337.1159181546395,1892.1607669131342,487.9087425742249
6.244,2337.1159181546395,1892.1607669131342,487.9087425742249
6.244,2337.1159181546395,1884.4511479559794,476.8950012068609
6.264,2337.1159181546395,1884.4511479559794,476.8950012068609
6.264,2331.6090474709576,1888.856644502925,462.57713742928775
6.284,2331.6090474709576,1888.856644502925,462.57713742928775
6.284,2334.9131698811666,1893.2621410498705,465.8812598394969
6.308,2334.9131698811666,1893.2621410498705,465.8812598394969
6.308,2336.014544017903,1943.925351339745,475.79362707012456
6.326,2336.014544017903,1943.925351339745,475.79362707012456
6.326,2331.6090474709576,1907.5800048274436,481.30049775380655
6.347,2331.6090474709576,1907.5800048274436,481.30049775380655
6.347,2329.4062991974847,1905.377256553971,480.19912361707014
6.368,2329.4062991974847,1905.377256553971,480.19912361707014
6.368,2323.899428513803,1639.9460896004987,485.70599430075214
6.388,2323.899428513803,1639.9460896004987,485.70599430075214
6.388,2333.81179574443,1849.2071755804145,469.18538224970615
6.409,2333.81179574443,1849.2071755804145,469.18538224970615
6.409,2329.4062991974847,1826.0783187089503,480.19912361707014
6.409,2329.4062991974847,1826.0783187089503,480.19912361707014
6.409,2327.203550924012,1845.9030531702053,463.67851156602416
6.43,2327.203550924012,1845.9030531702053,463.67851156602416
6.43,2325.0008026505393,1839.294808349787,480.19912361707014
6.472,2325.0008026505393,1839.294808349787,480.19912361707014
6.472,2316.189809556648,1821.6728221620046,471.3881305231789
6.472,2316.189809556648,1821.6728221620046,471.3881305231789
6.472,2305.176068189284,1813.9632032048498,475.79362707012456
6.493,2305.176068189284,1813.9632032048498,475.79362707012456
6.493,2333.81179574443,1828.281066982423,474.69225293338815
6.513,2333.81179574443,1828.281066982423,474.69225293338815
6.513,2343.724162975058,1824.9769445722138,494.5169873946433
6.534,2343.724162975058,1824.9769445722138,494.5169873946433
6.534,2326.1021767872753,1820.5714480252682,480.19912361707014
6.555,2326.1021767872753,1820.5714480252682,480.19912361707014
6.555,2343.724162975058,1815.0645773415863,463.67851156602416
6.577,2343.724162975058,1815.0645773415863,463.67851156602416
6.577,2339.3186664281125,1841.4975566232597,484.6046201640157
6.578,2339.3186664281125,1841.4975566232597,484.6046201640157
6.578,2336.014544017903,1862.4236652212514,472.4895046599153
6.597,2336.014544017903,1862.4236652212514,472.4895046599153
6.597,2341.521414701585,1841.4975566232597,470.28675638644256
6.617,2341.521414701585,1841.4975566232597,470.28675638644256
6.617,2343.724162975058,2028.7311598684478,480.19912361707014
6.637,2343.724162975058,2028.7311598684478,480.19912361707014
6.638,2355.839278479158,1544.126539704432,475.79362707012456
6.659,2355.839278479158,1544.126539704432,475.79362707012456
6.659,2310.682938872966,1832.6865635293686,483.5032460272793
6.679,2310.682938872966,1832.6865635293686,483.5032460272793
6.679,2338.217292291376,1886.6538962294521,481.30049775380655
6.702,2338.217292291376,1886.6538962294521,481.30049775380655
6.702,2318.3925578301205,2074.9888736113767,481.30049775380655
6.72,2318.3925578301205,2074.9888736113767,481.30049775380655
6.72,2353.6365302056856,1819.4700738885317,494.5169873946433
6.741,2353.6365302056856,1819.4700738885317,494.5169873946433
6.741,2336.014544017903,1815.0645773415863,484.6046201640157
6.741,2336.014544017903,1815.0645773415863,484.6046201640157
6.741,2371.2585163934677,2111.334220123678,460.3743891558149
6.764,2371.2585163934677,2111.334220123678,460.3743891558149
6.764,2333.81179574443,1837.0920600763143,492.31423912117054
6.782,2333.81179574443,1837.0920600763143,492.31423912117054
6.783,2370.1571422567313,1905.377256553971,482.4018718905429
6.804,2370.1571422567313,1905.377256553971,482.4018718905429
6.804,2336.014544017903,1817.267325615059,470.28675638644256
6.826,2336.014544017903,1817.267325615059,470.28675638644256
6.826,2286.452707864765,2072.7861253379037,493.4156132579069
6.846,2286.452707864765,2072.7861253379037,493.4156132579069
6.846,2356.9406526158946,1837.0920600763143,479.09774948033373
6.866,2356.9406526158946,1837.0920600763143,479.09774948033373
6.866,2344.8255371117943,1907.5800048274436,495.6183615313797
6.887,2344.8255371117943,1907.5800048274436,495.6183615313797
6.887,2333.81179574443,1806.253584247695,502.2266063517981
6.907,2333.81179574443,1806.253584247695,502.2266063517981
6.907,2356.9406526158946,1771.00961187213,485.70599430075214
6.907,2356.9406526158946,1771.00961187213,485.70599430075214
6.908,2344.8255371117943,1688.4065516169003,507.7334770354801
6.928,2344.8255371117943,1688.4065516169003,507.7334770354801
6.928,2349.2310336587398,1824.9769445722138,493.4156132579069
6.948,2349.2310336587398,1824.9769445722138,493.4156132579069
6.948,2352.535156068949,1871.2346583151425,487.9087425742249
6.968,2352.535156068949,1871.2346583151425,487.9087425742249
6.968,2345.926911248531,1833.7879376661049,505.5307287620073
6.992,2345.926911248531,1833.7879376661049,505.5307287620073
6.992,2339.3186664281125,1725.853272265938,484.6046201640157
7.033,2339.3186664281125,1725.853272265938,484.6046201640157
7.033,2354.737904342422,1658.6694499250175,470.28675638644256
7.033,2354.737904342422,1658.6694499250175,470.28675638644256
7.033,2341.521414701585,1885.5525220927157,502.2266063517981
7.054,2341.521414701585,1885.5525220927157,502.2266063517981
7.054,2362.447523299577,1831.5851893926322,487.9087425742249
7.077,2362.447523299577,1831.5851893926322,487.9087425742249
7.077,2343.724162975058,1845.9030531702053,473.59087879665174
7.077,2343.724162975058,1845.9030531702053,473.59087879665174
7.077,2364.6502715730494,1821.6728221620046,493.4156132579069
7.097,2364.6502715730494,1821.6728221620046,493.4156132579069
7.097,2351.4337819322127,1506.6798190553943,481.30049775380655
7.117,2351.4337819322127,1506.6798190553943,481.30049775380655
7.117,2339.3186664281125,2235.789497574891,486.80736843748855
7.137,2339.3186664281125,2235.789497574891,486.80736843748855
7.138,2339.3186664281125,1877.8429031355608,502.2266063517981
7.159,2339.3186664281125,1877.8429031355608,502.2266063517981
7.159,2319.493931966857,1850.308549717151,451.56339606192375
7.179,2319.493931966857,1850.308549717151,451.56339606192375
7.179,2350.3324077954762,1839.294808349787,490.1114908476977
7.201,2350.3324077954762,1839.294808349787,490.1114908476977
7.201,2353.6365302056856,1839.294808349787,495.6183615313797
7.223,2353.6365302056856,1839.294808349787,495.6183615313797
7.223,2339.3186664281125,1929.6074875621716,485.70599430075214
7.243,2339.3186664281125,1929.6074875621716,485.70599430075214
7.243,2347.0282853852673,1830.4838152558957,486.80736843748855
7.243,2347.0282853852673,1830.4838152558957,486.80736843748855
7.243,2339.3186664281125,1655.3653275148083,511.0375994456893
7.264,2339.3186664281125,1655.3653275148083,511.0375994456893
7.264,2341.521414701585,1806.253584247695,494.5169873946433
7.285,2341.521414701585,1806.253584247695,494.5169873946433
7.285,2316.189809556648,1578.2691379432604,468.08400811296974
7.306,2316.189809556648,1578.2691379432604,468.08400811296974
7.306,2343.724162975058,1805.1522101109585,463.67851156602416
7.322,2343.724162975058,1805.1522101109585,463.67851156602416
7.323,2350.3324077954762,1821.6728221620046,503.32798048853454
7.344,2350.3324077954762,1821.6728221620046,503.32798048853454
7.344,2340.4200405648485,1826.0783187089503,472.4895046599153
7.364,2340.4200405648485,1826.0783187089503,472.4895046599153
7.364,2342.6227888383214,1820.5714480252682,493.4156132579069
7.386,2342.6227888383214,1820.5714480252682,493.4156132579069
7.386,2356.9406526158946,1505.578444918658,481.30049775380655
7.406,2356.9406526158946,1505.578444918658,481.30049775380655
7.406,2309.5815647362297,1941.722603066272,490.1114908476977
7.407,2309.5815647362297,1941.722603066272,490.1114908476977
7.407,2349.2310336587398,1874.5387807253517,498.92248394158895
7.428,2349.2310336587398,1874.5387807253517,498.92248394158895
7.428,2327.203550924012,1838.1934342130505,474.69225293338815
7.449,2327.203550924012,1838.1934342130505,474.69225293338815
7.449,2339.3186664281125,1769.9082377353939,496.71973566811613
7.468,2339.3186664281125,1769.9082377353939,496.71973566811613
7.468,2343.724162975058,1658.6694499250175,490.1114908476977
7.489,2343.724162975058,1658.6694499250175,490.1114908476977
7.489,2343.724162975058,1951.6349702968996,500.0238580783253
7.509,2343.724162975058,1951.6349702968996,500.0238580783253
7.509,2351.4337819322127,1838.1934342130505,492.31423912117054
7.53,2351.4337819322127,1838.1934342130505,492.31423912117054
7.53,2333.81179574443,1782.023353239494,519.8485925395805
7.552,2333.81179574443,1782.023353239494,519.8485925395805
7.552,2342.6227888383214,1775.4151084190758,498.92248394158895
7.573,2342.6227888383214,1775.4151084190758,498.92248394158895
7.573,2339.3186664281125,1942.8239772030086,494.5169873946433
7.573,2339.3186664281125,1942.8239772030086,494.5169873946433
7.573,2333.81179574443,1591.485627584097,504.42935462527095
7.595,2333.81179574443,1591.485627584097,504.42935462527095
7.595,2352.535156068949,1877.8429031355608,491.21286498443413
7.615,2352.535156068949,1877.8429031355608,491.21286498443413
7.615,2345.926911248531,1916.390997921335,502.2266063517981
7.637,2345.926911248531,1916.390997921335,502.2266063517981
7.637,2347.0282853852673,1801.8480877007494,493.4156132579069
7.658,2347.0282853852673,1801.8480877007494,493.4156132579069
7.658,2332.710421607694,1826.0783187089503,519.8485925395805
7.678,2332.710421607694,1826.0783187089503,519.8485925395805
7.678,2345.926911248531,1837.0920600763143,484.6046201640157
7.701,2345.926911248531,1837.0920600763143,484.6046201640157
7.701,2344.8255371117943,1852.5112979906237,506.6321028987437
7.722,2344.8255371117943,1852.5112979906237,506.6321028987437
7.722,2340.4200405648485,1830.4838152558957,517.6458442661077
7.743,2340.4200405648485,1830.4838152558957,517.6458442661077
7.743,2332.710421607694,1820.5714480252682,483.5032460272793
7.762,2332.710421607694,1820.5714480252682,483.5032460272793
7.762,2351.4337819322127,1824.9769445722138,494.5169873946433
7.783,2351.4337819322127,1824.9769445722138,494.5169873946433
7.783,2351.4337819322127,1822.774196298741,481.30049775380655
7.783,2351.4337819322127,1822.774196298741,481.30049775380655
7.783,2354.737904342422,1822.774196298741,501.1252322150617
7.805,2354.737904342422,1822.774196298741,501.1252322150617
7.805,2338.217292291376,1805.1522101109585,481.30049775380655
7.824,2338.217292291376,1805.1522101109585,481.30049775380655
7.824,2343.724162975058,1829.3824411191595,498.92248394158895
7.844,2343.724162975058,1829.3824411191595,498.92248394158895
7.844,2350.3324077954762,1800.746713564013,506.6321028987437
7.886,2350.3324077954762,1800.746713564013,506.6321028987437
7.886,2332.710421607694,1811.760454931377,489.0101167109613
7.886,2332.710421607694,1811.760454931377,489.0101167109613
7.886,2320.5953061035934,1829.3824411191595,494.5169873946433
7.906,2320.5953061035934,1829.3824411191595,494.5169873946433
7.906,2334.9131698811666,1812.8618290681134,496.71973566811613
7.906,2334.9131698811666,1812.8618290681134,496.71973566811613
7.906,2347.0282853852673,1834.8893118028413,492.31423912117054
7.927,2347.0282853852673,1834.8893118028413,492.31423912117054
7.927,2341.521414701585,1789.732972196649,501.1252322150617
7.948,2341.521414701585,1789.732972196649,501.1252322150617
7.948,2337.1159181546395,1800.746713564013,506.6321028987437
7.968,2337.1159181546395,1800.746713564013,506.6321028987437
7.968,2356.9406526158946,1832.6865635293686,505.5307287620073
7.99,2356.9406526158946,1832.6865635293686,505.5307287620073
7.99,2348.1296595220033,1841.4975566232597,511.0375994456893
8.011,2348.1296595220033,1841.4975566232597,511.0375994456893
8.012,2341.521414701585,1819.4700738885317,493.4156132579069
8.033,2341.521414701585,1819.4700738885317,493.4156132579069
8.033,2354.737904342422,1827.1796928456865,483.5032460272793
8.054,2354.737904342422,1827.1796928456865,483.5032460272793
8.054,2344.8255371117943,1791.9357204701219,500.0238580783253
8.075,2344.8255371117943,1791.9357204701219,500.0238580783253
8.075,2347.0282853852673,1831.5851893926322,486.80736843748855
8.075,2347.0282853852673,1831.5851893926322,486.80736843748855
8.076,2334.9131698811666,1818.3686997517955,489.0101167109613
8.096,2334.9131698811666,1818.3686997517955,489.0101167109613
8.096,2345.926911248531,1827.1796928456865,494.5169873946433
8.116,2345.926911248531,1827.1796928456865,494.5169873946433
8.116,2338.217292291376,1799.6453394272767,504.42935462527095
8.138,2338.217292291376,1799.6453394272767,504.42935462527095
8.138,2343.724162975058,1844.8016790334689,511.0375994456893
8.179,2343.724162975058,1844.8016790334689,511.0375994456893
8.179,2341.521414701585,1818.3686997517955,491.21286498443413
8.179,2341.521414701585,1818.3686997517955,491.21286498443413
8.179,2334.9131698811666,1826.0783187089503,494.5169873946433
8.198,2334.9131698811666,1826.0783187089503,494.5169873946433
8.198,2347.0282853852673,1820.5714480252682,492.31423912117054
8.219,2347.0282853852673,1820.5714480252682,492.31423912117054
8.219,2360.244775026104,1810.6590807946407,480.19912361707014
8.24,2360.244775026104,1810.6590807946407,480.19912361707014
8.241,2337.1159181546395,1835.9906859395778,487.9087425742249
8.241,2337.1159181546395,1835.9906859395778,487.9087425742249
8.241,2362.447523299577,1837.0920600763143,487.9087425742249
8.261,2362.447523299577,1837.0920600763143,487.9087425742249
8.261,2356.9406526158946,1841.4975566232597,498.92248394158895
8.28,2356.9406526158946,1841.4975566232597,498.92248394158895
8.28,2338.217292291376,1821.6728221620046,492.31423912117054
8.301,2338.217292291376,1821.6728221620046,492.31423912117054
8.301,2331.6090474709576,1823.8755704354774,503.32798048853454
8.321,2331.6090474709576,1823.8755704354774,503.32798048853454
8.321,2342.6227888383214,1819.4700738885317,492.31423912117054
8.343,2342.6227888383214,1819.4700738885317,492.31423912117054
8.344,2362.447523299577,1839.294808349787,494.5169873946433
8.362,2362.447523299577,1839.294808349787,494.5169873946433
8.362,2342.6227888383214,1822.774196298741,491.21286498443413
8.382,2342.6227888383214,1822.774196298741,491.21286498443413
8.382,2334.9131698811666,1823.8755704354774,495.6183615313797
8.405,2334.9131698811666,1823.8755704354774,495.6183615313797
8.405,2345.926911248531,1785.3274756497035,490.1114908476977
8.405,2345.926911248531,1785.3274756497035,490.1114908476977
8.405,2361.3461491628404,1800.746713564013,494.5169873946433
8.425,2361.3461491628404,1800.746713564013,494.5169873946433
8.425,2349.2310336587398,1832.6865635293686,498.92248394158895
8.446,2349.2310336587398,1832.6865635293686,498.92248394158895
8.446,2343.724162975058,1813.9632032048498,497.82110980485254
8.468,2343.724162975058,1813.9632032048498,497.82110980485254
8.468,2339.3186664281125,1817.267325615059,490.1114908476977
8.489,2339.3186664281125,1817.267325615059,490.1114908476977
8.49,2331.6090474709576,1823.8755704354774,492.31423912117054
8.511,2331.6090474709576,1823.8755704354774,492.31423912117054
8.512,2342.6227888383214,1838.1934342130505,487.9087425742249
8.533,2342.6227888383214,1838.1934342130505,487.9087425742249
8.533,2369.0557681199953,1815.0645773415863,506.6321028987437
8.552,2369.0557681199953,1815.0645773415863,506.6321028987437
8.552,2352.535156068949,1830.4838152558957,482.4018718905429
8.573,2352.535156068949,1830.4838152558957,482.4018718905429
8.573,2344.8255371117943,1822.774196298741,498.92248394158895
8.573,2344.8255371117943,1822.774196298741,498.92248394158895
8.573,2355.839278479158,1847.0044273069418,498.92248394158895
8.592,2355.839278479158,1847.0044273069418,498.92248394158895
8.592,2338.217292291376,1820.5714480252682,495.6183615313797
8.613,2338.217292291376,1820.5714480252682,495.6183615313797
8.613,2328.3049250607482,1815.0645773415863,501.1252322150617
8.637,2328.3049250607482,1815.0645773415863,501.1252322150617
8.637,2345.926911248531,1841.4975566232597,463.67851156602416
8.658,2345.926911248531,1841.4975566232597,463.67851156602416
8.658,2340.4200405648485,1828.281066982423,491.21286498443413
8.679,2340.4200405648485,1828.281066982423,491.21286498443413
8.679,2348.1296595220033,1830.4838152558957,481.30049775380655
8.701,2348.1296595220033,1830.4838152558957,481.30049775380655
8.701,2330.507673334221,1833.7879376661049,486.80736843748855
8.723,2330.507673334221,1833.7879376661049,486.80736843748855
8.723,2353.6365302056856,1815.0645773415863,506.6321028987437
8.743,2353.6365302056856,1815.0645773415863,506.6321028987437
8.743,2341.521414701585,1863.5250393579877,473.59087879665174
8.743,2341.521414701585,1863.5250393579877,473.59087879665174
8.743,2347.0282853852673,1830.4838152558957,494.5169873946433
8.764,2347.0282853852673,1830.4838152558957,494.5169873946433
8.764,2381.1708836240955,1826.0783187089503,497.82110980485254
8.785,2381.1708836240955,1826.0783187089503,497.82110980485254
8.785,2331.6090474709576,1826.0783187089503,502.2266063517981
8.806,2331.6090474709576,1826.0783187089503,502.2266063517981
8.806,2365.751645709786,1822.774196298741,491.21286498443413
8.826,2365.751645709786,1822.774196298741,491.21286498443413
8.826,2377.866761213886,1833.7879376661049,497.82110980485254
8.847,2377.866761213886,1833.7879376661049,497.82110980485254
8.847,2341.521414701585,1826.0783187089503,492.31423912117054
8.867,2341.521414701585,1826.0783187089503,492.31423912117054
8.867,2339.3186664281125,1811.760454931377,490.1114908476977
8.889,2339.3186664281125,1811.760454931377,490.1114908476977
8.889,2356.9406526158946,1843.7003048967326,504.42935462527095
8.908,2356.9406526158946,1843.7003048967326,504.42935462527095
8.908,2348.1296595220033,1860.2209169477785,491.21286498443413
8.928,2348.1296595220033,1860.2209169477785,491.21286498443413
8.928,2343.724162975058,1866.8291617681969,491.21286498443413
8.928,2343.724162975058,1866.8291617681969,491.21286498443413
8.928,2342.6227888383214,1827.1796928456865,493.4156132579069
8.95,2342.6227888383214,1827.1796928456865,493.4156132579069
8.95,2354.737904342422,1816.1659514783225,477.9963753435973
8.969,2354.737904342422,1816.1659514783225,477.9963753435973
8.969,2352.535156068949,1820.5714480252682,495.6183615313797
8.991,2352.535156068949,1820.5714480252682,495.6183615313797
8.991,2334.9131698811666,1843.7003048967326,480.19912361707014
9.012,2334.9131698811666,1843.7003048967326,480.19912361707014
9.012,2373.4612646669407,1834.8893118028413,494.5169873946433
9.032,2373.4612646669407,1834.8893118028413,494.5169873946433
9.032,2345.926911248531,1826.0783187089503,483.5032460272793
9.053,2345.926911248531,1826.0783187089503,483.5032460272793
9.053,2351.4337819322127,1856.9167945375693,492.31423912117054
9.074,2351.4337819322127,1856.9167945375693,492.31423912117054
9.074,2355.839278479158,1831.5851893926322,491.21286498443413
9.074,2355.839278479158,1831.5851893926322,491.21286498443413
9.074,2330.507673334221,1847.0044273069418,477.9963753435973
9.096,2330.507673334221,1847.0044273069418,477.9963753435973
9.096,2325.0008026505393,1822.774196298741,498.92248394158895
9.118,2325.0008026505393,1822.774196298741,498.92248394158895
9.118,2344.8255371117943,1826.0783187089503,494.5169873946433
9.138,2344.8255371117943,1826.0783187089503,494.5169873946433
9.138,2332.710421607694,1822.774196298741,500.0238580783253
9.159,2332.710421607694,1822.774196298741,500.0238580783253
9.159,2349.2310336587398,1827.1796928456865,490.1114908476977
9.18,2349.2310336587398,1827.1796928456865,490.1114908476977
9.18,2362.447523299577,1861.322291084515,501.1252322150617
9.201,2362.447523299577,1861.322291084515,501.1252322150617
9.201,2333.81179574443,1804.0508359742223,506.6321028987437
9.221,2333.81179574443,1804.0508359742223,506.6321028987437
9.221,2386.6777543077774,1820.5714480252682,485.70599430075214
9.245,2386.6777543077774,1820.5714480252682,485.70599430075214
9.245,2316.189809556648,1820.5714480252682,486.80736843748855
9.245,2316.189809556648,1820.5714480252682,486.80736843748855
9.245,2337.1159181546395,1831.5851893926322,496.71973566811613
9.263,2337.1159181546395,1831.5851893926322,496.71973566811613
9.263,2331.6090474709576,1833.7879376661049,483.5032460272793
9.285,2331.6090474709576,1833.7879376661049,483.5032460272793
9.285,2347.0282853852673,1818.3686997517955,491.21286498443413
9.305,2347.0282853852673,1818.3686997517955,491.21286498443413
9.305,2344.8255371117943,1817.267325615059,493.4156132579069
9.325,2344.8255371117943,1817.267325615059,493.4156132579069
9.325,2334.9131698811666,1811.760454931377,469.18538224970615
9.346,2334.9131698811666,1811.760454931377,469.18538224970615
9.346,2330.507673334221,1827.1796928456865,502.2266063517981
9.366,2330.507673334221,1827.1796928456865,502.2266063517981
9.366,2347.0282853852673,1844.8016790334689,507.7334770354801
9.388,2347.0282853852673,1844.8016790334689,507.7334770354801
9.388,2337.1159181546395,1842.5989307599962,489.0101167109613
9.408,2337.1159181546395,1842.5989307599962,489.0101167109613
9.408,2349.2310336587398,1819.4700738885317,464.77988570276057
9.408,2349.2310336587398,1819.4700738885317,464.77988570276057
9.408,2356.9406526158946,1795.239842880331,482.4018718905429
9.429,2356.9406526158946,1795.239842880331,482.4018718905429
9.429,2338.217292291376,1837.0920600763143,481.30049775380655
9.45,2338.217292291376,1837.0920600763143,481.30049775380655
9.45,2384.475006034305,1847.0044273069418,505.5307287620073
9.47,2384.475006034305,1847.0044273069418,505.5307287620073
9.47,2342.6227888383214,1828.281066982423,502.2266063517981
9.491,2342.6227888383214,1828.281066982423,502.2266063517981
9.491,2345.926911248531,1815.0645773415863,493.4156132579069
9.512,2345.926911248531,1815.0645773415863,493.4156132579069
9.512,2358.042026752631,1800.746713564013,483.5032460272793
9.532,2358.042026752631,1800.746713564013,483.5032460272793
9.532,2359.1434008893675,1835.9906859395778,497.82110980485254
9.552,2359.1434008893675,1835.9906859395778,497.82110980485254
9.552,2373.4612646669407,1874.5387807253517,508.83485117221653
9.573,2373.4612646669407,1874.5387807253517,508.83485117221653
9.573,2352.535156068949,1823.8755704354774,490.1114908476977
9.573,2352.535156068949,1823.8755704354774,490.1114908476977
9.574,2347.0282853852673,1837.0920600763143,492.31423912117054
9.593,2347.0282853852673,1837.0920600763143,492.31423912117054
9.593,2343.724162975058,1809.5577066579042,493.4156132579069
9.616,2343.724162975058,1809.5577066579042,493.4156132579069
9.616,2353.6365302056856,1839.294808349787,529.7609597702082
9.635,2353.6365302056856,1839.294808349787,529.7609597702082
9.635,2347.0282853852673,1843.7003048967326,509.93622530895294
9.656,2347.0282853852673,1843.7003048967326,509.93622530895294
9.656,2331.6090474709576,1833.7879376661049,504.42935462527095
9.677,2331.6090474709576,1833.7879376661049,504.42935462527095
9.678,2365.751645709786,1823.8755704354774,511.0375994456893
9.697,2365.751645709786,1823.8755704354774,511.0375994456893
9.697,2339.3186664281125,1979.1693237153097,502.2266063517981
9.719,2339.3186664281125,1979.1693237153097,502.2266063517981
9.719,2352.535156068949,1989.0816909459372,497.82110980485254
9.74,2352.535156068949,1989.0816909459372,497.82110980485254
9.74,2347.0282853852673,2114.6383425338868,481.30049775380655
9.74,2347.0282853852673,2114.6383425338868,481.30049775380655
9.74,2338.217292291376,1828.281066982423,505.5307287620073
9.781,2338.217292291376,1828.281066982423,505.5307287620073
9.781,2340.4200405648485,1795.239842880331,500.0238580783253
9.781,2340.4200405648485,1795.239842880331,500.0238580783253
9.781,2367.954393983259,1823.8755704354774,501.1252322150617
9.801,2367.954393983259,1823.8755704354774,501.1252322150617
9.801,2347.0282853852673,1832.6865635293686,489.0101167109613
9.822,2347.0282853852673,1832.6865635293686,489.0101167109613
9.822,2354.737904342422,1981.3720719887824,490.1114908476977
9.843,2354.737904342422,1981.3720719887824,490.1114908476977
9.843,2356.9406526158946,1811.760454931377,493.4156132579069
9.865,2356.9406526158946,1811.760454931377,493.4156132579069
9.865,2340.4200405648485,1811.760454931377,502.2266063517981
9.885,2340.4200405648485,1811.760454931377,502.2266063517981
9.885,2356.9406526158946,1844.8016790334689,495.6183615313797
9.907,2356.9406526158946,1844.8016790334689,495.6183615313797
9.908,2348.1296595220033,1833.7879376661049,502.2266063517981
9.908,2348.1296595220033,1833.7879376661049,502.2266063517981
9.908,2381.1708836240955,2044.1503977827572,477.9963753435973
9.926,2381.1708836240955,2044.1503977827572,477.9963753435973
9.926,2354.737904342422,1632.2364706433439,485.70599430075214
9.949,2354.737904342422,1632.2364706433439,485.70599430075214
9.949,2336.014544017903,1489.057832867612,501.1252322150617
9.972,2336.014544017903,1489.057832867612,501.1252322150617
9.972,2338.217292291376,1819.4700738885317,482.4018718905429
9.991,2338.217292291376,1819.4700738885317,482.4018718905429
9.991,2358.042026752631,1913.0868755111258,494.5169873946433
10.012,2358.042026752631,1913.0868755111258,494.5169873946433
10.012,2359.1434008893675,2123.449335627778,492.31423912117054
10.034,2359.1434008893675,2123.449335627778,492.31423912117054
10.034,2332.710421607694,1805.1522101109585,502.2266063517981
10.056,2332.710421607694,1805.1522101109585,502.2266063517981
10.056,2340.4200405648485,1538.61966902075,483.5032460272793
10.077,2340.4200405648485,1538.61966902075,483.5032460272793
10.077,2356.9406526158946,1801.8480877007494,501.1252322150617
10.097,2356.9406526158946,1801.8480877007494,501.1252322150617
10.097,2347.0282853852673,1839.294808349787,487.9087425742249
10.099,2347.0282853852673,1839.294808349787,487.9087425742249
10.099,2316.189809556648,1874.5387807253517,472.4895046599153
10.118,2316.189809556648,1874.5387807253517,472.4895046599153
10.118,2349.2310336587398,1821.6728221620046,502.2266063517981
10.139,2349.2310336587398,1821.6728221620046,502.2266063517981
10.139,2348.1296595220033,1486.8550845941393,498.92248394158895
10.16,2348.1296595220033,1486.8550845941393,498.92248394158895
10.16,2352.535156068949,1812.8618290681134,504.42935462527095
10.18,2352.535156068949,1812.8618290681134,504.42935462527095
10.18,2347.0282853852673,1834.8893118028413,503.32798048853454
10.201,2347.0282853852673,1834.8893118028413,503.32798048853454
10.201,2356.9406526158946,1964.8514599377365,470.28675638644256
10.222,2356.9406526158946,1964.8514599377365,470.28675638644256
10.223,2336.014544017903,1827.1796928456865,511.0375994456893
10.243,2336.014544017903,1827.1796928456865,511.0375994456893
10.243,2344.8255371117943,1876.7415289988246,480.19912361707014
10.243,2344.8255371117943,1876.7415289988246,480.19912361707014
10.244,2367.954393983259,1737.9683877700381,502.2266063517981
10.263,2367.954393983259,1737.9683877700381,502.2266063517981
10.263,2349.2310336587398,1884.4511479559794,490.1114908476977
10.288,2349.2310336587398,1884.4511479559794,490.1114908476977
10.288,2343.724162975058,1972.5610788948914,513.2403477191621
10.307,2343.724162975058,1972.5610788948914,513.2403477191621
10.307,2340.4200405648485,1794.1384687435946,491.21286498443413
10.328,2340.4200405648485,1794.1384687435946,491.21286498443413
10.328,2361.3461491628404,1767.705489461921,500.0238580783253
10.349,2361.3461491628404,1767.705489461921,500.0238580783253
10.35,2353.6365302056856,1876.7415289988246,482.4018718905429
10.37,2353.6365302056856,1876.7415289988246,482.4018718905429
10.37,2354.737904342422,2016.6160443643473,494.5169873946433
10.391,2354.737904342422,2016.6160443643473,494.5169873946433
10.391,2375.6640129404136,1930.708861698908,504.42935462527095
10.414,2375.6640129404136,1930.708861698908,504.42935462527095
10.414,2358.042026752631,1813.9632032048498,497.82110980485254
10.415,2358.042026752631,1813.9632032048498,497.82110980485254
10.415,2340.4200405648485,1810.6590807946407,490.1114908476977
10.434,2340.4200405648485,1810.6590807946407,490.1114908476977
10.434,2342.6227888383214,1822.774196298741,481.30049775380655
10.454,2342.6227888383214,1822.774196298741,481.30049775380655
10.454,2347.0282853852673,1839.294808349787,506.6321028987437
10.475,2347.0282853852673,1839.294808349787,506.6321028987437
10.475,2358.042026752631,1832.6865635293686,501.1252322150617
10.496,2358.042026752631,1832.6865635293686,501.1252322150617
10.496,2347.0282853852673,1833.7879376661049,490.1114908476977
10.516,2347.0282853852673,1833.7879376661049,490.1114908476977
10.516,2330.507673334221,1834.8893118028413,475.79362707012456
10.537,2330.507673334221,1834.8893118028413,475.79362707012456
10.537,2358.042026752631,1840.3961824865235,497.82110980485254
10.56,2358.042026752631,1840.3961824865235,497.82110980485254
10.56,2349.2310336587398,1874.5387807253517,492.31423912117054
10.58,2349.2310336587398,1874.5387807253517,492.31423912117054
10.58,2343.724162975058,1816.1659514783225,490.1114908476977
10.58,2343.724162975058,1816.1659514783225,490.1114908476977
10.581,2337.1159181546395,1833.7879376661049,482.4018718905429
10.601,2337.1159181546395,1833.7879376661049,482.4018718905429
10.601,2350.3324077954762,1828.281066982423,495.6183615313797
10.621,2350.3324077954762,1828.281066982423,495.6183615313797
10.621,2347.0282853852673,1853.6126721273602,502.2266063517981
10.643,2347.0282853852673,1853.6126721273602,502.2266063517981
10.643,2347.0282853852673,1829.3824411191595,497.82110980485254
10.663,2347.0282853852673,1829.3824411191595,497.82110980485254
10.663,2359.1434008893675,1843.7003048967326,514.3417218558985
10.683,2359.1434008893675,1843.7003048967326,514.3417218558985
10.683,2339.3186664281125,1827.1796928456865,550.6870683681997
10.706,2339.3186664281125,1827.1796928456865,550.6870683681997
10.706,2349.2310336587398,1786.4288497864397,500.0238580783253
10.726,2349.2310336587398,1786.4288497864397,500.0238580783253
10.726,2323.899428513803,1835.9906859395778,495.6183615313797
10.747,2323.899428513803,1835.9906859395778,495.6183615313797
10.747,2337.1159181546395,1837.0920600763143,504.42935462527095
10.748,2337.1159181546395,1837.0920600763143,504.42935462527095
10.748,2338.217292291376,1541.9237914309592,524.2540890865262
10.769,2338.217292291376,1541.9237914309592,524.2540890865262
10.769,2322.7980543770664,1823.8755704354774,484.6046201640157
10.789,2322.7980543770664,1823.8755704354774,484.6046201640157
10.789,2358.042026752631,1582.674634490206,484.6046201640157
10.81,2358.042026752631,1582.674634490206,484.6046201640157
10.81,2332.710421607694,1841.4975566232597,511.0375994456893
10.831,2332.710421607694,1841.4975566232597,511.0375994456893
10.832,2347.0282853852673,1839.294808349787,491.21286498443413
10.853,2347.0282853852673,1839.294808349787,491.21286498443413
10.853,2361.3461491628404,1822.774196298741,506.6321028987437
10.875,2361.3461491628404,1822.774196298741,506.6321028987437
10.875,2345.926911248531,1952.736344433636,496.71973566811613
10.895,2345.926911248531,1952.736344433636,496.71973566811613
10.895,2364.6502715730494,1828.281066982423,524.2540890865262
10.915,2364.6502715730494,1828.281066982423,524.2540890865262
10.915,2327.203550924012,1855.8154204008329,491.21286498443413
10.915,2327.203550924012,1855.8154204008329,491.21286498443413
10.916,2349.2310336587398,1834.8893118028413,497.82110980485254
10.936,2349.2310336587398,1834.8893118028413,497.82110980485254
10.936,2348.1296595220033,2150.983689046188,502.2266063517981
10.956,2348.1296595220033,2150.983689046188,502.2266063517981
10.956,2343.724162975058,1758.8944963680299,491.21286498443413
10.977,2343.724162975058,1758.8944963680299,491.21286498443413
10.977,2345.926911248531,1788.6315980599127,514.3417218558985
10.998,2345.926911248531,1788.6315980599127,514.3417218558985
10.999,2377.866761213886,1824.9769445722138,476.8950012068609
11.018,2377.866761213886,1824.9769445722138,476.8950012068609
11.018,2352.535156068949,1930.708861698908,511.0375994456893
11.04,2352.535156068949,1930.708861698908,511.0375994456893
11.04,2351.4337819322127,2138.8685735420877,483.5032460272793
11.06,2351.4337819322127,2138.8685735420877,483.5032460272793
11.06,2348.1296595220033,1801.8480877007494,505.5307287620073
11.082,2348.1296595220033,1801.8480877007494,505.5307287620073
11.082,2339.3186664281125,1625.6282258229255,483.5032460272793
11.082,2339.3186664281125,1625.6282258229255,483.5032460272793
11.082,2342.6227888383214,1811.760454931377,508.83485117221653
11.103,2342.6227888383214,1811.760454931377,508.83485117221653
11.103,2355.839278479158,2063.9751322440125,498.92248394158895
11.123,2355.839278479158,2063.9751322440125,498.92248394158895
11.124,2352.535156068949,1816.1659514783225,489.0101167109613
11.146,2352.535156068949,1816.1659514783225,489.0101167109613
11.146,2339.3186664281125,1754.4889998210842,490.1114908476977
11.167,2339.3186664281125,1754.4889998210842,490.1114908476977
11.167,2361.3461491628404,1880.0456514090338,495.6183615313797
11.188,2361.3461491628404,1880.0456514090338,495.6183615313797
11.188,2352.535156068949,1861.322291084515,519.8485925395805
11.21,2352.535156068949,1861.322291084515,519.8485925395805
11.21,2344.8255371117943,1807.3549583844315,497.82110980485254
11.233,2344.8255371117943,1807.3549583844315,497.82110980485254
11.233,2352.535156068949,1855.8154204008329,516.5444701293713
11.253,2352.535156068949,1855.8154204008329,516.5444701293713
11.253,2316.189809556648,1832.6865635293686,495.6183615313797
11.254,2316.189809556648,1832.6865635293686,495.6183615313797
11.254,2351.4337819322127,1729.157394676147,492.31423912117054
11.275,2351.4337819322127,1729.157394676147,492.31423912117054
11.275,2345.926911248531,1837.0920600763143,514.3417218558985
11.296,2345.926911248531,1837.0920600763143,514.3417218558985
11.296,2351.4337819322127,2058.4682615603306,501.1252322150617
11.318,2351.4337819322127,2058.4682615603306,501.1252322150617
11.318,2349.2310336587398,1771.00961187213,511.0375994456893
11.338,2349.2310336587398,1771.00961187213,511.0375994456893
11.338,2347.0282853852673,1816.1659514783225,487.9087425742249
11.36,2347.0282853852673,1816.1659514783225,487.9087425742249
11.36,2361.3461491628404,1710.4340343516283,481.30049775380655
11.382,2361.3461491628404,1710.4340343516283,481.30049775380655
11.382,2350.3324077954762,2111.334220123678,496.71973566811613
11.401,2350.3324077954762,2111.334220123678,496.71973566811613
11.401,2354.737904342422,1864.6264134947241,496.71973566811613
11.422,2354.737904342422,1864.6264134947241,496.71973566811613
11.422,2338.217292291376,1600.2966206779884,498.92248394158895
11.422,2338.217292291376,1600.2966206779884,498.92248394158895
11.422,2354.737904342422,1744.5766325904567,484.6046201640157
11.443,2354.737904342422,1744.5766325904567,484.6046201640157
11.443,2327.203550924012,1746.7793808639294,487.9087425742249
11.463,2327.203550924012,1746.7793808639294,487.9087425742249
11.463,2352.535156068949,1670.784565429118,526.4568373599989
11.484,2352.535156068949,1670.784565429118,526.4568373599989
11.484,2343.724162975058,1833.7879376661049,495.6183615313797
11.504,2343.724162975058,1833.7879376661049,495.6183615313797
11.504,2380.069509487359,1794.1384687435946,498.92248394158895
11.524,2380.069509487359,1794.1384687435946,498.92248394158895
11.524,2351.4337819322127,1800.746713564013,502.2266063517981
11.547,2351.4337819322127,1800.746713564013,502.2266063517981
11.547,2353.6365302056856,1918.5937461948076,519.8485925395805
11.568,2353.6365302056856,1918.5937461948076,519.8485925395805
11.568,2342.6227888383214,1820.5714480252682,493.4156132579069
11.588,2342.6227888383214,1820.5714480252682,493.4156132579069
11.588,2360.244775026104,1882.2483996825065,505.5307287620073
11.589,2360.244775026104,1882.2483996825065,505.5307287620073
11.589,2347.0282853852673,1910.884127237653,513.2403477191621
11.61,2347.0282853852673,1910.884127237653,513.2403477191621
11.61,2340.4200405648485,1811.760454931377,492.31423912117054
11.63,2340.4200405648485,1811.760454931377,492.31423912117054
11.631,2322.7980543770664,1909.7827531009166,480.19912361707014
11.651,2322.7980543770664,1909.7827531009166,480.19912361707014
11.652,2370.1571422567313,1614.6144844555615,530.8623339069445
11.693,2370.1571422567313,1614.6144844555615,530.8623339069445
11.693,2344.8255371117943,1816.1659514783225,502.2266063517981
11.693,2344.8255371117943,1816.1659514783225,502.2266063517981
11.693,2336.014544017903,1710.4340343516283,494.5169873946433
11.715,2336.014544017903,1710.4340343516283,494.5169873946433
11.715,2338.217292291376,1818.3686997517955,507.7334770354801
11.734,2338.217292291376,1818.3686997517955,507.7334770354801
11.734,2334.9131698811666,1682.8996809332182,494.5169873946433
11.754,2334.9131698811666,1682.8996809332182,494.5169873946433
11.754,2363.548897436313,1828.281066982423,518.7472184028442
11.754,2363.548897436313,1828.281066982423,518.7472184028442
11.754,2333.81179574443,1686.2038033434274,509.93622530895294
11.775,2333.81179574443,1686.2038033434274,509.93622530895294
11.775,2338.217292291376,1734.664265359829,497.82110980485254
11.796,2338.217292291376,1734.664265359829,497.82110980485254
11.796,2350.3324077954762,1565.0526483024234,505.5307287620073
11.817,2350.3324077954762,1565.0526483024234,505.5307287620073
11.818,2363.548897436313,1667.4804430189088,516.5444701293713
11.84,2363.548897436313,1667.4804430189088,516.5444701293713
11.84,2359.1434008893675,1983.5748202622553,486.80736843748855
11.86,2359.1434008893675,1983.5748202622553,486.80736843748855
11.86,2344.8255371117943,1898.7690117335526,496.71973566811613
11.882,2344.8255371117943,1898.7690117335526,496.71973566811613
11.882,2345.926911248531,1877.8429031355608,463.67851156602416
11.903,2345.926911248531,1877.8429031355608,463.67851156602416
11.903,2352.535156068949,1910.884127237653,496.71973566811613
11.922,2352.535156068949,1910.884127237653,496.71973566811613
11.922,2361.3461491628404,1678.4941843862728,496.71973566811613
11.922,2361.3461491628404,1678.4941843862728,496.71973566811613
11.923,2350.3324077954762,1934.0129841091173,511.0375994456893
11.942,2350.3324077954762,1934.0129841091173,511.0375994456893
11.943,2348.1296595220033,1842.5989307599962,495.6183615313797
11.963,2348.1296595220033,1842.5989307599962,495.6183615313797
11.963,2326.1021767872753,1932.911609972381,526.4568373599989
11.975,2326.1021767872753,1932.911609972381,526.4568373599989
11.975,2350.3324077954762,1722.5491498557287,493.4156132579069
11.997,2350.3324077954762,1722.5491498557287,493.4156132579069
11.997,2342.6227888383214,1908.68137896418,491.21286498443413
12.016,2342.6227888383214,1908.68137896418,491.21286498443413
12.016,2345.926911248531,1845.9030531702053,495.6183615313797
12.036,2345.926911248531,1845.9030531702053,495.6183615313797
12.036,2351.4337819322127,1902.0731341437618,497.82110980485254
12.057,2351.4337819322127,1902.0731341437618,497.82110980485254
12.057,2344.8255371117943,1845.9030531702053,487.9087425742249
12.077,2344.8255371117943,1845.9030531702053,487.9087425742249
12.077,2344.8255371117943,1799.6453394272767,501.1252322150617
12.078,2344.8255371117943,1799.6453394272767,501.1252322150617
12.078,2374.562638803677,1484.6523363206663,486.80736843748855
12.1,2374.562638803677,1484.6523363206663,486.80736843748855
12.1,2348.1296595220033,1823.8755704354774,486.80736843748855
12.118,2348.1296595220033,1823.8755704354774,486.80736843748855
12.118,2353.6365302056856,1858.0181686743058,507.7334770354801
12.139,2353.6365302056856,1858.0181686743058,507.7334770354801
12.139,2352.535156068949,1829.3824411191595,487.9087425742249
12.159,2352.535156068949,1829.3824411191595,487.9087425742249
12.159,2320.5953061035934,1812.8618290681134,495.6183615313797
12.18,2320.5953061035934,1812.8618290681134,495.6183615313797
12.18,2362.447523299577,1653.1625792413354,473.59087879665174
12.202,2362.447523299577,1653.1625792413354,473.59087879665174
12.202,2353.6365302056856,1805.1522101109585,474.69225293338815
12.223,2353.6365302056856,1805.1522101109585,474.69225293338815
12.223,2347.0282853852673,1929.6074875621716,502.2266063517981
12.243,2347.0282853852673,1929.6074875621716,502.2266063517981
12.243,2334.9131698811666,1863.5250393579877,507.7334770354801
12.244,2334.9131698811666,1863.5250393579877,507.7334770354801
12.244,2339.3186664281125,1659.770824061754,495.6183615313797
12.265,2339.3186664281125,1659.770824061754,495.6183615313797
12.265,2340.4200405648485,1722.5491498557287,493.4156132579069
12.284,2340.4200405648485,1722.5491498557287,493.4156132579069
12.285,2354.737904342422,1790.8343463333854,485.70599430075214
12.305,2354.737904342422,1790.8343463333854,485.70599430075214
12.305,2347.0282853852673,1972.5610788948914,484.6046201640157
12.325,2347.0282853852673,1972.5610788948914,484.6046201640157
12.325,2336.014544017903,1952.736344433636,520.9499666763169
12.346,2336.014544017903,1952.736344433636,520.9499666763169
12.346,2342.6227888383214,1766.6041153251847,496.71973566811613
12.368,2342.6227888383214,1766.6041153251847,496.71973566811613
12.368,2338.217292291376,1576.0663896697874,493.4156132579069
12.389,2338.217292291376,1576.0663896697874,493.4156132579069
12.389,2349.2310336587398,1819.4700738885317,502.2266063517981
12.41,2349.2310336587398,1819.4700738885317,502.2266063517981
12.411,2354.737904342422,1788.6315980599127,504.42935462527095
12.411,2354.737904342422,1788.6315980599127,504.42935462527095
12.411,2336.014544017903,1811.760454931377,504.42935462527095
12.433,2336.014544017903,1811.760454931377,504.42935462527095
12.433,2342.6227888383214,1843.7003048967326,502.2266063517981
12.454,2342.6227888383214,1843.7003048967326,502.2266063517981
12.454,2348.1296595220033,1799.6453394272767,509.93622530895294
12.476,2348.1296595220033,1799.6453394272767,509.93622530895294
12.476,2348.1296595220033,1845.9030531702053,485.70599430075214
12.495,2348.1296595220033,1845.9030531702053,485.70599430075214
12.495,2325.0008026505393,1774.3137342823395,498.92248394158895
12.537,2325.0008026505393,1774.3137342823395,498.92248394158895
12.537,2342.6227888383214,1787.5302239231762,497.82110980485254
12.537,2342.6227888383214,1787.5302239231762,497.82110980485254
12.537,2343.724162975058,1704.9271636679462,502.2266063517981
12.558,2343.724162975058,1704.9271636679462,502.2266063517981
12.558,2334.9131698811666,1763.2999929149755,506.6321028987437
12.578,2334.9131698811666,1763.2999929149755,506.6321028987437
12.578,2376.76538707715,1764.4013670517118,496.71973566811613
12.578,2376.76538707715,1764.4013670517118,496.71973566811613
12.578,2333.81179574443,1899.870385870289,493.4156132579069
12.601,2333.81179574443,1899.870385870289,493.4156132579069
12.601,2353.6365302056856,1718.143653308783,523.1527149497897
12.622,2353.6365302056856,1718.143653308783,523.1527149497897
12.622,2355.839278479158,1783.1247273762306,487.9087425742249
12.644,2355.839278479158,1783.1247273762306,487.9087425742249
12.644,2323.899428513803,1771.00961187213,511.0375994456893
12.664,2323.899428513803,1771.00961187213,511.0375994456893
12.664,2343.724162975058,1832.6865635293686,487.9087425742249
12.684,2343.724162975058,1832.6865635293686,487.9087425742249
12.684,2336.014544017903,2156.49055972987,474.69225293338815
12.706,2336.014544017903,2156.49055972987,474.69225293338815
12.706,2342.6227888383214,1830.4838152558957,492.31423912117054
12.727,2342.6227888383214,1830.4838152558957,492.31423912117054
12.727,2337.1159181546395,1773.212360145603,484.6046201640157
12.747,2337.1159181546395,1773.212360145603,484.6046201640157
12.747,2338.217292291376,1715.9409050353102,483.5032460272793
12.747,2338.217292291376,1715.9409050353102,483.5032460272793
12.747,2331.6090474709576,1822.774196298741,482.4018718905429
12.768,2331.6090474709576,1822.774196298741,482.4018718905429
12.768,2359.1434008893675,1824.9769445722138,504.42935462527095
12.788,2359.1434008893675,1824.9769445722138,504.42935462527095
12.788,2331.6090474709576,1844.8016790334689,470.28675638644256
12.81,2331.6090474709576,1844.8016790334689,470.28675638644256
12.81,2328.3049250607482,1832.6865635293686,474.69225293338815
12.829,2328.3049250607482,1832.6865635293686,474.69225293338815
12.829,2332.710421607694,1903.1745082804982,481.30049775380655
12.852,2332.710421607694,1903.1745082804982,481.30049775380655
12.852,2334.9131698811666,1820.5714480252682,482.4018718905429
12.871,2334.9131698811666,1820.5714480252682,482.4018718905429
12.871,2332.710421607694,2048.555894329703,475.79362707012456
12.892,2332.710421607694,2048.555894329703,475.79362707012456
12.892,2327.203550924012,1786.4288497864397,482.4018718905429
12.913,2327.203550924012,1786.4288497864397,482.4018718905429
12.913,2328.3049250607482,1746.7793808639294,491.21286498443413
12.913,2328.3049250607482,1746.7793808639294,491.21286498443413
12.913,2311.784313009702,1764.4013670517118,500.0238580783253
12.934,2311.784313009702,1764.4013670517118,500.0238580783253
12.934,2327.203550924012,1833.7879376661049,482.4018718905429
12.955,2327.203550924012,1833.7879376661049,482.4018718905429
12.955,2340.4200405648485,1689.5079257536368,480.19912361707014
12.977,2340.4200405648485,1689.5079257536368,480.19912361707014
12.977,2347.0282853852673,1813.9632032048498,495.6183615313797
13.021,2347.0282853852673,1813.9632032048498,495.6183615313797
13.021,2339.3186664281125,1766.6041153251847,479.09774948033373
13.021,2339.3186664281125,1766.6041153251847,479.09774948033373
13.021,2320.5953061035934,1940.6212289295356,494.5169873946433
13.041,2320.5953061035934,1940.6212289295356,494.5169873946433
13.041,2348.1296595220033,1896.5662634600797,490.1114908476977
13.064,2348.1296595220033,1896.5662634600797,490.1114908476977
13.064,2331.6090474709576,1936.2157323825902,475.79362707012456
13.084,2331.6090474709576,1936.2157323825902,475.79362707012456
13.084,2344.8255371117943,1641.0474637372351,492.31423912117054
13.085,2344.8255371117943,1641.0474637372351,492.31423912117054
13.085,2327.203550924012,1812.8618290681134,476.8950012068609
13.106,2327.203550924012,1812.8618290681134,476.8950012068609
13.106,2334.9131698811666,1821.6728221620046,472.4895046599153
13.126,2334.9131698811666,1821.6728221620046,472.4895046599153
13.126,2326.1021767872753,1837.0920600763143,487.9087425742249
13.147,2340.4200405648485,1835.9906859395778,487.9087425742249
13.147,2326.1021767872753,1837.0920600763143,487.9087425742249
13.168,2340.4200405648485,1835.9906859395778,487.9087425742249
13.168,2331.6090474709576,1845.9030531702053,487.9087425742249
13.189,2331.6090474709576,1845.9030531702053,487.9087425742249
13.19,2329.4062991974847,1849.2071755804145,477.9963753435973
13.208,2329.4062991974847,1849.2071755804145,477.9963753435973
13.208,2326.1021767872753,1897.6676375968161,472.4895046599153
13.23,2326.1021767872753,1897.6676375968161,472.4895046599153
13.23,2339.3186664281125,1871.2346583151425,482.4018718905429
13.251,2339.3186664281125,1871.2346583151425,482.4018718905429
13.251,2327.203550924012,1884.4511479559794,464.77988570276057
13.252,2327.203550924012,1884.4511479559794,464.77988570276057
13.252,2342.6227888383214,1871.2346583151425,480.19912361707014
13.273,2342.6227888383214,1871.2346583151425,480.19912361707014
13.273,2334.9131698811666,1894.363515186607,483.5032460272793
13.294,2334.9131698811666,1894.363515186607,483.5032460272793
13.294,2327.203550924012,1884.4511479559794,482.4018718905429
13.316,2327.203550924012,1884.4511479559794,482.4018718905429
13.316,2331.6090474709576,1889.9580186396613,476.8950012068609
13.337,2331.6090474709576,1889.9580186396613,476.8950012068609
13.337,2336.014544017903,1891.0593927763978,481.30049775380655
13.357,2336.014544017903,1891.0593927763978,481.30049775380655
13.357,2331.6090474709576,1892.1607669131342,474.69225293338815
13.377,2331.6090474709576,1892.1607669131342,474.69225293338815
13.377,2337.1159181546395,1884.4511479559794,465.8812598394969
13.399,2337.1159181546395,1884.4511479559794,465.8812598394969
13.4,2326.1021767872753,1883.349773819243,475.79362707012456
13.418,2326.1021767872753,1883.349773819243,475.79362707012456
13.418,2336.014544017903,1892.1607669131342,470.28675638644256
13.419,2336.014544017903,1892.1607669131342,470.28675638644256
13.419,2340.4200405648485,1889.9580186396613,480.19912361707014
13.439,2340.4200405648485,1889.9580186396613,480.19912361707014
13.439,2342.6227888383214,1877.8429031355608,476.8950012068609
13.461,2342.6227888383214,1877.8429031355608,476.8950012068609
13.461,2328.3049250607482,1889.9580186396613,475.79362707012456
13.481,2328.3049250607482,1889.9580186396613,475.79362707012456
13.481,2316.189809556648,1881.1470255457702,481.30049775380655
13.5,2316.189809556648,1881.1470255457702,481.30049775380655
13.5,2334.9131698811666,1883.349773819243,475.79362707012456
13.522,2334.9131698811666,1883.349773819243,475.79362707012456
13.523,2343.724162975058,1884.4511479559794,487.9087425742249
13.542,2343.724162975058,1884.4511479559794,487.9087425742249
13.542,2343.724162975058,1881.1470255457702,487.9087425742249
13.562,2343.724162975058,1881.1470255457702,487.9087425742249
13.562,2331.6090474709576,1888.856644502925,474.69225293338815
13.585,2331.6090474709576,1888.856644502925,474.69225293338815
13.585,2321.69668024033,1884.4511479559794,474.69225293338815
13.585,2321.69668024033,1884.4511479559794,474.69225293338815
13.585,2338.217292291376,1874.5387807253517,481.30049775380655
13.603,2338.217292291376,1874.5387807253517,481.30049775380655
13.603,2332.710421607694,1897.6676375968161,483.5032460272793
13.624,2332.710421607694,1897.6676375968161,483.5032460272793
13.624,2320.5953061035934,1888.856644502925,477.9963753435973
13.644,2320.5953061035934,1888.856644502925,477.9963753435973
13.644,2329.4062991974847,1886.6538962294521,474.69225293338815
13.664,2329.4062991974847,1886.6538962294521,474.69225293338815
13.664,2332.710421607694,1889.9580186396613,473.59087879665174
13.685,2332.710421607694,1889.9580186396613,473.59087879665174
13.686,2332.710421607694,1886.6538962294521,471.3881305231789
13.706,2332.710421607694,1886.6538962294521,471.3881305231789
13.706,2334.9131698811666,1893.2621410498705,481.30049775380655
13.726,2334.9131698811666,1893.2621410498705,481.30049775380655
13.726,2325.0008026505393,1895.4648893233434,473.59087879665174
13.749,2325.0008026505393,1895.4648893233434,473.59087879665174
13.749,2330.507673334221,1882.2483996825065,473.59087879665174
13.749,2330.507673334221,1882.2483996825065,473.59087879665174
13.749,2337.1159181546395,1895.4648893233434,472.4895046599153
13.768,2337.1159181546395,1895.4648893233434,472.4895046599153
13.768,2333.81179574443,1884.4511479559794,476.8950012068609
13.789,2333.81179574443,1884.4511479559794,476.8950012068609
13.789,2331.6090474709576,1892.1607669131342,481.30049775380655
13.809,2331.6090474709576,1892.1607669131342,481.30049775380655
13.809,2340.4200405648485,1885.5525220927157,465.8812598394969
13.83,2340.4200405648485,1885.5525220927157,465.8812598394969
13.83,2326.1021767872753,1888.856644502925,473.59087879665174
13.851,2326.1021767872753,1888.856644502925,473.59087879665174
13.851,2331.6090474709576,1889.9580186396613,475.79362707012456
13.871,2331.6090474709576,1889.9580186396613,475.79362707012456
13.871,2329.4062991974847,1884.4511479559794,474.69225293338815
13.892,2329.4062991974847,1884.4511479559794,474.69225293338815
13.892,2341.521414701585,1891.0593927763978,482.4018718905429
13.914,2341.521414701585,1891.0593927763978,482.4018718905429
13.914,2329.4062991974847,1888.856644502925,472.4895046599153
13.914,2329.4062991974847,1888.856644502925,472.4895046599153
13.914,2333.81179574443,1886.6538962294521,472.4895046599153
13.935,2333.81179574443,1886.6538962294521,472.4895046599153
13.935,2330.507673334221,1883.349773819243,465.8812598394969
13.955,2330.507673334221,1883.349773819243,465.8812598394969
13.955,2328.3049250607482,1885.5525220927157,476.8950012068609
13.977,2328.3049250607482,1885.5525220927157,476.8950012068609
13.977,2327.203550924012,1892.1607669131342,475.79362707012456
13.998,2327.203550924012,1892.1607669131342,475.79362707012456
13.998,2332.710421607694,1893.2621410498705,469.18538224970615
14.018,2332.710421607694,1893.2621410498705,469.18538224970615
14.018,2336.014544017903,1887.7552703661886,477.9963753435973
14.04,2336.014544017903,1887.7552703661886,477.9963753435973
14.04,2328.3049250607482,1873.4374065886154,473.59087879665174
14.06,2328.3049250607482,1873.4374065886154,473.59087879665174
14.06,2327.203550924012,1884.4511479559794,476.8950012068609
14.081,2327.203550924012,1884.4511479559794,476.8950012068609
14.081,2326.1021767872753,1884.4511479559794,480.19912361707014
14.082,2326.1021767872753,1884.4511479559794,480.19912361707014
14.082,2322.7980543770664,1893.2621410498705,463.67851156602416
14.103,2322.7980543770664,1893.2621410498705,463.67851156602416
14.103,2332.710421607694,1891.0593927763978,472.4895046599153
14.124,2332.710421607694,1891.0593927763978,472.4895046599153
14.124,2328.3049250607482,1888.856644502925,480.19912361707014
14.144,2328.3049250607482,1888.856644502925,480.19912361707014
14.144,2325.0008026505393,1892.1607669131342,480.19912361707014
14.164,2325.0008026505393,1892.1607669131342,480.19912361707014
14.164,2321.69668024033,1891.0593927763978,466.98263397623333
14.184,2321.69668024033,1891.0593927763978,466.98263397623333
14.184,2322.7980543770664,1894.363515186607,476.8950012068609
14.205,2322.7980543770664,1894.363515186607,476.8950012068609
14.205,2329.4062991974847,1896.5662634600797,476.8950012068609
14.247,2329.4062991974847,1896.5662634600797,476.8950012068609
14.247,2336.014544017903,1881.1470255457702,472.4895046599153
14.247,2336.014544017903,1881.1470255457702,472.4895046599153
14.248,2336.014544017903,1888.856644502925,474.69225293338815
14.248,2336.014544017903,1888.856644502925,474.69225293338815
14.248,2329.4062991974847,1898.7690117335526,475.79362707012456
14.269,2329.4062991974847,1898.7690117335526,475.79362707012456
14.269,2331.6090474709576,1891.0593927763978,474.69225293338815
14.288,2331.6090474709576,1891.0593927763978,474.69225293338815
14.288,2330.507673334221,1889.9580186396613,474.69225293338815
14.309,2330.507673334221,1889.9580186396613,474.69225293338815
14.309,2339.3186664281125,1892.1607669131342,474.69225293338815
14.329,2339.3186664281125,1892.1607669131342,474.69225293338815
14.329,2339.3186664281125,1888.856644502925,472.4895046599153
14.35,2339.3186664281125,1888.856644502925,472.4895046599153
14.35,2334.9131698811666,1893.2621410498705,487.9087425742249
14.371,2334.9131698811666,1893.2621410498705,487.9087425742249
14.371,2338.217292291376,1882.2483996825065,477.9963753435973
14.392,2338.217292291376,1882.2483996825065,477.9963753435973
14.392,2334.9131698811666,1887.7552703661886,480.19912361707014
14.433,2334.9131698811666,1887.7552703661886,480.19912361707014
14.433,2322.7980543770664,1899.870385870289,474.69225293338815
14.433,2322.7980543770664,1899.870385870289,474.69225293338815
14.433,2332.710421607694,1871.2346583151425,472.4895046599153
14.434,2332.710421607694,1871.2346583151425,472.4895046599153
14.434,2341.521414701585,1891.0593927763978,475.79362707012456
14.454,2341.521414701585,1891.0593927763978,475.79362707012456
14.454,2330.507673334221,1882.2483996825065,477.9963753435973
14.474,2330.507673334221,1882.2483996825065,477.9963753435973
14.475,2333.81179574443,1882.2483996825065,464.77988570276057
14.495,2333.81179574443,1882.2483996825065,464.77988570276057
14.495,2330.507673334221,1887.7552703661886,477.9963753435973
14.515,2330.507673334221,1887.7552703661886,477.9963753435973
14.516,2332.710421607694,1891.0593927763978,475.79362707012456
14.557,2332.710421607694,1891.0593927763978,475.79362707012456
14.557,2337.1159181546395,1895.4648893233434,484.6046201640157
14.557,2337.1159181546395,1895.4648893233434,484.6046201640157
14.557,2326.1021767872753,1880.0456514090338,470.28675638644256
14.577,2326.1021767872753,1880.0456514090338,470.28675638644256
14.577,2332.710421607694,1885.5525220927157,474.69225293338815
14.577,2332.710421607694,1885.5525220927157,474.69225293338815
14.577,2333.81179574443,1886.6538962294521,481.30049775380655
14.598,2333.81179574443,1886.6538962294521,481.30049775380655
14.598,2329.4062991974847,1892.1607669131342,474.69225293338815
14.619,2329.4062991974847,1892.1607669131342,474.69225293338815
14.619,2328.3049250607482,1886.6538962294521,470.28675638644256
14.639,2328.3049250607482,1886.6538962294521,470.28675638644256
14.639,2328.3049250607482,1886.6538962294521,469.18538224970615
14.66,2328.3049250607482,1886.6538962294521,469.18538224970615
14.661,2334.9131698811666,1894.363515186607,480.19912361707014
14.681,2334.9131698811666,1894.363515186607,480.19912361707014
14.681,2338.217292291376,1884.4511479559794,479.09774948033373
14.703,2338.217292291376,1884.4511479559794,479.09774948033373
14.703,2338.217292291376,1891.0593927763978,481.30049775380655
14.723,2338.217292291376,1891.0593927763978,481.30049775380655
14.723,2322.7980543770664,1880.0456514090338,485.70599430075214
14.743,2322.7980543770664,1880.0456514090338,485.70599430075214
14.743,2315.0884354199115,1888.856644502925,475.79362707012456
14.743,2315.0884354199115,1888.856644502925,475.79362707012456
14.743,2329.4062991974847,1888.856644502925,470.28675638644256
14.764,2329.4062991974847,1888.856644502925,470.28675638644256
14.764,2336.014544017903,1882.2483996825065,465.8812598394969
14.784,2336.014544017903,1882.2483996825065,465.8812598394969
14.784,2336.014544017903,1897.6676375968161,480.19912361707014
14.804,2336.014544017903,1897.6676375968161,480.19912361707014
14.804,2337.1159181546395,1892.1607669131342,484.6046201640157
14.826,2337.1159181546395,1892.1607669131342,484.6046201640157
14.826,2327.203550924012,1884.4511479559794,475.79362707012456
14.847,2327.203550924012,1884.4511479559794,475.79362707012456
14.847,2327.203550924012,1887.7552703661886,480.19912361707014
14.869,2327.203550924012,1887.7552703661886,480.19912361707014
14.869,2333.81179574443,1893.2621410498705,482.4018718905429
14.889,2333.81179574443,1893.2621410498705,482.4018718905429
14.889,2325.0008026505393,1885.5525220927157,473.59087879665174
14.909,2325.0008026505393,1885.5525220927157,473.59087879665174
14.909,2327.203550924012,1882.2483996825065,469.18538224970615
14.909,2327.203550924012,1882.2483996825065,469.18538224970615
14.909,2325.0008026505393,1887.7552703661886,474.69225293338815
14.931,2325.0008026505393,1887.7552703661886,474.69225293338815
14.931,2331.6090474709576,1885.5525220927157,475.79362707012456
14.951,2331.6090474709576,1885.5525220927157,475.79362707012456
14.951,2336.014544017903,1887.7552703661886,476.8950012068609
14.971,2336.014544017903,1887.7552703661886,476.8950012068609
14.971,2329.4062991974847,1888.856644502925,472.4895046599153
15.01,2329.4062991974847,1888.856644502925,472.4895046599153
15.01,2339.3186664281125,1894.363515186607,469.18538224970615
15.01,2339.3186664281125,1894.363515186607,469.18538224970615
15.01,2333.81179574443,1889.9580186396613,474.69225293338815
15.028,2333.81179574443,1889.9580186396613,474.69225293338815
15.028,2332.710421607694,1887.7552703661886,474.69225293338815
15.049,2332.710421607694,1887.7552703661886,474.69225293338815
15.049,2333.81179574443,1885.5525220927157,479.09774948033373
15.07,2333.81179574443,1885.5525220927157,479.09774948033373
15.07,2332.710421607694,1893.2621410498705,480.19912361707014
15.071,2332.710421607694,1893.2621410498705,480.19912361707014
15.071,2326.1021767872753,1885.5525220927157,473.59087879665174
15.091,2326.1021767872753,1885.5525220927157,473.59087879665174
15.091,2329.4062991974847,1889.9580186396613,486.80736843748855
15.112,2329.4062991974847,1889.9580186396613,486.80736843748855
15.112,2325.0008026505393,1889.9580186396613,475.79362707012456
15.133,2325.0008026505393,1889.9580186396613,475.79362707012456
15.133,2328.3049250607482,1884.4511479559794,469.18538224970615
15.153,2328.3049250607482,1884.4511479559794,469.18538224970615
15.153,2331.6090474709576,1894.363515186607,473.59087879665174
15.198,2331.6090474709576,1894.363515186607,473.59087879665174
15.198,2332.710421607694,1885.5525220927157,477.9963753435973
15.198,2332.710421607694,1885.5525220927157,477.9963753435973
15.198,2328.3049250607482,1888.856644502925,474.69225293338815
15.217,2328.3049250607482,1888.856644502925,474.69225293338815
15.217,2330.507673334221,1893.2621410498705,471.3881305231789
15.237,2330.507673334221,1893.2621410498705,471.3881305231789
15.237,2320.5953061035934,1887.7552703661886,477.9963753435973
15.237,2320.5953061035934,1887.7552703661886,477.9963753435973
15.237,2331.6090474709576,1888.856644502925,481.30049775380655
15.28,2331.6090474709576,1888.856644502925,481.30049775380655
15.28,2340.4200405648485,1895.4648893233434,475.79362707012456
15.281,2340.4200405648485,1895.4648893233434,475.79362707012456
15.281,2330.507673334221,1895.4648893233434,473.59087879665174
15.3,2330.507673334221,1895.4648893233434,473.59087879665174
15.3,2328.3049250607482,1891.0593927763978,466.98263397623333
15.345,2328.3049250607482,1891.0593927763978,466.98263397623333
15.345,2337.1159181546395,1874.5387807253517,477.9963753435973
15.345,2337.1159181546395,1874.5387807253517,477.9963753435973
15.345,2334.9131698811666,1884.4511479559794,471.3881305231789
15.363,2334.9131698811666,1884.4511479559794,471.3881305231789
15.363,2331.6090474709576,1891.0593927763978,493.4156132579069
15.383,2331.6090474709576,1891.0593927763978,493.4156132579069
15.383,2334.9131698811666,1889.9580186396613,476.8950012068609
15.403,2334.9131698811666,1889.9580186396613,476.8950012068609
15.403,2326.1021767872753,1880.0456514090338,476.8950012068609
15.404,2326.1021767872753,1880.0456514090338,476.8950012068609
15.404,2325.0008026505393,1885.5525220927157,484.6046201640157
15.423,2325.0008026505393,1885.5525220927157,484.6046201640157
15.423,2331.6090474709576,1884.4511479559794,480.19912361707014
15.445,2331.6090474709576,1884.4511479559794,480.19912361707014
15.445,2336.014544017903,1888.856644502925,484.6046201640157
15.465,2336.014544017903,1888.856644502925,484.6046201640157
15.465,2334.9131698811666,1887.7552703661886,479.09774948033373
15.487,2334.9131698811666,1887.7552703661886,479.09774948033373
15.487,2329.4062991974847,1891.0593927763978,469.18538224970615
15.509,2329.4062991974847,1891.0593927763978,469.18538224970615
15.509,2337.1159181546395,1895.4648893233434,474.69225293338815
15.529,2337.1159181546395,1895.4648893233434,474.69225293338815
15.529,2332.710421607694,1888.856644502925,480.19912361707014
15.548,2332.710421607694,1888.856644502925,480.19912361707014
15.549,2322.7980543770664,1881.1470255457702,484.6046201640157
15.57,2322.7980543770664,1881.1470255457702,484.6046201640157
15.57,2328.3049250607482,1884.4511479559794,474.69225293338815
15.57,2328.3049250607482,1884.4511479559794,474.69225293338815
15.57,2326.1021767872753,1894.363515186607,474.69225293338815
15.594,2326.1021767872753,1894.363515186607,474.69225293338815
15.594,2331.6090474709576,1883.349773819243,480.19912361707014
15.614,2331.6090474709576,1883.349773819243,480.19912361707014
15.614,2328.3049250607482,1888.856644502925,479.09774948033373
15.636,2328.3049250607482,1888.856644502925,479.09774948033373
15.636,2339.3186664281125,1886.6538962294521,475.79362707012456
15.655,2339.3186664281125,1886.6538962294521,475.79362707012456
15.655,2334.9131698811666,1893.2621410498705,463.67851156602416
15.677,2334.9131698811666,1893.2621410498705,463.67851156602416
15.677,2319.493931966857,1887.7552703661886,472.4895046599153
15.697,2319.493931966857,1887.7552703661886,472.4895046599153
15.697,2334.9131698811666,1894.363515186607,476.8950012068609
15.718,2334.9131698811666,1894.363515186607,476.8950012068609
15.718,2334.9131698811666,1889.9580186396613,484.6046201640157
15.738,2334.9131698811666,1889.9580186396613,484.6046201640157
15.738,2338.217292291376,1888.856644502925,475.79362707012456
15.739,2338.217292291376,1888.856644502925,475.79362707012456
15.739,2336.014544017903,1891.0593927763978,479.09774948033373
15.758,2336.014544017903,1891.0593927763978,479.09774948033373
15.758,2323.899428513803,1889.9580186396613,480.19912361707014
15.778,2323.899428513803,1889.9580186396613,480.19912361707014
15.778,2332.710421607694,1895.4648893233434,474.69225293338815
15.798,2332.710421607694,1895.4648893233434,474.69225293338815
15.798,2329.4062991974847,1884.4511479559794,477.9963753435973
15.82,2329.4062991974847,1884.4511479559794,477.9963753435973
15.82,2343.724162975058,1893.2621410498705,481.30049775380655
15.842,2343.724162975058,1893.2621410498705,481.30049775380655
15.842,2330.507673334221,1884.4511479559794,476.8950012068609
15.862,2330.507673334221,1884.4511479559794,476.8950012068609
15.862,2334.9131698811666,1881.1470255457702,479.09774948033373
15.883,2334.9131698811666,1881.1470255457702,479.09774948033373
15.883,2327.203550924012,1892.1607669131342,481.30049775380655
15.904,2327.203550924012,1892.1607669131342,481.30049775380655
15.904,2329.4062991974847,1884.4511479559794,482.4018718905429
15.904,2329.4062991974847,1884.4511479559794,482.4018718905429
15.904,2334.9131698811666,1886.6538962294521,477.9963753435973
15.925,2334.9131698811666,1886.6538962294521,477.9963753435973
15.925,2330.507673334221,1888.856644502925,480.19912361707014
15.947,2330.507673334221,1888.856644502925,480.19912361707014
15.947,2332.710421607694,1889.9580186396613,480.19912361707014
15.967,2332.710421607694,1889.9580186396613,480.19912361707014
15.967,2323.899428513803,1896.5662634600797,479.09774948033373
15.987,2323.899428513803,1896.5662634600797,479.09774948033373
15.987,2337.1159181546395,1887.7552703661886,481.30049775380655
16.01,2337.1159181546395,1887.7552703661886,481.30049775380655
16.01,2331.6090474709576,1884.4511479559794,485.70599430075214
16.029,2331.6090474709576,1884.4511479559794,485.70599430075214
16.029,2339.3186664281125,1887.7552703661886,473.59087879665174
16.05,2339.3186664281125,1887.7552703661886,473.59087879665174
16.05,2329.4062991974847,1889.9580186396613,475.79362707012456
16.072,2329.4062991974847,1889.9580186396613,475.79362707012456
16.072,2328.3049250607482,1893.2621410498705,465.8812598394969
16.072,2328.3049250607482,1893.2621410498705,465.8812598394969
16.072,2331.6090474709576,1887.7552703661886,476.8950012068609
16.092,2331.6090474709576,1887.7552703661886,476.8950012068609
16.092,2330.507673334221,1891.0593927763978,472.4895046599153
16.112,2330.507673334221,1891.0593927763978,472.4895046599153
16.113,2330.507673334221,1887.7552703661886,483.5032460272793
16.133,2330.507673334221,1887.7552703661886,483.5032460272793
16.133,2326.1021767872753,1888.856644502925,479.09774948033373
16.155,2326.1021767872753,1888.856644502925,479.09774948033373
16.155,2328.3049250607482,1891.0593927763978,466.98263397623333
16.178,2328.3049250607482,1891.0593927763978,466.98263397623333
16.178,2333.81179574443,1884.4511479559794,471.3881305231789
16.198,2333.81179574443,1884.4511479559794,471.3881305231789
16.198,2328.3049250607482,1885.5525220927157,486.80736843748855
16.218,2328.3049250607482,1885.5525220927157,486.80736843748855
16.219,2328.3049250607482,1892.1607669131342,473.59087879665174
16.239,2328.3049250607482,1892.1607669131342,473.59087879665174
16.239,2327.203550924012,1886.6538962294521,482.4018718905429
16.239,2327.203550924012,1886.6538962294521,482.4018718905429
16.239,2329.4062991974847,1882.2483996825065,482.4018718905429
16.258,2334.9131698811666,1891.0593927763978,482.4018718905429
16.258,2329.4062991974847,1882.2483996825065,482.4018718905429
16.28,2334.9131698811666,1891.0593927763978,482.4018718905429
16.281,2332.710421607694,1887.7552703661886,491.21286498443413
16.321,2332.710421607694,1887.7552703661886,491.21286498443413
16.322,2331.6090474709576,1885.5525220927157,475.79362707012456
16.322,2331.6090474709576,1885.5525220927157,475.79362707012456
16.322,2328.3049250607482,1882.2483996825065,483.5032460272793
16.344,2328.3049250607482,1882.2483996825065,483.5032460272793
16.344,2328.3049250607482,1894.363515186607,482.4018718905429
16.363,2328.3049250607482,1894.363515186607,482.4018718905429
16.363,2327.203550924012,1889.9580186396613,476.8950012068609
16.385,2327.203550924012,1889.9580186396613,476.8950012068609
16.385,2325.0008026505393,1886.6538962294521,485.70599430075214
16.406,2325.0008026505393,1886.6538962294521,485.70599430075214
16.406,2334.9131698811666,1889.9580186396613,479.09774948033373
16.407,2334.9131698811666,1889.9580186396613,479.09774948033373
16.407,2331.6090474709576,1892.1607669131342,479.09774948033373
16.426,2331.6090474709576,1892.1607669131342,479.09774948033373
16.426,2349.2310336587398,1891.0593927763978,471.3881305231789
16.448,2349.2310336587398,1891.0593927763978,471.3881305231789
16.448,2333.81179574443,1887.7552703661886,469.18538224970615
16.468,2333.81179574443,1887.7552703661886,469.18538224970615
16.468,2331.6090474709576,1892.1607669131342,480.19912361707014
16.488,2331.6090474709576,1892.1607669131342,480.19912361707014
16.488,2333.81179574443,1894.363515186607,473.59087879665174
16.509,2333.81179574443,1894.363515186607,473.59087879665174
16.509,2330.507673334221,1877.8429031355608,475.79362707012456
16.529,2330.507673334221,1877.8429031355608,475.79362707012456
16.529,2326.1021767872753,1893.2621410498705,452.66477019866016
16.552,2326.1021767872753,1893.2621410498705,452.66477019866016
16.552,2338.217292291376,1896.5662634600797,473.59087879665174
16.567,2338.217292291376,1896.5662634600797,473.59087879665174
16.567,2331.6090474709576,1891.0593927763978,470.28675638644256
16.568,2331.6090474709576,1891.0593927763978,470.28675638644256
16.568,2332.710421607694,1882.2483996825065,474.69225293338815
16.588,2332.710421607694,1882.2483996825065,474.69225293338815
16.588,2325.0008026505393,1888.856644502925,473.59087879665174
16.608,2325.0008026505393,1888.856644502925,473.59087879665174
16.608,2332.710421607694,1885.5525220927157,470.28675638644256
16.628,2332.710421607694,1885.5525220927157,470.28675638644256
16.628,2327.203550924012,1891.0593927763978,477.9963753435973
16.671,2327.203550924012,1891.0593927763978,477.9963753435973
16.671,2337.1159181546395,1889.9580186396613,470.28675638644256
16.671,2337.1159181546395,1889.9580186396613,470.28675638644256
16.672,2321.69668024033,1887.7552703661886,469.18538224970615
16.692,2321.69668024033,1887.7552703661886,469.18538224970615
16.693,2333.81179574443,1887.7552703661886,472.4895046599153
16.715,2333.81179574443,1887.7552703661886,472.4895046599153
16.715,2331.6090474709576,1892.1607669131342,476.8950012068609
16.734,2331.6090474709576,1892.1607669131342,476.8950012068609
16.734,2332.710421607694,1892.1607669131342,476.8950012068609
16.735,2332.710421607694,1892.1607669131342,476.8950012068609
16.735,2337.1159181546395,1891.0593927763978,481.30049775380655
16.755,2337.1159181546395,1891.0593927763978,481.30049775380655
16.755,2330.507673334221,1891.0593927763978,470.28675638644256
16.775,2330.507673334221,1891.0593927763978,470.28675638644256
16.775,2328.3049250607482,1888.856644502925,465.8812598394969
16.797,2328.3049250607482,1888.856644502925,465.8812598394969
16.797,2319.493931966857,1886.6538962294521,474.69225293338815
16.818,2319.493931966857,1886.6538962294521,474.69225293338815
16.818,2333.81179574443,1886.6538962294521,473.59087879665174
16.84,2333.81179574443,1886.6538962294521,473.59087879665174
16.84,2325.0008026505393,1898.7690117335526,482.4018718905429
16.86,2325.0008026505393,1898.7690117335526,482.4018718905429
16.86,2327.203550924012,1885.5525220927157,473.59087879665174
16.88,2327.203550924012,1885.5525220927157,473.59087879665174
16.88,2330.507673334221,1892.1607669131342,475.79362707012456
16.901,2330.507673334221,1892.1607669131342,475.79362707012456
16.901,2329.4062991974847,1892.1607669131342,474.69225293338815
16.902,2329.4062991974847,1892.1607669131342,474.69225293338815
16.902,2336.014544017903,1892.1607669131342,477.9963753435973
16.926,2336.014544017903,1892.1607669131342,477.9963753435973
16.926,2336.014544017903,1882.2483996825065,484.6046201640157
16.943,2336.014544017903,1882.2483996825065,484.6046201640157
16.943,2331.6090474709576,1880.0456514090338,477.9963753435973
16.966,2331.6090474709576,1880.0456514090338,477.9963753435973
16.966,2336.014544017903,1887.7552703661886,469.18538224970615
16.986,2336.014544017903,1887.7552703661886,469.18538224970615
16.986,2336.014544017903,1891.0593927763978,476.8950012068609
17.006,2336.014544017903,1891.0593927763978,476.8950012068609
17.007,2332.710421607694,1886.6538962294521,473.59087879665174
17.027,2332.710421607694,1886.6538962294521,473.59087879665174
17.027,2334.9131698811666,1891.0593927763978,481.30049775380655
17.048,2334.9131698811666,1891.0593927763978,481.30049775380655
17.048,2332.710421607694,1875.6401548620881,479.09774948033373
17.069,2332.710421607694,1875.6401548620881,479.09774948033373
17.069,2333.81179574443,1888.856644502925,465.8812598394969
17.069,2333.81179574443,1888.856644502925,465.8812598394969
17.069,2329.4062991974847,1886.6538962294521,474.69225293338815
17.091,2329.4062991974847,1886.6538962294521,474.69225293338815
17.091,2325.0008026505393,1887.7552703661886,480.19912361707014
17.111,2325.0008026505393,1887.7552703661886,480.19912361707014
17.111,2329.4062991974847,1884.4511479559794,477.9963753435973
17.132,2329.4062991974847,1884.4511479559794,477.9963753435973
17.132,2325.0008026505393,1882.2483996825065,473.59087879665174
17.176,2325.0008026505393,1882.2483996825065,473.59087879665174
17.176,2333.81179574443,1887.7552703661886,477.9963753435973
17.176,2333.81179574443,1887.7552703661886,477.9963753435973
17.176,2325.0008026505393,1894.363515186607,462.57713742928775
17.196,2325.0008026505393,1894.363515186607,462.57713742928775
17.196,2334.9131698811666,1891.0593927763978,480.19912361707014
17.216,2334.9131698811666,1891.0593927763978,480.19912361707014
17.216,2330.507673334221,1886.6538962294521,472.4895046599153
17.237,2330.507673334221,1886.6538962294521,472.4895046599153
17.237,2327.203550924012,1887.7552703661886,476.8950012068609
17.237,2327.203550924012,1887.7552703661886,476.8950012068609
17.237,2331.6090474709576,1886.6538962294521,473.59087879665174
17.258,2331.6090474709576,1886.6538962294521,473.59087879665174
17.258,2323.899428513803,1889.9580186396613,473.59087879665174
17.279,2323.899428513803,1889.9580186396613,473.59087879665174
17.279,2334.9131698811666,1888.856644502925,469.18538224970615
17.299,2334.9131698811666,1888.856644502925,469.18538224970615
17.299,2328.3049250607482,1889.9580186396613,479.09774948033373
17.319,2328.3049250607482,1889.9580186396613,479.09774948033373
17.319,2327.203550924012,1884.4511479559794,472.4895046599153
17.339,2327.203550924012,1884.4511479559794,472.4895046599153
17.339,2328.3049250607482,1882.2483996825065,475.79362707012456
17.36,2328.3049250607482,1882.2483996825065,475.79362707012456
17.36,2333.81179574443,1885.5525220927157,481.30049775380655
17.38,2333.81179574443,1885.5525220927157,481.30049775380655
17.38,2328.3049250607482,1891.0593927763978,470.28675638644256
17.401,2328.3049250607482,1891.0593927763978,470.28675638644256
17.401,2333.81179574443,1888.856644502925,480.19912361707014
17.401,2333.81179574443,1888.856644502925,480.19912361707014
17.402,2330.507673334221,1884.4511479559794,474.69225293338815
17.422,2330.507673334221,1884.4511479559794,474.69225293338815
17.423,2325.0008026505393,1894.363515186607,476.8950012068609
17.442,2325.0008026505393,1894.363515186607,476.8950012068609
17.443,2327.203550924012,1889.9580186396613,469.18538224970615
17.463,2327.203550924012,1889.9580186396613,469.18538224970615
17.463,2330.507673334221,1895.4648893233434,477.9963753435973
17.484,2330.507673334221,1895.4648893233434,477.9963753435973
17.484,2339.3186664281125,1891.0593927763978,470.28675638644256
17.504,2339.3186664281125,1891.0593927763978,470.28675638644256
17.504,2331.6090474709576,1894.363515186607,479.09774948033373
17.526,2331.6090474709576,1894.363515186607,479.09774948033373
17.526,2336.014544017903,1885.5525220927157,472.4895046599153
17.546,2336.014544017903,1885.5525220927157,472.4895046599153
17.546,2331.6090474709576,1897.6676375968161,484.6046201640157
17.567,2331.6090474709576,1897.6676375968161,484.6046201640157
17.567,2330.507673334221,1888.856644502925,479.09774948033373
17.567,2330.507673334221,1888.856644502925,479.09774948033373
17.567,2332.710421607694,1889.9580186396613,484.6046201640157
17.587,2332.710421607694,1889.9580186396613,484.6046201640157
17.587,2331.6090474709576,1886.6538962294521,474.69225293338815
17.608,2331.6090474709576,1886.6538962294521,474.69225293338815
17.608,2333.81179574443,1886.6538962294521,477.9963753435973
17.629,2333.81179574443,1886.6538962294521,477.9963753435973
17.629,2328.3049250607482,1889.9580186396613,485.70599430075214
17.648,2328.3049250607482,1889.9580186396613,485.70599430075214
17.648,2332.710421607694,1885.5525220927157,473.59087879665174
17.669,2332.710421607694,1885.5525220927157,473.59087879665174
17.669,2325.0008026505393,1886.6538962294521,473.59087879665174
17.691,2325.0008026505393,1886.6538962294521,473.59087879665174
17.691,2339.3186664281125,1887.7552703661886,476.8950012068609
17.714,2339.3186664281125,1887.7552703661886,476.8950012068609
17.714,2323.899428513803,1892.1607669131342,477.9963753435973
17.734,2323.899428513803,1892.1607669131342,477.9963753435973
17.734,2320.5953061035934,1889.9580186396613,470.28675638644256
17.734,2320.5953061035934,1889.9580186396613,470.28675638644256
17.734,2334.9131698811666,1893.2621410498705,481.30049775380655
17.756,2334.9131698811666,1893.2621410498705,481.30049775380655
17.756,2355.839278479158,1887.7552703661886,465.8812598394969
17.776,2355.839278479158,1887.7552703661886,465.8812598394969
17.777,2315.0884354199115,1894.363515186607,462.57713742928775
17.798,2315.0884354199115,1894.363515186607,462.57713742928775
17.798,2331.6090474709576,1885.5525220927157,475.79362707012456
17.84,2331.6090474709576,1885.5525220927157,475.79362707012456
17.841,2331.6090474709576,1891.0593927763978,470.28675638644256
17.841,2331.6090474709576,1891.0593927763978,470.28675638644256
17.841,2331.6090474709576,1895.4648893233434,476.8950012068609
17.861,2331.6090474709576,1895.4648893233434,476.8950012068609
17.861,2330.507673334221,1889.9580186396613,484.6046201640157
17.884,2330.507673334221,1889.9580186396613,484.6046201640157
17.884,2331.6090474709576,1883.349773819243,479.09774948033373
17.905,2331.6090474709576,1883.349773819243,479.09774948033373
17.905,2321.69668024033,1884.4511479559794,463.67851156602416
17.905,2321.69668024033,1884.4511479559794,463.67851156602416
17.905,2334.9131698811666,1891.0593927763978,462.57713742928775
17.925,2334.9131698811666,1891.0593927763978,462.57713742928775
17.925,2331.6090474709576,1887.7552703661886,480.19912361707014
17.945,2331.6090474709576,1887.7552703661886,480.19912361707014
17.945,2336.014544017903,1894.363515186607,468.08400811296974
17.965,2336.014544017903,1894.363515186607,468.08400811296974
17.965,2323.899428513803,1896.5662634600797,470.28675638644256
17.988,2323.899428513803,1896.5662634600797,470.28675638644256
17.988,2330.507673334221,1888.856644502925,480.19912361707014
18.006,2330.507673334221,1888.856644502925,480.19912361707014
18.006,2328.3049250607482,1891.0593927763978,475.79362707012456
18.026,2328.3049250607482,1891.0593927763978,475.79362707012456
18.026,2338.217292291376,1880.0456514090338,474.69225293338815
18.047,2338.217292291376,1880.0456514090338,474.69225293338815
18.047,2339.3186664281125,1886.6538962294521,482.4018718905429
18.069,2339.3186664281125,1886.6538962294521,482.4018718905429
18.069,2330.507673334221,1883.349773819243,475.79362707012456
18.069,2330.507673334221,1883.349773819243,475.79362707012456
18.069,2328.3049250607482,1888.856644502925,464.77988570276057
18.09,2328.3049250607482,1888.856644502925,464.77988570276057
18.09,2330.507673334221,1889.9580186396613,472.4895046599153
18.11,2330.507673334221,1889.9580186396613,472.4895046599153
18.11,2336.014544017903,1882.2483996825065,474.69225293338815
18.13,2336.014544017903,1882.2483996825065,474.69225293338815
18.13,2331.6090474709576,1880.0456514090338,475.79362707012456
18.143,2331.6090474709576,1880.0456514090338,475.79362707012456
18.143,2339.3186664281125,1884.4511479559794,474.69225293338815
18.163,2339.3186664281125,1884.4511479559794,474.69225293338815
18.164,2326.1021767872753,1884.4511479559794,468.08400811296974
18.184,2326.1021767872753,1884.4511479559794,468.08400811296974
18.184,2331.6090474709576,1887.7552703661886,482.4018718905429
18.205,2331.6090474709576,1887.7552703661886,482.4018718905429
18.205,2336.014544017903,1896.5662634600797,480.19912361707014
18.225,2336.014544017903,1896.5662634600797,480.19912361707014
18.225,2329.4062991974847,1884.4511479559794,471.3881305231789
18.246,2329.4062991974847,1884.4511479559794,471.3881305231789
18.247,2336.014544017903,1884.4511479559794,472.4895046599153
18.247,2336.014544017903,1884.4511479559794,472.4895046599153
18.247,2331.6090474709576,1889.9580186396613,472.4895046599153
18.267,2331.6090474709576,1889.9580186396613,472.4895046599153
18.267,2326.1021767872753,1895.4648893233434,470.28675638644256
18.287,2326.1021767872753,1895.4648893233434,470.28675638644256
18.287,2334.9131698811666,1895.4648893233434,479.09774948033373
18.308,2334.9131698811666,1895.4648893233434,479.09774948033373
18.308,2333.81179574443,1892.1607669131342,476.8950012068609
18.328,2333.81179574443,1892.1607669131342,476.8950012068609
18.328,2331.6090474709576,1887.7552703661886,473.59087879665174
18.349,2331.6090474709576,1887.7552703661886,473.59087879665174
18.349,2326.1021767872753,1885.5525220927157,482.4018718905429
18.368,2326.1021767872753,1885.5525220927157,482.4018718905429
18.368,2340.4200405648485,1880.0456514090338,472.4895046599153
18.39,2340.4200405648485,1880.0456514090338,472.4895046599153
18.39,2329.4062991974847,1889.9580186396613,473.59087879665174
18.411,2329.4062991974847,1889.9580186396613,473.59087879665174
18.411,2336.014544017903,1893.2621410498705,477.9963753435973
18.411,2336.014544017903,1893.2621410498705,477.9963753435973
18.412,2337.1159181546395,1880.0456514090338,471.3881305231789
18.431,2337.1159181546395,1880.0456514090338,471.3881305231789
18.431,2325.0008026505393,1885.5525220927157,471.3881305231789
18.451,2325.0008026505393,1885.5525220927157,471.3881305231789
18.451,2331.6090474709576,1886.6538962294521,459.27301501907857
18.473,2331.6090474709576,1886.6538962294521,459.27301501907857
18.473,2337.1159181546395,1894.363515186607,476.8950012068609
18.496,2337.1159181546395,1894.363515186607,476.8950012068609
18.496,2333.81179574443,1888.856644502925,470.28675638644256
18.515,2333.81179574443,1888.856644502925,470.28675638644256
18.515,2331.6090474709576,1885.5525220927157,474.69225293338815
18.537,2331.6090474709576,1885.5525220927157,474.69225293338815
18.537,2337.1159181546395,1883.349773819243,472.4895046599153
18.557,2337.1159181546395,1883.349773819243,472.4895046599153
18.557,2332.710421607694,1892.1607669131342,477.9963753435973
18.576,2332.710421607694,1892.1607669131342,477.9963753435973
18.576,2336.014544017903,1894.363515186607,477.9963753435973
18.596,2336.014544017903,1894.363515186607,477.9963753435973
18.596,2331.6090474709576,1888.856644502925,476.8950012068609
18.596,2331.6090474709576,1888.856644502925,476.8950012068609
18.596,2330.507673334221,1896.5662634600797,481.30049775380655
18.616,2330.507673334221,1896.5662634600797,481.30049775380655
18.616,2333.81179574443,1888.856644502925,460.3743891558149
18.658,2333.81179574443,1888.856644502925,460.3743891558149
18.658,2334.9131698811666,1885.5525220927157,468.08400811296974
18.658,2334.9131698811666,1885.5525220927157,468.08400811296974
18.658,2333.81179574443,1885.5525220927157,479.09774948033373
18.679,2333.81179574443,1885.5525220927157,479.09774948033373
18.679,2325.0008026505393,1882.2483996825065,481.30049775380655
18.7,2325.0008026505393,1882.2483996825065,481.30049775380655
18.7,2332.710421607694,1885.5525220927157,472.4895046599153
18.721,2332.710421607694,1885.5525220927157,472.4895046599153
18.742,2329.4062991974847,1888.856644502925,486.80736843748855
18.742,2329.4062991974847,1888.856644502925,486.80736843748855
18.742,2331.6090474709576,1884.4511479559794,477.9963753435973
18.742,2331.6090474709576,1884.4511479559794,477.9963753435973
18.764,2328.3049250607482,1884.4511479559794,475.79362707012456
18.764,2328.3049250607482,1884.4511479559794,475.79362707012456
18.783,2327.203550924012,1889.9580186396613,498.92248394158895
18.783,2327.203550924012,1889.9580186396613,498.92248394158895
18.805,2331.6090474709576,1886.6538962294521,470.28675638644256
18.805,2331.6090474709576,1886.6538962294521,470.28675638644256
18.825,2334.9131698811666,1885.5525220927157,479.09774948033373
18.825,2334.9131698811666,1885.5525220927157,479.09774948033373
18.868,2336.014544017903,1891.0593927763978,490.1114908476977
18.868,2336.014544017903,1891.0593927763978,490.1114908476977
18.868,2333.81179574443,1892.1607669131342,480.19912361707014
18.869,2333.81179574443,1892.1607669131342,480.19912361707014
18.888,2336.014544017903,1884.4511479559794,476.8950012068609
18.888,2336.014544017903,1884.4511479559794,476.8950012068609
18.909,2330.507673334221,1892.1607669131342,471.3881305231789
18.909,2330.507673334221,1892.1607669131342,471.3881305231789
18.91,2331.6090474709576,1900.9717600070253,475.79362707012456
18.91,2331.6090474709576,1900.9717600070253,475.79362707012456
18.929,2331.6090474709576,1885.5525220927157,485.70599430075214
18.929,2331.6090474709576,1885.5525220927157,485.70599430075214
18.951,2330.507673334221,1892.1607669131342,470.28675638644256
18.951,2330.507673334221,1892.1607669131342,470.28675638644256
18.971,2333.81179574443,1891.0593927763978,472.4895046599153
18.971,2333.81179574443,1891.0593927763978,472.4895046599153
18.991,2322.7980543770664,1883.349773819243,480.19912361707014
18.991,2322.7980543770664,1883.349773819243,480.19912361707014
19.012,2323.899428513803,1893.2621410498705,469.18538224970615
19.012,2323.899428513803,1893.2621410498705,469.18538224970615
19.053,2334.9131698811666,1892.1607669131342,480.19912361707014
19.053,2334.9131698811666,1892.1607669131342,480.19912361707014
19.053,2334.9131698811666,1891.0593927763978,480.19912361707014
19.053,2334.9131698811666,1891.0593927763978,480.19912361707014
19.053,2331.6090474709576,1889.9580186396613,476.8950012068609
19.054,2331.6090474709576,1889.9580186396613,476.8950012068609
19.074,2334.9131698811666,1888.856644502925,476.8950012068609
19.074,2334.9131698811666,1888.856644502925,476.8950012068609
19.094,2328.3049250607482,1889.9580186396613,470.28675638644256
19.095,2328.3049250607482,1889.9580186396613,470.28675638644256
19.116,2329.4062991974847,1889.9580186396613,486.80736843748855
19.116,2329.4062991974847,1889.9580186396613,486.80736843748855
19.138,2331.6090474709576,1886.6538962294521,474.69225293338815
19.138,2331.6090474709576,1886.6538962294521,474.69225293338815
19.157,2326.1021767872753,1888.856644502925,484.6046201640157
19.157,2326.1021767872753,1888.856644502925,484.6046201640157
19.178,2328.3049250607482,1887.7552703661886,474.69225293338815
19.178,2328.3049250607482,1887.7552703661886,474.69225293338815
19.199,2331.6090474709576,1888.856644502925,474.69225293338815
19.199,2331.6090474709576,1888.856644502925,474.69225293338815
19.221,2330.507673334221,1883.349773819243,482.4018718905429
19.221,2330.507673334221,1883.349773819243,482.4018718905429
19.221,2334.9131698811666,1889.9580186396613,474.69225293338815
19.221,2334.9131698811666,1889.9580186396613,474.69225293338815
19.241,2337.1159181546395,1894.363515186607,476.8950012068609
19.241,2337.1159181546395,1894.363515186607,476.8950012068609
19.263,2328.3049250607482,1894.363515186607,474.69225293338815
19.263,2328.3049250607482,1894.363515186607,474.69225293338815
19.283,2330.507673334221,1887.7552703661886,481.30049775380655
19.283,2330.507673334221,1887.7552703661886,481.30049775380655
19.303,2336.014544017903,1889.9580186396613,486.80736843748855
19.303,2336.014544017903,1889.9580186396613,486.80736843748855
19.323,2331.6090474709576,1894.363515186607,477.9963753435973
19.323,2331.6090474709576,1894.363515186607,477.9963753435973
19.343,2331.6090474709576,1887.7552703661886,468.08400811296974
19.343,2331.6090474709576,1887.7552703661886,468.08400811296974
19.363,2331.6090474709576,1880.0456514090338,473.59087879665174
19.363,2331.6090474709576,1880.0456514090338,473.59087879665174
19.383,2333.81179574443,1885.5525220927157,473.59087879665174
19.384,2333.81179574443,1885.5525220927157,473.59087879665174
19.384,2322.7980543770664,1899.870385870289,468.08400811296974
19.384,2322.7980543770664,1899.870385870289,468.08400811296974
19.404,2339.3186664281125,1884.4511479559794,472.4895046599153
19.404,2339.3186664281125,1884.4511479559794,472.4895046599153
19.424,2341.521414701585,1880.0456514090338,483.5032460272793
19.424,2341.521414701585,1880.0456514090338,483.5032460272793
19.444,2327.203550924012,1884.4511479559794,470.28675638644256
19.444,2327.203550924012,1884.4511479559794,470.28675638644256
19.465,2323.899428513803,1882.2483996825065,482.4018718905429
19.465,2323.899428513803,1882.2483996825065,482.4018718905429
19.487,2323.899428513803,1881.1470255457702,481.30049775380655
19.487,2323.899428513803,1881.1470255457702,481.30049775380655
19.506,2333.81179574443,1896.5662634600797,472.4895046599153
19.506,2333.81179574443,1896.5662634600797,472.4895046599153
19.527,2327.203550924012,1878.9442772722973,480.19912361707014
19.527,2327.203550924012,1878.9442772722973,480.19912361707014
19.548,2328.3049250607482,1886.6538962294521,477.9963753435973
19.548,2328.3049250607482,1886.6538962294521,477.9963753435973
19.548,2333.81179574443,1877.8429031355608,477.9963753435973
19.548,2333.81179574443,1877.8429031355608,477.9963753435973
19.57,2343.724162975058,1893.2621410498705,477.9963753435973
19.57,2343.724162975058,1893.2621410498705,477.9963753435973
19.591,2334.9131698811666,1884.4511479559794,472.4895046599153
19.591,2334.9131698811666,1884.4511479559794,472.4895046599153
19.611,2330.507673334221,1880.0456514090338,482.4018718905429
19.611,2330.507673334221,1880.0456514090338,482.4018718905429
19.631,2336.014544017903,1882.2483996825065,489.0101167109613
19.632,2336.014544017903,1882.2483996825065,489.0101167109613
19.652,2330.507673334221,1885.5525220927157,487.9087425742249
19.652,2330.507673334221,1885.5525220927157,487.9087425742249
19.673,2343.724162975058,1884.4511479559794,482.4018718905429
19.673,2343.724162975058,1884.4511479559794,482.4018718905429
19.689,2332.710421607694,1885.5525220927157,471.3881305231789
19.689,2332.710421607694,1885.5525220927157,471.3881305231789
19.71,2328.3049250607482,1895.4648893233434,475.79362707012456
19.71,2328.3049250607482,1895.4648893233434,475.79362707012456
19.71,2325.0008026505393,1884.4511479559794,480.19912361707014
19.71,2325.0008026505393,1884.4511479559794,480.19912361707014
19.732,2328.3049250607482,1897.6676375968161,473.59087879665174
19.732,2320.5953061035934,1894.363515186607,483.5032460272793
19.752,2328.3049250607482,1897.6676375968161,473.59087879665174
19.752,2320.5953061035934,1894.363515186607,483.5032460272793
19.772,2328.3049250607482,1882.2483996825065,475.79362707012456
19.772,2328.3049250607482,1882.2483996825065,475.79362707012456
19.794,2331.6090474709576,1887.7552703661886,477.9963753435973
19.795,2331.6090474709576,1887.7552703661886,477.9963753435973
19.814,2327.203550924012,1893.2621410498705,476.8950012068609
19.815,2327.203550924012,1893.2621410498705,476.8950012068609
19.838,2323.899428513803,1888.856644502925,466.98263397623333
19.838,2323.899428513803,1888.856644502925,466.98263397623333
19.857,2333.81179574443,1894.363515186607,479.09774948033373
19.857,2333.81179574443,1894.363515186607,479.09774948033373
19.898,2334.9131698811666,1889.9580186396613,497.82110980485254
19.898,2334.9131698811666,1889.9580186396613,497.82110980485254
19.898,2337.1159181546395,1888.856644502925,469.18538224970615
19.898,2337.1159181546395,1888.856644502925,469.18538224970615
19.898,2333.81179574443,1891.0593927763978,475.79362707012456
19.899,2333.81179574443,1891.0593927763978,475.79362707012456
19.919,2330.507673334221,1884.4511479559794,482.4018718905429
19.919,2330.507673334221,1884.4511479559794,482.4018718905429
