Time,W,X,Y
0.008,2411.5900805043484,1713.0685657989802,506.5702529914705
0.008,2252.8723334284873,1811.4337830251586,497.6155532438141
0.031,2111.5073526344177,1796.3262634872433,497.45839391058274
0.031,2251.797321902383,2054.5268805262144,439.8838665817794
0.032,2197.120574867415,1552.2755809908135,471.3503443151294
0.032,2453.8759637501385,1588.723592539167,523.7950427118533
0.058,2495.1922709863,1949.729223243532,506.0837488807333
0.058,2161.921452416734,1816.6408322563652,472.21786895397224
0.085,2603.7784520335545,1807.7279083720093,463.25151087121816
0.085,2329.860645365527,1829.8549758666306,530.3265172196711
0.085,2336.0010319296207,1731.697041146731,422.3752738139194
0.113,1849.0880116272992,1764.5661967765288,483.7609889582805
0.113,2200.984547249223,1809.0541771320359,442.37413755948774
0.14,2320.345096255911,1685.569034609257,496.8154111732022
0.14,2474.6153859366536,1778.2947793525711,423.6862947337903
0.14,2043.1716887963835,1719.361751662277,528.5996075478963
0.167,2057.3886955714866,1815.6824519257668,482.2486807718673
0.168,2290.2688243088146,2073.931885917389,488.60108010383743
0.194,2443.42168326961,1868.1500521168819,453.9445673175637
0.194,2205.33241063772,1957.2580208928193,435.14161293725465
0.194,2128.2786361591516,1560.3643270727716,468.2549249109853
0.194,2396.4763723426204,2022.809385878777,476.6792886886668
0.219,2479.93911351162,1648.8072948144345,529.0032663458566
0.246,2153.6991900444646,2035.0151901126671,439.19987294233437
0.246,2217.1580085390233,2104.8796540415765,477.4384267590008
0.247,2116.5991235205647,1759.2774615714866,464.1175855852805
0.247,2285.8119432872736,1672.3578567315499,474.784599894533
0.276,2247.84754503949,2004.676246531595,494.9353340579035
0.303,2434.3735924878442,1864.5940432542593,391.0803505885226
0.303,2100.1653849405984,1955.7495805987978,474.047612001682
0.303,2394.0648085703488,1816.1277519781454,403.0170557950094
0.303,2109.1653467891506,1585.4756395345107,461.8790574089881
0.33,2245.2589386453838,2102.400626891164,481.4774983866149
0.33,2264.360507821214,1839.607795699153,495.99693245182397
0.357,2254.6796804625205,1892.5584642368437,498.27051189600644
0.357,2352.314507272916,1981.0624462875328,521.5593159196598
0.357,2547.5479495218297,1951.7231613420815,447.0464467402077
0.357,2456.2005475845563,1938.6607014574402,424.95369264483963
0.386,2096.4353616853305,2056.3054558613153,444.29473411164304
0.386,2198.9059600207083,2116.5537340253522,472.5851222009395
0.414,2034.7337437771073,1754.7287834453784,438.71577257405863
0.415,2233.728851437075,1890.218085413106,431.3194031882887
0.416,2561.5868849013677,1686.9074434611628,412.78503961355113
0.416,2301.9349802854067,1909.1771771844838,465.1288571765586
0.442,2146.890279802712,2071.581961138307,459.2757720223152
0.442,2532.9710201028347,1668.59175861533,523.583130601121
0.47,2216.682748741539,1835.1823682605318,429.0874563794076
0.47,2322.2001148420522,1821.017704539209,524.499271099222
0.471,2055.810864568296,1766.8881784392534,483.5672835418452
0.471,2370.0891755589396,1994.9332516348488,448.19820989636173
0.498,2210.341114941335,1892.3194655908537,502.83631804137605
0.498,2114.058469264979,1806.4808651465191,498.3222907513056
0.526,2149.6326534119903,2135.7563355469874,502.68555233293534
0.526,2295.2673043420205,1845.329068804101,493.4232371320874
0.526,2318.724654745572,1890.445303810865,489.7783139323869
0.526,2334.801490785679,1989.1656909906844,446.47308953066107
0.555,2470.7078588583327,1881.6238631907847,500.85988015727304
0.555,2319.677509771979,1568.7889386347545,477.2866762658905
0.582,2429.1128861608063,2031.2196029911215,461.0596032098101
0.582,2441.2028542375656,1910.320187329491,417.4984419090244
0.61,1894.769670430814,1816.4718843638445,381.35798807856736
0.61,2308.7543635715406,1937.8521234214588,446.5904302534157
0.61,2471.975905288176,1745.905190923281,471.6843538186161
0.611,2224.3883077725086,1846.559797954339,464.7959809972632
0.638,2540.695798277642,1775.5254306779525,470.43051679348434
0.638,2153.241013460883,1907.0776355138312,471.65642172116975
0.639,2227.8525291785527,1743.4170369832032,499.2265264952529
0.639,2437.0118740886796,1936.4156754436754,486.3549389768718
0.665,2247.621977020835,1864.7238223510205,494.4771593169203
0.665,2183.8455294313167,1925.5620802046872,433.5646986665307
0.693,2224.1091936909515,1858.2425518336438,449.8222687526714
0.693,2204.7617808043783,1661.3141849747742,485.88247041708195
0.693,2191.300848459052,1863.7109625783617,457.7525411802497
0.693,2238.9563146787495,1770.0646563393875,398.58497276337243
0.72,2340.2932362039382,1876.5058776487122,464.36167726972525
0.72,2332.768632177133,1982.324097510916,441.3816953470647
0.747,2309.516132028711,2039.5513262577442,499.9111598170628
0.747,2530.1086985348584,1667.5436124836501,442.58324835234646
0.748,2374.0894207000524,1735.4717998464978,436.52573016757015
0.748,2425.838953365736,1810.0579396036542,421.3008857101409
0.775,2244.003551055433,1875.1253156807247,443.05424637222893
0.775,2116.1764761951144,2129.0510492687263,468.06311525678257
0.809,2124.886302807001,1924.8209022792316,435.7769672992236
0.809,2080.7439905841093,2038.5719794666647,463.05534207742187
0.829,2005.4090338938313,1877.317150752279,484.76965683132835
0.829,2193.9322030713847,1766.6745574944919,506.95508436842186
0.829,2302.4126048888174,1797.4545162038444,463.17750970630277
0.83,2180.0390818012543,1914.4207649275745,433.0410935815993
0.85,2578.9701951985458,1862.2818565759264,391.62712968593047
0.871,2152.1279532872913,1869.2051937731446,479.9672857496571
0.872,2327.5124310170963,1731.0719332140482,469.50563539096987
0.89,2298.640084255502,1859.1024788876457,507.4601878828766
0.891,2465.842444258868,1781.1492158463761,483.3347571258762
0.891,2389.3485065089776,1883.39392873161,505.87683041821754
0.891,2387.387090909457,1791.9140262981953,531.5437861488232
0.911,2392.578884574425,1987.319970946896,468.265619345873
0.911,2396.6524878395353,2093.250038773362,487.61288768767815
0.932,2417.3736672862315,1811.1751524713566,523.7855295335835
0.932,2318.8753926201816,1879.267064750688,439.9840154634762
0.953,2097.899224835355,1685.7228217591316,497.2419942429465
0.953,2101.2857741252988,1849.4211983494463,496.75555464379755
0.975,2389.3177626449315,1801.4897353981526,502.75364022026776
0.975,2081.2898261261207,1942.3358751116778,490.08851397816284
0.996,2373.1036699255187,1842.7185639073732,439.1219044460879
0.996,2412.4699601790917,1679.3089464150669,476.99620323696087
1.018,2228.936901505906,2023.535690588172,498.1761250730605
1.018,1985.554736432748,1815.450292293814,419.3037148741433
1.038,2463.260533899463,2031.9750296478628,435.6313323555014
1.038,2466.2721422236405,1735.0248745460683,529.5285470149191
1.058,2430.021905101214,2015.934548089247,388.46782906843316
1.058,2280.7509515739735,1690.0286691951371,496.7201880133379
1.059,2014.521510526514,1933.4758920044437,459.5168714192612
1.059,2293.67401022348,1804.958887786488,471.17551734293204
1.08,2341.9945655531355,1676.8411637181916,518.0794765860538
1.08,2729.0638905433716,1892.9201909321407,509.6171353811511
1.101,2394.446743586048,1864.5835393547795,535.1266910182658
1.101,2297.268790019038,2082.7443536625574,428.6436125904032
1.122,2205.324175310384,1816.8309178369252,500.4021997304398
1.122,2383.648606534565,2096.5704668042517,506.63149976807887
1.145,2227.136446950825,1904.6061385752416,485.52429032216077
1.145,2293.728534071604,1799.0408050651442,488.4003019209119
1.164,1889.9402761767483,2019.8710684603586,527.2572509513113
1.164,2190.4223651712978,1956.4944676075831,492.04058159646274
1.185,2285.1619048606867,2077.236481647542,472.28004052140363
1.185,2460.6430058283227,1852.9920251240378,435.67313089448726
1.205,2288.6314901567225,1851.184667402384,449.0413352654922
1.205,2233.0645960775164,1645.0400640820396,445.3552731887557
1.228,2261.9965193296944,1695.8886914299562,507.5427839842874
1.228,2511.5435284627515,1791.4860481299354,419.4567838008385
1.229,2346.1521684255395,1628.3913984113915,457.0894827950866
1.229,2522.186254597231,1772.4024092945542,503.8845864562372
1.247,2463.3760104954195,1751.3304102252619,479.2495350056887
1.247,2152.150786917958,1780.812033579878,543.0665950035033
1.268,2428.4285724779215,1621.83796422798,483.6714379315124
1.268,2574.396881901053,1792.9891577185874,522.7249296174449
1.289,2041.4650887959272,1794.4993302064122,452.3018500604054
1.289,2471.1730699886407,1728.963029993773,454.67645620176086
1.332,2523.1773475874925,1683.7462917748485,410.89055448100595
1.332,2288.6555771748535,1916.6516074997917,500.3433688681153
1.332,2258.494090981743,1637.9954089198986,499.8598391952223
1.333,2169.599264531368,1839.1189909717518,442.32985382757346
1.354,2090.5661140111824,2011.927738496209,424.7730577110468
1.354,2325.2418568265416,1880.5680323896897,477.54310626835485
1.372,2147.7540472041082,1690.8859459888888,456.5901217663892
1.372,2452.3478975220346,1896.6748927709655,420.0564244978906
1.393,2277.264536281805,2039.0164837457862,462.7705854525332
1.394,1877.31772329593,1875.5140877549609,472.2866711816625
1.394,2158.94871245553,1804.9618918163644,482.00255453073015
1.394,2281.0015521220507,1829.901846976559,471.66332841038326
1.415,2421.215857949101,1846.6838605201817,460.5809094284795
1.415,2125.409875787705,1957.6326850309467,474.60391244028347
1.435,2061.6638200577577,1890.6111020372493,397.4616333024629
1.435,2149.224474507157,1609.1967988751176,484.71902922304497
1.457,2401.51416790483,1659.5109615679112,498.6376627904177
1.457,2413.480429293597,1879.748796711236,484.1486855725669
1.479,2537.7495665026568,1682.9347182200943,427.14292467229404
1.479,2612.7678399468,1838.3112120200983,474.31462862187396
1.502,2217.063311711464,1792.1218447796978,455.2634328316465
1.502,2236.2360107774057,1825.689318164859,503.53282726293884
1.522,2326.421275533164,1601.597717690772,439.7833914562346
1.522,2354.756052174393,2058.773649878106,399.58728727893526
1.542,2182.284846803509,1719.217026993229,454.75062375069615
1.543,2636.1411233608123,2045.2467552723654,439.754735377088
1.563,2652.7172682021574,1995.9764497383094,492.3755007370049
1.563,2250.415434768645,1889.0713272334742,462.3073911892795
1.563,2413.6122367995126,1766.3037861695186,450.38615136624765
1.563,2140.5465823662817,2135.0652473694545,467.2805620758539
1.584,2499.8878983515465,1873.964337360493,454.6574434283273
1.584,2057.8387090382353,1820.926585750391,454.637380477189
1.605,2207.6413758838635,1728.2216069332867,467.25710888566454
1.605,2672.9959903052522,1911.0681765978304,477.77877290012094
1.627,2454.751427373486,1816.3434125255405,421.60588792124054
1.627,2331.0903393847693,1705.7936299957648,427.12395067580354
1.647,2626.863324529579,1763.7880896085148,450.13354649465583
1.647,2041.099345472563,1937.661430972394,415.80148372780127
1.668,2236.596593904883,1906.9519480090112,499.7358837193654
1.668,2175.96288887783,2104.277111510405,476.00839034322854
1.691,2400.163186746181,1742.6885900397556,460.22450869872375
1.691,2226.797082530228,1725.8877614118396,514.4004122589139
1.711,2348.429479232185,2080.123473048503,458.312180566066
1.711,2270.9791606197673,1814.2970779163693,526.7689793291431
1.731,2367.248520970172,1831.621768292906,470.95760907837575
1.731,2247.790792600661,1923.9816239378401,458.70889498828865
1.732,2249.8031246316755,1839.1372183937913,493.7245938881158
1.732,2408.4780520934955,1816.540013202097,424.0758773858332
1.752,2377.723238530056,1913.1587111978376,404.20571213879526
1.752,2184.3058851310034,1816.2346381995408,525.7295237901578
1.772,2184.1073149905296,1840.3440396065866,401.61528222011526
1.772,2517.3463218603274,1812.2166086793236,505.6865342639222
1.794,2594.1199266166786,1959.6374149966687,522.9510005255883
1.794,2273.8747845409966,1982.5096349062464,466.79303155523303
1.815,2546.1553023612373,1874.1281147695124,464.8758381588277
1.815,2037.0223404213652,1740.4624850305713,431.22777853343115
1.837,2248.2898038763096,1908.3341715799304,422.61321882575464
1.837,2395.1633107716075,1688.6620654043927,416.258445070275
1.859,2242.727174779469,1864.600095985871,481.81125027599865
1.859,2425.0821351750737,1794.9312752374901,492.91864186051663
1.88,2366.766933464276,2016.306790073399,449.05287189339145
1.88,2348.9757487122574,1979.622210966037,423.8838124712182
1.899,2358.7978523229117,1944.5435146047819,466.8146492869728
1.899,2694.0905421253015,2096.29542987,424.3190902141863
1.9,2148.9239089077973,1907.9158257884449,464.0092699994142
1.9,2288.198784912439,1943.5434552837717,461.92736105833654
1.921,2331.997251035483,1886.828219480486,424.93315224532495
1.921,2358.7265957126338,1833.5856081081126,571.7451830960719
1.941,2257.754189541127,2041.29361555303,482.10647432024393
1.941,2422.546891892509,1808.2375120505656,466.0345075251979
1.962,2348.2261229287546,1772.343739676524,451.8879077325738
1.962,2377.007516450858,1942.867568381277,488.5443731593711
2.004,2435.4057829826565,1949.3575554398533,533.9176286099042
2.005,2189.404962995463,1797.3453312846884,503.9636738268748
2.005,2361.678225349552,1747.3880159720638,487.9177733750874
2.005,2227.835264001682,2044.9913946682477,485.0901875973762
2.025,2055.096350833729,1751.8682089924948,457.04027876904144
2.025,1980.8761530629783,1719.610200238438,496.80593029605444
2.045,2198.4078640840594,2054.217146457615,428.9417584633457
2.045,2333.447223409515,1753.7892065887713,508.6120021957464
2.066,2427.5589830149124,1978.2739183733504,409.54195456563775
2.066,2597.7630471921693,2036.0340423479454,512.2742699268488
2.066,2208.4747140174195,1971.1526885312292,466.8986234048815
2.066,2420.8367880451265,1910.8003994703226,491.4600491576126
2.087,2232.5588852106866,1896.1858118584723,443.18513669068153
2.087,2708.2439895878097,1933.0038097496292,439.24906269086927
2.107,2371.078961283517,1850.6850352944439,446.15213870624433
2.107,2441.490961039688,1886.0409534170244,473.6187384750461
2.128,2318.928976706393,1795.2270803791166,457.1302837158712
2.129,2359.275343521056,1785.1141637668024,485.19011408403827
2.15,2081.6886578085955,1873.3833384582654,469.63307374280197
2.15,2550.6742454860387,1656.2093285201859,449.99731408738836
2.171,2135.1520935249637,1810.535693555349,427.19589250798765
2.171,2453.765805094722,1888.633098361831,461.6375317342166
2.192,2249.6984222149194,2077.424944356415,501.9453035703201
2.192,2348.583455086909,1811.345665295743,464.8547805020718
2.216,2301.916541903783,1808.427379398306,401.62864011708155
2.216,2480.3421150619024,1959.1785203062443,545.6227064815539
2.234,2410.3802917902335,1884.9831824088196,506.3715807835522
2.234,2111.0757012089452,1835.3596499005619,486.14603570522826
2.234,2257.2556829129435,1780.3197873942222,516.9737869684252
2.234,2195.4493043637317,1861.055866932229,461.4679464602759
2.255,2332.1540278056373,1898.308715617452,446.734767357927
2.255,2390.3076725996953,1457.3452103160162,509.89799775933096
2.276,1884.1631498211964,1705.096336231583,526.6169993064955
2.276,2355.8528252650867,1903.056823986421,416.3448373086099
2.299,2154.1200898988304,1948.171113086332,443.3602846098159
2.299,2100.1968924475473,1925.9902176704202,454.26222701172765
2.322,2439.055863376814,1792.2176949151522,427.5845028292842
2.322,2316.4893509075678,1905.927264107355,501.9472337319646
2.342,2071.98061506527,1868.7658091609167,454.1023560532844
2.342,2090.3931962874335,2000.44575328539,430.91445981682784
2.385,2571.0571283814593,1914.3256461774677,457.94820693870895
2.385,2387.963454961025,1823.1150686274577,457.64063020020717
2.385,2416.1717583719624,2069.5587364518037,488.7736025887883
2.385,2490.2794272999586,1938.8699211812007,500.24375012307405
2.406,2100.823202913253,1727.9690754713545,469.81797751251764
2.406,2298.4500402294525,1839.004092087879,523.5031287043114
2.406,2603.3323993875606,1638.8218122600847,455.5885867967118
2.406,2105.398553698478,1996.9739333978528,494.48231806347485
2.426,2430.661855069342,1856.4401050509598,456.4636638819125
2.426,2258.3633195930506,2039.4906759708965,511.5457937939288
2.447,2404.347742580465,1747.603072429973,427.23999196912655
2.447,2171.1918571686633,2056.334532378622,521.9927247592307
2.468,2282.873984429466,1939.8640134800385,525.5697794957747
2.469,2425.4774002494887,1920.397494090464,455.3953736443324
2.489,2451.3690183896497,1821.9531913245928,473.12636843154075
2.489,2596.981002880084,1943.0449406359087,511.3294240364514
2.511,2245.47908913894,1840.8921352714126,486.39471781201644
2.511,2382.701761380011,1828.5938513945323,409.78377921546655
2.532,2114.176847799172,1881.7427127425062,468.550448972444
2.532,2256.293655633199,1969.616164162466,513.0721557340577
2.553,2115.9206461906797,1895.750239600862,493.89007389387456
2.553,2450.280913314148,1911.5340813447715,470.12267100094346
2.573,1913.283155429398,1913.9408530002058,493.55248787699855
2.573,2247.5189651683236,1949.249176858541,461.0306203669829
2.575,2371.8913194245647,1902.6169483592405,557.7170137439457
2.575,2185.558001955875,1890.15878432034,472.80295109096744
2.592,2253.0544880912676,1735.0238118956418,445.11983962007525
2.592,2123.328475153867,1780.2325082351879,413.3071844177152
2.614,2011.4202257792,1814.3226024245187,457.1395487169498
2.614,2321.7532905289245,1994.9139367632263,506.33668505016055
2.636,2106.833142001567,1688.916932420437,451.603828877762
2.636,2038.1999085037937,1817.604284612151,483.9943703382298
2.655,2566.15928029337,1870.9932298793933,506.6469437580745
2.655,2078.6635992382517,1955.7731369015564,479.9177890516647
2.676,2179.82496085238,1895.435551921876,427.2782952045794
2.676,2355.4411064160468,1899.6204241035398,459.8265764965705
2.696,2330.832789636686,1850.8425055772302,472.33839832176676
2.696,2362.4114326122753,1868.6654166745518,507.3830501614646
2.718,2311.2877078930665,1820.4177986437603,529.2802646900777
2.718,2563.4418857386254,1817.9281805815472,464.4058454156286
2.738,2078.2952642628948,1974.5552200549746,473.51443969980085
2.738,2375.636565415757,1687.4215118600343,467.2674978777194
2.738,2856.654656624487,1863.3454797012132,500.1236850547537
2.738,2675.733953458248,1689.7099601615819,434.1869502438903
2.759,2354.025269217938,2065.4969441794037,490.4299605856041
2.759,1978.9680442262515,1874.2473511910332,407.152346703893
2.78,2475.622155222631,1828.6685545698,492.3309343133253
2.78,2373.986966514846,1776.3819761657244,484.5459909455546
2.801,2103.379705417255,1951.0063522036926,463.92633951476364
2.801,2559.135256652702,1905.8172880021984,428.11216684738025
2.822,2311.22141473193,1685.6189914670085,487.8870914207666
2.822,2311.775434486534,1800.1623091866327,490.574787404274
2.842,2349.8542079615536,1922.8062633075742,432.69250004704156
2.842,2220.1600506165914,1858.4102395426046,480.23192932674584
2.863,2147.4112984634376,1721.155536612396,477.9026399829362
2.863,2521.0659365305055,1968.4594986434772,436.7007203163723
2.884,1975.9024033154226,1682.7081411318225,430.56920186879285
2.884,2469.4470791800586,1842.317816766706,398.0719475423555
2.904,2335.2657547762647,1897.9847392610295,452.82761719834605
2.905,2411.216094911209,1672.0386491453414,492.9575839045473
2.905,2172.6219930579878,1859.1282151205296,501.8869366264473
2.905,2325.941029855633,1664.226789303665,476.04320834339507
2.927,2266.0378438466882,1955.3959934737175,463.8377224399263
2.927,2416.7294193837306,1794.391581027818,428.85129583633733
2.949,2605.119899042001,1938.0193977479266,522.9619596580142
2.949,2412.687915914056,1812.0338582414374,501.75402677625834
2.969,2196.4775197056924,1849.1901213034828,377.2940094742258
2.969,2472.309318019855,1803.128118121791,424.841214888083
2.989,2368.096036329528,1632.0587021553984,481.46765973282635
2.989,2073.1168523866486,1824.7627784342833,459.64600666788215
3.01,2142.950741378007,1863.167999325676,455.6376662572455
3.01,2286.273343106613,1820.6318740195666,466.7025962154097
3.03,2113.0778008359453,1973.3048700141069,431.47704957870764
3.03,2316.149333620248,1888.8590467476638,467.4603510014512
3.051,2281.072407496294,1633.3970804114274,486.8981355305078
3.051,2175.0922506243887,1623.4901145397962,502.99941717153655
3.075,2477.1395367238774,1780.6388752755056,417.9792013215824
3.075,2225.1844092043316,2010.5990950002854,471.5619701416874
3.075,2238.9350635549254,1826.8780582123297,447.87612961778007
3.075,2597.7484912194627,1501.5535979805309,489.2279397614207
3.097,2524.6876854216566,2013.71483418378,503.27694111729625
3.097,2507.1106184395876,1900.4161325503176,476.1125015040313
3.117,2583.9560891572587,1889.954960679514,495.50105849626414
3.117,2292.73692187064,1976.9416182222053,478.5043038154535
3.139,2568.6764630894713,1784.6757531445708,442.0546526245358
3.139,2530.2894663121474,1764.215078314146,448.35308440024
3.16,2466.5242179272504,1894.7557483197143,392.3928099367746
3.16,2131.7312531520442,1714.281123592792,413.2774080829886
3.18,2444.2197106892672,1984.6128000112665,447.7692522979361
3.18,2510.2272104908784,1713.7962830377458,475.8218270655691
3.202,2434.642499349643,1896.056947846116,429.4844439353759
3.202,1944.5593301760255,1911.8869192526315,529.7382072226111
3.246,2232.468129367362,1821.7429703211035,484.3277902556375
3.246,2539.7044271635036,1957.1210690771477,515.056800726961
3.247,2450.6787949633654,1871.308102563696,482.95322097530664
3.247,2338.7672495503525,1772.7422093139214,499.85737376247135
3.247,2680.214740955511,2212.100287894844,474.4109849430875
3.247,2191.9722394396936,1649.035450613685,527.7863965757964
3.267,2558.664174029584,1864.8809701896917,455.2452840603703
3.267,2466.672559660893,1986.2989136383676,479.9776471789091
3.287,2422.1350134906875,1844.6294528038413,458.339302586651
3.287,2331.2654380508266,1850.4709050419726,493.0406272622779
3.307,2120.1588786842813,1929.2087156724788,418.8945973676362
3.308,2457.6119310938548,1892.9721143630866,471.0320594758081
3.328,2458.890367337276,1659.5821147862075,386.9126702699363
3.328,2256.6181605027527,1992.990212530756,514.32775635178
3.349,2122.5330635618925,1788.4354489806199,492.93041725144036
3.349,2340.065755535644,1894.9016148364367,467.5699296793094
3.37,2293.477233835581,1829.250548204952,453.1442497129787
3.37,2242.641366078797,1945.892591017208,519.2069545857371
3.39,2222.9315763083882,2083.412128526209,465.41852021097463
3.39,2500.638772796795,1936.8384767229902,514.38812719373
3.411,2191.7678381958085,1801.9620412419022,499.06002872199247
3.411,2429.9806845968164,1961.417578801982,462.85060155004476
3.412,2410.6821473678037,1942.0705688456069,471.76684020626067
3.412,2336.871202851442,1678.885481726782,511.7402459643202
3.433,2361.514040610108,2074.5270995286733,453.0182825892146
3.433,2344.438192698639,1939.8202099138782,448.184373787854
3.453,2134.345287712349,1943.8678193172923,490.01955829525355
3.453,2503.337183735202,2156.2824671971384,519.9862585816518
3.475,2184.9084390002995,1941.217838619851,431.7101429013792
3.475,2248.981513312611,1995.3770804020442,402.6736441059646
3.495,2148.9649469917113,1920.5068641723255,475.50023123535533
3.495,2488.0948645280405,1926.4024442104412,506.10899069328315
3.515,2365.6351093301278,1655.4010910195393,459.8020939375627
3.515,2338.0785537324837,2135.1051765999555,420.39845881639354
3.536,2272.361763849326,1838.0353042673762,531.1363566152646
3.536,2370.665445775723,1669.677157638785,535.7810189300284
3.558,2223.46418904576,1858.5552311279491,473.7080632150181
3.558,2738.779730850145,1908.994198228245,561.6180878874961
3.578,2356.2882691546006,1628.8096010456934,467.72317162521597
3.578,2128.845784104363,1817.2108885290668,432.30679016030757
3.578,2402.110262032663,1971.4479648199435,414.04601499981777
3.578,2703.6979384611077,1893.0548320179041,511.73166132562636
3.598,2172.5601027903017,1831.2739625048196,492.092560386774
3.599,2351.1502055214837,1989.2953589937008,408.3413115248224
3.62,2401.6706732679145,1860.0370638502027,493.035543044824
3.62,2068.4092727507527,1921.6918515797743,426.0255298775676
3.639,2189.544662552537,1799.6279639949219,465.33080309368444
3.639,2438.2621727745354,1978.3962547983854,475.551407829053
3.661,2440.0959807996933,1664.1617762282317,404.94348804793833
3.661,2471.546401927083,1930.3528336637667,430.44325322103305
3.681,2678.207328595932,1814.3409553681768,437.6000028468013
3.681,2418.128431499906,2094.467809714368,453.07993298242457
3.701,2296.7644474901117,1896.550650839389,507.49942409040773
3.701,2239.7147698205276,1742.6709723927036,418.93016536464927
3.724,2223.0165981296595,1722.0876635460047,424.25194909841355
3.724,2407.399488541371,1926.8816728674929,473.0325487232499
3.746,2317.714863168973,2088.7062343371235,427.0186106363025
3.746,2309.586106773048,1650.2524989962708,436.4068888702017
3.747,2009.5669739516468,1782.1216367337897,466.09232054958755
3.747,2196.1271167244317,1951.7108364519916,510.2110408596046
3.767,2445.4396665308936,1992.1797732434854,433.4582211254375
3.767,2445.580028239964,2100.4342199246776,503.54254951518647
3.787,2363.8031124917693,1993.7963143747963,385.11038988920905
3.787,2487.4513471859445,2169.6341262964224,479.4572994903451
3.807,2478.5246464077745,2030.0181445663243,487.02725620370256
3.807,2036.8106446645768,1875.2212845394522,518.5602435228197
3.828,2397.925169549909,1827.9752152917104,441.2729196742144
3.828,2398.5337233327223,1902.8964455926289,409.0797154814828
3.849,2060.71893128127,2025.4541957440456,529.4407889074374
3.85,2341.1082069546633,1777.4802448080106,456.07126692593954
3.87,2213.2248358301495,1560.420138001748,426.54260194152846
3.87,2324.1027353057916,1663.9155499289368,524.513069122548
3.892,2199.5914675052127,1805.0010101715993,488.4066576492739
3.892,2296.6008928937426,2002.3923999049355,448.0990270066404
3.916,2257.567860149982,2064.906629404828,456.4527963518909
3.916,2519.3748926885783,1856.9156259795059,497.00570148252825
3.917,2200.2041630677472,1806.6383168421507,427.9963902542085
3.917,2507.380327754687,1812.5337144504954,457.61472987980335
3.956,2437.7567882522435,1780.6423783170137,554.4889889579764
3.956,2159.692219208231,1898.639031720705,451.3599122776926
3.956,2260.571712283981,1891.490793745793,489.6577160475197
3.956,2143.6968100925633,1753.6170455493798,436.0688997320633
3.974,2312.4290784983423,1907.1075095488213,475.4871079859479
3.974,2092.8432279604995,1686.7840281820274,453.31580607242097
3.995,2100.6836468543133,1902.1982372693283,500.79191778508874
3.995,2183.6106349552397,1685.4155254227246,449.4390397845192
4.016,2330.1317864963485,1751.5458825585467,450.18081541764354
4.016,2179.459861515178,1808.847357075274,481.68642086184735
4.038,2378.6966158862997,1792.505654432408,422.9636091504631
4.038,2329.371354715857,1800.5461356562826,488.838400968241
4.059,2336.4345276933923,1946.2686909409254,446.1279918566424
4.059,2469.730146180577,1928.6473800105928,471.051706728875
4.078,2171.6416053349253,1827.0019857377774,487.4843771666568
4.079,2516.698256677628,1863.2203558953095,469.44794048620207
4.079,2597.446075323679,1785.2517335347657,442.491532138453
4.079,2156.222809589339,1640.2318682048233,447.5949793488312
4.1,2279.2843893828685,1962.351146517844,449.46147812857566
4.1,2104.62142905793,1757.3552317199144,417.02848831494555
4.12,2425.5797607728027,1969.560292155537,480.97170096547336
4.12,2475.0667463827076,1717.3870688973204,482.32572013149894
4.141,2095.206593910232,1907.793533919408,459.41740367408335
4.141,2252.3173200022184,1867.5912927718105,466.60262833609596
4.162,2232.70357639617,1867.687604496475,458.20136445287915
4.162,2461.32798510396,2157.2208561814828,445.7842664272635
4.183,2162.532496489539,1767.116816429116,471.04028062900284
4.183,2672.706097626927,2007.3981911376827,482.6429624821193
4.203,2248.64329742722,1943.7619332504394,443.4337917480415
4.203,2424.836936638946,1865.5383129790457,433.91260589965157
4.224,2394.7734348155927,1942.9308805931264,470.1336438434146
4.224,2341.517353653189,2063.5423433017436,454.8095623073009
4.245,2449.4451694799973,1887.5136549638626,381.563933148842
4.245,2244.2663160296793,1987.0590547141746,409.925248911615
4.245,2147.1583231468876,1924.71539730919,536.2626907599082
4.245,2190.8528973314883,1989.6965249428736,457.22127560520255
4.265,2051.116614469968,1811.1480472225808,478.042431885368
4.265,2385.35845493388,1726.2746947678886,480.65346337737066
4.286,2430.537671785388,1884.8622318534767,488.50323845222334
4.286,2108.8777480513286,1941.388655092947,426.43933207679794
4.308,2309.961989395468,1709.19640157548,496.3615017004043
4.308,2430.3620356509655,1918.0272531607925,532.4545162746025
4.328,1906.2144130812017,1501.661275522419,436.54467678835726
4.328,2177.7322767996216,1896.2452012657213,465.098095635747
4.351,2085.0486475321363,1616.1718263672526,525.9274313427075
4.351,2032.1539094318177,1920.755853899234,493.4536937906078
4.37,2396.394785432238,2056.7869551620074,454.40383315652724
4.37,2143.6208934467395,1698.5712381052817,473.0058271435867
4.391,2465.7730662957997,1796.5494492069674,464.10303511268876
4.391,2435.272601334311,1805.409336535919,488.16645486318623
4.412,2278.5629454575014,1818.8540316962878,398.8886291269729
4.412,2290.3088056173683,2166.388611433925,491.31431626150186
4.412,2500.674611202093,1770.8272831391882,524.1517269597199
4.412,2068.514361886038,1905.1275111730135,492.43950863724143
4.432,2172.9772197534226,1767.182034699585,437.6476427262968
4.432,2547.7394492717244,1941.4644776071614,452.46627600848507
4.454,2436.113169722237,1660.5056760359835,449.0004468172501
4.454,2167.322539328795,1668.0545413855139,452.00618031459044
4.475,2377.18976682508,1987.6403349550978,478.82838141019505
4.475,2343.4938258849024,1846.9035150386524,465.7784729633267
4.495,2307.6767555912306,1729.7284163538868,450.7803460472917
4.495,2101.668044911156,2029.5838431502038,479.8278309798683
4.517,2164.776478549162,1920.6275269617354,504.8656638246597
4.517,2132.8680814714476,2047.6511512547272,482.1172350543522
4.537,2466.48178362789,1826.3816725526551,486.25703854462444
4.537,2246.0701540710375,1876.1582922300447,477.4360838923251
4.557,2019.4987985218606,2020.4181291563964,484.20566846780923
4.557,2024.12702792017,1906.1161209911625,479.6800431974325
4.578,2082.5142447428098,1892.42066497266,392.3500330899293
4.578,2209.9020629227275,2076.347454255356,464.60278339861156
4.578,2105.469862910705,2184.241989575426,498.7497364599959
4.578,2425.872895889662,1952.253548927981,443.91268849110827
4.598,2358.52597556746,2040.1804575577492,421.8564107510974
4.598,2252.3046460068476,1975.5390150685607,541.2859764548738
4.62,2271.533561617021,1930.3162542990244,473.0019448197166
4.62,2300.5174908581434,2021.2542668056903,449.81235924518086
4.643,2503.142267491935,1748.3786935581038,428.58334180352824
4.643,2474.9009952974916,2045.9259780361235,372.8466480368626
4.662,2377.948648774026,2016.1764736814578,497.90890535192597
4.662,2366.6356667024315,1806.6368577277196,519.0071118659903
4.683,2215.285181358379,1778.2238361504496,452.9129460072302
4.683,2314.095352838375,1913.4934257260027,460.17016075031177
4.703,2227.8734662937245,1944.4825586336449,483.68709780229307
4.703,2509.970579459027,1781.9266634333112,485.8370545170362
4.723,2120.663266058825,1790.4792291864364,405.77709908524326
4.723,1972.4536353213152,1812.1961727525775,461.8579516519622
4.766,2226.5480711766822,2067.6751106025376,441.68089989062724
4.766,1911.249026265292,1647.011307861326,484.8428578005061
4.766,2504.6890227998256,1888.8895434515932,437.4153827890713
4.766,2345.83001740726,1695.7198061268318,411.60041167868866
4.767,2543.0024593567723,1939.1000810884552,451.9449741691758
4.767,2181.442155623997,1899.204032136862,412.0948957661412
4.785,2572.8728078510235,1845.1609413288315,474.77776336301037
4.785,2212.1653801531884,1845.4962529557106,468.475122742238
4.806,2228.1377237560205,1776.1644327862148,457.6213143959301
4.807,1941.7126011081677,1565.8459528509234,418.02504836356303
4.827,2044.6407178184002,1907.4129045490527,450.33522937812006
4.827,2437.607082582495,1738.2112558302674,494.45900942644647
4.848,2336.022084248677,1946.0203952120928,552.6578987869136
4.848,2311.4216323200208,1854.9666352406148,521.1542113530846
4.868,2408.8450243111597,1692.5209061245444,466.9701130238562
4.868,2535.7552739988155,1995.8904437226388,480.90434059455634
4.891,2287.6915574940317,1669.19840931934,423.4625228041481
4.891,1999.1561477578307,1805.3166635018526,483.66180189925603
4.911,2230.829481288152,1792.7148386893418,443.7072759607311
4.911,2433.1302211507514,1593.5316380570982,418.7514879034942
4.912,2279.3800309475123,1960.5259820836952,456.25199112571386
4.912,2531.4588783625704,2032.8773634571676,483.9152020023861
4.952,2216.588404660584,1894.3044791181608,506.0093989740389
4.952,2244.70552224893,1803.8589593875367,473.0782293217286
4.952,2208.566566496688,1873.4088402444845,436.0767815327439
4.954,2516.75897818949,1760.6450104573194,472.37216317287795
4.973,2198.9439960802297,1861.2617153393944,465.5067157568668
4.974,2374.246430540653,1901.2104323124813,464.632650851204
4.996,2528.841856310382,1773.6849618340323,415.04368540816813
4.996,2361.161706432478,2095.0694568880385,397.9081965390795
5.016,2360.5995917892246,2016.3783839040075,470.6474423474041
5.016,2310.383770076383,1643.0088396885826,472.81522994631194
5.037,2244.8041940842204,1667.7710391452101,457.36265479400566
5.037,2297.6844116056977,1733.422051612853,443.1546962657614
5.057,2495.4701914762145,2200.1643769721486,469.5763333931499
5.057,2241.2417765786045,2401.8843906257607,445.33454445056793
5.079,2513.065908083305,1608.4749817822421,458.83521304285534
5.079,2008.324192711239,2029.8690797310542,502.62994050890416
5.079,2279.180710826724,1746.7989649169238,527.5483559987196
5.079,2401.6737195913074,1671.9742511725801,483.02468447263414
5.099,2066.749464310011,1645.8572796107642,474.1786663131964
5.099,2338.8874433903925,2002.8741254320507,513.9717837479004
5.142,2589.7442946105107,1918.840248278329,422.63757269962866
5.142,2292.2738448836,1907.7290273178212,438.9995256927087
5.142,2169.0919337522355,1970.7917252803056,501.393315623866
5.143,2050.8890553388233,1877.3127476073066,481.29103360293806
5.162,2593.7244813732486,1838.7407737568503,418.4590104128751
5.162,2349.3815525742752,1845.7983607723222,495.0467800980854
5.183,2513.373509506661,2012.1046253270097,434.14543038950814
5.183,2146.565856516794,1752.0651768841242,420.99289459707416
5.204,2642.51677218393,1937.6926534828615,460.93847192768044
5.204,2423.317946437387,1829.4638169417458,433.5584371241933
5.225,2271.2127870061686,1929.2808525196285,480.70774934689194
5.225,2267.2297883581036,2022.269047857827,510.79958039923986
5.247,2011.496938251501,2017.4064957461346,507.46417299796695
5.247,2543.0797088882887,2048.0853754340715,494.9436737800151
5.247,2352.1091249131887,1944.6405395800846,517.0499650793125
5.248,2369.8961821586227,1986.8460442506682,427.7493540347934
5.266,2240.8385127755405,1602.3478931878744,473.75700367079185
5.266,2385.987910092895,1554.3887619384634,344.63595635773476
5.288,2303.1462426483117,1882.4020931111872,417.22097509348487
5.288,2466.472790667174,1798.5877726392632,411.2587494752516
5.308,2367.74697789295,1760.2737839921283,430.76275053545356
5.308,2286.044859168237,2162.880688234294,453.44514981782214
5.329,2332.0351902029606,1824.8742540368348,473.8963587649592
5.33,2323.7739456940576,1712.2295466022701,496.8092148261292
5.35,2353.203204398782,2058.9561503805553,461.1257295493772
5.35,1976.5968602686305,1869.408414459627,488.8737875616605
5.371,2299.594579592394,1489.8997376019945,492.52074012724165
5.371,2136.1709804609695,1650.9624746828667,480.59050617481887
5.393,2097.431004875402,1801.1119622488445,371.2107460874451
5.393,2197.2704135692547,1718.9420929873586,490.8851769950311
5.409,2232.541028667963,2074.76953828317,459.02941171877404
5.41,2455.100107379766,1788.2093254010247,453.5171698432259
5.41,2161.323229418275,1748.0603798588788,501.14910889908094
5.41,2349.1935198573015,1665.2708440567749,507.05628084414263
5.43,2179.199074174251,1719.8883444827359,491.0032483354531
5.43,2443.0930578725493,1820.5159062461535,485.1478653820891
5.453,2043.312982613695,1818.8861168018648,469.3891169770563
5.454,2189.7591184391467,1707.6357021717065,418.406720279901
5.473,2539.617247486353,2036.360910830581,477.7327525804389
5.473,2507.0411110664677,1526.0976798286379,473.5516924199587
5.494,2157.0050045548173,1687.1452626673145,421.1653452827138
5.495,2261.2713477311077,1820.355827160496,482.7091913534925
5.517,2425.3830630089965,1638.6141918176452,514.892902662981
5.517,2275.386633861224,1510.6273107955976,467.8528435159538
5.536,2317.789679433855,1765.3177475972723,479.61354805580856
5.536,2138.209108496731,1688.094835568473,438.8247912003426
5.557,2550.853700468128,1631.8997689450896,470.5720902592642
5.557,2593.7026519118954,1704.0166364173479,392.99118422689884
5.578,2225.9725888943626,1895.5670258117336,470.0778604641969
5.578,2225.506791704682,1741.3956799277473,480.1009521704545
5.578,2312.039419642243,1754.519621743217,469.5046009760133
5.578,2316.349067193684,1922.375606873997,390.1976723649406
5.6,2262.7019399221604,1646.6966363348808,509.5775652788932
5.6,2340.3511868231703,1587.6467414694841,513.3802332074113
5.621,2034.5811546632817,2027.9082989229512,470.6298629680302
5.621,2351.589192486296,1967.2936906178136,451.7048005265577
5.641,2444.056052990099,1431.7804100853111,500.21011355892443
5.641,2294.079411334321,1436.2356598547597,441.2104837708044
5.662,2287.1045179665316,1884.9398024466127,482.5523262918675
5.662,2247.6422816046006,1814.7386645581103,405.2200778562208
5.682,2440.94673669297,1720.7953588934347,509.03908150657753
5.682,2211.073603299029,1779.16390593108,458.4082782179166
5.704,2381.4641911516223,1906.8625383645015,482.76373419227434
5.704,2347.88738156688,2023.6675036658048,540.8272548608364
5.724,2076.5454371777714,1757.572420774858,533.3834210121975
5.724,2491.879069949103,1699.6455476546168,486.6352621249075
5.744,2350.6944277847515,2076.524832087133,495.9166802345503
5.744,2436.714494589537,1927.3399988958117,482.94446418712033
5.745,2309.146807923185,2264.2281527903824,401.31220488301733
5.745,2488.20098186484,2220.222230207785,458.15378249961486
5.765,2586.8070017632435,1740.760674677193,527.3972414572221
5.765,2475.2099670206035,1620.327830198153,423.4287525369334
5.806,2545.044721417348,1751.6262666859154,493.9119050210924
5.806,2469.0566837971714,1689.4378960640927,475.7391569158852
5.806,2051.746850015331,1667.7168699279605,446.159097065088
5.806,2103.8569341119264,1982.210883984793,455.0259404938481
5.827,2146.7259663974714,2011.3159943540886,491.7146846202898
5.827,2244.9159031468066,2299.42892037557,470.4774559222966
5.848,2272.5076432515607,1872.4720113310416,501.0843250277618
5.848,2095.6121353852764,1838.5536911189265,487.15248044856367
5.868,2423.4667897340346,1955.3411974029443,470.76458405299013
5.868,2454.329740187494,1798.5808108574033,551.7309098897573
5.889,2272.863028168759,1770.480876622937,543.7682078261257
5.889,2041.3302684254666,1788.9333157236733,522.4733883732455
5.909,2110.5417930302697,1641.9504340521685,501.5062235256448
5.909,2397.106581947429,1766.2310717263208,474.28243965086153
5.909,2471.984715597977,1553.256086724124,429.34623090465175
5.909,1968.9227171966186,1681.195321334397,542.0239789994072
5.93,2134.089488916194,1976.3598974568933,441.78376179609177
5.93,2828.3874367101917,1678.1619743905765,459.52711501320607
5.951,2577.6391332908374,1814.5492163805204,493.7965671731485
5.951,2438.1779586298194,1945.2067451967514,458.6905998732012
5.97,2292.9721535396156,1804.7878450171718,539.822228846847
5.97,2045.719599163991,1830.9941232047072,542.0318443998408
5.99,2277.433331180864,1754.1642391982834,536.9562702372459
5.991,2286.7514251707094,1754.6116514592175,477.29421052325
6.012,1976.9477269567124,1636.4780028065861,475.22648660332334
6.012,2525.923663711994,1557.650077840486,513.3006415682873
6.034,2116.608178546365,1615.9799424763,520.6742207399271
6.034,2541.140806964181,1954.306866024216,497.0152727631695
6.054,1904.00365217382,1584.0980200682686,475.159359037616
6.054,2365.4547427250386,1834.629961111163,518.365406129379
6.075,2569.4251327838147,1832.2669738460384,508.4256983326255
6.075,2020.0067747968785,1753.7044304829499,463.53602645533243
6.075,2196.828887288183,1671.451927675144,465.48502942159456
6.075,2259.881551382053,1589.4949408147475,473.40130074200874
6.096,2296.20826929434,1339.1545178260144,470.7911258628236
6.096,2324.9297822993094,1672.6784137263967,512.0206720506416
6.117,2049.107177517063,2328.720073670958,482.55649155328314
6.117,2198.5094616180295,2263.02579864317,505.2241850657343
6.138,2244.6418094808314,2012.168132054042,476.07728645788563
6.138,2474.7138357881618,1735.428403484341,503.8559066589679
6.158,2432.9850636741307,1855.3601663745867,441.589510276302
6.158,2272.2217806616345,1821.2241175163824,455.20120738726786
6.18,2426.658630333132,1704.7732430175777,483.1737321023486
6.18,2574.190297233142,1771.310021135276,475.19944974562503
6.201,2344.5504267079305,1753.4654811332643,423.70189327174126
6.201,2404.9654606470644,1945.2231908528634,533.0078148171227
6.223,2149.619703779873,1831.633496317691,488.4754238165284
6.223,2114.609339358474,1853.0408058453183,459.6347547935342
6.243,2284.89514304019,1954.3576426595155,518.9937063793537
6.244,2171.672084055447,1829.507517564662,457.6786009125701
6.244,2242.5133432808725,1592.7536224248438,508.6591523721014
6.244,2369.47950937077,1468.4090036152834,523.724795409833
6.264,2227.4342251978655,1780.6559526310562,498.29268246164037
6.264,2372.8224128922257,1812.9124841812047,480.9413864782635
6.284,2362.0847537000263,1675.5369888535977,422.65732486264704
6.284,1985.0435444293694,1542.0374028789122,445.4625702585303
6.308,2075.315529127512,1789.9888540148856,434.3593596809062
6.308,2187.015877776678,1981.9394718625244,433.41398295950773
6.326,2468.552177383543,1729.9327261745143,447.518795448937
6.326,2460.661738384413,1925.0021079229564,432.43791684966544
6.347,2117.62440824694,1778.6626890490647,469.9977661851349
6.347,2172.8174110822024,1880.5029369634665,454.71906341321096
6.368,2268.1627902039263,1665.2070863857573,504.1137033803481
6.368,2314.3021579005494,1610.7018547831433,503.28106527143893
6.388,2081.1061147425658,1456.6488833395892,502.3939388019386
6.388,2071.13260213616,1256.3726544874257,477.25458911234574
6.409,2386.464403983478,1852.555540467973,537.0010952923025
6.409,2269.240695996517,1987.7580934075488,501.414731214519
6.409,2244.7139301408924,1883.0717765730178,515.0907491620209
6.409,2367.0642755890226,1945.3841082814424,503.5945433938946
6.43,2313.0988833933893,1946.690015822392,494.20399015174445
6.43,2287.5745812577384,1885.8588160296492,403.92540661640675
6.472,2040.0552717694256,1597.9240679684337,540.5019043335473
6.472,2675.5746489777857,1612.670785023819,559.9413535059807
6.472,2036.0023952806573,1597.4886344675333,376.5680931371244
6.472,2200.5508093581607,1569.1093302406816,450.2478600660524
6.493,2466.4183984132933,2008.473551209787,480.51276350494345
6.493,2417.277545534852,1998.2106112962017,454.15336053827707
6.513,2349.9299926571184,1560.418420817997,503.88775596859836
6.513,2505.546886007605,1848.9097488560938,486.29521167381336
6.534,2178.390268730414,1799.794069143927,522.252805795728
6.534,2458.7455796587246,1930.902360784489,535.7263778999159
6.555,2421.6818053893194,1923.3616776483113,466.3288521191783
6.555,2258.6240477539777,1911.9943511727283,495.78519603550365
6.577,2440.351447649061,1797.9085599345592,475.1987390063739
6.577,2215.983715385696,1951.8134565677208,502.49828135658686
6.578,1986.7008779514929,1610.5719688126467,474.8102250184492
6.578,2453.994796970919,1410.0854600152165,457.4380556370128
6.597,2147.5205385365407,1920.0400076279855,405.3418820425048
6.597,2158.3510821768996,1896.4234779372703,456.3739202096265
6.617,2402.8512188892587,1832.6761523785115,533.5937420802433
6.617,2366.8637757273177,1988.1487228403153,487.2826983108507
6.637,2338.0371694054543,1758.3807866278373,492.0566048146443
6.638,2180.5999999961077,1540.7184715222102,474.7200877090729
6.659,2258.456397290722,1842.487262461037,566.5503023322117
6.659,2302.754189054624,1587.1049471970116,517.3493884800157
6.679,2313.73454637752,1917.3630326303526,459.0364763416926
6.679,2402.4669667299213,1511.8579327502193,485.5660342641227
6.702,2066.8815218402497,1701.6004565437531,426.7133177701953
6.702,2476.6455548830986,1855.1846848777427,451.53811089279765
6.72,2256.5524714581943,1932.842742073873,552.0667196080578
6.72,1969.8496187507935,1839.9095676711418,529.7141557389035
6.741,2548.4070976581497,1744.1155908055728,436.0402152964455
6.741,2163.732014601609,1724.966124197203,475.2773791122126
6.741,2121.816927142994,1901.0473400343442,485.4085942513582
6.741,2565.1749358436205,1886.1061639274337,529.9912920490525
6.764,2295.296770702204,1613.3555352192877,411.20294933341364
6.764,2097.4707295540334,1530.8381103773995,471.1345626490712
6.782,2251.488643749461,1726.9985597976577,520.4025734148107
6.783,2443.747989146128,2100.465458862119,543.9247832734642
6.804,2491.3377409806226,1877.704016278229,482.93221792738336
6.804,2392.2250210073894,1518.9667614147088,443.79482700961694
6.826,2162.9660310527506,2038.9699100602916,493.32269068484146
6.826,2561.4018835732336,1973.0991030201733,457.9523837658343
6.846,2313.5132787727184,1742.457697973357,477.36502772055053
6.846,2438.2786582915364,1879.3742585437378,460.67298265025147
6.866,2318.8586971973946,1832.8694823076285,421.6502437964827
6.866,2583.705970535245,1984.5721456379533,432.04962375969245
6.887,2493.7440962966903,1560.611537297264,462.60064653875435
6.887,2201.6986688836955,1878.5946254376088,487.82343823682646
6.907,2216.8870637323826,1688.5693732459342,431.8679521304061
6.907,2504.7263749525264,1934.323999483828,497.98659765935844
6.907,2596.0731976528336,1774.4828146360803,466.1389211641189
6.908,2227.219042349501,1795.055557003316,486.42256763028644
6.928,2131.1979556060587,1860.6355760433985,517.406533830804
6.928,1801.5230376706481,1696.751791378677,459.92715347328857
6.948,2112.4107974447365,1698.4085555645338,531.0097598792119
6.948,2323.4163055819276,1676.005061972386,514.8325484831358
6.968,2533.167175988092,1797.9335407526046,487.2941682040795
6.968,2420.2888909459534,1505.0547388126226,497.4988959650811
6.992,2536.21465291022,1889.1368140084824,505.47805844692925
6.992,2198.24650511747,1902.7495268462596,457.85123349497354
7.033,2183.922341004397,1719.8031766017168,430.32288034542364
7.033,2359.0307457674303,1654.1785738862245,450.42997549206774
7.033,2429.9118705954593,1701.1261612275414,502.7538548261065
7.033,2049.226822812561,1930.025474381166,560.446615867651
7.054,2290.5754484942936,1667.5046797759292,509.9788449579944
7.054,2038.3074461342544,1776.0587490099838,469.4341979941739
7.077,2260.1975517123255,1585.7145439251296,535.9327719096092
7.077,2400.9335734470333,1704.1373539254037,535.9381177938733
7.077,2531.825676901002,2040.7334669878865,462.22261661516427
7.077,2375.8124831766672,1796.3056198696017,471.05869610945905
7.097,2119.636445115202,1669.0036760814025,467.1942524718587
7.097,2406.689594759763,1911.79690808235,522.3636597149086
7.117,1985.0676101998083,1425.0203422199497,489.9752119245678
7.117,2286.9868611171037,1931.563881600616,498.3209209110952
7.137,2374.0785164887698,1651.9694246778483,455.31809954422647
7.138,2277.574834490613,1829.8897187440734,498.5814437969381
7.159,2269.584073313582,1493.520404273396,488.03851602923095
7.159,2079.193772147682,1898.2550961227948,520.7641016316475
7.179,2329.8728288826655,1863.0801783147263,490.90142932565044
7.179,2381.3631193050696,1655.6177604180086,494.77244161515864
7.201,2286.5485216687007,1796.4887155944732,485.78083849660504
7.201,2187.43565056264,1848.7302458890563,410.34378933469685
7.223,2455.8500395644755,1467.5451411421695,524.2263116993956
7.223,2361.4881600840254,1580.2576823364157,479.16862792810286
7.243,2500.6257806083613,2072.506518931811,501.33703925457246
7.243,2208.4822551287543,1707.6238744557786,532.0875925017057
7.243,2134.6463491355444,1944.7858064481095,541.6435044632434
7.243,2405.6996408140226,1746.279297954056,496.4197940953304
7.264,2153.519227117644,1691.7958087821287,495.13675121757194
7.264,2384.804384576968,1703.5999455775113,500.87965294869264
7.285,2055.050119884909,1800.1594977902262,501.12999794231825
7.285,2227.2250819854544,1885.4812228537285,482.1975235807482
7.306,2027.944542885293,1895.1537522160108,515.1454514450082
7.306,2281.605641357577,1937.246954824064,529.92767816844
7.322,2370.9592635271506,1803.4716282759198,547.1113400890962
7.323,2302.2380519673757,1911.4358473572645,410.2038469162887
7.344,2150.9394967793105,1604.3081991921208,474.2186479527233
7.344,2301.018930744757,1862.5935068604729,481.82499055887394
7.364,1973.8576872853407,2124.8971865496096,480.29277686185014
7.364,2354.8128600288705,1825.7138487692844,500.5810106576485
7.386,2323.4558031030324,1725.6616974042686,426.91849170131184
7.386,2386.598908436018,1682.2411842626227,500.890344290214
7.406,2445.5355809641324,1804.077010977012,459.50383804034396
7.406,2037.9857232915142,1575.1592306558887,453.16589842442744
7.407,2311.1954997217495,1587.5857429632183,496.79506353761707
7.407,2123.078734072762,1778.763603143577,501.9992952322594
7.428,2137.413792867511,1904.3970270223087,466.4637665191581
7.428,2341.8941155746925,1902.5362008260222,479.05538648254446
7.449,2449.372990233149,1755.044304856351,478.0501473638588
7.449,2277.905544677282,1756.075392839574,477.558726280094
7.468,2441.8356702417423,1713.449917825743,494.4295735478569
7.468,2083.291806054001,1861.8657770732075,436.7613091012397
7.489,2366.574051260719,1833.7603510231227,516.0202151913124
7.489,2306.8270520453834,1924.8523905550558,455.819184692956
7.509,2393.6441752168557,1693.8889165483884,469.7224024587917
7.509,2297.5763975219725,1693.160195747629,505.4668386018371
7.53,2460.3582682568735,1866.8956499376152,567.412008328449
7.53,2280.3192627240605,2013.3359853372551,483.2912502491272
7.552,2346.7854838936355,1722.0120115133998,460.90734500159476
7.552,2225.002882382501,1846.8855487852743,465.80171867154576
7.573,2456.351265398678,1607.1022007524648,491.3193740995839
7.573,2357.8214024411195,1683.39583177036,513.2778578641905
7.573,2482.352755159897,1738.0595943021133,543.1942007140472
7.573,2162.4552204480997,1927.774972411475,415.3514006871229
7.595,2478.5981227124507,1722.202000645173,540.9414327215407
7.595,2413.9415740022523,1666.7323765877227,457.04539650598497
7.615,2254.944366498196,1814.6130062130376,455.37305890282397
7.615,2214.725762294343,1475.5428225114733,458.3374562558835
7.637,2200.3621060165065,1819.9412735482354,435.217099930366
7.637,2174.440157163586,1862.4516605593892,467.2892749900657
7.658,2475.4313675950543,1717.1854883153974,530.5622792735974
7.658,2340.316308993339,1851.6618276910688,519.8935827224386
7.678,2331.8880177574165,1952.087117100419,472.68300754674516
7.678,2350.2602486582796,1827.7116200267199,446.547094396641
7.701,2233.5054274548024,2087.9687378765348,488.4782689763725
7.701,2578.5653796114466,2030.5647325724622,479.46033611939606
7.722,2518.214142132002,1634.3166861012228,522.4437742286265
7.722,2370.2490188349548,1668.3507379249697,505.1433236759249
7.743,2285.132570945846,1771.8097112446117,489.27932959607705
7.743,2163.005381476671,2061.981482978938,549.9574261762286
7.762,2420.2756932593284,1713.3409638338505,482.65163908595065
7.762,2326.8102261655768,2011.107064343208,486.74682375280275
7.783,2430.2367118494954,1966.885070524437,508.49170900239585
7.783,2465.6370101423136,1844.0148496538764,547.5756702889194
7.783,2147.178020046354,1758.4358836382069,490.9667619191364
7.783,1945.1954834384737,1806.1376323164163,523.985205874326
7.805,2757.4594220090717,1973.2062831139897,466.13379713071555
7.805,2512.8164436522297,2123.7914228932177,446.72954409487596
7.824,2410.2461365234776,1753.092558995344,461.0558063666567
7.824,2306.2578486039506,1588.406252386876,449.6045851363515
7.844,2460.1655613788357,1495.6662634879422,478.4607510734424
7.844,2274.137422208538,1794.1431759973232,461.74060147920176
7.886,2258.1166939103036,1604.9102524072055,446.75885008650073
7.886,2087.1788377261846,1585.9223250566483,473.11141814730524
7.886,2237.365465833458,1829.1214011544844,502.0342863183183
7.886,2242.862090027248,1891.061642118856,453.91767621046546
7.906,2107.906197570366,1807.0214710541268,540.7209747490119
7.906,2253.4641931122587,1569.8384966206816,482.8082292681209
7.906,2129.7564260197296,1989.40657228535,451.16410078766023
7.906,2390.889264462285,1879.5111744465066,453.658739124436
7.927,2220.996977851226,1785.6226911247509,465.90833643327153
7.927,2287.1817648299616,1958.8851766027058,513.3690450861216
7.948,2523.810605928884,1743.551683055545,489.56735813177863
7.948,2409.7235878033343,1958.9974579387883,451.2612539550033
7.968,2340.443655906339,1623.0187537957306,453.96540590238914
7.968,2144.8524401434024,1687.444007236111,473.92453002266103
7.99,2104.9988653851497,1972.8289849816026,461.84649269648423
7.99,2210.38092323372,1787.3930524863174,514.7204622301967
8.011,2302.8500557289767,1783.196594229471,477.4671277671735
8.012,2591.203601025244,1857.6093084655995,486.141277147101
8.033,2503.70579263722,1773.1989879306304,496.68705999198085
8.033,2470.645197220411,1665.286105828149,521.0625346477278
8.054,2157.1625101112363,1878.4105145483302,551.2911967027429
8.054,2558.3667185044987,1855.44370435335,473.46926328987297
8.075,2008.772438113806,1761.8409932878226,478.42308367887716
8.075,2317.3224877431217,2039.7510164149628,482.006967543004
8.075,2147.8864295444596,1981.848858756759,537.3896605751113
8.076,2345.323176620266,1632.5683090301175,444.09086266002566
8.096,2320.739056247712,1594.6204709722629,448.5618369984973
8.096,2213.264083151947,1814.3141951441564,515.4620759442613
8.116,2000.4631554466623,1790.3599908502038,478.6375339831987
8.116,2481.59439726279,1798.943650183952,461.68216421618166
8.138,2308.5439622117556,1736.2031147412197,463.09437177499404
8.138,2446.5056901016933,1859.3162293714015,502.7832747320651
8.179,2405.5400797547463,1665.9094695799713,490.6069531426324
8.179,2117.534585007155,1682.0508691369264,549.5771680190645
8.179,2418.1396868861157,1819.63101725884,552.9316765937567
8.179,2030.2766507980423,1808.1119097662017,481.6778842081874
8.198,2470.1423528520736,1723.1821453478062,473.9864731903547
8.198,1838.9023189803252,1615.6211871506507,502.2922844783043
8.219,2250.578888235289,1880.3075535796474,511.0562319533701
8.219,2395.148037832789,1846.150930576625,471.4283481916
8.24,1954.2423614614586,1818.7661005875116,442.62016574470374
8.241,1905.0787235493794,1920.7108783789888,471.24182290657245
8.241,2234.8872985670473,2011.5254700460687,505.15408739740985
8.241,2586.3727613149313,1778.3814530381544,552.4118852742685
8.261,2125.670120250247,1823.4333871362935,471.2697489668266
8.261,2353.7195756573346,1886.251118877981,519.2138759008451
8.28,2177.370410155894,1789.1129964145998,489.488302909309
8.28,2072.785611805227,1759.358772600569,511.4800922919589
8.301,2184.7619674219773,1722.586838276408,515.1930607915506
8.301,2516.890531972777,1867.601846702321,415.88647828586994
8.321,1991.6772183794678,1533.4588780198133,444.72418859470974
8.321,2322.942387816628,1671.107960584184,434.9685960201534
8.343,2382.990940525052,1860.8877491197284,523.2874478992057
8.344,2257.6212096766153,1994.1663972893189,546.1828370075852
8.362,2352.757653841271,1946.8037460817916,524.3600043772028
8.362,2433.2723977273395,1509.2464867336948,498.969860878587
8.382,2569.228000366987,1982.8051745829353,491.36149272698054
8.382,2428.84989805649,1742.4841760872612,431.4616562251843
8.405,2168.7598207167066,1798.233985835573,538.7196069237399
8.405,2273.51879762436,1669.3705707597985,433.73257991574036
8.405,2237.444211313216,1921.1455234330824,482.8510881783023
8.405,2376.343905674853,1714.4326195095546,536.3498011380833
8.425,2275.038800176313,1745.3391193612695,524.4039783673605
8.425,2293.1944326856974,1641.8274873812875,422.0673333411276
8.446,2363.836013894047,1784.5464694200152,576.5057262187679
8.446,2311.4190928367266,1556.3900795368822,516.0699560954002
8.468,2017.5354043761588,1823.681130437191,537.7777297215248
8.468,2395.7017550135643,1923.3298864809035,487.8732892279333
8.489,2502.6784676321718,1850.1440524191964,476.1866231340126
8.49,2402.565950393583,1748.3168160661419,495.70240792338996
8.511,2299.2610850246883,1920.052114960427,495.49802532555253
8.512,2415.815538728984,1794.6875873508625,498.0652776452575
8.533,2243.030267983759,1568.4733839411917,528.7085604213866
8.533,2296.636276284624,1772.0994249307776,540.1377046953867
8.552,2380.811415596557,2003.4236705764238,505.7210504259214
8.552,2538.089095650792,2042.0929924234667,550.2017280969104
8.573,2642.498764484519,1834.7482998500202,435.5388408947029
8.573,2413.896965121054,1992.4902992025227,497.41100174250096
8.573,2132.9403939396025,1885.085635676178,429.6845943905094
8.573,2472.795482259246,1823.5212773489752,451.38048435301783
8.592,2242.6378870811905,2022.8522939259917,507.18755744510804
8.592,2197.2923016570885,1663.1230632226975,519.388069763299
8.613,2065.2750231075415,1655.3356411512677,554.5561936112356
8.613,2278.235059168128,1926.1256098548872,524.4731360626002
8.637,2162.4624693882465,1970.2296845174899,470.15969031630766
8.637,2171.598194057742,1911.3676127611413,542.6744723509962
8.658,2393.5652834282832,1745.490893748141,498.80025832296633
8.658,2296.220989042118,1835.0376730926555,496.37363482539735
8.679,2554.362693566422,1849.8428929323868,547.2556518005052
8.679,2380.775280060399,1939.701678562869,487.77706557839815
8.701,2658.426365483063,2039.044096577806,542.4641221746914
8.701,2387.301211763594,1933.6590583864104,456.7026106274533
8.723,2508.9611400976273,1737.4838640254668,504.51373447117237
8.723,2246.0332146737396,1907.4449575007468,486.57679523288925
8.743,2292.5059128204025,1944.4368739768101,431.00588564412413
8.743,2438.5055464225097,2006.6579596008196,471.8546695175091
8.743,2414.770235633644,1634.7981605372747,486.1734359196579
8.743,2396.041591417689,1936.340087163607,501.44494334621504
8.764,2309.2596425080924,1833.22525102461,493.4188644612785
8.764,2366.615147242522,1724.091893590782,492.88466651879594
8.785,2410.4071383043183,1971.7582429126355,496.77587816671104
8.785,2440.4812210220957,1598.1359021145329,544.7759574199895
8.806,2266.248428094388,1858.0483123180209,397.5134549614227
8.806,2095.6546246433477,1851.086606268775,451.34391171805896
8.826,2578.95041811916,1823.0174708389889,500.62572797682355
8.826,2271.639325468165,2150.1963017713992,475.70128247713626
8.847,2399.459932102441,1723.9520684653942,416.9754858777856
8.847,2232.440891198075,1651.091532402796,508.4373449813442
8.867,2179.394280268724,1613.9188660767531,459.83653725076954
8.867,2367.8433052505366,1930.697756028148,501.228927923644
8.889,2394.7000946051426,1822.4213733032304,524.4421082182628
8.889,2694.085095532469,1979.842896714523,518.0642503531661
8.908,2102.4070789137845,1949.897486664654,444.38162501643745
8.908,2089.57841435909,1870.1044032567095,499.78147860231644
8.928,2528.8009453387463,2029.5257198407699,461.4070405881349
8.928,2400.228631719669,1982.6098548878385,443.66017468098914
8.928,2661.1737705348114,1419.569794302039,436.7662916489888
8.928,2548.2931462348215,1612.367492169757,447.541424215477
8.95,2318.233697085094,1462.2925294426375,545.9492502698663
8.95,2029.2681558065128,1630.4565271882298,445.5816298651041
8.969,2009.956424052947,1957.6685693471486,472.6061853777717
8.969,2590.5091812745013,1654.8122630415555,484.09092097045595
8.991,2150.1878076938715,1888.9220079294557,463.9328883200903
8.991,2058.3727319421387,1856.2624105080279,467.3895532217508
9.012,2522.7640274966216,2007.22199907723,384.0312031816236
9.012,2516.1968532813357,2254.59847700671,440.8036730318202
9.032,2427.1833270916454,1550.1236492618357,480.82373988342107
9.032,2556.3957188556747,2031.5796247143746,517.5814973906529
9.053,2424.115753557777,1538.4333685822482,515.1799873706597
9.053,2112.6678893081194,1676.8551427464715,396.4104328236089
9.074,2512.4522841092066,1727.100838596947,433.126369654976
9.074,2211.1865306982745,1650.784354074682,477.02705120865113
9.074,1995.156182238581,2023.595623601681,474.5221019476232
9.074,2371.4219678489117,1668.9206703362163,445.2467444054184
9.096,2301.8110599300076,2036.6216064434761,412.7804254989459
9.096,2379.8374914539263,1844.7435742293083,446.79084673610373
9.118,2341.381457517108,1861.013400687275,503.4190700769174
9.118,2132.0208616997247,1770.0174941065707,488.5676557676177
9.138,2207.4245295287924,1383.9952443874217,490.1524395640837
9.138,2333.3366696910866,1226.6759462779828,500.0026620362172
9.159,2204.0887753061347,1895.4832437744888,477.72386085102244
9.159,2751.2494093720575,1564.1723596306942,516.0602664940724
9.18,2447.8015551767417,1776.8385471885279,514.2640493845719
9.18,2404.1839696608617,1950.2765134852866,512.8498776265689
9.201,2303.819643303611,1743.5078215006088,487.5453401234704
9.201,2553.3885952002015,1912.8552340259646,441.96619535845383
9.221,2439.1889166322994,1797.6274105295863,487.00357827778225
9.221,2664.401507614208,1749.8373998486318,522.1446975712084
9.245,2159.132100005377,1902.894741272003,478.0144635491231
9.245,2273.6330998782973,1685.7459782471633,478.92144958096304
9.245,2723.984877560853,1706.7156684073316,547.7690142082267
9.245,2285.6367028125337,1564.4642729668212,470.9042238821806
9.263,2310.3738226543824,1858.3707391724238,453.67507026540284
9.263,2254.4846344116727,1917.0153621965417,501.0090715344258
9.285,2402.5528513799445,1708.098097428953,467.190987825522
9.285,2419.5814111465556,1903.5683398306307,503.4240126024206
9.305,2142.7869839622963,1738.607379357614,487.7266770670066
9.305,2310.9745357906236,1708.711505475206,488.47045858023824
9.325,2370.457304221514,1660.1839540934718,436.4767137916392
9.325,2361.1336428070013,1731.2941082809702,521.4254385094189
9.346,2537.481637890887,1921.6757719055104,439.403983240691
9.346,2336.541529713834,1852.1491210223332,509.8073964868918
9.366,2141.346486792472,2339.55148604878,516.386320616277
9.366,2336.2014447950737,2131.0048030869693,508.43178048627425
9.388,2313.3033010841073,2128.6842064346497,488.22012238132737
9.388,2480.756141592045,2148.6996550141234,523.7562320029068
9.408,2371.4566015641867,1851.3466112599817,547.8145475610561
9.408,2059.0395964875083,1869.5870801155484,419.9838778737714
9.408,2550.085719121156,1727.6655946964374,451.0597267031898
9.408,2127.207975761127,1595.729761508043,450.2426875787256
9.429,2673.6605405507157,1799.0395777968515,490.0060509429138
9.429,2528.0353016030563,1774.510104405058,465.8337991271215
9.45,2465.32716211329,1893.59870286499,467.0728604844954
9.45,2149.2325531480315,1675.4082889132064,529.8557107094143
9.47,2369.4047086950886,1888.9144796892933,510.22592667057484
9.47,2253.9323334808905,1755.8383215133376,504.93658250633575
9.491,2122.459190073594,1885.075404822317,498.7396519946687
9.491,2528.2219852599283,1933.8604879773993,449.41804681178075
9.512,2070.997106767885,1906.1622843279106,418.0843509235905
9.512,2484.1973925112507,1789.9591821104573,549.4644414500415
9.532,2330.3123287230655,1855.4014874044267,457.8930174899517
9.532,2246.779777295503,1825.8775101412675,529.6080700482748
9.552,2444.0877226367093,1988.0465580164525,529.7565346136029
9.552,2423.148182903454,1825.6003482348372,492.30777696860764
9.573,2384.5984568126305,1826.6926168341643,447.46884680141363
9.573,2308.1376234035097,1790.5074319722683,512.8452788105961
9.573,2300.0483156103423,1595.2857473561844,493.4507708533631
9.574,2202.927974014052,1953.001020511101,513.0459517735244
9.593,2437.209468778125,1955.3789805619879,487.85990756847673
9.593,2096.679510989758,1543.656554927589,436.71521578067654
9.616,2411.8378063007904,1674.3241942514092,498.2475670102902
9.616,2061.3942259227274,1756.9194134032207,471.5373536121472
9.635,2264.3308310835055,1712.4412920061277,453.7878882630534
9.635,2211.422069389702,1859.1225224004504,508.41861928536787
9.656,2123.2764985425374,1701.4635040407704,519.2560169221815
9.656,2519.8051813651205,1719.4847379657576,463.79071016423893
9.677,2303.916383384524,1953.680908215422,544.3054593528051
9.678,2419.9423139045743,1699.9992218441248,517.6241573903959
9.697,2168.349119680841,1763.4788950941656,534.0055812079265
9.697,2457.4860721653613,1941.4297316022237,465.19374048140935
9.719,2337.0389294638794,1721.0295797212568,507.3556958635172
9.719,2534.5338648816646,1886.8718664864232,478.6013640679301
9.74,2361.4562027218626,1621.730911907105,522.7310111818099
9.74,2438.294912642293,1939.0461179992074,460.44894637647235
9.74,2276.887478247092,1553.6625408677057,568.4041411847858
9.74,2160.6059922223085,1390.3716840594232,485.18054579595264
9.781,2282.4272187522147,1638.749039811571,468.8085353579447
9.781,2272.3168423046727,1721.4504056350258,515.774259134707
9.781,2453.5418196120686,1288.3533313976789,483.0056222025028
9.781,2150.0068330997237,1505.0700165708636,554.8375590438717
9.801,2309.829978144346,1901.330473094717,506.24451577987725
9.801,2117.8193349888634,1705.3480467001816,466.44374804226396
9.822,2351.6937670077878,1914.4568566284474,470.4496269669895
9.822,2376.1603884562946,1832.5516652727563,527.7685756525523
9.843,1973.128304017451,1836.703260981182,459.53430339100373
9.843,2294.049384054222,1906.3687267852774,487.23359378665896
9.865,2291.914682833912,2036.5777965022212,400.6117233892347
9.865,2614.5701212512995,1904.4178149216536,444.23589782202833
9.885,2285.0730494710024,1792.5580926325404,525.4479229830145
9.885,2100.2327005824154,2008.3881903679023,526.7371291420948
9.907,2297.0837599311894,2145.436356109409,431.0270176104053
9.908,2239.5877368748206,1783.0829024209888,428.24423468558996
9.908,2481.0634538480344,1789.4123013175588,441.19493575772776
9.908,2536.4636606254435,1537.1863610073858,488.2353720209131
9.926,2561.1781325269276,2083.7830001768057,477.4330872387655
9.926,2172.78340836009,1848.8555226949861,545.362010811681
9.949,2279.6760022089506,1659.5164304493917,422.0501026869543
9.949,2176.290449183743,1620.7459043848537,499.26157430198566
9.972,2564.1515151281565,1710.7631096538653,544.5739239146814
9.972,2336.0664862742638,1656.77442099561,551.3109464663031
9.991,2477.4982261844843,1867.2867016840032,507.91103083793746
9.991,2308.0062130660876,1981.6811720620324,425.1388755060892
10.012,2028.53693224843,2030.4409754004498,468.06259184136593
10.012,2239.009774117577,1946.37785033827,473.65153723665634
10.034,2195.5582854603554,2182.4240971195395,471.49948747266905
10.034,2119.7651614365386,2105.431390502113,461.46333251441104
10.056,2193.5843470170344,1507.8263714408179,515.3958857151733
10.056,2520.041890301427,1953.1499879069727,495.10433180141234
10.077,2286.6823205836963,1711.5304562892832,406.6879136076556
10.077,2397.545873129636,1590.7837414968678,529.9684998754312
10.097,2440.0831987117394,1799.7130337755252,468.29356990551173
10.097,2113.7022369733213,1464.102863646336,456.32185589167017
10.099,2018.5522767557686,1876.1515000301727,479.2279681787088
10.099,2497.5402576653046,1887.939802773217,533.4337314431107
10.118,2283.7429973913777,1960.8998790489968,463.6074951457356
10.118,2272.416452672116,1746.6651826884565,450.2777334234265
10.139,2318.194901898249,1505.9729091337183,434.7402621064364
10.139,2210.2695318713645,1876.3048506063233,521.9496106716464
10.16,2361.7092088037525,1952.8574228048324,484.1755735093723
10.16,2630.4064936862446,1942.1002185916518,529.9995911431785
10.18,2201.975589847244,1820.6159437289461,562.2149800619625
10.18,2422.2182353394755,1685.2912234052117,511.61491576379757
10.201,2543.671659759946,1772.6154426023795,469.1968194349873
10.201,1993.7203940004051,1917.1817336831932,508.4767606731629
10.222,1981.6839319805204,1549.906695899924,497.3782074174907
10.223,2189.8061264622224,1844.2420001760245,557.413655062165
10.243,2291.34228523562,1664.2780728482371,485.4915516859877
10.243,2102.4073900679264,1711.0197268409204,471.70292937039613
10.243,2145.029908861118,1489.4659253601224,409.9996771442573
10.244,2579.80227767556,1824.6592319422919,515.6348664146934
10.263,2369.6495363990894,1795.2475731963955,555.0319496334339
10.263,2254.796392771154,1915.2837964366367,564.4861373272556
10.288,2688.47789368944,2182.902741709731,479.62614434744745
10.288,2385.9964443441904,1747.5302824050987,468.2491390924454
10.307,2175.053323102441,1753.0834364049078,551.6869779746957
10.307,2078.9385605550847,1626.996897026686,482.13843572846605
10.328,2039.344364188344,1600.2176617011785,427.2056839327408
10.328,2458.6596510942904,1975.7852951495902,474.75163907174584
10.349,2236.640404084083,1775.983990195464,454.22806208819327
10.35,2616.1314394991578,1513.0942992667747,441.01732237413614
10.37,2058.7051944986842,2014.5438550145411,507.7564008100009
10.37,2489.765319174823,1974.0587205341712,483.0258596310491
10.391,2291.369030929008,1719.4167899900199,530.5369907946512
10.391,2175.795746644135,2035.77488921769,487.75053046992014
10.414,2257.7045698144493,1589.4099311179466,517.8251789286913
10.414,2239.1988674529116,1531.6251004203325,518.1999791008188
10.415,2441.757550963789,1570.2851137828652,460.5507228982079
10.415,2221.5996144447963,1631.2574026454292,474.4369978314268
10.434,2360.732531591989,1830.9363710468224,521.1884200514972
10.434,2224.4372100354412,1663.7781579209288,520.4489000600242
10.454,2280.707273018395,1805.4663183830037,526.3428017270675
10.454,2414.2060209516385,1610.0180372325694,519.3045146932104
10.475,2324.867338636358,2059.4329938509654,501.210604022815
10.475,2273.8450097518935,1946.681163879576,495.56792744300327
10.496,2402.168072496654,1717.774371088077,449.93192263219123
10.496,2371.4235732624484,1689.3439162312836,485.9224065097331
10.516,2325.7914473510205,1692.3079753124746,518.1050735194423
10.516,2379.3930451580704,1774.7103284970055,514.6382045454936
10.537,2695.4245344761753,2011.1271613798438,519.8649856974978
10.537,2496.7791331037456,1886.1748255128564,525.7144317808168
10.56,2189.000856972269,1809.863566776898,493.03871972376845
10.56,2308.5642651026446,2227.172620278413,504.44183189714374
10.58,2213.338796950288,1917.9545716355242,527.8374856052776
10.58,2563.4833803194265,1777.1491225410014,442.02845884119535
10.58,1884.4452384275587,1835.8289690211702,498.518358591971
10.581,2328.9341092997156,1946.4564890822794,437.5875247526467
10.601,2462.692126884467,1866.2411403534547,515.6087021789177
10.601,2541.143705308696,1656.7898344572009,466.86374999819697
10.621,2018.6781674072665,1750.3882019159726,449.61433695640096
10.621,2094.007142259672,1881.4150723046823,491.43319757224964
10.643,2369.3705140322572,1666.001900901722,563.4188509953776
10.643,2219.214808970495,1393.9779571497004,543.4805814617223
10.663,2354.0329381009074,1956.9900333845762,504.35576316890575
10.663,2074.987993390725,1695.5269969811454,481.38287380752547
10.683,2362.5433716250527,1614.8175498156952,462.85742149669915
10.683,2392.917182909851,1628.899546373844,441.28940472338536
10.706,2349.1519882777434,1694.5559721974314,442.3613689191831
10.706,2140.125065928387,1935.4824380617913,439.1314885379969
10.726,2054.392535137922,1700.7552776521923,495.3997763644122
10.726,2236.9005445000216,1750.83956501143,529.9076917981982
10.747,2243.6576901775243,1800.961993729939,489.18152278576787
10.747,2391.784530791442,1515.1023435368265,536.4271757029346
10.748,2260.010110836817,1617.3056980116,523.8388250317977
10.748,2290.5733413413077,1648.8742428090534,497.74686296314695
10.769,2238.4689832308086,1714.1778176919806,499.0686853557679
10.769,2431.860286603744,1781.1108427791114,476.4931536319905
10.789,2271.350632626186,1569.3231967902486,467.58256183890546
10.789,1854.8630246350592,1422.8649633217149,599.6038907687046
10.81,2226.535762278214,1775.584945706551,508.0794347610992
10.81,2212.434666524375,1776.2461294856325,496.20768950388043
10.831,2509.304380430729,1842.8984948549598,494.02969826719846
10.832,2424.33959532355,2038.4488461934047,529.875829893102
10.853,2113.345113206278,1836.4339089095718,480.3532792604078
10.853,2638.3739531859715,1754.4354596655944,474.4185035041304
10.875,2282.6192015867646,1882.3505673962736,490.53269396698687
10.875,2159.78918450851,2012.1136683604327,509.82628610713664
10.895,2305.9787257066523,2058.5880879265087,490.9628967359348
10.895,2429.970301598035,1847.3929834650744,443.1906969311854
10.915,2343.0537047721014,1822.5579013246715,516.1227054169997
10.915,2130.196960093705,1712.3803487923906,475.1385405575327
10.915,2466.2839446223184,1950.5546995707546,483.64603090930683
10.916,2283.503072071754,1787.6221855345907,461.96229603437286
10.936,2348.483526656442,1610.7869127666486,473.3828571459122
10.936,2063.3593571473216,1897.5220835063799,512.7687416059148
10.956,2083.421495725108,1951.046652832877,536.7200199796102
10.956,2381.326927350876,1890.0270019269767,539.3198856777275
10.977,2113.3956687323125,1642.9629671345213,514.6040191245261
10.977,2444.8856103692515,1690.5097996296552,492.2046225222567
10.998,2201.857881823482,1883.1849021865871,487.999748378278
10.999,2445.800340149193,1956.1409057450326,481.3733757261716
11.018,2272.133261660841,1550.5637133934724,547.4255373277663
11.018,2130.7183786047167,1688.407709508453,560.2810473377449
11.04,2726.4859792301595,1838.17464763284,501.09155346641063
11.04,2355.5532402363096,2019.9184752109438,523.7373672407164
11.06,2359.5031399608497,1744.511279143634,480.81591384717115
11.06,2236.9536618148722,1750.9626671416233,408.35397949689127
11.082,2082.808933028939,1926.5076553717217,476.7463228859878
11.082,2161.954706330093,1887.6627444788314,450.1032013830668
11.082,2284.384518072082,1473.7961179617905,469.7789159530776
11.082,1975.9637480323127,1389.7173773149893,500.20572821538724
11.103,2487.2487534851957,1946.2658238209037,572.8646569807426
11.103,2347.5944876740427,1775.7527834774712,553.8900480310634
11.123,2006.5131472014905,1929.660997732768,505.4284355637265
11.124,1980.3157797327417,1969.5227729264816,498.14980973347286
11.146,2005.0326488159271,1529.7092233749224,412.8193364463188
11.146,2105.9618639115847,1823.7686040952728,480.43137287142264
11.167,2544.83044071702,1961.6086552515828,429.4105606458278
11.167,2160.7495187244585,1720.5654297013434,457.0374765108163
11.188,2536.3139964926395,1629.0130943264362,468.7069538965887
11.188,2661.4807735632135,1822.7762913180081,512.7128063437755
11.21,2361.108811872799,1795.9951019272464,430.41452316515023
11.21,1984.6949094316765,1728.2153744770842,458.34636736380986
11.233,2112.6737648723906,1820.6102593321166,453.2918409040674
11.233,2172.3905128771535,1792.3718143336052,564.9429229261207
11.253,2106.762693336233,2013.7128598254994,547.4303097761116
11.253,2297.125123554298,2095.122861384709,481.43552786101264
11.254,2272.180500283677,1488.9971107108129,560.6331184389343
11.254,2738.6676664036245,1585.0935144428245,542.7736976190138
11.275,2324.669598690583,1530.352942024518,469.69717111495004
11.275,2390.0668571873657,1904.554838376121,482.2781928395584
11.296,2349.67715621752,1884.1402817789656,507.6036666770716
11.296,2387.7334041671165,1626.301860243071,522.0049173332168
11.318,2361.8176872740632,1601.8161645890593,497.5290945253833
11.318,2264.866654228954,1860.034156756567,469.1381292959454
11.338,2511.8014452841903,1986.6779415347353,513.5836740190689
11.338,2238.2316820477363,1622.5157048316141,574.9580515317762
11.36,2236.5376063259678,1727.0727343390688,547.2527432279717
11.36,2347.654745143622,1725.604661880216,472.7353043639292
11.382,2234.8015899533693,1159.543706244187,406.50940037296556
11.382,2403.4595751102183,1464.1877640748712,453.5978969061169
11.401,2113.341194714677,1790.115278434403,452.7245119145869
11.401,2403.4374876793618,1846.4940478172248,468.8100301166178
11.422,2537.0046019284714,1832.4350662593079,517.3016846478893
11.422,2019.6763928357416,1847.4413945891208,514.455024911274
11.422,2228.3067738995096,1645.6962453997492,547.1675430654338
11.422,2262.1060724270455,1924.9371777058257,463.8052015382866
11.443,2227.2162872398003,1981.3423594278102,517.8413314833621
11.443,2307.788556260707,1729.4335729708316,521.0165971031095
11.463,2569.3766798451984,1879.6551425785904,479.1949582663619
11.463,2325.6150208979416,1846.1588644598878,491.54537587020224
11.484,2076.8392880306983,1698.8030605764975,483.6863085283426
11.484,2286.3095893161717,1744.9366384520986,412.1451058228677
11.504,2170.749790369254,1715.25611627146,460.10103481668233
11.504,2279.196205391065,1850.6237926439487,484.4372746856012
11.524,2080.7404698229793,1796.7028270657736,530.1727066502116
11.524,2050.4541448653918,1745.2009836912157,492.44987563168087
11.547,2518.4931047206733,1628.7807684394177,629.8124391623775
11.547,2243.8233351255944,1755.5781122023977,515.4496553059587
11.568,2613.0058144369286,1586.8885224927246,464.3028111963531
11.568,2261.8471636966083,1727.2503102434382,532.1069758286405
11.588,2063.0901633605486,1954.8030419394522,528.8125596189373
11.588,2135.1956449212844,1710.331564274308,553.7225937017897
11.589,2130.7924777524177,2009.8499058793864,498.8735455560073
11.589,2356.5028621123097,1804.9464474879976,483.2971085010352
11.61,2254.8360434691153,1647.5362002969887,500.32042600213066
11.61,2016.0990998126706,1725.4614665738552,509.79907518890604
11.63,2329.989692952915,1658.8562766879652,472.9895398934168
11.631,2491.8433310345144,1604.6381976627736,480.93923768047256
11.651,2324.540632914182,1723.6659261396087,474.95395627508503
11.652,2495.5461704029663,1547.9371480849134,513.8664340584929
11.693,2170.0880330672726,1661.7888873862212,566.5344163854388
11.693,2461.049334244243,1920.3209609961236,496.7266792737478
11.693,2302.146511554801,2041.4427184123297,414.33464825927257
11.693,2344.842566620009,2180.2209282031104,528.9265163890591
11.715,2485.466566043851,1793.8302169899705,451.84490271549805
11.715,2193.6944407309265,1851.3151383288268,495.1214457683949
11.734,2236.9875809889922,1697.0492900606293,400.1551988584472
11.734,2263.783994849835,1636.8092898862235,529.6835615046033
11.754,2259.722809325152,1647.9377409750591,485.4448861498976
11.754,2349.8392764736177,1666.0335077697098,475.5321299187265
11.754,2264.1177539577307,1686.265576159793,449.7313422098025
11.754,2596.5752615061174,1762.505292629512,507.8526042915096
11.775,2255.434240520589,1694.265175984162,504.1219272498044
11.775,2634.336283284827,1707.1546757966312,449.7770614555878
11.796,2533.254567890557,1627.2946184680445,478.41810565459093
11.796,2324.7963520358926,1596.6402770491663,440.24858671119443
11.817,2085.0034359429483,1825.9128008930238,545.7792372925732
11.818,2340.961171706026,2034.232914087971,403.014000918039
11.84,2266.6536349771072,1873.5055570396294,445.0168756796059
11.84,1989.8952841715075,1890.1685203668446,479.21316608204506
11.86,2338.3161317573185,1933.1647481278799,455.5517364292376
11.86,2215.9816093017616,1889.149268075234,450.49485389092706
11.882,2174.7368400768496,2191.8981545652596,447.8967208279656
11.882,2312.6866903492564,1824.3813937293958,453.94767191066677
11.903,2451.945821632885,1741.0969506980523,472.3772963156049
11.903,2246.7140535460335,1458.8385211901777,528.9531686619916
11.922,2235.4667265087933,1785.1659303261317,513.4867270795345
11.922,2312.4588102758084,1802.8833756699246,457.49287333197424
11.922,2443.165945684461,1632.2023492250398,506.11004580134346
11.923,2443.257407131547,1704.8014425887236,485.25660561763095
11.942,2029.5938888670926,1861.1524222005526,456.50820369604
11.943,2370.1081401614524,1744.7839599936187,474.7048275615955
11.963,2198.614362422485,1783.061518598609,412.554046831526
11.963,2265.9324125839134,1788.9181799803753,415.95954745487603
11.975,2530.5618094516653,1934.972824279694,476.1350810846509
11.975,2195.4429883304906,1573.452995799333,467.10648585911645
11.997,2594.4675262762435,1611.750846519729,444.63321499612937
11.997,2129.1715436651907,1773.3139243982391,522.9328234381062
12.016,2320.960461029025,2091.7098246674263,534.7692757112013
12.016,2276.833632537662,1957.1507449920339,422.561888524088
12.036,2620.6437469016873,1920.2475099777723,460.9346272286991
12.036,1950.9693374905369,1880.8549130771185,496.1745484855822
12.057,2234.41814491574,1788.1268304031594,430.8355047154552
12.057,2129.0846378436304,1874.1727841505879,443.760133724037
12.077,2506.5151914846556,1667.693666319857,488.71704990099937
12.077,2239.222965278379,1532.6551142091994,439.8308650402534
12.078,2318.1111979476905,1850.4037743063657,428.6653163858106
12.078,2348.124872185562,1449.0291450474351,467.6742229541577
12.1,2575.133322332078,1930.2179390209208,474.44659064786623
12.1,2308.8817826622185,1655.9058747228796,462.3828363955566
12.118,2282.5153594734093,1499.053224560874,546.0029957511886
12.118,2387.0105136298857,1907.0031665885915,535.6938625399537
12.139,2453.586864623086,2070.832685720545,467.93894635850125
12.139,1945.041077320895,1781.4028075947272,513.3774869358035
12.159,2518.6195512561694,1882.4543169382596,484.7375460789053
12.159,2313.651828420989,1923.8389416535085,483.80698055737577
12.18,2335.493188498808,1881.6265787623024,455.25122273907715
12.18,2199.1854852797655,1808.262974216789,480.08230824022434
12.202,2262.0976067498823,1797.9762729654824,463.88470603527463
12.202,2174.3067019936348,1883.4396498623842,441.579043564001
12.223,2184.002598288824,2004.4444213261727,534.3051448510249
12.223,2314.6573868037,1787.0830250781833,426.5487457476328
12.243,2111.122064604265,1915.1302035044034,490.35019784245577
12.243,2383.602854165398,1950.0185611951586,454.2463914754049
12.244,2462.4764529939603,1923.02599097825,451.77826357519007
12.244,2323.548816608711,1963.1534682416795,385.0922626298926
12.265,2576.882589388413,1880.7654467189125,545.1680888690835
12.265,2218.994229123875,1978.4826117648943,488.373283882504
12.284,2336.8206035343965,1782.6293495088662,474.53666018856825
12.285,2253.118658414105,1692.710739371135,479.36731500427743
12.305,2185.979656470422,1944.3947546685436,488.5688043965994
12.305,2118.5851175756075,1800.6761090603031,429.1751145566848
12.325,2046.3835800625664,1858.9927256776866,461.57134592436785
12.325,2027.2728802002168,1985.5367020686122,533.8513691811581
12.346,2175.0103877233564,1829.5988765835,468.0684737423796
12.346,2465.3648324654173,1820.4540471335067,457.64969528216244
12.368,2251.3685376284193,1611.7909791279292,436.6537481636659
12.368,2520.1642568209863,1764.2633717910728,550.074524693585
12.389,2116.5559216057554,1912.1121972507046,521.024594002395
12.389,2081.6705327043746,1850.0565272312951,493.2343169686824
12.41,2300.6502616867415,2118.385551072317,468.87721300850797
12.411,2199.34582661238,1721.2033864658472,478.34779952449406
12.411,2090.9991011912475,1877.9015329369436,467.5612992659825
12.411,2466.7897815897086,1835.1101696574608,481.8983443030659
12.433,2552.366747706009,1860.617421376993,411.47255858639505
12.433,2345.7625616681275,1582.6386618583779,440.91777197199207
12.454,2144.781227870612,1810.1621966975329,469.0330047676299
12.454,2143.597390557413,1714.1079806026146,421.581250085077
12.476,2287.6883479236903,1970.0541901412341,513.2990885476602
12.476,1941.8824249911627,1908.1284927753688,455.0478315365988
12.495,2382.807093755598,1747.108669661575,427.73519646373404
12.495,2112.082501494068,1803.0947265637485,423.09031391805496
12.537,2409.797170443712,2060.726529642921,451.0552456374953
12.537,2296.4450702096715,1989.601269319468,484.4501356970257
12.537,2546.92876853089,1695.345033567788,586.6960900110885
12.537,2403.1093446030454,1908.9787373089027,495.4930627916557
12.558,2168.31889822485,2131.965428177683,431.66625057389336
12.558,2216.984507766917,1943.9687996909418,440.89204667012234
12.578,2171.5468293233985,1608.4236734212768,487.67903356320033
12.578,2497.9705863082763,1781.877051745493,484.35803662190233
12.578,2211.809526484429,1993.6589403854266,516.9828144881538
12.578,2306.3074016856262,1885.0905213016024,426.46892260132097
12.601,2396.2390481384127,1861.1397577081525,462.16338507527007
12.601,2131.3991359529746,2015.1123952117587,481.4576500842654
12.622,2452.7478774070178,1841.3359334045863,452.4921396880856
12.622,2479.5780242383016,1771.8414845817044,406.6194656700694
12.644,2441.677128647079,1926.140469156745,401.41040455053127
12.644,2167.9021241200653,1735.6415533620147,474.5935901204554
12.664,2196.040632973796,1856.7177093243329,460.6399421446195
12.664,2232.1756858251965,1825.2512082175265,469.61637004197894
12.684,2186.2855147683576,1720.891666110126,430.8985266054509
12.684,2441.2876988508106,1784.71459720188,499.8445516475975
12.706,2432.129490372353,1859.4615730397945,454.75366074890337
12.706,2452.65582013469,1889.4142070534413,470.9538718023767
12.727,2357.634093172448,1968.0813833791435,530.482896071581
12.727,1956.3696665347652,1967.6059248648974,443.3945725223484
12.747,2324.821972942742,1968.109215100132,436.4568135124623
12.747,2089.2943441012458,1975.0267734784381,435.57543841987626
12.747,2453.81128893543,1833.5954314979376,457.25727067849033
12.747,2004.3150930452227,1749.8023640795643,503.93064220695186
12.768,2107.6491180277008,1833.9913100266567,470.81357570228045
12.768,2077.242470357501,1715.6272689365069,513.030699994353
12.788,2346.459426070671,1676.56324419275,491.3682324037958
12.788,2259.816041872405,2196.886371988793,451.0677829771252
12.81,2407.4906940347782,1659.9539194403558,466.6126951548063
12.81,2172.2337162692074,1583.1048600635186,405.47659738209165
12.829,2296.3154427872455,1719.70484891249,436.5614023718463
12.829,2352.2149714082257,1845.4317460212585,465.2753080643567
12.852,2321.149172576885,1759.8077948411326,498.97123062333685
12.852,2029.0490955933676,1951.0228916035267,438.26762441769665
12.871,2639.8316192226284,2030.400542072765,436.83349301857027
12.871,2404.551080896502,1892.585889072427,503.35715295579575
12.892,1810.654330663074,1980.0540849656468,478.493566471006
12.892,2334.8955376884796,1951.2574648627913,472.7212700348529
12.913,2532.763431891989,1727.4587758173075,468.9040132939412
12.913,2241.6330054387504,1894.6516776446665,452.4033660742751
12.913,1811.9045883077347,1919.2799231697884,472.6331372594298
12.913,2275.41797414363,1933.1016689995072,473.54129474320456
12.934,2196.2674547865486,1695.0726613155623,517.6393967419266
12.934,2470.0853257228378,1953.1446905631453,509.97227247034164
12.955,2310.212467183256,1858.1577293708688,515.325603943276
12.955,2426.844786020595,1778.0513086719031,483.0935864654916
12.977,1972.2471168994773,2056.4579259118004,473.3869768353892
12.977,2109.8404211601655,2159.6366535829825,467.33408961802706
13.021,2269.6792331823185,1786.521285562845,472.4887335179509
13.021,2016.6409134494138,1752.4382198178296,459.61205234779123
13.021,2449.653941226913,1693.2910205153287,491.2364426494079
13.021,2707.098036020569,1952.116800862307,456.3208516893936
13.041,2472.718831131466,2046.9233073043447,444.95434981965235
13.041,2181.561143992204,2016.152436245899,509.87042916778086
13.064,2267.9348902622437,1710.5307520637339,493.4409007538967
13.064,2500.1038414359377,1888.22539995463,455.98793725775687
13.084,2161.845933781246,1739.3427793514672,462.9837499681449
13.084,2352.32176870464,1837.891900186816,503.61482578032434
13.085,2320.8753729818177,1778.885370885642,483.22852020811746
13.085,2494.9418404655953,1921.048223078449,460.3536146902654
13.106,2385.6669849378222,2063.1983837166863,469.8407420703159
13.106,1991.806459711194,1747.9106885443039,473.1611504619256
13.126,2612.258035076398,1896.8657385743893,496.37490113184776
13.126,2005.412041804286,2042.1184531220808,417.86210152269416
13.147,2511.2418274624874,1913.0850390953951,472.55857067393674
13.147,2075.3743524763386,1801.2899183937761,478.38895599467656
13.168,2474.32869068517,1833.0426367556506,415.1268576097817
13.168,1911.151896530287,1858.706017059726,449.08285913607085
13.189,2054.3487708820544,1782.3362841140033,472.72626899828356
13.19,1952.9666659360266,1915.4683964911007,501.08377473854244
13.208,2393.3926043085435,1678.6863545891408,442.23833169988256
13.208,2065.4028249004673,2098.9599894160006,477.3172023332087
13.23,2584.7196870052358,2113.248071781796,473.8666732746621
13.23,2259.4820739701554,1880.4139747447725,538.3032366865034
13.251,2268.3861392602867,1857.6640027523633,482.7460406372215
13.251,2484.196982395796,1553.7588896121215,542.0693189150761
13.252,2338.3249199899433,1682.63774663109,454.285762713421
13.252,2372.098078630662,1813.7345360974398,457.68730061822276
13.273,2286.840005324444,2030.817695679971,414.3670819262201
13.273,2417.44813826371,1985.4103168624529,413.697616987042
13.294,2295.395024195878,1748.197790473858,528.4607054593273
13.294,2286.2969141349654,1946.2737054645766,463.611094007426
13.316,2224.7423839375083,1993.4727556696866,442.2427613221537
13.316,2484.8164002000394,2051.6610530226835,391.2642209913489
13.337,2485.3024799938826,1629.590923612084,466.98053529220084
13.337,2184.7845654141684,1590.8119065185026,473.83521555244215
13.357,2527.9362661447267,1924.107148453215,461.19716543409487
13.357,2141.92400309954,2154.7677053370658,484.99572391232005
13.377,2011.1270354164487,1817.3035711080743,447.53487417789665
13.377,2140.1805695895896,1879.5747141664401,467.00658690091745
13.399,2422.605823739544,1926.570612314993,475.00373088007467
13.4,2117.93444856597,1953.3567347252635,441.4950103254523
13.418,2221.023768710287,1835.5327260711856,432.3318120276464
13.418,2236.2981692807357,1724.7205901813531,455.66803993138774
13.419,2045.355077303135,1848.2152151265718,437.4293564729466
13.419,2090.6688344624627,1758.8638115529945,479.497699325298
13.439,2183.174312483786,1648.822615977499,413.7601477419089
13.439,2223.7869915024817,1988.8652987036053,501.53791904695606
13.461,2385.37157712298,1774.1300176569885,474.7977432729587
13.461,2638.01699388626,1682.9154602069402,478.6403607936412
13.481,2403.8618346822236,1953.1785323599854,524.9294010665024
13.481,2443.641558582049,1898.5971011709025,410.1280600945897
13.5,2346.1116936082162,1847.078052631036,467.74074989747265
13.5,2261.90036875801,1847.8738254972939,447.3971331195652
13.522,2055.7020560543488,1755.6791694376861,495.645023028475
13.523,2209.7557791134745,1869.9667585736668,472.0235479898377
13.542,2457.041046265563,2092.8074837634194,461.6749640972447
13.542,2189.26682115462,1549.8374528083416,480.6549329902177
13.562,2375.6388899450276,1695.0287724762425,468.0807225251713
13.562,2432.791044766852,1910.2808745515642,521.9316924970341
13.585,2643.2194941191383,1751.614993521474,426.9518152576896
13.585,2343.4439305189317,1852.937045500593,481.0350592650144
13.585,2354.856087060057,1901.3783769836677,510.94500930930343
13.585,2299.6879865789642,1666.8920780626377,415.1365708905352
13.603,2136.8019610049505,1693.5193148291262,419.83912888214564
13.603,2242.466499931672,1804.3276687023988,406.2438307151873
13.624,2413.865734113886,2018.7075854903942,491.547431637449
13.624,2361.051717546991,1722.567428670684,484.0589098711396
13.644,2330.9929779329786,1617.6500086113715,443.7059094458196
13.644,2145.966187361418,1785.4045269938465,430.842773671328
13.664,2398.674344347795,1838.558454340324,456.4364162008707
13.664,2465.698431106253,1543.6044610192982,469.09387660367327
13.685,2421.5352113581384,1866.0705729937292,474.21798558797474
13.686,1833.0186117822793,1714.7291039009947,450.0851069981442
13.706,2258.393479977035,1924.0049899444311,489.87361633060317
13.706,2212.790924064102,1670.6823205846163,481.40974133019154
13.726,2387.8887256220196,1853.1862572872558,402.2406583772244
13.726,2255.3013365706715,1729.9743405477202,475.66010062348715
13.749,2271.0983187689235,1886.502134318665,452.8383824086134
13.749,1958.6647515176423,1905.2400942187965,486.56795953944527
13.749,2295.1142588150697,1845.4263732618515,515.3532346438184
13.749,2259.563579347268,1670.7447190197502,472.0987311367358
13.768,1914.8663815481245,1889.8961848100387,524.1519593894233
13.768,2384.0062319891467,1914.8318078811833,443.4910804099872
13.789,2690.513298578807,1697.7375903301738,434.00327439150595
13.789,2243.031544068403,2002.2696886884705,463.1719630640096
13.809,2274.2384917469494,1994.7202539952743,483.42987079572674
13.809,2493.9067175873647,1902.8204201921108,467.80165360379675
13.83,2121.3415536650123,1618.6647479866456,489.7655397029012
13.83,2381.5268435137555,1790.744376063849,430.51750649083317
13.851,2149.6223328266615,1972.544492296596,498.00222241042087
13.851,2448.340387793918,1719.1417297356336,458.9446456799951
13.871,2066.763543247105,2304.862644004811,439.565947342222
13.871,2266.547055053477,1808.2194320278218,448.8983858225446
13.892,2297.8397069214498,1992.0092239396247,461.577184124248
13.892,2402.196941710407,1674.3114713904515,467.9840171460535
13.914,2156.0738001996415,1932.1983445521068,459.8335467603027
13.914,2322.8692945237544,1794.7653402045191,513.718102672628
13.914,2381.3189194692577,1709.4001495579282,486.5950442809106
13.914,2595.267185428194,2015.7467514900836,482.73959365338703
13.935,2218.6667262826654,1663.2165902156041,441.0229788046666
13.935,2105.4604909998798,1660.4360195992954,491.31346347303224
13.955,2089.6394333935373,1769.1253163665808,522.5126177630864
13.955,2581.797598567109,2096.9174041551446,495.4491354494978
13.977,2231.0301038304187,1884.7813929519048,410.57571999571667
13.977,2151.765936598428,1816.0971340158312,467.85708187861144
13.998,2352.6862594065547,1807.2228115342768,397.3662207452817
13.998,2264.8288428714004,2002.0048963916736,449.2766800025377
14.018,2381.819203429462,1876.722556938659,478.70037493753784
14.018,2167.053625251953,1905.8642564082668,478.7638410150283
14.04,2521.74090568244,2061.79108611625,478.3715058915125
14.04,2520.997512054176,1799.4117918597067,522.0863282294606
14.06,2374.507379021707,1819.8567111613604,422.30787947812036
14.06,2387.463284686688,1738.774350675343,474.9288880933578
14.081,2434.9771317580175,1795.9755235640753,456.4941312833659
14.081,2498.8345330657753,1447.4702117830516,468.42396352869235
14.082,2298.4976154093256,1749.61103192524,470.6217402234146
14.082,2396.4487235322263,1741.485479633665,462.43109721670584
14.103,2072.4140641477798,1753.9939031973342,487.6743526511091
14.103,2215.167888214514,1755.3568400070264,486.41636771488555
14.124,1870.7383638928898,1794.9321723162707,509.4488334500045
14.124,2134.4935108961076,1914.0220163667414,491.45363018349235
14.144,2042.0986051279822,1866.4802797037696,504.7667673719228
14.144,2561.416452437946,1876.507499996571,506.0608306948057
14.164,2123.509400557251,1968.8445015030911,437.69034037403884
14.164,2385.471511240363,1803.7271845453465,424.01776389031727
14.184,2658.8875607856953,1631.303968949582,498.4106852767235
14.184,2376.1608434644895,1850.8450609829492,482.93263822082514
14.205,2234.561841559971,1673.3792498973653,492.1192612892539
14.205,2465.8835087965967,1726.6292026310086,477.25477620620563
14.247,2061.194369494782,1829.6142781679002,495.39668208007936
14.247,2256.913356006124,1653.705872603584,471.01881859724693
14.247,2142.2524704040857,1651.5859655881125,509.81012536856144
14.248,2388.3671749406585,1940.297174339187,466.63532849911275
14.248,2334.3174139134107,1582.617508131306,462.3563259133597
14.248,2366.9096205111423,1809.8278174189084,496.21654741913505
14.269,2202.4352820241643,1771.7652226958055,503.7241235238461
14.269,2399.1298224592347,1795.7683368626115,463.73305922406723
14.288,2112.3089327858256,1887.045586072846,475.8299448081889
14.288,2637.6454431727584,1841.1379948923302,520.9264081167294
14.309,2235.6081344852437,1926.0943482013727,503.3197368598902
14.309,2189.7969131174527,1902.0386429662965,487.097232889546
14.329,2088.9187436168227,1770.170081498281,497.52579467463113
14.329,2665.1730792354456,1774.4710281228772,456.8758884623042
14.35,2325.781346409938,1736.8367435360094,481.30364316897453
14.35,2212.0466051351837,1767.975385353494,480.7157270576605
14.371,2451.8913394261845,1924.8337994204905,459.7724309943579
14.371,2262.4410194752754,1725.2216546923105,522.559220350169
14.392,2281.5103137357096,2018.1315287604712,485.64032114453556
14.392,2409.7895811558074,1695.7084447144198,464.82437697324485
14.433,2020.982836609357,1969.8693390145913,444.4604208645861
14.433,2354.511723846059,1772.1595578804333,440.42293716804363
14.433,2058.571456794445,2038.9471284347144,471.5113162275075
14.433,2403.2472717706237,1969.2823636851704,447.54991839228114
14.434,2102.755629284975,1898.0964348419184,530.6414278971731
14.434,2283.3141469559023,1864.6073286370786,492.9929349186486
14.454,2032.1148468457452,1884.6706966905526,458.1364074743039
14.454,2353.2078373371482,1912.4604890375983,450.6914391641232
14.474,2232.6614063352213,1857.744789561062,524.1276982083821
14.475,2189.5438358318634,1788.9845347034775,478.97247616231374
14.495,2403.910843100008,1950.6820462380701,467.1055073815706
14.495,2494.434676390178,1727.9452681465968,441.4631328770074
14.515,2421.1766988816603,1868.5176122061562,377.02549493191964
14.516,2143.902209179799,1832.1133533068246,492.62207556962494
14.557,2208.255750737006,1886.0852799849083,462.7678499274913
14.557,2405.900308192436,1975.3404870081606,439.66509862118517
14.557,2531.9182774324913,1829.0272082474123,496.14966318455174
14.557,1982.3538293593629,1767.7527931133075,410.41279671694656
14.577,2677.151919733182,2029.0487506922898,514.5187281389462
14.577,2422.7350864546734,1954.8754066673864,481.290889155149
14.577,2086.0309767275057,2007.5318378461345,504.834195494539
14.577,2202.1596358235047,1944.9520135581408,470.3980920005888
14.598,2334.8906821912046,1773.1493120287853,490.0879447117075
14.598,2239.862365764769,1797.5478213273768,468.6412327463619
14.619,2305.425603089612,1779.2756102692879,407.05029753546864
14.619,2273.247649464408,1957.616058037113,477.8384242259955
14.639,2220.9395863433483,1719.4611049506157,559.1759640995812
14.639,2317.2489876061695,1904.146827775268,426.85693970197923
14.66,2359.1056757208557,1895.8207063796422,418.7966680412218
14.661,2088.7471306438856,2032.0824579400805,521.967218239161
14.681,2425.6309336134805,1927.7916563270073,399.50147618993174
14.681,2421.1284482873243,1706.8274285522432,421.54686035578925
14.703,2241.8630111901425,1821.121111401319,479.36156437392
14.703,2437.60064328459,1686.1852753848516,531.1339292616193
14.723,2368.6162094593783,1674.8134919545143,484.1070447300736
14.723,2131.1660695744868,1850.0006621908287,530.9479937400384
14.743,1953.9157055247372,1715.513843617805,458.98911186974317
14.743,2506.231118983652,1775.6936794861604,457.30974524800587
14.743,2335.1108768551558,1862.5383618407743,414.35469095384065
14.743,2547.8305753484433,1853.8334205323847,441.0706836366624
14.764,2671.418156235013,1813.124411875267,397.68199371455887
14.764,2348.867740859582,1957.4421107940675,463.5931037767141
14.784,2307.893055091002,2246.539321074127,440.34658116806435
14.784,2460.9830723692335,1879.9014776067654,467.24805389342
14.804,2135.4367888999764,2031.024697868844,473.2149920018642
14.804,2085.508341103756,1854.0229281672512,482.589042220938
14.826,2154.8991224891015,1971.681951764018,523.9051589228318
14.826,2289.6460942643816,2016.736858123741,462.4155730714405
14.847,2533.2490390794633,1908.2686672089887,480.04001914849874
14.847,2130.1653487828758,2005.3038723684413,474.39348262899637
14.869,2260.994323414208,1828.2176175472907,531.834287785296
14.869,2304.440798284786,1998.6446226917894,478.96448941426235
14.889,2252.715783036463,1948.0448409174192,487.49040622117514
14.889,2386.4717942606017,2149.4886835232815,443.79019422840634
14.909,2203.100466362388,1813.349153158793,508.5331930471433
14.909,2499.001902900025,1645.628475511306,448.3701596151941
14.909,2190.9643000899264,1745.3591390234606,450.33987703987657
14.909,2018.0103144231875,2101.9677656352046,431.95716339490065
14.931,2074.350237738527,2131.2302553632994,542.730935783031
14.931,2468.5296614717745,2070.6167800998564,474.6602830445218
14.951,2310.0769038047797,1787.220673738243,492.85763222495524
14.951,2405.7842893123275,2080.093999631455,498.9826784939626
14.971,2172.9785645259926,1812.5394475460653,479.84668856138654
14.971,2140.9543096655016,1777.7587251888915,434.4342709728416
15.01,2228.617937871328,1901.9359138320985,415.21271306494907
15.01,2375.4915954540247,1822.2004701045062,453.47222576895933
15.01,2233.8484503117156,2142.28690416687,502.70612927866404
15.01,2392.5327908138543,1733.909838317483,434.29831785724093
15.028,2553.599639560587,1933.938819932309,468.45529012803394
15.028,2338.496656964149,1816.788277324513,452.5131657504691
15.049,2355.3600164977056,1710.0573076588737,461.67715837310794
15.049,2248.0559342941256,1897.6856026754008,464.4228300848224
15.07,2150.356152116396,1874.7431115001004,480.60394042238084
15.07,2428.2143703741485,1851.0253622044793,427.77889838289286
15.071,2341.206627503581,1873.3312202939628,475.68246514980274
15.071,2427.941134971022,1919.6883809277729,480.6634187633569
15.091,2206.896054924507,1928.545027854032,422.6888661549979
15.091,2419.399260441152,1898.4506227508339,393.97979569359154
15.112,2455.6011729568736,1803.3591868578105,504.93735251259255
15.112,2336.135413804369,2064.839680057089,473.9095174021929
15.133,2287.0499730680085,1820.6050716483392,378.9493820525404
15.133,2171.8654241662166,1995.6163191625305,441.5996412184503
15.153,2264.7653714723588,1898.1725564922247,470.3326129532509
15.153,2145.6745272850326,1759.7555784693652,430.1631667824969
15.198,2234.0492537867485,1852.4742255952417,447.35734561878064
15.198,2169.1345592719726,1895.5265292429835,542.2580890162703
15.198,1933.9434655862467,1869.8016706023698,503.39101823457696
15.198,2228.2358250448383,1651.6925667171408,463.51321711470393
15.217,2466.45660628027,1683.046553999625,468.92515063669526
15.217,2499.3461378195175,1944.2611586455691,531.3001191984143
15.237,2110.7031050650985,1894.8222938024528,500.8012897625248
15.237,2371.695493218675,1734.0969050203937,485.4541483073965
15.237,2413.818605998361,1945.652826629725,510.26358920675807
15.237,2479.214876048384,1818.599275386055,466.226250214259
15.28,2320.24697280395,1759.2840095976146,455.1483401344454
15.28,2141.177228953836,1859.4098766914194,422.6234162002993
15.281,2205.934292824366,1964.796827155721,537.6173516445331
15.281,2487.248165741443,1948.4203621883312,463.84818243760907
15.3,2659.3853966774177,1852.7422193387201,498.23935074317666
15.3,2320.762748176995,1881.6123482797616,475.020426130531
15.345,2481.1687140646677,1824.479994058353,502.37997151775477
15.345,2139.3980798908196,1694.6268008851723,460.30379812255194
15.345,2454.1044227970024,2039.9461124308255,538.6525938737211
15.345,2140.8972469386626,1836.707264318226,471.95900809942964
15.363,2231.668953085458,1739.8735157788885,436.5972153591856
15.363,2196.9912042082337,1888.1354103232136,494.71589119847016
15.383,2489.3242627573163,1925.4357302588076,470.41673365740854
15.383,2422.56569639851,1889.0066318760644,429.3992189833218
15.403,2598.9527106214705,1903.5303512484159,442.3050453406239
15.403,2178.009312855172,1799.007614209885,444.93592202207253
15.404,2459.148680766518,1746.469892044715,488.5451758210223
15.404,2386.58965768701,1906.3033969355563,467.26176901058597
15.423,2497.3278338285663,1825.924044539703,517.9877140565097
15.423,2206.668350897386,1819.5351763353808,468.19091410594945
15.445,2112.678240169358,1754.3151657874714,479.9853802052841
15.445,2365.4948938397447,1891.1659215163106,481.3341808153508
15.465,2491.5384641856717,2015.2439700951359,452.31616380131885
15.465,2332.7057440926746,1854.117615000618,489.06730875870755
15.487,2312.8114975751478,2054.3282073790706,456.0193116316728
15.487,1942.9992326762786,2033.5283306656515,480.1743894911025
15.509,2455.7383489825856,2072.575442488483,417.4978882031632
15.509,2149.6463392337123,1835.9718746709518,434.78893878475435
15.529,2384.884758733197,1696.5795142973002,453.7812194440497
15.529,2244.9316019758794,1839.0617353971231,412.43019752214775
15.548,2404.46238248385,1617.0876240594007,447.9346734133538
15.549,2150.1050811410346,2009.1793596128928,492.0308870070011
15.57,2372.6989012916397,2002.938299896288,468.41298762580965
15.57,2367.638930425246,1977.6542657141708,415.44427917077485
15.57,2328.36093838641,1818.4433165279293,510.07612034353133
15.57,2452.4583833237216,1732.3019121756029,417.02212608190877
15.594,2079.2643278829555,1904.7914506709355,478.8658355165801
15.594,2186.9153810523535,1778.938215657906,523.5588834151891
15.614,2306.332638664249,1681.733260836274,421.71007757368653
15.614,2200.1632027163473,1893.56138783541,475.9023251828845
15.636,2176.401671581549,1768.6654428501322,392.8577292472353
15.636,2043.295095572006,1716.6447687080074,467.24863964727774
15.655,2392.535430092419,1863.8154433211869,443.8778909404916
15.655,2387.8666463712434,1950.949551907435,443.55896183229476
15.677,2207.5029947560565,1934.9493344307637,404.25220671434505
15.677,2437.3371570253566,1999.3437913980354,515.0654805335791
15.697,2260.34118587937,2003.1113173630968,475.4078477539041
15.697,2212.4737270334585,1938.5036612450258,509.62802141769737
15.718,2643.324937918853,1756.9735654945212,419.49618634766205
15.718,2267.9555038406784,1695.4214975349394,409.1699473456859
15.738,2240.6929248840684,1791.6982842046027,455.2846457334147
15.738,2297.4644903355916,1806.3592352488201,471.0567774094296
15.739,2481.196501574305,1865.39121740789,534.2398989174403
15.739,2039.8474350882786,1768.6275980476353,503.29667945418123
15.758,2129.6753518684354,1914.156258813551,514.9634871496721
15.758,2375.54212594167,2043.2428429333318,444.39405301937325
15.778,2343.9907571634467,1946.7566191527724,461.3340094344389
15.778,2398.605986093131,1755.5831290279455,416.9057822098326
15.798,2522.589018267413,1911.7652483749073,501.00464531677346
15.798,2569.5032704598234,1861.5966793555617,504.0708433650833
15.82,2394.542347601529,1908.8106797286184,499.61061990273515
15.82,2730.713736034752,2070.630969357173,476.4464357725017
15.842,2260.9317086487868,1928.269621893004,517.3130997395753
15.842,2611.5641957799867,1811.0130244624452,470.9769785351932
15.862,2165.749239478344,1810.8173576880577,472.40314980101675
15.862,2310.50686069368,1740.782158172312,490.3610183434116
15.883,2260.0850960973153,1920.8292041136338,480.5436431860666
15.883,2438.0371558238608,1943.4583348070232,465.9803340018532
15.904,2113.29949826583,2000.834427624286,476.5741060458664
15.904,2279.4697372102587,2014.717199133703,479.53841881586436
15.904,2514.2146730844233,2042.905884165317,441.2924834402412
15.904,2471.3336239843297,1961.9061118547415,450.22890575048586
15.925,2399.3738178346066,1732.264384788302,498.66013958149625
15.925,2380.410269932554,1853.057823115681,525.6638946089979
15.947,2462.938885801093,1763.330348382657,494.43713427965724
15.947,2264.619484731849,1886.0857834698086,482.78366846357153
15.967,1974.5517952964944,2094.231557102905,450.36182997948345
15.967,2233.4661230383767,2023.1293274504615,415.82756956356167
15.987,2344.222783897123,1567.8331985000686,399.7237185908425
15.987,2333.1087333399996,1886.7657337120033,502.1561100796548
16.01,2412.15479828288,1861.168115898509,450.1131670230838
16.01,2220.7845547583543,2021.5153389664285,421.8433480569607
16.029,2280.3646573777746,2131.7844596359987,531.209766736928
16.029,2395.4922081806444,2001.553647157122,479.3523559146558
16.05,2443.710388488431,1889.2469680779095,461.5601713605794
16.05,2198.746223733492,1691.5509469839928,417.13538755113376
16.072,2307.0334024904846,1821.5112888061547,460.9835862991224
16.072,2539.3636030314156,1746.3105768032437,471.72649731126404
16.072,2030.378662425699,1704.990361356981,426.65460060386306
16.072,2089.4902863190878,1863.0526715318827,432.22779546722353
16.092,2385.515277147405,1870.195493909396,484.8914124871858
16.092,2388.7573659790487,1839.6161838192484,492.5468045753875
16.112,2239.1052981895646,1784.1380372169945,526.1108186383049
16.113,2336.935951346791,1926.9109652891334,440.1242362190863
16.133,2398.244497330747,1876.896669827599,486.2107869272709
16.133,2312.7669634914982,1921.1174843399501,469.0494459575727
16.155,2390.18939199865,1814.2088949685321,487.13449847866417
16.155,2215.290306873696,1673.1773153528873,480.88655210321434
16.178,2357.6018012632826,1801.8721517843107,422.170441936607
16.178,2340.26203997615,1932.1562790562477,424.6610577483185
16.198,2134.196437603425,1781.0347370183074,475.1039619258349
16.198,2561.29484970463,1571.9710565508947,474.1422784435278
16.218,2448.144927871478,2072.966708349274,485.98149037028287
16.219,2476.0468873588084,1875.7510969984676,437.8499413044055
16.239,2122.4353840590225,2057.72325756374,511.5625387466973
16.239,2456.6670335379945,1817.4230428700903,495.18848218038073
16.239,2110.963977974135,1907.4697962167807,428.52511635002315
16.239,2205.6907724813354,2021.072210649851,425.6303189918257
16.258,2467.2053828909175,1860.3779316999824,473.334217918506
16.258,2164.826131050493,1760.5648187213083,458.21066061805675
16.28,2314.0922369661935,1894.4653499601511,446.52165779693314
16.281,2009.8595561566142,1780.7748637798873,470.9527521738819
16.321,2170.9248219314914,1967.0400841958326,494.3514086559212
16.322,2113.048968619556,1713.5786295384032,492.70745318221844
16.322,2392.335383561615,1834.5891300946203,398.41917808344255
16.322,1918.4014723532534,1848.9924899232,437.49524296920487
16.344,2241.676205921219,1929.9772925742427,479.98134906406545
16.344,2228.7743508544972,1849.4910630810916,427.4866209864059
16.363,2286.2332963956856,1826.534375712077,534.1050291996492
16.363,2211.461708571594,1662.725212632146,497.7984262541676
16.385,2130.7891712328865,1746.7037732081071,558.5004041236134
16.385,2232.238463374486,1775.6886760193913,486.88601153547023
16.406,2076.3565021583327,1918.8278235551527,491.4009207742646
16.406,2368.164683563611,1847.0797733794882,452.49827040394774
16.407,2370.744080780693,1858.7580930495405,424.6897783554082
16.407,2278.508459503104,1912.566462693728,438.5866351457531
16.426,2491.6013882338725,1636.8424860479836,483.6162470728732
16.426,2221.2860506341476,2042.0018801833141,498.26644761530133
16.448,2380.284464241149,1948.8285459879223,443.7329972946851
16.448,2605.5926875104387,2124.903243370965,502.30404286555637
16.468,2166.204469332083,1959.3492945632522,463.656482638843
16.468,2300.0210922745378,1789.4448395202405,504.99312047075307
16.488,2034.1565085881234,2227.9919257272563,413.3344103517142
16.488,2402.4691520631177,1893.9942352268547,484.98351650109606
16.509,2287.6905972698237,1906.4107015136708,442.28485777451965
16.509,2244.7329688576747,1840.8033606874606,423.5454816184191
16.529,2167.6401177117073,1932.3881567754502,481.737317986049
16.529,2252.025048680328,1902.4578788504487,546.8971321271412
16.552,2309.640939883481,1803.1636192204746,457.76799063585145
16.552,2264.087100811778,1899.747848677954,483.49270238033034
16.567,2110.516016396403,1884.4087419278248,424.35460145897656
16.567,2327.45765939087,1853.5471801791418,443.9210062031867
16.568,2271.6959558761614,2094.036678203781,456.5428772490036
16.568,2098.915439029911,1967.1897908736678,479.9295976180002
16.588,2226.6739976800336,1843.126944622314,402.6389876650388
16.588,2187.8738308044117,1815.7755059620172,457.64856000440625
16.608,2382.8553159869925,1938.7856243715696,481.6720631668424
16.608,2220.077493004802,2110.5393233806567,475.7353974613192
16.628,2280.7949316331747,2136.1161871928343,419.6789157716029
16.628,2188.6170311949527,1764.633184028999,433.2701871045896
16.671,2105.1441049671434,1734.8818764182056,484.5119438549132
16.671,2215.67393573944,1884.6183845049102,511.31749940530364
16.671,2142.3233710898626,1935.1626441116955,472.23898605330265
16.672,2257.7384504432343,1867.987752785578,467.8550381114068
16.692,2279.767863166936,1805.7826288156189,520.6646023106712
16.693,2118.101701986849,1790.715909056819,484.81872024759724
16.715,2056.8759674624775,1978.4300145248246,460.4782727939075
16.715,2620.3960240916763,1540.4418364766502,443.17002904935646
16.734,2321.800957113848,1999.6386601893128,524.01644987452
16.734,2253.9604004556672,1859.5805947353026,468.4508835973726
16.735,2373.0254256615312,1760.6734603187942,473.77354751866176
16.735,2417.3475468364277,2017.439089936189,464.7890372167529
16.755,1876.7934947046474,1894.134317690209,433.1958473058909
16.755,2212.14166678835,1825.0638030903224,407.42686651072023
16.775,2433.27508663395,1706.088023220163,462.7184696781949
16.775,2236.782569599166,1700.9334667158334,487.5663409991008
16.797,2467.9112343408183,1731.6961063279523,506.596016626882
16.797,2194.800579376611,1944.1843093721404,512.515984786288
16.818,2397.2661281455757,1757.1571273008308,443.32597473914245
16.818,2425.9370738783205,2141.9631412546573,452.7571944002159
16.84,2333.279352056009,2090.405809961133,416.04059454839904
16.84,2381.082858131444,1927.0766449518874,450.1232179466463
16.86,2308.5322216805866,1774.7145705173307,510.86947929243195
16.86,2408.9419028730335,1898.0480649338078,462.63135651261285
16.88,2202.512879525703,1505.124874517816,449.522443805013
16.88,1971.3248812536365,1678.9427051609837,468.12763730395505
16.901,2469.3760431192795,1835.9029786804917,440.3834736150882
16.901,2120.0200625991693,1823.8328186705535,401.5807758475713
16.902,2352.784574847689,1905.5810035948086,445.35019353465833
16.902,2349.408991770856,1902.4963074396333,448.6307440074053
16.926,2274.659625887592,2014.1044161757757,365.34832381038586
16.926,2101.2503254404432,2238.7137181615158,465.9387386147205
16.943,2371.123215217993,1646.8906802909148,445.41798675849316
16.943,2251.5180867908734,1791.5035801439185,449.08553517338146
16.966,2290.391875361149,1807.0984434159027,398.80774006034693
16.966,2318.181255769785,2011.0004747902842,464.7210895603029
16.986,2150.5341154562,1913.9529828532836,469.0267988214104
16.986,2210.438972826215,1753.9877851968838,491.95246387483934
17.006,2114.4727727096506,1784.0142514559589,469.5223001797176
17.007,2499.1822980137536,1676.042657868503,485.5569584966957
17.027,2302.456779683896,2007.074600700539,429.88917197615353
17.027,2394.0795113695162,1904.678026407746,469.3885870421435
17.048,1970.1018156433597,1801.6782959405255,431.10970217939575
17.048,2227.4729133417445,1724.1480161319464,500.60163134247705
17.069,2327.763249145673,1928.713316502946,496.9295353547372
17.069,2596.6059133244917,2064.9646421977454,447.0281437789825
17.069,2250.5302570318067,1722.819042694235,473.8558130609346
17.069,2204.618383716589,1851.067547681737,450.34296437593235
17.091,2381.0175552694254,1834.233704397634,407.55178440134824
17.091,1945.891344585161,1530.4522012893246,447.4199091304841
17.111,2239.184937243177,2026.6347653324708,431.0647882215931
17.111,2171.80245620483,1620.2865595892467,510.4913306244579
17.132,2132.717893537509,1860.9008884865052,492.7405529233688
17.132,2115.9320479867883,1713.6294581616135,458.0086160225346
17.176,2586.664466569002,1906.244889698921,512.404053589397
17.176,2144.9639994516438,1968.7453211920563,479.47302302786966
17.176,2351.473222762578,1904.2564267165315,457.809235928514
17.176,2243.190529336174,1932.5695058046022,398.0969681243659
17.196,2216.331952223447,1832.2655790281024,535.8992075729753
17.196,2604.4071958787863,1943.3464759889046,532.9370966795021
17.216,2050.2583297629994,1832.317706594731,519.7011176362755
17.216,2234.3614635133677,1816.9767403368517,473.6080398705948
17.237,2488.4587147543475,1916.4692151278482,481.78913253372906
17.237,2050.46853936186,1813.208943770065,448.2145099146459
17.237,2262.345823304878,1861.283330193377,483.3401901363573
17.237,2270.4003735474553,1793.4393816127815,438.8155655454617
17.258,2267.170899828718,1876.640226779079,433.9644087096472
17.258,2445.985718040583,1927.9150688196244,470.9691182592533
17.279,2469.3974682574017,2057.23232327019,415.7095592131556
17.279,2200.863828472286,1822.6155487089104,479.0803680310251
17.299,2359.018089262512,1637.2192686377584,457.4122308165069
17.299,2455.236207037357,1995.9249839481313,512.3663097901355
17.319,2317.148259847708,1996.7462352931561,469.97158853031794
17.319,2120.0752329296733,1980.6775961302978,447.127673985276
17.339,2404.756473418543,1608.2056625218033,489.8829983160213
17.339,2212.465499787079,2011.7208035240117,461.6158627779249
17.36,2333.895836463136,1696.6527808861933,442.4989778373991
17.36,2230.263251046087,1727.008928795025,515.9436601081641
17.38,2357.7309459641037,1718.3268135396663,475.94195283519304
17.38,2272.5092998915397,1770.7155241242303,504.8594487090782
17.401,2414.9235256699603,1875.367629900053,525.2472644804974
17.401,2302.7731495351395,1817.36247710678,512.6727118556197
17.401,2026.6618199828472,1927.9618907361807,449.3283894517929
17.402,2382.769124111562,1571.750312179685,464.9910952021523
17.422,2231.3984862964203,1830.3349367701517,469.03672637436426
17.423,2404.0611188667335,1955.672038341837,368.5659784373688
17.442,2306.378463137909,1840.608312863485,478.57774494154285
17.443,2232.1479199302103,2000.67067646042,462.1072308728323
17.463,2233.460344621744,1949.717363495855,414.07479036767165
17.463,2095.4052690098406,2099.1410127657,401.2052294490947
17.484,2599.107098893835,1923.5876465574602,526.6718049287099
17.484,2177.7623520667034,1862.0466144112825,430.0344758457967
17.504,2227.516600555571,1808.9377561922379,409.7808355949302
17.504,2386.9519960725347,1937.1622900485422,521.3537641790025
17.526,2247.344393047176,1859.6742726427829,431.34009512264583
17.526,2476.938483150301,2006.3866401750254,467.96847194027725
17.546,2409.087044240342,1826.950197902224,410.0784915669858
17.546,2418.416646346303,1732.3042405716367,436.43558538754434
17.567,2483.4394805886445,1773.5038055045616,528.5094998865841
17.567,2218.711462897944,2086.4330343781985,452.4760841248377
17.567,2528.3938568786157,1891.8364238964043,487.2757903556907
17.567,1849.5799471950645,1605.5678526037727,496.86063537187385
17.587,2183.327526457791,1820.0889285112037,399.7952454703602
17.587,2192.453516421444,1813.0938226751757,501.1294730048851
17.608,2590.5669607933796,1845.7254673597124,457.2211993036471
17.608,2346.715938257958,2064.7640739308895,466.5372409498623
17.629,2193.5529906645597,2082.7076687256795,528.5916137262991
17.629,2134.226711827058,1861.4879124446506,490.5252544545808
17.648,2053.838910744008,2086.9116161224483,437.1450953411758
17.648,2208.4905457559153,1936.7818045955967,455.0812631111232
17.669,2495.5593345597017,1630.0060686415527,491.0728116235278
17.669,2302.947584646837,1790.1603226107957,457.0158433875678
17.691,2341.8816995306493,2175.284790323891,468.16125447057317
17.691,2153.8635549237065,1653.9598140633761,473.7582161864702
17.714,2249.1840387780157,1711.0302964343534,520.4489083186116
17.714,2032.5351162018344,1731.12345592298,493.5657209933079
17.734,2459.3512236977895,1674.0251891814441,462.4089449935219
17.734,2120.3790436164154,1979.4381443131056,517.1427838500092
17.734,2529.132421290423,1863.5820595845464,506.929296558611
17.734,2370.9767117838346,1805.125971496915,459.734904412467
17.756,2532.892608005945,1872.9876502433879,468.1386632740695
17.756,2584.1202204067426,1949.609756561061,528.91572291586
17.776,2322.9319089172745,1656.7041763135915,448.33551173414696
17.777,2303.812772835371,1938.0278793994673,513.7765502763295
17.798,2235.7471398295725,1764.620625518647,476.61373366864956
17.798,2403.657190067155,1906.5340752722373,403.08567220919036
17.84,2237.0038425621915,1718.5880796294064,501.091947354859
17.841,2346.686693447681,1818.6772345841764,492.60843520683994
17.841,2440.9732249857407,1643.3168580031975,508.2319107554824
17.841,2070.307298967555,2076.6449736864724,527.2899843750929
17.861,2580.6164081190586,1751.1540912688206,524.2578806841613
17.861,2104.5390562475263,2001.9515319851712,515.7342024624402
17.884,2363.311050232036,1807.0898995909613,483.75440532367855
17.884,2320.1876551476757,1871.275718470705,495.9808825862292
17.905,2242.725650643273,2039.3589250439768,497.07794205296125
17.905,2204.843180539451,1963.1517586589698,453.5910643381072
17.905,2284.0988377233302,1840.553073950618,460.94774970615475
17.905,2673.125379417363,2128.30725409335,501.9491817338284
17.925,2149.4708132179426,1552.1085210629965,441.2122331110062
17.925,2557.982398555998,1580.3506670849597,473.21562057471345
17.945,2188.918242210112,1803.4782170175267,465.6804614043927
17.945,2504.8015913262443,2004.050781786851,513.0567867697285
17.965,2202.5080048197547,1906.2163355436862,475.33236376878455
17.965,2242.676228102945,1906.271904024289,442.33238859304765
17.988,2193.6354540565985,2160.3078028580694,480.3400675547301
17.988,2209.498015033513,1942.7555526445485,469.72204053425395
18.006,2114.701838798862,1907.4980854345044,506.59884625961206
18.006,1994.5889968451281,1712.3965808920923,449.6346780302289
18.026,2206.5167002042135,1982.296372072859,386.0151745753035
18.026,2377.2644090746235,1750.1132942122754,472.2410683706606
18.047,2197.1303666685812,1948.3566281681567,449.2543360678053
18.047,2585.0074729127637,1874.4793466656522,464.34325457580496
18.069,2247.2993961791535,2087.769683744541,501.529112154824
18.069,2478.410650382581,1868.6946063876978,450.7552606589527
18.069,2316.1938709643387,2027.7997377668255,498.7669156790675
18.069,2283.438242592892,1833.9083216948234,514.5749823029797
18.09,2258.470872252617,1804.1162616903443,458.8384846235057
18.09,2415.488406317504,1941.6296615881624,495.97786925876227
18.11,2160.3697993594365,1785.0189842031114,420.7077937759309
18.11,2586.1321272917285,1918.8260923279818,476.9166697104429
18.13,2118.3698924713453,2124.7579847100105,413.7130172011913
18.13,2054.603016033003,1889.4181717153074,481.9748498574544
18.143,2328.167378219685,1599.6739742595846,496.69042547075765
18.143,2281.9026712692107,1926.4126153545596,411.02075930681673
18.163,1934.3947774140568,1623.7987164088327,479.812675613881
18.164,2279.7576991350206,2143.1823679668078,478.1206851191729
18.184,2028.7540454429097,2010.07980588307,456.697896951081
18.184,2463.2926361327504,1782.2751931862315,398.8333113203444
18.205,2488.5673985926824,1717.336543051702,458.1466721534494
18.205,2363.734958795605,1887.1299148939434,498.52244870769283
18.225,2497.592667795711,1795.3170757919206,479.33890565618435
18.225,2388.125349499539,2029.9824686029947,394.5092207545857
18.246,2502.524810562108,1815.3921106760715,457.1772979465522
18.247,1989.4139995967348,2069.0141530330275,483.0654032816185
18.247,2484.925849678215,1737.991611960301,439.5585056189492
18.247,2440.9735368959177,2044.037562082151,484.7391464475379
18.267,2364.3178014449636,1802.5331877112412,448.0918532432277
18.267,2362.710630232718,1880.7208327921935,400.31641429831575
18.287,2185.8566997900884,2140.677791521922,499.4738530906568
18.287,2369.381420421596,1861.7094435948034,458.443948394004
18.308,1936.0086452889718,1776.2166295975937,476.4920279979907
18.308,2270.8407633872516,2079.8907459832426,437.67253633594146
18.328,2130.732141853372,2073.3092867818077,433.1597928363068
18.328,2422.4953161902185,2001.6764550405987,475.2081888271018
18.349,2224.4091402696263,2168.71403786016,488.84522492208157
18.349,2276.253345015965,1984.3015817994722,393.92179063730964
18.368,2204.8848441071264,2117.179180341991,513.1972146195378
18.368,2325.8342942025606,2133.356692990733,495.1094051482541
18.39,1984.6082560673156,1901.168762614052,484.4755882622915
18.39,2184.4967940871134,1837.5273849896382,449.31154754563966
18.411,2336.4954596630005,1833.6616818992286,422.62282954982163
18.411,2031.979107866974,1512.776139851011,506.2015103879192
18.411,2455.852607360961,1701.8572391359135,479.8619205507345
18.412,2532.9339509701167,1794.7307063453916,499.8983873369915
18.431,2085.808940547905,1693.7977105967461,484.1654400596226
18.431,2131.6525404765416,1809.4091551610932,478.3508641204642
18.451,2058.5433959580723,1911.6597153468674,453.9560941499671
18.451,2423.038494603581,1829.7216992358292,541.1817190309183
18.473,2329.419160099141,1875.085581030523,434.95839839997063
18.473,2063.81383126166,1828.7889606266792,514.8000123802183
18.496,2228.913756807535,1655.4809813720576,481.9341806440257
18.496,2416.166392705025,2065.3378292980865,483.69824329143637
18.515,2035.9745153339086,1902.10459754022,475.9678931687128
18.515,2254.708685709025,1782.5165028834144,466.2516413888751
18.537,2162.5106957957723,1991.5552706283547,415.8426082326134
18.537,2213.399726918242,1529.302041194308,462.013066965868
18.557,2343.920124601407,1940.8892229005792,447.85133657178335
18.557,2273.7695134322344,1800.3471951248155,519.1063005565326
18.576,2535.623485601844,2004.3045809637708,460.1962555941893
18.576,2179.9621459815007,1759.969076163393,441.6638707992952
18.596,2292.7345018718097,1666.7656793134074,456.0337864326144
18.596,2251.071569896153,1794.752208125947,486.40603334479385
18.596,2018.520100065369,1714.178030898504,512.6228024837278
18.596,2471.580175552397,1865.8581656267595,526.2484287657545
18.616,2075.8894275108364,1793.435400111313,507.5266769361454
18.616,2402.0229872542427,1887.7887413306923,525.5676069286378
18.658,2128.3439416196506,1941.4286616895902,546.9159837841955
18.658,2010.4191308738555,1747.5401897014356,512.4076151358362
18.658,2279.7158062337157,1760.4393616322827,530.595954864221
18.658,2309.6680924951897,1850.809215064609,518.4293104587385
18.679,2404.3793072383733,1941.8829825031803,485.3408431177363
18.679,2263.1797224850093,1740.0713694603496,443.91783081871233
18.7,2218.604629675446,1746.667052150165,454.66967570670164
18.7,2405.6177674143482,1841.7931184836696,471.3997810137039
18.721,2223.087927863979,1776.8475060822193,449.67920443214706
18.742,2139.708632765617,2037.7887733391262,540.1353464644117
18.742,2255.682949988665,1981.5959991526606,440.4220204498754
18.742,2505.0135395922507,1775.1645013094321,478.6635941099249
18.742,2305.0021525290567,1969.4130744516065,436.67892631363065
18.764,2198.4998380019415,1687.922179162832,516.0961343426234
18.764,2164.86363262389,1863.218360859536,485.70075631193293
18.783,2694.5413168489627,1926.0842049514863,456.86233034145334
18.783,2494.852680447738,1823.8987257598628,460.5726315625196
18.805,2513.537033221524,1856.5472053425692,470.8828867247255
18.805,2063.2610648255336,1549.6293955492986,432.23789787548986
18.825,2435.651804338729,1984.0097506924103,471.342802804184
18.825,2342.7486654746167,2004.441284415848,471.1992353837143
18.868,2459.736997647733,1696.536836291023,465.82259198151706
18.868,2402.049720753353,1780.0690925320996,536.0023463769058
18.868,2282.55146643968,1886.061316349171,425.78064405294117
18.869,2341.081496172333,1660.0157770870726,521.3191618795229
18.888,2371.5989807166993,1890.6744663352943,431.7982370024096
18.888,2556.37070233456,1874.6840104941398,416.68441339625514
18.909,2510.1174730807566,2057.7039065484737,446.8978459280029
18.909,2132.7173782906475,2166.8649782433386,503.869848628223
18.91,2493.707634158711,1982.5082763390278,431.4456944500159
18.91,2603.5927481733165,1615.856648875499,470.3632051306038
18.929,2305.429151022771,1759.2801036140715,463.3779236621358
18.929,2098.737764958688,2066.004626032286,464.6906092801993
18.951,2257.8566808634423,1971.9528324184846,412.3520742294707
18.951,2190.559322545857,1868.0275645367,436.0208450360069
18.971,2094.751070419854,1662.7856191104302,498.17375709725314
18.971,2368.8477452004927,1957.6373942638695,475.9027238077296
18.991,2357.6632508922216,1902.797126858085,496.6549970427924
18.991,2484.3251701029785,1829.3245302213825,452.27704422111674
19.012,2345.1798040708077,1633.0573732493683,473.2281251284987
19.012,2344.3457349209375,1941.9022243211375,504.9805938870492
19.053,2631.4990526733995,1743.018382864249,485.29046730270477
19.053,2225.757266666439,1708.2083940830398,465.84109210170453
19.053,2368.6517876200114,1751.6851618845933,470.67297172254155
19.053,2358.1150908866507,1654.61988080975,443.96036961754356
19.053,2349.1941458765095,1809.076802364088,537.6676492499006
19.054,2193.6328485474246,1653.0356904189898,534.6497612964525
19.074,2084.365855542512,1911.5487345414786,496.70344437940076
19.074,2349.3440337674124,1882.9815519940585,429.9032244249726
19.094,2584.05160062214,1682.968744225077,498.3012704801008
19.095,2332.2650818135126,1828.6499534197565,427.52987707929105
19.116,2299.5042911357145,1666.1780877208203,455.68926413776825
19.116,2475.1187168474685,1610.046745424983,438.5001787317889
19.138,2398.939688814285,1876.9007696401136,487.8367183508167
19.138,2274.064937006308,1782.6042410847642,482.16820092018196
19.157,2269.9070941308423,1781.8450955498577,419.39427997034704
19.157,2380.6061318456796,1778.1263478306344,481.23890230850395
19.178,1997.3439177468529,2050.587643402262,466.01887994248614
19.178,2225.0869006879443,1672.1351900670338,433.58513702945635
19.199,2199.150315293556,2000.8463930692178,460.58608965025087
19.199,1985.1497061095297,1854.9032685549216,483.3289404873135
19.221,2141.982365982477,2002.4568051300873,499.57342519852267
19.221,2318.5476971052744,1845.8439934945336,492.0654103201102
19.221,2354.1960917074202,1911.026178333939,457.08396493698325
19.221,2225.8933537206726,1885.51714797709,451.824813456819
19.241,2376.186648302413,1973.269083492613,506.6765352388232
19.241,2339.2371211638692,1737.7958434131006,473.62053363588643
19.263,2120.2623441721485,2031.5667608496174,479.10966483874637
19.263,2334.830282991028,1909.3951330171378,510.5622347339514
19.283,2323.1193678884056,1963.799763636949,509.8373333205495
19.283,1966.5999759338774,1866.7143213743805,458.01860702467013
19.303,2348.722053300579,1932.9995241671725,471.83117324421596
19.303,2347.955456617197,1958.7432816922485,437.64703542031515
19.323,2387.530546780087,1869.4236763828585,439.36477110376745
19.323,2258.0841436540522,1910.4734729953934,467.50897034958757
19.343,2086.944273739499,1693.7798180537266,504.1019512087561
19.343,2577.027466928135,1825.8930062006875,426.5448693902051
19.363,2365.4679551745608,1865.1054722575307,494.29088683235426
19.363,2539.622119724374,1771.5224814108237,482.0469550473251
19.383,2652.3531086438393,1996.2395814183517,466.71649157521347
19.384,2105.505354902279,1965.5333921982335,474.3444762381946
19.384,2108.961814547246,1898.3732431279793,498.6925976626742
19.384,2292.039488189721,1695.6310959566613,482.10288349474195
19.404,2178.839833498235,1812.8466295925566,449.8284102346419
19.404,2219.9546871921034,2065.3532031540813,470.2744909302139
19.424,2269.4163424031494,1754.7951878876743,469.36684697616016
19.424,2082.7341504648457,1806.3770934964116,472.6139992538244
19.444,2714.427754054032,2162.7293853059846,419.5069930349477
19.444,2605.6541253740947,1690.5665270335774,475.86633874689375
19.465,2077.062529739208,1703.0772600449636,381.31877125069127
19.465,2305.298844025092,1745.5622324776148,439.8939767313064
19.487,2373.53815478662,1916.896617500781,459.84409168141536
19.487,2223.619412467478,1853.0980021101107,505.24132828033817
19.506,2290.0984244284014,1732.5405329966468,460.27249540989146
19.506,2135.6708162430336,1809.46760567386,413.67553993235805
19.527,2347.455935052685,1981.3655973658158,444.75192038078785
19.527,2435.5659863050314,1712.3421194162588,509.7797163422081
19.548,2292.939865480993,1569.1039675062127,466.9934389470963
19.548,2041.255140564236,1715.7940297267646,493.84863712604897
19.548,2127.2342755647514,2027.1411842248829,502.3957724833416
19.548,2263.0939440276134,1809.8774835708816,467.5810847578481
19.57,2390.357517188073,1944.967757142775,450.3172651845603
19.57,2374.1391612024577,1759.6555116029556,574.4030365507209
19.591,2054.0405835306474,1967.945986093987,510.0732200828654
19.591,2128.6842571776106,2026.234847031583,481.3738352960655
19.611,2280.673272013622,1879.270481996742,464.9395831183334
19.611,2231.315793284239,1701.6511792198573,453.43697508894957
19.631,2139.9114756639224,2261.9985150225825,453.0855122130653
19.632,2282.4690410621706,1860.8163774542982,450.34458148506985
19.652,2064.0478483920106,1767.3443560260052,458.85988351551117
19.652,2073.3949343767395,1680.5667650280857,475.46935074829287
19.673,2427.516063254179,1743.2736868318739,493.92576999035157
19.673,2302.7600441972795,1590.726714425786,480.8253339440773
19.689,2418.9809989885057,1828.5512400147152,502.1563150415867
19.689,2139.742294513961,1742.1051277716128,499.7168560311698
19.71,2171.5605255788596,1813.800035863457,430.3665032355285
19.71,2608.3050501808225,1956.9798108689165,384.4013907785566
19.71,2210.982928383338,1996.414806350585,546.9770761285486
19.71,2160.3460849020844,1812.7759042938258,445.5567304227938
19.732,2038.9264307667256,1713.866370054086,400.17780557151036
19.732,2142.2859643902266,1676.9611480912438,438.22534957142705
19.752,2416.6653772075024,1900.179599004873,446.01385562130963
19.752,2033.3565494007821,1786.13869659917,463.3225520856301
19.772,2188.117424712922,1988.1071700477248,466.38112720550964
19.772,2408.615021384736,1884.6083167177019,479.77127283051846
19.794,2271.3923358321654,1982.337383295352,419.4725033009045
19.795,2048.055970858245,1922.8576814631404,474.9041181078716
19.814,2482.3897420690273,1718.0257781191463,483.26588597268716
19.815,2370.6072347538575,1741.3329810058708,438.63332041255984
19.838,2114.8439536110045,1831.3126162292467,481.23985446296524
19.838,2123.7701823285065,1778.6630497330154,508.41428565662096
19.857,1994.8345253961193,1847.158193968719,462.92623010636726
19.857,2243.001654357953,2108.476441322323,505.6812539433929
19.898,2533.742291373075,1771.3978193157172,513.2467606838774
19.898,2338.4183840898386,1570.2210888084073,466.217994654224
19.898,2387.145901379679,1616.334614884449,479.88752155362545
19.898,2397.635765316831,2033.71873872158,479.8099007728938
19.898,2232.120403631881,1837.7734323179493,431.7464207124349
19.899,2791.6321717868695,1896.40764025702,497.6152337941837
19.919,2214.0755114517656,1906.0182695200424,514.7558049495635
19.919,2699.251055930587,2042.6189223710653,422.1083366243343
