Time,25W,25X,25Y
0.008,2011.3600120309834,1703.6265445123015,1970.145554067341
0.008,2108.6556150331103,1587.0088109346768,2066.7935716691713
0.031,2126.6658629998515,1794.1345160970448,2078.2376431787693
0.031,1974.2540840799265,1696.0467566834309,2089.3632978821106
0.032,2126.2989278703494,1652.7854276117146,2093.615381734819
0.032,2118.662482348464,1767.6659839284623,2058.3235828806087
0.058,2312.6844990771447,1707.1898806156482,2104.3920413238397
0.058,2095.740038502951,1752.905981536928,2095.5172288953895
0.085,2077.8703461115597,1670.6285412128143,2116.4700491364206
0.085,2085.6205653387024,1687.2263691964533,2059.2549572994767
0.085,2189.9775342986977,1693.2562632349347,2074.0337881198707
0.113,2225.811068079238,1602.184938262529,2110.0633178695953
0.113,2109.6291269204207,1681.376123878866,2094.764094236719
0.14,2148.889964419992,1692.0439911647,2057.3560561602803
0.14,2121.3607350868165,1691.279056072317,2099.5571083106274
0.14,2089.116465166196,1679.6119644244059,2097.8432313663607
0.167,2124.96468594574,1710.1319877004853,2000.693211229855
0.168,2042.9050987111875,1624.7929194598846,2031.9954476926625
0.194,2107.955781211486,1752.1679672366818,2112.7407013293623
0.194,2061.4146365836227,1756.9255153551107,2073.426536345728
0.194,2160.8983126066673,1700.0577809080014,2046.812847235822
0.194,2088.0262530265754,1675.457720435078,1996.0954512609546
0.219,2100.855479295991,1770.4649029615505,2085.284342236887
0.246,2215.344633444462,1704.0009170200458,2162.471623573702
0.246,2152.976755934813,1827.0560449080658,2082.0266847638995
0.247,2130.978615889174,1621.6857834591076,2069.1691606860795
0.247,2164.5842865684485,1656.6079040413256,2206.784668273217
0.276,2134.3391423820435,1728.2134948266878,2132.6979637982045
0.303,1966.6662796653272,1668.2462572514464,2153.3192159815094
0.303,2188.3414055733438,1713.422215488318,2028.4948495927097
0.303,2067.978828707037,1656.4793949524956,2032.7633842028524
0.303,2067.8066814563367,1844.236886904615,2137.117367582028
0.33,2235.1902083589653,1705.2262118148278,2019.8364778153202
0.33,2238.1353831451306,1730.1844933139525,2035.036780731243
0.357,2131.429716106873,1749.6599853489322,2096.196057242353
0.357,2086.943614612923,1718.5313957048709,2047.988661582359
0.357,2177.4927680216915,1721.2745623155236,2059.505752179716
0.357,2279.011941955276,1853.0156081610053,2155.0175455913873
0.386,2009.5877627003754,1636.8079006645871,2093.724015814704
0.386,2167.694716814631,1726.6112482556919,2048.6157877546807
0.414,1973.0473772061948,1704.1145000373858,2134.1265648485746
0.415,2015.3507627767847,1671.215640225708,1921.588440162276
0.416,2224.8106340698787,1792.693915933167,2075.0892382753495
0.416,2097.8946077784076,1640.5960126737712,2110.694292169591
0.442,2153.349440143578,1825.1355179644058,2085.779502203575
0.442,2085.1085523766023,1733.0661721550202,2048.3413704084696
0.47,2206.9171414574325,1661.4218476359413,2184.738707374595
0.47,2090.2484726375096,1694.892845624873,2128.673435425017
0.471,2125.837372854484,1661.241588460577,2053.8091617992795
0.471,2124.3144658066244,1793.7078873689502,2030.4660097062674
0.498,2152.488677733991,1707.707051117986,2015.8277334576762
0.498,2029.0162949601565,1751.7608591574835,2137.243939374881
0.526,2071.5103845868325,1777.6131427988623,2141.1741811941556
0.526,2175.530592800058,1773.7210251690055,1898.3866919931506
0.526,2138.485613831576,1798.3087985116872,2013.5914620558713
0.526,2209.4576860550205,1798.1448611720332,2087.632855490721
0.555,2198.4014668393484,1750.643898678377,2112.2290821438587
0.555,2092.291271300542,1744.5993107620093,1948.378129538027
0.582,2174.413449640711,1788.2045370007766,2156.077070630483
0.582,2218.780894823857,1612.8236488589373,2178.3741970121528
0.61,2097.66541695842,1743.9919366241702,2123.7789545187366
0.61,2112.6047370789443,1721.0054419979595,2149.73467050733
0.61,2089.3158401190385,1818.0648042577363,2181.4423005046706
0.611,2150.893636059507,1779.0144881513945,2149.455748367309
0.638,2016.6563560465722,1730.4363005274001,2133.3358268957345
0.638,2190.6702690769184,1700.7678811308313,2150.929819311575
0.639,1979.8749056323898,1620.7379650312664,2059.712984233376
0.639,2107.5492776453316,1747.436864585996,2200.877271529194
0.665,2143.417688025177,1647.787936513843,2149.464029261071
0.665,2178.8456095748475,1754.307484404992,2105.0353766333474
0.693,2076.089570241105,1745.2462895564213,2061.163918168536
0.693,2081.961768198639,1790.0562819769011,2077.6085650595537
0.693,2123.4205868800927,1648.985208289171,2084.7592214532483
0.693,2265.9224390495838,1748.1204378227526,2213.7137200427424
0.72,2144.425861879488,1704.1462627615945,2024.8225325830886
0.72,2125.1294878487283,1743.3598730687033,2185.5961840254986
0.747,2003.0155171725658,1706.9979486076822,2138.907699615281
0.747,2144.3225369431634,1715.053863948764,2128.3641825922946
0.748,2070.1005734802998,1681.3548050259901,2099.2700786847377
0.748,2172.596402670771,1686.2947335618053,2043.381884367142
0.775,2137.3734849162643,1698.1416772327818,2073.9072686589116
0.775,2052.285913128935,1783.2785385786153,2083.019492843413
0.809,2143.8461080756574,1776.4537137873233,2144.4857180352174
0.809,2155.04493977981,1751.867473993307,2076.1368848701886
0.829,2088.4652685201077,1827.5950062886989,2100.360110269002
0.829,2087.150990927167,1723.57254907628,2073.6674099035204
0.829,1974.7156422110631,1718.9167409389875,1980.8208515757242
0.83,2229.074621253083,1637.2288994768599,2018.6921434827398
0.85,2119.8428316824784,1702.4840705191186,2192.822704178895
0.871,2086.248649376284,1808.9891725592804,2059.761518153181
0.872,2109.77000247667,1727.8884333124142,2162.824933540532
0.89,2082.8257551993324,1677.6385883707192,1980.3641934632647
0.891,2119.496048289148,1649.2697788503237,2107.7354821383888
0.891,2133.6485505018477,1656.48311543591,2189.2883242381768
0.891,2144.1793106747523,1720.6633538729093,1987.0874687544867
0.911,2119.748545991654,1656.9014953785354,2025.316629947
0.911,2073.640454605202,1736.506600020391,2080.538078484464
0.932,2102.936106826601,1651.356208853402,2182.3050065443726
0.932,2079.40409514481,1722.8073591541172,2114.655817471652
0.953,2130.828973844791,1843.1496741699384,2085.568108091447
0.953,2167.8480938692423,1834.941980674966,2191.7995567777357
0.975,2049.211471713885,1781.6540368076976,2006.719784386308
0.975,2162.057596475313,1679.2782554457979,2038.3318759874865
0.996,2159.6344066826687,1825.2386858256534,2169.6619559443034
0.996,2187.3120219637217,1748.8217589844803,2092.2979910121976
1.018,2131.976717956739,1700.0170303553095,2113.2961951660363
1.018,2020.7856428480452,1629.6925145708121,1959.5506227118817
1.038,2164.2701775025303,1706.7692674760358,2038.0118676355478
1.038,2124.3581121556854,1635.4657500702465,1983.5616415699133
1.058,2000.424938275508,1695.199352714174,2099.6329209970845
1.058,2107.186217667948,1782.9775031718223,2120.323014805927
1.059,2141.878539832275,1746.5055519010366,2047.6356640176468
1.059,2241.628502839155,1713.6743380368302,2087.1186842541397
1.08,2161.1839771888376,1769.2059353351578,2041.0090530508535
1.08,2007.4525926193057,1675.500680631183,2072.714638673292
1.101,2182.9132322274536,1778.9539216219382,2011.1268694151524
1.101,2155.798844235017,1730.4064447451221,1997.6170485641208
1.122,2044.9803541528324,1697.1556217905056,2134.080106562465
1.122,2051.236812333076,1737.7021035749717,1983.9025416719064
1.145,2137.9455379862147,1835.2346537691421,2150.5680350880693
1.145,2174.2180963943297,1572.7453037606347,2137.0963647628096
1.164,2123.736078235449,1704.6317569568607,2127.213993285502
1.164,2036.1928972865248,1786.1356027758577,2114.2416930708446
1.185,2085.016154067204,1681.9284933027511,2040.9757276314983
1.185,2124.0484950689543,1723.3767449063089,2049.9423510964607
1.205,2189.5543694909234,1701.0644585781429,2089.6784499654937
1.205,2150.5712760602587,1769.162270166088,2098.131037818671
1.228,2131.122440140049,1819.1272508127495,2089.1727422574363
1.228,2143.5368183639457,1739.6223640730996,2080.6200075814963
1.229,2098.019017646169,1711.0319618869753,2055.79957144421
1.229,1992.7183654023115,1779.1077705043497,2134.17701916737
1.247,2032.9961389632765,1770.132388798565,2064.7020307101457
1.247,2207.0685732261213,1688.5170295316407,2069.27606576886
1.268,2234.7641913622183,1684.7632506108505,2042.4736800037972
1.268,2180.2129463574092,1789.9235353494926,2154.41107709323
1.289,2082.8888601525996,1726.3534695425972,2024.4113085452182
1.289,2058.859620200936,1791.9505049450838,2058.2590131782836
1.332,2213.871713367267,1753.8248370950216,2160.58117194702
1.332,2125.037545679247,1717.0286197384207,2066.5758335624337
1.332,2121.1286848130176,1753.1410925295245,2002.380719751835
1.333,2070.425206265039,1713.071987496884,1995.0031625106378
1.354,2114.2582875812955,1663.0747211070463,2074.9115737541915
1.354,2050.4496165048845,1723.6495864615356,1959.3551479420332
1.372,2093.822710164068,1664.21673941279,1992.4912853447954
1.372,1913.4261943984275,1784.3598414057988,2124.3705708545976
1.393,2172.5457308912087,1630.6817996183183,1976.1014405515414
1.394,2084.612304874355,1650.577017474347,2057.3060389569505
1.394,2228.9291044964725,1813.1574229397518,2174.7736563668163
1.394,2036.9620385358023,1611.9885502342345,2040.282822339141
1.415,2031.3302180698138,1739.6911649332842,1975.122048897926
1.415,1914.1399071827475,1715.2974353063337,2108.718684835643
1.435,2133.4823054339336,1743.3652213429837,2071.9096427216077
1.435,2094.537369926732,1708.8874453163157,2164.4514928246003
1.457,2033.6181758523144,1689.8629760315,2100.7915207133265
1.457,1998.214571630454,1726.840978863488,2012.2444261309458
1.479,2109.3431468209856,1793.2680198794058,2118.629299778044
1.479,2340.0765010555547,1788.5637272896383,2001.04261317575
1.502,2184.7758014380656,1769.979230974827,2071.0361965808524
1.502,2130.886266018396,1666.62775933369,1979.5991016506166
1.522,2091.628089196547,1655.9593469312535,2084.166745028094
1.522,2102.475540696418,1764.936464846683,2179.6837051548514
1.542,2252.1474247660667,1599.4659458641627,2025.1947837351208
1.543,2094.5254238741636,1770.693007474344,2188.104698506417
1.563,2237.5096947930933,1775.451078725908,2067.8361169375607
1.563,2078.0655339371433,1716.1340617389044,2100.3692165914363
1.563,2086.503005918532,1701.4831714899667,2133.560646534812
1.563,2020.3151517641804,1561.225730215976,1972.705277749969
1.584,2133.5770839926577,1661.3887176428623,2060.791533739928
1.584,2134.467181608739,1677.9793683472137,1984.5589380937347
1.605,2049.2858666801085,1828.6841605569164,2064.231279108121
1.605,2216.9972299999413,1759.1147429425066,2019.2696628980145
1.627,2087.5287691552326,1845.4999568846029,2023.4609814480982
1.627,2057.7329021803093,1759.6797095444397,2039.3076179166603
1.647,2097.4859983229285,1770.661366571116,2206.6706095925156
1.647,2132.516868034333,1754.4339916309502,2148.9627938511076
1.668,2118.2051669119114,1707.0833736292864,2031.5759742236778
1.668,2178.680430696538,1738.556999386464,2065.2632532746493
1.691,2129.9637338401344,1744.7715374607762,2044.2872470672917
1.691,2078.312087396966,1767.3798791936204,2001.9391718599657
1.711,2077.95698376785,1675.3149754909216,2057.7597048566226
1.711,2113.4009774628757,1708.0465843308475,2063.63198236749
1.731,2198.7733730747186,1713.6755774909707,2032.1209423821551
1.731,2119.725911451345,1748.7153837638002,2009.6033790868996
1.732,2134.3086867240836,1765.6848869189334,2060.66014987131
1.732,2130.0451270477556,1633.7228505009514,2059.933309049924
1.752,2072.385843630888,1689.0498962208837,2063.7044410614803
1.752,2211.3359843130856,1732.3312861092325,2217.379999930038
1.772,2072.2454904981387,1821.3932218333475,2041.9197494995121
1.772,2091.8504813427326,1718.6433057532531,2044.3725398446988
1.794,2137.874120077481,1596.641708271701,2210.0542544809527
1.794,2145.3843424226047,1744.223544909233,2041.9575056086794
1.815,2108.824785040025,1808.0763077313636,2027.5073079290948
1.815,2134.542404521455,1644.760331023465,2082.296454327035
1.837,2235.2544586412705,1808.264435220408,2117.3065639891634
1.837,2069.018091773623,1747.5372692650105,2113.4474035134936
1.859,2174.5267265375896,1735.0831978232611,2069.3942833268657
1.859,2094.488088098426,1683.3635458445663,2059.2250753934545
1.88,2192.252488321232,1781.757943720757,2126.6738194647737
1.88,2110.6499583462087,1714.7061165904356,2267.4016586420603
1.899,2129.6730353696303,1653.8734729745188,2112.5493036978028
1.899,2122.0122747996047,1705.697401380147,2069.5645428131334
1.9,2188.749109257947,1729.04899110353,2253.049757635107
1.9,2101.583011578757,1721.99291114043,2153.4690190268066
1.921,2215.105688097876,1765.9975268465075,1983.7727558273405
1.921,2209.19320969349,1728.1722294034328,1975.0487674154663
1.941,2133.515592489317,1701.1533652418443,2175.0858820458166
1.941,2030.0989278921572,1688.7728945378353,1942.148191037443
1.962,1995.054490540944,1756.4495414339715,2038.235852166498
1.962,2096.1966971087363,1806.7513667228466,2156.2764433405164
2.004,2081.1267135203016,1739.808447827228,1975.2171868528085
2.005,2266.384562225175,1692.301759648417,2191.4334068843505
2.005,2197.9821619536187,1729.9540326500824,2113.13735250535
2.005,2232.850545314865,1718.1570034223073,2084.6035993764326
2.025,2209.7957487607955,1688.5599033142744,2007.4792297535728
2.025,2108.141975323481,1715.7309865430084,2140.6453971029982
2.045,2002.3729165796428,1717.2860398376647,2081.3251520595877
2.045,2158.899470827673,1724.8076609284878,2208.1197008893946
2.066,2069.1777346642652,1655.4328302355457,2100.070328113439
2.066,2165.0816166931854,1717.103762610956,2219.788032032347
2.066,2042.8136521126833,1669.3849545260018,2145.6672719224634
2.066,2076.4990061842145,1786.233592995458,2027.0954152557802
2.087,2146.4582158917597,1651.6191332083629,2171.0675875811844
2.087,1990.1977991568215,1684.1371344549627,2091.4804730181872
2.107,2005.7030719999034,1661.391654439242,2056.2714796358
2.107,2096.5350382646307,1691.950610036427,2146.3819462781285
2.128,2192.8818278394538,1665.2706333068763,2072.694332756677
2.129,2065.2597444101402,1706.9319370603519,2118.5307978097658
2.15,2188.6724071416643,1833.525971701612,2111.0344813021416
2.15,2142.981409436537,1672.5041767071127,1991.1894154673578
2.171,2148.087765784498,1752.5637817460456,2149.154663436516
2.171,2067.7067084860532,1733.7023717403306,2125.9308604712437
2.192,2057.687397457521,1731.4663856174593,2033.0702825052995
2.192,2136.84851071411,1774.3815597522791,2002.5674345320676
2.216,2078.1121228267584,1669.0450064631575,2028.0965390427928
2.216,2170.454095056032,1757.9113341041345,1955.4827502987152
2.234,2097.0225104121696,1814.7161566235795,2062.745229075185
2.234,2080.6759093727483,1737.1432729308565,2114.7931591194315
2.234,2174.998256030289,1703.960890043982,2057.137998920099
2.234,2046.8650635451038,1728.5420582507425,2101.6458441897926
2.255,2081.7527514109793,1717.6560994128197,2126.579738904597
2.255,2073.255822452205,1733.1280537144996,2035.9856774622099
2.276,2026.7257808732898,1684.0540254692141,2111.7254192204796
2.276,2168.1056599656526,1705.1014843429896,2072.240072226127
2.299,2136.027279905408,1784.5369748309593,2155.8424407266543
2.299,2194.911918313459,1663.3266890846955,1999.9377586865935
2.322,2132.6828259549443,1795.6025350109328,2026.0232954907165
2.322,2038.9498020244273,1775.8308799530575,2153.973535769683
2.342,2103.779125917769,1656.015912165947,2007.187435165561
2.342,2184.3011769118193,1679.599214745559,2049.04327011137
2.385,2111.8830385690126,1611.3549743273652,2078.395295997765
2.385,2048.8853446925477,1677.697125415825,2204.5367775619607
2.385,2212.3470549221092,1689.0914956792053,2019.4200909946317
2.385,2045.3491704723258,1758.9042954107665,1981.5703594742765
2.406,2065.3914640594166,1751.0746418159197,2055.4598262690674
2.406,1966.3100478157453,1794.050063571331,2089.54052713696
2.406,1994.4715779816722,1776.4843759512773,2069.750131357877
2.406,2047.5026570923444,1665.4196483730043,2068.98228289547
2.426,2228.2721385094824,1808.1000603172652,2088.746509743641
2.426,2176.3287020644625,1724.6408834430235,2011.4035291273035
2.447,2029.7396106141118,1753.6955170712347,2037.384544584558
2.447,2206.660429401014,1676.3218545153131,2172.7093110485853
2.468,2058.173987667065,1605.233956610031,2097.8743443188528
2.469,2154.6282431305085,1709.3371633657948,2028.01084563461
2.489,2138.574431610014,1769.9536399653423,2006.5949451237598
2.489,1995.6109103736192,1682.4723485814372,2057.4573813666
2.511,2257.378521465394,1808.4031300805182,2084.921034567386
2.511,2070.884745746143,1674.4240988269585,2084.9977132859913
2.532,2064.8227794038307,1740.75792993054,1948.57682266713
2.532,2067.650817565827,1699.288290272821,2196.2346856397157
2.553,2100.9409544418154,1731.3565394132363,2177.7243038056313
2.553,2100.877153420657,1736.8592517577285,2097.5254269450547
2.573,2066.593980290979,1707.1358099046681,2087.0999250190953
2.573,2229.2355952416356,1734.8950019687275,2159.400796689723
2.575,2143.994898976153,1737.3861745401498,2056.525201261725
2.575,2125.3752221282116,1716.304958505599,2127.4912452352332
2.592,2164.7818950034257,1695.5393816429143,1948.313951924347
2.592,2136.696620817975,1683.2679642916487,2004.5828028211633
2.614,2086.1184794866917,1782.4999660099786,2022.0059919648188
2.614,2112.0530516136478,1578.2654901349001,2095.813443857122
2.636,2008.2850971733499,1761.8665155498097,2045.7821341795645
2.636,2199.8372909175114,1675.7409106349246,1988.2545693474515
2.655,2150.8802007554846,1668.033739484732,2087.8426892830475
2.655,1893.0726811235306,1688.9456786576748,1981.717302943674
2.676,2110.30449249371,1708.7219333814248,2098.730951883974
2.676,2043.181379156946,1720.9901703111655,2147.3438261140836
2.696,2203.017087848391,1725.3176152864085,2057.2840904876584
2.696,2047.7895159162088,1687.9862151255036,2133.7609487101854
2.718,2215.3776820252997,1685.6603181391222,1996.6389621281933
2.718,2168.6671219407085,1739.2507660098474,2083.402016611111
2.738,2055.482174663187,1821.4398559396209,2069.1860792940947
2.738,2151.345651136735,1634.7817374463245,2003.2814592670147
2.738,2074.1693329659124,1702.1787151545902,2157.794920278911
2.738,2225.5853308996843,1719.0393444327751,2064.334695394338
2.759,2142.759543098637,1722.9713521890187,2016.1114341418888
2.759,2064.2909297599003,1754.4351709734658,2153.8266469038927
2.78,2082.2676523977484,1777.010144973705,2006.758028949507
2.78,2135.147085375413,1667.3148360190967,2013.8342313367036
2.801,2037.8924394912212,1598.8945539343601,2098.0920401379785
2.801,2066.8717600642403,1712.551282860574,2179.6048780271153
2.822,2081.342939265288,1800.0665237394085,2143.891506620218
2.822,2147.8088261996677,1791.239848557703,2029.2927376478292
2.842,2283.177750043584,1762.844960828174,2231.18807839316
2.842,1996.2807717104943,1749.1826111905555,2036.3544361756565
2.863,2124.6690816122978,1745.89665295562,2141.3772458430813
2.863,1938.869782677267,1714.4436034751368,1965.809383632149
2.884,2018.3496724116749,1812.2551140516007,2168.404407768828
2.884,2141.32392544963,1739.3586381933032,2088.5595396582607
2.904,2255.387094164337,1709.2981341340412,1953.9882437358935
2.905,2102.3322525388335,1714.371396003957,2005.4463407046937
2.905,2118.5074939946667,1734.3324890513136,2075.083106030925
2.905,2217.359416696194,1743.5127792915052,2200.394087636403
2.927,2183.4782408589317,1733.1222379601238,2034.751564850264
2.927,2028.4961652215306,1744.5621258944102,2026.5941256419228
2.949,2039.6886895762073,1743.8471523444582,2111.2330788363297
2.949,2152.790951350189,1729.5412195124836,2035.7255908230024
2.969,2028.7663791206535,1662.7713047619636,2112.525217112626
2.969,2172.3782047294135,1868.3782152272563,2052.233142630878
2.989,2316.0493253388013,1783.4301216875617,2106.40060960205
2.989,2064.49320190088,1790.4441410528734,2020.7281411860295
3.01,2056.415376255084,1728.5152335305838,1989.9772559242053
3.01,2086.697082388265,1620.3933913304186,2057.2741479434308
3.03,2035.0362262895271,1716.5671514673943,2128.919760329549
3.03,2140.4383168693134,1777.1593600738095,2098.6149778226445
3.051,2089.5938273515762,1694.6976929447333,2124.7484835355986
3.051,2111.5756273814504,1692.9375085307101,2080.438975723021
3.075,2124.2396056965576,1762.2999649773092,2071.7315517238944
3.075,2061.862063350319,1648.453413125142,2035.9602907602145
3.075,2228.105011891794,1732.844773759477,2177.2030532313975
3.075,2197.8966230041037,1768.540262006446,2071.8266313322197
3.097,2138.274292630488,1650.32252984711,2122.702412508933
3.097,2079.2412216548964,1701.1645425149202,2138.660355000469
3.117,2033.1803617468327,1796.0120985510184,1968.318802003237
3.117,2026.0547189651209,1776.0628735371672,2050.6136324395434
3.139,2094.8845557705513,1683.6631999125955,2166.929698839448
3.139,2126.6708165618224,1656.1033474232804,2109.8903689919935
3.16,2128.0956497380666,1574.7672859625395,2067.497063420022
3.16,1964.9746592810634,1688.7628144089242,2136.3337328491248
3.18,2061.427498024623,1772.4101686982708,2172.4769412270784
3.18,2103.0533363839863,1636.2608424532382,2194.3146899103053
3.202,2157.6715999099674,1737.3297575530116,2002.084345466811
3.202,2169.974503562474,1691.1814311480207,1997.2794950031603
3.246,2036.890840515613,1694.9366902876568,2088.4418568395554
3.246,1986.7384706002822,1742.8960993340902,1994.1462633931358
3.247,2141.284623786932,1783.7940473294002,2076.0357183785054
3.247,2032.9705139165344,1778.1866163486386,2126.017175011222
3.247,2075.36168755503,1738.0206827673494,2058.6858787984756
3.247,2124.7492371836024,1769.7711438320305,2066.44197051815
3.267,2048.4689779114883,1652.3991485473557,2061.2451227332563
3.267,2172.918668406405,1740.477298544,2076.1779146238177
3.287,2122.758796539566,1745.3913864977028,1989.990869732875
3.287,2091.0638312323867,1694.7939540543157,2155.459091080342
3.307,2002.9818488104122,1749.2681722828559,2056.029949937136
3.308,2142.259311940593,1733.5136076710357,2124.655682372981
3.328,2084.21840726335,1769.839271729899,2043.6581641271152
3.328,2089.026449298881,1759.293262138032,2004.499440592651
3.349,2111.2344909271596,1790.9704023711731,2099.835358855614
3.349,2169.7294934937154,1848.8586056772706,2024.7668356045206
3.37,2081.232644318802,1757.5674431019004,2063.109672679348
3.37,2190.5489017112004,1844.8792277599039,2006.865520810104
3.39,2157.5643214282213,1813.3388309046436,2136.5926759062686
3.39,1969.780207385608,1633.7771875005565,1963.3590870294352
3.411,2065.1361594870295,1749.340030882577,2140.8240121410577
3.411,2050.621148897594,1666.389257002914,2184.2570074337855
3.412,2097.009447937116,1747.6458853090899,2027.226471723231
3.412,2085.405624697205,1763.5650103271046,2073.2629012591015
3.433,2133.4021455803136,1679.3418261020277,2000.9819575361325
3.433,2014.7875919576218,1738.3098884931521,1995.992121757573
3.453,2199.1796656316023,1614.0445666188637,2101.212435717428
3.453,2081.876858632043,1825.4470271500902,2155.727225049701
3.475,2110.7801484567344,1724.806666257054,2025.1191917299477
3.475,2142.070198341475,1661.3790044411317,2084.682617349031
3.495,2142.906507294937,1800.637025505741,2116.75271865219
3.495,2083.9200264118335,1738.1704466343444,2223.8124898766355
3.515,2037.374151223931,1680.1387657412395,2055.0566830975595
3.515,2183.3756679708818,1774.342631366649,2014.7201742853574
3.536,2136.4774747296315,1767.1896527736258,2178.079809872727
3.536,2029.5076586877105,1655.3287966109106,2026.5920191965859
3.558,2115.6390580347106,1689.1152551952268,2095.882938358303
3.558,2137.6202805585986,1688.0947153259256,2166.6621103282414
3.578,2081.994543021145,1772.9514712231874,2081.85367635992
3.578,2040.0189956235743,1686.9155450103633,2109.235875712787
3.578,2229.1008120135075,1674.475514783886,2080.892589460425
3.578,2298.873452764066,1768.4269668974268,2246.608309913621
3.598,2135.996474160614,1690.8364038379916,2071.9342664635237
3.599,2033.6931119722808,1862.7685393378106,2188.100168265206
3.62,2132.1488880050924,1800.291858226551,2035.2385643160158
3.62,2088.2727345545823,1797.3249803165686,2136.720393124549
3.639,1997.5093589112712,1713.5575842215324,2153.0676878947334
3.639,2155.948813466981,1707.1975954444283,2166.388537960282
3.661,2199.689045815436,1661.2392264116984,2072.199068043296
3.661,2057.12158466799,1791.2572300528536,2078.6356602941783
3.681,1941.3977008931151,1757.7025232650244,2076.161255028243
3.681,2040.9875792390828,1790.5495039438015,2133.8619140807746
3.701,2095.733955693527,1716.0828211458536,2141.051728709019
3.701,2168.6459893047327,1733.572607299589,1976.7076168192834
3.724,2066.126134120624,1746.2966068880178,2105.67523214338
3.724,2173.5084012271236,1749.8687994275544,2167.1960483697567
3.746,2067.891463360591,1734.068165367036,2023.0616935169853
3.746,2127.165295820783,1750.1175793406076,2002.628000467008
3.747,2205.5160785071866,1761.2020988426418,2087.146577030597
3.747,2023.4297371728105,1698.2141063015772,2172.4995078691645
3.767,2124.3053143421553,1675.622366310966,2166.5822349169616
3.767,2093.2836546086564,1712.6114742615152,2174.53457474916
3.787,2049.667918729079,1687.1995583864268,2203.625395847572
3.787,2159.163411642912,1731.8948579261194,2040.6212188251216
3.807,2167.4864554555256,1680.491121624517,2042.972539213727
3.807,2180.17302265802,1633.055985496163,2104.3356845623957
3.828,2141.103730357842,1716.290687878478,2147.023995974628
3.828,2061.2552434124755,1644.461254969107,2075.8465777069423
3.849,2129.295784193537,1734.3627995156216,2084.308231789349
3.85,2113.813063474737,1719.847663653158,2090.5649384585777
3.87,1982.3161666207982,1700.9689122069562,2021.8988437341277
3.87,2161.994008976606,1666.6312955174103,2041.025431754577
3.892,2250.748487541283,1680.548479310992,2055.5093023648396
3.892,2104.013247859539,1832.4450627371118,2106.0821217249536
3.916,2242.1173710592975,1671.3671476112922,2110.8675269631817
3.916,2026.9476628027385,1687.500479488712,2010.234907878029
3.917,2054.1191632066484,1753.4546074172863,2044.8942847752144
3.917,2201.799621675193,1665.5698381620327,2052.40150600695
3.956,2082.619325175613,1702.582462916419,2018.9908702291375
3.956,2123.750054740682,1567.0781269458014,1987.2841525733945
3.956,1998.6808190397055,1800.9971614994322,2038.8527448375937
3.956,2132.700216945746,1788.4819977614625,2016.5442953743147
3.974,2138.7299468746237,1816.5648264170286,1950.7567191080923
3.974,2127.8895164851374,1686.2080447602782,2137.2107702182893
3.995,2134.022576453648,1761.9338685439263,2091.72733855225
3.995,2037.2829803566874,1723.9618307677708,2090.8698619493657
4.016,2222.736761015172,1675.6329759068929,2173.9734860241124
4.016,2049.201873530012,1740.3463711560937,2141.4025281578947
4.038,2204.5155369442223,1748.022502542791,2068.630370496348
4.038,2224.1961961032994,1658.3983406570062,2003.4987668378217
4.059,2077.994695297928,1818.0053684898442,2146.2497150789873
4.059,2091.5447840733477,1739.6348572290135,1948.99481498212
4.078,2223.459713557071,1741.3555405609895,1931.5383381861495
4.079,2213.0386495182643,1724.9547570290108,2088.416483098436
4.079,2251.5942831507227,1718.4977865127275,2211.854041846518
4.079,2080.533593814947,1699.1254900488188,2069.663883669887
4.1,2100.87209684504,1739.4951902473103,2149.3576781429515
4.1,2018.0700352926854,1706.0398177730572,2190.704200540254
4.12,2202.0168417017435,1729.748208336277,2070.509386436627
4.12,2125.811911932504,1751.4462698884427,2092.800497523258
4.141,2138.1327628044974,1796.5879444729142,2198.3484730311816
4.141,2182.3869821771173,1646.5454038911016,2062.8354703588493
4.162,2140.4378881105677,1751.314030469734,2094.626574226953
4.162,2044.982101784034,1721.9809559462703,1945.494094048411
4.183,2066.2749314548514,1791.2854084097635,1998.7819590304687
4.183,1984.6806123773372,1799.2561329376679,2058.9038319197
4.203,2290.2598034354796,1726.223707319627,2054.972566064836
4.203,2097.3926058014017,1782.2901077168644,2096.86000522974
4.224,2157.922250447565,1716.06134145088,2053.949892787738
4.224,2244.8333486538095,1748.9611421468533,2018.658155708122
4.245,2168.221765738348,1692.712488169853,1893.7980955687717
4.245,2147.757973635273,1847.1707855984714,2006.9004152973948
4.245,2160.8736068377466,1684.4895732943112,1967.771937718278
4.245,2132.612531043559,1674.0848879076113,1963.6394769558608
4.265,2116.6676915273115,1708.3308893174224,2126.327571102821
4.265,2060.434542393465,1694.7916578811141,2081.603579453917
4.286,2086.2355278943696,1801.4683181532555,2043.6497817807547
4.286,2184.5301823057716,1769.5173887569258,2087.971460719804
4.308,2215.643316695801,1694.6355701982584,2115.7324320537327
4.308,2118.938852087739,1847.2201183237553,1996.8323054153796
4.328,2118.0558262776094,1742.1897450675137,2098.226123206639
4.328,2189.1544679066656,1649.5258797080037,1963.4717562103995
4.351,2060.9546325891997,1760.034011877739,1943.1103525876604
4.351,2074.559421584948,1749.6470806097334,2036.4128441408013
4.37,2124.0291453099944,1709.542835629018,2162.962011960747
4.37,2149.3156773399546,1705.9625215613803,2132.537673622959
4.391,2173.692876762296,1696.6693901448314,2165.115862984659
4.391,2224.725717430667,1679.8872944821492,2093.966307587876
4.412,2109.172197773753,1747.663842004219,2134.6913796448293
4.412,2163.834681167753,1671.852483262001,2094.165341756143
4.412,2064.1029512606165,1774.8068147022516,2126.8886757532023
4.412,2138.106795879185,1674.166180604776,2103.678069481449
4.432,2141.433184158619,1775.0808352264612,2099.75822328045
4.432,2189.2986107304846,1720.7619517131936,2164.149261020942
4.454,2135.329233325784,1715.2957375807923,2104.0236653931725
4.454,2025.9742094125675,1701.5692422184236,2056.241067660355
4.475,2105.2794349114997,1712.2129465654843,2116.2874035130903
4.475,2113.6000096097728,1628.8087386589264,2087.709622632072
4.495,2059.326603083508,1815.418557973875,1941.7343249029693
4.495,2033.9160305868568,1738.6765103156044,2121.4841613422127
4.517,2015.146889355158,1674.3822290724586,2201.735672783102
4.517,2059.5277310607894,1720.920933860791,2307.1961590427463
4.537,2014.6784789953924,1680.6926448197519,2003.9740592833903
4.537,2044.6089612858655,1724.7365622626824,2150.4464013230386
4.557,2115.674372038437,1684.4916935160127,2140.880288016586
4.557,2137.8581567423976,1695.7558856157127,2096.1397687910426
4.578,2008.0313071147064,1857.3061970980023,2066.0192440814476
4.578,2110.024226122973,1704.82378043977,2099.489133636719
4.578,2182.6324147438004,1693.7029317088534,1946.4685943012576
4.578,2144.3588109691627,1628.8588801817284,2148.5697781002013
4.598,2107.6833846571467,1723.7339338027552,2017.0827070013504
4.598,1964.522711052387,1540.8098355448203,2125.6801679404466
4.62,2193.701447926044,1648.131229936602,2155.0944720088764
4.62,2193.198279907826,1661.2870268273634,2182.4195921774244
4.643,2006.4905917226024,1627.0051751133976,2139.059895557946
4.643,2104.761461285088,1783.053350702812,2139.012405578804
4.662,2217.199910688442,1625.2357693862855,2024.0188070681604
4.662,2191.889482377322,1781.129442243251,2155.1310977283665
4.683,2090.1337676083267,1689.8332586583836,2192.6843154885305
4.683,2199.8759395493325,1690.5960244577918,2014.975263492613
4.703,2085.5964595333835,1728.9730812285927,2040.6530077332438
4.703,2262.758494909906,1719.4205483776789,2132.6107721910466
4.723,2125.5153479859055,1737.1154532219239,2155.240764209313
4.723,2086.6861241669308,1751.6498602510057,2053.2792470178633
4.766,2030.8260276099654,1775.035186266703,2177.2331834297074
4.766,2210.363588814553,1813.5416685873934,2176.561838962007
4.766,2193.6141546600197,1726.8562453526313,2175.8658816184143
4.766,2195.626712631655,1687.357905568254,2089.163864351484
4.767,2046.0651921196193,1687.6186459124929,2102.8423448186863
4.767,1929.2890168948143,1754.971526713579,2120.95247209157
4.785,2178.043766622249,1687.6678047759924,2115.082147097051
4.785,2176.7399269166863,1697.7080625512638,2073.3744235146382
4.806,2041.3076827072884,1716.9743327821727,2026.7907989960743
4.807,2096.59020503699,1737.9827785244233,2128.2259220864785
4.827,2147.8526204293403,1698.8462033627263,2077.608218239368
4.827,2098.2369796248263,1774.3410378147346,2023.4096116767023
4.848,2129.39513463904,1756.3874150261954,2130.744905903102
4.848,2007.6708281768867,1630.5525829229798,2101.3573778709947
4.868,2220.357037450247,1699.3779087467485,2216.9489879647354
4.868,2146.4514963557854,1690.1786497667626,2047.5033227688236
4.891,2110.7154618167,1667.5292168121791,2097.021363028501
4.891,2028.9593629547817,1628.260725128297,2116.767591089182
4.911,2175.6873808752694,1664.9040413537723,2081.2654848898437
4.911,2072.219083185551,1779.6326655889154,2226.1584192944956
4.912,1994.722015289709,1728.7457895636178,2097.748906712642
4.912,2191.5060695695793,1686.560670064563,1983.1395769307462
4.952,2078.0872804235164,1667.9405094977678,2085.834471847198
4.952,2208.0776269636804,1776.538330937275,2140.754125163867
4.952,2105.385008581694,1694.146259442545,2084.278238586031
4.954,2059.1987227746026,1765.5311235672898,2099.8325880865755
4.973,2147.844482522462,1749.726256317853,2078.499505353708
4.974,2310.667170598573,1788.0507208872536,2050.127143121375
4.996,2021.5481679311993,1867.278215619654,2049.1295093940757
4.996,2132.4280287339793,1712.351727511237,2161.7227336179953
5.016,2095.434847211366,1810.022980194173,2093.4738924956237
5.016,2121.9150354829303,1698.8607376068067,1983.874920668282
5.037,2097.904221323667,1784.2422725898248,1942.7383817414502
5.037,2104.8000074816973,1799.0796045353227,2179.5335268320982
5.057,2044.059397379814,1866.171863719149,2036.7585538918138
5.057,2126.917769878982,1802.5053455420727,1966.1666039139882
5.079,2162.51114472879,1813.0357537622492,2075.05021421017
5.079,2155.5077581751852,1670.0970572595777,2139.758399038182
5.079,2124.6261101254127,1762.652802987511,2026.941486937278
5.079,2088.9322813106364,1600.4370691302095,2151.626818738288
5.099,2052.3963348366356,1673.686353380702,2033.8568642075209
5.099,2143.619779048442,1723.6715905137419,2078.3882939241175
5.142,2111.9174616462174,1831.8186505406668,2150.1433640098676
5.142,2120.3532365592823,1776.4890379168437,2083.1684618205754
5.142,2186.6462228583655,1667.5787329296709,1967.6503982602094
5.143,2060.7296968121786,1588.918092300812,2165.0602525432887
5.162,2102.6246991402495,1690.0506962097604,2054.6996820673767
5.162,2173.0458235200554,1722.2978083513622,2202.072810126804
5.183,2037.718427108837,1769.9086423888111,2139.1726162556497
5.183,2049.045585566796,1662.7635295084347,2081.4669540118034
5.204,2087.539923765188,1742.9726694350322,2094.4900260141203
5.204,2145.308602458139,1700.0354828405589,2147.3390792380287
5.225,2299.631823113599,1685.7943954688178,2107.4088916337514
5.225,2148.352857504564,1784.7747956946694,2001.028572558619
5.247,2018.6919187041203,1649.0602307021502,1946.5102528093626
5.247,2089.9708510701007,1738.8276141997892,2003.9853073295105
5.247,2096.071686347765,1649.8513915616277,1980.369770052312
5.248,2179.440157377144,1657.4840872949576,2119.5926082543506
5.266,2145.8018855952664,1693.4937076623853,2240.011380562414
5.266,2060.7986995993633,1748.9419213695614,2075.2339584215597
5.288,2120.2864983618115,1709.512120700203,2085.9447589757015
5.288,2170.2059209470776,1670.0396001505467,2018.658460600632
5.308,2156.255418045612,1807.4653672204283,2151.7857738481066
5.308,2183.2863566184246,1688.1601166608855,2115.19790144262
5.329,2073.3041291511586,1735.2360980088824,2097.502149461152
5.33,2200.496817524407,1735.7679081881045,2155.9269555304572
5.35,2155.885599354894,1777.1968363596297,2089.095032007152
5.35,2127.9477244424397,1716.1586868861439,2096.7142168267524
5.371,2151.57298185982,1687.9476603279861,2128.305178149683
5.371,2002.4840500639664,1711.8567312409066,2064.3920922474604
5.393,2149.055213245415,1723.6776435149336,2189.340433346108
5.393,2093.0034085220245,1693.3820037357464,2106.9806394858324
5.409,2137.8505000330997,1695.7138643384237,2028.6561002489286
5.41,2166.829335348016,1666.878145056434,2028.174447251058
5.41,2337.3403513529474,1803.1599488839406,2091.8409502638715
5.41,2147.9939945331084,1710.1086866063567,2172.3250296336405
5.43,1921.7799939397075,1689.9682924157382,2068.9397704213925
5.43,2050.4705501705134,1678.8521320808713,2064.7303735545065
5.453,2145.183323373715,1589.4085963639689,2080.4617696940886
5.454,2173.47222740233,1586.9415702218687,2078.5996098658616
5.473,2240.421574607946,1593.9295621741594,2036.6598956503055
5.473,2070.3385693339837,1697.8301284742713,2096.45101721189
5.494,2100.3206576645075,1642.2242097435403,2170.8462921754126
5.495,2205.9694137599013,1767.9719056626914,2114.1560736513566
5.517,2019.1324738228532,1706.4821451034134,2079.52792042911
5.517,2119.5645595602027,1755.3109804980838,2055.958962150263
5.536,2075.3250068431744,1730.078495954795,1999.8562764955973
5.536,1969.7285740011746,1661.8800465255517,2090.370109586355
5.557,2216.4410439116114,1731.737187317303,2152.066624541773
5.557,2019.689440131113,1640.6708172881217,1993.1687649010341
5.578,2053.502975085583,1635.8237692134317,2088.641476518875
5.578,2132.4471080088256,1702.7468579818494,2135.9325664524727
5.578,2112.796223715225,1764.1686998791936,2029.4011664014326
5.578,2062.081459764497,1770.1439326292625,2144.060589940695
5.6,2173.8737638356515,1656.3938418883558,2119.210957748414
5.6,2224.315989483794,1781.1722331158574,2000.17895721339
5.621,2040.0509050007113,1681.3040448343806,1997.2778059034
5.621,2068.5434804956008,1752.7365678839622,2106.002443035283
5.641,2191.0971760405564,1636.9779915972956,2161.5901296756256
5.641,2137.1355917896094,1668.771062408612,2104.4517113023767
5.662,2196.459973655968,1674.3183222982789,1955.0347005322042
5.662,2037.6833413228494,1707.133535244768,2206.894771395185
5.682,2107.995342078934,1665.053604400412,2233.163657782902
5.682,2157.689082686346,1730.6620131468924,2010.1226834186962
5.704,2217.7112133127443,1778.0685118535257,2147.549632417424
5.704,2072.7129194618483,1682.8705819277,2145.4901277098616
5.724,2155.716363114228,1605.585644174793,2204.5912551366177
5.724,2063.2684159797373,1704.5509218501481,2162.8807340828753
5.744,2148.812547833061,1615.1863602772928,1965.257332499514
5.744,2156.5285437559014,1714.523337162321,1993.5718397363376
5.745,2122.800065197922,1734.4683589213525,2058.069002745541
5.745,2123.2638642894876,1697.6942579586885,2157.2488796485686
5.765,2183.28928021381,1741.5833847816732,2097.963864187949
5.765,2089.7373223298723,1673.8928115698966,2152.828120846049
5.806,2108.393503143384,1635.6737207936462,2030.4515850794219
5.806,2151.861090614558,1811.1726442480247,2105.663527538422
5.806,2008.63177468935,1648.7266500689777,1990.9909312927464
5.806,2077.0299678357424,1777.9088521470403,2093.5013939413216
5.827,2191.329588869123,1633.5093692466353,2167.1648615921636
5.827,2096.0018939064717,1722.8726797657628,2126.976175208922
5.848,2057.832877357057,1771.9150124592966,2143.463130466666
5.848,1976.9664182307301,1745.4928462449202,2119.7827760248324
5.868,2109.2363889375133,1674.439958461898,2122.129177559061
5.868,2146.4683282996666,1703.8952826273344,2125.387915392447
5.889,2265.190845316834,1833.8025104806848,1971.0757345627408
5.889,2293.394979939043,1655.491341550334,2091.4230160024467
5.909,2163.6082420675357,1702.238687914271,2124.3942320214105
5.909,2192.489993558141,1692.395808589943,2112.440162528513
5.909,2229.59034830489,1673.9603381843547,1997.4604854993506
5.909,2139.860716921003,1692.6093236128208,2053.9475750792685
5.93,2054.2729593563135,1527.6990264143544,2184.697034691938
5.93,2107.607875403714,1695.910561560652,2094.5512636427766
5.951,2188.13918398479,1708.5687424804964,2106.562892117772
5.951,2152.158684624044,1770.6248008201244,2138.261097413714
5.97,2094.938574872696,1628.1777220170084,2109.732375503227
5.97,2101.1568551482374,1774.3440746131191,2006.9393024435694
5.99,2064.166908892252,1664.6054506820983,2188.8397888848276
5.991,2218.153816275133,1652.5506236902636,2056.3441351214015
6.012,2134.025958152058,1685.2373173082485,2109.533860834551
6.012,2260.7239853140036,1720.012730472678,2150.5650039688685
6.034,2130.1358873253157,1693.7415400921207,2028.9771575614504
6.034,2205.8284068125404,1694.6730362587348,2058.5498842883785
6.054,2103.696651766118,1642.2349096115024,2139.4499407966405
6.054,2231.1763585516373,1689.16639263617,2100.739171801245
6.075,2258.1515801198348,1655.8690272168167,2007.2246598972445
6.075,2097.6375891170346,1619.8073302553958,2021.9705880229462
6.075,2167.0205926124813,1733.310853257493,2140.6724249547487
6.075,2252.7025143544793,1563.8546295152698,2093.561582368828
6.096,2183.435459834837,1662.88854452179,2021.2767587274525
6.096,2120.5024711206534,1696.5629681834698,2125.6331254542597
6.117,2159.7399775383506,1810.7121385762066,2238.954987456305
6.117,2160.589183572084,1671.1372977561707,1990.2167681395467
6.138,2022.1083137172734,1675.2503550612757,2249.1462513729607
6.138,2090.7833761470947,1708.1209186063572,2123.2233668043045
6.158,2120.9046694472754,1674.908075094967,2044.699165455621
6.158,2145.0850715350703,1728.175514341311,2237.4658437823864
6.18,2182.2867427388665,1811.1218808846238,2181.8970783709324
6.18,2168.0233388405463,1606.0192361330023,2094.21958128163
6.201,2139.893492231792,1706.0049434604962,2109.8421801751338
6.201,2115.1294287541978,1793.0510176245054,2035.0899955595187
6.223,2042.1140030090205,1771.2478012394386,2111.7514860689434
6.223,2180.5282613998934,1579.5495203200717,2090.2364740242265
6.243,2036.1880571744286,1612.30490749771,2164.427079701119
6.244,2154.7905188122522,1751.5249112603694,2161.9860168595105
6.244,2048.5841652391186,1707.2307446919344,2119.067862187721
6.244,2113.370685220075,1741.1916700050879,1978.1223519862147
6.264,2135.5595941125316,1710.1824647112148,2009.4644048931266
6.264,2135.2022048939607,1660.9027695273785,2138.0302420163484
6.284,2179.136636153289,1787.5363220902846,1988.0048531073264
6.284,2116.5007350848937,1676.8673114218057,2054.7763494817073
6.308,2120.5250453671893,1623.7391634657006,2028.8865360639336
6.308,2164.0966295303724,1693.4854398666707,1925.2392506342399
6.326,2243.6569660503033,1713.5698444412926,2006.9649814370646
6.326,2230.258070692919,1772.1393317540385,2067.8145130719695
6.347,2097.2690210852074,1689.457569771103,2081.3633050083263
6.347,2138.467485523908,1731.598666646665,2190.3148957926132
6.368,2163.946605417596,1587.7211162225794,2083.754222130625
6.368,2140.3303134523703,1556.6739952807657,2077.0373112686316
6.388,2014.3572566937182,1699.6433979316575,2140.7290828702694
6.388,2168.3535380830217,1693.0962724564954,2081.0803609469954
6.409,2075.9250353548064,1691.247644636823,2219.6871951642147
6.409,2047.778341215981,1520.7999993620747,2075.0578839205245
6.409,2122.560169575763,1787.1992642346338,2222.3645984377895
6.409,1979.3911105407724,1704.5799929787283,2150.781639984747
6.43,2082.359529980714,1714.307436753974,2153.802458279359
6.43,2167.3220252982255,1686.033859947759,2081.6702270778655
6.472,2203.7213988821095,1721.9202931668553,2142.6020891108474
6.472,2085.3934025824547,1751.9880190633414,2102.973789659301
6.472,2134.77237813611,1751.9344186030785,2139.786210232443
6.472,2129.0427836540644,1647.5733962100917,2075.388796417649
6.493,2138.4078048542024,1707.6649453081395,2086.8451997419256
6.493,2138.7429109362447,1646.143164654849,2170.4140842238457
6.513,2260.5393010566067,1700.4547467110765,2114.303488338089
6.513,2276.7007588268834,1783.8223265561555,2056.803474012635
6.534,2271.9090673158803,1703.0418470681684,1948.8928369435882
6.534,2182.0039737043858,1699.4986614505742,2158.7474847188773
6.555,2135.779016456225,1699.5422463855002,2208.662370705682
6.555,2125.433038450499,1726.807079518495,2135.383583741408
6.577,2233.0900861189903,1637.7053507364958,2214.090476144338
6.577,2204.365332058728,1642.1461777351826,2051.9648929553764
6.578,2039.2097903022568,1655.796191877502,2152.01524575081
6.578,2048.704653804373,1761.4640005650497,2158.1084446804784
6.597,2102.8150497546094,1721.9364075234864,2065.1238105006883
6.597,2184.4197449945063,1685.746850410991,2063.328047649801
6.617,2242.9521380356864,1713.8815962664676,2161.1933243371614
6.617,2214.445479335424,1684.7559674153574,2201.135325955175
6.637,2180.44746037388,1586.0650820241897,2126.6301205738496
6.638,2129.547701901999,1819.9468382269388,2111.8847484981093
6.659,2160.8023729804822,1739.2016449938749,2114.059065020985
6.659,2125.608207259901,1648.5324488747315,2154.667946979522
6.679,2136.47125044908,1669.568035456727,2034.7059722203908
6.679,2185.173070607491,1667.9171119910143,2065.02991483611
6.702,1983.3558265851282,1832.6321224235203,2136.555325317618
6.702,2107.140918997934,1718.1699104072732,2107.0007170706967
6.72,2227.341651733823,1663.6493059825154,2135.3560601893946
6.72,2125.874864957171,1640.841379339419,2047.5145220587872
6.741,2298.1385406169484,1644.6746735208803,2136.96470014644
6.741,2197.9915878185775,1699.1246247255651,2206.476218506469
6.741,2084.426419397946,1581.84970651124,2037.0174245448034
6.741,2111.121518537228,1555.2555141949024,2206.8062773757392
6.764,2062.667368584572,1711.012428045681,2186.8344622755603
6.764,2168.993740964777,1642.9980849012481,2218.006195097767
6.782,2187.586263342147,1687.808331981081,2006.6815598815601
6.783,2119.8254461205947,1763.6217110792225,2180.545361323967
6.804,2114.0069254678237,1730.9996714647991,2043.8487923524553
6.804,2099.691676367719,1712.0382929159678,2201.788146453733
6.826,2185.7750450558588,1759.7708500356284,2117.001977683621
6.826,2048.618021822964,1615.7503521394847,2064.678300528974
6.846,2193.9881802365244,1805.8684057115968,2121.768321048293
6.846,2105.01993559332,1714.4468251198005,2204.077156050188
6.866,2205.929725157404,1763.3004875460506,2116.6097693408938
6.866,2174.3782178777697,1601.1605949496006,2063.281432681257
6.887,2035.670788042928,1701.0783953458788,2204.1403709887772
6.887,1948.2324971568464,1645.3145987812757,2131.6790873407604
6.907,2177.088376938431,1689.3823712297537,2176.0271058554927
6.907,2189.8183181587256,1648.8577970365216,2060.7892450792087
6.907,2138.2482262886942,1656.1919368825208,2176.677202759544
6.908,2119.1052150655078,1750.6915558786638,1984.603319743121
6.928,2160.2411514913765,1726.0521093550346,2016.8328327097936
6.928,2152.9506804133025,1683.85197827831,2119.955538941275
6.948,2052.990918312974,1641.5215762992405,2043.0406251558095
6.948,2131.5492643744064,1692.0647659465978,2023.0275230101392
6.968,2020.892143002841,1688.1695379894009,2177.009631180226
6.968,2066.4004177510583,1714.0139630346607,2062.488868597586
6.992,2166.27444654761,1753.7986619588,2057.527198269557
6.992,2050.685816091599,1641.2241520990933,2111.440095654434
7.033,2271.9074992090445,1658.4776494967837,2231.088081852352
7.033,2148.96228838791,1681.026411031566,2136.4568491380614
7.033,2088.3207900887764,1605.1367233146375,2105.1929361173084
7.033,2168.0773087362763,1658.015654358029,2064.7529324567918
7.054,2157.30562854119,1603.7166976234093,1983.8153022499146
7.054,2135.4808759062594,1737.1693882340244,2146.4647644067086
7.077,2077.4659202098132,1695.5672896374645,2049.112142251283
7.077,2140.03561655765,1667.1550301979998,2061.152258588428
7.077,2219.844489984034,1727.1216701399799,2217.5176274978758
7.077,2187.7386424974566,1711.9091030190637,2114.905021549917
7.097,2041.1583944126478,1613.6673628533313,2190.175361251781
7.097,2070.786987383245,1638.4978232227463,2287.388591194685
7.117,2174.241523247002,1728.0973639962688,2138.646035115494
7.117,2208.447555909533,1724.3264744708558,2117.7710228832634
7.137,2020.650788696892,1643.9760879635326,2144.1918027659835
7.138,2177.4076867840504,1680.402717643297,2172.664616930714
7.159,2087.1676044615074,1668.6026634815323,2120.4165136174815
7.159,2215.453244900167,1636.5101528794996,2030.5135550077177
7.179,2206.069435797032,1711.1634882349879,2081.4068642431516
7.179,2219.2285237175042,1757.8100758726036,2075.240187507443
7.201,2036.5443960206496,1633.2554908336115,2213.6017728802112
7.201,2129.4268705541213,1714.7639508840527,2231.8153505230694
7.223,2108.622585219747,1683.582926081743,2080.862296732169
7.223,2026.8864283727282,1626.6038944287784,2091.7852265010115
7.243,2152.572439060329,1692.2528407153418,2084.384392200424
7.243,2131.0198380601855,1701.4061188307708,2137.675395394521
7.243,2098.2404565745464,1681.1683455616349,2168.8968066658713
7.243,2271.227611461343,1637.6643879300748,2097.666118301104
7.264,2046.6197372891154,1705.7958086186736,2197.42965083373
7.264,2200.266209318058,1705.5289275976406,2168.684412243377
7.285,2085.258262865628,1708.7987440013828,2065.368946504384
7.285,2323.5431876908447,1651.3998889143677,2105.0086368963116
7.306,2210.044944964978,1747.8950816650329,2218.8345290435377
7.306,2202.75170506133,1640.2670159298957,2053.6783829534093
7.322,1962.9109357609289,1693.8759122053607,2106.4954213309684
7.323,2102.8212779820406,1609.9839831768768,2126.312800602356
7.344,2095.0559702558667,1756.593074818476,2080.5977197294164
7.344,2301.8302545272127,1627.121018250018,2014.4903074124422
7.364,2143.696230300792,1823.5095786143283,2142.669008169737
7.364,2103.96951120516,1777.3544520194628,2132.6076804561067
7.386,2022.833276879491,1674.5746015230752,2092.0428434529317
7.386,2141.9808007113793,1823.2286757522347,2203.751078279002
7.406,2068.294830177135,1684.035674634952,2119.65010389018
7.406,2267.804604893074,1712.4928559750233,2031.5939527924465
7.407,2114.9188855705243,1716.1554046491897,2226.9063946606802
7.407,2137.495022353164,1678.913853676927,2027.162872164244
7.428,2119.2267644090593,1633.0837619891533,2263.8230562691933
7.428,2064.0423115783333,1847.557336440693,2136.7589194488123
7.449,2077.438683488635,1735.3702019182863,2045.28185675821
7.449,2165.8854566846153,1570.7375857119962,2064.128826206322
7.468,2134.747846914052,1680.7774481266313,2063.150887204755
7.468,2201.0022165956625,1644.9504476886573,2111.692581433958
7.489,2142.769176799853,1685.967666352497,2196.346455956593
7.489,2296.030195447976,1761.113207424559,2083.7555213396245
7.509,2262.326986440457,1698.0590545882674,2080.7133686865163
7.509,2136.6054521744218,1791.8455293895179,2110.528172785139
7.53,2121.176409945874,1767.0274816774136,2077.071934649029
7.53,2193.3476256956983,1606.1231067763397,2161.440571394452
7.552,2100.6277764113947,1670.5458541357948,2147.0185674769587
7.552,2131.3994888150314,1742.44685389929,2073.8725804464443
7.573,2055.514678451863,1731.2636639047655,2255.4966954233037
7.573,2183.081135109638,1726.2964774828197,2133.401179119696
7.573,2149.77586070656,1779.4774697925754,2141.4729868087397
7.573,2141.030242484835,1597.8094839720345,2013.340669291372
7.595,1996.5881064971265,1668.2545790076003,2165.311211951243
7.595,2142.8898150480745,1522.6443034017109,2012.922936784586
7.615,2116.665781785911,1668.986642592712,2248.737051480913
7.615,2257.708980745436,1641.8045944291102,2166.6532376179566
7.637,2192.8126434528017,1536.5040852270884,2154.56727050987
7.637,2245.027186051691,1581.3239857819392,2171.8386196000174
7.658,2188.372377402436,1581.6961183457706,2150.9640655762846
7.658,2091.4753866051615,1730.1915829589868,1971.1730062768831
7.678,2164.6876412846054,1746.7752083804578,2204.6986973723933
7.678,2102.818321875454,1605.2756655641408,2115.85864140652
7.701,2242.7400944943934,1689.6297647860863,2168.1594773226234
7.701,2077.2093682120585,1663.1840394652213,1991.3647225824498
7.722,2281.1386947949863,1728.0876202688457,2075.6536162027655
7.722,2060.762506472778,1749.5739795877748,2101.5653905045033
7.743,2065.3738729610172,1730.1421865863774,2223.6585654935307
7.743,2243.2405881203026,1671.6761880970187,2173.0995411578488
7.762,2090.16544036555,1705.417362804655,2002.5476058806703
7.762,2101.872315853778,1610.5229761709593,2199.765520551152
7.783,2071.8275375302483,1752.9509850809345,2208.902162126005
7.783,2100.821179914837,1681.130314545908,2121.7158716850686
7.783,2073.487598521092,1670.1394349921925,2164.3357279342963
7.783,2124.445816847689,1703.668446139422,1953.51086320623
7.805,2197.6270232286092,1651.1087249574903,2043.2284564505512
7.805,2181.257472999146,1804.6536053109687,2185.5716750444844
7.824,2131.4186825298957,1683.6481707946862,2166.148584492482
7.824,2068.002312806138,1630.4487621912615,2107.8880006586414
7.844,2131.0999737514567,1563.8638685903052,2084.638443449403
7.844,2049.3741325511455,1732.6145443205355,1976.8866543575487
7.886,2221.126424290418,1676.8279406623408,2085.0488444762623
7.886,2114.4225960873923,1716.991734306876,2147.2580762550074
7.886,2090.500995099962,1651.6536323307992,2070.8355499545714
7.886,2032.6775511559604,1766.4690012276392,2104.287238079019
7.906,2104.208498007409,1594.5291285768903,2143.6149687351626
7.906,2133.5200214600254,1606.5435060438977,2118.333847587749
7.906,2065.8110675256416,1709.5821002053654,2097.676903613884
7.906,2163.425267693924,1599.4944467572573,2062.562176403141
7.927,2242.145797497165,1644.4025629601026,2078.481472778019
7.927,2081.7839293705783,1667.1218255348651,2165.454733736487
7.948,2050.257662730283,1718.777389652209,2156.0877845570435
7.948,2093.9613780024147,1676.2308017273094,2160.2404486390783
7.968,2058.00342458523,1700.0395936675993,2098.8744201449963
7.968,2052.447285472449,1653.30310458541,2100.698004919465
7.99,2153.971848001395,1515.7827801907592,2116.0587081236663
7.99,2125.1691052731144,1763.8509410666354,2159.7874691136794
8.011,2129.761364607374,1643.80511394442,2141.509791140089
8.012,2049.2165115806865,1832.6832405912598,2269.7388542619315
8.033,2031.580315081455,1673.8212337133486,2165.7544906872786
8.033,2189.439195474924,1734.5454745799075,2157.0390076620115
8.054,2127.3625988388685,1576.6369064572846,2189.6257522231226
8.054,2160.457554702007,1677.8794269539708,2126.5459407646913
8.075,2138.6241889882313,1715.5160128955604,2060.4134895101297
8.075,2078.2057203785344,1753.1107423755343,2032.3357440497475
8.075,2127.389867923743,1674.0290114798922,2038.198368674032
8.076,2141.1964523599568,1780.6849855705343,2100.5758925998816
8.096,2153.736813170223,1713.2953806896383,2097.1853920253093
8.096,2179.7803901070856,1656.9760017294263,2140.3434858520254
8.116,2138.8919311780387,1749.815054021869,2094.066077569244
8.116,2179.334701124294,1560.4365135359383,2229.6752135689367
8.138,2109.140930758657,1735.4482584483476,2098.8370509831593
8.138,2157.5148792978875,1631.3502502553547,2192.6690582080805
8.179,2203.9864582520554,1670.019150530503,2017.4042318518432
8.179,2114.760621375184,1718.2038260416703,2071.3427566904675
8.179,2066.1373696160094,1667.1196244817513,2048.8402100738294
8.179,2145.55383163508,1772.0789948911938,2068.9074126389014
8.198,2244.9508331979623,1675.4353600639852,2154.0060049649724
8.198,2090.1161802694637,1688.2516715269496,2085.306482864024
8.219,2232.952491021624,1679.3106682172913,2141.080811518832
8.219,2039.3352226828438,1728.1932392488843,2159.5381098284206
8.24,2245.842562332193,1620.533151824076,2198.8718238606352
8.241,2100.0901270281083,1757.0962391566422,2093.1794374900164
8.241,2138.556690575817,1682.660931441108,2153.762814606199
8.241,2139.2059535905573,1765.5489894000123,2067.2087327728727
8.261,2106.8230599234,1783.5135721072334,2111.6692896717036
8.261,2140.936111848808,1694.1436451740967,2184.388081879019
8.28,2098.75347371279,1666.8460489285067,2136.575831739538
8.28,2115.158491541035,1704.1359445946084,2097.142484950791
8.301,2206.047676120503,1767.8963433825834,2098.240987456881
8.301,2143.2250406692897,1696.4291987053023,2104.5210270861894
8.321,2169.060984103527,1693.2653032178875,2073.8643961147336
8.321,2165.7614184375575,1696.489237247916,2085.515608139266
8.343,2025.302863356683,1660.3487143178468,2084.393375543188
8.344,2118.444435706789,1743.4090915235652,2160.370138384006
8.362,2139.735726713429,1627.770639822123,2062.89102358144
8.362,2162.7274116116632,1699.043632914699,2064.0552601630516
8.382,2144.3853828007486,1754.4144393714469,2053.9952051210735
8.382,2264.8120073136606,1653.8867221934388,2064.9429999313716
8.405,2166.118951448221,1673.8344576870295,2124.1106038348485
8.405,2122.7287096883792,1749.0384474110078,2061.8497433348225
8.405,2090.9279436914194,1710.1495648920368,2222.3005725019875
8.405,2158.269547585875,1787.1119411271368,2015.3490654618465
8.425,2132.1515202661194,1575.5352440484558,2126.8949417057893
8.425,2124.0829299481748,1720.3947053138074,2185.9914650043806
8.446,2245.244207069473,1753.0689104833518,2027.253878299715
8.446,2090.4848132165453,1707.131940673148,2011.3029909409868
8.468,2153.1501467299317,1616.7172005495916,2132.0178722008204
8.468,2214.304607967333,1648.3836976741043,2176.164838782566
8.489,2167.455398366805,1664.651422215818,2186.5791310177333
8.49,2212.7757408966013,1695.724178695228,2083.5140299242244
8.511,2129.9124974197525,1689.1876416438254,2115.09193056315
8.512,2038.561310206639,1734.593027801205,2016.6120359260262
8.533,2097.3570981177268,1726.6492599343346,2119.9990726869537
8.533,2102.8302815909383,1724.3851135101697,2086.013609770623
8.552,2210.3929084061365,1640.139889117497,2114.228266281238
8.552,2114.870065595443,1664.542856884277,1976.5831858655813
8.573,2010.1001556876424,1678.6502276909005,2098.0110302347794
8.573,2161.1712474738147,1613.7105012812835,2170.1020402995196
8.573,2068.7462041301865,1817.0953394105209,2095.4331944770547
8.573,2076.7187553148647,1706.8139024603493,2049.754143331064
8.592,2195.0268183150615,1657.8805060210586,2095.3365627900175
8.592,2010.2910086569186,1670.6050475455693,2045.2494070953448
8.613,2057.9858356586524,1686.857801924109,2126.013476088405
8.613,2071.698000409132,1714.7668122724556,2107.4546194994923
8.637,2160.9799566022048,1622.7313828320664,2094.117503373329
8.637,2057.030556186433,1631.736747044325,2040.6853294768835
8.658,2115.8131702051696,1667.5715077380914,2113.748220575712
8.658,2174.769219905796,1659.088677945676,2207.088568208268
8.679,2175.69000866184,1682.8974073120894,2119.228938768928
8.679,2127.2393687205818,1744.6967849278096,2078.4061340350845
8.701,2100.652179266118,1749.0964164286634,1979.4285427344962
8.701,2233.1583154787877,1718.1295239064857,2069.7556591119023
8.723,2177.18719915322,1685.152923315402,2177.821901116654
8.723,2249.366697388813,1818.4136409457058,2137.8226811602844
8.743,2143.5746965076414,1715.5801271051591,2089.19926236744
8.743,2016.5563166998845,1670.245095156249,2116.743162970282
8.743,2091.5750409966236,1640.7875345011926,2230.171037168212
8.743,2076.840299553001,1717.8659856543936,2066.6893506022893
8.764,2095.952950271442,1756.9335308435855,2096.1031088878112
8.764,2148.5493957244234,1747.2301213422718,2020.0338211700355
8.785,2253.8311887621003,1637.5346506529781,2108.0102015230377
8.785,2087.9587283294613,1746.5419400154794,1962.9363270905342
8.806,2107.6600232302408,1682.2536065502875,2178.718303597759
8.806,2057.38065831362,1630.2792257787855,2123.1399621366604
8.826,2065.451426229008,1771.3850178735968,2089.2524667334615
8.826,2200.220630157574,1757.255812388537,2141.9355701893055
8.847,2193.251963683258,1682.9557706559115,2141.5570965547727
8.847,2104.4721430846166,1688.939374276814,2152.6508114239628
8.867,2169.534964656149,1575.6796061250047,2118.155671069542
8.867,2100.2471099280024,1740.064090156996,2008.5305065296607
8.889,2114.0590415148704,1684.7864045725205,2040.0341953324335
8.889,2214.1011324068913,1679.8790294826747,2127.909939479488
8.908,2100.7194352803117,1599.0128757402392,2167.1330387305325
8.908,2062.284908664433,1640.7364688593118,2103.073005229924
8.928,1999.2985924015845,1640.1523184390549,2048.5916218689126
8.928,2067.590148951829,1739.9548821473993,2024.4752060033145
8.928,2080.1020265812144,1660.4159572811689,2148.7918617500873
8.928,2166.1676377042063,1715.807976141393,2104.1281181424256
8.95,2111.480012875708,1778.810999711923,2041.8748615935008
8.95,2003.8047056168116,1611.5256911523397,2116.7777335738347
8.969,2331.6018945989185,1785.956365137037,2172.2001552563543
8.969,2138.8262297074407,1632.3690203846108,2165.8492038329455
8.991,2040.8476005675248,1688.219896230386,2073.7300218646183
8.991,2095.700877922032,1652.7004877710854,2224.178742527814
9.012,2142.6353455183275,1774.5605509702452,2151.1053780482407
9.012,2187.740537856575,1848.9992961161267,1981.7340461087508
9.032,2046.9645003724038,1719.3343475896213,2100.7414373249335
9.032,2139.816681257982,1662.1866311449737,2052.7545612711933
9.053,2093.25773051929,1811.1663689036793,2156.336217234761
9.053,2189.7291650404713,1774.7303716134068,2039.0388366495788
9.074,2139.8049659326107,1811.6587062067942,2096.3396289360676
9.074,2188.6493701696827,1641.6387591625494,2120.365664636168
9.074,2173.178770471403,1637.9044133620544,2174.815485701377
9.074,2092.171927588439,1710.751472719386,2076.958442675784
9.096,2254.592427664804,1725.8127039876729,2179.300966397248
9.096,2083.539960735947,1709.0902183179264,2176.4685656720553
9.118,2061.395794270469,1782.9930294375172,2112.9245847290877
9.118,2229.699065712758,1660.4197032780885,2064.1833676918436
9.138,2143.2657543951864,1711.2084857705565,2123.8546450043336
9.138,2137.807968217218,1663.854027045644,1986.7663568335747
9.159,2138.9998864306185,1703.8874334468414,1984.4339702265152
9.159,2110.0574769193854,1707.3544878600446,2083.702999764179
9.18,2033.508123039603,1717.5914793634618,2031.97639002083
9.18,2204.266296319849,1784.9567401137558,2079.2150233879293
9.201,2183.2569191379594,1605.0850201670023,2082.126414338959
9.201,2119.8738805569446,1803.3661902879571,2104.60382125449
9.221,2034.527393184299,1615.1919790705224,1974.6059263430868
9.221,2036.4335996363104,1685.3644682908196,2135.290108731426
9.245,2052.753821729545,1701.4157225351973,2113.476813603242
9.245,2232.514327570229,1747.6061538867998,2068.077466633657
9.245,2095.8534862664756,1682.158052857267,2169.421303781106
9.245,2081.2259176916336,1636.7681242492822,2040.583782115064
9.263,2126.538465793139,1595.3522327016983,2055.604365179854
9.263,2154.848575935778,1646.923328568991,2148.8727906834383
9.285,2189.751538968549,1677.8454415796307,2169.9242858655666
9.285,2145.2789402952662,1640.9200988498433,2128.7376514304187
9.305,2148.865362379524,1718.6492880753294,2069.6326402963105
9.305,2118.115156313737,1781.1779467436372,2094.3916987386237
9.325,2287.9830789320727,1703.9861209585688,2126.909929445178
9.325,2243.139150039005,1716.4264698265858,1978.5906169603686
9.346,2017.0316166950488,1604.9336441737623,2137.400405385064
9.346,2259.5065165177048,1703.030305352301,2194.247862097081
9.366,2108.3357754268604,1677.0509730174253,2016.9137988285527
9.366,2201.810934367911,1707.1162531286245,2035.2896919982722
9.388,2171.446869205234,1591.5046516730572,2062.01949357713
9.388,2080.3943155778506,1666.061632619096,2034.4102250021535
9.408,2094.7143142111445,1769.3531744530335,2066.26460422415
9.408,2011.3805398071925,1673.8597295065608,2141.367871861653
9.408,2145.004341104491,1699.5262163628977,2107.8610899524756
9.408,2100.4050332695138,1643.0919887401403,2137.420022613993
9.429,2124.3363269078845,1615.4165072042033,2101.943932855015
9.429,2022.2806028208508,1635.3294910305929,2073.406056012385
9.45,2107.5145776508216,1644.8377000720673,2133.969929394078
9.45,2080.1230881153,1654.60553522805,2001.724062883727
9.47,2219.8559872507,1616.9482398031444,2015.441298445097
9.47,2135.673102000002,1746.500501962198,2209.5725175890907
9.491,2123.0137013959593,1670.5482608710654,2130.564058318159
9.491,2060.8644185728135,1771.2760937530593,2065.3430355851324
9.512,2206.797391203545,1706.5832350205553,2032.9185832233122
9.512,2141.1057955218303,1678.1481668041713,1944.5334413834478
9.532,2109.265766855913,1667.8245615275387,2094.1736506813672
9.532,2025.7593444248284,1621.918230340832,2040.067304909384
9.552,2179.225830441639,1637.457118891274,2053.2331313716586
9.552,2176.91756335542,1585.5437020367765,2157.5951369939316
9.573,2179.3227198286872,1767.0163924697467,2224.3219062828452
9.573,2155.2725575957993,1641.8004410980625,2024.937341497353
9.573,2144.5304332129376,1683.1677632169744,2043.2972732042278
9.574,1959.424150996872,1789.636877485193,2144.334248626866
9.593,2074.096593053418,1673.3410826702468,2061.6100443058112
9.593,2110.358703827025,1685.3094020545345,2152.936654516757
9.616,2204.119151487708,1697.03907639891,2093.994833258486
9.616,2144.432312164517,1727.48296580387,2002.5194389192857
9.635,2073.7357981140276,1648.6152322018154,2228.804122928011
9.635,1975.2308509861414,1783.4081790603564,2077.6617898286663
9.656,2184.737288775447,1777.2765617443629,2136.99710304753
9.656,2055.9201041356423,1766.5861618363817,2056.7800449978454
9.677,2077.8088178388166,1681.8418828575686,2078.1930268178767
9.678,2007.7353360257557,1681.7227042581742,2074.854348034144
9.697,2077.8069410733037,1630.644226364185,2125.7258676218266
9.697,2156.932980506764,1767.8796041555622,2031.3480444705428
9.719,2082.237227765904,1723.3408580494488,2003.3973885342507
9.719,2119.868535775976,1853.1251127302505,1923.3268546304905
9.74,2164.460153502375,1768.7710919877823,2070.2262797460376
9.74,2029.023538664693,1790.6342666632975,2125.8335603159444
9.74,2110.5725519814605,1753.9756905606632,2083.712784566135
9.74,2125.696029257411,1767.1254573027793,2022.898211131776
9.781,2170.1863998894487,1740.1918895938663,2077.511359036109
9.781,2186.437437564128,1706.8219017637252,2100.365398454685
9.781,2041.9279866833972,1642.0986607220557,2043.6228264865524
9.781,2270.555188253358,1633.4551481367062,2065.182549975953
9.801,2146.6064762916517,1728.805284606666,2013.2749913543944
9.801,2042.667266585729,1792.6773648585593,2160.719274132001
9.822,2135.650497880298,1674.2066137425759,2081.196694511554
9.822,2057.200053454039,1749.1493911538134,1977.8431270230435
9.843,2231.098563741408,1776.4102754926773,2070.4567623355956
9.843,2162.6124292431523,1679.353592104795,2060.071460298749
9.865,1990.7104159922703,1667.209576537025,2095.1439732924287
9.865,2144.102732549354,1714.9612452323668,2106.291092222484
9.885,2091.8926660385882,1754.2788559188232,2134.676125954917
9.885,2124.638095847902,1685.9046698303594,2026.4709326261886
9.907,2096.5274993517955,1636.677015663157,2065.089817469547
9.908,2206.6143052881566,1779.9595462084455,2063.8810058984827
9.908,1998.9364913639731,1712.6512647579968,2023.4306378258248
9.908,2003.7117090623017,1620.091831113463,2013.2321090090759
9.926,2098.6992062765603,1723.572618341218,2099.5254217708434
9.926,2102.2528520428104,1733.1537423094953,2070.586662430652
9.949,2076.799471017453,1731.3215160375573,2126.904299775631
9.949,2059.0887557338388,1852.7128237531665,2045.7812137617498
9.972,2111.582419820282,1844.6181063235342,2058.5544152068805
9.972,2164.932479719637,1748.8842449961933,2149.756037794489
9.991,2093.7654249869943,1664.1550859092347,2092.8242359611536
9.991,2040.0596278964144,1759.1096918347982,2059.3905023735615
10.012,2101.025600376207,1630.7362810935426,2092.9601045775726
10.012,2072.9057120691623,1741.6095193148392,2050.0981317386827
10.034,2059.1072295167364,1760.4783493419252,2141.619144030733
10.034,2081.258678888346,1723.961357169706,2063.750889850824
10.056,2158.6222378729194,1667.2993719639128,2144.879713034071
10.056,2184.5260751770898,1697.5107484555197,2088.4927583282047
10.077,2245.964552165752,1733.055075670161,2146.644182292159
10.077,2164.061452016977,1680.2345103202001,2084.06703639823
10.097,2090.4623400995097,1701.5804799204038,2054.2000700389235
10.097,2043.2298050029253,1708.4011268751417,2148.3883547623523
10.099,2076.901510820882,1703.0591197208114,2004.2037498980283
10.099,2060.723976788014,1670.3520316168078,2041.9447284818684
10.118,2097.7740140530996,1809.6872287548656,1975.1314558453705
10.118,2151.537728448709,1741.2211132616928,1885.533197263073
10.139,2078.752327810793,1720.4460555566666,2030.9304880553764
10.139,2054.2448218140125,1692.6868475216395,2153.829312794831
10.16,2175.0284883208456,1787.0620677032025,1967.0872607023146
10.16,2161.310889141067,1703.5376551727963,2051.889615557023
10.18,2126.746894724778,1730.4261597577195,2121.603936378628
10.18,2186.8590653074775,1751.3750899513368,2008.8814220214308
10.201,2058.8312935608924,1745.8209976478797,2010.2627653682002
10.201,2043.545874661488,1713.1115473022182,2074.8267997028292
10.222,2100.6599098480706,1752.5059671921235,2194.74968961547
10.223,2221.8896364798525,1737.572624491607,2201.6085324345167
10.243,2121.023112901621,1666.8497073682174,2138.9752809405645
10.243,2190.376857584381,1698.4870271764707,2060.293089349884
10.243,1990.6444457021464,1704.8153697326898,2075.4160482164502
10.244,2171.985894976518,1600.4202000087766,2121.434968569786
10.263,2111.83528642415,1699.2582373309774,2090.9490423061975
10.263,2051.6169169008526,1598.9417323660603,2021.8152788455113
10.288,2193.036700566595,1706.2122125177614,2111.4698029916394
10.288,2053.773960236565,1765.1499094898425,1989.95493343786
10.307,2116.429742471018,1710.5523035639194,2102.357223898283
10.307,2032.7395792644538,1771.299878051774,2032.1599702257063
10.328,2074.127254258467,1749.22498544048,2002.5612676984024
10.328,2112.025081214544,1633.7686575340742,2104.8576339911897
10.349,2064.3450639046778,1697.3815345175065,2136.0796452054515
10.35,2165.7717447883965,1761.6746400791942,2040.8922764563183
10.37,1951.960478527555,1667.4184402999388,2063.5308827853282
10.37,2115.0607406897166,1660.3918366617986,2043.3371956080607
10.391,2187.202839961049,1738.0099337253728,2132.1532185352426
10.391,2016.05399649135,1682.2762173513154,2101.791574887037
10.414,2149.4120723836786,1757.507788312132,2071.6150808238203
10.414,2104.6533187668406,1716.3300231152884,2107.3858122665356
10.415,2128.641955285358,1772.5542519049645,1961.4517670689881
10.415,2104.087409567249,1744.0698787531212,2073.314479010063
10.434,2061.932004119595,1691.5739002219661,1967.7367745789008
10.434,2198.717484248045,1647.2112510162237,2060.0215517109164
10.454,2259.2824499677554,1764.0653176504259,2038.526710298893
10.454,2128.571575483965,1722.445933871496,2161.7353490793907
10.475,2098.211227189888,1736.961984992745,2039.426340549443
10.475,2145.118313568377,1726.5154735465894,2054.156070762127
10.496,2130.0225781832514,1647.1321641259765,2051.757686543738
10.496,2088.4218754779445,1748.0590242692265,2060.130314757918
10.516,2031.3668702621367,1735.1250571965084,2114.1797690789676
10.516,2155.916802359087,1793.929711373913,1957.7418677982828
10.537,2179.40270157015,1719.9943870615252,2197.718778149372
10.537,2087.6934102079003,1716.3629132663937,2116.9931542487316
10.56,2134.6568289147735,1684.0611187748168,2042.9154306093849
10.56,2067.455079392683,1651.5891798057467,2063.043325606107
10.58,2126.956009225298,1639.4723201795337,2004.5228312458928
10.58,2130.472314970937,1694.347842795192,2032.1697361664212
10.58,2282.3672757717413,1764.4959234218682,2144.727439372891
10.581,2078.0288469181737,1744.954489747107,2002.685717885514
10.601,2123.992025343422,1675.0342675767167,2085.766018808418
10.601,2174.089785622563,1680.7209303461177,2107.817779813398
10.621,2108.769225257409,1721.397644964769,1892.6146961158456
10.621,2144.5364442975333,1703.374944034369,2050.163779875387
10.643,2153.404274987045,1792.1804828610095,2027.6153972662278
10.643,2220.4568157684976,1630.5235210079006,2055.399265151857
10.663,2255.2923490342887,1797.7071088715406,2038.1958979788058
10.663,2082.045872356788,1662.3267158580688,2340.1407951674287
10.683,2225.8588457873775,1708.9365070208464,2114.252134976804
10.683,1993.4129922622128,1735.2746352523081,2099.3055589568603
10.706,2179.2225139350126,1658.262286886365,2185.1285857157554
10.706,2148.229808111261,1729.762081306264,2028.3370901143287
10.726,2111.8073193169043,1772.3128680579366,1978.881064052461
10.726,2134.8143684622205,1736.696870646536,1990.4220352541952
10.747,2141.859977094652,1754.7409646723472,1965.5582780098784
10.747,2139.748876541235,1653.991332623388,2105.1462102125693
10.748,2133.4159836508225,1698.7985504019464,2146.726381769031
10.748,2196.1721353527737,1708.9976517725686,2012.6430473388405
10.769,2192.984199676588,1779.4783504571017,2068.971796780668
10.769,2118.187428469921,1711.708120825639,2147.2122877075763
10.789,2141.8479195550017,1731.3000370739428,1976.6072590110343
10.789,2198.0917218203817,1644.8686784498639,2109.4776425013815
10.81,2131.9955010435506,1680.3459764825598,2157.1201399307124
10.81,2091.8601656795095,1738.5027749659996,2082.581644151472
10.831,2093.482363527171,1717.9723722056747,1989.1588631818909
10.832,2028.7058739261847,1653.6819372110128,2120.351567637736
10.853,2215.1071259085847,1689.346431604755,2155.1384485690924
10.853,2132.196143616032,1681.592450590492,2214.4001325597656
10.875,2056.1504681782444,1693.4285355354202,2070.8752989363315
10.875,2220.5527009461707,1703.414652774741,2166.4396045201165
10.895,2082.35426416156,1765.3878964412095,1951.9433086127326
10.895,2102.7703271439746,1668.6931461683494,2110.6262192913473
10.915,2102.518289867252,1735.0712650410633,1971.270813077467
10.915,2077.4887510893977,1708.1757458694206,2193.460417614352
10.915,2028.5510703008924,1665.7070428523384,2117.0260254435652
10.916,2073.127568468338,1768.8181695370124,2079.529609012349
10.936,2166.894522078355,1763.3957898458052,2081.8044999131434
10.936,2132.5875932332633,1741.3723630323057,2097.6440460420727
10.956,2058.624858435304,1742.34908660316,1974.8204905118027
10.956,2115.437266797688,1743.5104869182587,1999.1106574187907
10.977,2091.3419949657355,1657.9511157978036,2099.4977078130896
10.977,2165.7938297244405,1707.3020255014883,2075.5176144126103
10.998,2144.9210050993956,1678.2962718231415,2114.0725310710595
10.999,2154.03144425873,1755.9954580164263,2048.9545472364757
11.018,2180.797985819354,1708.7266471801545,2181.7360922049256
11.018,2078.467130018595,1698.2420616963593,2079.9923811901845
11.04,1953.3073846745478,1661.0464564567567,1984.7621989644122
11.04,2259.1594889420207,1805.4165042950037,2168.2382576560385
11.06,2085.041137797536,1748.3897968910064,2078.78749614888
11.06,2369.4448888641678,1631.1329149871638,2115.687371135027
11.082,2102.0623630344808,1758.0322065363819,2005.9047696486764
11.082,2037.0210149337897,1642.5565722132048,2141.999705094607
11.082,2125.057027799396,1599.5868669812664,2217.177768866831
11.082,2101.9591576558846,1633.5327793046918,1992.5349248125922
11.103,2064.3207083684465,1774.2299745040925,2060.953358707157
11.103,2062.5164232220263,1748.6241150145092,2094.071284979324
11.123,2123.9592972049754,1766.8360228767324,2062.3523352027837
11.124,2099.0513406458235,1757.2019304480036,2090.2860836478862
11.146,2130.038704880038,1802.963431736405,2116.789653435317
11.146,2047.4482137576153,1689.1590902429548,1993.713794753205
11.167,2097.862271953828,1782.757665292583,1973.8346578258936
11.167,2093.8350191294344,1695.1330358882717,2119.852691949286
11.188,2047.0478777258202,1737.8093390607273,1928.6373760286394
11.188,2081.4206537547943,1799.5754876096278,1986.854792806344
11.21,2036.778496758501,1648.0340505020258,2030.6991779429159
11.21,2187.25743105686,1719.4434768576982,2011.3312044560962
11.233,2178.3936283409803,1731.3498255343977,2061.8862574638197
11.233,2175.236555818387,1808.6136951288804,2074.7215562811675
11.253,2090.8283565013116,1718.609363526443,2034.8119686166397
11.253,2226.4831939918427,1749.178311911781,2079.4294657567084
11.254,2114.025934469683,1789.838174186917,2168.197561949352
11.254,2202.5409454145492,1760.92059026558,2161.42854635439
11.275,2201.909000158235,1863.0938727626794,1955.6896592422063
11.275,2068.9080112205493,1631.3878073654118,2216.2454345183196
11.296,2087.3234508905,1635.3349359610006,2062.552906952446
11.296,2114.9541522500917,1790.4320534503815,2058.5911795774687
11.318,2069.4386489398316,1716.6146857649458,2196.372277770166
11.318,1990.9730979621486,1670.0593906263605,2174.972878090114
11.338,2056.752832300199,1654.6497952786563,2007.6914657738896
11.338,2061.809895287651,1701.2229813851854,2107.09495254557
11.36,2142.3288075889345,1743.8966224375426,2118.7194827923468
11.36,2098.0585800944423,1594.8033652931933,2093.6166598804957
11.382,2208.5950266598165,1696.4001165395932,1998.8816516563707
11.382,2257.468813752931,1725.3736987188208,2089.0735710209738
11.401,2078.592960036655,1670.1653764262653,2092.1511997563985
11.401,2210.4304167140813,1697.7876389592323,2131.4089889995444
11.422,2041.3197523717026,1734.492952724069,2065.4040959892172
11.422,2000.249250399525,1827.1596912417936,2088.9912397060375
11.422,2144.8953395495637,1661.8950531961584,2079.2751532852594
11.422,2075.8462145193894,1744.2520679752395,2096.3085033351545
11.443,2138.007676552825,1695.160079588291,2035.2626324539706
11.443,2008.0002239936675,1600.4204339750977,1978.236859180423
11.463,2139.0475320093988,1715.7860154255857,2076.130166301289
11.463,2225.464076211526,1680.8574053008037,2008.2830346560154
11.484,1987.9844880980797,1765.5427050641451,2045.5833118634014
11.484,2050.666874926163,1636.4848692093715,2015.173086937053
11.504,2190.391647085109,1747.5902293516365,2155.974960444056
11.504,2260.760274193581,1765.4653520650004,2060.2043194724365
11.524,2089.1334681428193,1637.9104825210156,2114.8668449543716
11.524,2066.1471046623783,1693.8073412805657,2111.2404606193386
11.547,2013.1766687945033,1618.1724504937897,2037.3035225652427
11.547,2038.6485818370422,1682.3863545293402,1992.8076513020471
11.568,2185.4230263637273,1672.7078620333923,2092.989921018368
11.568,2161.7067280674282,1761.453721637398,1946.2540455393907
11.588,2253.7409198736636,1736.257862763969,2054.4458167896328
11.588,2259.2380539665114,1723.2389689448546,2124.910350061302
11.589,2077.826929059889,1746.8365161196311,2217.75003234984
11.589,2217.4087780665436,1714.8313165871516,2056.3588807485544
11.61,2141.4780738146924,1706.8399112384934,2227.4429690579905
11.61,2192.395768264156,1842.8605225745978,2054.0640278122064
11.63,2170.3051135431947,1796.6044885034134,2109.4848063742106
11.631,2140.5361499253786,1720.3293008493224,2085.668546545769
11.651,2127.8389633132483,1753.312783083304,2033.07541436574
11.652,2261.7751446665384,1634.879221137861,1957.5801479938282
11.693,2101.564061753536,1732.2111948840718,2022.7650144422205
11.693,2156.396745449014,1753.4935822754915,2002.9180236755153
11.693,2109.317267879308,1687.6750413910568,2159.739553249488
11.693,2055.5669971718007,1795.006999472002,2015.6321376059984
11.715,2131.7953618975794,1687.1595877942282,2109.461587333229
11.715,2196.5048240388805,1726.030923231087,2110.8578478372287
11.734,2258.8829465723556,1775.5593996255184,1955.43079175218
11.734,2207.52206335226,1630.3736712723417,2089.573148430993
11.754,2123.053400452693,1799.987782921248,1822.093103037439
11.754,2200.522499451807,1750.0151300539624,2049.2810781996604
11.754,2160.388565617634,1750.8012138450372,2001.5969311278327
11.754,2039.2243200079092,1712.8710784405907,1957.9248570573823
11.775,2095.9300431925203,1763.6488654391853,2138.271762201241
11.775,2230.102750074515,1767.0815101398314,2146.972260606882
11.796,2030.998610586677,1674.3093835565637,2011.1722104470614
11.796,1985.770115989979,1606.3076021460322,1986.677093935691
11.817,2081.5143564338455,1698.2318372140478,2159.968153148451
11.818,2081.835185010638,1684.1351756670217,1999.1324953982855
11.84,2054.3235711623793,1729.6005169808352,2064.6043014535935
11.84,2096.9759422879574,1696.468748427768,2072.0473171776493
11.86,2088.648862799305,1771.9425575661087,2147.817220862225
11.86,2026.0941251577713,1695.337590157797,1959.4505959226667
11.882,2083.4336291884933,1778.659269850307,1946.670891178618
11.882,2225.3290973156013,1714.1349110007495,2190.177518320699
11.903,2153.3633275205925,1669.6919779953823,2062.8552783396144
11.903,2181.778448198519,1711.4784224511782,2034.9416355788678
11.922,2238.970075667545,1711.41664698008,2120.295225698007
11.922,2131.2626105902236,1696.3864449014714,2067.8720798566032
11.922,2050.832546066434,1715.6057488764552,2154.0326630900095
11.923,2110.5076795199566,1767.8433418378522,2035.6168577240696
11.942,2160.8855509864657,1705.0322175337594,2060.0184169611152
11.943,2056.1327968244955,1748.6833990038529,2003.7253050862773
11.963,2085.6342054246443,1648.6373865452422,2100.596201498204
11.963,2135.2681565923485,1677.3145799150818,2106.9418029341355
11.975,2026.0114177443456,1693.4757170029395,2093.189436048495
11.975,2139.0531387083743,1690.5994059202571,2054.0058601895807
11.997,2152.7317819728787,1685.682831528192,2076.425372858787
11.997,2062.606215587483,1736.4020288854485,2086.273465508979
12.016,2125.0793816044466,1761.4199329261378,2085.6457239477945
12.016,2128.7887050586833,1681.6438669588085,2018.0941114835468
12.036,2050.2548918119473,1716.8621093847553,2127.806858111365
12.036,2060.1288995546565,1743.100876271527,2096.3516797936363
12.057,2121.862651866705,1673.3002392734586,2050.0098662328132
12.057,2087.247986194621,1738.8868888721008,2172.4198479178167
12.077,2067.584457889654,1727.0543891686048,2068.125112717552
12.077,2232.2947837033225,1777.3592358664555,2108.5628912930674
12.078,2101.535888013981,1777.5992655995854,2118.949920246393
12.078,2114.218946505432,1670.8984056151473,1999.1126402693865
12.1,2162.184635760055,1753.0018310668197,2118.2367559525796
12.1,2060.1288969450093,1689.617045694862,1968.0662769543603
12.118,2085.5172250789233,1645.431484614606,2116.4632098355373
12.118,2121.683648008343,1774.0362616864584,2011.6074330170977
12.139,1997.1160738714646,1677.5105752131142,2029.74725672248
12.139,2067.3588490674742,1725.7329043630082,2125.512862124214
12.159,2146.3997970184405,1691.1823020675934,1955.7520603858811
12.159,2114.345055242998,1644.9598113672384,2067.0536038410683
12.18,2092.619897812823,1725.7930655043183,2093.8411296586733
12.18,2039.9042241214386,1713.5634761460742,1972.841734110215
12.202,2107.127530337684,1697.228544353027,2039.7437678932747
12.202,2046.4280119417963,1781.0583568509421,2051.8289422886455
12.223,2158.2812190081136,1716.33268360123,2233.1668722417216
12.223,2020.7025812249508,1716.1708019196058,2034.3573918189234
12.243,2094.3851980480604,1626.528456611114,1969.3165218545237
12.243,2082.8382074611886,1740.9754821371464,2015.9933187213937
12.244,2187.0218580828728,1731.5357118282368,2038.0231619399276
12.244,2056.487406001074,1749.894063712604,2151.693064753288
12.265,2076.366471802609,1841.8345157569727,2038.3159486702184
12.265,2194.8391341142706,1727.337454302061,2032.8478643697263
12.284,2161.6418352199034,1681.7532176915843,2065.0792371069533
12.285,2064.9510408625865,1728.5645289594086,2141.3966235563394
12.305,2015.8048280158098,1710.1846554401325,2070.571064911809
12.305,2160.57328786729,1752.2398647235896,1969.9265477482961
12.325,2095.5906409422373,1709.4156315696068,2113.5423369503465
12.325,2142.177736747127,1723.11727487541,2013.5865615613898
12.346,2087.66149252742,1636.814927836229,1907.7461521057905
12.346,2122.0200430230802,1746.1133561942174,2190.068403738702
12.368,2093.012846030829,1735.409133227803,2073.2607957558976
12.368,2171.406045080437,1645.9221037785796,1965.0100491731562
12.389,2106.2966355831713,1769.3023607075722,2090.509517317137
12.389,1984.0882007741982,1864.3734466770159,2000.7346745481361
12.41,2044.3196894600208,1801.0320410822192,2128.8189829657176
12.411,1985.0044587385005,1779.6781222143038,2078.337281882287
12.411,1978.5101803821024,1771.1179219985418,2032.1031588902194
12.411,2136.2339283571505,1778.5205691402323,2068.885288066234
12.433,2139.2637480444737,1718.235254699797,2136.428149684948
12.433,2186.952622975354,1727.887150784509,1935.548260553982
12.454,2242.8970656911774,1706.4434113674697,2215.1144567646998
12.454,2205.98740843806,1696.84581887618,2085.853648876432
12.476,2047.0930455672728,1748.2486601835203,2121.2269695416644
12.476,2078.610977019108,1715.354681289055,2121.533364009473
12.495,2180.3927791307524,1694.853323916522,2031.4129347112084
12.495,2093.159909302087,1865.3973873495013,2014.0242765352777
12.537,2071.3995178038203,1659.9916215523044,2071.1866316201435
12.537,2199.3626028781255,1736.5024193829659,2121.416835521036
12.537,2153.856482685656,1758.4590997237167,2127.1539303370737
12.537,2033.3469929479877,1684.8058185410337,2178.4015734287905
12.558,2004.2325860812837,1721.132981163886,2129.189614757676
12.558,2101.650377299838,1632.8163530816983,2182.670920426278
12.578,2161.0008095295907,1659.1579397350367,2065.7252105531675
12.578,2165.545809390968,1753.6266565378523,2113.6118119631074
12.578,2199.9848034557735,1769.510605877486,2028.892073568037
12.578,2093.9723650872284,1675.7167841804176,2016.2730742443255
12.601,2169.9036886616072,1647.9505837976135,2091.7461881703643
12.601,2042.8994179766905,1674.0517785811637,2101.003131353445
12.622,2215.600873687426,1758.2673755780538,1953.4930496389463
12.622,2046.4469578096828,1709.4990237212398,2157.1313810663396
12.644,2082.1001278814774,1820.1220951595283,2100.6945497184847
12.644,2071.2102675984647,1688.5740249899688,2155.419234187142
12.664,2116.096778481875,1727.0596731251803,2115.5895196116358
12.664,2184.43872939874,1624.0189091960547,2146.1551184425007
12.684,2107.5349973830453,1768.2673237124059,1961.0745449501014
12.684,2144.7019471452477,1618.91749899906,2057.302888198554
12.706,2023.6622540569272,1667.9837075579785,2140.5968119374966
12.706,2110.5707780702023,1778.8947396944095,2215.1587094248853
12.727,1982.9365324481305,1747.450994390658,1948.1817569503414
12.727,2032.7238957811346,1669.851754523726,2115.05269325006
12.747,2093.1553467884532,1730.5711463136226,1974.994492778511
12.747,2012.2929081056466,1710.2797537789775,2136.869795445658
12.747,2210.1101344799617,1732.6500996747423,2089.4678463906025
12.747,2039.1323136024723,1709.2782402178163,2121.2003727659235
12.768,2181.4472921069437,1764.1761283731737,2010.7323014890283
12.768,2126.471980514136,1793.5229380581118,2034.1945802172843
12.788,2235.095311334971,1733.4680311275456,2041.3022270470617
12.788,2164.854268727128,1778.5373175257523,2057.5276780247623
12.81,2052.0277539305303,1700.0788687944994,2080.552684149169
12.81,2183.4567333728473,1753.1547296202948,2018.6983607612162
12.829,2097.13392655239,1679.6994952029968,2131.0812559950505
12.829,2145.822899092555,1705.814188026288,1969.8707175845475
12.852,2044.9909717864882,1738.5955130764814,2222.7305272473545
12.852,2067.456423326076,1741.1012863573214,2107.8946709286424
12.871,2192.0630433744154,1716.2286702760582,2116.839812379728
12.871,2111.737145241918,1720.4017836039725,2026.7962554646708
12.892,2116.5431002424125,1720.1991316070707,1960.391247377368
12.892,2209.8168321938983,1715.995146846075,2119.3870308320534
12.913,2065.140182009845,1750.8190298245977,2065.114972619989
12.913,2103.978828766121,1746.773734364918,2112.606055503302
12.913,2080.093458167464,1681.3989012959662,2067.690720200025
12.913,2100.5994626762094,1729.2828535967792,2072.9374983630296
12.934,2080.056190052873,1704.3887405059481,2033.1322351335798
12.934,2099.7282178357273,1729.7347103321147,2143.0596380477987
12.955,2113.8204753496366,1809.5705045931693,2076.0995996531515
12.955,2166.1224353889156,1789.5924940223529,2054.2196568871004
12.977,2068.2167608025084,1692.328357214316,2065.922917170632
12.977,2135.1603646285967,1749.1238649033992,2134.831698680367
13.021,2158.305708157154,1740.3954237579442,2035.010355169839
13.021,2176.748438464211,1645.388580155201,2152.0579644143086
13.021,2091.8830175965336,1730.432204796914,1979.9265353695287
13.021,2131.6198432846586,1616.7631954666272,2059.5792772521027
13.041,2073.181997695233,1789.6890831519636,2155.060572662056
13.041,2219.2156501328514,1740.1373131986238,2046.6689576127926
13.064,2208.4584197634636,1625.1418418176877,2193.808997941934
13.064,2264.7399746537994,1694.7851431854444,2043.0478055081894
13.084,2087.6505423472945,1716.100192432864,2048.3982134959665
13.084,2104.5491992576503,1800.2231174514116,1963.885872613817
13.085,2164.9296709860882,1657.5223512640036,2060.3376962664042
13.085,2029.8866295151777,1663.8178031491493,2065.783439644294
13.106,2192.8549650690275,1863.5702606324064,2052.952283300725
13.106,2081.970982408003,1709.3613506890888,2135.6577639234997
13.126,2191.8441654994685,1701.4414674555242,1986.3545453947825
13.126,2102.9746046176915,1660.9706966395338,1927.26279529608
13.147,2094.8085889962003,1685.3888345530495,2011.1779694822098
13.147,2103.2918119847327,1614.790911797596,2010.890582310041
13.168,2120.8124209608404,1700.556000282005,2138.722789433598
13.168,2118.6276080345565,1660.2687350269227,2017.802691609068
13.189,2129.1840463608146,1720.063318019959,2035.8363108641965
13.19,2138.5510926302827,1716.8454839411077,2029.1602957740372
13.208,2105.274125143296,1697.2295502467641,2076.864590529998
13.208,2073.52188217427,1711.7245061400004,2119.057803688436
13.23,2074.1840620216162,1603.1796883183906,1981.154000476519
13.23,2041.7014235259592,1845.851429066271,2034.9700544128505
13.251,2114.918406225952,1838.8876052767341,2105.521613623931
13.251,2102.2508682267544,1768.9148140851873,2116.834637795534
13.252,2165.2417742632188,1676.2543797733454,2091.796926304205
13.252,1969.6425452852031,1712.9222444236618,2082.8782553440033
13.273,2092.6663654512886,1732.2816060906962,1963.9614687743492
13.273,2128.892660298786,1617.2537874373902,2144.466133089309
13.294,2234.2671642751043,1663.4765231963524,1938.9436615958557
13.294,2011.2159473692673,1779.5218937366412,2159.125836110981
13.316,2090.2038083682405,1791.8385511285478,2034.2886230942331
13.316,2127.3446131041123,1651.3333851824536,2104.074032415238
13.337,2076.065882595304,1703.4840328573378,2233.8731723116744
13.337,2119.5916768316024,1745.1865417797237,2143.638931250132
13.357,2068.940541993238,1687.2178068263452,2037.8780292462657
13.357,2218.619720062243,1756.2528407112395,2118.7798681671065
13.377,1977.183915084131,1806.9739529875237,1990.1497040626089
13.377,2081.8340837837704,1759.3979030445173,2055.0929276627426
13.399,2092.347395146946,1670.8361481736106,2157.574309386668
13.4,2105.861750153544,1734.6265611466179,2115.089593943224
13.418,2178.5254164254015,1793.1804996929095,2018.602936908048
13.418,2095.8490667278106,1719.5658015119998,2045.0348836643007
13.419,2112.698520017555,1727.5171896199554,2193.022215515165
13.419,1987.5709267962905,1694.1657677805392,2054.7410336652
13.439,2172.9197978816865,1669.1987445399516,2200.753034944373
13.439,2002.196495508347,1715.6132159530503,2063.754408078272
13.461,2139.8945750321454,1670.7581433672478,2060.597231049323
13.461,2057.7137175778535,1696.342098036234,2167.038104450908
13.481,2133.1070873132285,1794.671563989024,2012.1244498025226
13.481,2099.5424226633254,1744.9751166382014,2268.194294690017
13.5,2156.0994832572574,1662.3970986295626,2151.3507147394907
13.5,2123.18503004954,1688.0895486229394,2000.2600680067471
13.522,2133.996415208501,1773.437295755086,2067.0108721247943
13.523,2028.5217059936367,1762.3142953645954,2121.3555814696565
13.542,2088.1287999876727,1748.4244301557546,2087.20317048397
13.542,2050.8655298252356,1723.2322028341496,2089.1098712174426
13.562,2133.393253582371,1756.1703034804923,2118.611022339926
13.562,2115.785070082166,1734.2425732180811,2049.723260218627
13.585,2153.3138482218246,1761.651506591867,2042.652298709938
13.585,2102.4311965725856,1665.6803913443373,2099.073292605799
13.585,2187.0031075225497,1742.810624091694,1965.9955776528975
13.585,2121.6106761338724,1804.8011331503312,2189.551610112838
13.603,2073.3116978754892,1660.901782747669,2087.2769538062357
13.603,2052.051302520725,1638.879374805955,2192.4857911850277
13.624,1957.7386361149058,1785.6324574327098,1997.8957373301525
13.624,2138.7382987757546,1737.3448723674167,1955.2789062750894
13.644,2130.233951944481,1681.629356222114,2056.433884794923
13.644,2200.73450918537,1825.4508410949766,2066.386901305143
13.664,2055.253593389628,1810.8283094353499,2034.1720190361361
13.664,2027.3532203442014,1676.9934771532264,2104.228969699664
13.685,2042.4169634293974,1792.4202653461596,2145.2149522504687
13.686,2148.9851245090736,1728.0610644694864,2142.488149430653
13.706,2076.924807612732,1731.5455555678907,2055.0609057918955
13.706,2062.410432272186,1663.8679810648555,1980.9187059966537
13.726,2171.3500934997605,1734.271204698168,2087.2277734627646
13.726,2098.7128002189916,1868.420335532139,2127.707570150929
13.749,2137.974222659423,1772.8203420122356,2035.426542632147
13.749,2022.5473140947022,1801.738699417054,1947.670388670636
13.749,2137.754285351071,1656.2732187530416,2011.9781461323753
13.749,2172.4663485006695,1779.6949032211426,2094.3841493698214
13.768,2075.8142573168875,1606.384229444525,1995.9153215894016
13.768,2166.4680579964543,1776.9865825575123,1965.9145649130035
13.789,2066.9870388436557,1573.55449524484,1968.9368445880068
13.789,2100.153324013191,1729.2453613273076,2064.8307311670783
13.809,2116.4596043364754,1663.292656106037,2106.446264154752
13.809,2156.4678443711555,1725.935995406317,2081.2851324848957
13.83,2052.588478488212,1732.6712417217238,2005.1875005886332
13.83,2147.350748947093,1725.738477657675,2043.0812757225287
13.851,2114.374460770012,1759.7179866284698,2062.0313392216617
13.851,2155.943413224655,1632.041640112742,2150.862346582967
13.871,2087.1704891218496,1714.134794535211,2046.8484478688529
13.871,2124.0891665558465,1648.302277340631,2163.459483294608
13.892,2029.088519462356,1673.234764171802,2235.5384460462724
13.892,2102.1563414803272,1665.2666559708948,2135.0285126895674
13.914,2070.4111979969084,1755.0521411188038,1987.6106379991666
13.914,2093.001773518071,1768.8999857020353,2081.886895569469
13.914,2085.471991711755,1777.2285799072686,2006.8735557901796
13.914,2274.8887862148586,1736.646341672862,2118.5566372899484
13.935,2009.2728279721248,1670.2124323209316,2223.271121437737
13.935,2110.4785827200985,1704.115487023103,2134.6394551348394
13.955,2156.7744504483644,1730.8787771023422,2101.24556268446
13.955,2121.7814729545307,1722.3540906935775,1988.1412943671298
13.977,2168.5839522674632,1590.7725294771,2089.260416268374
13.977,2044.77280540505,1783.1965997953812,2158.402859902094
13.998,2094.8495242571885,1729.560002054196,2155.0763290890645
13.998,2237.02256943326,1728.4082112158571,2065.693542022598
14.018,2137.181008439126,1743.1864409036154,2036.978815282745
14.018,2171.9638893270835,1767.789036208174,2048.974521014514
14.04,2109.6997790743926,1653.1897739906715,2085.9580641156954
14.04,2061.032393378962,1704.8432414341482,1958.7250977092133
14.06,2173.7371193856748,1649.3105390765058,2047.0876711050278
14.06,2143.243078712885,1707.628594914281,2117.2912466664043
14.081,2101.922973601119,1649.887547462104,2053.398138380337
14.081,2007.2399117946984,1654.3588689981234,2009.1619976414358
14.082,2135.770868284011,1731.317758234288,2057.806776332794
14.082,2249.210635336465,1611.4710998197838,1996.9708551952224
14.103,2133.2434070689524,1794.812232720912,2084.2049943170946
14.103,2087.276395083883,1741.041000668638,2098.2182829734734
14.124,2171.7751244924843,1731.7290487095265,2068.9521065382164
14.124,2214.8235959817944,1749.0415250458304,2043.2503370487998
14.144,2132.3451650187376,1702.578907170609,2137.8333243561037
14.144,2129.653132601273,1744.326198979735,2072.9846720229057
14.164,2107.431446866712,1669.116895192169,2013.7503509201706
14.164,2277.095672037389,1716.4724496405745,2152.0293958175225
14.184,2160.11257572184,1684.4000237334938,2107.4923597758866
14.184,2115.412138418654,1633.4982788064838,2039.961115940786
14.205,2187.1638160088237,1654.9442285310286,2078.602842377493
14.205,2142.384776826358,1696.63108118751,2052.4923659266105
14.247,2071.149341943181,1788.2008664687062,1991.7678977086905
14.247,2036.691384066648,1732.4438324191717,2230.72966120234
14.247,2070.944410364135,1737.3062321404107,2082.6599417897874
14.248,2089.9415582588063,1737.0309751427758,2009.409813902165
14.248,2189.956150857296,1845.564841837523,2102.85815116231
14.248,2036.4447068420031,1786.6682287360268,2014.576964689771
14.269,1922.9690337565864,1686.2929289986039,2086.662799080495
14.269,2032.6274129849235,1644.928746564836,1995.9748214025437
14.288,2109.936556122675,1739.8003960206283,2225.5047979919336
14.288,2108.3956249649627,1684.2012521102904,2186.3630009002854
14.309,2237.470629842643,1641.979017383667,2048.2109885177165
14.309,2132.57856778626,1705.3609784412151,2045.28282463394
14.329,2181.977739908585,1777.0462476158666,2056.496993457497
14.329,2070.2441743148343,1726.3253043239188,2090.2236476110643
14.35,2211.9487838561404,1678.1422891350344,2067.1274245178506
14.35,2079.4947344053903,1610.5236508675468,2096.9874258920654
14.371,2119.3674443381396,1785.979407082549,2116.009364820729
14.371,2176.3168080542127,1749.0422713388841,2115.5918354799987
14.392,2199.329045007253,1686.5196866033057,1917.295996050912
14.392,2072.0521170812526,1744.611645272263,2119.525158708716
14.433,2216.9031530038064,1654.547718329724,2084.41662091825
14.433,2059.631125152649,1760.5336695408346,1989.9069877965078
14.433,2237.847591071541,1756.993080665783,2106.562737313696
14.433,2037.7853406191784,1742.4768726943216,2021.510554951013
14.434,2165.17479313466,1777.7451221360084,1966.2532172211868
14.434,2245.632075853163,1739.488898371053,2117.472556626335
14.454,2219.6250907736767,1699.0352339256062,2191.206488141706
14.454,2104.214242012515,1779.720848168952,2013.7217685571777
14.474,2127.063090916296,1729.3639958155657,2068.2661862939353
14.475,2143.4222288472342,1695.5694751937303,2091.327890700797
14.495,2144.220955686423,1759.4279654485053,2051.104051450106
14.495,2053.3314480932368,1729.4593319179758,2054.9787305535883
14.515,1958.8860574837872,1738.3312167307154,2101.215197271041
14.516,1939.4560065741193,1752.4316590172268,2160.374924239253
14.557,2198.5424967030726,1707.3642353888367,2115.4197501399794
14.557,2210.4451210921197,1723.8679082264828,2147.2542304899634
14.557,2044.1759683317255,1879.9864798250876,2154.0415231307184
14.557,2092.3791130280906,1703.1819944108775,2077.1138548667855
14.577,2063.535869855583,1686.3540707589036,2047.5598524800089
14.577,2146.8640527435928,1720.125505294016,2126.1863177164696
14.577,1974.639501413302,1710.784448996886,2102.5413741826223
14.577,2032.6034965445313,1786.0956660293286,2170.961516458414
14.598,2237.0750630037232,1705.4524766338138,2157.301155539173
14.598,2144.7819406531453,1856.3542712927228,2029.5787468783653
14.619,2127.2747409410636,1746.729367695101,2166.62135469196
14.619,2206.329438568047,1695.5507829506787,2150.0605021664346
14.639,2057.9099649211166,1771.1906813129215,2105.5776785256467
14.639,2106.3478125965757,1673.5899964083458,2097.433020780283
14.66,2229.2719042118683,1737.7904196999043,2141.553553268899
14.661,2223.289738931697,1798.0441973118507,2162.2740643556704
14.681,2088.9799027894614,1743.6714600186003,2179.0715311862155
14.681,2185.266095911348,1791.98320524253,2002.0205134536322
14.703,2196.1021440458694,1731.997200581319,1907.3620199459997
14.703,2151.9419588976752,1688.0327126188463,2025.057786019255
14.723,2058.8183129657396,1703.6523961396776,2038.321208546938
14.723,2040.1072947637992,1682.967787900773,2195.116705148943
14.743,2208.3926919240166,1726.0500749160824,2078.0018774284645
14.743,2123.363191135038,1736.7878017655437,2041.5565688685579
14.743,2203.194584139658,1775.8640133273086,2014.1928701136937
14.743,2038.1249918283102,1756.9564609870881,2009.1796451627529
14.764,2141.6212472191264,1699.1666379942264,2075.0774311475006
14.764,2164.2225815288666,1719.6332788013328,2050.442057111146
14.784,2172.1652505189327,1650.0569722257762,2193.812318516965
14.784,2089.6293293473955,1680.2255974956008,2107.6114795045396
14.804,2064.6414586972965,1644.0372412123543,2102.947346021571
14.804,1999.308161056358,1749.436756834755,2112.4722370933155
14.826,2092.297405106129,1764.3884352705318,2121.086140865751
14.826,2032.4474233302105,1715.9924085764058,2065.7276341415773
14.847,2086.616325913863,1742.8445476768964,2058.837144113431
14.847,2041.2232247611812,1694.3758449231568,2022.6187586670462
14.869,2087.3985977149705,1747.4594667590593,1998.9296394866053
14.869,2142.418354708494,1690.7436086778107,2130.383212642527
14.889,2192.9161086020717,1751.008071958086,2026.6649731321752
14.889,2095.312068794277,1746.1202458926452,2064.316648072545
14.909,2011.782125400702,1858.1153031324484,2110.925056257441
14.909,2146.31286374678,1741.2389260832451,2051.774465438823
14.909,2163.4198809045647,1776.6422029756845,2089.2890227366406
14.909,2046.5463030901458,1677.6632782785055,1979.0463646284072
14.931,2208.734082888467,1741.458379391986,2103.4281489972277
14.931,2118.865142067936,1639.4129260994314,1955.6717952829117
14.951,2132.353582710866,1766.2832498373564,2085.724737382529
14.951,2115.5637634825075,1703.5605297362292,2019.6022044784345
14.971,2097.9717854189535,1668.513536172292,2087.9776542544496
14.971,2059.5178736752287,1729.9964581870447,2121.131658494811
15.01,2248.864185625677,1738.1507620798982,1971.7894888280814
15.01,2114.127100531099,1703.1309107328784,2018.7768961459283
15.01,2031.2913225414968,1741.3714734713817,2182.8644259092866
15.01,2145.827138405301,1633.1587062849453,2005.1500131809548
15.028,2145.8917547937936,1759.94475225841,2163.1115194902372
15.028,2122.3308797182567,1699.5929800300903,2198.6053058054663
15.049,2058.3309864187718,1719.9860704646426,2131.146880776385
15.049,2122.377263166121,1665.5633576047392,2118.4596117735096
15.07,2095.107879565427,1723.0121777558418,2099.8590967288214
15.07,2110.5154867323818,1701.2433165367497,2164.630270261736
15.071,2130.8174392246387,1755.7320016583278,2021.6529275780888
15.071,2050.443374990402,1700.6358746856654,1994.9928662870054
15.091,1977.2092578124189,1728.6311976227366,2133.2131819573187
15.091,2052.6980228430243,1686.605285875693,2052.5484743175703
15.112,2219.375095781885,1801.3105915081214,2211.733518560375
15.112,1979.122892447089,1651.5525362242524,2100.1890578609864
15.133,2114.0931863291535,1678.9041774789778,2071.469415305132
15.133,2115.199622873814,1848.2411114077008,2108.61235048136
15.153,2062.021008200002,1719.7803979882437,2189.863967585199
15.153,1994.2589219852023,1750.2537328018177,2047.8598698027458
15.198,2072.457254866035,1718.6483415330783,2119.0665638228193
15.198,2136.142091499885,1789.168276401152,2016.4506259521984
15.198,2062.468303320869,1669.1121403207133,2245.216979031151
15.198,2099.804342450298,1821.4751209677522,2158.4833447822525
15.217,2112.7892566495834,1762.3506058169512,2127.195048689693
15.217,2107.088278151603,1781.3350400570798,1848.9097455271217
15.237,2133.7586454091047,1744.033293014708,2108.446034059794
15.237,2139.498237071344,1746.9933215798783,2195.617537122989
15.237,2136.563851705761,1785.9543438901735,2150.370285832869
15.237,2138.7631795875122,1774.1201927634256,1983.6698583167454
15.28,2117.224472870812,1662.2305157366836,2257.2933844235968
15.28,2107.342492470236,1746.4451683222214,2205.8008425930534
15.281,2038.804900869528,1676.3089084409964,2059.071008611779
15.281,2079.412599913664,1639.936253425144,2010.9053468472425
15.3,2010.9278623106482,1671.405118164311,2139.7067169218385
15.3,2133.2536246413574,1718.8821262954184,2053.3484680403335
15.345,2151.5863019596736,1748.8457572192535,2058.8055283540834
15.345,2063.458816356924,1751.3982916256418,1993.4443278394947
15.345,2236.854682323881,1662.375268379593,2247.9205665418717
15.345,2147.9671968448965,1711.0786182669133,2030.3101434602522
15.363,2137.6656249288644,1658.2792325032979,2116.7459438292044
15.363,2185.003946067293,1684.5204606135635,1999.4696204682332
15.383,2023.301888277601,1625.0671155035106,2186.2442006015835
15.383,2112.442602497758,1767.3761709852265,2222.8245846684918
15.403,2095.755387979283,1706.0388308250313,2097.412294988604
15.403,2126.4912533821985,1720.3929865438151,2086.550036349393
15.404,2029.810199723209,1833.6126635280248,1910.5210813179553
15.404,2153.4076821767726,1639.630371337772,2121.842776735562
15.423,2064.3741660661867,1712.9850537843045,2094.056262658813
15.423,2083.1147984037484,1670.7572936763747,2094.990937493775
15.445,2160.4232346514586,1814.3313335014006,2149.5183854600414
15.445,1967.6347104291856,1678.3799993909533,2026.2195094608842
15.465,2098.168772857508,1638.5990379055634,1969.2944290116839
15.465,2138.8754750587455,1767.1449691510063,2095.88943370931
15.487,2117.0696276968742,1756.4336923068745,2099.9527269226833
15.487,2093.7198979979494,1717.777162045595,2116.6847399449025
15.509,1982.7748063547108,1743.2079794778824,2065.7960406559314
15.509,2125.8668220841005,1605.13849701382,2047.4555693338277
15.529,2119.505678182488,1836.9002742338137,1983.5596398210503
15.529,2175.67989047298,1708.4850468450104,2064.641852990196
15.548,2194.3981895943393,1693.9464330538244,2116.4585884577746
15.549,2121.485182844031,1877.5441516414214,2049.304701985564
15.57,2064.916640869956,1799.007066195237,2023.9021354960735
15.57,2022.8144387295538,1644.5852563640715,2153.0041181493625
15.57,2094.706650276353,1824.8171975149141,2157.2970991334005
15.57,2203.481846742484,1768.5835584734466,2104.2444040900696
15.594,2124.370406475213,1690.128720932003,2136.600540076682
15.594,2131.966202868602,1739.6874299158394,2083.5497318000375
15.614,2063.237204511344,1761.2140225134779,1976.2854630694605
15.614,1971.0370180857094,1701.6075237318266,2123.701149371844
15.636,2089.722067855252,1710.7732703780425,1981.32096513041
15.636,2041.9126794638742,1785.6191222277089,2076.9984913649278
15.655,2033.4420404117268,1810.16029618652,2116.7264968069844
15.655,2211.178823216027,1684.726671373057,2072.5006223885903
15.677,2033.7957111281542,1620.4709851503421,2059.2452138052954
15.677,2076.273791161218,1730.4280258883352,2126.1628141962437
15.697,2213.0262460960034,1719.8865115524047,2004.7531074990843
15.697,2084.7949967126738,1696.9402513291845,2086.905971934475
15.718,2039.763119941684,1747.7737266343088,2132.222497345841
15.718,2173.7263324966866,1708.4956725598154,2051.497424109861
15.738,2124.337934863,1766.3049667428893,2107.826580642198
15.738,2086.445101262127,1745.1540997629038,2074.138349159768
15.739,2082.233981508786,1732.9082429072607,2131.3773345654336
15.739,2233.1254904445914,1771.1335182324594,2058.171350667539
15.758,2033.1345996821053,1716.7710939589952,2021.5451462037524
15.758,2085.977035602042,1747.0998601967585,2008.644547063784
15.778,2033.443743246945,1821.5584430305476,2009.960622234527
15.778,2123.7641490315914,1729.2214438698097,2048.6422144951657
15.798,2040.290115247503,1740.6647761026456,2170.8724055475986
15.798,2113.028386773783,1658.240398809646,2176.363737733007
15.82,2150.390409058495,1661.1162775477326,2084.5700319057546
15.82,2150.375102535624,1658.543525353949,2053.018656264752
15.842,2216.0376993578043,1756.2265387709385,2028.8938674562212
15.842,2094.2163990793647,1775.6639020037458,2037.1340552608783
15.862,2056.769744455194,1701.4803838910398,2032.3340377077186
15.862,2126.0701998693366,1792.5149857663046,2226.115193128218
15.883,2153.7798112865926,1788.1484213053157,2159.6202143590926
15.883,2179.3894128950533,1650.8085907258162,2042.8190100459442
15.904,2047.0001281880373,1728.6413981962442,2115.9947145718584
15.904,2130.579352522567,1811.0248563741532,2132.8861877561644
15.904,2110.753433009577,1801.723627411252,2088.6227696520623
15.904,2091.446935546206,1780.7620460946553,2117.1146139657058
15.925,2040.8255857693284,1753.7190446000654,1974.7657688822094
15.925,2174.956570218708,1774.4106120019148,2100.3528074292562
15.947,2032.9638797571442,1783.7220062506606,2073.9916945143045
15.947,2005.7015310580664,1720.2131415810668,2105.472237760289
15.967,2081.665251461572,1668.116852393402,2189.462219739439
15.967,1960.575823906498,1605.6132934315256,2165.740931908538
15.987,2065.69073108429,1761.102182140826,2118.14059467677
15.987,2082.170200689432,1698.6409973954733,2078.846787211424
16.01,2158.850305057036,1768.0638314354144,2095.80463028456
16.01,2176.409177532665,1683.3429854466544,2054.85935177966
16.029,2052.3716152340066,1659.306199176538,1997.5115005680696
16.029,2021.2497681665266,1745.2875548932293,1982.5675037404606
16.05,2091.851500297063,1650.4561966862275,2093.3821083522266
16.05,2103.585753442913,1721.4575879408035,2038.3885349705813
16.072,2142.286764312621,1700.5746941623026,2113.5635930634426
16.072,2184.059434931082,1666.0950994812588,2083.323677347443
16.072,2196.197942001396,1705.5574346047251,2162.0371439496976
16.072,1943.3686985434933,1717.2242678859006,2087.9952378676
16.092,2043.0682369808005,1723.66348571857,2128.840677404625
16.092,2052.4174430710227,1697.4372483184466,2066.5353318403763
16.112,2136.405450092296,1717.6322122202412,2148.4782915472315
16.113,2256.3533689627643,1721.6390643234786,2080.8919526681916
16.133,2172.9456239926208,1726.028624410284,2081.8698556757936
16.133,2031.8197000180503,1759.5963958664265,1953.0386133371119
16.155,2136.4327205774403,1682.11446524063,2094.3606034349905
16.155,2174.348746227988,1717.84358881683,2023.5998119356739
16.178,2016.1210098705626,1668.7339267183338,2095.240662275729
16.178,2218.7598045306004,1693.1910218523003,2029.8526298005308
16.198,2118.730590560017,1710.5698076360366,2077.841356257145
16.198,2135.3478542037815,1795.853766734641,2040.8332104148521
16.218,2090.881673175186,1648.1121391223664,2074.499550460864
16.219,2156.1817475818475,1683.1130514167844,2073.9795319977748
16.239,2116.3278773068514,1798.0717513252348,2198.4424684297896
16.239,2104.0372274529,1679.2164354563893,2042.1627653605497
16.239,1929.7288684418454,1628.9306141144905,2107.316207501068
16.239,2111.0989167874204,1786.8428229282758,2079.3317929647287
16.258,2149.7059344836007,1722.3580997304298,2146.338470372445
16.258,2090.68341579298,1675.3481456497218,2137.6747710012714
16.28,2059.1381914266212,1741.9052325270704,2018.8305502821113
16.281,2132.143559190912,1808.1652566429634,2175.912378603551
16.321,2068.992570554507,1792.0814498883117,2012.4218678812047
16.322,2146.41308757674,1715.9526053909938,2103.434854815113
16.322,2042.2541680014483,1777.0652432228621,2080.095627807682
16.322,2149.1099635515498,1727.8783479247768,2146.462861621122
16.344,2126.2434833769385,1697.6618058328168,2060.2639069544757
16.344,2208.375231029983,1673.523677793218,2087.277697952286
16.363,2091.532470085616,1678.9278354281528,2030.0749403210993
16.363,2159.2220360527904,1808.8814324955504,1968.882379767681
16.385,2006.3937505352596,1682.1256983796295,2185.154282622037
16.385,2093.5475370322756,1729.0852647146323,2061.7855104634946
16.406,2040.421923061067,1760.0271546574077,2120.436733884344
16.406,2178.9535778651107,1812.031147032228,2070.953690340107
16.407,2155.63659957924,1758.5561557266474,1993.9822728288423
16.407,2128.7226054209505,1683.609540515026,2127.271957653339
16.426,1979.3120656387925,1645.2583867376973,2061.9421656819504
16.426,2077.5338829106227,1736.1991554411077,2069.117405790137
16.448,2158.90397209669,1748.5976125524505,2096.9548944911508
16.448,2064.837468346755,1716.5290822013317,2126.722354327689
