Time,25W,25X,25Y
0.008,2117.0000000000077,1726.000000000005,2084.000000000006
0.008,2119.0000000000073,1722.0000000000068,2081.0000000000027
0.031,2119.000000000006,1722.0000000000034,2081.000000000004
0.031,2116.000000000005,1714.0000000000057,2077.0000000000077
0.032,2116.0000000000023,1714.0000000000036,2077.0000000000036
0.032,2118.000000000008,1729.0000000000027,2080.0000000000064
0.058,2118.0000000000045,1729.0000000000023,2080.0000000000036
0.058,2126.0000000000023,1723.000000000003,2082.000000000005
0.085,2126.000000000003,1723.000000000002,2082.0000000000055
0.085,2117.0000000000005,1727.9999999999993,2078.0
0.085,2117.0000000000014,1728.0000000000016,2078.0000000000005
0.113,2115.9999999999995,1725.9999999999998,2077.000000000001
0.113,2116.0,1726.000000000001,2077.0000000000027
0.14,2111.9999999999986,1717.9999999999989,2080.9999999999986
0.14,2112.0000000000014,1717.9999999999993,2081.0000000000014
0.14,2117.000000000002,1723.0000000000005,2078.9999999999995
0.167,2117.0000000000005,1722.9999999999986,2079.000000000002
0.168,2119.0000000000005,1717.9999999999995,2082.0000000000014
0.194,2119.0000000000014,1718.0000000000005,2082.0000000000023
0.194,2125.0000000000005,1714.0000000000007,2080.9999999999986
0.194,2124.9999999999995,1713.9999999999998,2081.0000000000005
0.194,2116.999999999999,1728.0000000000002,2080.000000000002
0.219,2116.9999999999995,1727.999999999999,2079.999999999998
0.246,2116.0000000000014,1718.000000000001,2088.0000000000014
0.246,2116.0000000000005,1718.0,2087.999999999999
0.247,2112.0,1720.9999999999989,2082.000000000002
0.247,2112.000000000002,1720.9999999999993,2082.0000000000014
0.276,2121.0000000000005,1719.0,2089.0000000000014
0.303,2121.000000000001,1719.0,2088.999999999999
0.303,2128.0,1723.0000000000002,2096.9999999999995
0.303,2128.0,1723.0000000000005,2097.0000000000014
0.303,2117.9999999999986,1721.9999999999986,2069.999999999999
0.33,2118.0000000000014,1722.0000000000002,2070.0000000000014
0.33,2108.0000000000014,1716.9999999999998,2078.9999999999977
0.357,2108.0,1716.999999999999,2079.0000000000014
0.357,2119.0000000000005,1727.0000000000002,2082.000000000002
0.357,2119.0000000000005,1727.0000000000005,2082.0000000000005
0.357,2118.0000000000005,1722.0000000000007,2086.999999999999
0.386,2118.000000000001,1722.0000000000002,2087.0000000000014
0.386,2120.0000000000014,1722.9999999999982,2086.0000000000014
0.414,2119.9999999999995,1723.0000000000002,2085.9999999999995
0.415,2125.0000000000014,1719.0000000000002,2079.0000000000014
0.416,2125.0000000000005,1719.0000000000002,2078.999999999998
0.416,2116.000000000001,1717.9999999999995,2079.000000000001
0.442,2116.0000000000005,1718.0000000000005,2079.0000000000005
0.442,2119.000000000001,1722.0,2075.000000000001
0.47,2119.0000000000014,1722.000000000001,2074.9999999999986
0.47,2118.0,1728.0000000000002,2085.0
0.471,2118.000000000001,1728.0000000000007,2085.0000000000014
0.471,2114.9999999999995,1715.9999999999984,2079.9999999999995
0.498,2115.000000000004,1716.0000000000002,2080.0
0.498,2114.9999999999986,1722.9999999999982,2083.999999999999
0.526,2115.0000000000014,1722.9999999999989,2084.0000000000014
0.526,2115.9999999999995,1716.0000000000002,2065.9999999999995
0.526,2116.000000000001,1715.9999999999993,2066.000000000001
0.526,2112.0000000000014,1724.9999999999993,2076.9999999999995
0.555,2112.000000000001,1725.0000000000002,2077.0000000000036
0.555,2117.000000000001,1724.9999999999993,2074.0000000000014
0.582,2116.9999999999995,1725.0000000000002,2074.0000000000005
0.582,2103.0000000000023,1722.0000000000002,2071.000000000001
0.61,2102.9999999999995,1721.9999999999995,2070.9999999999977
0.61,2116.000000000001,1717.9999999999995,2077.000000000002
0.61,2115.9999999999995,1717.9999999999993,2077.000000000002
0.611,2118.000000000002,1724.0000000000005,2068.0000000000014
0.638,2118.0000000000005,1724.000000000001,2067.999999999999
0.638,2119.0000000000005,1726.0000000000002,2076.000000000002
0.639,2119.0,1726.000000000001,2076.000000000001
0.639,2095.9999999999995,1718.0000000000005,2080.0
0.665,2096.0000000000027,1717.9999999999998,2080.000000000001
0.665,2125.9999999999986,1716.999999999999,2077.999999999998
0.693,2126.0000000000014,1717.0000000000005,2078.000000000002
0.693,2122.0000000000014,1725.9999999999998,2081.0000000000005
0.693,2121.9999999999995,1725.9999999999993,2081.0
0.693,2113.000000000001,1707.0,2070.999999999999
0.72,2113.000000000001,1706.9999999999998,2071.0000000000014
0.72,2114.0,1728.0000000000002,2082.0000000000005
0.747,2114.000000000001,1728.0000000000005,2082.000000000001
0.747,2110.0000000000027,1723.0000000000002,2077.000000000002
0.748,2109.9999999999995,1722.9999999999993,2076.999999999999
0.748,2132.000000000002,1724.9999999999995,2070.0000000000027
0.775,2132.0,1725.0000000000007,2070.0000000000005
0.775,2109.0000000000014,1719.0000000000002,2076.0
0.809,2109.0000000000014,1718.9999999999993,2075.999999999999
0.809,2105.0,1722.9999999999993,2076.000000000002
0.829,2104.9999999999986,1723.000000000001,2076.0
0.829,2123.0000000000005,1722.9999999999995,2078.0
0.829,2123.000000000002,1723.0000000000011,2077.9999999999995
0.83,2118.0,1702.9999999999986,2066.999999999999
0.85,2118.0000000000005,1703.0000000000005,2067.0000000000014
0.871,2108.000000000001,1726.000000000001,2092.000000000001
0.872,2108.0000000000027,1725.9999999999998,2092.0
0.89,2118.000000000001,1719.000000000001,2080.999999999999
0.891,2118.0,1718.9999999999998,2081.0000000000023
0.891,2116.0,1710.0000000000007,2069.999999999999
0.891,2116.0000000000005,1709.9999999999995,2070.0000000000014
0.911,2111.000000000001,1726.9999999999995,2083.000000000001
0.911,2110.9999999999995,1727.0000000000002,2083.0
0.932,2116.000000000002,1721.9999999999995,2084.0000000000014
0.932,2116.000000000001,1722.0000000000007,2084.000000000001
0.953,2132.000000000002,1719.0000000000016,2088.0
0.953,2132.000000000002,1719.000000000001,2087.9999999999986
0.975,2116.0,1722.0,2073.0000000000014
0.975,2115.9999999999995,1721.9999999999995,2072.999999999999
0.996,2126.0000000000005,1715.0000000000002,2085.000000000002
0.996,2126.000000000001,1715.000000000001,2085.0000000000005
1.018,2116.0000000000005,1724.9999999999995,2080.0000000000005
1.018,2116.0000000000023,1725.0,2080.0000000000014
1.038,2120.9999999999995,1722.0000000000007,2086.0
1.038,2121.0000000000014,1722.0000000000007,2085.999999999999
1.058,2109.000000000001,1710.9999999999993,2084.999999999999
1.058,2109.0000000000005,1711.0000000000007,2085.000000000003
1.059,2112.999999999999,1719.000000000001,2072.9999999999986
1.059,2113.000000000001,1718.9999999999993,2073.0000000000014
1.08,2123.0000000000014,1718.9999999999998,2080.0000000000005
1.08,2122.999999999999,1718.999999999999,2080.0
1.101,2124.0000000000014,1719.0000000000002,2078.0000000000014
1.101,2124.0,1719.000000000001,2078.0
1.122,2126.000000000002,1716.0000000000007,2081.9999999999995
1.122,2126.0000000000005,1716.0000000000002,2081.9999999999995
1.145,2116.000000000001,1715.0000000000016,2071.0000000000027
1.145,2115.9999999999995,1715.0,2070.9999999999995
1.164,2116.000000000001,1719.0000000000002,2080.000000000001
1.164,2116.0000000000005,1718.9999999999993,2080.0
1.185,2114.0,1720.9999999999995,2077.0000000000014
1.185,2114.000000000002,1720.9999999999995,2077.000000000002
1.205,2121.9999999999995,1722.0,2079.000000000001
1.205,2122.0000000000027,1722.000000000001,2079.0000000000005
1.228,2128.0,1727.0000000000002,2084.000000000001
1.228,2127.999999999999,1727.0000000000011,2084.0000000000027
1.229,2129.9999999999995,1717.9999999999993,2082.9999999999986
1.229,2130.000000000001,1717.9999999999984,2083.000000000002
1.247,2114.000000000001,1718.9999999999998,2072.999999999999
1.247,2114.0,1718.9999999999982,2073.0000000000005
1.268,2122.0000000000014,1718.9999999999986,2075.000000000002
1.268,2122.0,1719.0,2075.0000000000005
1.289,2118.000000000001,1727.0000000000011,2080.0
1.289,2117.999999999999,1727.0000000000007,2080.000000000001
1.332,2119.9999999999995,1724.999999999999,2093.000000000002
1.332,2119.9999999999995,1725.0,2092.999999999999
1.332,2125.0000000000014,1728.0000000000007,2077.0000000000014
1.333,2125.000000000001,1727.9999999999984,2076.9999999999995
1.354,2113.000000000001,1720.0000000000005,2080.000000000002
1.354,2113.000000000002,1719.9999999999995,2080.0000000000005
1.372,2116.0000000000005,1718.9999999999998,2073.0000000000005
1.372,2116.0000000000023,1719.0000000000011,2072.999999999998
1.393,2114.999999999999,1721.0000000000002,2085.0
1.394,2115.000000000001,1721.0000000000005,2085.000000000001
1.394,2114.0,1723.0000000000011,2080.999999999999
1.394,2114.000000000002,1722.9999999999998,2080.999999999999
1.415,2120.000000000002,1725.9999999999986,2081.9999999999995
1.415,2120.000000000001,1726.0,2082.0000000000014
1.435,2124.0000000000014,1725.0,2086.000000000002
1.435,2124.0000000000005,1725.0000000000011,2086.0000000000005
1.457,2104.000000000002,1726.000000000001,2081.999999999999
1.457,2104.000000000001,1726.0000000000002,2082.0000000000014
1.479,2122.999999999999,1725.0000000000016,2079.9999999999995
1.479,2122.999999999999,1725.0000000000007,2079.9999999999995
1.502,2127.000000000002,1726.0000000000005,2092.0
1.502,2127.000000000002,1725.9999999999982,2091.9999999999995
1.522,2121.0000000000005,1727.0000000000005,2075.0000000000027
1.522,2121.000000000001,1726.9999999999995,2074.9999999999995
1.542,2115.999999999999,1721.0000000000007,2083.0000000000023
1.543,2116.0000000000005,1721.0000000000023,2082.999999999999
1.563,2105.9999999999986,1725.0000000000007,2067.000000000002
1.563,2106.0000000000005,1724.9999999999995,2067.0
1.563,2124.9999999999995,1720.9999999999993,2076.0000000000005
1.563,2125.000000000002,1721.0000000000014,2076.000000000002
1.584,2120.0000000000005,1717.9999999999989,2070.9999999999995
1.584,2120.000000000001,1717.9999999999995,2071.0000000000014
1.605,2112.000000000002,1723.0000000000014,2089.0000000000023
1.605,2112.000000000002,1723.0000000000002,2088.9999999999995
1.627,2116.000000000001,1723.000000000001,2077.9999999999995
1.627,2116.0000000000005,1723.0000000000011,2078.0000000000014
1.647,2107.9999999999995,1725.0000000000007,2083.0000000000005
1.647,2108.0,1725.0000000000002,2083.000000000001
1.668,2114.0000000000023,1724.0,2076.0000000000005
1.668,2114.0000000000005,1723.9999999999995,2076.000000000002
1.691,2128.0000000000027,1718.0000000000007,2085.0000000000014
1.691,2128.0000000000014,1718.0,2085.0000000000014
1.711,2111.9999999999995,1717.0000000000005,2063.9999999999995
1.711,2112.0000000000023,1717.000000000001,2063.9999999999986
1.731,2117.0000000000005,1719.0000000000007,2081.0000000000014
1.731,2116.999999999998,1719.0,2081.0
1.732,2117.9999999999995,1719.0000000000016,2093.0000000000014
1.732,2118.000000000001,1718.9999999999982,2093.0
1.752,2113.0,1722.999999999999,2082.0
1.752,2113.000000000001,1722.9999999999998,2082.0000000000027
1.772,2126.0000000000005,1716.9999999999998,2087.0000000000027
1.772,2126.0000000000005,1716.9999999999995,2086.9999999999995
1.794,2108.0000000000023,1719.0,2070.999999999999
1.794,2108.0000000000005,1719.0000000000016,2071.0000000000027
1.815,2120.9999999999986,1723.0000000000011,2078.9999999999995
1.815,2120.9999999999986,1723.0000000000011,2079.0000000000014
1.837,2111.0000000000014,1713.9999999999989,2085.0
1.837,2110.9999999999995,1713.9999999999986,2084.999999999999
1.859,2112.000000000001,1721.9999999999995,2076.000000000002
1.859,2112.000000000001,1722.0000000000007,2076.000000000002
1.88,2115.0000000000014,1726.0000000000002,2089.0
1.88,2115.000000000002,1726.0000000000014,2088.999999999999
1.899,2117.0,1731.0000000000014,2080.000000000001
1.899,2116.9999999999995,1731.0,2079.999999999998
1.9,2120.000000000001,1722.0000000000011,2075.0000000000014
1.9,2120.0000000000023,1721.9999999999993,2075.000000000001
1.921,2107.0,1718.999999999999,2073.0000000000014
1.921,2107.0,1718.9999999999998,2073.0000000000023
1.941,2117.0,1723.0000000000011,2080.000000000001
1.941,2117.0000000000014,1723.000000000001,2079.999999999998
1.962,2121.0000000000014,1724.000000000001,2081.999999999999
1.962,2121.0000000000014,1724.0000000000014,2082.000000000003
2.004,2117.9999999999986,1718.9999999999995,2091.0
2.005,2118.000000000001,1719.0000000000016,2091.000000000002
2.005,2113.000000000002,1717.0000000000007,2084.0
2.005,2113.0,1716.9999999999986,2084.000000000001
2.025,2115.0000000000014,1712.0,2080.000000000001
2.025,2115.0000000000005,1711.9999999999993,2080.000000000001
2.045,2120.000000000001,1725.0000000000002,2082.0000000000005
2.045,2120.0000000000014,1725.0000000000002,2081.9999999999995
2.066,2124.9999999999995,1724.0,2082.0000000000023
2.066,2124.9999999999995,1723.9999999999993,2082.0000000000005
2.066,2125.0000000000005,1719.0000000000002,2080.0000000000027
2.066,2125.0,1718.999999999999,2079.9999999999995
2.087,2120.0,1718.9999999999975,2077.0000000000014
2.087,2120.000000000001,1719.0,2077.0000000000005
2.107,2104.9999999999995,1715.0000000000002,2069.000000000001
2.107,2105.0000000000014,1715.0000000000016,2068.9999999999986
2.128,2119.0000000000005,1723.0000000000005,2080.000000000001
2.129,2119.0,1722.999999999999,2080.000000000001
2.15,2121.9999999999995,1727.9999999999995,2084.0
2.15,2122.0000000000014,1728.0000000000007,2084.000000000002
2.171,2126.000000000001,1722.999999999999,2075.0000000000005
2.171,2125.999999999999,1722.999999999999,2075.000000000002
2.192,2115.000000000001,1726.0000000000002,2079.000000000001
2.192,2115.0000000000005,1726.0000000000002,2079.000000000001
2.216,2116.000000000001,1720.0000000000011,2067.999999999998
2.216,2115.999999999999,1720.0000000000002,2068.0000000000005
2.234,2113.0000000000005,1719.000000000001,2080.0000000000014
2.234,2113.0,1718.9999999999995,2080.0
2.234,2118.0000000000005,1726.0000000000005,2072.000000000002
2.234,2118.000000000002,1725.9999999999993,2071.9999999999986
2.255,2117.000000000001,1722.9999999999993,2086.0000000000014
2.255,2117.0000000000014,1722.9999999999993,2086.0000000000014
2.276,2111.000000000001,1724.000000000002,2076.0000000000014
2.276,2111.000000000001,1724.0000000000016,2075.999999999999
2.299,2117.0000000000005,1720.0000000000011,2073.0
2.299,2117.000000000001,1720.0000000000011,2073.0
2.322,2119.999999999999,1716.9999999999989,2077.0000000000005
2.322,2120.0000000000014,1716.9999999999995,2077.0000000000027
2.342,2120.000000000001,1727.0,2077.9999999999995
2.342,2120.0000000000005,1726.999999999999,2078.0000000000005
2.385,2119.0000000000014,1720.0000000000011,2086.0
2.385,2119.0000000000014,1720.0,2086.0
2.385,2117.000000000002,1721.0000000000002,2081.9999999999986
2.385,2117.000000000001,1721.0000000000014,2082.0000000000005
2.406,2117.0,1721.0000000000005,2078.0000000000014
2.406,2116.9999999999986,1720.9999999999993,2078.000000000001
2.406,2122.000000000002,1720.9999999999998,2084.000000000002
2.406,2122.0000000000005,1720.9999999999986,2083.9999999999995
2.426,2122.9999999999995,1725.0,2082.000000000002
2.426,2123.0,1725.0000000000007,2082.000000000001
2.447,2116.000000000001,1725.0000000000007,2084.0000000000005
2.447,2116.000000000001,1724.9999999999998,2083.9999999999995
2.468,2110.000000000001,1720.000000000001,2079.000000000001
2.469,2110.000000000002,1720.0000000000002,2079.000000000001
2.489,2118.000000000001,1712.9999999999998,2080.0
2.489,2118.000000000001,1713.0,2080.000000000001
2.511,2124.0000000000005,1721.9999999999989,2078.999999999999
2.511,2124.000000000001,1721.9999999999984,2079.0000000000014
2.532,2126.0000000000014,1728.0,2080.0000000000005
2.532,2126.000000000002,1728.0000000000007,2080.0000000000005
2.553,2129.000000000001,1719.0000000000002,2081.9999999999995
2.553,2129.0,1719.000000000001,2082.0000000000023
2.573,2111.0,1718.000000000001,2088.0000000000005
2.573,2110.9999999999995,1717.9999999999989,2088.0
2.575,2112.000000000002,1726.0000000000005,2078.0000000000005
2.575,2111.999999999999,1725.9999999999993,2077.999999999999
2.592,2126.0000000000027,1712.999999999999,2074.0000000000014
2.592,2126.000000000001,1713.0,2074.0000000000005
2.614,2116.000000000002,1719.000000000001,2084.9999999999995
2.614,2116.0000000000014,1719.0000000000007,2084.999999999999
2.636,2110.0,1725.0000000000011,2081.0000000000023
2.636,2110.000000000001,1725.0000000000007,2081.0
2.655,2114.0000000000005,1716.9999999999998,2088.0000000000005
2.655,2114.0000000000014,1717.0000000000005,2088.000000000001
2.676,2120.000000000001,1723.0000000000002,2077.9999999999995
2.676,2120.000000000001,1722.9999999999998,2078.000000000002
2.696,2119.000000000001,1718.9999999999995,2080.999999999999
2.696,2119.0000000000014,1719.0000000000007,2081.0000000000005
2.718,2117.999999999999,1722.9999999999995,2078.999999999999
2.718,2118.000000000001,1723.000000000001,2079.0000000000014
2.738,2117.000000000001,1713.9999999999998,2074.000000000001
2.738,2116.9999999999995,1714.0000000000007,2074.0000000000005
2.738,2121.000000000001,1720.0000000000011,2077.9999999999995
2.738,2121.0000000000005,1719.9999999999993,2078.0000000000005
2.759,2120.000000000001,1713.9999999999993,2072.0000000000014
2.759,2120.0000000000005,1714.0000000000005,2072.000000000001
2.78,2112.000000000002,1718.0000000000005,2068.0000000000005
2.78,2112.0,1718.0,2067.999999999999
2.801,2119.0000000000023,1719.0000000000007,2078.0000000000014
2.801,2119.0,1718.9999999999995,2078.0
2.822,2133.0000000000005,1755.9999999999995,2091.000000000002
2.822,2133.000000000001,1755.9999999999995,2090.9999999999995
2.842,2122.0000000000005,1792.9999999999989,2075.000000000001
2.842,2122.0000000000014,1792.999999999999,2075.000000000001
2.863,2116.0000000000005,1782.0,2071.000000000001
2.863,2116.000000000001,1781.9999999999993,2070.9999999999995
2.884,2112.0,1783.0,2077.9999999999995
2.884,2112.0000000000014,1783.0000000000005,2078.000000000001
2.904,2121.0000000000005,1787.0000000000014,2079.9999999999986
2.905,2120.9999999999995,1787.0000000000002,2080.000000000001
2.905,2130.000000000002,1796.9999999999998,2075.0000000000005
2.905,2129.999999999999,1796.9999999999984,2075.000000000002
2.927,2119.0000000000005,1742.9999999999998,2082.000000000002
2.927,2118.9999999999995,1743.000000000001,2082.0000000000005
2.949,2122.9999999999995,1687.9999999999989,2080.0
2.949,2123.0,1688.0000000000005,2080.0
2.969,2118.0000000000014,1704.0000000000014,2073.000000000001
2.969,2118.0,1704.0000000000014,2072.9999999999995
2.989,2115.0,1697.0000000000007,2082.000000000001
2.989,2115.000000000001,1697.0,2081.999999999999
3.01,2117.0,1690.999999999999,2084.0000000000005
3.01,2117.0000000000027,1690.9999999999998,2084.000000000001
3.03,2121.000000000001,1694.0,2088.0000000000005
3.03,2121.0000000000014,1694.0000000000014,2087.9999999999986
3.051,2109.000000000001,1688.0,2084.9999999999986
3.051,2109.0000000000005,1688.000000000001,2085.000000000001
3.075,2115.0000000000005,1684.0000000000002,2084.0000000000005
3.075,2115.0000000000005,1684.0,2084.0000000000014
3.075,2111.0000000000014,1692.9999999999995,2087.999999999999
3.075,2111.0,1692.9999999999989,2088.0000000000005
3.097,2110.0000000000005,1689.0,2084.000000000001
3.097,2109.9999999999995,1688.9999999999995,2084.000000000001
3.117,2118.0000000000014,1692.999999999999,2090.9999999999995
3.117,2117.9999999999995,1693.0000000000002,2090.9999999999995
3.139,2112.0000000000014,1700.0000000000002,2077.0000000000014
3.139,2112.0,1700.0000000000002,2076.9999999999995
3.16,2128.0,1705.000000000001,2094.000000000002
3.16,2128.0000000000005,1704.9999999999998,2093.999999999999
3.18,2115.0000000000014,1697.0000000000005,2096.000000000003
3.18,2115.0000000000005,1697.000000000001,2096.000000000001
3.202,2134.000000000001,1705.0000000000007,2122.999999999999
3.202,2134.0000000000005,1705.0,2122.9999999999995
3.246,2115.0000000000005,1688.0000000000002,2099.000000000001
3.246,2115.000000000001,1688.0,2099.0000000000005
3.247,2112.000000000001,1692.0000000000007,2097.9999999999995
3.247,2112.0000000000014,1692.0000000000007,2098.0000000000014
3.247,2114.0000000000014,1706.9999999999993,2104.000000000001
3.247,2114.0000000000005,1706.9999999999982,2104.0000000000014
3.267,2121.0000000000005,1704.0000000000011,2103.0000000000014
3.267,2121.0000000000005,1704.0000000000014,2103.000000000001
3.287,2128.0000000000005,1706.0000000000002,2104.9999999999995
3.287,2128.000000000001,1706.0000000000007,2105.0000000000027
3.307,2117.0000000000005,1690.9999999999993,2095.0
3.308,2117.0000000000005,1691.0000000000002,2095.0000000000005
3.328,2130.0000000000014,1674.9999999999995,2089.0000000000014
3.328,2129.9999999999995,1674.9999999999995,2089.0000000000005
3.349,2117.000000000001,1703.999999999999,2112.000000000001
3.349,2117.000000000001,1703.9999999999995,2112.0000000000005
3.37,2128.0000000000005,1690.9999999999993,2107.0000000000005
3.37,2128.0000000000014,1691.0000000000002,2106.9999999999986
3.39,2122.0,1704.0000000000005,2100.000000000002
3.39,2122.0000000000014,1704.0000000000002,2099.9999999999995
3.411,2128.0000000000005,1705.0000000000007,2101.0000000000014
3.411,2128.0000000000023,1705.0000000000005,2101.000000000002
3.412,2124.000000000002,1675.9999999999986,2101.0
3.412,2124.0000000000005,1675.9999999999989,2101.0000000000023
3.433,2112.0000000000014,1692.9999999999993,2101.0000000000005
3.433,2111.9999999999995,1693.0,2100.9999999999995
3.453,2117.0000000000014,1693.0000000000007,2095.0
3.453,2117.0000000000005,1692.9999999999993,2095.0000000000023
3.475,2136.999999999999,1712.0000000000002,2102.0000000000014
3.475,2136.9999999999986,1712.0,2102.000000000002
3.495,2122.0000000000027,1698.0000000000002,2103.999999999999
3.495,2122.0000000000014,1697.9999999999989,2103.999999999999
3.515,2130.000000000001,1685.0000000000005,2103.000000000001
3.515,2130.0,1684.9999999999995,2103.000000000001
3.536,2126.000000000001,1701.0000000000005,2117.0
3.536,2126.000000000001,1700.9999999999995,2116.9999999999995
3.558,2123.0,1739.9999999999995,2106.0000000000014
3.558,2123.0,1740.0000000000016,2106.0000000000005
3.578,2141.0,1693.0000000000007,2112.0000000000014
3.578,2141.0000000000023,1693.0,2111.9999999999995
3.578,2134.000000000002,1694.9999999999986,2114.000000000001
3.578,2134.0000000000014,1694.9999999999998,2114.0000000000005
3.598,2130.0000000000005,1680.9999999999993,2093.0000000000014
3.599,2129.9999999999995,1681.0,2093.0
3.62,2130.0,1697.0000000000007,2104.9999999999995
3.62,2129.9999999999995,1697.0000000000002,2105.000000000001
3.639,2122.0000000000014,1694.9999999999995,2108.999999999999
3.639,2122.000000000001,1694.9999999999998,2109.0000000000005
3.661,2132.0000000000005,1706.0,2115.9999999999995
3.661,2132.000000000001,1705.9999999999993,2116.0000000000014
3.681,2130.000000000001,1702.0000000000007,2114.0000000000014
3.681,2130.0000000000005,1702.0,2114.0000000000005
3.701,2115.0,1690.0000000000016,2090.9999999999995
3.701,2115.000000000001,1689.9999999999995,2090.999999999998
3.724,2117.0,1697.000000000001,2109.000000000002
3.724,2117.000000000002,1697.0000000000007,2108.999999999999
3.746,2125.0000000000005,1687.0,2105.0000000000014
3.746,2125.0000000000005,1686.9999999999998,2105.000000000001
3.747,2145.0,1663.9999999999998,2123.0000000000005
3.747,2145.0000000000023,1664.0000000000002,2123.0000000000023
3.767,2127.9999999999995,1695.0000000000007,2103.0000000000005
3.767,2128.0000000000005,1694.9999999999998,2103.0
3.787,2123.9999999999995,1672.0000000000002,2118.0
3.787,2124.0,1671.9999999999998,2118.000000000001
3.807,2131.0,1697.0000000000007,2103.999999999999
3.807,2131.0000000000005,1697.0,2104.0000000000014
3.828,2126.000000000001,1702.0,2106.999999999999
3.828,2125.999999999999,1702.0,2107.0000000000023
3.849,2125.0000000000014,1731.0000000000007,2106.0000000000005
3.85,2125.0000000000014,1730.9999999999995,2106.0000000000005
3.87,2129.000000000001,1694.0000000000002,2110.999999999999
3.87,2129.000000000001,1693.9999999999982,2111.000000000001
3.892,2128.0000000000005,1642.9999999999998,2111.0000000000014
3.892,2128.0000000000005,1642.9999999999998,2111.000000000001
3.916,2119.0000000000005,1690.0000000000007,2116.0000000000027
3.916,2119.000000000001,1689.9999999999993,2116.0
3.917,2130.0000000000014,1695.9999999999998,2110.0000000000014
3.917,2130.000000000001,1696.0,2110.000000000002
3.956,2137.0000000000005,1688.0000000000014,2124.0000000000014
3.956,2137.000000000001,1688.0000000000005,2124.0
3.956,2146.0,1690.9999999999993,2107.0000000000005
3.956,2146.000000000002,1690.999999999999,2107.000000000002
3.974,2136.9999999999995,1697.0,2112.0
3.974,2137.000000000001,1697.0000000000005,2112.000000000001
3.995,2121.0000000000005,1685.9999999999984,2129.999999999998
3.995,2121.0000000000005,1685.9999999999998,2130.000000000002
4.016,2123.0,1693.9999999999995,2111.000000000001
4.016,2123.000000000001,1694.0000000000005,2111.0000000000005
4.038,2153.000000000001,1679.9999999999998,2124.9999999999995
4.038,2153.0000000000014,1680.0,2125.000000000001
4.059,2129.0000000000005,1693.0,2116.0000000000014
4.059,2129.0,1692.9999999999995,2115.999999999999
4.078,2146.0000000000005,1713.0000000000005,2130.0000000000014
4.079,2143.0000000000014,1695.9999999999989,2102.9999999999995
4.079,2145.9999999999995,1712.999999999999,2130.0000000000027
4.079,2143.000000000002,1695.9999999999993,2103.0000000000014
4.1,2127.0,1685.9999999999998,2113.000000000001
4.1,2127.000000000001,1685.9999999999993,2112.999999999999
4.12,2124.9999999999995,1692.9999999999993,2109.000000000001
4.12,2125.0000000000005,1693.0000000000002,2109.000000000001
4.141,2125.999999999999,1702.0,2107.9999999999995
4.141,2126.0000000000023,1702.0000000000005,2108.0000000000014
4.162,2127.000000000001,1686.999999999998,2095.9999999999995
4.162,2127.000000000001,1686.9999999999995,2096.000000000001
4.183,2132.000000000001,1684.9999999999998,2111.9999999999995
4.183,2132.0000000000005,1685.0000000000005,2112.0000000000005
4.203,2126.0,1683.0000000000002,2117.0
4.203,2126.0000000000005,1682.9999999999993,2117.0
4.224,2140.0000000000014,1711.0000000000005,2130.0000000000005
4.224,2133.0,1693.0,2114.0000000000005
4.245,2133.000000000002,1693.0000000000016,2114.000000000001
4.245,2127.9999999999986,1676.9999999999977,2105.9999999999995
4.245,2128.0000000000014,1676.9999999999993,2106.0
4.245,2128.000000000002,1688.0000000000011,2119.000000000001
4.265,2128.0000000000005,1688.0,2119.0000000000005
4.265,2128.0000000000005,1684.9999999999993,2113.0
4.286,2128.0000000000023,1685.0000000000002,2113.0000000000005
4.286,2150.000000000002,1706.0000000000002,2115.9999999999995
4.308,2149.999999999999,1705.9999999999998,2116.000000000001
4.308,2127.0000000000023,1686.000000000001,2112.000000000001
4.328,2127.0000000000005,1685.9999999999989,2112.0
4.328,2126.0000000000023,1698.9999999999995,2107.0000000000023
4.351,2126.0000000000005,1699.0000000000005,2106.999999999999
4.351,2135.0,1647.0000000000005,2118.9999999999995
4.37,2135.0000000000005,1647.0000000000002,2119.0
4.37,2128.000000000001,1678.0000000000002,2114.0000000000005
4.391,2128.0000000000005,1678.000000000001,2113.999999999999
4.391,2149.0,1703.9999999999995,2116.9999999999995
4.412,2149.0000000000014,1704.0000000000002,2116.9999999999995
4.412,2136.0,1700.9999999999993,2116.000000000001
4.412,2136.000000000001,1700.9999999999993,2116.0000000000014
4.412,2138.000000000002,1681.9999999999995,2117.000000000001
4.432,2138.000000000002,1682.0000000000002,2117.0000000000005
4.432,2108.0000000000005,1708.9999999999995,2119.9999999999986
4.454,2108.0000000000005,1708.9999999999993,2120.000000000002
4.454,2125.9999999999995,1676.0000000000011,2111.9999999999995
4.475,2126.0000000000005,1676.0000000000002,2112.0000000000005
4.475,2136.0000000000014,1708.0000000000005,2108.0000000000014
4.495,2136.0,1707.9999999999984,2108.000000000001
4.495,2137.000000000002,1694.9999999999995,2111.0000000000027
4.517,2137.000000000001,1694.9999999999993,2110.999999999999
4.517,2128.000000000001,1689.0000000000007,2116.9999999999995
4.537,2128.0000000000005,1688.9999999999995,2117.000000000001
4.537,2106.9999999999995,1705.000000000001,2104.0000000000014
4.557,2107.0000000000005,1705.0000000000005,2103.9999999999995
4.557,2130.000000000002,1700.000000000001,2112.0000000000005
4.578,2130.000000000001,1699.9999999999998,2112.0000000000005
4.578,2148.9999999999995,1695.9999999999989,2116.0000000000005
4.578,2149.0000000000014,1696.0000000000005,2116.000000000001
4.578,2126.9999999999995,1689.0000000000011,2116.9999999999995
4.598,2127.000000000001,1688.9999999999989,2117.000000000001
4.598,2132.0,1687.0,2112.9999999999995
4.62,2132.000000000001,1687.0000000000002,2113.000000000002
4.62,2132.9999999999995,1684.999999999999,2095.9999999999995
4.643,2133.0000000000005,1684.9999999999993,2096.000000000002
4.643,2126.000000000001,1696.0000000000011,2117.0000000000005
4.662,2126.000000000001,1695.9999999999977,2117.0000000000005
4.662,2140.0000000000005,1704.0000000000002,2111.000000000001
4.683,2140.000000000001,1704.0000000000011,2111.0000000000005
4.683,2129.999999999999,1700.0000000000002,2108.9999999999995
4.703,2130.0000000000005,1700.0000000000005,2109.0
4.703,2132.0,1727.0000000000005,2112.000000000001
4.723,2132.0000000000005,1727.0,2112.000000000002
4.723,2122.0000000000014,1685.0000000000002,2108.0000000000014
4.766,2122.0000000000014,1685.0000000000007,2107.9999999999995
4.766,2130.9999999999995,1695.0000000000002,2119.0
4.766,2131.0000000000005,1695.0,2119.0
4.766,2136.0000000000014,1687.0,2128.000000000001
4.767,2136.000000000002,1686.9999999999993,2128.0
4.767,2127.000000000001,1698.9999999999995,2100.999999999999
4.785,2127.0000000000014,1699.0000000000014,2101.000000000002
4.785,2132.0000000000005,1698.9999999999998,2112.000000000001
4.806,2132.0,1699.0000000000007,2112.000000000002
4.807,2115.0000000000027,1684.0000000000002,2103.9999999999995
4.827,2114.9999999999995,1684.0,2104.0
4.827,2126.000000000002,1713.9999999999986,2108.0
4.848,2126.0000000000014,1714.0000000000007,2108.0000000000014
4.848,2132.000000000002,1700.0000000000002,2114.9999999999986
4.868,2132.000000000001,1699.9999999999995,2115.0
4.868,2136.000000000001,1700.0000000000011,2118.000000000001
4.891,2135.9999999999995,1700.0,2117.9999999999995
4.891,2132.000000000001,1679.0,2110.000000000001
4.911,2132.000000000002,1679.0000000000005,2110.0
4.911,2126.000000000001,1659.999999999999,2114.000000000002
4.912,2126.0,1660.000000000001,2114.0000000000014
4.912,2130.000000000001,1676.0000000000011,2105.0000000000014
4.952,2130.0000000000014,1675.9999999999998,2105.0000000000005
4.952,2133.9999999999995,1691.0000000000005,2112.0
4.952,2134.000000000002,1690.9999999999995,2112.000000000001
4.954,2128.999999999999,1687.9999999999995,2119.000000000001
4.973,2129.000000000001,1688.0000000000002,2119.0000000000014
4.974,2131.000000000002,1706.0,2110.9999999999995
4.996,2131.0000000000005,1706.0,2111.0000000000014
4.996,2120.000000000002,1685.0000000000007,2119.0
5.016,2120.000000000002,1685.0000000000023,2119.0000000000005
5.016,2125.0,1686.0,2119.000000000001
5.037,2124.9999999999995,1686.0,2119.0
5.037,2134.0000000000027,1742.0000000000011,2123.0000000000027
5.057,2134.0000000000005,1742.0000000000002,2123.0
5.057,2129.0000000000014,1699.0000000000005,2129.0000000000014
5.079,2129.0000000000014,1698.9999999999995,2128.9999999999986
5.079,2127.0000000000014,1701.9999999999993,2120.000000000002
5.079,2127.0000000000005,1702.0,2120.0000000000005
5.079,2132.0000000000005,1675.0,2094.999999999999
5.099,2132.000000000001,1674.9999999999993,2095.0
5.099,2128.000000000001,1667.9999999999998,2126.0000000000014
5.142,2128.0000000000014,1668.0000000000011,2126.000000000001
5.142,2121.0000000000005,1744.9999999999995,2120.000000000002
5.142,2121.0000000000023,1744.9999999999995,2120.0000000000005
5.143,2131.0,1691.9999999999993,2115.0000000000014
5.162,2131.0,1691.9999999999995,2115.0000000000027
5.162,2127.0000000000005,1695.999999999999,2116.0000000000005
5.183,2127.0000000000014,1696.0000000000011,2116.0000000000005
5.183,2123.0000000000005,1698.0000000000002,2113.0
5.204,2123.0,1698.000000000002,2113.0000000000014
5.204,2120.000000000001,1692.0000000000014,2103.000000000001
5.225,2120.0000000000005,1691.9999999999993,2103.0000000000023
5.225,2124.000000000002,1692.0000000000007,2124.0
5.247,2124.0000000000005,1691.9999999999986,2124.0
5.247,2127.000000000003,1727.9999999999986,2114.000000000001
5.247,2127.0000000000005,1728.0000000000005,2114.000000000001
5.248,2125.0000000000005,1689.0,2115.9999999999986
5.266,2125.0,1689.0000000000002,2115.999999999999
5.266,2126.999999999999,1691.0000000000014,2101.000000000001
5.288,2127.0000000000014,1691.0000000000023,2101.0000000000005
5.288,2120.000000000001,1686.999999999999,2118.000000000001
5.308,2120.0000000000023,1686.9999999999998,2118.000000000001
5.308,2131.0,1700.9999999999995,2115.0000000000005
5.329,2131.0000000000014,1701.0,2115.0000000000023
5.33,2129.000000000001,1681.0000000000011,2122.000000000001
5.35,2129.0000000000014,1681.0000000000005,2122.000000000001
5.35,2125.0000000000005,1694.9999999999989,2112.999999999999
5.371,2125.000000000001,1695.0000000000014,2113.000000000001
5.371,2136.000000000001,1698.0000000000014,2128.0000000000005
5.393,2136.0000000000005,1698.0000000000002,2128.000000000002
5.393,2132.0000000000023,1697.9999999999995,2114.0
5.409,2132.0000000000005,1697.9999999999982,2114.000000000001
5.41,2131.000000000001,1705.9999999999986,2117.000000000001
5.41,2131.0000000000014,1706.0,2117.0000000000005
5.41,2117.0000000000027,1700.000000000001,2114.0000000000005
5.43,2117.000000000001,1700.0,2113.999999999999
5.43,2129.9999999999995,1688.0000000000014,2114.9999999999995
5.453,2130.0,1688.000000000001,2115.000000000001
5.454,2135.0000000000005,1671.9999999999995,2118.0
5.473,2135.0000000000027,1672.0000000000007,2117.9999999999977
5.473,2123.000000000001,1682.9999999999993,2119.0000000000014
5.494,2123.0000000000023,1682.9999999999984,2119.000000000002
5.495,2143.9999999999995,1671.000000000001,2136.0
5.517,2144.000000000002,1671.0000000000002,2136.000000000001
5.517,2135.000000000001,1703.9999999999993,2105.9999999999986
5.536,2135.0000000000005,1704.0000000000016,2106.0
5.536,2134.000000000001,1706.0000000000002,2120.000000000001
5.557,2133.9999999999995,1705.9999999999993,2120.0000000000005
5.557,2129.0000000000027,1680.9999999999995,2110.0000000000005
5.578,2129.000000000001,1680.9999999999995,2110.0000000000014
5.578,2119.000000000001,1698.0000000000005,2110.0000000000014
5.578,2119.000000000002,1698.0000000000002,2110.0000000000005
5.578,2148.0000000000027,1700.9999999999998,2125.0
5.6,2148.000000000001,1700.9999999999993,2124.9999999999995
5.6,2131.0000000000005,1658.000000000001,2116.000000000001
5.621,2130.9999999999995,1658.0000000000007,2116.000000000001
5.621,2126.999999999999,1693.0,2114.000000000001
5.641,2127.000000000002,1692.999999999999,2113.9999999999986
5.641,2124.0000000000014,1667.9999999999984,2105.9999999999995
5.662,2124.000000000002,1668.000000000001,2106.0000000000005
5.662,2121.0000000000014,1704.0000000000007,2114.000000000001
5.682,2121.0000000000023,1704.0000000000007,2114.0
5.682,2140.0000000000005,1700.9999999999989,2118.0
5.704,2139.9999999999995,1701.0000000000007,2117.9999999999995
5.704,2118.0000000000005,1687.9999999999993,2116.0000000000014
5.724,2118.0,1688.0000000000011,2116.0000000000014
5.724,2131.0000000000005,1692.9999999999989,2112.999999999999
5.744,2131.000000000002,1693.0,2113.0000000000014
5.744,2125.0000000000014,1716.0000000000002,2107.0000000000014
5.745,2124.9999999999995,1716.000000000001,2107.0000000000014
5.745,2129.0000000000014,1676.9999999999993,2122.0000000000014
5.765,2129.000000000001,1676.9999999999989,2122.000000000001
5.765,2127.0000000000014,1705.0000000000007,2113.0000000000005
5.806,2127.0000000000005,1705.0000000000014,2113.000000000001
5.806,2140.0,1691.0000000000002,2122.000000000001
5.806,2140.0000000000005,1690.999999999999,2122.000000000001
5.806,2133.9999999999995,1686.9999999999984,2115.000000000002
5.827,2134.000000000001,1686.9999999999993,2115.000000000001
5.827,2126.0,1705.0000000000014,2114.0
5.848,2126.000000000001,1705.000000000001,2113.9999999999986
5.848,2134.0000000000005,1683.0000000000002,2112.0000000000005
5.868,2134.0000000000005,1683.0000000000018,2111.9999999999995
5.868,2123.0,1708.0,2122.9999999999995
5.889,2123.0000000000005,1708.0,2123.000000000001
5.889,2122.0000000000014,1704.9999999999995,2112.9999999999995
5.909,2122.0000000000005,1704.9999999999995,2113.0000000000014
5.909,2136.000000000002,1696.999999999999,2123.0000000000014
5.909,2136.0000000000005,1697.0000000000011,2122.999999999999
5.909,2129.0000000000014,1685.9999999999998,2111.9999999999995
5.93,2128.9999999999995,1686.0000000000014,2112.0000000000014
5.93,2127.9999999999995,1692.0000000000016,2117.000000000001
5.951,2127.9999999999995,1691.9999999999998,2117.0000000000014
5.951,2150.000000000001,1688.0000000000002,2120.0000000000023
5.97,2150.0,1687.9999999999989,2120.0000000000005
5.97,2143.000000000001,1710.9999999999982,2122.0000000000023
5.99,2143.0000000000027,1711.0,2122.0
5.991,2125.000000000001,1691.0000000000007,2116.000000000001
6.012,2125.0000000000014,1691.0000000000002,2115.999999999999
6.012,2139.0000000000005,1688.0000000000002,2114.0000000000005
6.034,2139.0000000000005,1688.0000000000016,2114.0000000000014
6.034,2119.0000000000005,1690.0000000000007,2103.0000000000005
6.054,2119.0000000000014,1690.000000000001,2103.000000000001
6.054,2136.0,1691.9999999999998,2106.0
6.075,2136.000000000001,1691.9999999999993,2106.0000000000014
6.075,2121.000000000002,1691.0000000000011,2115.0000000000005
6.075,2121.000000000001,1690.9999999999998,2115.0000000000005
6.075,2129.000000000001,1693.999999999999,2118.0
6.096,2128.9999999999995,1694.0000000000002,2118.000000000001
6.096,2124.0,1711.0000000000014,2106.9999999999995
6.117,2124.0,1711.0000000000007,2107.000000000001
6.117,2132.000000000002,1682.0000000000014,2115.000000000002
6.138,2132.0,1681.9999999999989,2115.0
6.138,2134.000000000001,1701.0000000000002,2118.0000000000005
6.158,2134.000000000001,1701.0000000000002,2118.0
6.158,2141.0000000000005,1703.0000000000007,2115.000000000001
6.18,2141.0000000000014,1703.0,2114.9999999999995
6.18,2135.9999999999995,1686.9999999999998,2112.000000000002
6.201,2136.0,1687.0000000000018,2112.000000000002
6.201,2119.000000000001,1674.0,2122.0000000000023
6.223,2119.0000000000023,1674.0,2122.0
6.223,2131.0,1682.9999999999982,2113.0000000000005
6.243,2131.0000000000005,1682.9999999999989,2113.000000000002
6.244,2134.000000000001,1692.0000000000005,2090.000000000001
6.244,2134.000000000001,1691.9999999999995,2090.000000000001
6.244,2128.000000000001,1686.999999999999,2107.999999999999
6.264,2128.0000000000005,1687.0000000000007,2108.0000000000014
6.264,2132.0000000000005,1702.0000000000002,2122.0
6.284,2132.0000000000014,1701.9999999999998,2122.0000000000014
6.284,2112.0000000000014,1701.9999999999998,2108.999999999999
6.308,2112.0000000000005,1701.999999999999,2109.0000000000005
6.308,2132.0000000000014,1697.9999999999995,2116.000000000002
6.326,2132.0000000000014,1697.9999999999993,2116.0000000000005
6.326,2131.000000000002,1697.0000000000007,2120.000000000002
6.347,2131.0,1697.0000000000002,2119.9999999999995
6.347,2133.0000000000005,1692.0000000000005,2118.000000000002
6.368,2133.0,1692.0000000000016,2117.9999999999995
6.368,2136.9999999999995,1685.0000000000007,2111.0000000000014
6.388,2137.0000000000005,1684.9999999999993,2110.9999999999995
6.388,2125.0,1670.999999999999,2114.0000000000005
6.409,2125.0,1671.0,2114.0000000000014
6.409,2123.0,1684.000000000001,2115.0
6.409,2123.0000000000005,1684.0,2115.0
6.409,2125.0000000000005,1697.9999999999986,2108.000000000001
6.43,2125.0,1698.0000000000007,2108.0000000000014
6.43,2120.000000000001,1704.000000000001,2118.0000000000005
6.472,2119.9999999999995,1704.0000000000014,2118.000000000002
6.472,2127.000000000002,1687.0,2105.999999999999
6.472,2127.0000000000005,1686.999999999999,2106.000000000001
6.472,2122.0000000000014,1686.0000000000005,2120.000000000002
6.493,2121.9999999999995,1686.0000000000011,2120.0000000000005
6.493,2137.000000000002,1695.9999999999998,2111.0000000000005
6.513,2137.0,1695.9999999999993,2111.0
6.513,2123.0,1700.0000000000011,2108.0000000000005
6.534,2122.9999999999995,1700.0000000000014,2108.0000000000005
6.534,2131.0000000000005,1688.0000000000002,2118.000000000001
6.555,2131.0000000000014,1688.0,2118.0
6.555,2120.0000000000005,1682.9999999999998,2114.000000000001
6.577,2120.000000000002,1683.0000000000005,2114.000000000002
6.577,2131.0,1685.0000000000007,2116.0000000000005
6.578,2131.0,1684.9999999999998,2116.000000000001
6.578,2126.0000000000005,1711.999999999999,2114.0
6.597,2126.000000000001,1712.0,2114.0000000000014
6.597,2129.9999999999995,1679.0,2116.0000000000005
6.617,2129.9999999999995,1679.0,2116.000000000001
6.617,2125.000000000003,1715.999999999999,2110.0
6.637,2125.0000000000005,1715.999999999999,2110.0000000000014
6.638,2130.0000000000014,1702.0000000000002,2112.0000000000014
6.659,2130.000000000001,1702.0000000000007,2112.0
6.659,2114.0,1671.9999999999993,2113.0
6.679,2114.0,1671.9999999999986,2113.0000000000014
6.679,2131.000000000001,1684.000000000001,2115.0000000000005
6.702,2131.0000000000005,1684.0000000000005,2115.0000000000005
6.702,2132.0000000000005,1687.0000000000002,2102.0000000000014
6.72,2132.000000000002,1686.9999999999984,2101.9999999999986
6.72,2142.0000000000005,1707.9999999999995,2112.9999999999995
6.741,2142.000000000001,1707.9999999999989,2113.0000000000005
6.741,2139.000000000001,1700.0000000000002,2113.0000000000005
6.741,2139.0000000000023,1700.0000000000002,2113.0000000000005
6.741,2121.000000000002,1690.9999999999998,2103.9999999999995
6.764,2121.0000000000005,1691.0000000000007,2103.9999999999995
6.764,2131.0,1692.0000000000007,2108.9999999999995
6.782,2131.000000000001,1692.0000000000011,2109.0000000000014
6.783,2128.0000000000014,1690.999999999998,2111.999999999999
6.804,2128.0000000000005,1690.9999999999989,2112.0000000000005
6.804,2134.0000000000023,1716.0000000000002,2149.9999999999995
6.826,2134.0,1716.0000000000007,2150.0000000000014
6.826,2131.0000000000014,1691.0000000000002,2111.0
6.846,2131.0,1690.999999999998,2110.9999999999995
6.846,2122.0000000000014,1677.0000000000005,2105.000000000001
6.866,2121.9999999999995,1677.0000000000005,2105.0000000000005
6.866,2124.0000000000014,1684.0000000000007,2108.9999999999995
6.887,2127.9999999999995,1686.999999999999,2103.999999999999
6.887,2124.0000000000005,1683.9999999999993,2109.000000000001
6.907,2128.000000000001,1686.9999999999986,2104.000000000001
6.907,2126.9999999999995,1713.0000000000005,2110.000000000001
6.907,2127.0000000000005,1712.999999999999,2110.0
6.908,2127.9999999999995,1711.9999999999989,2113.000000000001
6.928,2128.0,1712.0000000000016,2113.0000000000005
6.928,2114.9999999999995,1679.0,2103.000000000001
6.948,2115.000000000001,1679.0000000000011,2103.0000000000014
6.948,2127.0000000000005,1689.9999999999986,2109.000000000002
6.968,2127.0000000000005,1690.0,2109.0000000000014
6.968,2132.000000000001,1699.9999999999998,2113.000000000001
6.992,2131.9999999999995,1700.000000000001,2113.0000000000014
6.992,2134.0000000000027,1684.9999999999995,2098.9999999999986
7.033,2133.999999999999,1684.9999999999998,2099.0000000000014
7.033,2126.999999999999,1683.0000000000002,2108.999999999999
7.033,2126.9999999999986,1683.0000000000002,2109.0000000000005
7.033,2122.000000000001,1677.000000000001,2116.9999999999995
7.054,2121.999999999999,1676.999999999999,2117.0
7.054,2131.0000000000014,1686.9999999999995,2115.0000000000014
7.077,2131.0000000000005,1687.000000000001,2115.0
7.077,2128.000000000001,1685.0000000000007,2105.0000000000005
7.077,2128.0000000000014,1684.9999999999998,2104.999999999999
7.077,2132.000000000002,1686.0,2122.0000000000014
7.097,2132.000000000002,1686.0000000000005,2122.000000000001
7.097,2120.9999999999986,1704.9999999999998,2114.0
7.117,2121.000000000001,1705.0000000000014,2114.0000000000005
7.117,2129.9999999999995,1685.9999999999989,2106.0
7.137,2130.0000000000005,1685.9999999999993,2106.0000000000014
7.138,2137.000000000001,1692.9999999999998,2110.000000000001
7.159,2137.0,1693.0000000000007,2110.0
7.159,2131.000000000001,1689.9999999999989,2110.0
7.179,2131.0,1689.9999999999993,2110.0000000000014
7.179,2144.0000000000005,1722.9999999999998,2096.999999999999
7.201,2143.999999999999,1722.9999999999995,2097.0000000000014
7.201,2131.0000000000014,1692.0,2110.0
7.223,2130.9999999999995,1691.999999999998,2110.000000000001
7.223,2122.0000000000014,1679.9999999999989,2107.0000000000023
7.243,2122.0,1679.9999999999995,2106.9999999999995
7.243,2127.000000000002,1695.0000000000007,2101.9999999999995
7.243,2127.000000000002,1694.9999999999986,2102.000000000001
7.243,2115.000000000001,1694.9999999999995,2103.0000000000014
7.264,2114.9999999999995,1695.0,2103.0
7.264,2133.9999999999995,1703.0000000000005,2135.0000000000023
7.285,2134.0000000000014,1703.0,2134.9999999999995
7.285,2122.0,1695.9999999999986,2091.000000000001
7.306,2122.000000000002,1696.0000000000002,2091.0000000000027
7.306,2117.0,1690.0000000000007,2088.000000000001
7.322,2117.0000000000023,1690.0000000000002,2088.0
7.323,2122.9999999999995,1694.9999999999995,2081.9999999999995
7.344,2123.0000000000014,1695.0000000000005,2082.000000000001
7.344,2116.9999999999986,1694.0000000000002,2080.9999999999986
7.364,2117.0,1694.0,2081.0000000000014
7.364,2103.0000000000027,1742.0000000000005,2083.9999999999995
7.386,2103.000000000001,1741.9999999999989,2084.0000000000014
7.386,2117.0000000000005,1719.0000000000011,2087.0000000000023
7.406,2117.000000000001,1718.999999999999,2087.0
7.406,2114.0000000000023,1708.0000000000007,2087.0
7.407,2114.0000000000014,1707.999999999999,2087.0
7.407,2117.000000000002,1719.000000000001,2089.000000000002
7.428,2116.9999999999995,1719.0000000000007,2089.000000000001
7.428,2114.9999999999995,1719.9999999999995,2086.0000000000023
7.449,2115.0000000000014,1719.9999999999993,2085.999999999999
7.449,2116.0000000000005,1705.9999999999982,2078.000000000001
7.468,2116.0,1705.9999999999993,2078.0000000000014
7.468,2120.000000000001,1722.9999999999995,2075.000000000001
7.489,2120.0000000000023,1723.0000000000014,2075.0
7.489,2117.000000000001,1722.0000000000005,2082.0
7.509,2117.000000000002,1721.9999999999993,2082.0000000000023
7.509,2117.9999999999995,1725.9999999999998,2073.000000000001
7.53,2117.9999999999995,1726.0000000000011,2073.0000000000014
7.53,2121.0000000000014,1716.9999999999998,2081.9999999999995
7.552,2121.0,1716.999999999999,2082.000000000001
7.552,2120.000000000001,1723.9999999999995,2086.0000000000014
7.573,2120.0000000000023,1724.0,2086.0
7.573,2120.0000000000023,1722.000000000002,2085.9999999999986
7.573,2119.9999999999995,1722.0,2086.0
7.573,2114.0000000000014,1715.9999999999993,2075.0000000000005
7.595,2113.9999999999995,1716.0000000000005,2075.0000000000005
7.595,2114.9999999999995,1726.0000000000014,2080.000000000002
7.615,2115.0000000000014,1725.9999999999993,2080.000000000001
7.615,2120.000000000001,1723.9999999999982,2075.0000000000014
7.637,2120.0000000000014,1723.999999999999,2075.000000000001
7.637,2127.9999999999995,1716.999999999999,2086.0000000000005
7.658,2128.000000000002,1717.0000000000005,2085.999999999999
7.658,2119.0000000000005,1723.9999999999998,2079.9999999999995
7.678,2119.0000000000005,1723.9999999999998,2080.0
7.678,2113.9999999999995,1726.000000000001,2077.0000000000005
7.701,2114.0000000000005,1726.0000000000005,2077.0000000000014
7.701,2114.0000000000005,1719.9999999999993,2074.9999999999986
7.722,2114.000000000001,1720.0,2075.0000000000023
7.722,2122.000000000001,1723.0000000000005,2082.000000000001
7.743,2122.0,1722.9999999999995,2082.0000000000005
7.743,2121.000000000002,1724.000000000001,2072.0
7.762,2120.9999999999995,1723.9999999999993,2072.000000000001
7.762,2121.000000000001,1721.0000000000002,2079.000000000002
7.783,2120.9999999999986,1721.0,2078.9999999999995
7.783,2114.0,1728.0000000000018,2071.0000000000005
7.783,2114.0000000000005,1727.9999999999993,2070.9999999999995
7.783,2119.0,1721.0000000000002,2083.0000000000023
7.805,2119.0,1721.0,2083.000000000001
7.805,2121.9999999999995,1723.0000000000005,2083.000000000001
7.824,2122.0000000000023,1723.0000000000005,2082.9999999999986
7.824,2126.0,1725.0000000000002,2081.000000000001
7.844,2126.0000000000014,1725.0000000000007,2081.0000000000005
7.844,2113.999999999998,1721.0000000000005,2080.0000000000005
7.886,2114.0000000000023,1721.0000000000011,2080.000000000002
7.886,2120.0000000000005,1725.9999999999984,2089.0000000000005
7.886,2119.999999999999,1726.0,2089.0000000000014
7.886,2122.999999999999,1716.9999999999993,2082.999999999999
7.906,2123.000000000001,1717.000000000001,2082.9999999999995
7.906,2121.000000000001,1716.0000000000005,2083.999999999999
7.906,2121.000000000001,1715.9999999999993,2084.000000000001
7.906,2127.0000000000005,1716.9999999999998,2073.0
7.927,2126.999999999999,1717.0000000000005,2073.000000000002
7.927,2118.0000000000027,1720.0000000000005,2077.000000000001
7.948,2118.000000000001,1719.9999999999998,2077.0
7.948,2113.0000000000014,1717.0000000000007,2078.0000000000023
7.968,2113.000000000001,1716.9999999999998,2078.0000000000014
7.968,2115.000000000001,1719.0000000000014,2070.9999999999995
7.99,2115.000000000001,1718.9999999999986,2070.9999999999995
7.99,2115.999999999999,1718.9999999999993,2079.000000000001
8.011,2116.0000000000005,1718.9999999999998,2079.0000000000005
8.012,2119.999999999999,1712.9999999999995,2083.0000000000027
8.033,2120.000000000002,1712.9999999999998,2083.000000000001
8.033,2117.0000000000014,1721.9999999999993,2078.9999999999995
8.054,2117.0000000000027,1722.0,2079.000000000001
8.054,2113.9999999999995,1723.9999999999998,2079.9999999999995
8.075,2114.000000000002,1724.0000000000014,2079.9999999999995
8.075,2121.0000000000014,1715.0,2083.9999999999995
8.075,2120.9999999999995,1715.0000000000005,2084.0000000000014
8.076,2119.0000000000014,1727.0,2081.0
8.096,2118.999999999999,1727.0000000000002,2081.0000000000014
8.096,2112.000000000002,1729.000000000001,2076.000000000001
8.116,2112.0,1728.999999999999,2076.0
8.116,2122.000000000001,1722.9999999999998,2081.0000000000023
8.138,2122.0,1723.0000000000007,2081.0000000000005
8.138,2116.0000000000027,1730.0000000000011,2083.999999999999
8.179,2116.000000000001,1730.000000000001,2083.9999999999986
8.179,2117.0000000000027,1721.0000000000002,2084.0
8.179,2117.000000000001,1720.999999999999,2084.0000000000005
8.179,2117.0000000000005,1725.0000000000007,2087.000000000002
8.198,2117.000000000002,1725.000000000001,2087.0000000000014
8.198,2127.9999999999995,1716.9999999999995,2081.0
8.219,2128.000000000001,1716.9999999999995,2081.000000000002
8.219,2121.9999999999995,1721.0000000000011,2078.0000000000005
8.24,2122.0000000000014,1721.0,2078.0000000000005
8.241,2126.000000000001,1721.999999999999,2073.9999999999995
8.241,2126.0000000000005,1722.0000000000007,2074.0000000000014
8.241,2117.0000000000014,1723.0000000000011,2072.0000000000014
8.261,2117.0000000000005,1722.9999999999998,2072.0000000000014
8.261,2119.0000000000005,1722.9999999999995,2077.000000000001
8.28,2119.0000000000005,1722.999999999998,2077.0
8.28,2119.0000000000005,1723.0000000000007,2085.0
8.301,2119.0000000000005,1723.0000000000011,2085.0000000000005
8.301,2113.000000000002,1732.0,2075.0
8.321,2113.0000000000014,1731.999999999999,2075.0
8.321,2114.0000000000005,1726.0000000000011,2079.0000000000014
8.343,2114.000000000001,1726.0000000000011,2079.0000000000014
8.344,2120.0000000000005,1722.0,2082.0000000000023
8.362,2120.0000000000005,1721.9999999999995,2082.000000000001
8.362,2122.000000000001,1721.999999999998,2079.9999999999995
8.382,2122.0000000000005,1722.0000000000011,2080.0
8.382,2121.0000000000005,1725.0000000000007,2083.0000000000005
8.405,2121.0000000000023,1725.0000000000011,2082.999999999999
8.405,2120.0000000000005,1727.0000000000007,2076.9999999999986
8.405,2120.0000000000036,1727.0000000000002,2077.000000000001
8.405,2115.0,1716.9999999999986,2084.0000000000005
8.425,2115.000000000001,1717.0000000000007,2084.0000000000027
8.425,2121.0000000000005,1736.000000000001,2077.0000000000005
8.446,2120.999999999999,1735.9999999999995,2077.000000000001
8.446,2113.000000000002,1718.9999999999995,2077.0000000000014
8.468,2113.0,1718.9999999999998,2076.999999999999
8.468,2120.0000000000027,1723.0000000000014,2078.9999999999986
8.489,2120.000000000001,1722.9999999999998,2079.0000000000005
8.49,2118.0,1718.000000000001,2080.0000000000005
8.511,2118.0,1717.9999999999995,2080.0
8.512,2119.0000000000005,1723.0000000000005,2085.000000000001
8.533,2119.0000000000005,1722.9999999999998,2085.0
8.533,2120.0000000000005,1720.9999999999995,2089.000000000001
8.552,2120.0000000000014,1721.0000000000002,2089.000000000002
8.552,2114.0,1728.000000000001,2082.000000000002
8.573,2114.000000000001,1728.0000000000005,2081.999999999999
8.573,2127.9999999999995,1718.9999999999982,2077.0000000000014
8.573,2127.9999999999995,1719.0000000000002,2076.999999999999
8.573,2113.0,1720.9999999999989,2079.0000000000014
8.592,2113.0,1721.0,2079.0000000000027
8.592,2120.000000000002,1718.9999999999993,2075.9999999999995
8.613,2120.0000000000014,1718.9999999999998,2076.0000000000005
8.613,2118.0000000000023,1730.9999999999998,2077.0000000000005
8.637,2118.0,1730.9999999999998,2077.0
8.637,2124.0000000000014,1724.000000000001,2079.999999999998
8.658,2124.0,1723.9999999999998,2080.000000000001
8.658,2116.0000000000014,1728.0,2084.0000000000005
8.679,2115.999999999999,1727.9999999999993,2084.000000000001
8.679,2116.0000000000014,1724.000000000001,2080.0000000000014
8.701,2116.000000000001,1724.0,2079.9999999999995
8.701,2115.000000000001,1721.0000000000002,2085.0000000000014
8.723,2115.0000000000005,1721.0,2085.0000000000014
8.723,2116.9999999999995,1725.0,2079.000000000002
8.743,2117.0000000000014,1724.9999999999998,2078.9999999999986
8.743,2114.000000000001,1725.0000000000002,2079.0000000000005
8.743,2114.0000000000005,1725.0000000000014,2079.0000000000005
8.743,2120.0,1720.0,2081.000000000001
8.764,2120.0000000000005,1720.0000000000011,2081.0000000000023
8.764,2114.0000000000005,1726.0,2094.999999999999
8.785,2113.999999999999,1725.9999999999989,2095.0000000000014
8.785,2108.999999999999,1717.0000000000002,2091.9999999999995
8.806,2108.9999999999995,1717.0000000000005,2092.0
8.806,2122.0000000000014,1722.9999999999995,2085.0
8.826,2122.0000000000005,1723.0000000000005,2085.000000000001
8.826,2111.0,1724.000000000001,2084.9999999999995
8.847,2110.999999999999,1723.9999999999993,2085.0000000000023
8.847,2121.000000000001,1711.0000000000011,2079.9999999999995
8.867,2121.0000000000005,1711.0000000000011,2080.0000000000005
8.867,2113.0000000000005,1722.9999999999989,2081.0000000000014
8.889,2113.0000000000005,1722.9999999999998,2081.0000000000014
8.889,2132.000000000001,1705.999999999999,2077.0
8.908,2132.000000000001,1705.9999999999995,2076.999999999998
8.908,2122.000000000001,1723.9999999999998,2072.0000000000014
8.928,2122.000000000001,1724.000000000001,2072.0
8.928,2119.0,1727.9999999999989,2089.0000000000014
8.928,2119.0000000000014,1728.0000000000016,2089.0
8.928,2120.9999999999995,1721.0,2070.9999999999995
8.95,2121.0000000000005,1720.9999999999998,2071.0000000000023
8.95,2113.000000000002,1722.0000000000007,2078.0000000000014
8.969,2113.0000000000014,1721.999999999999,2078.000000000001
8.969,2116.000000000002,1710.0000000000002,2076.9999999999986
8.991,2116.0000000000005,1710.0000000000014,2077.0000000000005
8.991,2116.0000000000005,1711.000000000001,2081.0000000000005
9.012,2116.0000000000005,1710.9999999999998,2081.000000000002
9.012,2128.0,1722.0,2082.0000000000005
9.032,2127.9999999999995,1721.9999999999989,2082.0000000000005
9.032,2118.000000000002,1727.9999999999993,2079.000000000002
9.053,2117.9999999999995,1727.9999999999993,2079.0
9.053,2116.000000000001,1718.9999999999998,2081.000000000001
9.074,2116.0000000000023,1719.0,2080.999999999999
9.074,2110.0000000000023,1717.0000000000014,2078.0000000000014
9.074,2110.0,1717.0000000000005,2077.9999999999995
9.074,2135.0000000000005,1720.9999999999989,2075.000000000002
9.096,2135.000000000001,1721.0000000000007,2075.000000000001
9.096,2117.0,1720.9999999999995,2084.000000000001
9.118,2117.000000000001,1721.0000000000007,2084.000000000001
9.118,2121.0,1727.0000000000005,2082.0
9.138,2121.000000000002,1727.0000000000005,2082.000000000002
9.138,2124.000000000002,1725.9999999999989,2076.9999999999995
9.159,2124.0000000000014,1726.0000000000014,2077.0000000000027
9.159,2109.0000000000005,1710.9999999999998,2073.0
9.18,2109.0000000000005,1710.9999999999993,2073.000000000002
9.18,2116.0000000000005,1723.0000000000007,2078.9999999999995
9.201,2115.9999999999995,1722.9999999999986,2079.000000000001
9.201,2119.000000000001,1721.9999999999993,2083.000000000001
9.221,2119.0000000000005,1722.000000000001,2083.0000000000005
9.221,2111.000000000002,1722.0000000000007,2090.000000000001
9.245,2111.0000000000005,1721.999999999999,2089.9999999999995
9.245,2116.000000000001,1717.0000000000002,2077.000000000001
9.245,2115.9999999999986,1717.0000000000007,2076.999999999999
9.245,2119.000000000001,1718.0,2084.000000000002
9.263,2119.0000000000014,1717.9999999999993,2083.9999999999995
9.263,2122.0000000000005,1724.999999999999,2081.0000000000005
9.285,2122.000000000001,1725.0000000000014,2081.0000000000005
9.285,2117.000000000001,1723.9999999999993,2076.0
9.305,2117.0000000000014,1723.9999999999998,2076.0000000000014
9.305,2111.0000000000005,1728.999999999999,2077.9999999999995
9.325,2111.000000000001,1729.000000000001,2077.9999999999995
9.325,2111.0000000000005,1726.999999999999,2076.000000000001
9.346,2111.000000000001,1726.9999999999995,2076.0000000000014
9.346,2115.0000000000005,1718.999999999999,2072.9999999999995
9.366,2114.9999999999995,1718.9999999999993,2073.000000000002
9.366,2107.000000000002,1720.0000000000002,2076.000000000002
9.388,2107.000000000001,1720.0000000000005,2076.000000000001
9.388,2122.000000000001,1724.9999999999986,2090.0
9.408,2122.0,1724.9999999999986,2090.0000000000005
9.408,2119.0000000000014,1729.0000000000018,2077.0000000000005
9.408,2119.0,1728.9999999999998,2077.0000000000005
9.408,2120.9999999999995,1722.9999999999993,2073.000000000002
9.429,2121.0000000000005,1722.9999999999977,2072.9999999999986
9.429,2113.000000000002,1723.999999999999,2084.000000000002
9.45,2113.000000000002,1724.0,2084.000000000001
9.45,2120.9999999999995,1717.0000000000007,2069.0000000000005
9.47,2121.000000000001,1716.9999999999995,2068.999999999999
9.47,2118.0000000000005,1721.0000000000002,2082.9999999999995
9.491,2118.0000000000014,1721.0000000000011,2083.000000000001
9.491,2122.0,1721.9999999999993,2078.9999999999995
9.512,2122.000000000001,1722.0000000000007,2079.000000000002
9.512,2115.000000000001,1725.9999999999993,2080.0000000000005
9.532,2115.000000000001,1725.9999999999993,2080.0
9.532,2121.000000000001,1723.0000000000014,2083.0000000000005
9.552,2120.999999999999,1723.0000000000005,2083.000000000001
9.552,2110.000000000002,1732.0000000000002,2070.9999999999995
9.573,2110.0,1731.9999999999993,2071.0000000000005
9.573,2117.999999999999,1721.0000000000014,2071.0
9.573,2118.0,1720.999999999999,2071.000000000001
9.574,2128.0000000000005,1731.0000000000002,2075.0
9.593,2128.0000000000005,1730.9999999999984,2074.9999999999986
9.593,2116.0000000000005,1730.0,2080.000000000001
9.616,2116.0000000000005,1729.9999999999998,2080.0
9.616,2112.999999999999,1719.0000000000007,2075.0000000000014
9.635,2113.0000000000014,1718.9999999999993,2075.000000000001
9.635,2112.0,1717.9999999999982,2067.000000000002
9.656,2112.0000000000014,1718.0000000000011,2067.0000000000005
9.656,2118.9999999999995,1724.999999999999,2081.0000000000005
9.677,2119.0,1724.9999999999998,2081.0000000000005
9.678,2117.9999999999986,1720.9999999999995,2089.0000000000005
9.697,2117.9999999999995,1720.9999999999995,2089.000000000002
9.697,2120.0000000000014,1725.0000000000007,2081.0
9.719,2120.000000000002,1725.0000000000007,2081.000000000003
9.719,2110.0000000000014,1720.9999999999998,2077.9999999999995
9.74,2110.000000000001,1720.999999999999,2078.0000000000005
9.74,2113.000000000002,1720.0000000000011,2086.0000000000005
9.74,2113.0,1719.9999999999995,2086.0000000000005
9.74,2134.000000000002,1727.999999999999,2095.9999999999995
9.781,2133.9999999999995,1727.9999999999984,2095.999999999999
9.781,2116.0,1719.9999999999998,2076.0000000000014
9.781,2116.000000000001,1720.0,2076.0000000000005
9.781,2115.0000000000005,1727.0000000000005,2085.000000000001
9.801,2115.000000000002,1726.9999999999995,2084.999999999998
9.801,2101.000000000001,1725.9999999999995,2082.0000000000005
9.822,2101.000000000002,1726.0000000000002,2081.9999999999995
9.822,2126.999999999999,1728.9999999999998,2078.0000000000014
9.843,2127.0000000000027,1729.0000000000005,2077.999999999999
9.843,2115.9999999999995,1719.9999999999984,2079.9999999999986
9.865,2116.000000000001,1720.0,2080.000000000001
9.865,2120.000000000002,1727.0000000000011,2077.0000000000005
9.885,2120.000000000001,1726.9999999999995,2077.000000000001
9.885,2125.0000000000014,1718.999999999999,2078.9999999999995
9.907,2125.0000000000005,1718.9999999999993,2079.0000000000014
9.908,2123.000000000001,1719.000000000001,2087.999999999999
9.908,2122.999999999998,1718.9999999999998,2088.0000000000014
9.908,2120.0000000000014,1715.9999999999986,2073.000000000001
9.926,2120.0,1716.0000000000005,2072.999999999998
9.926,2118.0000000000014,1722.9999999999998,2081.000000000002
9.949,2118.0,1723.0000000000005,2081.0000000000005
9.949,2122.000000000001,1730.999999999999,2083.0000000000005
9.972,2122.0000000000014,1731.0,2083.0000000000005
9.972,2120.000000000001,1718.0,2075.0000000000023
9.991,2120.0000000000005,1718.0000000000007,2075.000000000001
9.991,2110.999999999999,1719.0000000000002,2071.0000000000014
10.012,2111.0000000000027,1718.999999999999,2070.999999999999
10.012,2121.0000000000005,1726.9999999999989,2075.0000000000005
10.034,2121.0000000000014,1727.0,2075.0000000000023
10.034,2120.9999999999995,1721.0000000000011,2081.0000000000005
10.056,2121.0000000000023,1721.0,2081.000000000002
10.056,2126.0000000000005,1725.9999999999995,2082.0000000000005
10.077,2125.9999999999986,1726.000000000001,2082.0000000000014
10.077,2120.000000000001,1724.0000000000016,2080.000000000001
10.097,2120.0,1723.9999999999995,2080.0000000000005
10.097,2122.0000000000023,1720.9999999999998,2072.0000000000014
10.099,2122.0000000000005,1721.0,2072.0
10.099,2120.0000000000005,1726.0000000000002,2078.0000000000014
10.118,2120.000000000001,1726.0000000000014,2078.0
10.118,2121.0000000000014,1725.9999999999995,2083.9999999999995
10.139,2121.0000000000005,1725.9999999999995,2084.0
10.139,2120.000000000001,1724.0000000000014,2081.0000000000005
10.16,2120.0000000000005,1724.000000000001,2081.0000000000005
10.16,2120.9999999999995,1717.000000000001,2077.0000000000023
10.18,2121.000000000002,1716.999999999998,2076.9999999999995
10.18,2112.0,1720.999999999999,2073.0000000000005
10.201,2112.000000000002,1721.0000000000002,2073.0000000000014
10.201,2113.000000000001,1726.000000000001,2086.0000000000014
10.222,2113.000000000002,1726.0000000000011,2086.0000000000014
10.223,2116.0,1728.0000000000002,2078.0000000000005
10.243,2116.000000000001,1728.0000000000002,2078.0000000000005
10.243,2122.000000000001,1722.0000000000005,2082.9999999999995
10.243,2121.9999999999995,1721.999999999999,2083.0000000000023
10.244,2117.000000000001,1723.9999999999984,2083.9999999999995
10.263,2116.9999999999995,1723.9999999999998,2084.0000000000023
10.263,2117.000000000001,1719.0,2075.0000000000014
10.288,2117.000000000001,1719.0000000000011,2075.000000000001
10.288,2116.0,1729.9999999999993,2081.9999999999995
10.307,2116.000000000001,1729.9999999999995,2082.0000000000005
10.307,2117.0,1721.0000000000002,2076.0000000000005
10.328,2117.0,1720.9999999999993,2075.9999999999995
10.328,2122.0000000000014,1725.9999999999995,2088.000000000002
10.349,2122.0000000000005,1725.9999999999995,2087.9999999999986
10.35,2118.0000000000005,1724.999999999999,2077.0000000000023
10.37,2118.0000000000005,1725.0000000000002,2077.0000000000023
10.37,2115.000000000001,1723.0000000000007,2084.000000000001
10.391,2115.0000000000014,1722.9999999999995,2084.0000000000005
10.391,2113.0,1722.999999999999,2071.000000000001
10.414,2113.0000000000014,1723.000000000001,2071.0000000000005
10.414,2117.000000000001,1720.0000000000002,2071.0000000000005
10.415,2117.0000000000014,1719.9999999999995,2071.0000000000014
10.415,2122.000000000001,1717.9999999999998,2085.9999999999995
10.434,2122.0,1717.9999999999982,2086.000000000002
10.434,2120.0000000000005,1723.000000000001,2085.000000000001
10.454,2120.000000000002,1723.0000000000007,2085.0000000000014
10.454,2119.0000000000023,1721.9999999999995,2077.0000000000005
10.475,2118.9999999999995,1721.9999999999993,2077.000000000001
10.475,2116.0000000000005,1725.9999999999998,2078.000000000001
10.496,2115.9999999999995,1726.0000000000005,2077.9999999999995
10.496,2118.000000000002,1723.0000000000005,2080.0
10.516,2118.0,1722.9999999999995,2079.9999999999995
10.516,2118.9999999999995,1717.9999999999998,2083.000000000002
10.537,2119.0000000000014,1718.0000000000014,2083.0000000000005
10.537,2117.000000000002,1719.0000000000011,2077.000000000001
10.56,2117.0000000000014,1719.000000000001,2076.9999999999995
10.56,2113.999999999999,1724.9999999999995,2076.0000000000005
10.58,2114.0000000000014,1725.0000000000014,2076.000000000002
10.58,2119.000000000001,1725.0000000000007,2078.0000000000005
10.58,2119.0000000000014,1725.0000000000007,2078.0000000000005
10.581,2120.0000000000005,1715.0000000000002,2079.0
10.601,2120.000000000002,1715.000000000001,2079.000000000001
10.601,2117.000000000001,1718.0000000000007,2087.0000000000005
10.621,2117.0000000000014,1718.0,2087.0
10.621,2119.0000000000005,1720.0000000000002,2081.0
10.643,2119.000000000001,1719.9999999999995,2081.0000000000014
10.643,2118.0,1724.0000000000011,2076.9999999999995
10.663,2118.0000000000005,1723.999999999999,2077.0000000000023
10.663,2115.000000000001,1725.0000000000007,2073.9999999999995
10.683,2115.0000000000005,1724.9999999999993,2074.0
10.683,2119.0,1718.9999999999998,2077.000000000001
10.706,2119.0,1719.0000000000007,2077.000000000001
10.706,2116.0000000000005,1722.0000000000016,2080.0000000000005
10.726,2116.000000000001,1722.0,2079.999999999999
10.726,2106.9999999999995,1722.0000000000007,2070.0000000000023
10.747,2107.0,1722.0000000000007,2069.9999999999995
10.747,2119.9999999999995,1723.9999999999993,2079.0000000000014
10.748,2120.000000000002,1724.0000000000005,2079.0
10.748,2125.999999999999,1716.0000000000005,2090.0
10.769,2126.0000000000005,1716.0,2090.0000000000023
10.769,2117.0,1719.000000000001,2079.0
10.789,2117.0000000000005,1719.0000000000011,2079.000000000001
10.789,2128.0000000000005,1725.9999999999989,2076.0000000000005
10.81,2128.000000000001,1725.9999999999998,2076.0000000000005
10.81,2115.0000000000023,1730.0000000000016,2084.0
10.831,2115.0,1730.0000000000007,2084.0000000000014
10.832,2119.000000000002,1726.0000000000002,2084.0000000000005
10.853,2119.0,1725.9999999999982,2084.000000000001
10.853,2124.0,1722.9999999999993,2082.000000000002
10.875,2124.0000000000014,1723.0000000000002,2082.0000000000005
10.875,2128.000000000001,1721.0000000000018,2083.0000000000005
10.895,2128.000000000001,1720.999999999999,2083.0000000000005
10.895,2123.000000000001,1727.0,2079.000000000001
10.915,2123.000000000001,1726.9999999999995,2078.9999999999995
10.915,2114.000000000001,1727.0000000000002,2076.0000000000014
10.915,2114.000000000002,1726.9999999999995,2076.0000000000005
10.916,2106.0000000000014,1723.9999999999984,2076.0000000000005
10.936,2106.0000000000005,1724.0,2076.0000000000014
10.936,2111.000000000001,1723.0000000000005,2085.0
10.956,2111.000000000002,1723.0000000000005,2084.9999999999995
10.956,2115.0000000000005,1723.0000000000002,2080.0
10.977,2115.000000000001,1723.0000000000007,2080.000000000001
10.977,2117.9999999999995,1728.0000000000007,2077.0
10.998,2117.999999999999,1728.0000000000005,2077.000000000001
10.999,2119.000000000002,1722.9999999999995,2076.999999999998
11.018,2119.0000000000014,1722.9999999999982,2077.0000000000014
11.018,2118.000000000002,1726.9999999999998,2082.000000000001
11.04,2117.9999999999995,1726.9999999999998,2081.9999999999995
11.04,2128.0000000000014,1721.9999999999995,2071.000000000001
11.06,2127.9999999999995,1722.0000000000007,2070.9999999999995
11.06,2122.0000000000023,1721.0000000000005,2081.0000000000005
11.082,2122.000000000002,1721.0000000000007,2081.0000000000005
11.082,2124.0000000000005,1724.9999999999986,2074.000000000001
11.082,2124.0000000000014,1725.0000000000002,2074.0000000000005
11.082,2122.0000000000014,1725.0,2079.0000000000023
11.103,2122.000000000001,1724.9999999999993,2079.000000000001
11.103,2120.0000000000005,1728.0000000000011,2081.0000000000005
11.123,2120.000000000002,1728.000000000001,2081.0000000000005
11.124,2134.000000000001,1717.9999999999998,2082.9999999999995
11.146,2134.0000000000005,1718.0000000000007,2083.000000000001
11.146,2123.0,1723.9999999999998,2075.000000000001
11.167,2123.000000000001,1723.9999999999998,2075.0
11.167,2113.000000000002,1724.0000000000007,2074.9999999999986
11.188,2113.0000000000005,1723.9999999999989,2075.000000000001
11.188,2120.000000000001,1719.9999999999995,2084.000000000001
11.21,2120.000000000001,1720.000000000001,2083.9999999999995
11.21,2118.0000000000014,1722.0000000000005,2076.9999999999995
11.233,2118.0,1721.9999999999995,2077.0
11.233,2121.000000000001,1723.0000000000005,2084.000000000001
11.253,2120.999999999999,1723.0000000000002,2084.0000000000005
11.253,2116.0000000000014,1724.0,2082.0000000000014
11.254,2116.0000000000014,1724.0,2081.9999999999995
11.254,2123.0000000000005,1722.9999999999995,2080.0000000000014
11.275,2123.0,1722.999999999999,2080.0000000000005
11.275,2124.0,1715.000000000001,2080.000000000001
11.296,2124.0000000000014,1715.000000000001,2079.9999999999986
11.296,2115.0000000000005,1721.0000000000005,2079.000000000001
11.318,2115.000000000001,1721.0000000000016,2079.0000000000014
11.318,2120.9999999999995,1712.0,2084.000000000001
11.338,2121.0000000000014,1711.999999999999,2084.0
11.338,2117.0000000000014,1722.000000000001,2097.0
11.36,2117.000000000001,1721.9999999999995,2097.000000000001
11.36,2121.0000000000005,1719.0000000000002,2085.0000000000014
11.382,2121.0,1719.0000000000002,2084.9999999999995
11.382,2117.000000000002,1727.0000000000011,2078.9999999999995
11.401,2117.0000000000014,1727.0,2079.0000000000014
11.401,2117.0000000000014,1717.0000000000011,2084.000000000001
11.422,2117.0000000000005,1716.9999999999989,2084.0000000000023
11.422,2117.0000000000014,1719.0000000000007,2083.000000000001
11.422,2117.0,1718.9999999999984,2082.9999999999986
11.422,2118.000000000002,1723.9999999999995,2080.0000000000023
11.443,2118.0000000000005,1723.9999999999995,2080.0
11.443,2120.0,1723.0000000000014,2083.9999999999995
11.463,2120.000000000002,1723.0000000000005,2084.000000000001
11.463,2116.000000000002,1715.9999999999993,2084.0000000000005
11.484,2116.000000000002,1716.000000000001,2084.000000000001
11.484,2121.000000000001,1720.0,2075.000000000001
11.504,2121.0000000000023,1719.9999999999993,2074.9999999999995
11.504,2112.0,1726.0,2068.0
11.524,2112.0000000000005,1725.9999999999995,2068.000000000002
11.524,2114.0000000000014,1722.9999999999998,2082.9999999999995
11.547,2114.0000000000014,1723.000000000002,2083.000000000001
11.547,2117.0000000000014,1723.0000000000002,2091.0
11.568,2117.0,1722.9999999999995,2091.000000000002
11.568,2119.000000000001,1714.0000000000002,2089.000000000001
11.588,2119.000000000001,1713.9999999999995,2089.0000000000014
11.588,2115.000000000001,1724.0,2075.0000000000005
11.589,2115.000000000001,1723.9999999999995,2074.999999999999
11.589,2120.000000000002,1724.0000000000007,2082.0000000000023
11.61,2119.9999999999995,1724.0000000000011,2082.000000000003
11.61,2109.0000000000014,1727.0000000000016,2075.000000000001
11.63,2109.000000000002,1727.0,2075.0000000000005
11.631,2121.9999999999995,1732.0000000000005,2084.0
11.651,2122.0000000000014,1732.0,2084.000000000001
11.652,2120.0,1712.9999999999998,2080.0000000000014
11.693,2120.000000000002,1713.0,2080.0000000000005
11.693,2117.9999999999995,1710.0000000000005,2076.0
11.693,2118.0000000000014,1710.0000000000002,2076.000000000001
11.693,2125.000000000001,1722.9999999999998,2078.0000000000014
11.715,2125.0,1723.0000000000014,2077.9999999999995
11.715,2118.0000000000014,1725.9999999999995,2077.9999999999995
11.734,2117.9999999999995,1726.0,2078.0000000000014
11.734,2122.000000000001,1732.0000000000011,2082.0000000000005
11.754,2122.0000000000014,1731.9999999999995,2082.0
11.754,2126.0000000000014,1729.0000000000005,2073.0
11.754,2126.000000000001,1728.9999999999989,2072.999999999999
11.754,2113.000000000002,1715.0,2083.000000000002
11.775,2113.000000000002,1714.9999999999989,2083.0000000000005
11.775,2115.0000000000014,1717.0000000000007,2082.0000000000005
11.796,2115.0000000000014,1717.0000000000002,2081.9999999999986
11.796,2126.0,1723.0000000000002,2076.000000000002
11.817,2126.000000000002,1723.0000000000002,2076.0000000000005
11.818,2107.0000000000005,1725.0000000000007,2081.0000000000005
11.84,2107.0000000000014,1725.0000000000014,2081.0
11.84,2121.0,1724.0000000000007,2089.9999999999995
11.86,2121.000000000002,1723.9999999999995,2090.000000000001
11.86,2119.0000000000005,1719.9999999999986,2070.9999999999995
11.882,2119.0,1720.0000000000005,2070.9999999999995
11.882,2115.000000000001,1710.0000000000005,2074.0
11.903,2114.9999999999995,1710.0000000000005,2074.0000000000014
11.903,2115.000000000001,1725.9999999999993,2072.0
11.922,2115.0000000000014,1726.0000000000005,2072.0000000000014
11.922,2122.000000000001,1718.9999999999998,2081.0000000000005
11.922,2122.000000000001,1718.9999999999995,2081.000000000001
11.923,2118.000000000001,1716.0000000000002,2075.0000000000014
11.942,2117.9999999999986,1716.0000000000005,2075.0
11.943,2115.000000000002,1723.0000000000007,2082.000000000001
11.963,2114.9999999999995,1723.0000000000002,2081.999999999999
11.963,2112.000000000001,1715.0000000000016,2088.000000000003
11.975,2112.0000000000005,1714.9999999999989,2087.9999999999995
11.975,2118.0,1718.0000000000005,2081.0000000000023
11.997,2118.0,1718.0000000000005,2081.0000000000005
11.997,2111.000000000001,1722.9999999999989,2075.0000000000005
12.016,2111.0000000000005,1723.0000000000002,2075.000000000001
12.016,2117.9999999999995,1724.9999999999984,2083.0000000000005
12.036,2118.0000000000014,1725.0000000000016,2082.999999999999
12.036,2124.0,1716.9999999999993,2077.000000000001
12.057,2123.9999999999995,1717.0000000000007,2077.000000000002
12.057,2112.0000000000014,1725.9999999999998,2079.0
12.077,2112.000000000002,1726.0000000000011,2079.0000000000014
12.077,2117.0,1723.9999999999998,2071.0000000000005
12.078,2117.0000000000005,1723.9999999999995,2071.000000000001
12.078,2119.0000000000014,1735.9999999999998,2070.9999999999995
12.1,2119.0,1736.0000000000005,2070.9999999999995
12.1,2119.0000000000014,1729.0000000000002,2068.0
12.118,2119.0,1728.9999999999998,2068.0
12.118,2110.9999999999995,1718.9999999999998,2076.0000000000005
12.139,2110.9999999999995,1719.0000000000007,2075.999999999999
12.139,2118.000000000001,1725.0000000000007,2082.000000000001
12.159,2118.0000000000014,1724.9999999999998,2082.0000000000005
12.159,2120.0000000000014,1720.9999999999977,2078.000000000002
12.18,2120.0000000000023,1720.9999999999995,2078.0000000000014
12.18,2117.9999999999995,1721.0000000000002,2073.9999999999986
12.202,2118.000000000001,1721.0000000000005,2074.0
12.202,2117.999999999999,1724.9999999999993,2077.000000000001
12.223,2118.0,1725.0000000000007,2077.0000000000005
12.223,2117.000000000001,1717.9999999999998,2074.0
12.243,2117.000000000001,1718.000000000001,2074.000000000001
12.243,2117.0000000000005,1714.9999999999993,2068.999999999999
12.244,2117.0,1714.9999999999998,2069.000000000002
12.244,2120.000000000001,1725.0000000000002,2079.9999999999986
12.265,2120.000000000001,1724.9999999999998,2080.0
12.265,2123.0,1732.0,2078.9999999999995
12.284,2123.000000000002,1731.9999999999995,2079.000000000001
12.285,2128.000000000002,1721.0000000000007,2083.9999999999995
12.305,2127.9999999999995,1721.0,2084.000000000001
12.305,2114.0000000000005,1718.0000000000007,2080.0000000000005
12.325,2114.000000000001,1717.9999999999982,2080.0
12.325,2115.0000000000014,1716.9999999999993,2073.0000000000014
12.346,2115.000000000001,1717.0000000000007,2073.0
12.346,2112.0,1715.0000000000002,2075.0
12.368,2112.0000000000005,1714.9999999999993,2075.0
12.368,2114.0000000000005,1726.9999999999995,2087.999999999999
12.389,2114.000000000001,1726.9999999999998,2088.0000000000005
12.389,2118.9999999999995,1723.0000000000005,2080.999999999999
12.41,2119.0000000000023,1723.0000000000018,2081.0000000000014
12.411,2117.0,1723.9999999999984,2075.9999999999995
12.411,2117.0000000000014,1724.0,2076.0000000000005
12.411,2120.000000000002,1717.000000000001,2080.0
12.433,2120.0,1716.9999999999998,2080.000000000001
12.433,2111.0,1723.0000000000005,2080.0
12.454,2111.0,1722.9999999999998,2080.0000000000005
12.454,2119.0000000000005,1720.000000000001,2071.0000000000005
12.476,2118.9999999999986,1720.0000000000011,2071.0000000000005
12.476,2123.000000000001,1724.0000000000007,2092.000000000001
12.495,2123.0,1723.9999999999982,2092.0000000000005
12.495,2113.0000000000005,1719.9999999999989,2095.000000000001
12.537,2113.000000000001,1719.9999999999993,2095.0000000000005
12.537,2124.0000000000005,1711.000000000001,2080.0
12.537,2124.000000000002,1710.9999999999993,2079.9999999999986
12.537,2120.0,1725.9999999999993,2079.0000000000014
12.558,2120.000000000002,1725.9999999999993,2079.0
12.558,2117.0,1726.0000000000002,2084.000000000001
12.578,2117.0000000000027,1726.0000000000002,2084.0000000000005
12.578,2121.999999999999,1727.9999999999982,2085.9999999999995
12.578,2122.000000000001,1728.0,2086.000000000002
12.578,2119.000000000001,1724.0000000000007,2080.0000000000005
12.601,2119.0000000000014,1724.0000000000011,2080.0000000000005
12.601,2119.0,1723.9999999999998,2066.0
12.622,2119.000000000001,1724.0,2066.0000000000014
12.622,2120.0,1719.9999999999989,2071.0000000000014
12.644,2120.0,1720.0000000000002,2071.0000000000014
12.644,2125.0000000000014,1729.0000000000002,2077.000000000002
12.664,2125.0000000000014,1728.9999999999989,2077.000000000001
12.664,2127.000000000001,1722.9999999999995,2080.000000000002
12.684,2127.000000000002,1722.9999999999993,2080.0000000000005
12.684,2120.000000000001,1717.0000000000005,2086.0000000000005
12.706,2120.0,1716.9999999999986,2085.9999999999986
12.706,2114.0000000000014,1718.9999999999998,2072.000000000002
12.727,2114.0000000000005,1718.9999999999995,2072.000000000001
12.727,2125.0000000000005,1721.0,2078.000000000002
12.747,2125.0000000000014,1720.9999999999998,2078.0000000000005
12.747,2116.0000000000005,1728.0,2082.9999999999995
12.747,2116.0000000000014,1728.000000000001,2083.0000000000023
12.747,2116.0000000000005,1736.0000000000007,2088.0
12.768,2116.000000000001,1736.0000000000002,2088.0000000000005
12.768,2115.0,1710.9999999999993,2081.999999999999
12.788,2115.0000000000005,1710.9999999999993,2082.0000000000023
12.788,2114.9999999999995,1722.0000000000005,2068.9999999999986
12.81,2115.000000000001,1722.0000000000007,2069.0000000000005
12.81,2121.000000000001,1718.999999999999,2070.9999999999995
12.829,2120.999999999999,1718.9999999999993,2071.0000000000005
12.829,2119.000000000001,1728.0000000000011,2077.000000000002
12.852,2119.0000000000014,1728.0000000000007,2077.0000000000005
12.852,2113.0,1720.0000000000014,2088.000000000001
12.871,2113.000000000001,1719.9999999999993,2087.9999999999986
12.871,2120.0000000000005,1722.0000000000018,2075.0000000000027
12.892,2120.000000000001,1722.0,2074.999999999999
12.892,2119.0000000000023,1717.0000000000002,2088.000000000002
12.913,2119.0000000000014,1716.9999999999998,2088.000000000001
12.913,2117.999999999999,1717.999999999999,2076.0
12.913,2118.0000000000014,1717.9999999999998,2076.000000000002
12.913,2117.0,1723.0000000000005,2076.0000000000005
12.934,2117.000000000001,1722.9999999999998,2075.999999999999
12.934,2120.0,1723.0000000000005,2078.9999999999986
12.955,2120.000000000001,1723.0000000000007,2079.0
12.955,2117.999999999999,1717.9999999999993,2076.999999999998
12.977,2118.0,1718.0000000000007,2077.000000000001
12.977,2120.000000000001,1725.9999999999995,2081.0
13.021,2120.0000000000014,1725.9999999999989,2081.0
13.021,2116.0000000000014,1723.0000000000005,2077.0000000000014
13.021,2116.000000000001,1722.9999999999993,2077.0000000000005
13.021,2112.0000000000027,1719.0000000000002,2075.0
13.041,2112.0,1718.999999999999,2075.0000000000005
13.041,2114.0000000000014,1723.0000000000011,2081.0000000000023
13.064,2113.999999999998,1723.0000000000007,2081.0
13.064,2115.0000000000005,1733.0000000000014,2075.000000000002
13.084,2115.0000000000023,1733.0000000000005,2075.000000000001
13.084,2115.0000000000005,1718.999999999999,2077.0000000000005
13.085,2115.0000000000027,1718.9999999999998,2077.0
13.085,2118.000000000001,1728.0000000000005,2077.999999999999
13.106,2118.0,1728.0000000000002,2077.9999999999995
13.106,2120.000000000001,1728.0000000000002,2075.000000000002
13.126,2119.9999999999995,1727.9999999999995,2075.000000000002
13.126,2111.9999999999986,1730.9999999999995,2079.9999999999995
13.147,2112.0000000000023,1731.0,2079.9999999999995
13.147,2120.0000000000027,1728.0000000000002,2080.0
13.168,2120.0000000000005,1727.9999999999989,2080.000000000001
13.168,2125.0000000000014,1718.9999999999998,2078.0000000000005
13.189,2124.9999999999995,1718.999999999999,2078.0000000000005
13.19,2116.0000000000014,1718.9999999999993,2075.0
13.208,2116.0000000000005,1719.0,2075.0000000000014
13.208,2116.0000000000005,1721.0,2099.000000000001
13.23,2115.9999999999995,1720.9999999999993,2098.9999999999995
13.23,2120.0000000000023,1719.0000000000002,2078.000000000001
13.251,2120.0000000000027,1719.0,2078.0000000000005
13.251,2120.0000000000005,1719.9999999999984,2088.0000000000023
13.252,2120.0000000000005,1720.0000000000005,2088.000000000001
13.252,2120.0000000000005,1722.0000000000002,2069.0000000000005
13.273,2120.0000000000023,1722.0000000000002,2069.0
13.273,2119.0000000000014,1722.0,2080.000000000002
13.294,2119.0000000000005,1721.9999999999995,2080.000000000001
13.294,2121.9999999999995,1719.0000000000002,2079.9999999999995
13.316,2122.000000000001,1718.9999999999995,2080.0
13.316,2116.000000000001,1720.0,2075.0000000000014
13.337,2115.9999999999995,1719.9999999999995,2075.000000000002
13.337,2116.000000000001,1717.0000000000005,2076.999999999999
13.357,2116.0000000000005,1716.9999999999998,2077.0
13.357,2122.0000000000014,1718.9999999999995,2072.0000000000005
13.377,2122.000000000001,1719.0000000000014,2072.0000000000005
13.377,2118.000000000001,1718.000000000001,2087.000000000001
13.399,2117.9999999999995,1718.0000000000007,2087.0
13.4,2117.000000000002,1720.0000000000002,2082.0000000000023
13.418,2117.0,1719.9999999999986,2082.000000000001
13.418,2127.999999999999,1716.9999999999998,2076.0000000000014
13.419,2127.9999999999995,1717.0000000000005,2075.9999999999995
13.419,2120.0000000000014,1729.000000000001,2083.000000000001
13.439,2120.0000000000014,1729.0000000000005,2082.9999999999995
13.439,2120.000000000002,1724.0,2078.0000000000014
13.461,2120.000000000001,1724.0000000000007,2077.999999999999
13.461,2126.0,1717.0000000000005,2082.0000000000014
13.481,2126.0000000000005,1717.000000000001,2082.0000000000014
13.481,2124.000000000002,1730.0,2079.0
13.5,2122.000000000001,1719.9999999999998,2075.000000000003
13.5,2124.0000000000014,1729.9999999999995,2079.000000000001
13.522,2122.0,1720.0000000000002,2075.0
13.523,2117.000000000001,1724.0000000000007,2081.999999999999
13.542,2117.0000000000014,1723.999999999999,2082.000000000002
13.542,2122.000000000001,1714.999999999999,2075.0
13.562,2121.9999999999995,1715.0,2074.9999999999995
13.562,2121.000000000002,1720.0000000000014,2080.9999999999995
13.585,2121.0000000000005,1720.0000000000002,2080.999999999999
13.585,2112.0,1721.9999999999995,2108.0000000000014
13.585,2111.9999999999995,1722.0000000000005,2108.0
13.585,2126.0000000000005,1720.0000000000005,2086.0
13.603,2126.000000000001,1719.9999999999998,2086.0
13.603,2116.000000000002,1728.0000000000002,2077.0000000000023
13.624,2116.000000000001,1728.000000000001,2077.0
13.624,2117.0,1713.0000000000005,2076.0
13.644,2117.000000000002,1713.0000000000005,2076.0
13.644,2113.999999999999,1718.9999999999993,2074.9999999999995
13.664,2114.000000000001,1719.0,2075.000000000001
13.664,2118.000000000001,1726.000000000001,2075.0000000000005
13.685,2118.000000000001,1725.9999999999989,2075.0
13.686,2114.0000000000005,1728.9999999999993,2087.0
13.706,2114.0000000000005,1729.0000000000005,2087.000000000001
13.706,2119.9999999999995,1725.9999999999995,2070.9999999999995
13.726,2120.0,1726.0000000000005,2071.0000000000014
13.726,2116.0000000000023,1721.0,2074.0000000000014
13.749,2116.0,1720.9999999999986,2074.0000000000014
13.749,2118.0,1712.999999999999,2080.0000000000014
13.749,2118.0000000000005,1713.0,2080.0
13.749,2128.000000000002,1721.0000000000002,2082.999999999999
13.768,2128.0000000000005,1720.9999999999986,2082.9999999999986
13.768,2115.0000000000014,1729.0000000000002,2069.000000000001
13.789,2114.9999999999995,1728.9999999999993,2069.0000000000005
13.789,2120.000000000001,1722.0000000000002,2080.000000000002
13.809,2120.000000000002,1722.0000000000005,2079.9999999999995
13.809,2117.000000000002,1720.9999999999989,2073.000000000002
13.83,2117.000000000002,1721.0000000000007,2073.0000000000005
13.83,2124.0000000000005,1719.9999999999995,2081.9999999999995
13.851,2124.000000000001,1720.000000000001,2082.0000000000005
13.851,2110.0,1718.9999999999993,2079.9999999999986
13.871,2110.0,1719.0000000000007,2080.0000000000014
13.871,2120.9999999999995,1716.9999999999993,2066.0
13.892,2121.0000000000005,1717.0000000000007,2066.0
13.892,2115.0000000000014,1724.0000000000011,2077.000000000001
13.914,2115.0000000000005,1723.999999999999,2077.0000000000005
13.914,2106.0000000000005,1717.9999999999998,2070.000000000002
13.914,2106.000000000002,1717.9999999999998,2070.0000000000005
13.914,2113.000000000002,1721.0000000000011,2078.9999999999995
13.935,2113.0000000000005,1720.9999999999998,2079.000000000001
13.935,2112.0000000000005,1722.0000000000011,2079.0000000000005
13.955,2112.0000000000005,1722.0000000000002,2079.0
13.955,2114.0000000000005,1724.9999999999995,2081.0
13.977,2114.0000000000005,1725.0000000000002,2081.0000000000005
13.977,2113.0000000000005,1730.0000000000005,2078.000000000001
13.998,2113.0000000000005,1729.9999999999993,2078.0000000000014
13.998,2117.0000000000014,1713.0,2075.0
14.018,2117.000000000002,1713.000000000001,2074.999999999999
14.018,2121.000000000001,1722.9999999999995,2080.0
14.04,2121.0000000000005,1723.0000000000018,2080.0000000000014
14.04,2120.0,1722.0000000000005,2075.9999999999995
14.06,2120.000000000002,1722.0000000000002,2076.0000000000005
14.06,2114.000000000001,1721.0000000000002,2085.0
14.081,2114.0,1720.9999999999993,2085.0000000000005
14.081,2117.000000000002,1723.9999999999993,2079.000000000001
14.082,2117.0,1724.0000000000007,2079.0
14.082,2122.0000000000014,1729.9999999999998,2070.9999999999986
14.103,2122.0,1729.9999999999989,2070.9999999999995
14.103,2117.0000000000027,1719.000000000001,2077.0000000000014
14.124,2117.0000000000005,1719.0,2077.000000000001
14.124,2113.000000000001,1720.000000000001,2076.0000000000014
14.144,2113.0000000000014,1719.9999999999998,2076.0
14.144,2117.000000000001,1722.9999999999995,2083.0000000000005
14.164,2116.999999999999,1722.9999999999998,2083.000000000001
14.164,2114.000000000001,1730.0000000000005,2079.0
14.184,2114.0000000000023,1729.9999999999995,2078.999999999998
14.184,2127.9999999999995,1720.0000000000005,2090.000000000001
14.205,2128.0000000000005,1720.0000000000005,2090.0000000000014
14.205,2121.0,1719.9999999999995,2078.0000000000005
14.247,2121.000000000002,1719.9999999999998,2078.000000000002
14.247,2118.0,1719.0,2071.0
14.247,2118.0,1719.0,2071.0000000000014
14.248,2122.9999999999995,1722.0,2080.0000000000005
14.248,2123.000000000001,1722.0000000000011,2080.000000000001
14.248,2115.0000000000023,1722.0000000000011,2083.999999999999
14.269,2115.0000000000005,1721.9999999999993,2084.0000000000014
14.269,2120.0000000000014,1724.0000000000011,2063.9999999999995
14.288,2120.0000000000005,1723.999999999999,2064.0000000000014
14.288,2120.0000000000005,1722.0000000000005,2088.0000000000014
14.309,2119.999999999999,1722.0,2088.0000000000005
14.309,2121.0,1721.0000000000007,2082.000000000001
14.329,2121.000000000001,1721.0,2082.0000000000005
14.329,2117.0,1728.0000000000011,2080.0
14.35,2117.0000000000014,1728.0000000000005,2079.999999999998
14.35,2116.9999999999995,1738.0000000000002,2076.000000000001
14.371,2117.0000000000014,1738.0000000000002,2076.0
14.371,2103.0,1725.0000000000002,2073.0000000000014
14.392,2103.000000000002,1725.0,2072.9999999999995
14.392,2118.000000000001,1722.9999999999998,2074.0
14.433,2118.0,1722.999999999999,2074.0000000000023
14.433,2121.0,1720.0,2075.0000000000014
14.433,2122.000000000001,1725.0000000000011,2080.0000000000005
14.433,2123.0000000000005,1723.0000000000007,2082.0
14.434,2121.9999999999995,1724.9999999999995,2080.0000000000014
14.434,2119.000000000001,1725.000000000001,2078.9999999999995
14.454,2118.999999999999,1725.0000000000002,2079.000000000001
14.454,2120.0000000000023,1722.0000000000007,2090.0000000000005
14.474,2119.9999999999995,1721.9999999999993,2090.0000000000005
14.475,2108.0000000000005,1720.0,2074.0000000000014
14.495,2117.000000000001,1730.9999999999989,2080.0000000000014
14.495,2122.0,1722.000000000001,2074.000000000001
14.515,2122.0000000000014,1721.9999999999995,2073.9999999999995
14.516,2118.0,1720.999999999999,2084.000000000002
14.557,2121.0000000000005,1722.0000000000007,2076.999999999999
14.557,2121.0,1721.9999999999995,2077.0000000000027
14.557,2117.0000000000014,1725.0000000000011,2076.0
14.557,2119.9999999999995,1715.9999999999989,2083.0
14.577,2120.0000000000005,1715.9999999999993,2083.000000000002
14.577,2119.9999999999995,1720.0,2077.0000000000023
14.577,2120.000000000002,1720.0000000000011,2077.000000000001
14.577,2115.0000000000023,1717.0000000000007,2078.9999999999986
14.598,2115.0000000000014,1717.0000000000007,2079.0000000000027
14.598,2125.9999999999995,1726.0000000000005,2082.000000000001
14.619,2126.000000000001,1726.000000000001,2082.000000000001
14.619,2118.000000000001,1716.9999999999998,2078.000000000001
14.639,2118.0000000000005,1717.0000000000005,2077.999999999999
14.639,2117.000000000001,1719.0000000000002,2093.000000000001
14.66,2116.9999999999995,1726.0000000000011,2077.0000000000005
14.661,2117.000000000001,1726.0000000000005,2077.0000000000005
14.681,2121.000000000002,1720.9999999999989,2077.9999999999995
14.681,2121.0000000000005,1721.0000000000005,2078.000000000002
14.703,2113.0,1722.9999999999993,2088.999999999999
14.703,2113.000000000001,1723.0000000000007,2089.000000000001
14.723,2130.0000000000014,1735.9999999999998,2072.9999999999995
14.723,2130.0,1736.0000000000002,2073.000000000001
14.743,2117.0000000000014,1717.9999999999995,2079.000000000003
14.743,2116.9999999999995,1718.0000000000011,2079.000000000001
14.743,2111.000000000001,1717.0000000000002,2073.9999999999995
14.743,2111.0000000000014,1716.999999999999,2074.0
14.764,2112.0,1718.000000000001,2071.000000000002
14.764,2111.9999999999995,1718.0,2070.999999999999
14.784,2109.0000000000005,1732.0,2082.0000000000023
14.784,2109.000000000001,1731.9999999999998,2081.9999999999995
14.804,2104.000000000001,1722.0,2080.0
14.804,2104.000000000001,1721.999999999999,2080.0000000000014
14.826,2120.0,1721.999999999999,2075.0000000000005
14.826,2120.000000000001,1722.0000000000011,2074.9999999999995
14.847,2115.0000000000005,1716.9999999999993,2072.9999999999995
14.847,2115.0000000000005,1717.0000000000011,2073.000000000001
14.869,2119.0,1719.000000000001,2077.000000000001
14.869,2119.0000000000014,1718.9999999999998,2077.0000000000023
14.889,2126.000000000001,1727.9999999999986,2085.9999999999995
14.889,2126.0,1727.9999999999993,2086.0000000000014
14.909,2116.0000000000005,1735.0000000000007,2079.0000000000023
14.909,2116.0000000000005,1735.0000000000002,2079.0000000000014
14.909,2121.0000000000014,1722.0000000000005,2078.9999999999986
14.909,2121.0000000000005,1722.0000000000007,2079.0
14.931,2115.0000000000014,1723.0000000000007,2077.000000000001
14.931,2115.0000000000005,1723.0000000000011,2076.9999999999995
14.951,2115.0000000000023,1723.0000000000007,2078.000000000002
14.951,2115.000000000001,1722.9999999999993,2078.0000000000014
14.971,2124.0,1719.000000000001,2082.000000000002
14.971,2124.000000000002,1719.0000000000007,2082.0000000000014
15.01,2120.999999999999,1718.9999999999995,2077.0000000000005
15.01,2121.000000000002,1719.0000000000014,2077.000000000001
15.01,2114.9999999999995,1723.000000000001,2079.000000000001
15.01,2115.000000000001,1722.9999999999998,2079.0000000000014
15.028,2113.000000000001,1721.999999999999,2073.9999999999995
15.028,2113.000000000002,1722.0000000000016,2074.000000000002
15.049,2128.0000000000023,1721.0,2100.999999999999
15.049,2128.000000000001,1721.0000000000007,2101.0000000000023
15.07,2132.0000000000023,1729.000000000001,2086.000000000002
15.07,2132.0,1729.0000000000002,2085.9999999999995
15.071,2120.0000000000005,1721.0,2071.999999999999
15.071,2120.0000000000005,1720.9999999999995,2072.000000000001
15.091,2120.0000000000014,1721.0000000000014,2077.0000000000005
15.091,2120.0000000000005,1721.0000000000011,2077.0
15.112,2122.0000000000027,1711.0,2074.0
15.112,2122.0,1710.9999999999989,2074.0
15.133,2124.0000000000014,1723.0000000000007,2074.000000000002
15.133,2124.0,1723.0000000000005,2074.0
15.153,2121.0000000000005,1734.9999999999995,2078.0000000000014
15.153,2121.000000000002,1735.0000000000011,2077.9999999999977
15.198,2111.0,1722.9999999999998,2086.999999999999
15.198,2111.000000000001,1723.0000000000005,2087.000000000001
15.198,2115.000000000001,1715.0000000000007,2075.0
15.198,2115.0000000000014,1715.0000000000007,2075.0000000000014
15.217,2120.0000000000005,1724.0000000000007,2075.9999999999986
15.217,2120.000000000001,1724.0,2076.0000000000023
15.237,2122.0000000000005,1718.000000000001,2083.000000000001
15.237,2121.999999999999,1717.9999999999995,2083.000000000002
15.237,2117.9999999999995,1735.0000000000011,2074.999999999999
15.237,2117.9999999999995,1735.0000000000007,2075.0000000000014
15.28,2117.0000000000014,1724.9999999999993,2083.0
15.28,2116.0000000000005,1725.0000000000007,2079.999999999999
15.281,2116.000000000002,1724.9999999999995,2080.0000000000005
15.281,2110.0000000000005,1717.9999999999989,2080.0
15.3,2110.000000000002,1718.0000000000005,2080.0000000000023
15.3,2118.0,1722.0000000000005,2083.0000000000005
15.345,2117.9999999999995,1722.0000000000007,2083.0000000000014
15.345,2115.0000000000023,1729.9999999999993,2073.9999999999995
15.345,2115.0000000000005,1729.999999999999,2074.0000000000023
15.345,2115.9999999999995,1715.0000000000005,2074.999999999999
15.363,2116.0000000000005,1714.9999999999989,2075.0000000000005
15.363,2114.0000000000023,1725.9999999999998,2071.000000000002
15.383,2113.9999999999995,1725.9999999999989,2070.9999999999986
15.383,2117.000000000001,1723.9999999999995,2070.000000000001
15.403,2117.000000000001,1724.0,2070.0000000000005
15.403,2123.000000000002,1723.0000000000007,2084.0000000000014
15.404,2123.0000000000014,1722.9999999999993,2083.999999999999
15.404,2119.0000000000005,1721.0000000000014,2078.0000000000023
15.423,2118.9999999999995,1721.0000000000007,2078.000000000001
15.423,2118.0000000000005,1727.0,2084.0000000000014
15.445,2118.0000000000027,1727.0,2084.0000000000014
15.445,2122.999999999999,1724.9999999999986,2080.0
15.465,2123.000000000001,1724.9999999999995,2080.0000000000014
15.465,2126.0000000000005,1723.9999999999998,2079.0
15.487,2126.0000000000014,1724.0,2079.000000000001
15.487,2122.0000000000014,1722.0000000000005,2072.9999999999986
15.509,2122.0000000000005,1722.0,2073.000000000003
15.509,2114.9999999999995,1719.9999999999998,2070.9999999999995
15.529,2115.0000000000005,1719.9999999999995,2070.999999999999
15.529,2117.000000000002,1717.000000000001,2086.0000000000014
15.548,2116.9999999999986,1716.9999999999998,2086.0000000000005
15.549,2111.0000000000014,1724.0000000000007,2073.000000000001
15.57,2111.0000000000014,1723.9999999999998,2072.9999999999995
15.57,2122.0000000000014,1714.0000000000007,2070.0
15.57,2122.0000000000023,1714.0000000000005,2069.999999999999
15.57,2111.0,1722.0000000000011,2075.0000000000027
15.594,2111.0,1722.0000000000002,2075.0000000000005
15.594,2122.0000000000014,1719.9999999999989,2085.0000000000014
15.614,2122.000000000001,1720.0,2085.0
15.614,2113.999999999999,1727.0000000000005,2067.0
15.636,2114.000000000002,1727.0000000000007,2067.0000000000014
15.636,2115.0000000000014,1720.0000000000002,2071.000000000001
15.655,2115.0000000000023,1719.9999999999993,2070.999999999999
15.655,2114.0000000000005,1707.0000000000011,2070.9999999999995
15.677,2114.0000000000005,1706.9999999999989,2071.0000000000014
15.677,2115.9999999999995,1722.9999999999995,2081.9999999999995
15.697,2116.000000000002,1722.9999999999998,2082.000000000002
15.697,2114.000000000001,1723.0000000000002,2080.000000000001
15.718,2114.0,1723.0000000000011,2080.0000000000014
15.718,2118.000000000002,1724.9999999999998,2085.0
15.738,2118.0000000000014,1724.9999999999998,2085.0000000000014
15.738,2113.0000000000005,1714.9999999999993,2081.9999999999995
15.739,2113.0000000000014,1714.9999999999989,2082.0000000000005
15.739,2123.0000000000005,1723.0000000000011,2081.0000000000014
15.758,2122.9999999999986,1723.0000000000007,2080.999999999999
15.758,2124.0000000000023,1728.0000000000002,2080.0000000000005
15.778,2124.0000000000005,1728.000000000001,2079.9999999999995
15.778,2118.0,1716.9999999999989,2087.0000000000005
15.798,2118.0,1717.0000000000005,2087.000000000001
15.798,2117.000000000001,1721.9999999999986,2071.0000000000014
15.82,2117.000000000001,1722.0,2071.0
15.82,2118.000000000001,1718.9999999999995,2072.9999999999995
15.842,2118.000000000001,1719.000000000001,2073.0000000000014
15.842,2117.9999999999995,1721.0,2073.9999999999995
15.862,2118.0000000000014,1721.0000000000002,2074.0000000000005
15.862,2116.000000000001,1722.9999999999986,2081.000000000001
15.883,2115.9999999999995,1723.0000000000002,2081.0000000000014
15.883,2114.000000000002,1722.0000000000005,2075.0000000000014
15.904,2114.0000000000005,1722.0,2075.0000000000027
15.904,2123.0000000000014,1723.000000000001,2085.0
15.904,2123.0,1722.9999999999998,2085.0000000000005
15.904,2117.0,1719.0000000000002,2088.000000000002
15.925,2116.9999999999995,1719.000000000001,2087.999999999999
15.925,2116.0000000000014,1717.9999999999995,2071.9999999999995
15.947,2115.9999999999995,1717.9999999999993,2072.0000000000005
15.947,2095.0000000000005,1715.0000000000005,2051.0000000000014
15.967,2095.0000000000023,1714.9999999999993,2051.0000000000014
15.967,2115.0000000000005,1721.9999999999989,2079.0000000000014
15.987,2115.0000000000014,1722.0000000000005,2079.0000000000005
15.987,2114.0000000000023,1722.0,2078.0000000000014
16.01,2114.0000000000014,1722.0,2078.000000000002
16.01,2115.9999999999995,1723.0000000000007,2082.0000000000005
16.029,2116.0000000000014,1723.0000000000002,2082.0000000000014
16.029,2120.0000000000005,1716.999999999999,2070.9999999999986
16.05,2120.0,1716.9999999999998,2071.000000000001
16.05,2120.0000000000005,1720.9999999999998,2079.0000000000014
16.072,2120.0000000000005,1721.0000000000014,2079.0000000000005
16.072,2116.000000000001,1721.9999999999995,2082.9999999999977
16.072,2116.000000000001,1722.0000000000007,2083.000000000001
16.072,2120.000000000001,1728.9999999999989,2073.000000000001
16.092,2120.000000000001,1728.999999999999,2072.9999999999995
16.092,2120.0000000000023,1723.9999999999993,2079.9999999999995
16.112,2120.000000000001,1723.9999999999989,2079.9999999999995
16.113,2119.999999999999,1732.0,2079.000000000001
16.133,2120.000000000002,1732.0000000000005,2079.000000000001
16.133,2118.0000000000005,1722.0000000000007,2076.0
16.155,2118.000000000001,1722.0000000000002,2075.9999999999986
16.155,2107.000000000002,1730.9999999999989,2079.000000000002
16.178,2107.0000000000005,1731.0,2078.9999999999995
16.178,2113.0,1728.0,2081.000000000001
16.198,2113.000000000002,1728.0000000000005,2080.9999999999995
16.198,2116.0000000000005,1721.9999999999995,2081.9999999999995
16.218,2116.0,1721.9999999999993,2082.000000000002
16.219,2116.000000000001,1722.0000000000002,2071.000000000001
16.239,2116.0000000000005,1722.0000000000002,2070.9999999999995
16.239,2119.0000000000014,1721.9999999999995,2070.999999999998
16.239,2119.0000000000005,1722.0000000000005,2071.0000000000014
16.239,2119.999999999999,1736.999999999999,2074.999999999999
16.258,2120.0,1736.9999999999995,2075.000000000001
16.258,2120.0000000000023,1723.0000000000005,2077.0
16.28,2119.9999999999995,1722.9999999999986,2076.9999999999995
16.281,2120.000000000001,1722.0,2075.0000000000023
16.321,2120.0000000000023,1722.0,2075.0000000000023
16.322,2115.0000000000005,1718.0000000000005,2071.0000000000005
16.322,2114.9999999999995,1717.9999999999998,2070.9999999999995
16.322,2117.9999999999995,1727.0,2085.0000000000027
16.344,2118.0,1726.9999999999995,2084.9999999999986
16.344,2123.000000000001,1729.0000000000005,2111.0
16.363,2123.0000000000014,1729.0000000000007,2111.000000000001
16.363,2114.9999999999995,1715.9999999999993,2084.9999999999995
16.385,2115.000000000001,1715.9999999999993,2085.0000000000014
16.385,2120.000000000001,1721.9999999999993,2077.000000000001
16.406,2120.000000000002,1722.000000000001,2077.0000000000005
16.406,2111.9999999999995,1707.0000000000002,2075.0000000000005
16.407,2112.0,1707.000000000001,2075.0000000000027
16.407,2114.9999999999995,1729.9999999999993,2078.9999999999986
16.426,2115.000000000001,1729.9999999999989,2079.000000000001
16.426,2112.0000000000023,1721.0000000000007,2088.0
16.448,2112.0000000000005,1720.999999999999,2088.0000000000005
16.448,2117.0,1725.9999999999995,2084.000000000002
