Time,25W,25X,25Y
0.008,2092.4318426401296,1653.2603929480085,2149.2484872673886
0.008,1997.71508815132,1650.832372397562,2140.5508552119154
0.031,2024.5602889948866,1661.4965966775694,2050.3568244184967
0.031,2025.7546875835142,1778.3852725193924,2071.6615890146068
0.032,1896.1696767235637,1636.5948750610473,2058.323111827056
0.032,1928.1268148306872,1692.3161309732498,2332.072581303036
0.058,2111.2005788692404,1663.0744671993825,1915.2163304855233
0.058,2201.699373354131,1798.0221854889728,2170.6009282334107
0.085,2186.0096879407115,1576.3269546781166,1957.418285843611
0.085,1971.8108245206397,1750.6354994618848,2020.2709923222928
0.085,2162.77233072534,1601.451081525381,2089.7564819368636
0.113,1979.4144914642518,1750.8052895112994,2177.380442365841
0.113,1888.3726412331685,1718.2988370597568,1971.6773668817207
0.14,1906.5100265058854,1560.7837752985283,1911.9627299085585
0.14,1993.4972348382007,1646.74561156122,2093.776692425144
0.14,2014.6917930491836,1703.6076195156281,2049.97018290325
0.167,2031.9618223768568,1688.2303944807093,2060.5863554855646
0.168,1995.6123596704676,1675.565996860912,2027.945867412519
0.194,1942.9551844542646,1731.6107674943207,1983.9498381912595
0.194,2234.888552251753,1627.86067446227,2115.5922242617266
0.194,2052.819504643564,1715.206698597434,2199.431515877293
0.194,2049.117255946164,1637.189793549061,2022.97921298457
0.219,2057.198804594106,1745.6186899726927,2005.0199055279459
0.246,2210.156122335416,1626.4615391296684,2070.1678072127734
0.246,2145.8525833659965,1810.9633132788365,2357.8258979976026
0.247,2068.5130901496914,1664.8498322675716,2085.3965339026577
0.247,1963.7206977770347,1708.9774780253204,2155.2418379511373
0.276,2063.6799427575666,1721.4536637914564,2183.546400306515
0.303,2122.5178164559384,1716.774758535591,2143.772755367403
0.303,1965.8080559610255,1663.08956131264,2069.4175900613022
0.303,2173.2169587549365,1752.2740555473438,1932.2871118711198
0.303,2055.995596285052,1787.7477902349756,2031.4120187070694
0.33,2083.9345731986073,1696.3664572664115,2037.145991807618
0.33,2084.5928703538916,1612.320638069395,2008.5260910543768
0.357,2106.665512794288,1558.2315317958607,2137.5657464317346
0.357,2026.7826975590408,1659.4331859817048,2045.9753764541726
0.357,2031.188017697561,1778.2445109198031,2007.154126661751
0.357,1990.015823706239,1654.2721798446096,1911.4713984163916
0.386,2289.3811480434547,1782.2744937873122,2028.8521692662341
0.386,2131.176401051847,1715.6578188815354,2029.5053163620532
0.414,2017.9315925041926,1666.7045146035628,1979.9908126049572
0.415,2179.0701853924834,1763.881047346546,1994.4559925436095
0.416,2117.4458625077914,1672.1506743422126,2057.58391084129
0.416,2194.995358865276,1722.8243517996204,2043.670036350114
0.442,2071.4623634490663,1739.1420404135345,2207.5699424984236
0.442,2144.1632855633097,1696.473184900719,2033.5491604924946
0.47,2150.129496836181,1690.025855608611,1984.9452565460101
0.47,2083.621189638762,1703.5619466702663,1996.1530192208484
0.471,2008.4231145817657,1853.764785848431,2075.1168535275337
0.471,1998.4550872550815,1720.3038400587027,2049.4612620432204
0.498,2183.5308996618837,1577.265919524619,1957.9922845840201
0.498,1980.0359981425795,1606.612265351565,2050.26824942201
0.526,2179.5431152246642,1750.7529247526106,2030.8540610707166
0.526,2207.2925967585084,1661.7685004639543,2209.941934988545
0.526,2012.9806317969878,1719.8657975549224,2009.5986393487112
0.526,1966.7853385440128,1727.8669229259194,2177.08842694255
0.555,2162.3702473443523,1765.8616670286399,1960.167595917942
0.555,2122.2429785581858,1661.394065371446,2051.581016606574
0.582,2050.5561364120194,1735.4107432776996,2038.7797629057463
0.582,2181.4648995804055,1773.1961984560473,2047.692590821019
0.61,2062.479016045584,1666.1229236302786,2096.55196287252
0.61,2010.7245681129243,1748.9644236299864,2112.418475045437
0.61,2240.234753754764,1718.9228519054404,2064.361954116541
0.611,2218.8620102503455,1662.9616196365691,1938.2280606870254
0.638,2068.8942168697013,1740.1307148976675,1931.449892859385
0.638,1985.856579305549,1806.8368278758312,1963.2505253539107
0.639,2050.357325523068,1618.7702228152639,2135.268693568011
0.639,1968.202809819972,1649.7868491564368,2163.203310833565
0.665,2053.992692319713,1689.0518534819862,2028.7233037222984
0.665,2142.090667646302,1773.369538887919,2005.7956048492263
0.693,2033.3998668949455,1666.6357521854081,1988.160417687368
0.693,2054.3463758868047,1592.1336524057092,1967.165161660037
0.693,2133.945908552602,1811.5658833786697,2042.4302776603402
0.693,2086.6747016043487,1666.6821128556708,1973.0147387794939
0.72,2125.3188301192863,1661.264073557423,1980.715563086601
0.72,2129.3192597950638,1632.6842771916638,1859.4762877929172
0.747,2057.895756165395,1765.5669633125365,2059.8183440838757
0.747,2068.6616950921557,1731.3714841206422,2109.085713080777
0.748,2045.597893326519,1749.2767595024784,2043.7794784069758
0.748,2000.5429935568081,1678.6154391543953,2099.2210065892095
0.775,2119.2891132865284,1649.3336665907393,1790.6267623215456
0.775,2093.349213272913,1646.7256470538152,2138.0442792476883
0.809,2060.532930138025,1685.6175852251183,2149.7580178074186
0.809,2105.306800742131,1644.656825282917,2115.168228072998
0.829,2084.074388013217,1749.4857162322,2083.175011456836
0.829,2155.289264531653,1769.225851716217,2126.6575377712634
0.829,2118.928908368799,1621.2666306467838,2029.1418821326629
0.83,2019.563698513997,1800.296767464062,2118.270787701499
0.85,2019.7572841091032,1657.747703936,2051.03976599471
0.871,2177.235382847185,1695.9647886125374,1956.8110861720493
0.872,2009.258096623897,1713.9536785176233,2065.073709829903
0.89,2040.361452315398,1811.924316964616,2099.246444736355
0.891,2044.2600440340489,1716.2231122165904,1911.8587712986566
0.891,2079.800650572982,1680.4023452157433,1992.0154936400702
0.891,2054.4698754278447,1727.021160915835,2049.5879970741958
0.911,2031.6376567938805,1715.8981572326695,2054.8801570967757
0.911,2074.374831286044,1595.1428681573746,2127.8802267080664
0.932,2151.054102463477,1707.3431993816264,1902.649270931659
0.932,2067.140957812546,1679.8019762885094,2049.4045561858575
0.953,2222.489722720534,1757.944672433518,2094.380200810702
0.953,2072.280083305399,1636.5749916808215,1979.560338511293
0.975,2160.9625373425724,1706.4902610336924,2075.298220823477
0.975,1951.0438756926328,1540.1411519611597,2204.8262300444676
0.996,2098.2515786738954,1690.4277676877948,1997.9029792832062
0.996,2191.4475855247715,1622.326941645583,1899.9622186120898
1.018,2222.8489046497966,1751.5911181108088,2046.691079711274
1.018,2005.77251935127,1766.4448610491768,2112.340464320851
1.038,2100.9224172753634,1775.3746555762214,2002.6557787017944
1.038,2190.7984429752355,1806.7007170484783,2104.888980011584
1.058,2070.82315665506,1725.3943247927998,2202.4260200955346
1.058,2257.5108149541666,1679.044359555691,1991.433348906761
1.059,2176.696632318573,1595.7680457176623,2164.5859156814477
1.059,2048.0897246096865,1780.5208555798488,2209.5472253860135
1.08,2207.332177572859,1719.1727412287705,2113.380871469389
1.08,2096.4185785057866,1661.008449881454,2028.601606926862
1.101,2062.1943437309983,1644.4127421189783,1971.2922093437567
1.101,2048.460615935451,1717.0001041636888,2140.676969478927
1.122,2012.3076019108678,1549.0817387710304,2218.0441845257974
1.122,1988.0038331640792,1604.6976723775606,2194.961821135911
1.145,2107.4664489436805,1681.1425058278771,2096.392753051949
1.145,2020.2119708473215,1737.9597687702449,1989.472675525584
1.164,1974.2700753745614,1684.8758006528108,1903.7187754404395
1.164,2177.593168568314,1485.231977941898,1952.367571137763
1.185,2122.633256279711,1891.7029613941309,1954.4681693812215
1.185,2190.1472571347485,1630.361614887755,2111.9820980299673
1.205,2198.184704223714,1521.9720527757104,2100.259703399565
1.205,2121.9441917038343,1641.6064198623003,1986.3284186574024
1.228,2127.3396733174814,1701.3714842965833,2037.6898441640785
1.228,2058.186001693588,1760.8381626591524,2071.8195544229598
1.229,1930.973422105074,1691.2612062953249,2024.5009615355164
1.229,2083.9456289003933,1769.9290317092255,2159.577638189196
1.247,2052.7471847927636,1693.159207189391,2046.2811918808193
1.247,2115.2133134460514,1684.8968469954725,1945.0352917699522
1.268,2113.7625088154136,1561.8433311216031,2117.552925905603
1.268,1990.41858150987,1802.5253289508762,2020.3514443342417
1.289,2016.2712508878253,1748.5966331029933,1962.1592297415261
1.289,2161.5792814480214,1697.9109979319812,2011.58916628359
1.332,2100.852379332762,1704.9070463719388,2030.8709884138052
1.332,2063.948955884844,1641.878542690858,2006.066379974634
1.332,2067.4481944372546,1598.6720165459994,2078.0943466657586
1.333,2053.829424016911,1841.3792599727626,2043.7328902466877
1.354,2167.241996337878,1665.5798190895616,2039.1204698551883
1.354,2198.303549945392,1689.9959175545264,2121.716305356521
1.372,2162.139319553498,1687.6077146847347,1903.3560819962272
1.372,2114.6747399576407,1734.04800753343,2063.5498942332442
1.393,2115.7729600040416,1714.7361131445798,2196.696652834507
1.394,1923.2230579416018,1572.688176206381,1973.9166092587375
1.394,2141.342673638137,1699.689569426419,2068.021919560441
1.394,2090.088583896557,1609.1194387008336,2073.0598991686734
1.415,2220.769702264395,1839.0291998567718,2055.393252283229
1.415,1837.8193471637721,1633.469202897709,2111.734324269617
1.435,2038.1003025964833,1587.4452756601102,2050.881425495701
1.435,2195.5751944507842,1622.1410587348375,1909.7007676655535
1.457,2143.3128365141706,1625.9809942734616,2009.7689019093418
1.457,1986.1166317168359,1674.7759610856024,2013.9693704723936
1.479,2041.6625601697906,1792.3844807830856,2095.8131350055087
1.479,2097.3349852550887,1709.4085751855341,2058.4729681372532
1.502,2022.3271981870716,1563.8453036951041,2007.1864255538353
1.502,2053.450565742366,1728.154311860524,2025.6960337415055
1.522,2132.1624072943923,1737.9479439424981,2138.460904660336
1.522,2158.001103744116,1577.9248455386191,2026.8456581681405
1.542,2184.94044935961,1898.2334293391634,2137.6336440043506
1.543,2009.174288466122,1705.082225911463,2011.7555424101918
1.563,2124.897615917324,1626.4137422591334,2198.5695349443654
1.563,2175.641710738236,1716.8054831979287,1875.2600787408016
1.563,2024.5520799544386,1582.0241981760541,1989.2708038611459
1.563,2188.7118690174652,1794.8006884174142,2215.780071981561
1.584,2170.546490163963,1672.4278902837766,2149.575412295964
1.584,1939.6387483635458,1605.4707602851374,2140.259483884993
1.605,2043.2820752046025,1577.4090930342932,2113.3096381959167
1.605,2159.536243388194,1717.557712731008,2008.6180432649949
1.627,2099.579830490238,1737.9373241479896,1988.6708124015777
1.627,1981.4036632163104,1710.8987192202,2014.5711801167065
1.647,2017.0644562364798,1806.252394791207,2100.019938708006
1.647,2145.7117230260164,1737.2751780001597,2067.341401098292
1.668,2078.2560005790256,1686.6926170113813,2179.903117988915
1.668,2055.3584301397627,1725.7646293271282,1996.374825987171
1.691,2218.3403366893626,1669.2824378190614,2127.7497553722287
1.691,2134.175272188841,1640.5297219366012,1907.334902289994
1.711,2147.2234958629256,1665.2834754396888,1885.4028145726952
1.711,2198.6779014940594,1690.9893718707938,2144.244024246792
1.731,2128.717080812919,1561.051739043971,2010.0265891045226
1.731,2119.0324197704695,1579.0948591580361,2122.1354000761175
1.732,2057.7767473032804,1672.9749845025156,2008.6039283410405
1.732,2229.0756311782957,1587.4611053703247,1997.812910440111
1.752,1926.768534037086,1684.5608263615868,2087.8963177881956
1.752,2129.877960366046,1728.2822856990094,1974.4095759259844
1.772,2194.3067753687856,1630.8057081281872,2066.087862777358
1.772,2241.698278372728,1684.183264383068,2189.8998771217866
1.794,2166.4596102357145,1824.4388805919923,2103.030532004927
1.794,2090.9391759595887,1553.4078902626363,2005.1080992137586
1.815,2201.89675267116,1638.8531355096268,2055.7102538149397
1.815,2049.1960409982203,1691.047876985345,2043.205801228116
1.837,1996.5985731409194,1754.8328674078118,2033.559803625336
1.837,2045.6702281831745,1681.2463660054661,2047.1387888321647
1.859,2069.6213339477276,1615.959073637288,2053.007511559135
1.859,2149.801551646412,1789.1119521610005,1992.9045555274836
1.88,2104.4321079220995,1670.6938339600729,1939.9997316678325
1.88,1958.9941623298164,1652.806124304632,2050.900570147988
1.899,1897.0000977487737,1805.606627139606,2078.695181778634
1.899,2203.9801466565414,1671.0476149971983,2139.831470525424
1.9,2054.0175437646776,1800.4629855198384,1888.301050586808
1.9,2076.8541660643227,1734.7165943272068,2254.496791872768
1.921,2111.2721356301286,1789.5547171188623,1911.3260824501713
1.921,2144.130760469443,1723.3386493043336,1926.2366682259576
1.941,1960.700556285015,1641.989036131099,2120.8468233361195
1.941,2045.5098601495035,1563.5285427761082,2015.1635793407297
1.962,2108.596681366872,1633.6355412061187,1975.0177363333016
1.962,2059.4732885273806,1802.1805382887349,1894.388606300009
2.004,1968.9747335382885,1618.261073283043,2063.80601231926
2.005,2043.565907258239,1607.1774490382627,1898.0630251492921
2.005,2138.956821539059,1654.9555206402683,2112.520677502711
2.005,2103.2481311979723,1612.3058252121652,2212.655577979859
2.025,1946.8481808831773,1765.6273787109437,1977.1376794328382
2.025,2137.5055234502947,1671.5215161366743,1890.2066599502334
2.045,2108.278494404207,1751.8842145028962,2015.53864214205
2.045,2140.919086586788,1670.4394740026128,2083.0499381884283
2.066,2225.008326543143,1650.933860638183,1899.6069277027327
2.066,2037.0947780778135,1658.3643550728175,2086.349318651448
2.066,2047.965338287804,1800.7700614119435,1964.2251642638387
2.066,2118.5739088646096,1700.7553156902497,1942.4420002953236
2.087,1988.4048949662326,1774.2563382943545,2066.3079480565934
2.087,2151.19452260423,1684.582032129406,2089.9577905410065
2.107,2071.958253036948,1689.3266646580541,2219.372376280779
2.107,2093.8524770359977,1630.5820420861942,2062.341798517129
2.128,1939.630790296049,1687.339585999829,1981.6019307061456
2.129,1915.9412579420252,1543.4223896734989,1900.8671485639356
2.15,2097.979812115882,1670.6664076874997,2103.251310285791
2.15,2036.3614076714628,1803.9962158470646,2021.1994044051862
2.171,2241.0461654418023,1594.3971939005748,2078.4249091703446
2.171,1991.7493240162019,1590.8419849233567,2133.93471956554
2.192,2058.00710560097,1700.325675758145,2011.8903838499689
2.192,2167.6947952153655,1732.1899861841903,2005.9770525875879
2.216,1983.6044243636197,1666.9698177793196,2033.8566860237859
2.216,2141.454091959534,1744.098575499826,2081.784959826093
2.234,2091.97447714799,1665.436318644375,1902.9792948039267
2.234,1998.0526508665569,1674.036186395727,2033.4293342642095
2.234,2143.0805828311013,1636.1210320967548,2231.3872980717047
2.234,2106.0335299686485,1789.9193194510992,2197.3563653835413
2.255,1969.570710611316,1716.7621920664262,1874.027876876965
2.255,2119.4481208731145,1602.3399709482937,1890.5534423091121
2.276,2069.9046942056507,1630.5217230236306,1854.9313962967876
2.276,2015.861413703467,1712.5595871407077,2123.765215441005
2.299,2138.055138759163,1662.1427856188893,1952.1174828460041
2.299,2119.6653396414636,1690.653996208894,2025.895487762025
2.322,2111.002044274991,1661.0904687868187,1979.7113118677073
2.322,2160.1511846380135,1632.8892414836273,2100.9837862985846
2.342,2041.4795776456388,1849.973633536342,1899.4762583225352
2.342,2257.7587329387125,1666.848621273048,2210.2389173906595
2.385,2092.585671774538,1673.0282847709013,2103.969878042568
2.385,2042.4709168015816,1740.8946310417136,1997.5562965548338
2.385,2099.0325197406787,1789.8156114123133,2285.600928985025
2.385,2099.373104290885,1514.6310945127107,2166.214554107843
2.406,2094.87553708886,1738.5254964303185,2105.962041604764
2.406,2152.137799991094,1688.489364604382,2035.2380220024434
2.406,2187.722288493288,1732.2784582627219,2032.1646772069946
2.406,2001.3434828034383,1703.6336424747597,1990.110223695202
2.426,2152.443565122647,1698.0908501195474,2157.945049308383
2.426,2233.6581583447596,1819.5266996009332,2063.4252383468724
2.447,2048.9860438069636,1570.751590358088,2022.3554076872697
2.447,2142.426795724804,1661.503261745509,2164.6364626033983
2.468,2088.5814248076003,1759.5898463844553,2031.6904640385146
2.469,2177.1992970925307,1593.7064320237735,2053.2448669041696
2.489,2143.2606853286743,1640.2826221217638,2174.9164129586784
2.489,1977.8475163144283,1613.4646889240187,2043.1673271266
2.511,2153.9434892908985,1656.7695385454665,2043.9700559504683
2.511,2044.1995127538692,1679.464220290152,2019.4121468112126
2.532,2061.331072815413,1783.9536249744149,1989.0215667795844
2.532,2143.884119124746,1591.3638027336378,2045.5605798446406
2.553,2163.3999534770674,1818.646998156822,2025.7280742566002
2.553,1949.1301470561712,1707.5024648943004,1984.2974665475865
2.573,2080.8476374888064,1695.9786828340448,1999.8352780165258
2.573,2144.747463119239,1678.4789930428378,2145.750028103519
2.575,2072.4555208795864,1727.690640796702,1974.4758783315929
2.575,2225.5082622265522,1709.9805339332406,1929.6318092583124
2.592,2026.6251679720474,1813.9830146315123,2116.1764401873343
2.592,2016.8108668369932,1707.612160515206,2034.1827117287717
2.614,2133.468257562386,1716.4236769276322,2060.3941718507067
2.614,2106.477005627782,1695.3898842568674,2116.0342663334186
2.636,2073.892928423917,1717.0362575391207,2093.7486244618
2.636,2003.9491792666176,1614.683693587248,2010.251443129548
2.655,2029.0632834243952,1656.9858022568092,2026.4858219368298
2.655,2181.1230870649283,1743.7451506015514,1979.2742473015182
2.676,2179.062054474544,1625.6122568157343,1864.879618985547
2.676,1965.45735638536,1664.3338505507627,2100.475297373164
2.696,2283.6219655822256,1802.6310345592415,2168.645552594542
2.696,2156.9028943623607,1621.8506001644039,2218.5970478926615
2.718,2039.1975554188264,1744.3495452436805,2219.2893515777064
2.718,1945.785513133322,1752.4627655024312,2024.709037601982
2.738,2219.7903082453904,1621.010048213033,2077.246497252384
2.738,1930.9472628118467,1691.3597106817324,2081.3327717475336
2.738,2167.744443419793,1705.7648886407555,2087.789550794157
2.738,2016.0105021005534,1669.0912741016473,2016.9205295799095
2.759,2094.7742148147486,1763.7839633354797,2037.1923627992608
2.759,1929.1073977266776,1715.9384658366314,1950.759874248257
2.78,2107.0479431455014,1650.3828239626112,2139.7346027604003
2.78,2143.7824393912124,1699.6258210861329,2023.6626672029845
2.801,2079.7098300437874,1760.010196793229,2116.4987545457197
2.801,2160.672255337409,1645.0195293121092,2025.2816659565844
2.822,2036.2090087172808,1777.552799073612,1944.2576885743779
2.822,2155.85578746972,1767.739733511519,2330.463074973805
2.842,1927.1121361208327,1742.162413734402,2152.3046923511133
2.842,2040.186542559592,1809.5693769765023,2056.912202395046
2.863,2067.5339595632545,1597.833557314136,2022.7491416328037
2.863,2219.9773607865322,1647.7840840106728,1956.5490330246907
2.884,2165.1839205275824,1733.3730851157127,1999.5876718004251
2.884,2157.9055823089457,1662.2775540184061,1975.7370746801475
2.904,2065.437180987715,1681.9845646247088,2194.688191522663
2.905,2132.6063350774602,1707.85487543102,2120.731084342287
2.905,2207.4841985215853,1741.9076467212533,2015.2125041698037
2.905,1917.175373720941,1735.1140250413068,2064.091175250816
2.927,2082.2351893445084,1695.1798544994538,2196.1383743344404
2.927,2027.0860739809996,1683.4533164556249,2158.0851909571074
2.949,2058.4896424652243,1771.723269408588,2079.6299452277326
2.949,2192.3142943965618,1484.9557000710051,2222.8467016051645
2.969,2041.7010802421182,1693.0646494794034,2030.6515592144005
2.969,2168.3242705762473,1730.8542024767983,2027.5177522555687
2.989,2133.0713377536035,1637.908088938664,2040.5931154638963
2.989,2133.582956631303,1763.1113307752953,2224.2313140221354
3.01,2191.80311784417,1713.989601527719,1963.9768367157021
3.01,1981.8699581804312,1680.979990421324,2185.0944999381354
3.03,2063.9453487060528,1682.2315245864233,1981.3328095075349
3.03,2072.7150116093,1727.4470592198995,2110.25523173742
3.051,2051.993300861278,1502.3289186082447,2058.9858520135945
3.051,1839.079917354628,1743.5699242925175,1973.770191333219
3.075,2086.7907265024232,1619.143431399092,2045.8328772775467
3.075,2020.7231065047702,1670.8497274921885,2293.8212112160995
3.075,2132.547175777767,1675.7671786592898,2042.0404564141902
3.075,1968.33867461083,1683.897653755762,2065.1445142553985
3.097,2146.737378492907,1790.4028338872322,1916.933445577853
3.097,2049.5721650709374,1813.6301589122547,2175.6688464211475
3.117,2181.141453079233,1757.5754990836667,2107.433174725435
3.117,1999.4513375427412,1774.665876815923,1959.7480636911823
3.139,2119.9647962657436,1704.717257810894,2061.670518254148
3.139,1955.6646053169336,1819.7872520986814,2037.6307387955615
3.16,2017.6881416592125,1993.9753009696044,2118.86543728353
3.16,2110.784498735714,1719.7940456486733,2032.8524592011327
3.18,2057.272054459386,1707.6560285361284,2139.815827852245
3.18,2049.366247041906,1758.1006394883634,1985.4846680562255
3.202,2195.0354168194035,1679.112721608394,2111.8209711260756
3.202,2186.0509919140773,1756.3169818459623,2171.295951151812
3.246,2019.765044015378,1706.0039119967437,2074.4601713876773
3.246,2086.215163694721,1610.3722140641328,1971.8196321187188
3.247,2322.7738502665284,1755.1385181457933,2057.9058776622273
3.247,2125.833301831356,1608.8651656879576,2019.3351233091053
3.247,2029.05470912662,1705.9439309741654,2145.031499466915
3.247,2114.1141937747648,1667.0546011058311,2029.421983286362
3.267,2270.6935135983017,1551.1039096192892,2073.99627470121
3.267,2162.1971943216504,1563.6688388388852,2082.4884530140835
3.287,2224.6218613762367,1652.0020022333495,2027.5048282274088
3.287,2002.8947229130495,1746.831880539657,1937.409827473037
3.307,2173.4548416437224,1632.485919530253,2030.4227680106067
3.308,2109.2250050653315,1705.624292991648,1992.5277446657126
3.328,1994.6250212609477,1727.312284279958,2062.4390459332076
3.328,1951.377437186372,1745.2600633933364,2083.7571452135426
3.349,2087.0913674619055,1713.9210189404102,1982.852288974074
3.349,2145.427243635278,1666.2473773789582,1913.2349790696935
3.37,1950.9446904339266,1752.0920033581344,2123.591496093774
3.37,2144.691177977271,1763.9573818720687,2014.9260454079988
3.39,2026.4286571015393,1667.0552669569004,1890.2523106981337
3.39,2014.4832567661333,1631.9950199549114,2065.866638033922
3.411,2102.4627180826615,1596.6771945441683,1964.3198286252398
3.411,2017.6340350271971,1635.2052548016065,2196.2383122019355
3.412,2130.7718333438615,1548.7741251927507,2256.0755887186547
3.412,2087.73657370222,1693.6016760894838,1981.7896291054044
3.433,2045.2863982892195,1693.231918014786,1972.882824282406
3.433,2175.3234979606245,1700.1025950358378,2038.368615070988
3.453,1999.2962660265339,1730.3729369961018,2102.9570156612926
3.453,2029.1105601775703,1717.6606784875655,2008.1142258613015
3.475,2176.039122342631,1623.304878077528,2013.034955755295
3.475,2037.4751248861648,1530.199041653734,2015.3878352258944
3.495,2013.1411593803193,1698.5141706757,1906.8399160231463
3.495,2038.7313234758394,1689.1186590885998,1997.662079462197
3.515,2237.597190202927,1760.812389887568,2006.6750286545428
3.515,1951.2887428290296,1606.2330688629336,1963.2021928714657
3.536,2037.2995700326667,1736.554965398737,1956.5183258535549
3.536,2250.159376830741,1672.4051225473968,2090.25355476537
3.558,2098.2000369556977,1610.1771526400644,2243.2425399786616
3.558,2076.779686488492,1818.978351094498,1903.276971203321
3.578,2104.052437499404,1603.8543582583693,2184.8486944393785
3.578,2152.868928455333,1673.8468088912216,2137.9103779222255
3.578,2026.6155906724237,1782.2798822874124,2062.9400238821027
3.578,2100.2108128422637,1719.244125690086,1943.9717957958355
3.598,1998.404000652885,1788.0357931632166,2278.069849514447
3.599,2071.413210162851,1596.4085485423223,1947.7097977330995
3.62,2103.821499916189,1739.611878072366,2154.663137596429
3.62,2159.25205835066,1768.6243135273944,2191.95445850177
3.639,2057.9177604597553,1745.2363647912086,2109.8778413680757
3.639,2129.955678299512,1628.059986520983,2215.388435587977
3.661,2035.8297746630956,1679.56520629936,2016.736625667077
3.661,2200.73230301017,1700.5600844955138,2014.295534393712
3.681,2081.1247864885436,1707.8612199591564,1986.5515599962848
3.681,2063.249401814718,1779.5760968765974,2066.442696124464
3.701,2148.3866058792305,1631.0951815938874,1860.7744396641835
3.701,2093.6455585430676,1655.0658027138584,2165.5484578411815
3.724,2224.1133823687974,1649.554796581105,1987.6733781692462
3.724,2194.2122814363065,1610.5377534777574,2166.67883789208
3.746,2055.4780629944353,1698.3545144614986,1870.0327814509353
3.746,2011.9601715514264,1908.4909561894344,1924.785864418549
3.747,2310.728771536065,1712.0706385903688,2174.9855731711623
3.747,2032.1323733920208,1772.4287419649324,2094.776277963204
3.767,2220.5130295149547,1788.506899424122,2123.6567371576793
3.767,2237.881450844764,1743.6865775098127,1997.0881942230444
3.787,2008.9691353638568,1668.7050468548243,2032.9547230140722
3.787,1979.466391609139,1678.9180762451879,2032.4952806419456
3.807,2111.644936487278,1841.6363591181507,2029.1716894605695
3.807,2210.4868465245368,1724.2755694204666,2064.3876007567446
3.828,2169.9705507637996,1764.2540634407862,2116.5084884329794
3.828,1938.3589937776533,1730.3083133329349,1939.8794812081035
3.849,2006.7056370536027,1686.1507211352264,2005.9825761553448
3.85,2003.6419435094235,1609.5801332799138,1941.7900366230717
3.87,1940.2167548670154,1711.440523223418,2007.2848764912435
3.87,2022.9094889652283,1579.742744696344,2101.6546701941147
3.892,2107.953593578583,1631.1116882381605,1986.8650225219624
3.892,2111.0524936349607,1626.221373249527,2055.382046083616
3.916,2097.1748475857335,1741.231274703691,2158.006292251452
3.916,2158.1650823716973,1636.20304971525,1953.212219391746
3.917,1974.7970426246848,1709.8467346561802,2146.7983845651274
3.917,2158.1276776812942,1726.3617780698053,2117.8849112535763
3.956,2085.311094503291,1667.9164424677151,2186.6578623719347
3.956,2196.8154678830024,1823.1605073730636,2154.9783772902683
3.956,2067.442580763857,1625.8458055494723,1994.5383473378
3.956,2164.3069990150684,1781.5652152198063,2159.7362994984205
3.974,2226.7703591883974,1855.3183790761957,2170.569797882907
3.974,2111.2352807717853,1880.1492785020644,2005.6709256063411
3.995,2085.643716988203,1812.463882579752,2002.4524554650543
3.995,2013.5198129731166,1744.7540654462027,2069.2652053170104
4.016,2100.5741662402884,1839.6751747331577,2006.782028806336
4.016,2160.681045275899,1696.6046019260805,2124.569470762266
4.038,1857.7703852557345,1807.6449646418016,2162.6877702626125
4.038,2069.1400689532215,1542.2366200586298,2164.747412312188
4.059,2054.873984213055,1672.0634548192693,2059.4384236331766
4.059,2089.7564124602222,1696.053552147771,2057.7853024088604
4.078,2038.2845441194042,1765.14412142069,1941.5330843117326
4.079,2092.3679115927093,1780.4684221090893,2100.2295841797495
4.079,2148.751237277669,1665.4586077243132,2116.944986714285
4.079,2046.6489204929687,1650.0313324009153,2128.719633287729
4.1,2116.683146802578,1517.2041444157821,2050.6435833598116
4.1,1941.9518318476808,1824.5051283442467,2061.752947257984
4.12,2230.7196325695822,1592.0735213055043,2243.6097855547114
4.12,2078.294824091154,1708.0385975578852,1926.4786181967231
4.141,2063.185004480118,1779.3066024076074,2015.3874338292214
4.141,2268.951365211202,1766.0410140961349,2111.2947131824917
4.162,2036.307453154555,1767.4961694454566,1944.5012423357236
4.162,2078.743158376374,1872.2967017378744,1891.525087222276
4.183,2097.834758063739,1743.3504402445694,1909.6861870267287
4.183,2216.057664443741,1848.135309221291,2012.1069182557744
4.203,2062.2158697793043,1672.7758897439064,2162.4310051271827
4.203,2148.5478884391914,1627.2540176005289,1947.6951089252022
4.224,2082.506926090416,1674.3472865029169,2205.6279306846295
4.224,2191.5260914247624,1698.6747252166067,1896.345832511353
4.245,2051.4420916427953,1673.6364107591155,2106.444456690023
4.245,2061.5197559006697,1765.4275222142037,2285.452256718074
4.245,2212.451152289768,1769.5578106673051,1926.5410194246697
4.245,2168.1391302785346,1613.0610962786018,2236.7731227563945
4.265,2028.4294341212792,1705.3435493268962,2032.3928461566584
4.265,2198.1994067798278,1557.9595260088663,1956.1027546374066
4.286,2151.846114308107,1637.7057193972403,2143.6745415971577
4.286,2057.4508498141436,1672.8128637456834,2169.9056975025474
4.308,1978.6908965637042,1661.0757670575836,2031.1781585054798
4.308,2233.474856844037,1637.5644164349035,2093.568373876945
4.328,2072.6188245773847,1658.7555232005463,2051.296567253193
4.328,2097.581474836454,1714.6709122977138,2026.464449891057
4.351,1979.8070045415955,1729.0321806521263,2015.6469776841263
4.351,2135.2455708660855,1658.8271765079805,2005.5195462677357
4.37,1985.709416308637,1754.0119187253065,1972.0760674094172
4.37,2185.5105799445905,1788.9385241975779,2015.4942438074852
4.391,2010.846838076217,1597.3800810126593,2032.4250915816388
4.391,2197.1235864562177,1741.6040964150848,2231.636465251108
4.412,2088.4232456947984,1731.1946712330712,1977.6312622308549
4.412,1913.8823161460011,1703.9014704162132,1986.1050732697195
4.412,2203.936201095517,1821.9735172678133,1942.0126554326418
4.412,2023.4557853538547,1662.3315099914566,2071.0602422442303
4.432,2156.7026260228376,1680.8630364609633,1912.1830343583363
4.432,2040.061281218062,1710.843125391701,1920.7462912280334
4.454,1979.4532233260277,1688.167949014661,2084.499464038713
4.454,2060.495805095338,1595.401238612732,2095.1303405752915
4.475,2039.477535380361,1740.0113578073729,2100.8107562296373
4.475,2176.840627021024,1820.3523737056485,1911.23701974281
4.495,2017.128824721981,1796.414929378966,1903.5355336527778
4.495,2110.1543767753833,1777.186977658366,2228.1023311738572
4.517,2214.2756225306766,1506.8942405167008,2009.325344661877
4.517,2083.6673123576434,1664.6660604126132,2042.7153425047125
4.537,2150.700609491915,1745.9692197096222,2114.042538157545
4.537,2155.6559836687434,1776.9229031922291,2062.672494277724
4.557,2039.153822672875,1629.8349668620922,1975.7776948694723
4.557,2131.6162395037286,1644.9693258403413,2113.7431465795585
4.578,2048.251881610155,1853.2652390516962,1884.5548666166083
4.578,1915.5185215026384,1664.8711943018448,2022.953717965221
4.578,2119.8059950254064,1675.537748184071,2228.61635136404
4.578,2089.1138471260033,1726.927228242918,2010.1481919831867
4.598,2109.97291170979,1630.8479827424733,1890.2058097421955
4.598,2205.9512805860577,1652.8061642787093,2109.1133238172442
4.62,2135.9807682164974,1751.0989354506007,2060.9442528809655
4.62,2129.3324162017734,1606.5043070419856,1915.9368054688216
4.643,2139.9854067693727,1718.8391067276207,2137.7111799629843
4.643,2137.7682225349317,1716.1937299255692,2040.0512805831027
4.662,1907.5373336194675,1644.7009579692808,2105.3370122098863
4.662,2058.4743075902898,1847.6028926379724,2005.5515773858965
4.683,2045.1038812970903,1644.5444301834304,2008.8527068244266
4.683,2139.9990367004507,1680.9618306560133,2017.2727962493218
4.703,2156.8579212553386,1577.2236613080686,2092.865311027123
4.703,2020.772254269675,1693.4538379801004,1953.7308152158735
4.723,1890.2436919036086,1815.3043378025557,1921.8345624538936
4.723,2067.619360202271,1807.1221045424363,2125.829087580442
4.766,2112.5756053413543,1758.5701750892301,2073.972114845697
4.766,2079.9282055297963,1639.0310413575496,2207.5436168646447
4.766,2100.4359147225673,1679.6267996100712,2217.5659359152373
4.766,2025.6819434301194,1632.950459674844,2179.6873688508417
4.767,2253.11944064592,1704.6300730622622,2086.8292100924336
4.767,2051.9197373291245,1672.661085363256,1949.159271469747
4.785,2032.9855940564944,1676.802872593749,2027.7972111208203
4.785,2214.678046725971,1815.2509620523695,2026.11267007642
4.806,2136.555142111164,1734.4720546762446,2077.9158182490537
4.807,2187.2482918917754,1566.673493897797,2054.486973900492
4.827,2042.7810638518094,1600.339839238096,1994.4636728897524
4.827,2050.3351733521176,1708.8183816508877,2155.4479805236533
4.848,2091.0904466516813,1800.7849281875822,2170.086223916024
4.848,2108.182735416088,1718.709908314174,1973.0356161430707
4.868,2260.829136910967,1645.7585770579078,2005.714654646106
4.868,2007.317975741559,1707.6986290689217,2115.0492597914845
4.891,2062.5968535638362,1575.4648480282062,1981.468745113979
4.891,2118.399616974882,1602.025650283233,2069.422216379213
4.911,2119.9597575189946,1633.8175047749821,2093.4943422995466
4.911,2143.9942426815037,1738.6000895883858,2067.7545149902103
4.912,2092.447305289961,1686.2045324968487,1969.249767544621
4.912,1998.267527743898,1816.6094540083327,1952.1480344406423
4.952,1956.1619503819786,1848.0992491204438,1789.3399850016497
4.952,1983.7442647564546,1659.3335554482414,2250.990391739421
4.952,2100.735259149014,1760.2791671315906,1947.7514139175353
4.954,2014.572336032489,1890.429317076275,1967.349513723508
4.973,2038.637453875455,1630.432319862844,2052.134330513837
4.974,2006.9417783571241,1696.9390169271342,2087.6457819220714
4.996,2158.6405931856375,1690.61778157325,1999.7273920352127
4.996,2155.0060573165115,1687.5090576922505,2038.0869680029239
5.016,2200.141078777256,1645.7971353741498,2143.6751730954297
5.016,2041.2975699096176,1681.1440923689445,2166.750434044161
5.037,2052.799487614947,1711.8757801733916,2033.0164754166585
5.037,1912.1139895117826,1748.3181038497546,1952.1508939369835
5.057,2093.5814132048786,1624.1939171686242,1991.4511207691498
5.057,2129.616664904596,1702.2784100931199,2033.7768615119778
5.079,2145.8267899705315,1735.160325197947,2109.592286945575
5.079,2127.8288093981623,1753.3552993180085,1945.535993499534
5.079,2065.8943969182983,1606.7647724780315,1999.3069525931817
5.079,2104.929680644597,1665.7282716120708,2020.0742220838467
5.099,2020.9760496682973,1685.0780243902293,2037.2141793293094
5.099,2168.5156118820187,1677.7607928534414,2041.5030966510199
5.142,2109.454166576356,1654.9245057911419,2054.8769391738606
5.142,1927.1231951528134,1654.402751630099,2092.2856695581527
5.142,2150.561132611384,1601.2477281372849,2245.7824682346263
5.143,2037.6695055381617,1692.7254986361597,2066.226358533603
5.162,2051.2801797697484,1678.1095073816034,2149.7856560576543
5.162,2228.855033983335,1777.5310376434134,2128.0389852578937
5.183,2200.149446922378,1790.9330502638486,1941.9676701697372
5.183,2051.0368290236256,1688.18360034917,2093.113861434434
5.204,2147.2660309569137,1626.3292757424633,1993.6323648088355
5.204,2034.6755091581256,1666.9660180779524,2132.4169704018072
5.225,2151.494647699702,1680.840055684525,2215.2443592410664
5.225,2080.093389865391,1667.7679087102304,2024.9820014733934
5.247,2063.0263531726787,1835.0199526499491,1942.9446222738088
5.247,1987.628018243072,1779.0761895373685,2104.6871491373913
5.247,1987.5993954514524,1834.2542955869255,2142.360892360747
5.248,2231.678463961217,1536.8182109436918,1988.5877795377155
5.266,2195.6743259934706,1728.7943681413258,1949.7365463742517
5.266,1981.093667032505,1688.9166998304627,2110.6551520750436
5.288,2061.6768907077694,1646.005879717489,2118.929401026427
5.288,2073.3041136809084,1770.124981928186,2081.039946327549
5.308,2009.5150404498377,1778.1567459289238,2025.6124751832433
5.308,2116.7782689675837,1731.9513986781894,2013.1060660828603
5.329,2064.1146187571717,1680.1090389064452,2149.7316544112778
5.33,2090.840484520412,1642.550475928716,2024.8659738882652
5.35,2200.5123281887822,1701.9155291555705,2089.51606037381
5.35,2289.6660067770886,1631.0681987163673,2141.4732555331357
5.371,2148.4525506715286,1730.626069303822,2089.7531703035897
5.371,2145.5115055120013,1625.6592542142937,2130.2751292326266
5.393,2050.3883409618165,1715.5771352873546,2240.810619901353
5.393,2005.0605257723853,1791.9026749302316,2074.3344223679205
5.409,2203.7076193641433,1728.5763961273683,1975.8730947213612
5.41,2086.433686380442,1762.0827419392745,2303.1914671150107
5.41,2090.363436608925,1881.8139928856704,1996.0300077947495
5.41,2075.7553048795,1887.2758611663,2100.8505143235207
5.43,2001.4045769211912,1755.7089615146476,2066.84773111944
5.43,2109.093543453649,1751.8656637238432,1952.7247955977464
5.453,2081.6147205515335,1851.0651820222033,2054.3803194327056
5.454,2227.81203957044,1782.580341444356,1906.68693335598
5.473,2082.1002461666635,1582.8374495494936,2102.8912417326683
5.473,2018.7340961037532,1656.9672757304845,2119.5085585877387
5.494,2009.8295683693875,1869.938051060532,2125.2257958253394
5.495,2156.7443298193016,1668.5600410874465,2052.834333369381
5.517,2132.511121432564,1761.6361304007692,2193.424660613623
5.517,2084.4958823140596,1654.0845923335019,2149.333202071177
5.536,2020.2706732977788,1633.7862996513024,1980.5589074841685
5.536,2029.7356506363199,1690.595531291418,1965.5815383652514
5.557,2265.4780720352665,1663.8604792885894,2036.78081738607
5.557,2162.1884812167204,1700.5471656782706,2139.754722740771
5.578,2017.056818348824,1687.6388555790584,2084.787274868642
5.578,2177.9487194828603,1610.2021730654014,2023.016274822999
5.578,2152.326174092268,1743.0809707124095,1998.5797070571527
5.578,2059.3280699299594,1672.368777799571,2058.385369090801
5.6,2169.8981569591774,1761.7652855404754,2109.639220988815
5.6,2254.357744226661,1683.4521200011236,2006.4415356669797
5.621,2095.1683882624284,1694.1910329391187,2035.5536745534864
5.621,2218.2309873386957,1459.70750869486,2050.9259332691336
5.641,2123.5661826836435,1652.756700938293,2100.5248550068063
5.641,2036.9949087090063,1761.8367375691819,2003.8487810288495
5.662,2000.6561972384238,1694.7523542991837,2140.495211972655
5.662,2038.128699283127,1624.150466143877,2051.4461641948565
5.682,1922.8913583146962,1600.4352682013991,1967.165013018537
5.682,1937.8763138350505,1572.882260353645,2106.515469609971
5.704,2217.045061732565,1604.997283013427,2002.1050732847887
5.704,1837.428268424123,1746.997228419512,2086.870296411741
5.724,2085.463697252705,1772.8944533362026,1999.3991550811236
5.724,2148.781621524179,1747.974485762976,1908.453676416539
5.744,2139.2913743325817,1729.6095120473756,2053.598592065242
5.744,1977.7126926388355,1684.7743792076765,2107.500140514498
5.745,1997.7860423811767,1744.395222984554,2007.5778752314507
5.745,2135.7534627379778,1715.8633837063078,2086.9483065112186
5.765,2102.970284025857,1752.8843619922477,2055.7723446836653
5.765,2032.018999922497,1596.7612387774861,2193.6763322708834
5.806,2122.1835720935655,1653.0275019711546,2191.675464686097
5.806,1948.3082231294334,1461.4202305730307,2137.2328710609754
5.806,2149.4607179340223,1650.1157901008432,2302.382178354549
5.806,2118.771037616138,1682.4498947047857,1942.3885162983647
5.827,2023.446953090992,1603.9953670540483,2087.1737516032895
5.827,2070.4514870426838,1579.887678300554,2017.6379530391152
5.848,2153.4520110217554,1815.033244463785,2196.5519084712687
5.848,2083.828208611104,1714.0484535856604,2073.238521226104
5.868,2065.3103485053653,1648.4113751517407,1978.3356701908685
5.868,2037.2498197591628,1593.6240246781947,2130.8613365591186
5.889,2212.3907310280656,1812.6295117853574,2128.344108066433
5.889,2062.2716727455854,1658.0075362270409,2120.15283745118
5.909,2032.73024303392,1720.4136732950567,2012.4699086276541
5.909,2172.3679385873143,1757.0233759273965,2030.1457117648774
5.909,2138.333137389518,1697.66389129626,1905.8295994420987
5.909,2100.1545259793456,1616.0696713334264,2079.1803664757895
5.93,1940.2446360331728,1598.4815413370231,2055.223491322911
5.93,2004.1717664542637,1642.0285665509373,2072.048693489846
5.951,2233.4830836053493,1660.57679836862,2001.4118924288582
5.951,2136.656325475579,1685.5883807325604,2078.83960273493
5.97,2211.285568025104,1647.9329142052648,2177.9553358208614
5.97,2208.157869367415,1647.0081730515942,1899.5423011502492
5.99,2055.2961807042407,1671.2421287897648,1962.3525536837658
5.991,2092.6360613310744,1807.3483216172983,2156.9132671744214
6.012,2090.809024177785,1778.5677181692402,2204.887362010287
6.012,2117.77580176744,1635.891283565651,2322.717263404666
6.034,2197.5291431358078,1710.7896819792547,2032.1375016352251
6.034,2019.8082858804894,1686.1940171415622,2053.788185226411
6.054,2119.6101911695932,1709.2432062352607,2118.631917757795
6.054,1947.2404768200365,1719.2473727717177,2116.2878653041103
6.075,2096.895183235908,1727.6012745471978,2014.462094781902
6.075,2093.296854399114,1682.8697341616187,1936.1401476131125
6.075,2209.394114252013,1747.660898043509,2028.4507097405124
6.075,2101.8615872190894,1819.1903397858057,1959.2517754564421
6.096,2172.291839841613,1692.002471388508,2093.8925390966474
6.096,2105.065371160801,1660.1152105466801,2018.477266771041
6.117,2124.6977973123467,1629.3026545039975,2084.4092231626223
6.117,2071.4402484461853,1787.171060595473,2173.905097041059
6.138,2136.0517579380303,1800.0619936451817,2013.3719486393727
6.138,2176.965132785951,1671.3345172303623,2118.6057760915783
6.158,2053.422141419135,1735.313509238364,2044.0303234091402
6.158,2265.318152643801,1729.9141457013109,2060.6226583886864
6.18,2221.2697453545366,1515.2953364559705,2057.7074610379923
6.18,2193.31737922768,1729.3162359350372,2065.3049769221275
6.201,2232.1912125323943,1770.780749076442,2090.374104995411
6.201,2040.3974752965971,1501.9327635314464,1938.9000970321863
6.223,2114.3179252868276,1691.1888792829284,2018.6056795016607
6.223,2031.8909712347966,1639.8285254131752,2133.4863091202155
6.243,2220.1432750782214,1742.8418101364387,2130.466424101328
6.244,2011.5342177327195,1704.926594295433,2149.9850915433635
6.244,2227.384440294752,1673.457763104994,1950.6226155639222
6.244,1988.402797893371,1563.665624455465,2171.764874526351
6.264,2158.6192019715268,1748.9375179764284,1997.0895213974716
6.264,2020.5325259103427,1642.8927271755974,2003.1053681870499
6.284,2031.9442186663107,1598.5039302732434,2206.0035620191297
6.284,2219.305037020211,1671.1095864521715,2015.1914011714691
6.308,2085.2565472377078,1591.6704274494828,2222.468825009256
6.308,2237.0948917316578,1627.6104532091022,2090.29090126951
6.326,2179.627621245708,1707.5319038367145,2176.1687894214665
6.326,2210.32684179391,1800.806970396645,2197.6953500236236
6.347,2078.830400488818,1622.931084222279,2218.487584130313
6.347,2134.7245289019143,1625.5101418196166,2135.852227353892
6.368,1861.8542915536286,1642.2658542608076,1973.8409956728644
6.368,2112.365734436378,1724.3076988308403,2001.8230907301238
6.388,2224.2635640115705,1673.5983639616202,2084.7672166478555
6.388,2078.10843090106,1607.8690101992192,2055.8827022051137
6.409,1987.0842868528434,1720.4285960007264,2098.8262849422963
6.409,2174.8203485513104,1776.676128968188,2035.6588882380597
6.409,2066.228412294296,1753.0694510978112,2046.1817993392644
6.409,1998.4672617304964,1650.767654360602,1958.6477563371948
6.43,2169.272362693342,1783.2643733678328,2221.28198698237
6.43,2050.000301654795,1633.4214858903986,2092.396489424483
6.472,2060.2169703461027,1561.159767945322,1978.3549046496903
6.472,2117.356894739688,1708.7070310213905,2074.3192275066112
6.472,2092.646783830521,1689.4234278078866,1932.1507189148713
6.472,2086.700837861525,1715.4644406319944,2029.2792083984687
6.493,2001.6515507014853,1657.857466938488,2064.0581430672105
6.493,2052.257025294523,1644.4970153240752,2121.549406679619
6.513,2022.278921560518,1690.1075042892837,2115.5919873690223
6.513,2165.340764211934,1640.635524603589,2038.4029996677436
6.534,2205.946192571804,1636.5130549019402,2111.954486314157
6.534,2059.7036246912603,1734.414789108178,2026.3017524455277
6.555,2008.8589283011536,1723.1043177951028,2094.820681676702
6.555,1994.364995146435,1604.0108458904067,2096.0882544031497
6.577,2021.9494561075676,1711.9705673317944,2040.7556549934375
6.577,2139.659068485623,1605.5357175439142,2195.940231352569
6.578,2018.1794280086915,1673.8333909302742,2191.4865465209878
6.578,2155.277786676333,1588.9009113917732,2133.2648197962644
6.597,2040.1713701246558,1749.3536949496433,2143.8231198066933
6.597,2213.077219632142,1545.8459574147519,2085.8774598984946
6.617,2077.431610773075,1706.4712293666928,2040.3707371636947
6.617,2233.3389573120867,1688.9198488726224,2039.3365076080333
6.637,2064.6834064716872,1661.899400030241,2230.900351605418
6.638,1987.5625855626567,1632.5367806950435,2225.750629791842
6.659,2287.8972211081236,1682.08218919327,2118.300954432981
6.659,1935.5880483244155,1718.392173526976,2202.4615244979277
6.679,2224.69290297679,1684.2166897036655,2174.6176906607398
6.679,2078.187923808836,1640.1381072966844,2229.572206374
6.702,1961.399896106034,1625.223792747754,2091.358697993807
6.702,2045.825898011788,1725.404710100055,2175.5413749487575
6.72,2021.020533454954,1755.8010662649863,2204.9282310988133
6.72,2107.472792809033,1576.365810131364,2068.609714152183
6.741,2075.4584083991344,1669.0145095607868,2126.037281520816
6.741,2137.4241615801943,1762.4328314375198,2124.027708794558
6.741,2041.2615861037887,1628.5687748908208,2040.2547211852998
6.741,2067.7462733387893,1655.0623163222563,2035.2646378955897
6.764,2090.151758488711,1685.8354033626415,2083.6863747912244
6.764,2192.137018664504,1621.3858716637149,2107.856580995416
6.782,1992.60139871037,1657.4884080568315,2013.5316149424993
6.783,2238.5340237446835,1741.3650127904518,2061.507781215183
6.804,2143.4894661267062,1665.8836990844895,2229.6637643464005
6.804,1926.6479198695652,1725.4777664120472,2141.2173299429114
6.826,2014.1265740008307,1685.0850450328842,2214.850651776136
6.826,2085.590112406249,1643.2924038541594,2101.6573834220967
6.846,2026.9249516542575,1613.52753435892,2107.251828204241
6.846,2158.012412320286,1661.5592687876945,2064.933417026231
6.866,2047.536515073787,1796.8527429766432,2146.5540627248383
6.866,2016.0380295393834,1691.9515454766602,2060.740750287435
6.887,2043.2417264360004,1611.4172980109931,2129.1127904415525
6.887,2160.2970288082474,1565.9687900338786,2088.5429906731315
6.907,2161.6704349274555,1547.4996624950556,2044.8503110917015
6.907,2025.5240032223032,1810.3953733648489,1988.7747693906451
6.907,2066.9470038877093,1664.7914500408167,2076.6870378652657
6.908,2163.561688344195,1618.1340800995363,2079.238546716015
6.928,2037.3469184852424,1706.2632312132837,2110.4054139803375
6.928,1892.9794369590313,1719.2486669948044,1952.1017175664015
6.948,2209.454732192298,1625.739216933907,1958.9254491288677
6.948,2161.9053920737333,1570.731931968508,2117.427315104064
6.968,2057.0988673879274,1514.62809360933,2259.208149483273
6.968,2063.661632623948,1727.7957317192543,2064.7594829147683
6.992,2117.960128528958,1592.8234158765054,2118.3396978235546
6.992,1998.755693969009,1712.2537659864645,1988.0565838299337
7.033,2200.9954260732957,1747.86852076089,1953.0135246808038
7.033,2264.4325394297707,1756.0134405780789,2190.5987461586506
7.033,2070.7596269783958,1637.7370636662502,2065.096768489034
7.033,2134.762466587656,1561.3327703855152,2070.4486225294395
7.054,2251.889084974257,1706.1066021614624,2082.820229530242
7.054,2112.434264320846,1723.2549359646546,1906.4320580458393
7.077,2120.2211859199556,1609.691874787009,2196.910723660253
7.077,2054.280164504536,1629.8627255773831,2018.6839360291342
7.077,2058.8603271866746,1729.3497361885072,2094.983069716418
7.077,2068.306548352549,1684.0752035819496,2031.1651475078545
7.097,1974.2168634473708,1781.899425710127,2190.500694061878
7.097,2032.4778011441904,1761.010267400997,2074.9315731965025
7.117,2138.6824168408184,1796.3246832428472,2023.4023666171656
7.117,2027.1353112497634,1689.8070014226944,1924.1546400697978
7.137,2168.255281751427,1721.39647438533,2175.631683006815
7.138,2242.1202192568435,1802.3885694519395,2142.7985305362376
7.159,1972.136805357967,1643.6689755447183,1977.3732383877698
7.159,2173.7894716256596,1680.4985608561556,2122.155481758807
7.179,2169.5122320103023,1515.5602823830138,2073.9573921600404
7.179,1987.045809957301,1750.6205189577431,2151.990724699054
7.201,1932.6248406381897,1616.9157160417928,2072.0458069912406
7.201,2025.1459191820234,1760.910149897857,1985.3735208492114
7.223,2279.0175280782487,1592.8889109929803,2068.1455891034493
7.223,2074.1070247241264,1710.5939241692013,2146.589812577182
7.243,2043.2607469698564,1660.477532864197,1899.8190451430844
7.243,2195.7342966807987,1577.6321093146453,2132.8433558360957
7.243,2182.7835833690588,1688.5995400949027,2045.5464784208684
7.243,2060.1700710533064,1725.8875740156368,2033.2885843581944
7.264,1948.1011974555654,1677.2501160645397,2251.1715970973983
7.264,2058.802786886812,1781.2489915425838,2275.071941889935
7.285,2135.017262647342,1693.986355698947,2148.372728373571
7.285,2269.685172210247,1623.1364645715357,2125.9357263952797
7.306,2089.3874066606018,1674.5285347780837,2159.9990237091642
7.306,2047.6483379311042,1707.3911731690014,2188.6116704524243
7.322,2102.511039444115,1510.563330050802,1954.8792706397755
7.323,2186.2312343361846,1741.0281997386428,2091.0889193168014
7.344,2248.91631517007,1674.1361414364262,1958.7432048508642
7.344,2145.509094079885,1722.6123395016823,2155.788097386652
7.364,2058.5887783749636,1755.3063127540988,2134.3234733431846
7.364,2000.090423695179,1756.0887767241713,2126.3188946502
7.386,2132.380105927445,1661.890536306009,2092.5565672815246
7.386,1991.2874730935844,1587.3893001682247,2008.2154654141689
7.406,2135.888267052075,1578.7558590263825,2002.7236079051988
7.406,2079.5780211204196,1679.5417291962563,2175.5483243723415
7.407,2048.0705162270833,1636.5071180391396,2192.028696007162
7.407,2067.68060032531,1603.8736869794811,2031.3750676792883
7.428,2222.400261622842,1733.4160147779346,2056.2050541001076
7.428,2126.5820915222557,1680.7473117052018,2086.19324589114
7.449,2085.576853269761,1765.5095981588054,2107.960860965681
7.449,2075.0087397458838,1534.279415127671,1984.92520379695
7.468,2071.0714378932653,1596.8841678566953,2031.9695901657728
7.468,2129.120832087214,1549.2139589192675,1903.039022396813
7.489,1912.484736938713,1613.672030719189,2152.6919555484415
7.489,2065.0927012000047,1542.0895135961182,2070.1524963622273
7.509,2155.23436379614,1851.9331220212605,2047.5395510347043
7.509,2094.5489664356624,1718.5300554264188,1950.219673643072
7.53,2145.972360299241,1765.816429599139,2008.6216076893268
7.53,2067.3885487987436,1648.4395857698903,2204.4789483964987
7.552,1911.9039790198167,1678.8555310169945,2058.205743168589
7.552,2087.416593588389,1751.4779600689126,2227.120071449705
7.573,2108.34216388307,1724.0462538304178,2142.8665259359414
7.573,2021.0335431097353,1685.9296200028134,1993.684018130635
7.573,2095.9119786060246,1659.0596335361427,2002.4760146416618
7.573,2000.7939011997892,1534.7192897091109,2114.8133781343176
7.595,2047.6715766591135,1592.0763840093514,2278.0011495370513
7.595,2171.635974238903,1633.7229549459998,2067.812865543656
7.615,2152.250173014075,1719.592615477972,2031.0697982038546
7.615,1883.8415478067704,1647.9499416147353,2017.9083192617875
7.637,2017.7099279352935,1581.9363356073543,2127.8028728738486
7.637,2279.0931836213445,1730.2127749436536,2127.1201247714853
7.658,2181.9847610483876,1573.1544187259756,2111.6859409772546
7.658,2066.659909510377,1689.1531582786404,2209.827933974684
7.678,1985.849350773908,1529.1830418134173,1966.986251363479
7.678,2132.1778599458275,1738.9922315016652,1831.0932275069076
7.701,2119.8486278041587,1789.482892168941,2121.721456210255
7.701,2061.7537887236936,1712.9667984592672,1991.7146871977368
7.722,1995.3174792343802,1586.1197154240956,2350.7859986350113
7.722,2059.9614992417223,1598.6265082537127,2092.982180215301
7.743,2084.696032105178,1589.9497220682065,1940.2798109982343
7.743,1988.0621428913853,1634.210445848286,2059.313108990289
7.762,2255.5533992838114,1582.1221006128874,2017.7287520069826
7.762,2083.251421111988,1749.593134207348,2049.13866366789
7.783,2217.2049627607425,1633.390653169086,2088.6424806069044
7.783,2183.198423579273,1578.597408033047,1959.6485457019623
7.783,2068.134449682702,1614.8185281253539,2135.4546565505852
7.783,1960.1088419859384,1659.0070728600554,2254.588650614765
7.805,2047.863593926289,1601.5269191140478,2145.007575886329
7.805,2122.516415889625,1665.0765585004378,2067.1581160252863
7.824,2239.461497799731,1665.8377411181377,2115.4686237336396
7.824,2175.7167919615,1643.98036869671,1958.3209618550354
7.844,2187.536681120531,1699.8240362863405,2106.3513487851656
7.844,2190.101791698408,1604.631276785775,2005.0242990532274
7.886,2139.6276136779743,1697.716884430756,2201.268937577114
7.886,2088.0317898783396,1729.5167203888982,2248.18913283707
7.886,2045.294146820012,1604.836804022497,2163.0721616349347
7.886,2118.14308080019,1731.11469811091,2274.8437625329257
7.906,2009.6392311865325,1854.1230609862453,2134.0387292563287
7.906,2113.3510316773277,1639.5461130935676,1991.570834425939
7.906,2132.75064961405,1847.8048923458566,2211.0246032461946
7.906,2045.5666103059134,1694.671730700983,2194.8776403617608
7.927,2165.935650399878,1703.0925193274145,2187.537257906016
7.927,2147.1623645484515,1664.5441715911452,2067.111559234218
7.948,2120.0829412575627,1751.0988722698596,2147.521561392779
7.948,2121.550174430879,1622.124053053197,2152.421884711999
7.968,2157.9777838083974,1699.7299670700877,2158.3079060099844
7.968,2180.344360072593,1524.1997703723493,2031.9637469753627
7.99,2300.7992152895404,1640.5167402843065,1988.4941621554801
7.99,1911.5462788138313,1698.8671452204946,2070.6913711010375
8.011,2104.9409116577044,1643.2714428012214,2248.247083982603
8.012,2209.1000791755805,1822.5638851522706,2035.9350394634043
8.033,2184.490128742066,1725.8864584741095,2078.5227912810947
8.033,2044.214752789776,1754.4632877852891,2066.244863139974
8.054,2186.12029566032,1740.5369484873424,2160.472748990279
8.054,2030.0788634183937,1753.7005955621778,2127.6181496205786
8.075,2105.696642340381,1663.7063201669926,2170.3434473179846
8.075,2067.086423755857,1649.0439417327023,1987.643798776934
8.075,2105.204391968283,1685.196905459272,2118.7066593522823
8.076,2006.2149301903141,1651.0161330064282,2035.241976701668
8.096,2044.8855379021,1622.3663499332224,2102.3716817505456
8.096,2209.145067958461,1604.2947149000486,2059.250475860686
8.116,2055.8386563524246,1683.371232156403,2104.0510354239914
8.116,2133.4851571235677,1612.7165568443118,2149.4666856809336
8.138,2323.3992164047895,1724.411408551823,1996.6278879158035
8.138,2163.73898876268,1622.2908629995588,2072.23495605021
8.179,2279.344479971997,1731.274461567227,2129.954863923212
8.179,2092.856980082739,1633.288829922848,2130.2217187910346
8.179,2005.9562290124616,1595.9728483974272,2033.007732622737
8.179,2009.1931373550988,1766.9457790923946,1948.5941542769242
8.198,2070.8267224984857,1650.511374556168,1983.2263768607356
8.198,2226.6595958287517,1577.2702434222122,1875.1434319187567
8.219,2098.699017213622,1637.6893707161692,2052.924016689793
8.219,1988.4731614464047,1623.458167353358,2137.2849476584497
8.24,1965.257541119115,1686.6902519124696,2240.1166600134134
8.241,2019.6775596117677,1676.5102005512724,2139.3746314675104
8.241,2032.5231121154854,1629.9218508557767,2103.205876865233
8.241,2046.2253361234987,1593.9168762373995,2156.2447940839725
8.261,2055.0724658004833,1793.583090137861,2333.308989829826
8.261,2013.0378276190543,1578.74866994698,2184.7337019380275
8.28,2189.651491798392,1702.8279767556282,2117.7561012156048
8.28,2170.6806927400585,1792.96599577535,2168.4376370245086
8.301,2101.2366143866648,1632.2134675846823,2125.537192496457
8.301,2003.4974157846727,1837.5541305473605,2176.753326552915
8.321,1984.892530910732,1698.7657700141178,1907.5316773574327
8.321,2305.0692257265796,1627.4062428106622,2052.596709154944
8.343,1986.841011901763,1699.948978971062,2059.7635803164835
8.344,2061.2528289511647,1861.4998098658943,2003.5777274375391
8.362,1956.7820142905425,1728.569923614261,1877.7572117234836
8.362,2175.122612951123,1568.5953690115293,2028.4767866767424
8.382,1977.86335873953,1697.9794907329176,2089.397719408117
8.382,2210.6071014015183,1588.086290524152,2110.408759061471
8.405,2064.4968514353986,1646.2772450863276,2095.4527365000404
8.405,2082.8335950970013,1798.2116678620998,2173.384308128298
8.405,2054.114957819654,1537.7813068907692,2070.3414448112135
8.405,2131.9181069403458,1658.5092929746115,1981.2552448304043
8.425,2104.695743876649,1750.848119000965,1938.1822974499566
8.425,2193.210109961962,1679.494676812322,2070.19328383544
8.446,2219.122587869921,1757.0113607717558,2130.5494941147035
8.446,2050.412738915856,1831.7687478917012,2031.9164791216845
8.468,1901.6999986608935,1596.256682562102,2082.4146717265858
8.468,2052.466245728596,1626.643833383604,2049.968647664622
8.489,2108.0308481832167,1812.4813131131323,1984.6513458630961
8.49,2149.4765705201107,1527.4572447657076,2083.619582772782
8.511,2023.3899661840433,1715.1171104281957,2151.085047772279
8.512,1970.7872596680563,1629.8258215401029,1945.0703541201567
8.533,2119.4317827804725,1619.1650990884152,2089.328371607068
8.533,2155.788556405365,1615.0289289485613,2054.311318951686
8.552,2149.1780171637274,1638.2859238820984,2087.2593133581736
8.552,2184.3408790792287,1635.4890641316688,1875.026322064734
8.573,2140.206244758353,1569.9924644544187,1987.5347275366505
8.573,2007.4391095013655,1598.6275451656984,2104.007984967726
8.573,2170.03878263279,1680.3101383859646,2041.4507719140925
8.573,2000.4178960386696,1755.968265081392,2174.8246544060426
8.592,1953.0111104152534,1466.3993249158775,2034.755176767486
8.592,2195.833015200212,1675.2673209406364,2262.965038226683
8.613,2145.1446276971233,1566.1811223238292,1929.393340389359
8.613,2168.153390073652,1679.2830969124777,1992.774636930772
8.637,2183.443638105989,1852.8212558624605,2044.3708956886437
8.637,2053.2730181922275,1754.0925641934869,2026.953391385232
8.658,1965.8824330514283,1698.3109560783303,2200.146022612106
8.658,2091.692782869861,1624.5501331862254,2220.3342579377336
8.679,2089.4303322115666,1627.655880738906,1883.1321712313072
8.679,2144.238999927268,1667.5769439158803,1969.6849071931895
8.701,2241.4247245992087,1651.6449930362928,1990.4124108970473
8.701,1939.5121760006962,1625.4416720960721,2198.6927704339973
8.723,2103.1974717016224,1691.58836010888,2174.2853500672804
8.723,2085.49397506394,1732.3104550682938,2071.7098268767245
8.743,2101.7729507570602,1748.1583370451372,1928.3139143969443
8.743,2226.4089312858814,1620.5317724867377,2071.9195195409234
8.743,1963.5789288618198,1636.6206566324756,2204.729619004789
8.743,2167.009643606088,1653.4292249936598,1988.7541060524761
8.764,2078.6446901047925,1636.5699299899807,2201.310062359733
8.764,2162.887906715974,1636.1901135056585,2033.9105966041166
8.785,1985.058948900856,1652.6432168242509,1900.3975212257176
8.785,2290.180378710169,1760.2904334469279,1992.0377442597508
8.806,2129.6596583102955,1769.7693800470302,1994.609101190773
8.806,2164.777757631582,1591.5155233019266,2053.186308273531
8.826,2294.3772830741773,1604.1422412874454,2020.1153372774177
8.826,2164.2122896997807,1673.200278790769,2078.8896752600094
8.847,2141.697578294174,1785.1963258559304,2094.4151174639455
8.847,1911.4827672293504,1769.2734478555094,2148.099724122844
8.867,1994.471675720181,1622.3986201175007,2038.69078297609
8.867,2150.2151066851197,1625.4122438529787,2086.8237255643458
8.889,2039.4240739005484,1585.318773407366,2111.0536474400647
8.889,1986.9875688487407,1741.29635030396,2010.1886071983554
8.908,2199.1623188856574,1669.9618774545027,2179.6947326050577
8.908,2147.3053787352474,1635.1549909392545,1985.224402944699
8.928,2136.656142150102,1647.2430330684094,2019.4401553444447
8.928,2129.066852199847,1493.4094547670695,2271.016586731384
8.928,2265.765904601302,1836.2798000445669,2147.662152720707
8.928,2116.486028667079,1697.2502494993655,2125.605456059126
8.95,2011.8286030538538,1684.0742903041955,2071.7844795182373
8.95,2316.481917857229,1635.0923600458668,2041.8660340703236
8.969,2104.9403934161282,1695.8719561652779,2102.863257265509
8.969,2002.0462656125505,1644.4352523765442,2023.0318864802346
8.991,2022.7283669466433,1542.7779476871603,2170.0002295134655
8.991,2120.0717570427782,1677.5380580864494,2205.1709472876437
9.012,2197.676830354533,1788.4728031315406,2039.0364122811975
9.012,1956.8216910087342,1719.3444025496156,2104.1394868770535
9.032,2057.253581030296,1669.7218554985866,2237.905857798696
9.032,2100.275915061239,1620.3214650484801,2161.72642589763
9.053,2046.0525617754374,1613.1182801842433,2183.8853934582594
9.053,1987.5421643470934,1698.504523380935,2084.940055000323
9.074,2183.6501405748018,1649.839471630789,2223.884008911876
9.074,2085.3603444903797,1705.6504022644435,2086.156005354863
9.074,1948.4683206854038,1706.2900234158942,2054.579287157975
9.074,2175.774042254174,1599.7005246291794,2026.8152071428094
9.096,2010.5249856158962,1579.8824344397449,2125.064823556305
9.096,2096.3302046792855,1729.9852491101879,2195.0726355635734
9.118,2012.514916303403,1734.1251501515023,2030.1131961457436
9.118,2081.9715625558374,1669.7221268549124,2163.7086247626075
9.138,2031.4785402693005,1615.1373368622317,2130.90266940204
9.138,2028.4350349307504,1738.655796200163,2178.430817339006
9.159,1988.3282719971533,1655.687547854906,2052.569237244567
9.159,1992.9490443417108,1705.706674586297,2005.552708230089
9.18,1957.0880786572725,1805.7075896374045,2050.5721230665436
9.18,2188.9793430111213,1672.4339552151457,2022.9072714051176
9.201,2056.088136353466,1821.933248282593,1993.285885871049
9.201,1952.6471703435202,1504.7673949833545,2174.7949566302855
9.221,2138.5121144266514,1728.0530020557694,2000.4039485388048
9.221,2236.8366728550654,1770.475151666779,2122.978310545834
9.245,2243.073920629786,1701.8008393366983,1934.0639777387557
9.245,2084.3394558563346,1738.829959858391,2114.0134398794225
9.245,1985.5294065318642,1703.3084240643025,2126.234109613785
9.245,2052.572298496996,1536.3444128978588,2037.0026740905207
9.263,2070.2965959200837,1570.9849322410007,2049.1300661973723
9.263,2134.0431434167954,1708.3610286660376,2040.4353314190412
9.285,2148.0153832742003,1600.6114779909433,2247.7632857766685
9.285,1907.833686786063,1714.3487119698173,2096.3631578431205
9.305,2024.432878111574,1623.1183976404916,1832.6509404655478
9.305,2228.7965162696687,1602.6603911084974,2098.9628206218863
9.325,2170.1991659895166,1600.9300557704466,2015.1852726285535
9.325,1965.5659640757392,1753.028483041079,2156.813873911508
9.346,2055.4755275152015,1674.7494989909492,2204.564395468891
9.346,2029.9011520277,1660.0272426737297,2048.453051157905
9.366,2035.183927115694,1788.3294323039893,2082.7918551312287
9.366,2081.2215894627843,1739.045872630479,1922.9393635364354
9.388,2207.5344837697753,1716.427474853298,2000.3121162914986
9.388,2121.9051673774643,1541.7070268868838,2133.9945611440908
9.408,2072.7500155359553,1678.634485490033,2131.9766434793532
9.408,1997.1091208444716,1609.4931895233526,2169.603963911023
9.408,2101.7744744903744,1630.1321834160765,2217.8909799273865
9.408,2045.2757410531324,1651.2183849439662,2169.810977497566
9.429,2047.5757663591482,1720.9977423116145,1881.5234870339743
9.429,2186.069030431459,1639.6256006696542,2104.6330018944354
9.45,2148.1122997149246,1680.5264035101113,2087.087746322857
9.45,2066.6300218371916,1681.8534403669175,2038.693684190762
9.47,1986.440612045781,1748.7385905805943,2135.0772032407986
9.47,2156.3387306494596,1720.6703125644526,2082.918925314901
9.491,2263.996604134828,1661.2847788289528,2099.1779074254914
9.491,2049.9602704011245,1695.5930896250557,2225.740615037692
9.512,2138.145345494463,1681.4168606885587,2108.3489581578947
9.512,2212.8153719067454,1596.8602006473448,2173.217811482549
9.532,2067.846144090302,1759.6618270390934,2098.1457462638064
9.532,1983.2648318565634,1698.8001673992135,2125.243263227772
9.552,2174.7838926036293,1708.8028122113808,2122.31415584174
9.552,2219.2443373561314,1509.4247373102783,2248.516096345373
9.573,2016.7603765326987,1771.5706332468337,2156.625776057549
9.573,2208.7379635897696,1697.9534825350138,1909.6307800948532
9.573,2190.342484850258,1794.1023899681913,2120.9892262085914
9.574,2158.4611742387456,1654.3765600256977,2040.1424802312222
9.593,1972.3330079000966,1534.016236473263,2190.6490242035957
9.593,2132.7204032903364,1709.2293993817325,2027.6747681240415
9.616,1982.3865992904693,1747.9445842002574,2011.7330489322208
9.616,1984.4467174626068,1668.4888216108561,2170.330023107692
9.635,1921.5488519062378,1617.0771358520008,1858.5514321222663
9.635,2132.9985261351576,1608.3651780344312,1977.1201517514673
9.656,2069.3631880044,1733.0366399981685,2074.332067415912
9.656,2209.0900196637176,1760.8071830498418,2058.918025113243
9.677,2041.2767847192024,1709.867028680338,2050.071145534995
9.678,2149.877958351875,1623.7816461615953,2056.624741173809
9.697,2079.4751216425443,1683.0280207220676,2175.2385932431043
9.697,2125.9302764532745,1576.8246629637865,2196.2075593674367
9.719,2180.560997895374,1650.274607278926,2173.8772558657347
9.719,2121.128284390571,1699.7099075522765,1981.56762316273
9.74,2108.7199468053377,1600.065889285062,2093.1401956055915
9.74,2071.9833932617303,1559.643029492991,2077.962499093663
9.74,2236.264478671746,1609.2942915561953,1936.6031468349038
9.74,2163.80273577033,1739.689862341998,2070.3231833431228
9.781,2174.3801206636376,1639.6072412038245,2150.368175117436
9.781,2043.7244313394624,1679.0627371733042,2046.404898345766
9.781,2145.0176432682247,1710.1082417698894,2107.1401045967723
9.781,2084.5106187306333,1745.7497201454134,1970.6863401842054
9.801,2078.273962890234,1721.1124853914523,2045.5978339078888
9.801,2035.6631290607875,1618.0304707710068,2059.548536144617
9.822,1951.3104476078147,1671.8617409196083,1966.7662173997705
9.822,1988.076547282471,1763.9128888518399,2033.9603583382557
9.843,2124.6134393330594,1541.9935988730356,2116.433223261688
9.843,2128.4378366661053,1669.7340001054033,2077.2581059092117
9.865,1921.1107549766934,1656.4636582898536,2268.5706314672466
9.865,1990.5416352517368,1661.2379586528077,2131.3898605792792
9.885,1980.8294370737542,1706.371999504146,1963.7273305448584
9.885,2121.1916957440453,1683.2256350742168,2088.978275354385
9.907,1910.052133738217,1500.4235272682627,2103.4327348453007
9.908,2098.4857579355457,1762.136491005153,2002.3255130465327
9.908,2067.3609167520003,1589.258043637641,1991.0626860875511
9.908,2037.121661903117,1709.4015868435897,1919.78992341149
9.926,1941.8451718242886,1835.7109122554054,1893.7123649789662
9.926,2034.702262638331,1813.0628735732912,2007.4259327338038
9.949,2224.9111060347986,1814.043091196412,2035.2360556148872
9.949,2014.5922340019886,1672.5824097402083,1994.065325540871
9.972,2116.08266727206,1685.6236434973714,2138.3359646484105
9.972,2329.2951749284425,1538.880771031398,2116.4500337091013
9.991,1965.7649065005469,1691.402025062236,1961.652739491885
9.991,2249.6871836390505,1674.7048357081733,2230.958593339398
10.012,2061.4141262858097,1742.8212299542768,2030.931450491731
10.012,2049.3426118142,1785.6496821799592,1988.560237493207
10.034,1926.3773984148909,1676.1704372649554,2055.99898665449
10.034,2117.190865894896,1772.9387803228424,2112.4205262981386
10.056,2052.349828763598,1725.3606599834309,2023.8096883876788
10.056,2230.190262428744,1786.4805524298702,2146.3499489667024
10.077,2090.095818058611,1718.4093589065417,1971.2618699383809
10.077,1995.0634081568633,1780.819699190353,2092.057882923953
10.097,2058.6823720636007,1908.488362368032,2025.7885504390713
10.097,1992.102580147481,1706.24178766582,2008.225302411891
10.099,2037.4503792823607,1804.618515370857,2040.7378051071837
10.099,2095.252968894013,1767.2363532616941,2173.169961329496
10.118,2022.8393814056228,1679.59898780484,2007.9078562442849
10.118,2241.5410650855306,1610.3047198692798,2266.9514071638923
10.139,2081.341699752759,1688.5418390244824,1981.904725614064
10.139,2123.916075815821,1737.1248995491305,2063.95384542574
10.16,2132.132917447214,1693.1469708224108,2043.12254857994
10.16,2127.3241949296767,1628.3638987403679,2073.595044430265
10.18,2200.7598820975472,1794.212774990548,2078.064196714611
10.18,2055.5598324214434,1684.3954757585482,2051.441882526519
10.201,2028.826896064986,1660.3238615615553,1951.0233622236278
10.201,1999.5979969142709,1573.2666296652778,1972.0732774549856
10.222,2198.616226781286,1792.0114017848493,2112.2695222175425
10.223,2194.3145808294285,1729.746035503783,1977.100791065161
10.243,2030.7978161733595,1723.16064662386,2018.4597013338803
10.243,1977.8614774786154,1738.4344734342333,2089.961215976314
10.243,2072.0938350077945,1691.8529663157456,2062.555289334426
10.244,2034.0268616146805,1737.0463152723512,2140.636755096333
10.263,2245.315571352286,1701.2247699314598,1961.564854371025
10.263,2228.8975378864347,1736.3855562333733,2148.2331752471982
10.288,2131.208271723807,1749.6771335561948,2190.282080581013
10.288,2218.7419180057836,1740.8276934900466,2046.1892409751201
10.307,1959.032776023641,1760.727465136487,2183.4574728611756
10.307,2132.133984146711,1701.4612531680875,1962.0780075745188
10.328,2030.4632851736599,1764.3346015519146,1991.211507971719
10.328,2016.5055656991801,1732.9446006585051,2051.570954392906
10.349,2042.7779026268554,1877.154029637964,2132.3844162432747
10.35,2050.940620333677,1688.026262964034,1890.5778164730084
10.37,2089.4063999355353,1696.7449752306336,2062.661519956753
10.37,2206.5631211657264,1831.478828549771,2094.9981489661654
10.391,2023.2844834552652,1588.1890980512303,2068.9930183041197
10.391,2020.314464113956,1662.3322116985273,2048.3274048355293
10.414,2080.525537497107,1740.1228175522392,2068.455263041794
10.414,2101.618805672105,1711.2687267555891,2108.9174282092777
10.415,2317.891016251851,1816.571827567682,1994.5998133172081
10.415,2162.68998239858,1839.7392641969275,2029.9999144001574
10.434,2165.0617639350226,1743.2553638792622,2087.9954028403386
10.434,2178.529373288786,1610.9369172511115,2116.4789735781274
10.454,2195.8349083226612,1731.4855768252278,2190.5600604662495
10.454,1903.7196096154887,1589.3906367074953,1985.2825616483062
10.475,2032.5863778774278,1601.4135187474924,2179.62544580072
10.475,2118.2480606686536,1694.4516817278839,2098.2657687883047
10.496,2076.66184409704,1669.7161003067704,1986.8154233702626
10.496,1979.7940643164698,1798.855307158109,1991.5550552912891
10.516,2115.1200243595877,1804.5294514250597,2102.532539528669
10.516,1996.5794193222425,1744.7626296886551,2204.321164730723
10.537,2251.6366527013765,1686.7825730866816,2131.7014680654165
10.537,2064.498982066899,1799.1746697618426,2079.7706196978047
10.56,2114.984374785072,1686.71276649923,2133.7062013286527
10.56,1935.9639909653138,1647.7416701927061,2061.8674725206088
10.58,2202.541968158297,1662.2222489100668,2100.1116804945077
10.58,2136.3919658207105,1677.4746115032326,1994.961504311504
10.58,2249.9206747924713,1731.5083056233482,1965.1442361565214
10.581,1995.1496698996075,1603.3894513681687,2020.9006045333822
10.601,2019.1138201201152,1680.8276956585735,1938.2217010730703
10.601,2049.2520465179787,1515.5041486479902,2013.0773612875623
10.621,1902.3309714643224,1640.028184529271,2078.7199404954936
10.621,2001.3323494632596,1727.4054343353941,2181.565670681243
10.643,2021.3084992241427,1644.0405973294842,2004.6701481871705
10.643,2072.199469992747,1781.8773833013975,2032.6715148505107
10.663,2115.7244661638683,1820.375433326402,2150.5499428907065
10.663,2155.116152274316,1654.6237484680782,1924.5212352567214
10.683,2087.223416043869,1654.3914080654597,2000.8785756018008
10.683,2010.373646041173,1719.9993858740722,2099.124289510489
10.706,2038.4699944428348,1641.2377209710166,2071.012233297178
10.706,2210.4608626078098,1663.9005894035356,2024.8577243286668
10.726,1867.7978629110191,1720.9228728751991,2046.7397132641204
10.726,2059.8274795997054,1760.4119935615463,2021.9894986885251
10.747,2071.620523020919,1806.3699154813573,1869.9191901049326
10.747,2157.7260982657203,1688.9444763718097,2066.0865327150377
10.748,2273.4015135909162,1660.7219280627505,2069.8891724840378
10.748,2148.169255152625,1760.282529108962,2211.920770428509
10.769,2163.9895979165804,1740.2865341140746,2220.5595834173896
10.769,2112.0684798938746,1694.3004270845086,2072.5684431310638
10.789,2280.6007951128126,1608.1752135303386,2103.308917640238
10.789,1997.5083890315918,1690.619961085457,2142.3549574456197
10.81,2258.014291711388,1645.6206238821896,1970.2423244499869
10.81,2188.2198584480248,1659.5324738791528,2013.1457855690455
10.831,1977.658430708594,1512.9565320497454,2047.7555600133273
10.832,2113.1236094124156,1680.5806613574894,2138.437047208145
10.853,2117.360484793593,1782.6219832138765,2026.6836159533195
10.853,2268.742059094395,1713.4309598837249,2054.6972274079403
10.875,2148.020817038678,1619.306033295796,2052.379782911184
10.875,1914.6741022735087,1845.7410420141514,2092.608796434492
10.895,2010.3764672642237,1747.5618037510828,2206.46032057531
10.895,2241.765219186648,1753.6559474359801,1864.9297366314581
10.915,2101.150795382225,1791.0998507412976,2091.343921436361
10.915,1975.9239771048203,1718.9058452887568,1995.305531148621
10.915,2044.6474349586217,1610.4239376066525,2067.0155446664885
10.916,2233.6669844714283,1828.7353988082125,1988.665021508483
10.936,2097.150895233221,1799.5100141689795,2055.295454655292
10.936,2001.6318259065138,1684.0378924215722,2162.1847331352237
10.956,2108.965995928496,1763.514620830453,2132.0840371776444
10.956,2032.604771102147,1707.1208550146564,2044.7209099052764
10.977,2081.9589104966685,1621.2154754915991,2077.0144835834467
10.977,2072.0456584633794,1728.1415952236314,1879.8709344136448
10.998,1985.2544926533906,1527.3671236406258,2053.435562246749
10.999,2118.327662283834,1718.6999113743009,1964.8705697404064
11.018,2207.3432996694128,1822.2144723873391,2191.533612114624
11.018,2098.7263330620613,1666.7040986677478,1926.93917079475
11.04,2182.3243458514535,1704.8266260089076,2056.227683007803
11.04,2294.0880670239794,1774.8429735815016,1989.2504212642261
11.06,2183.0176971721953,1731.8678856654406,2141.4135558933363
11.06,2044.5064992750788,1678.6775838696335,1949.1668819604095
11.082,2180.256231078531,1522.2254196311274,2286.800637918768
11.082,2036.8603337386578,1745.8464175820825,2033.387412989677
11.082,2147.877596968589,1631.2209292820721,2079.781225372533
11.082,2051.7194626147702,1633.8317649667454,2062.6612060767307
11.103,2039.51410293611,1638.5657941810832,2130.033602848966
11.103,2134.7867988040002,1678.4802678647807,1946.4402274944605
11.123,2036.377287472058,1617.6913132731695,2048.062826148147
11.124,2092.9029958970254,1768.3310019365783,2028.0098294376628
11.146,2065.5394626924176,1640.7794526726166,1906.9997742189341
11.146,2192.7162864913325,1754.0604938495562,2122.3732876459376
11.167,2074.3029192769914,1633.788536958714,2268.1385262753715
11.167,2058.551123998717,1795.130615435893,2103.774269462501
11.188,2166.4898886984784,1707.7079518263574,2096.4225251630382
11.188,2077.0234825124653,1767.5135148834102,2103.250719548054
11.21,2150.77079650205,1760.7707370709168,2156.450400495564
11.21,2085.007527669411,1821.5399226987913,1976.051612655557
11.233,2133.78934210067,1798.0216427880703,1942.4863870951326
11.233,2043.5679427974999,1676.8569870356764,2060.763925246562
11.253,2162.85183918541,1804.1460556711156,1968.1638958276137
11.253,1927.5931423535826,1700.8330064774277,2002.489147377942
11.254,1954.7614936361574,1726.6287319782682,2106.9895775342866
11.254,2090.854788769366,1761.1759793120375,1907.7682247208957
11.275,2130.8516816984366,1709.9663092564522,2093.072889163055
11.275,2032.7187186304084,1556.8838778819365,2056.112700266219
11.296,1971.9409633301634,1793.399019965169,2044.3124741545457
11.296,2050.5632551401927,1719.8397322937521,1994.4969138037393
11.318,2077.7307694165092,1783.5152588647434,2172.830176696892
11.318,2097.1043969198786,1768.3227907210724,2047.570189735166
11.338,2138.4363281987844,1736.7419456841694,2019.4616123618873
11.338,2119.295645966794,1571.1260855360952,2010.7262585652004
11.36,2218.4155235792205,1742.0760769469348,2165.237437291121
11.36,2207.7775053596506,1678.5353174705824,1917.8598874361624
11.382,2080.7226970286383,1677.8389141295763,2248.8874274039144
11.382,2066.797577004173,1613.0884246768026,2080.177031781409
11.401,2163.351842700469,1780.5443920154314,2068.1832899336796
11.401,2149.5336325825333,1651.3667698500306,2100.036372035523
11.422,1961.1494894766238,1724.3619499573304,2009.5394441446117
11.422,2074.540029850068,1663.3810280419223,2117.119179120342
11.422,2157.8086712508793,1693.8650580132576,2181.562108136061
11.422,2053.80806484333,1659.4012711902317,1947.8930994369703
11.443,2071.4218543158845,1560.7753197935435,1982.4381282533263
11.443,2169.937338916635,1691.770206942006,2123.9838056847398
11.463,2112.4335760511353,1650.9118232179671,1999.626724859225
11.463,2097.98685169294,1705.4826484858083,2099.166572295392
11.484,2078.0681682196664,1574.949460940429,1989.876083387767
11.484,2130.546270068556,1755.5572956917456,2158.123554531522
11.504,2188.4217505918173,1699.4019630052728,2089.847663735757
11.504,2057.1247105114744,1788.7650021017346,1950.8458846003753
11.524,2016.1123260305783,1796.3267924356421,2033.12720195631
11.524,1945.9181491195714,1664.4062334764453,2018.3293173989925
11.547,2054.14967240241,1768.0722908744988,1926.778415561801
11.547,1929.6932876012215,1738.3691749223299,1996.1041146198963
11.568,1942.2372307712924,1707.22692681077,2137.436005604935
11.568,2028.2259066987779,1743.9743367708243,2273.8546730975163
11.588,2039.6676725855327,1717.6543864539783,1976.386497975366
11.588,2247.385729503014,1722.6130095944127,2096.6308484313213
11.589,2306.0447629629034,1646.3066290325044,2011.5041333334273
11.589,2104.8660605914574,1685.771519858603,2009.215495852224
11.61,2190.8632598095983,1789.095435893554,2051.418821317929
11.61,2150.6644451299744,1658.6823633286435,1930.6351950337184
11.63,1961.4562708757928,1674.9171373952986,2084.712950122466
11.631,2123.832492979061,1741.9973835019907,2187.65060327017
11.651,2159.172947143936,1689.3672219212062,1982.4594585800212
11.652,2079.5256284876277,1732.5435513493312,2172.693118376823
11.693,2198.5707438951913,1810.1801298908858,1914.9113379259668
11.693,2392.1203669032147,1711.946743021978,2046.9176439062255
11.693,2161.067880584181,1736.2826098675598,2123.465546610843
11.693,2223.5312531278373,1556.5830466419827,2050.5219780003213
11.715,2023.5584034375026,1657.314860495305,2201.09855389808
11.715,2083.6964173509305,1787.3879985741478,1886.7209253578073
11.734,2302.840630234893,1771.7242370499807,2173.435641932734
11.734,2160.3855312071255,1850.0198297077634,2124.742084249961
11.754,2020.4389103153983,1791.4787821698426,2071.031372491831
11.754,2107.6232999237996,1724.3305018822834,2104.5694241184838
11.754,2151.5149187423376,1773.9880213795477,2230.4869583997734
11.754,1904.207363169629,1688.9242490559236,2157.251211125935
11.775,2170.7863134155255,1527.4379743491172,2138.0317823710366
11.775,2246.514887877434,1587.3804791547661,2129.734286423419
11.796,2320.5072220022435,1803.0247625552568,2074.3525939473325
11.796,2031.4660184052884,1752.4703017079594,1970.1299809232116
11.817,2165.0851139159317,1694.563618687979,2038.2632508523866
11.818,2134.590231243222,1711.5102996539683,2132.633788745986
11.84,2204.7049302823502,1664.0748134466637,1958.411725652438
11.84,1976.5652595833142,1561.3136449336769,2160.770325017107
11.86,2142.141722554358,1788.494780044705,1949.043995427679
11.86,2135.9549971786355,1771.8398510156517,2194.4545840345327
11.882,1961.557807501915,1708.5037216623734,1915.6746158627566
11.882,2139.603324065278,1675.8070994805637,2055.2995235074945
11.903,2118.6472598059777,1787.1551811803038,2134.602805251675
11.903,2168.17416142307,1718.9770413072777,2048.6450652902827
11.922,2031.3933431229684,1689.8417977830854,2116.84444899513
11.922,1968.5946258484598,1682.2172582559745,2019.983559129885
11.922,2064.156592289361,1577.2863598900285,2098.2480691894843
11.923,2125.6849903025413,1577.0841912888545,1959.3191534813593
11.942,2115.680279894782,1741.1178750335907,2094.0555480806747
11.943,2056.033527023243,1655.845481081474,1998.3542352944526
11.963,2136.32553871608,1620.4812055191132,2143.241607888464
11.963,2165.0540088353487,1676.0774352227181,2088.0265018986106
11.975,2208.119354108623,1678.162836510203,1873.5467231375092
11.975,2264.279324027557,1746.764517417969,1973.042164329934
11.997,2207.184939222252,1671.647400988437,1982.0350279045952
11.997,2033.9366189835832,1653.5727160226954,2077.009939708677
12.016,2061.0260234277,1719.7396913244002,1995.163704543739
12.016,2034.1326590594786,1802.5703246143214,2097.338237467207
12.036,2033.8735773861772,1743.210539411765,1992.2634281327976
12.036,1879.8896487900688,1699.0146136234916,1920.3918124237216
12.057,2142.7378103071724,1806.4610462190954,2184.9469478838723
12.057,2008.5681406430613,1608.3450670603504,1921.976430094599
12.077,2011.139445686114,1654.2097279720883,2115.7009053193874
12.077,2252.0406824223887,1594.5520021649884,2127.233201982551
12.078,2054.832481827667,1714.6123809462804,1979.0018423124777
12.078,2151.733318423065,1750.7836098952903,1852.8084028644312
12.1,2078.131234065949,1885.6903652789363,2138.457899571241
12.1,2072.1407559205754,1667.696670936728,2135.780767449901
12.118,2106.6179978437685,1594.608396842507,1998.3161593672082
12.118,2004.0446804305534,1705.5853600141718,1849.4041523035148
12.139,2141.0627928695967,1748.8727279540574,1958.915977775523
12.139,2139.2077328583464,1637.8657938701037,1956.117227387845
12.159,2192.861451072186,1788.8862329817655,2117.450995688208
12.159,2090.6063788393617,1689.8454256992004,2003.7913591997776
12.18,2000.7772238664209,1832.5575390992867,2181.706414737612
12.18,2098.058689389856,1758.4863567449117,2074.1087247921573
12.202,2167.5982661091953,1796.578536069855,1927.823023403926
12.202,1945.1479537572327,1619.372531690089,1860.149008259255
12.223,2085.575464674039,1712.8045877976622,2070.256279401739
12.223,2040.6883673233103,1633.4734168313757,2172.0628952474676
12.243,2199.654887151701,1694.1245607646108,2032.6141705563016
12.243,2135.041794431974,1789.1138922717537,2100.144879715574
12.244,2001.826243055163,1624.7906483822198,2039.3902736785212
12.244,2178.181493344728,1685.4163526946836,1931.039326860702
12.265,2214.8328446691776,1743.3532748439611,2004.7146841052772
12.265,2028.2131684012875,1636.5426518172453,1925.345510297488
12.284,1934.146751916972,1617.7976780306185,1987.0103193508903
12.285,2072.377111679624,1939.3889759119004,1982.561926422851
12.305,1970.1061085076508,1782.6202110121874,2032.7229278576774
12.305,2119.33369998578,1782.719185922153,1962.9369517991465
12.325,2018.1604789197097,1658.0957181618276,2037.9213904444432
12.325,2183.3881317060464,1682.825415898399,2140.5048057974564
12.346,2212.17170362142,1707.2411096782141,2278.1244468573655
12.346,2276.1590837467747,1772.2625441675673,1948.7915917288813
12.368,2162.643299937826,1682.5552316016638,1991.2161668227882
12.368,1868.8718900237127,1748.8436318077365,2027.4057005255559
12.389,2031.0869154842658,1856.1099510512036,2160.13096385516
12.389,2116.529401146292,1631.0404841915815,1897.8704591396865
12.41,2052.6714173681107,1733.6042630497561,2120.402327781128
12.411,2010.1132625770808,1724.8470440647654,2021.3339865103553
12.411,2161.8107866507944,1728.3393969806816,2087.193234272839
12.411,2122.2703434318655,1717.0874238430608,2137.061584105127
12.433,2074.83823937885,1628.62499637677,2081.555828878415
12.433,2143.648455970399,1585.7744333125725,2029.1576525575745
12.454,2087.200964555283,1745.9705982668438,1926.9482066840033
12.454,2181.812460057871,1742.5631530730375,2005.3870849562802
12.476,2190.168659808347,1620.8795566178726,2180.8903627822274
12.476,2028.9725163917728,1668.4919252656193,2010.7947929522886
12.495,2068.9445310138,1763.177278515431,1963.2430859795347
12.495,2099.6825035936454,1663.107816594754,2180.9008034192516
12.537,2170.67492829594,1753.3787510122143,1970.8155941492091
12.537,2078.861270230115,1635.613717944534,2111.9025233342536
12.537,2054.147324645535,1825.2984948479582,1995.3726915380062
12.537,2170.379758347536,1748.2843092399107,2063.083505448814
12.558,2048.3113872074086,1676.9222173414357,2024.374264612504
12.558,2008.2779658563027,1781.8947714070748,2096.998028875158
12.578,2083.500802287958,1728.7177000101813,2075.555028876522
12.578,2239.380915230357,1744.1031817458288,2074.543431583807
12.578,2237.0997673325173,1739.0107587242242,2051.3536822945803
12.578,2071.5639170360905,1725.2081161433646,2079.3647623827937
12.601,2129.4134447827014,1715.0085732462187,2219.928267670462
12.601,2033.86737692357,1499.6109239393077,2040.177725318954
12.622,2070.4419051027576,1810.2941089937042,2045.5481823779555
12.622,2109.627809031575,1749.5495574133733,2103.212868238948
12.644,1905.2589267734625,1675.1885707103186,2105.675744735895
12.644,2070.3070688482,1688.0115564596715,2037.9513386056124
12.664,2109.2569588349766,1676.3841465940125,2181.7172970938846
12.664,2122.9837672890276,1645.3539634818378,2078.9487464729996
12.684,2145.631624831651,1687.1728031021487,2031.1365920762544
12.684,2178.132339481038,1590.3051166338673,2050.3233075803873
12.706,2120.2981198806006,1539.7300818452886,2241.6139145659067
12.706,1972.6179015152657,1592.4123138961916,2153.138886787039
12.727,2246.896871452312,1626.8578612755023,1952.4700391191338
12.727,2005.6804412556942,1740.7353830971372,1968.0343526492
12.747,2060.7505423085536,1806.614376966368,2082.3370290113403
12.747,2212.253910906747,1470.3962169282133,2004.9681027104707
12.747,1978.1361370468144,1752.8257655189395,2256.594184983154
12.747,1969.8555082716732,1728.855898054705,2000.5019806115952
12.768,2020.549951895862,1826.6523297914537,2027.0385033195791
12.768,2246.6794135829373,1717.460202733025,1840.9738547419433
12.788,2121.5928365223745,1716.8532050479735,2026.9895735864354
12.788,2276.9966844274227,1769.4841506710281,2147.7095799865065
12.81,2045.9789462202498,1763.3647914644107,2128.5334543132312
12.81,1939.1147610916664,1606.0150341398569,1969.5180548316148
12.829,2036.31812175666,1790.2368155443055,2239.1598228036687
12.829,2158.942921551961,1720.636945490267,2135.150132862577
12.852,2021.8525020331022,1776.5720410348085,1992.1285191927643
12.852,2135.355755342317,1822.135239803217,2184.623437001662
12.871,2029.3386005416621,1627.2463528322553,2140.1974030001097
12.871,2117.3424190217424,1709.189072824518,1970.2888320503384
12.892,2085.697103285309,1688.228781831289,2029.8231114245455
12.892,2114.8302308806005,1801.5927286446736,2014.8319359114305
12.913,2063.866904350985,1840.7820462470145,2096.8988161156162
12.913,2226.842760301189,1688.5696104861604,2057.891953619826
12.913,2171.244513885319,1628.8622356815476,2081.480708838841
12.913,1936.936803859084,1715.7201076440447,2198.7708004488873
12.934,2129.5198118127614,1746.086926865165,2227.2864440317094
12.934,2230.7024867880705,1599.8619861859063,2028.7347342750334
12.955,2168.6300542500385,1726.1549260112533,2102.239678464292
12.955,2092.668010123408,1757.2646354700682,2054.115207404591
12.977,2203.193309670728,1638.8302115435054,2069.929646014298
12.977,2120.102512100384,1723.4517895851168,2076.104130404547
13.021,2085.688200441915,1711.2028583985302,1993.4796123365325
13.021,2209.218143808493,1688.3572212272738,2059.1410642601095
13.021,2140.1460872945036,1900.180221474468,2008.0595373708734
13.021,2275.8587846334763,1641.9056044374656,2004.4481324484138
13.041,2124.9560466751914,1590.2436531245114,2127.899204284387
13.041,2124.7789451796307,1706.7715104031006,1957.7736302695137
13.064,2359.8639452887123,1679.1833609074781,1991.8703048936613
13.064,1945.0003036883895,1732.6227229396736,2034.5491394889007
13.084,2152.2649484587278,1807.4557096899612,2058.3166592159314
13.084,2294.363236951859,1671.3079873520494,1900.2519128604063
13.085,2014.4634943755275,1432.3450028680911,1964.3819649797406
13.085,1981.8106150955446,1704.965570314642,2046.9462942831383
13.106,2073.043115938253,1595.2446320768806,1973.3229139014888
13.106,1996.1104762626496,1749.713211409928,1948.4402928267423
13.126,2119.21250526043,1748.0229934313404,2145.4096073518804
13.126,2061.053478960825,1686.035865189848,1885.5306296339907
13.147,2229.0628260689277,1636.6033483525277,1899.9161192247184
13.147,2099.670412580897,1632.05179067133,2005.6847373782846
13.168,2042.8383107102766,1607.5420992035456,1962.7972635953574
13.168,2022.9245078416736,1685.4662480201894,2080.4641807003463
13.189,2057.015819897929,1691.496948634671,1964.6949453320028
13.19,1936.1154994359865,1754.724752240424,2102.5111668164227
13.208,1997.267873065132,1716.6612847029237,2227.386853535374
13.208,2087.941421796415,1666.1593237409306,2174.6696113170187
13.23,2039.3593207868691,1765.878666235597,2161.5506837293237
13.23,2021.8198399516814,1736.8532901611663,2035.7777454539894
13.251,2147.890572516248,1630.8673398671842,2155.511821657222
13.251,2078.6429988944014,1651.9468978950727,1975.0485259380482
13.252,2000.189973953171,1639.8630938585632,2150.127980216122
13.252,1862.6963245781785,1573.6997442798959,1999.6492124555225
13.273,2186.534384570638,1708.503029619377,1872.457275499576
13.273,2109.481509852682,1751.9308172783014,2228.8553072093623
13.294,2260.1386115183964,1728.7790808110176,2028.913673688694
13.294,2214.1275832670362,1693.005711287818,2266.7397410668395
13.316,1844.0129037014008,1623.7354547291006,2154.41314603786
13.316,2215.048855579804,1723.429556638578,2048.091494837495
13.337,2137.31532826905,1644.3364039416688,2061.54486085346
13.337,2056.484705006954,1680.1618337580676,2049.296876918668
13.357,1993.3498038740822,1620.9895621789365,1918.1098422982238
13.357,2160.636699109978,1760.3004185809496,2073.1096006033194
13.377,2070.042755277307,1733.7643369501648,2045.2042585648749
13.377,2223.037608050219,1828.0026540410743,1949.607461954974
13.399,2144.6240350744533,1753.5023625291942,1990.04933945095
13.4,2006.8954940243132,1666.143663939072,2120.3482711976785
13.418,2047.8882341423382,1788.3525452180181,1879.7204277562355
13.418,2070.7728159477224,1780.7286498662593,2038.4003162596448
13.419,1964.6762174175208,1597.6975852772146,1905.145208242987
13.419,2075.482951599544,1795.0305210409463,1867.6637839872103
13.439,2075.887145794318,1751.8663232409936,1946.7265222376034
13.439,2075.279603111383,1770.1947592851056,2118.1100928933342
13.461,2137.7937715252688,1673.0795653236232,2068.1806225290047
13.461,2115.9022071237796,1684.8793901126046,2099.138378804337
13.481,2077.7817627774257,1693.6734377325347,2214.4180746643747
13.481,2047.0868047947813,1760.1941342685457,2164.228081155512
13.5,2143.4612113475955,1646.0323361283456,1955.4020155177082
13.5,1912.6815459111476,1768.95470606643,2137.2512228192973
13.522,2108.1784187138874,1728.1003147196866,1875.8841737815724
13.523,2062.1239602960604,1655.1050473729922,1928.8648475257949
13.542,2011.353758295916,1641.1694824724034,2056.7906024858003
13.542,2134.79034159799,1655.3404701346833,2059.132585007399
13.562,2018.8949339042929,1592.4427886733135,2036.7783710517172
13.562,2196.487112379492,1807.3343314999663,2031.2746014564227
13.585,2069.4835212648345,1735.1586311548097,2003.7562417794506
13.585,2106.755072337513,1626.664287063158,2165.715985030207
13.585,2138.6540701014915,1686.4080507872036,2099.6534772584746
13.585,2089.0883325009227,1695.4993118070265,2026.8926843736938
13.603,2221.7096964691978,1761.049222020504,2101.062721306447
13.603,2075.273883704569,1774.3573860527579,2078.78698703281
13.624,2080.5890757000825,1559.6147354385157,1850.8302529066127
13.624,2174.024322912632,1668.8864849263955,1924.2454756704851
13.644,2298.404010776407,1596.0712416303954,1989.8426093057021
13.644,1924.6149380167292,1743.0334240092222,2060.035033684726
13.664,1906.7700454221667,1787.5692664899952,1996.1206891468348
13.664,1997.3670409896472,1884.4124886981426,2250.15876463602
13.685,2079.40737531923,1677.2143051221317,2038.99395122301
13.686,2216.2028631101184,1655.8250163874163,2058.00921520953
13.706,2123.982038554715,1748.7178840972165,2179.108454093239
13.706,2145.296212601982,1747.6330335680939,2095.302892705818
13.726,2104.382706882128,1591.5390167105188,1931.8981085128926
13.726,1968.3543401769418,1692.7599269260895,1975.5647503093003
13.749,2136.85635970804,1744.1357602886928,2076.181600442875
13.749,1958.4264521605276,1816.165739080251,2064.294310648728
13.749,2161.7808580242468,1692.8249533891892,2034.1422458484262
13.749,2140.9188299786515,1563.1323715331225,2113.2268532087924
13.768,2207.0375990845428,1649.9215204229058,2146.50161485103
13.768,2100.379555791939,1687.6464470900623,2021.4367376497996
13.789,2207.1725535292785,1645.10582597167,2146.54650031689
13.789,2027.8360589497356,1674.368028064268,1964.068081802385
13.809,2078.5356219438218,1683.5706552464353,2003.6308219810458
13.809,2124.166266383677,1608.7669495467953,2040.4578187962886
13.83,1953.3247055436802,1702.4899241263122,2107.6026036091157
13.83,2173.2921754102645,1687.3641577786113,2113.96588979725
13.851,2203.4939502441184,1721.9880473802982,1951.2093536541229
13.851,2103.0840874665823,1702.6010350748752,2096.77770226796
13.871,2102.532682839338,1675.972017247489,2132.197737535519
13.871,2067.2343049417614,1727.3588519777556,2042.588881723837
13.892,2112.3792716704907,1813.8263440033727,1959.9587119913497
13.892,2025.6863853698262,1649.1102112461467,2118.067291614912
13.914,2050.1449059898214,1679.8170555003603,2066.803209635665
13.914,2262.351747030286,1664.3351397242272,1958.165648470749
13.914,2146.7324135081017,1696.5646417979513,2108.934221971258
13.914,1986.3714133863953,1703.224712221075,2044.1248289370856
13.935,2049.020841787184,1693.1210326592852,2022.3259922284071
13.935,2104.924774789354,1777.469558358019,2052.9750732903085
13.955,2025.3625895626287,1637.0891758455564,1979.807432657385
13.955,2223.4709070348713,1777.4096254944454,1990.8672234259936
13.977,1997.144649274653,1726.1714139363598,2032.5019324837203
13.977,2085.557344961939,1599.722877302458,2115.350782317226
13.998,2239.8145749585196,1730.5730622310443,2170.876482133494
13.998,2237.5222352551573,1587.7953195865102,2074.5880884329404
14.018,2168.356411479936,1779.2137632574543,2146.0867360198977
14.018,2084.820362841942,1669.3546046469862,2145.9886248452935
14.04,2285.0606201391265,1704.9438602490457,2183.3073635684073
14.04,2174.617746232504,1749.1131712725512,2291.0218430715986
14.06,2128.9505799434037,1705.218006129347,1956.9182053687252
14.06,1985.0205891260305,1651.6147461022815,2089.6167713708783
14.081,2262.5643295378395,1652.0182869126866,2033.0533739522011
14.081,2105.8053063024445,1759.428499367827,2044.3500264691916
14.082,2100.8395593528817,1708.0710132508107,2025.6747162437111
14.082,2013.6954616555868,1661.6788595770413,2086.5807618109407
14.103,2036.1235844231446,1858.6022159340814,2138.4756127591063
14.103,2207.8577108759196,1633.2483425804585,2119.647763717314
14.124,2053.7808679245863,1716.1799569131372,2058.5850603373283
14.124,2170.274405975138,1663.0736471754851,1925.8781462974512
14.144,2084.4842746554705,1665.9040118768773,2153.067589989724
14.144,2065.7247551017035,1781.6448207469905,2212.242632062662
14.164,2144.8073403742465,1573.055460521547,2097.7925239647752
14.164,1861.3691251018263,1787.7741887354794,2165.9419132777816
14.184,1983.897009751634,1619.3435373925113,2022.853175438485
14.184,2029.4502702279306,1671.1503705570467,1907.7885810483524
14.205,2027.1088336293292,1690.1429791421385,1994.6511978522171
14.205,2092.191907617843,1805.0522433664162,2079.9086265536607
14.247,2242.013036268616,1734.938699771461,2139.951392608088
14.247,2199.050763008385,1663.4424340382654,2229.2368860593274
14.247,2218.0820396725944,1844.5798862057904,2022.476953222697
14.248,1924.3866201119326,1724.4099015888019,1943.6443172491572
14.248,2027.4481356245042,1772.0950570882703,1909.2033580417317
14.248,2130.9869113981063,1782.896456886717,2241.8049223555136
14.269,2145.1827288376858,1689.288032273849,1904.7303387309262
14.269,2224.8511529173416,1701.9254533803567,2102.907392822461
14.288,2009.812377350201,1651.0507777300325,2035.2514968442306
14.288,2041.4215779625993,1659.8593767777847,2082.956277114435
14.309,2042.5797507197303,1772.860089909236,2218.6555138721506
14.309,2320.8171841906837,1708.4454228788313,2094.8896054862207
14.329,2025.014199423229,1726.0030879392616,1970.4443547043848
14.329,2136.918684962295,1782.5648626740656,1958.7679713756215
14.35,2128.848564090166,1665.9174676042194,2171.4771091397283
14.35,1964.775834526006,1678.1675707486777,2102.9982650413745
14.371,2058.2966735474483,1635.9735607229998,2077.605236737368
14.371,2133.937323960764,1647.0563211213143,2057.1311516209403
14.392,2059.661781742767,1606.6664240703847,2120.368214378057
14.392,1992.1523745055504,1626.0639947120173,1988.4723786653694
14.433,2041.5243516392056,1714.9048573960285,2017.7870802095886
14.433,1940.892230895964,1640.2049180717154,2106.803528939472
14.433,2123.7560014675505,1658.4889648103863,2078.159287432853
14.433,2190.5601211329827,1665.620652609599,2050.904464831175
14.434,2212.542522067111,1717.9482917030405,1942.3937853903735
14.434,2112.653173993374,1814.489176496716,2137.3447591610866
14.454,2217.1480666673087,1749.0286828125004,2041.6249825543273
14.454,2113.2059860363147,1594.6460357294634,2068.0287796569046
14.474,2095.478994032293,1734.5814115892742,2117.0888914052944
14.475,2184.828888425874,1773.408651358441,2040.8693031760772
14.495,2035.5582391080754,1787.0074673082604,2253.0825283542886
14.495,2233.1553317980397,1734.2211298684108,2090.47846349499
14.515,2113.3085404832514,1738.7813730727576,2009.6314399326066
14.516,2297.442549990974,1661.6956174497595,2175.408780539804
14.557,2185.1569467054487,1740.9902390445686,2058.657789585495
14.557,2176.8267238638396,1629.5267090361995,1947.1002110487414
14.557,2095.678690677322,1680.3420987988354,2048.01995387449
14.557,1966.5816768877623,1573.6886121943578,2232.652939733937
14.577,2227.0455053095475,1676.2614699265919,2116.824823106173
14.577,2097.9788799226635,1776.5246495664396,2047.7131178737534
14.577,2114.60265468541,1755.7766245285493,2096.30701137599
14.577,2176.3066682160975,1671.1862185001582,2013.377490171283
14.598,2064.4935929980825,1571.8910629984925,1968.0000856893782
14.598,2087.304803602437,1696.1542855711741,1930.9757329323857
14.619,2034.868440118844,1724.3531985726097,2006.6126121421914
14.619,2058.303099811237,1711.662758220023,2046.7484707774654
14.639,1945.2748289921803,1652.7626465297856,2153.8699055035636
14.639,1966.9241748080428,1626.2609737343944,2114.249853837744
14.66,1984.7120363686045,1749.6260737282682,2196.018049890962
14.661,1933.0034015569042,1811.4661744402345,1880.8667604932893
14.681,2050.654395757021,1556.86714409802,2033.6490864972984
14.681,2113.9840214838114,1785.3788253776354,2114.030852006165
14.703,2016.6886784550318,1756.6173932805611,2153.161813879037
14.703,1957.5876508409203,1648.6185570466992,1975.6968906709672
14.723,2098.976569907687,1679.1890998729518,2068.900209743512
14.723,1923.0875476070826,1760.9106731388674,1934.1365552065263
14.743,2114.2835969300713,1647.252771242221,1932.541466068691
14.743,2037.770980863695,1727.6373335061896,2125.629980067192
14.743,2034.0177418712647,1727.1208987218133,2099.0354018930884
14.743,2096.9932949849767,1635.4987451491581,1956.4902206223867
14.764,1963.4127427566823,1550.4210664241998,1946.3672796602632
14.764,2054.577687237452,1656.1467448551878,2150.9656249781465
14.784,2030.2578151541545,1721.5019111622225,2057.7896488526503
14.784,1950.3405153170668,1676.513666477689,1993.3670913201322
14.804,2076.27916046961,1781.038149342752,1939.5452358207028
14.804,1996.9336641923794,1698.1327518996707,1959.746124916648
14.826,2139.3449245659476,1712.925642195599,2159.2556789150276
14.826,1961.7508355039681,1660.7759760341905,1953.0073806205323
14.847,2064.4097054327744,1713.4367348229528,2081.992703363739
14.847,2160.91568415029,1757.8529187129993,2185.6136507096476
14.869,2156.854527800494,1712.0159138742843,2048.4037457519526
14.869,2166.8053768138534,1723.3367071880798,2068.691803650827
14.889,2014.1648264879802,1862.5572452242732,2075.022429309704
14.889,2003.383172053943,1733.9481669110608,1972.3800134636213
14.909,2147.824069729845,1740.225919844818,2071.415403967068
14.909,2132.988703055449,1762.2653562305734,2003.2625849575406
14.909,2133.590783840435,1755.6770005464455,2045.1507349087603
14.909,1962.9426930935306,1775.3153456570126,1963.9648616298198
14.931,2098.5544806564135,1761.483980482184,2056.739155678641
14.931,2213.2101273292187,1610.448435110462,2064.4261311872133
14.951,2003.8506502823902,1558.1725190370175,2088.7038065225743
14.951,2059.7278163246197,1689.7024378856363,2182.637805630455
14.971,2146.105586476174,1751.20706302122,2169.035082523
14.971,2200.1780799187904,1612.9375608786368,2094.703572027313
15.01,2060.9961935145398,1670.1945978089475,2017.00141022012
15.01,2141.0438612869575,1678.7380255291625,2097.406687073429
15.01,1987.5523255144108,1629.3672594071777,1961.4053558618089
15.01,2108.0120224605907,1631.6053684356136,2100.913764645675
15.028,2049.0842800534942,1659.8335033782153,2029.0550679590026
15.028,2011.4468094007007,1623.2909887455291,1978.8755855519585
15.049,2213.6991116423083,1666.2154500259571,2066.382031174105
15.049,2004.7953315480522,1655.6685389908594,2090.061831155416
15.07,2038.92302147611,1754.8463977745953,1954.0124409043412
15.07,2108.166201565876,1725.3708001215464,2048.449757631358
15.071,2035.5404670392625,1628.6794347954005,1913.445211211882
15.071,2107.3360037890748,1601.4302051528261,1863.2190854097796
15.091,2144.099450001998,1834.8959824251472,1950.1306784679794
15.091,2201.8252914026702,1697.2461790605983,1914.3280716390896
15.112,2153.0305884611594,1589.3953273729926,2124.8774372495545
15.112,2116.3017490238954,1580.301123848117,2084.643220174011
15.133,2017.4101644972432,1831.0996245038746,1984.9678291738687
15.133,2080.416412144473,1652.4633186535798,2089.783933518085
15.153,2043.7022390383074,1628.508547480863,2089.0563660401713
15.153,2229.573473156927,1729.8110968362494,1972.0945946185075
15.198,2067.289339558251,1570.9035713243657,1881.5606533057444
15.198,2132.9046212926473,1677.9028432787027,2173.421163136331
15.198,2120.6589964562636,1619.1632170556873,2045.761299703956
15.198,1996.8592978056163,1695.1398793945466,2090.6601613228345
15.217,2100.2668709041886,1728.7722780859663,2038.18730951504
15.217,2155.403027952246,1608.6817543880238,2055.5921139961188
15.237,2070.893988858686,1679.9014281007328,1927.7321386898172
15.237,2166.0520421430388,1597.4359053624642,1947.1410934505777
15.237,1993.4341524940046,1726.7138459234295,2020.6090489504184
15.237,2156.2417751192893,1716.0764170052569,2091.1882726983317
15.28,1988.4726468691888,1751.7719415960096,2054.1261359883138
15.28,2031.5173206399982,1681.187681582769,1931.9159711918733
15.281,1767.2401469014926,1768.8303274058753,1801.9057287488645
15.281,2147.579883308543,1732.6256659276764,2046.0769044084188
15.3,2278.115412290688,1744.5966471475404,2051.473823392243
15.3,2290.8418201284308,1662.4947838470425,2091.9664355631803
15.345,2077.473407410043,1661.0468372097384,2130.3271866894975
15.345,2035.8098264975251,1764.0166022903118,2119.9609039511743
15.345,2064.780463069781,1724.0673650622791,2182.511280150235
15.345,2007.4521839591332,1760.6840141161717,2059.053234319243
15.363,1967.8767197687573,1705.0905198613168,2069.5148360560315
15.363,2088.412407464454,1706.4114630156375,2104.8814562119214
15.383,2096.4993956536796,1596.1964748889104,2013.226595273519
15.383,2161.2129180945076,1649.4151974138877,2154.4405954038766
15.403,2201.427930194301,1759.7128884111141,2033.3933294353862
15.403,1912.523297874395,1639.9743228542989,2011.2830294446437
15.404,1970.4179479179013,1771.4759847825949,2114.6538222388663
15.404,1965.4022045721867,1841.6705486293486,2007.0206229507128
15.423,1996.3951990176552,1676.6795947560636,1950.9550844133182
15.423,2177.346895570273,1654.464620153767,1969.9909192806947
15.445,2050.9615903404483,1805.7890261390828,2028.8419252300944
15.445,2137.979048909569,1573.949940304911,1996.9053451948655
15.465,2112.6371394493835,1616.105669030991,2012.9031893768815
15.465,2112.3110986864053,1652.0516719777795,1966.2651943906403
15.487,2238.7472999677716,1773.4808132493174,1991.5889104776068
15.487,2151.9466384978723,1689.8037508407708,2220.1644316806896
15.509,2095.900885863124,1738.1415931514725,2025.455247037526
15.509,2119.148713007248,1675.3143372477077,2156.343379594008
15.529,2108.9660220093347,1676.7423066531667,2051.77179356456
15.529,2215.665465838282,1738.4124593177478,2093.1171761314495
15.548,1934.2066046158857,1733.6365983510748,1988.7960146118014
15.549,2019.1548702122668,1769.8716430940349,2116.6088002088627
15.57,2027.9736005830398,1664.366223072398,2000.1919041793913
15.57,1957.1881222743914,1692.5758680243346,1957.5603205080522
15.57,2055.74557751407,1612.3593128164405,2205.768209700471
15.57,1858.8560452668316,1719.8403487943629,2059.574418271239
15.594,2089.2041594242755,1734.4628920068437,1941.7741373110741
15.594,2020.2415384798403,1696.0541350769824,1960.2133403621935
15.614,1976.4556417517624,1696.3519606423197,1960.6742932633992
15.614,2126.207135241543,1672.0032344015044,2162.8186890450493
15.636,2012.4342511865102,1720.6451956876522,1984.9496370454817
15.636,2079.3741516878545,1730.2218259446274,2069.853717794069
15.655,2119.2778782608734,1655.4188349535461,1906.169608616335
15.655,2207.7015461128112,1712.6635204098507,2105.4803766965733
15.677,2161.9420628365956,1761.8376309244647,2160.3864273579575
15.677,2072.6085117190974,1473.4508888733037,2229.886461001806
15.697,2095.5511060933786,1745.5668074773382,2019.85260431575
15.697,1987.1546727841828,1730.2457069301681,2077.525777962937
15.718,2132.988592140748,1626.593913873232,2066.2417381079335
15.718,2062.070631719647,1701.6277143785308,1949.9186055831099
15.738,2106.714329824507,1615.4119437848622,1969.0467644498185
15.738,2077.347065813499,1618.9450215040897,1958.2457660290502
15.739,2090.5054976235247,1811.5067810978205,2147.7885376457025
15.739,2114.607143251762,1778.7882925804963,1887.5395756114333
15.758,2092.0890889565885,1716.584450850058,2009.3905500997366
15.758,2082.0058958750474,1611.8392312409328,1817.3279693703867
15.778,2089.5493862167236,1664.5691941832586,1912.3745334865412
15.778,2004.314803648424,1723.6155586129487,1902.6614350425434
15.798,2084.5974938039576,1663.639667082175,2067.9424741040607
15.798,2225.2135028351395,1613.1303575696584,2116.8847595311836
15.82,1969.9760562931747,1794.2856000285246,1993.69109411088
15.82,2110.9115519700745,1749.3387998912979,2203.970105786428
15.842,2097.843965843699,1585.5060368436862,2042.431109480627
15.842,2004.5516024840838,1655.3799621554745,2044.4050913300725
15.862,2121.9130410612192,1754.0196666684903,2132.512006996742
15.862,1916.3401885209703,1718.7727888600998,2085.1348986482726
15.883,2156.5312925547523,1752.0306725873847,1944.643267979049
15.883,1948.6485464179652,1735.074902892664,2197.793424819394
15.904,2197.564487576746,1793.996357040612,1906.1959427555244
15.904,2420.0059402439415,1692.4155099701934,1781.4384114367272
15.904,2038.2860185712889,1742.2531645797073,2047.4810958863593
15.904,2152.439814011876,1647.5682652605392,2109.874052726615
15.925,2129.0111445453103,1696.6096892508724,2134.7048712475603
15.925,2137.9952724064915,1706.569393622742,2161.829640717147
15.947,2129.708633297051,1751.6170161093842,1886.6173867132113
15.947,2085.407363022619,1710.416786917501,2182.3303665389603
15.967,2106.8176227357703,1800.0535438193926,1951.070639525995
15.967,2155.8636807504704,1809.1306118030652,2004.621385704858
15.987,2053.7494449524224,1724.8734183053225,2093.8651706529204
15.987,2203.3661165713957,1784.9143196529496,2180.834069209997
16.01,2068.7985700664094,1648.1263867540008,2056.8092057348044
16.01,2113.287348343755,1856.942181947952,1975.8814150504859
16.029,2050.56484623522,1637.4959485545967,1984.6158235646503
16.029,2005.3414118880344,1785.324707723156,2052.9556101831204
16.05,2020.6286601869933,1640.3451341400832,2053.395433298399
16.05,2039.6446093408883,1724.6688177599513,2178.8877674797036
16.072,2021.7390016041652,1689.53748741883,1990.128735571633
16.072,2005.8097278667851,1743.5442304285864,2074.7864733868446
16.072,2130.059525400083,1746.1678330371674,2151.0299872561
16.072,2154.2335449449984,1658.5048865391552,2010.4532581233263
16.092,1948.5370771314406,1669.8220487636395,1980.164103736024
16.092,2066.8735264175216,1576.8264492005549,2071.484916143636
16.112,2070.046970087802,1615.1606643112066,2029.6791703845734
16.113,2229.3123736726834,1692.5512979466937,2124.589129483925
16.133,2021.343675422702,1724.2259293920342,1992.4034245570247
16.133,2046.9766363096685,1739.814654725863,2063.2815016891227
16.155,2174.085079202634,1643.1588788144143,2054.0659955938568
16.155,1887.9283704137451,1788.2536077316556,2184.591360891041
16.178,2091.495558193036,1665.2953109952805,2060.916809060157
16.178,2091.336358468593,1740.2105073491682,2010.3923835636015
16.198,1937.5447408956459,1773.0267937908789,2190.07226679961
16.198,2146.998090846682,1698.6264249715039,2170.3613638811994
16.218,2005.0437140457227,1643.1293970104177,1947.3937191345374
16.219,2005.9601830994957,1726.582200387656,2099.319173270334
16.239,2085.9702091209006,1809.480314616956,2034.7421485933794
16.239,2105.049350377403,1692.180307857761,1987.172953519637
16.239,1946.5345665864963,1618.4569944905713,2014.4350281038544
16.239,2081.9777963104975,1726.3565505950608,2156.478319880209
16.258,2070.7555748386267,1715.7808000391517,2073.6121174505815
16.258,2007.3331521056787,1701.353024110673,2108.193121051119
16.28,2087.187848752254,1769.8683102791385,2089.9882498304873
16.281,2238.527554224686,1733.948693635849,2082.246328902014
16.321,2185.109589070731,1679.243726020346,1884.337664090429
16.322,2098.631604869737,1619.553181096815,2000.5355552754297
16.322,2041.0582780129712,1780.913220323526,1969.9643183622616
16.322,2055.6458963317427,1705.2103836007786,2070.067062826868
16.344,2161.280794421554,1720.9500010808888,1929.8008374059552
16.344,2068.1927879799846,1789.0295410323627,1879.1461594867699
16.363,2095.913029575242,1881.8019022149424,2233.128988738028
16.363,2110.2469003545766,1854.3564179820964,2074.977938710205
16.385,2044.2242207919157,1683.931958796398,2098.2213174608346
16.385,2235.8119888272117,1659.3883638610905,2045.5425395367063
16.406,2182.4052609419095,1623.6812875516987,2041.0582083329466
16.406,2165.5542041168674,1778.7811219422083,1890.1311296800236
16.407,2085.8301668569807,1775.2076396979855,1991.786297632197
16.407,1948.2698497393117,1783.4430774871093,2088.7067707038336
16.426,2061.3453260214583,1748.1760321299505,2088.206492389044
16.426,2186.9768042545834,1609.5913633064838,2002.4246222642973
16.448,2105.7417623934925,1666.9906614028534,2055.003333853054
16.448,2185.4818616070916,1699.7283062163972,2143.5452971268123
