Time,25W,25X,25Y
0.008,2097.5467853201967,1842.1060935768287,2242.901211470849
0.008,2366.8718963046404,1830.0139084016898,2048.2104768190743
0.031,2501.8561732384255,2057.7610014795196,2494.4565129879343
0.031,2336.9382410992584,1859.8769636580987,2291.5000089709606
0.032,2375.866405696652,1883.67451434642,2239.2011395444615
0.032,2278.1530980066777,2059.619763434308,2357.2477675772566
0.058,2277.1580865613405,1877.049009336842,2035.1824765131523
0.058,2259.175041826978,1870.6015987064281,1957.1081827721266
0.085,2146.149363358965,1936.8753739481517,2175.060806359205
0.085,2421.9645678416473,1910.5250682504886,2231.046558912878
0.085,2377.518581360985,1818.5049094800804,2369.956571091116
0.113,2451.8925039231117,1838.6638438336647,2415.474846302842
0.113,2336.085311962726,1850.7795806971662,2317.2871983034966
0.14,2232.661597692216,1937.4997440577254,2180.720484076259
0.14,2293.425224365823,1895.417330764698,2281.7621205180553
0.14,2205.5405483782106,1842.4518104513513,2396.8218125167605
0.167,2330.026483742847,1856.8213296042688,2168.245414461696
0.168,2301.6060834890454,1891.3065078816649,2461.279922613488
0.194,2346.462225489435,1809.3767425114033,2311.5157585138854
0.194,2341.299831312562,1783.2864969449197,2175.6877455665563
0.194,2316.418949919839,1943.8686224298042,2286.7810714904144
0.194,2227.6803585090424,1905.3018753578835,2345.2474662389527
0.219,2424.23325602748,1823.0130251477988,2046.5174639904449
0.246,2202.1431633478087,1730.954861387597,2127.6774685115965
0.246,2495.644252993937,1961.4526278737299,2325.9916325236427
0.247,2192.178275112923,1816.4565028349202,2435.072950852483
0.247,2238.188322161277,2102.5080469697245,2094.89025597179
0.276,2183.998769041381,2002.7181352186901,2217.958757865633
0.303,2473.44454056131,1821.5689007927374,2178.8136464946724
0.303,2294.467459150295,1830.4469240826102,2337.2565052953983
0.303,2396.9889078729916,1966.517810283649,2174.118429820348
0.303,2460.8749373506594,1761.9645935335811,2340.7593403250185
0.33,2246.9837989402267,1988.4755300768322,2198.3977788204324
0.33,2358.463606668199,1795.5045019354882,2361.0273875453504
0.357,2326.3243558582485,2012.3912432884013,2434.1546290209617
0.357,2246.4802168544297,1861.116862786869,2573.9556654217204
0.357,2159.4085891229156,1902.9553956004966,2310.147726926298
0.357,2199.728444772636,1754.61317557895,2226.4483111408636
0.386,2133.1646990366344,1815.8497492303213,2292.992987180809
0.386,2254.55397832829,1855.6538449721227,2708.2563236284045
0.414,2310.8458355279786,2041.8295893617392,2278.792285554501
0.415,2434.1404660111116,1927.1623223873987,2348.2148313793464
0.416,2431.199347239213,1985.086191639125,2340.1455746420675
0.416,2362.9870591242934,1899.2621348244754,2320.2666363899802
0.442,2174.0914850765785,1936.6249153754206,2266.3902934077855
0.442,2307.4601288925624,1883.5323483012971,2224.1856894765006
0.47,2286.1621015169485,1735.962713591083,2425.793717239429
0.47,2322.6161776096546,1882.8783955561203,2246.4797674021274
0.471,2263.4344721066104,1782.046378101219,2173.4026951409282
0.471,2279.533904730587,1931.7780169383493,2233.70747493452
0.498,2255.2375176978308,1877.836988770245,2399.786863920165
0.498,2229.5531325876523,1982.0263574728663,2430.209302203761
0.526,2320.717074579749,1784.4430150195253,2269.0068557682307
0.526,2333.0077975598256,1883.6538013955728,2340.9841958726715
0.526,2421.7789137139007,1925.4441545783213,2036.068820391446
0.526,2435.6104518984785,1894.26230919923,2362.5028957340896
0.555,2531.233480427471,2020.0398502678456,2340.0195839225094
0.555,2193.149378162695,1729.7554561578859,2266.725621768713
0.582,2221.8682237750604,1922.3388355706484,2248.3073672118157
0.582,2284.412403486251,1921.9562493746162,2428.6487778767914
0.61,2077.544982902548,1910.8330976188638,2297.710026164216
0.61,2282.4763153989115,1783.8728438457106,2263.0307255589623
0.61,2097.625231983549,1826.4894650717263,2398.4564588065923
0.611,2237.3011908162275,1843.2459166764468,2313.618039259899
0.638,2218.371564997001,1813.0081309199509,2411.305148777626
0.638,2158.5865445578543,1904.44301724207,2151.1280220808508
0.639,2169.1659601383803,1847.6192433645115,2208.554858513789
0.639,2341.6455788246694,1883.4115819582698,2259.328914976792
0.665,2290.8319898686746,1953.9229688819937,2265.058900783507
0.665,2286.826806351884,1965.7455127955968,2181.8517058486673
0.693,2322.3708270422785,2008.8237834822721,2278.3225787881715
0.693,2174.1954538501514,1871.820379916765,2281.1590891722244
0.693,2066.6481144720055,1798.4897173199677,2190.0079001904214
0.693,2300.876662220507,1809.2841291636207,2151.0533145369627
0.72,2199.867597379944,1842.26653819971,2387.1585707374284
0.72,2348.4800758425777,1889.3444022500662,2287.3027036737917
0.747,2403.0275654211746,1860.3848394892123,2385.867240908118
0.747,2161.930635552385,1761.7663308936037,2141.422044029056
0.748,2204.9131961424646,2086.867658130673,2210.8414297849895
0.748,2176.895807976498,1837.4292188296795,2344.9169755831713
0.775,2345.482335163273,1894.020441098714,2392.991296778071
0.775,2254.873972308979,1763.8738110261743,2195.1733663343734
0.809,2391.361038708418,1935.022656327807,2262.3170129922332
0.809,2163.149912490294,1946.6936855258502,2464.9245507948913
0.829,2274.277692493188,1892.9394092997748,2296.412775879793
0.829,2258.5843069089715,1906.451251770824,2208.5696438251794
0.829,2440.977907311655,1901.6546417732666,2326.3023494945155
0.83,2290.242399379952,1769.0710310984236,2263.852765233785
0.85,2239.9244012878717,1832.6562639953856,2153.1009709834757
0.871,2387.430523491297,1769.4760018870786,2244.544738110344
0.872,2375.32157645681,1878.3776588557512,2282.5881457288638
0.89,2199.5613845901294,1873.6396433338373,2148.4781655044767
0.891,2030.8473032303316,1994.6128043350182,2378.283373603714
0.891,2390.8263407858612,1953.8979082699605,2348.8557144743413
0.891,2267.8527172408153,1864.7876072135987,2280.218062239673
0.911,2271.2441120094863,1906.896078939284,2123.377864326059
0.911,2298.957696908791,1742.0863289116915,2244.72080902395
0.932,2310.4435883713113,1975.6201728958222,2166.299707266113
0.932,2423.432805320236,2098.8628298609938,2468.3736601886962
0.953,2290.002490174741,1922.4840869590846,2538.640130423357
0.953,2402.296773123632,1866.1130866928186,2202.4533171340718
0.975,2274.7416267313242,1886.3324696659918,2238.746898702167
0.975,2149.6635809498302,1940.028136731394,2269.0412290548393
0.996,2466.744964077341,1887.8677369522125,2342.1818719128764
0.996,2368.877091984577,1935.2593911622341,2283.75669516452
1.018,2192.0182475919305,1778.0167488309726,2329.7106429824767
1.018,2376.8354719986437,1800.7022856950157,2516.556926410713
1.038,2340.0147380748167,1880.3649037474415,2384.5096951879113
1.038,2374.023488027876,1896.8975524047416,2100.7608107625792
1.058,2120.565102189737,1790.804966562058,2536.0398046420255
1.058,2130.456992784867,2004.0899749594541,2258.9117597447603
1.059,2357.235396055935,1893.122205028424,2388.792926178621
1.059,2271.7240793708324,1950.314212630552,2390.530376818978
1.08,2336.951951008721,1782.0905158378655,2218.6961681084545
1.08,2259.8799839270064,1736.4116848200738,2475.1283782782557
1.101,2250.9022033138504,1955.4952181243452,2137.618668838939
1.101,2232.252998421288,2035.9655062087443,2265.9319510255723
1.122,2441.819157092785,1925.4590524693353,2323.5334963857426
1.122,2333.827219021261,1821.3887957113066,2207.9292256494696
1.145,2257.2951029908722,1865.6971133412508,2109.164851782243
1.145,2264.5908458430995,2115.0335485524565,2335.7976647767873
1.164,2334.5143433737708,1917.0540100801452,2315.4733891690184
1.164,2000.2458423189978,1877.6446370031858,2200.5813419593633
1.185,2271.1958696416336,1929.8872271204557,2380.885792049054
1.185,2276.0494592168043,1846.7181782950538,2336.5111458706165
1.205,2319.819129801357,1942.354319745601,2428.5205263401776
1.205,2196.013687749266,1774.4963550161012,2291.8144623220437
1.228,2423.911253900879,1956.2458241856361,2396.4196767049684
1.228,2158.874229377944,1913.4717592041286,2331.856084021929
1.229,2276.7657586559662,2064.622180535225,2214.7947260617666
1.229,2279.2592703595674,1825.2839960511326,2187.56210691082
1.247,2297.1708785967126,1780.1553897417853,2262.7099851304374
1.247,2386.7598204641295,1863.4734455528387,2235.425350339896
1.268,2415.4420204280245,1712.2639532962114,2357.2515710837956
1.268,2489.0969581881964,2014.166475475919,2402.9188782252827
1.289,2408.4578799888777,1794.884754164728,2379.8789017641416
1.289,2386.439899429504,1741.6381779952576,2244.8538899290884
1.332,2344.808556475038,1911.589128392825,2331.7419997352217
1.332,2207.7977325779284,1854.119710417688,2271.7445236762414
1.332,2221.1454239263862,1969.816878906314,2132.0333639062264
1.333,2326.8517703016378,2064.1599680557674,2265.4421087931787
1.354,2267.0870580184114,1866.0128762333043,2167.589514554284
1.354,2210.3351079284216,1948.7157725914717,2343.7408091159064
1.372,2487.4993458582403,1779.1200888805595,2399.7941021820343
1.372,2271.0476661750895,1934.4420506301703,2327.934444246849
1.393,2336.172784818368,1915.045340166822,2137.1886573225956
1.394,2273.618452379519,1991.3459069100766,2417.744588732789
1.394,2266.2247036494623,1793.175777760824,2216.8919703790657
1.394,2359.5129955404814,1922.6223760857715,2215.4073984649303
1.415,2404.931212577982,1948.2971757826538,2139.282595446885
1.415,2321.896736381148,1823.840893336289,2349.0864533488784
1.435,2333.5514934647986,1836.1837610172597,2192.9092287866565
1.435,2424.844065167783,1939.1247926437118,2238.6222990517113
1.457,2291.6035959109263,1907.7982553552833,2279.0612776764797
1.457,2249.735582473247,1865.4799151217499,2337.376621901304
1.479,2245.1807773357773,1775.3959000136758,2319.4755893237807
1.479,2227.446435901179,1760.5987446842262,2177.7783525114028
1.502,2412.3046697533364,1860.5506917400016,2270.7258815246
1.502,2389.2426352050156,1843.6273264152853,2389.2477071688
1.522,2348.332927161151,2154.766970436532,2246.0836598904643
1.522,2211.850562015387,1871.2883022332887,2472.955346518433
1.542,2238.1649192792906,1841.9458407670484,2389.194839338663
1.543,2288.1716597772574,1719.3523042368477,2524.416163177595
1.563,2208.079396121376,1819.065856013882,2286.011473759884
1.563,2252.338289515451,1908.5544743264734,2291.846704854913
1.563,2457.0659369143577,1871.0976489779011,2440.5994746646784
1.563,2417.421778513154,1924.1389683209288,2281.394771789206
1.584,2173.2538397360713,1994.3026150222354,2310.048329326828
1.584,2286.149391393751,1948.9253524480964,2304.745930932543
1.605,2344.277292314504,1807.1214343689976,2308.6885008318905
1.605,2309.1295071676113,1803.9865473807347,2394.5079793260084
1.627,2386.312375503529,1865.7891075525429,2062.8150775946315
1.627,2361.267825862938,1889.5516749273606,2259.130438175158
1.647,2327.277901023774,1868.3809165195712,2338.742706861924
1.647,2328.582432025787,1836.9019546116347,2571.169360576993
1.668,2287.6345911132103,1762.1974280513318,2435.60190257552
1.668,2461.807395441062,2023.7894136075738,2327.778417644303
1.691,2341.4385741317824,1838.1975090556934,2475.2836977565503
1.691,2355.679655247378,1891.1451717596983,2193.3382737440766
1.711,2328.9760288593434,1898.787898004549,2214.4879360583286
1.711,2434.578987436925,1946.4299668032374,2368.001647940547
1.731,2141.106154274217,1914.654651149975,2193.830116311537
1.731,2436.300993721049,1908.503232029544,2166.5698342818196
1.732,2254.8517660785,2010.2470591557344,2236.381540626267
1.732,2340.9231370428324,1883.969476958545,2223.665854564421
1.752,2289.553945003227,1877.640196688967,2325.0746350606964
1.752,2264.2478425254394,1895.3408126174488,2135.1915498916264
1.772,2272.9825136626223,1770.1637410218389,2136.3017336265652
1.772,2187.744814936372,1757.6160499343446,2124.675134982874
1.794,2282.978750636964,1884.358311302309,2270.572936912194
1.794,2406.783596451446,1907.4695693471904,2470.7389657661984
1.815,2347.1605224752648,1907.0714274420056,2499.4871159139393
1.815,2303.778711914323,1973.5073608484888,2118.284785927499
1.837,2278.240971800406,1986.0721240364385,2245.002877166047
1.837,2306.7079528768595,1780.2331722075799,2460.058813405232
1.859,2354.8158033665504,1726.7747801489863,2364.208882527298
1.859,2444.9307220167925,1842.7610230427808,2453.651326171736
1.88,2388.7968992632464,1883.5568504074215,2281.4353669788034
1.88,2223.4016972690315,1924.349641792086,2277.741720399948
1.899,2255.452054121538,1890.7481125722963,2331.9156512905033
1.899,2284.2131391846033,1878.0226519340097,2199.485005414036
1.9,2324.293425915484,1757.980747079141,2284.9493618285637
1.9,2199.946637445922,1836.4986315870674,2402.671571470982
1.921,2319.5924994164784,1851.160670285278,2327.2264904243175
1.921,2235.320142327055,2096.002930333616,2372.1700919647465
1.941,2315.489711027141,1864.9328649830106,2253.6812142431218
1.941,2487.6288254583174,1769.6772040376889,1997.0522084433974
1.962,2325.094682772103,1885.9244767693208,2329.281279413175
1.962,2374.449949200001,1850.9529186510752,2349.9485332948757
2.004,2403.176690824391,1930.4746754673608,2201.598772456492
2.005,2407.1219769426807,1844.2435440578422,2354.439047636794
2.005,2426.3926403055857,1805.655327126327,2381.20080610552
2.005,2232.2621480962493,1786.0245599587463,2308.554569671141
2.025,2338.697819952712,1948.1233822520378,2296.8969192890468
2.025,2274.5734326923603,1733.189486140734,2114.818840004318
2.045,2316.988012340612,1978.620325878683,2175.147282914592
2.045,2390.845404692178,1767.3540464168893,2177.0741105650745
2.066,2111.5885877131395,2017.7460063009921,2281.584318798708
2.066,1911.5280272636573,1953.0818381425183,2398.739082384238
2.066,2237.0580401061297,1765.8816843415177,2298.4390105979014
2.066,2550.726670252012,1991.5829037025808,2326.9776722648044
2.087,2264.631646316661,2059.8422662845214,2163.6551632930305
2.087,2240.564175450603,1986.2389915552621,2164.4555818050626
2.107,2254.764720013127,1825.2972051137265,2279.309588011455
2.107,2500.5414340306734,1927.9964347622963,2156.7704264718764
2.128,2375.011081764882,1931.3057573915241,2350.445929286912
2.129,2273.9649715160936,2014.0817824014293,2215.7034470886892
2.15,2344.2651192573403,1926.5313130507209,2297.6836062152597
2.15,2410.561018187307,1727.4254803496324,2077.8921084240724
2.171,2323.8229412823625,1957.0300562723503,2239.4658473809654
2.171,2321.8084660674467,1725.5793858294658,2375.5363269009445
2.192,2195.472484025404,1858.0718851949543,2173.6693313001474
2.192,2515.300432295608,1958.6424546046537,2290.9448131610006
2.216,2234.3553395387885,1970.8902697233689,2335.535019878374
2.216,2240.743846120994,1824.4792661026777,2274.4907911049913
2.234,2310.489988847664,1792.2604066956412,2344.500048190688
2.234,2245.100600593477,2005.3751015768757,2395.4882199135213
2.234,2354.4198086248525,1928.7046439249184,2303.945274962261
2.234,2238.671769891602,1764.26253178438,2213.643272391067
2.255,2294.9648680824016,1782.3808089283516,2308.557618381367
2.255,2476.1341328749154,1921.4971250415492,2280.8996384672237
2.276,2366.8959643802405,1804.2341738535067,2272.93085078752
2.276,2193.9775858068206,1891.7927012555147,2395.181041591959
2.299,2238.3023371119752,1676.3073676395622,2325.979215722669
2.299,2286.3648554525525,1863.6449474288108,2278.8857818739302
2.322,2259.9684024428175,1863.5800777397715,2353.9327585004985
2.322,2316.7969875184876,1807.4841550495491,2248.014374253514
2.342,2333.326425255529,1860.7408828024566,2325.5411747638987
2.342,2307.506282205611,1808.2434953127308,2290.714128839985
2.385,2207.4148257461493,1826.903641392133,2267.5401002360286
2.385,2194.1069209904776,1961.1377540595204,2340.5512290072916
2.385,2100.2336817542546,1965.681949750194,2447.1230762248465
2.385,2287.0233082264767,1795.908179101481,2482.165297649739
2.406,2421.559187910734,1825.3904668145224,2256.643727234295
2.406,2191.5158568670727,1960.2846557546482,2170.7594440009716
2.406,2423.3351994401073,1879.980808107422,2359.5100203025595
2.406,2262.0514992335284,1812.0005547899052,2298.302408355722
2.426,2473.464229709115,1924.0693118318152,2251.878456666864
2.426,2301.4265446532977,1803.3839778660695,2169.3755802051714
2.447,2287.6653513843594,1919.743238749571,2402.97775969458
2.447,2316.906420204474,1972.4421662598365,2200.6661951369847
2.468,2210.3831057929174,1861.6738716440118,2434.7906649377396
2.469,2003.6863952909728,1849.9893331876876,2343.813955309361
2.489,2208.2134364073254,1958.034172867409,2248.4050986506563
2.489,2188.8720447182714,2061.0295741294867,2451.402611088056
2.511,2415.3153657447206,1865.5803125921132,2244.5127405507415
2.511,2197.857476415734,1860.398223815618,2056.3936921161153
2.532,2545.390757953407,1783.9011339825713,2365.4416921337915
2.532,2162.7543425882213,1896.0013979022197,2318.2963617933556
2.553,2190.732260188991,1836.7863057289755,2138.175160382298
2.553,2187.4220627954514,1909.210375627818,2247.1470810396895
2.573,2218.2186465609,1920.0411772514735,2411.870663468128
2.573,2301.707614844394,1898.0748172967053,2214.2196860172166
2.575,2458.11039213957,1758.9919983250873,2319.8805581258644
2.575,2321.635955046801,1905.0265440994979,2201.112498340818
2.592,2379.1641297323467,1959.6907817615922,2186.3434733795266
2.592,2436.582823093854,1948.870642127797,2329.1634517118446
2.614,2448.844395471143,1900.6089249529737,2288.423377655829
2.614,2196.06581799383,1711.4894435939973,2149.0498693146787
2.636,2146.780700275043,1957.7479732458953,2376.749349864658
2.636,2342.250588216399,1879.8817907130906,2208.347903552569
2.655,2498.1555124473343,1975.448638664267,2187.278098096235
2.655,2458.462596596923,1961.7097173434063,2174.170798131691
2.676,2300.2922806681077,1841.2044046945832,2430.9386409513017
2.676,2224.928921201518,1900.070564594384,2309.6565948224725
2.696,2262.0718918435605,1824.7676664058822,2268.636657064495
2.696,2344.4943981572196,1880.9004225275144,2324.335234459713
2.718,2135.5684527599115,2021.8729029616109,2305.8609512892426
2.718,2337.5287052226254,1740.6450977418426,2266.6011505363813
2.738,2499.6017154209276,1875.0868495294371,2290.7772204983403
2.738,2292.4720268298406,1995.6834667004914,2457.554650033548
2.738,2238.1368782987593,1939.230381049547,2271.911085952846
2.738,2480.0961732366013,1874.5369973068791,2346.517312135919
2.759,2427.999904532022,2037.9529601519441,2455.284524442098
2.759,2396.2030088338493,2019.848177259493,2237.71625317257
2.78,2306.6006570190716,1826.6979529130426,2267.5005815747695
2.78,2223.479543998025,1880.39856950748,2238.0385109383406
2.801,2345.5595831193036,1797.195624122782,2210.135061686535
2.801,2287.051313305307,1890.303938789882,2258.009048700509
2.822,2241.521492264304,1891.16299605322,2231.806547646184
2.822,2441.796722618962,1910.9017134419837,2185.110768700206
2.842,2233.950555445987,1787.5132225146524,2075.405133719932
2.842,2376.8590863659097,1850.9378793511842,2408.2927876106396
2.863,2150.4141876225854,1863.3596820207415,2453.5373322389414
2.863,2203.121231254253,1956.7307989860267,2174.987757297505
2.884,2260.1992525468627,1968.1227077804713,2288.733580012647
2.884,2296.5810416206095,1809.8648458373057,2278.77230505396
2.904,2399.9635125149784,2036.1402884159934,2107.297796158821
2.905,2322.3378384558723,1819.3330265984382,2219.69508844116
2.905,2308.7396686979455,1936.5324634248877,2226.9325034296958
2.905,2323.180823235705,1924.7012168552026,2228.730863985561
2.927,2283.2559163700453,1880.7942344950873,2459.715754434206
2.927,2381.058908506805,1880.8872557504367,2330.596538087339
2.949,2263.722279594979,1907.724916039943,2269.4563088984187
2.949,2278.788501577236,1881.3690316428037,2208.8128391369087
2.969,2415.238038410018,1990.665840689543,2107.0260582100505
2.969,2340.768017979457,1933.6281139042094,2357.0127819277363
2.989,2349.99162031374,1890.6567292214834,2189.466960582241
2.989,2338.619685523742,1748.2837154384888,2121.011700804203
3.01,2277.3365807401497,1896.3132001343345,2228.460172715291
3.01,2455.9172137576084,1838.1143277192018,2269.649507138234
3.03,2203.916561654463,1925.8467589252698,2186.3138005029105
3.03,2489.3989661448313,1807.8254099627727,2350.554333414135
3.051,2578.960775889863,1805.0784974571459,2228.855957825657
3.051,2248.3054935013442,1951.5542541408968,2329.7510831911986
3.075,2332.0153993466192,1796.7234902261957,2330.0491728095117
3.075,2346.6067931359316,1729.0337048828578,2372.4151558615695
3.075,2537.3198183325994,1862.039839919602,2089.8313674301708
3.075,2180.2869762419755,1862.4199965944047,2007.9070061309703
3.097,2469.3267265690984,1918.0606142927736,2302.741014288949
3.097,2411.4471900677236,1834.4838415431568,2119.1485272693303
3.117,2407.8187897420944,1858.3774928883836,2356.948674486228
3.117,2182.0897930936185,1843.8734061895943,2297.444014870969
3.139,2410.7528726635273,1770.123236604091,2177.3449513873925
3.139,2234.9973393168902,1933.722863306642,2138.4969489945897
3.16,2319.8908528575994,1750.4187560448777,2095.102619259972
3.16,2305.19974383076,2039.7910527645197,2108.3044784927133
3.18,2335.5942138384144,1737.8432371470599,2184.603113977964
3.18,2310.6927802218047,1870.3576757680644,2289.963915293063
3.202,2276.3846634363726,1825.5257772427988,2340.6141699165055
3.202,2231.466651588708,1828.5976018745043,2203.8904280886436
3.246,2278.068380008008,1935.6603455354154,2160.2087591625873
3.246,2355.469112778087,1923.7872228636254,2320.6302746011697
3.247,2441.1683414556082,1841.5584120139508,2338.2563719685836
3.247,2332.452778036476,1984.81542006046,2182.211078983944
3.247,2356.9035829284453,1865.6548791208006,2317.4481044357294
3.247,2169.1742373960346,1780.7507858049808,2362.7624154728915
3.267,2241.780481565276,1916.1224541438282,2313.5672414805917
3.267,2379.8532192776524,1980.1306150161913,2293.026335004298
3.287,2259.9011828073117,1953.7871903000826,2201.4394915926932
3.287,2297.0512668723272,2033.7677972817562,2326.9869570116352
3.307,2513.4482824212487,1833.6853499448193,2035.8369281489486
3.308,2245.6317072816946,2090.950488965599,2233.832301280179
3.328,2355.335634116244,2063.1334364743457,2291.0929043387787
3.328,2263.210882402906,1913.0048841573607,2285.85078757539
3.349,2240.8495265819265,1955.0921967853317,2258.9333243823194
3.349,2338.3836669140014,1965.8127791995453,2203.0529428019468
3.37,2330.5904053318895,1908.8091018480095,2241.3410725879617
3.37,2236.6656289816506,1962.4624996221328,2451.708551456036
3.39,2259.5445931668933,2094.558690342545,2164.408355092592
3.39,2445.9978065778023,1969.9313664581848,2471.8276490671333
3.411,2320.159750428594,1910.5370450403118,2411.9070740958273
3.411,2266.021546590594,2111.3175940513765,2506.2078575352543
3.412,2228.889377052799,1886.059383891917,2189.3518377577134
3.412,2414.014021903656,1869.5595350197268,2448.6208953046107
3.433,2393.4377190383457,2064.2728456280474,2435.264489939114
3.433,2371.4847604976844,1889.4830712875612,2359.8587345695037
3.453,2191.84057335218,1876.1996079884814,2488.565066556712
3.453,2334.5275853897915,1996.6708693453745,2360.6912279128255
3.475,2187.5495256751237,1822.4510900633115,2336.2665803869054
3.475,2448.923013556596,1957.3146550830422,2399.3023828463774
3.495,2324.7932831647945,1765.0165157747701,2473.505802452366
3.495,2233.3083883914696,1957.5771288194535,2300.2902969447673
3.515,2259.3434140397603,1907.9849668579677,2100.2127004105637
3.515,2319.41787744778,1861.7793197202068,2013.4001986112976
3.536,2553.4504613106474,1872.4578831359877,2200.2707488790106
3.536,2313.610656789416,1840.7806352695357,2388.523262246303
3.558,2151.636208549413,1923.515067333228,2357.8280373192083
3.558,2073.9885970742307,1931.4013992582131,2261.3407199567664
3.578,2419.5096151905473,1801.3045280375206,2228.523677278125
3.578,2243.243558592271,1984.987806658583,2170.0931193003594
3.578,2608.763022083059,1796.1141097381058,2381.9134802006515
3.578,2396.07862951418,1876.7908876896681,2338.340883447204
3.598,2387.7917753337874,2026.5583048391231,2284.5137740507002
3.599,2310.9730841967335,1939.450952722466,2206.2198036485006
3.62,2226.0936875677544,1915.890417667639,2225.1562613208853
3.62,2416.474046936226,1874.5018679576424,2368.668237279619
3.639,2370.6484373203584,1870.9254395163225,2135.109690385312
3.639,2302.0707140769027,2026.3172930625926,2253.8398255348707
3.661,2101.0565999915934,2027.6379856890994,2254.523993461639
3.661,2220.2280380869465,1771.559595635224,2172.4877472480734
3.681,2364.0071883349797,1889.883407246567,2247.95838396925
3.681,2206.201659208711,1886.9075625183339,2325.7269154989826
3.701,2256.9134893311552,1895.3606208913902,2253.8185838705635
3.701,2392.638683584496,1904.0383546234766,2302.817819780112
3.724,2406.195289199001,1762.9340948205927,2347.596697950963
3.724,2281.9583464862603,1798.0461012850349,2187.474878509106
3.746,2562.4324295172287,1919.4586627567728,2200.688348779285
3.746,2331.295172708448,1803.1012757688231,2255.698521144856
3.747,2339.5430304379315,1989.6396872485304,2358.8304906557537
3.747,2170.851627285683,1934.283222152183,2364.043260422824
3.767,2404.015885928878,1809.6555033279885,2292.9739087366715
3.767,2344.303103624397,1989.83631893434,2351.015944667222
3.787,2214.0721410840342,1857.735222796877,2246.8376499716264
3.787,2230.544520378664,1959.8393977014357,2482.509241622749
3.807,2437.4485168209235,1918.815347454137,2498.970226092441
3.807,2296.5287573889505,1798.755374207216,2337.717133741589
3.828,2457.5025882861605,1824.0149358804858,2158.038979608711
3.828,2612.5481003098453,1872.7291089035582,2329.6790630151836
3.849,2464.5872500245405,1824.5305565109738,2521.147262625953
3.85,2339.9403234035035,2016.271152430631,2377.167976911614
3.87,2382.030184686932,1933.7310134810496,2072.768472914515
3.87,2359.0635805393763,1733.2534513824796,2576.654325735315
3.892,2310.617999177196,1796.2894534323946,2305.225705638307
3.892,2424.6586492498436,1866.7867319409354,2260.578159497535
3.916,2425.144758430245,1889.6778163961142,2308.2446444231796
3.916,2362.3635945705455,1836.5232032144168,2309.185522882367
3.917,2163.049728187465,2049.320773976804,2482.33652473224
3.917,2405.7640143070594,1830.815843654308,2530.7926585540977
3.956,2153.374796506373,1997.2981009573002,2314.1152064387634
3.956,2420.3153654064076,1820.029379467572,2260.4935346806624
3.956,2400.4891755994154,1890.9316739986948,2245.8989410579666
3.956,2250.12627662588,1947.9587238654597,2513.1276145065467
3.974,2222.817662567165,1889.1692298709588,2100.042421399475
3.974,2286.657939782226,1773.0042647017274,2360.7225073897953
3.995,2127.3138346880537,1903.0511010041953,2411.8407381783622
3.995,2336.451471435249,1820.7578257592127,2224.266708620714
4.016,2373.0748435995342,1774.022423994599,2333.6957249651355
4.016,2147.8087306364337,1855.0359252178202,2510.983718785416
4.038,2429.8622432130933,1805.5204557512452,2285.178732107605
4.038,2482.174377223367,1922.038367714756,2250.4199776231703
4.059,2150.6653594376853,1829.2788489381019,2272.2964714515756
4.059,2514.2956602747104,1802.7561311398445,2320.209351400137
4.078,2333.2244359466686,1842.5018212501009,2248.8526030003263
4.079,2126.252762614417,1844.5396226969935,2353.786753442964
4.079,2258.215176847803,1763.2264739282289,2368.900196778281
4.079,2018.7241660927352,1877.9515645852991,2274.9415891332505
4.1,2310.905275662061,1739.5705312835155,2190.464249688876
4.1,2220.801422482824,1930.780635341179,2058.9074415025525
4.12,2460.886882189519,1714.1425484989247,2069.732353045336
4.12,2234.312326201365,1662.9819664038312,2338.4938145753185
4.141,2151.3483551376285,1804.3583610093078,2327.777490726339
4.141,2285.5535374343085,1937.8656711007468,2192.626924487526
4.162,2445.841700394375,1821.9761808009393,2208.338133487444
4.162,2427.4515340804696,1701.6516273643897,2395.1853998259417
4.183,2312.0375399016766,1930.147880543628,2216.6484671877306
4.183,2251.059326873848,1809.583248971881,2305.12950253538
4.203,2157.5969804409206,1774.9447421475154,2482.0547513526617
4.203,2419.479038387188,1795.1778509222731,2428.474151923056
4.224,2286.979150548221,1862.8283527003541,2375.764181696655
4.224,2203.6027614163586,1887.7392824927276,2316.7768950249892
4.245,2224.1473994909024,2032.1571836651394,2397.209205007603
4.245,2364.41373323792,1885.2857187857128,2159.5148019854114
4.245,2260.979352296933,1986.6059952541307,2312.2440180871995
4.245,2414.871759984582,1871.4793155530476,2258.9035081248417
4.265,2263.750576422859,1816.6516480923892,2351.5655333691275
4.265,2220.3473579522574,1901.6087742123507,2405.675477498773
4.286,2274.339349991746,1867.326822667721,2259.371425844082
4.286,2173.556762228805,1768.7067559004943,2387.019414820691
4.308,2271.6514734831553,1778.2681615946487,2343.5531175455903
4.308,2229.274235455488,1808.3829378389892,2540.5001420823583
4.328,2375.413995773802,1881.0997015979121,2281.469200763282
4.328,2448.4082120471603,1898.3324181895982,2359.668564297816
4.351,2473.9460032787756,1840.3614878693343,2402.25301992158
4.351,2492.4958367187364,1840.0446090780588,2325.077950966978
4.37,2376.760062684559,1890.0310127211173,2265.170419921453
4.37,2421.4213869574705,1930.9418697279732,2340.879755711153
4.391,2173.212424293376,1879.0824157798788,2454.058605376555
4.391,2550.9695681635953,1880.416535998744,2512.1575204617952
4.412,2194.9435424390776,1972.3602036674938,2283.855136336463
4.412,2233.5917832527457,1729.5261337263344,2311.5662445616895
4.412,2476.02271460702,1809.0177587210712,2469.825737217642
4.412,2176.7241675385426,1922.5634971101822,2127.516143514825
4.432,2484.4483861589497,1763.6550261179366,2237.715462068394
4.432,2343.63076659514,1717.5181260265679,2306.2494664279893
4.454,2420.9139391268277,1934.990806867911,2267.5118475262448
4.454,2299.7117196240283,1685.1654867580455,2272.427941801167
4.475,2283.096175377975,1851.493262662771,2354.779750964399
4.475,2433.0679785598204,1980.4020580971237,2217.382154534287
4.495,2396.4292710096674,1722.2227747606428,2189.1754377179777
4.495,2276.252549371046,1744.9089995879237,2493.0776534843376
4.517,2320.460228560749,2024.935228540448,2206.608209754606
4.517,2328.4605319153616,1892.5072273266667,2391.6391010227094
4.537,2414.234956244618,1833.380716910643,2453.2627590860875
4.537,2357.2429485232637,1758.5828769820457,2348.4345391245415
4.557,2224.830653697513,1849.7336675457334,2347.8245959062706
4.557,2258.6686689742314,2008.9673248284616,2210.5851865144277
4.578,2266.3995427540467,1758.4606050285072,2225.485336894653
4.578,2292.3750129886425,1795.305985222297,2371.655894063445
4.578,2315.382390594895,1794.8690510649558,2320.1114570004083
4.578,2378.284790150224,1848.2343603015192,2326.2473009675828
4.598,2286.142452026941,1934.859027504355,2397.035776764068
4.598,2239.7446323196273,1899.877662924519,2449.9876756584194
4.62,2251.456381756559,1814.1520185616357,2448.579510068935
4.62,2489.2082567645466,1781.7575000160796,2362.511516880117
4.643,2529.6881524167648,1797.933551311241,2164.2694374677126
4.643,2303.8988859943365,1705.307088007761,2427.427786597806
4.662,2266.3558905657565,1887.1121387794974,2263.0006215102276
4.662,2269.1045275979586,1797.2636993695937,2362.52072164403
4.683,2292.511923235011,1772.8804688302396,2145.802699091533
4.683,2291.158173047174,1676.8203806572403,2416.9119384622786
4.703,2395.294766115783,2015.0619938937116,2218.1833659979875
4.703,2380.1402996219604,2017.3451653627342,2314.7536300258735
4.723,2385.8742428717214,1884.0304230927277,2113.204218135737
4.723,2525.771858956817,1953.349056920923,2341.489001163096
4.766,2410.5221528912452,1729.9839775147293,2242.327718520235
4.766,2424.394353669311,1823.7931902915554,2389.0889527815107
4.766,2443.8478823077767,1955.8000038830962,2355.4642572193907
4.766,2511.581178748767,1737.3806641237122,2302.3135705028576
4.767,2475.9539386164442,1976.0902604237506,2237.978280576272
4.767,2337.270434540862,1937.6932788482227,2400.8676734922137
4.785,2279.358014111365,1761.6024978048204,2554.308788057124
4.785,2238.355813261531,1886.509885165021,2453.1716929793297
4.806,2338.3666121576844,1999.1339078208543,2464.6790049422734
4.807,2452.1012318859493,1874.3152943834998,2413.718919276732
4.827,2381.93530665048,1784.5534516944329,2247.7574138091313
4.827,2347.7849366691553,1894.7337879258673,2299.4577600648095
4.848,2355.236908966901,1912.2234881295055,2395.3359738895438
4.848,2439.4775807313677,1847.517563331187,2361.02796633962
4.868,2168.81106882067,1905.1225496087193,2359.6444001564714
4.868,2254.0925495730057,1767.1242425581381,2386.5711462404547
4.891,2541.1577646274995,1851.9182541013697,2225.9979358130217
4.891,2358.125592332173,1723.729995224372,2262.9374879046236
4.911,2585.2563119643523,1773.606622176362,2106.384298889778
4.911,2503.7057154759414,1782.1767533141883,2334.86908029367
4.912,2193.299513241311,1829.610455627321,2382.662276138948
4.912,2345.792960049087,1833.4675018027524,2448.8770469617207
4.952,2480.169926515878,1977.376220521708,2358.304923117585
4.952,2378.5724985906922,1829.805586443956,2429.1974303960133
4.952,2364.891071749807,1941.6798067118054,2377.5240728605713
4.954,2384.0302843001873,1928.620117487493,2371.259217094149
4.973,2277.6239815030885,1801.2334359778345,2313.0124136260342
4.974,2264.2068421665676,1889.4096183514503,2398.214072037997
4.996,2417.813330872323,1906.8692485490826,2217.8850789281855
4.996,2328.515393650705,1885.9771171084249,2435.9019368936442
5.016,2293.926495462022,1898.7223982250744,2310.5454220359143
5.016,2356.0237278688633,1983.817601798774,2277.187938020392
5.037,2220.454272398672,1686.220421515798,2329.793473447008
5.037,2303.769334270724,1933.446969387903,2195.085091269585
5.057,2425.71940519279,1598.1769534517875,2116.994507839126
5.057,2355.605647269191,1782.9437248054167,2225.613817681114
5.079,2300.8950604921097,1729.2159845739357,2441.1973127612573
5.079,2387.191945284643,1768.0687566576419,2208.4044704250127
5.079,2194.561736978175,1844.4071354769153,2338.1237824791
5.079,2342.2707986676273,1884.7274075727464,2274.0577798882036
5.099,2147.3919481918215,1874.6516832045536,2285.483447892037
5.099,2216.9532005189,1885.1298986515349,2263.143435764444
5.142,2434.404599395127,1916.4563806728374,2180.402359592008
5.142,2307.3798622361605,1991.8669031721515,2297.3352887379397
5.142,2166.8942710611013,2002.0641644721934,2449.548886223018
5.143,2273.345588108346,1993.3712563165188,2304.2876403214023
5.162,2392.957561591175,1775.545252204037,2200.273851558666
5.162,2163.6332660152066,1767.3321964515187,2395.899686016502
5.183,2394.488380459866,1963.355457483468,2467.096383336526
5.183,2295.0498060632267,1939.7202358254888,2466.6934661261726
5.204,2281.98012768585,1810.9197125647888,2257.2624936037696
5.204,2560.440570742589,1842.5289335639122,2218.188201564249
5.225,2357.3847083971013,1856.6306662859781,2314.0401600255123
5.225,2371.7630458562385,1921.74287554584,2334.8022175492047
5.247,2315.034630549827,1771.3783900028966,2359.7099033738355
5.247,2574.9435807675586,1921.2179145417801,2319.6999840377557
5.247,2357.806198507789,1866.0112207466657,2360.0388532775864
5.248,2468.6662960972762,1816.3509376019122,2411.2830750041594
5.266,2212.079321159271,1747.9285673497163,2347.9749402725
5.266,2480.826016532231,1864.0589423142435,2273.4780528955125
5.288,2513.0366885141166,1921.1538682613048,2364.071293648127
5.288,2262.7726942424847,1951.876892765296,2368.9508712376846
5.308,2468.759326207529,1742.6749415799459,2285.890844509078
5.308,2396.6214360716954,1880.8692815510992,2307.0031590711305
5.329,2163.002186905451,1736.018738434779,2316.135708653145
5.33,2235.0443939876054,1822.3956726097908,2175.4864500481053
5.35,2223.2180008649916,1893.7225644518371,2322.9720368643566
5.35,2603.4478760153997,1784.8185299448576,2082.119113967139
5.371,2382.0058365614254,1837.4446726139004,2209.828301083433
5.371,2265.1876406261845,1933.6489770245526,2334.6420738343877
5.393,2359.6937557479487,1835.4854297100665,2360.8856301476035
5.393,2460.434444363541,1724.679167600958,2267.983604641565
5.409,2101.600649874779,1763.365917584487,2322.9096840940792
5.41,2446.558431842968,1881.034684472191,2406.435315065437
5.41,2241.7137143375794,1697.136591318546,2318.4403417272665
5.41,2271.188629175188,1855.2505894811004,2344.9924376440713
5.43,2301.992638034236,1935.090351919666,2203.047808830994
5.43,2298.7749089760287,1942.1730470657553,2334.6829807441436
5.453,2429.727906987106,1776.583823886743,2207.217960842373
5.454,2330.2132745998815,1846.7537374635901,2171.270183467536
5.473,2297.4070163435936,1996.5406313189078,2218.0017670535294
5.473,2253.7176395752804,1856.7315075052022,2216.5056068386566
5.494,2405.174789198266,1842.3693868663727,2293.8572695312046
5.495,2138.6442818491187,1686.9033169673442,2278.126099523495
5.517,2496.3868031479383,1814.5930413263231,2264.494123388668
5.517,2340.4057574139456,1853.845808316179,2330.3484085419295
5.536,2194.28622694566,1632.0399614128717,2482.8072105889237
5.536,2497.2588358397056,2032.85629153948,2350.890786343543
5.557,2287.15042775588,1890.5832394436939,2346.006780130964
5.557,2369.566743722186,1798.2100581048574,2362.2016219077996
5.578,2387.5804862114305,1897.5929184283239,2294.0216407310613
5.578,2391.7578412090284,1803.7679728391465,2335.5452925127342
5.578,2317.8841937917405,1963.4122947041656,2259.445032488964
5.578,2289.9336524552823,1797.1885281225698,2527.932128062184
5.6,2436.12251540019,1964.4402604354298,2288.786081071769
5.6,2245.933391090148,1833.9374120764596,2352.5553604603365
5.621,2254.5332535039624,1791.8635752433922,2422.8501050575987
5.621,2184.3358052221356,1928.0410640047141,2360.080106002432
5.641,2261.2148786618586,1902.545676104092,2460.26093984777
5.641,2356.5081039791958,1921.7024505634952,2424.62189799725
5.662,2481.427789247624,1865.1142477077915,2276.4304950767505
5.662,2453.821644299861,1872.9336897059582,2294.0037167391083
5.682,2190.7566339907644,1842.4718393697622,2409.9959491701766
5.682,2055.706521029807,1793.4688162683847,2466.574871875002
5.704,2444.156281068881,1742.9880107624579,2348.613777270978
5.704,2215.990437265197,1965.5879984910116,2343.449256583781
5.724,2138.915235404828,1865.4058178442199,2398.6313695539416
5.724,2451.3312046953297,1893.7177246320964,2308.882603066167
5.744,2496.0161245846734,1815.1442356437597,2442.0671737656744
5.744,2382.725642643583,1778.2311045748438,2515.2350713575624
5.745,2302.900844240374,1830.6166147778163,2222.654527501835
5.745,2128.395339981601,1846.979456662439,2377.608605181529
5.765,2303.48583309131,1851.1314603680971,2370.6780740031413
5.765,2432.3693466570185,1917.7653613515797,2225.448173618951
5.806,2419.0380647003444,1812.199767214305,2432.972510904055
5.806,2347.284221600696,1991.63146480954,2355.881281392677
5.806,2314.672310457829,1809.3459422320927,2187.2160066108972
5.806,2249.744430728478,1864.0934459129235,2345.1756098620854
5.827,2215.536423022588,1845.0853676635468,2301.2368057642425
5.827,2240.8332281735206,2010.919798800863,2465.4867331707164
5.848,2359.021006104982,1908.8611209135486,2527.924449508597
5.848,2475.4491094208083,1992.2191636836271,2437.9658222528687
5.868,2307.4760480395344,1846.6592538992459,2383.1735009705685
5.868,2589.56847214311,1735.8857931490218,2230.0258259489788
5.889,2412.0834085262018,1756.8340106075443,2310.946281452868
5.889,2336.5286147936226,1812.77740962246,2297.02253532351
5.909,2246.7962008330187,1897.4052800249474,2402.303568304066
5.909,2462.6959875820867,1838.953353406305,2203.547782395403
5.909,2324.1538465607828,1690.56520100428,2308.912614865701
5.909,2383.727957644748,1761.0778449013371,2364.695988631001
5.93,2205.598715991737,1735.422524168067,2400.2842735031445
5.93,2289.9954106471364,1957.2986670400805,2372.6948868571517
5.951,2348.223593286915,1946.6316804679943,2363.3134556125924
5.951,2311.3214500968056,1904.953947935961,2252.454726740113
5.97,2367.848906384752,1732.8253668658633,2256.883793063218
5.97,2263.2061032609013,1851.4044700003526,2531.2653693459474
5.99,2422.907257811896,1959.909169707731,2435.4347992980083
5.991,2236.7304003586264,1867.986872653473,2197.68806120998
6.012,2458.5734588052005,1800.9794193976732,2233.442019371731
6.012,2246.448635699243,1727.1133386113995,2284.3838214959287
6.034,2422.633382192201,1876.8891144100098,2411.540081160294
6.034,2457.5184269675306,1928.2081396917463,2259.3567322203317
6.054,2088.2784505176596,1834.7858132579927,2150.3166901625846
6.054,2355.9454652889804,1745.3119690577062,2435.118132256964
6.075,2167.9340614682505,1812.2744572282377,2407.722799350002
6.075,2336.2053452656246,1851.6428117118537,2307.753438736455
6.075,2186.9193956239587,1802.880862230354,2564.167770924946
6.075,2357.8569504112934,1754.9015334545784,2240.5038589834066
6.096,2425.0998006642913,2036.0507754953867,2279.2925809395288
6.096,2444.805383415415,1914.2889399424273,2285.4478961322
6.117,2336.407856421538,1982.2481103031955,2319.176024159211
6.117,2277.3184601854896,1782.3557250276674,2275.1993809278592
6.138,2292.3659891676966,1622.626265280567,2318.058155169684
6.138,2354.5692447001475,1799.121960620539,2324.1619587379846
6.158,2254.2617774704754,1798.189813681629,2378.0324774182445
6.158,2343.5373811080667,1828.8292614684522,2317.76865936683
6.18,2157.408903680368,1775.4607500674963,2403.146339641543
6.18,2302.079119008496,1813.3582688905287,2167.3870575518313
6.201,2526.531576474655,1812.8975272900107,2455.2923830626187
6.201,2391.2780397557685,1919.132829184892,2315.097635110221
6.223,2252.0763533757054,1738.1042885419718,2260.628813566623
6.223,2342.328185066289,1909.9799684328243,2217.7330135006932
6.243,2364.9763626682225,1942.8015769806318,2485.5475915078864
6.244,2449.6522937550035,1857.4404160056279,2308.004297450882
6.244,2125.314646185922,1880.9710787191102,2417.608170915744
6.244,2284.3028555265114,1884.5265842567856,2247.54653449248
6.264,2317.585600723318,1877.4990124433991,2301.839794089364
6.264,2278.2652929760025,1940.8273509325152,2095.6279391966536
6.284,2371.0076807436762,1675.5230344890438,2346.17880864597
6.284,2181.8336987957464,1936.3642955019216,2317.5571062779873
6.308,2289.6968234681335,1957.1611533148312,2481.7737062697915
6.308,2381.3713198778732,1849.2602710557028,2443.518714306952
6.326,2342.1931751098464,1793.9149614811818,2237.8810268550246
6.326,2421.788148644881,1857.992493268828,2384.4775270843766
6.347,2283.8795333077833,1756.2492218563812,2241.8593528647793
6.347,2320.751651470309,1577.7014319089121,2307.1334328547605
6.368,2501.4276508274197,1870.6647388420213,2279.753357398219
6.368,2453.464694652598,1887.595959967866,2512.8460803964335
6.388,2360.5049176947405,1869.9504533368479,2274.1947783468463
6.388,2352.9772958014423,2021.284204130342,2522.29185887158
6.409,2424.3792658739103,1940.5094538520561,2300.854232123153
6.409,2173.670278893125,2013.409508277483,2376.0521208657856
6.409,2111.0373261858103,1883.2292828007185,2294.4639576980153
6.409,2461.5229803205975,1900.7351793512012,2232.7851132696633
6.43,2293.8716746533005,1672.618105892971,2278.0106933269026
6.43,2289.533115005305,1773.2259240839287,2514.2651507866667
6.472,2366.246219194736,1800.6855767971604,2256.63474265966
6.472,2271.6777047754344,1757.2165062943723,2250.4799134549976
6.472,2438.2823240213515,1899.5809261869053,2197.6046880459203
6.472,2371.194952216323,1700.6354003515362,2219.3349276863974
6.493,2393.628753676866,2038.7593882478304,2204.578035504043
6.493,2340.24607107203,1841.627053961373,2242.4576076704734
6.513,2419.1002464174244,1873.8653408772948,2360.2696183452695
6.513,2275.839267058452,1929.0752145988213,2379.5005174306675
6.534,2308.510742116836,1947.3538109964197,2482.8724197893666
6.534,2480.986212035347,1832.141032566092,2250.6552824454348
6.555,2223.0474183739993,1660.3504532991158,2477.380322509701
6.555,2452.4509769334068,1839.707537042133,2395.3645274664595
6.577,2330.2704835184454,1951.8969800521086,2310.004841716668
6.577,2260.995605233671,1956.3620252157214,2376.6725481297017
6.578,2500.798525383112,1982.2211927569604,2506.627987910234
6.578,2409.6459388184553,1878.6106836320805,2294.639496948236
6.597,2359.909425820002,1941.8149206384023,2208.1205747290082
6.597,2319.3531409222414,1919.7627879181236,2353.4410630025936
6.617,2330.230015405348,1948.1265522289668,2282.3017352835986
6.617,2169.1723109866184,1705.6577126900895,2541.050824458416
6.637,2209.288681278607,1762.800618235524,2254.748523308352
6.638,2387.9677261811976,1810.5613161042168,2089.0918997041786
6.659,2400.0092687164383,1865.3386578062546,2202.2360544951766
6.659,2375.1313221378387,1927.390976203572,2319.9914030003565
6.679,2428.7516592444313,1776.3164848690615,2262.55579996425
6.679,2308.7325806010854,1858.7290445083984,2118.0928486577404
6.702,2631.76971549411,1867.8423034946322,2457.9680067903378
6.702,2261.0445160199247,1860.10419073332,2287.4347203916377
6.72,2199.6102690348066,1813.8941344795523,2230.5219892529462
6.72,2524.9634698731065,1722.976573695011,2203.2805317110215
6.741,2453.6892232145756,1853.8049895479462,2416.3628990080388
6.741,2534.8762926580375,1934.7764452726208,2165.0750815781676
6.741,2343.045558343069,1753.6580040390568,2140.1350423540625
6.741,2406.638885134389,1962.2863965681343,2108.000473075287
6.764,2260.404054908043,1808.470878057285,2419.3265259783434
6.764,2431.9654852484673,1880.5098907550364,2263.097067771388
6.782,2267.9883166041955,1839.426834940622,2330.194872827936
6.783,2450.208018373631,1856.7032140627334,2141.347401987896
6.804,2217.850946057129,1873.6974201949374,2411.63539043958
6.804,2410.0238485422606,1957.3099774583343,2300.1626304930132
6.826,2339.641169345677,1906.8094868373744,2224.7919468133987
6.826,2364.0103532859275,1922.9213900114846,2362.701937048934
6.846,2400.018172915789,2025.211482182959,2349.2888119760923
6.846,2304.1964880368623,1830.9388060644178,2250.1803609609524
6.866,2325.562378382129,1893.5852587337952,2487.670964124476
6.866,2362.8986841661617,1749.3618470654644,2238.1598832688874
6.887,2193.3505152686917,1801.5239071483422,2362.0722148215937
6.887,2280.359800795254,1886.5172558628103,2321.636366542957
6.907,2311.2575523078076,1806.9092783740584,2219.993027571509
6.907,2356.164382659593,1762.0451039085765,2289.2650267100357
6.907,2285.5604213922074,1713.2169099020264,2279.9267509376277
6.908,2411.1575576939304,1884.3627681195987,2405.7826827566096
6.928,2266.6127320502032,1751.3742039393267,2318.8852525407724
6.928,2261.3891273461686,1864.2838045846727,2231.202911435228
6.948,2187.143561020144,1883.9925929374656,2249.842768308632
6.948,2154.8712316791657,1887.2929611910886,2298.5746914982765
6.968,2406.424001621494,1824.8509597139675,2422.294776410654
6.968,2339.936038589256,1735.9554353238839,2199.975009649828
6.992,2412.389631022052,1811.5387409779469,2476.5803891996957
6.992,2560.0926230753184,2001.3564359528734,2384.228902211434
7.033,2448.33584633868,1922.147143831635,2392.4548883676625
7.033,2419.2318773579277,1972.8856537930865,2253.5233746305407
7.033,2296.834977361807,1910.2168800999748,2405.9054361027843
7.033,2324.5751402912438,1832.3531021158594,2395.025979145621
7.054,2212.2816805853927,1839.3293012076836,2302.026493956722
7.054,2339.260112025493,2019.1064714442514,2309.5436208399556
7.077,2184.5972547495417,1887.9403954444613,2193.41008024625
7.077,2110.494847041623,1823.562617676153,2430.210592940544
7.077,2425.8296791391112,1707.0537805048732,2454.12138662766
7.077,2190.7954009018717,1968.6637792581882,2426.7379987207537
7.097,2472.4716458421044,1862.6810877775642,2330.133220989653
7.097,2257.3779184341797,1867.8018892514963,2174.081822913518
7.117,2397.3538993288544,1902.298053016144,2335.191929934744
7.117,2388.372411415207,1823.4049632164351,2377.8463813769386
7.137,2237.279070544177,1827.3572788091708,2327.2956012776694
7.138,2306.986600564694,1831.6059805516936,2127.2169528230647
7.159,2383.1492483088387,1943.1653621054932,2371.4110136351983
7.159,2319.813058147344,1947.5190690541972,2240.73642747123
7.179,2196.885189428273,1928.588313211212,2223.941512549414
7.179,2239.2368008861463,1934.6312809318401,2340.555430808233
7.201,2533.106956090934,2029.762363211009,2347.5839115153253
7.201,2195.3671907265075,1843.8397705484585,2297.532439186948
7.223,2255.03476240584,1830.310131497996,2568.419744043026
7.223,2383.658796083121,1863.1350254182753,2455.3471385751145
7.243,2108.121870651689,1935.7552060102987,2500.3840576029297
7.243,2313.1870201123684,1853.5087988038617,2232.1817947149025
7.243,2172.924048550529,1818.6271573444565,2291.6618055992626
7.243,2356.128699471127,1790.8357011195228,2245.1801629737447
7.264,2252.9730005909714,1755.7925683409567,2252.9026197575927
7.264,2397.4820410391453,1636.8716400765686,2291.724376751691
7.285,2422.9457722555953,1807.0039729377415,2328.251604879019
7.285,2149.1573549638533,1853.3009553584309,2246.8859207224345
7.306,2105.6301297793098,1845.9454405495912,2241.0943497732646
7.306,2211.029724834797,1967.775777052267,2213.3856972105677
7.322,2247.4821613438894,1851.3348596883636,2457.9477791387285
7.323,2447.927424599684,1850.7520107719588,2326.1864183787
7.344,2274.715740998419,1730.5102218062186,2025.724446518525
7.344,2445.765118999606,1644.7518011966781,2236.941192929195
7.364,2403.4311120328107,1841.7636563179597,2371.50774238954
7.364,2300.139121173662,1787.5782000223974,2144.7290166496937
7.386,2374.2921019555665,1820.4124483812225,2403.4797277420257
7.386,2378.5828546563944,1978.5794878852178,2279.077163342053
7.406,2246.6589323000753,1882.1789016035432,2258.3273650272254
7.406,2211.3457932042616,1826.7950878721513,2432.2217411270285
7.407,2396.4738820143652,1991.43752911103,2184.293974929251
7.407,2295.572870492879,1872.8521564658927,2123.502329999206
7.428,2355.698655631816,1893.7209248660777,2238.839110134209
7.428,2375.343930704324,1906.9863073349604,2191.6729543190904
7.449,2415.9935712332235,1817.2570668400933,2390.799385761425
7.449,2311.3395589428233,1963.7034317811572,2456.3049168701677
7.468,2293.829369599853,1731.0777217569832,2303.8194375799117
7.468,2340.548452488776,1852.805399378422,2377.257776869042
7.489,2345.8595711059256,1804.928662404166,2270.050358165736
7.489,2453.3304408551694,1838.906663021229,2205.5162573340276
7.509,2228.3200053484825,1805.858806888706,2312.780252639144
7.509,2329.9343108640905,1786.003594128189,2290.220002298414
7.53,2302.584097982918,1890.0793063348797,2551.2081427866055
7.53,2232.9711697781318,1757.0967233337146,2529.6731906963373
7.552,2428.7002423228496,1834.3122113054553,2306.012676590363
7.552,2181.363596317346,1915.6616966189547,2296.1817575976697
7.573,2319.5083598640663,1791.839260252154,2444.1179548142113
7.573,2489.9317505421004,1782.2410624131032,2374.2058314562014
7.573,2349.13570091128,1720.8146044503715,2036.3178831257285
7.573,2461.866277934349,1834.4779762899705,2107.872615446888
7.595,2304.524706044533,1838.3222973501588,2109.3770623984715
7.595,2466.7815814932283,1770.6415878425637,2230.3434438798113
7.615,2398.324767371855,1992.8150315707014,2429.7946847431863
7.615,2355.0888914283864,1897.7393125800352,2485.0370314648035
7.637,2514.979312590084,1851.7196185315922,2203.5479850689367
7.637,2251.6591284578285,1731.2509952898965,2232.331739663682
7.658,2484.6695513536974,1943.296394163452,2186.7167375130466
7.658,2472.839034455617,1815.48864811124,2062.948193002905
7.678,2342.247069836702,1768.9537850211505,2293.05596774368
7.678,2281.285948479069,1769.1221749460526,2466.3599916377852
7.701,2332.4782716605164,1714.1483448653898,2210.105280889628
7.701,2186.034664110171,1805.9751304531812,2414.347743076782
7.722,2226.941440673924,1861.5105883484346,2174.396699057254
7.722,2359.8035301165605,1753.7085899875708,2368.450425068818
7.743,2358.494004046045,1841.513383066583,2317.5895208698607
7.743,2271.0954914906456,1861.5238154331355,2387.3705892796966
7.762,2201.554306450424,1901.7320900160494,2368.2139076211733
7.762,2422.555479419214,1954.2462616318073,2410.0450320320515
7.783,2265.5130005307083,1856.6654680076472,2220.2177277922483
7.783,2212.9305270651853,1901.772366586172,2071.2237368753545
7.783,2264.2427789737967,1894.5453206852756,2223.327201221279
7.783,2184.5276362045147,1862.1934775436061,2322.787471936153
7.805,2405.5572769925006,1981.455855604876,2169.8223145543348
7.805,2368.979144975845,1758.3178664657173,2271.0391145290414
7.824,2444.5852644001448,1863.361916352187,2393.066007302469
7.824,2447.538129800242,1802.1324080882046,2246.269499054863
7.844,2383.82392736074,1742.3271321823881,2278.6434615093385
7.844,2486.8683182765913,1801.3928941181189,2417.2633288391316
7.886,2419.4137021154406,1890.0723326368734,2175.6160430364916
7.886,2413.763571973369,1890.0013190274276,2257.9961628655715
7.886,2312.637406064282,1784.8583947566049,2407.5977170972856
7.886,2083.6709690811094,2029.7255751345645,2363.319160910224
7.906,2196.0677903299297,1911.7337707905458,2227.0559203793437
7.906,2429.9935032916637,1916.6529498613472,2265.743727330179
7.906,2348.598912063281,1672.9520157067634,2600.618012702738
7.906,2285.307012914699,1806.0551990044253,2211.7255702565585
7.927,2233.2361010901,1628.2774048313017,2244.6712937941993
7.927,2495.295097111252,1981.5941666222343,2270.711996069683
7.948,2381.5717524099596,1797.5692901021994,2200.1607742649776
7.948,2296.70166343104,2081.1114804487042,2474.321186131438
7.968,2316.4681614220794,1924.0290971437287,2160.2635286143304
7.968,2329.488273133141,1800.2293934873512,2178.1193760477177
7.99,2442.214071867695,1995.621918472195,2153.427790274589
7.99,2426.721516010367,1997.349953370512,2223.8891177323076
8.011,2347.190303175499,1884.8994486512033,2290.496813817536
8.012,2376.639112860541,1693.1033851365814,2223.680447928426
8.033,2335.5578440617865,1855.1846891353948,2312.5254984414764
8.033,2220.9382319400097,2153.4893350976645,2346.443652963601
8.054,2323.4055257616287,1843.4444380141706,2220.286534441142
8.054,2313.1714066843,1962.1811357352306,2292.9579060031474
8.075,2241.5243908949733,1813.1437693861014,2308.2609222753085
8.075,2077.48266654919,1918.4911345654778,2226.201487074338
8.075,2253.047261480167,1997.3434416296157,2165.6344092186464
8.076,2280.236416686134,2008.3093979403977,2291.4075682046214
8.096,2356.858380363282,1826.0887267956202,2328.007045543204
8.096,2314.0958409696173,1860.165055596973,2372.853911277292
8.116,2574.6649284708715,1898.4089144977127,2256.2619832717896
8.116,2386.0382095985333,1938.979162528895,2205.0260137591376
8.138,2201.4750558836276,1945.5170363215434,2283.4123961448367
8.138,2396.5971863434993,2004.7019515826566,2239.724225212627
8.179,2179.9857962090537,1838.4074487892483,2170.9324135975153
8.179,2184.136459764524,1926.3903994061009,2440.36622379023
8.179,2269.484182037113,1916.808450716915,2458.420592414069
8.179,2206.607925037669,2069.6011385150846,2370.876505358119
8.198,2464.321993050959,1971.7750528696324,2030.736447629779
8.198,2261.291750687447,1768.996152189528,2277.354163382739
8.219,2221.810661011893,1880.2008373100039,2157.5467364714505
8.219,2367.548696158674,1976.5802180770368,2367.335092690496
8.24,2255.1110184042673,1938.2258493327524,2400.860654252749
8.241,2155.1683401696255,1878.73426548792,2450.314559954586
8.241,2256.1885773844433,1875.2744754190132,2309.8076525366628
8.241,2239.4621436895072,2034.2644906866035,2386.778859302715
8.261,2280.402889231529,1927.4483572839422,2207.782642433022
8.261,2297.248760213437,2001.1390217009764,2264.7527967715496
8.28,2486.9806712476934,1976.9927430146488,2379.103621764393
8.28,2463.508705649715,2124.346809005764,2211.7411970127173
8.301,2133.5094050215475,1869.429758337811,2352.012293310696
8.301,2292.611511090001,1947.4677258002735,2245.714726924104
8.321,2284.730563729803,1958.4468338571546,2191.3970611288655
8.321,2270.28711467419,1902.916754439865,2511.705344693222
8.343,2230.000991859644,1785.303386730858,2262.069612439917
8.344,2457.149331335492,1779.088624501617,2188.85224868026
8.362,2125.567718818494,1905.6199938703041,2094.1201045385224
8.362,2346.631539135462,1872.6530273825772,2282.5019684073477
8.382,2360.297128602832,1894.586832753673,2218.7057858161843
8.382,2345.3797716067606,1820.2307656019532,2204.8492238771273
8.405,2152.0916125128842,1659.0619999955452,2411.843936188698
8.405,2543.6518091324515,1936.770771755918,2261.266689575846
8.405,2227.0321506698483,1784.1533223164674,2339.2171549985233
8.405,2407.194111955026,1927.0154812172746,2192.4174230489302
8.425,2027.841169454145,1934.62166317995,2281.8617366784993
8.425,2245.291980709573,1750.5990337946225,2189.9139607372485
8.446,2304.825702558581,1959.35550049691,2381.6323635296
8.446,2452.0683138960644,1817.035907327988,2310.0833177755176
8.468,2593.101739366692,2028.5086637393824,2248.692006510403
8.468,2247.8942889170185,2190.6275898656722,2621.5115988687917
8.489,2419.8350016972586,1932.8121203937305,2133.5658244266906
8.49,2293.328393507378,1933.899360289042,2205.3874229287667
8.511,2102.831931964728,1913.1637728336452,2344.683277085369
8.512,2409.7852459344804,1941.1455553430537,2389.128253500261
8.533,2397.4072557098784,1737.6365080321025,2281.998917506949
8.533,2241.7585148934927,1948.94129150324,2376.592640896207
8.552,2479.863143168027,2037.8675128382538,2405.556820699454
8.552,2375.347166575176,1843.483411546714,2102.6856351382908
8.573,2377.8426662679517,2074.5493087740792,2412.0708549221126
8.573,2313.262823917357,1888.985934758456,2275.1665554258866
8.573,2067.555240738786,1777.8661937498878,2251.006350459211
8.573,2428.371685348736,1948.5354369445552,2270.790001357877
8.592,2354.445927721091,1844.4603963587397,2225.204630747258
8.592,2143.2424485857427,1945.3343834738148,2351.468913317368
8.613,2252.0842820909315,1753.8882602749163,2081.55884565187
8.613,2145.8192032263487,1815.4889729741758,2221.0188386192845
8.637,2293.2475319192154,1752.9919292419713,2234.296029532
8.637,2456.418714618553,1897.440861551403,2370.404406809926
8.658,2356.1099506138153,1968.029777086432,2222.5223514652116
8.658,2234.000557891412,1885.068700151414,2103.1735484462824
8.679,2421.306619815148,2039.5462564227676,2334.071791430441
8.679,2170.6062684988988,1905.7158023515005,2195.1332644408417
8.701,2290.200110783822,1863.2651682021915,2216.078260830801
8.701,2300.7439812310395,1742.3507885081335,2141.3960175817306
8.723,2433.4796511596933,1888.9391685165383,2515.1751910423345
8.723,2354.6661717353045,1631.5624770277877,2109.158358824926
8.743,2410.649139406737,1911.7550400415216,2195.9521558446163
8.743,2472.9096936285855,1786.5889649537623,2377.332193670375
8.743,2343.0129417106386,1761.0487153920135,2263.166503661405
8.743,2326.045636053367,1904.6362162324501,2095.4723895706557
8.764,2269.0025424490864,2026.3504127140889,2324.313718709497
8.764,2243.5757630062494,1938.0880873281978,2342.91578558691
8.785,2204.648602968798,1893.4817392198438,2315.0662386327976
8.785,2340.918801737695,1966.3940216013593,2101.3904456315954
8.806,2283.1836596120856,1845.8849693393054,2210.191566833878
8.806,2394.1504104106716,1875.075288896541,2221.9395968657504
8.826,2304.2448596313066,1882.6103886240471,2444.795186008884
8.826,2307.845960947047,1825.4028834399564,2167.8049857647475
8.847,2365.9574204836126,1890.8679042418853,2265.9314407598577
8.847,2540.63457700588,1861.1798064795594,2146.492378507806
8.867,2367.0217618154334,1927.9129816076256,2255.3823962783154
8.867,2270.495087729698,1861.6650887832427,2204.7742568287063
8.889,2540.681520186449,1872.2926585437317,2388.32546364579
8.889,2246.017904330692,1807.2218763080446,2135.8760326030633
8.908,2472.2050865046435,1866.3771195912848,2134.092821882356
8.908,2363.895132417338,1786.7520347700427,2226.0817196960556
8.928,2243.6029037897,1935.1077408704377,2213.4401098008257
8.928,2293.3896787131,2019.1903231682925,2329.530637063661
8.928,2334.037431013196,1773.2841579607098,2157.537211250835
8.928,2266.925997671842,1937.6098653121285,2183.725526185108
8.95,2260.5964649775624,1913.1380315491626,2318.882761137197
8.95,2283.904678426556,1926.5860332284224,2181.827790948383
8.969,2391.486459598601,1761.0122355651247,2385.4238944989756
8.969,2390.024725703256,1928.7669020133278,2499.7462525957962
8.991,2152.5592792766656,1924.381499561938,2431.491653735525
8.991,2373.0708088371553,1939.4568795055511,2302.2076152151953
9.012,2313.7197858594577,1879.6929766423261,2318.2458534143566
9.012,2525.6321058910685,1838.6393424926082,2170.1929586827546
9.032,2409.745803688381,2039.6845328437444,2237.3583528299982
9.032,2073.9784507182926,1867.3481953843675,2392.5786534151966
9.053,2304.630932944165,1891.4379898490502,2124.686148284518
9.053,2429.696067481705,1947.4868133023501,2272.2508091148575
9.074,2431.177929135956,1767.4903828676763,2056.2772367224247
9.074,2307.250051729907,1978.4961805482087,2228.347763403302
9.074,2317.458497576753,1959.1263029369077,2153.9363607280993
9.074,2301.8472154498463,1918.7104830249805,2118.0745403549317
9.096,2365.2734945564234,1891.6273883760305,2368.183508783327
9.096,2403.9583215427124,1956.9311298724929,2169.2268817928566
9.118,2395.4966173787993,1823.970548240998,2222.81086928398
9.118,2515.2968538131627,1794.789277451348,2363.9881624478926
9.138,2398.467841165838,1809.4971419252927,2164.81843360187
9.138,2190.0630550929786,2011.4507459777658,2221.054744998962
9.159,2304.599793957012,1890.2570380541413,2284.4161749202112
9.159,2310.1423479611053,1882.7643824720717,2309.0476400632483
9.18,2288.625662364087,1750.5363345194444,2203.835465490257
9.18,2325.68772326487,1848.9509453318135,2250.639437644259
9.201,2361.9106062678247,1872.9272104069125,2339.1287528477783
9.201,2315.212140898818,1907.4875994900917,2126.1795777240177
9.221,2319.190074481366,1818.32897001969,2217.3044163554323
9.221,2430.226821437766,1970.7088959092503,2362.5817685999405
9.245,2178.3823255617776,1878.7817909826542,2139.315709203634
9.245,2193.869238220831,1890.2159877287916,2231.789542130725
9.245,2258.5528572895687,1718.2110175216267,2490.5362898897883
9.245,2480.807846321863,1784.816267682793,2268.1534327761774
9.263,2493.047921554711,1897.609370573068,2245.27749520568
9.263,2363.050371772684,1993.6574523448398,2237.3253302685266
9.285,2186.3258087482077,1974.3008746905964,2260.8523647791603
9.285,2370.684562180004,1854.0972296506484,2212.8972741647985
9.305,2387.1216438997108,1879.6201066985152,2065.307701989513
9.305,2210.2353514047936,1791.9483121238034,2367.1778478466717
9.325,2503.7213478919616,1709.050315217349,2325.917679672326
9.325,2249.1316257566364,1838.3836817747042,2342.748837638208
9.346,2344.2020715942936,2003.9018329012908,2267.313809578847
9.346,2383.7850504590647,1911.4004456124203,2192.4935745173716
9.366,2370.1194991094503,1935.2251837425,2352.026676242707
9.366,2237.65446101151,1956.4171882007738,2229.0806572271717
9.388,2131.8749831534756,1730.9187192274135,2504.2669693986113
9.388,2231.878774413113,1785.8359069499165,2178.1579962034557
9.408,2320.56619546742,2043.8121380448265,2380.7938276725945
9.408,2468.73701978687,2028.340292643158,2264.0934626947674
9.408,2281.4696213198213,1847.2978525128572,2167.2700743897594
9.408,2242.9880000927587,1755.3849064102287,2347.291967545516
9.429,2487.2975810944354,1739.9734342442507,2417.1565196188544
9.429,2448.243387919602,1780.8773975306642,2201.2675655809526
9.45,2192.966146440524,1942.512616850259,2323.767214056492
9.45,2207.4368374242895,1969.532388431329,2437.0553310543887
9.47,2341.6517494364557,1943.2772517487924,2382.541485868343
9.47,2049.5338551961354,1932.7037636804973,2277.165767722477
9.491,2250.28517272861,1789.9504730403728,2070.480178178483
9.491,2275.0905204071423,1837.9772851106436,2184.440561142892
9.512,2419.9687358549577,1706.710385389261,2500.286331719605
9.512,2285.743946562391,1952.0528648308964,2187.0916561948015
9.532,2402.3081298910215,1869.1917364059536,2368.8406756558397
9.532,2374.932630229693,1983.6824466290977,2339.781085346196
9.552,2350.1512016073066,2022.5726708138359,2355.892269581067
9.552,2295.8737711928293,1884.6211521214573,2279.1356957656
9.573,2221.628883644865,1939.897027971107,2377.99625907997
9.573,2311.029449043067,1788.1996368195962,2308.8700987932484
9.573,2178.438758774924,1822.6504418679203,2125.780409225779
9.574,2363.3991483502864,1875.6830140002849,2374.6211816617492
9.593,2359.030111317548,1827.2744502581202,2163.9806029059605
9.593,2275.992914463365,1668.8719120228727,2273.0684781771342
9.616,2482.41154481188,1850.641584979971,2257.1160073474935
9.616,2566.3672156313382,1873.8637650039777,2131.44926038976
9.635,2296.3269494479364,1931.4204842666968,2166.9199156408226
9.635,2380.032788889076,1678.4603829198438,2122.389583522166
9.656,2367.272318731269,1908.5127030448862,2237.122519286383
9.656,2156.9966592366936,1897.4569602738952,2493.3272147742027
9.677,2306.030160923332,1926.5176740814886,2225.2004058603
9.678,2259.8639067842455,1880.5119460259623,2208.7263385796323
9.697,2249.483308119522,1785.5031562993397,2192.0097305039208
9.697,2441.3513460707372,1980.969656705824,2333.215841466843
9.719,2248.8373199147695,1979.616055723405,2285.316917374388
9.719,2353.90293233997,1948.374400125275,2373.563502540808
9.74,2328.41326451299,1884.5178776875605,2287.6303647560017
9.74,2163.166503117061,2004.035319909864,2396.8613333495746
9.74,2325.93609568023,1878.4149488102967,2148.84198485789
9.74,2175.5192283633323,1943.8759648340867,2310.8267474936843
9.781,2406.5254480292333,1851.413166803101,2179.945608817396
9.781,2310.6185548723406,1899.926583263559,2287.7751252973057
9.781,2413.400899141101,1836.4588799365258,2261.1308203924796
9.781,2429.5674559564354,2011.4925498949767,2291.1680991715366
9.801,2243.2671531303563,1929.7929603707607,2391.084297463593
9.801,2397.8617459402794,1923.0471389452173,2088.450265643571
9.822,2369.2600911586505,1899.9009333894724,2122.4189785763315
9.822,2209.441493563778,1917.8063201843227,2161.400347668544
9.843,2319.736803039324,1899.258868756485,2199.09832059335
9.843,2379.947596461079,1883.3359859955724,2354.9763806237097
9.865,2155.4692308053504,1956.788849982147,2296.2398677378287
9.865,2313.249358111875,1986.3514015716992,2262.1259868786547
9.885,2168.370140590787,1874.5638860213182,2165.3328802422775
9.885,2378.714348125233,1796.2852785908267,2258.5895121551753
9.907,2223.368757488984,1676.5366944763268,2363.9388059294797
9.908,2501.370241808139,1747.2997800014377,2400.6868767975116
9.908,2299.701859801927,1854.4447442088256,2082.2753119332506
9.908,2273.0633841551394,2019.0416858532337,2302.0619591729806
9.926,2334.231798218328,1933.926674681484,2233.4055801572727
9.926,2431.4402585988337,1848.2732917906142,2213.968934411857
9.949,2226.805791136588,2015.750450995159,2205.7848374093683
9.949,2177.8066986818517,1989.4079864471362,2213.8002500291273
9.972,2172.0931921402175,1954.4067575869794,2371.4278819352303
9.972,2360.920035579428,1857.6647394721847,2516.187569524143
9.991,2237.278836183497,1883.5635685569869,2198.3018062658084
9.991,2474.3603364908026,1846.563852249477,2366.3763341834306
10.012,2297.173866483733,1917.4655790270765,2214.6398983795248
10.012,2325.741758139257,1962.9125683798688,2204.457901774363
10.034,2416.5893460119137,1976.8084637446948,2185.5012755458038
10.034,2291.358437477547,1919.0601362224334,2289.4171680207287
10.056,2402.128252219871,1849.3376571169238,2260.6634754928405
10.056,2286.300979041105,1952.2751933641537,2469.201667563803
10.077,2189.618322209123,1900.8684891855837,2306.1774144876285
10.077,2235.601270889768,1778.4253183698318,2227.327650915493
10.097,2493.3071979116016,1757.0341990216166,2454.5285686005423
10.097,2373.983305759305,2053.149822864477,2306.563383746596
10.099,2218.0918193054317,1972.6015448869377,2307.0085748055976
10.099,2322.203151202381,1871.5095346879918,2159.668906205534
10.118,2245.0867629196186,1837.9513917015179,2263.207691900719
10.118,2381.287854074126,1793.2762341547311,2364.955618089376
10.139,2191.5229650375545,1898.7309391758135,2203.5571146435873
10.139,2281.9328936396864,1812.909021211108,2234.723947724293
10.16,2326.608026771414,1847.59427266492,2433.5388377751583
10.16,2208.09605896464,2102.9939714967963,2342.2349448866985
10.18,2351.2555168796143,2011.2518970650344,2333.1643063545016
10.18,2215.9407283805444,1971.1742891972651,2320.620503736282
10.201,2339.1057880916715,1988.1928191031393,2222.773120147468
10.201,2213.5102092096995,1899.2910006316422,2132.3190966517545
10.222,2376.85656745308,1736.6015189721716,2271.9767290643754
10.223,2172.734763867616,1952.2290846384783,2111.006266698606
10.243,2281.849377361803,1886.94732080212,2292.4594114292436
10.243,2238.186645569636,1899.6040808290359,2212.2649140896865
10.243,2353.2142637260495,1757.159026656689,2207.8931383196204
10.244,2276.693152352468,1761.960104103658,2222.973000155459
10.263,2284.459504632272,2041.8741412442544,2266.003079231071
10.263,2364.2433714585154,1925.895714228973,2255.5713658862
10.288,2283.150195290341,1762.0075615317583,2180.4448329343404
10.288,2253.105935663743,1860.8833468793432,2209.4872071811355
10.307,2410.9092973791426,1937.54368302146,2229.207132704699
10.307,2201.8758672010135,1854.5832240079878,2188.786672030744
10.328,2309.530095654687,1804.4509577773083,2251.608803930376
10.328,2174.9629124062585,1792.5154488029787,2277.290908854155
10.349,2335.3477355154505,1950.538515765112,2206.390339898584
10.35,2279.084373104343,1796.2700853971146,2452.425041730461
10.37,2458.615591255883,1897.1642552692365,2216.3463048756935
10.37,2330.6961429345406,1851.049598556202,2433.8449460067686
10.391,2228.3034246603943,1884.2951656643638,2240.3809385295203
10.391,2290.327082291076,1878.2161761059253,2360.8470941022606
10.414,2413.873620687349,1721.1999928519922,2266.1625213614107
10.414,2278.6117232317847,1808.0361037452888,2292.398713547124
10.415,2395.4162116879857,1939.8458523106128,2343.686263292475
10.415,2224.2485029334944,1729.4470095196355,2248.8487184191777
10.434,2131.350354598238,1855.2451495676307,2244.2268839500116
10.434,2463.679296181479,1880.1700175554013,2413.799965224934
10.454,2419.0027854594105,1885.6619033814536,2321.4427806910244
10.454,2400.9636790400427,1873.0056118115824,2345.492267861036
10.475,2433.576198873881,1958.2497660993251,2361.8312411848456
10.475,2215.675002771932,1883.1415718553833,2420.6809066540204
10.496,2457.0504240227665,2007.300795673847,2328.1731805714066
10.496,2409.768438543935,1896.3408031883903,2221.8494399018928
10.516,2278.525924941091,1703.7770317956845,2314.312915314743
10.516,2186.563110601702,1910.9504588195598,2207.942919877088
10.537,2360.930051307932,1722.3564834899885,2215.25896500794
10.537,2361.176940927224,1858.1885197926529,2200.0178058894676
10.56,2302.9984095616596,1931.6622235761736,2254.5145269171976
10.56,2231.4207163438246,1951.4617393843662,2285.1418805536296
10.58,2090.2760601240507,1941.293972733103,2213.8751501281563
10.58,2499.599764321336,1919.736973773318,2089.205697077128
10.58,2150.200947624639,1971.8081184282191,2352.7871802822433
10.581,2270.1386942507747,1642.723103980644,2204.1384342790147
10.601,2097.3555353706647,1745.980233751205,2237.044985527328
10.601,2196.6898559775464,1910.9868061189552,2038.4176757223238
10.621,2255.072580287648,1940.1369335519594,2387.7378019178686
10.621,2275.6934595163175,1911.0381788059854,2271.115963047955
10.643,2436.481820990561,1891.7462063877852,2310.0881260050246
10.643,2352.8046933114683,2045.967688697036,2233.806187172004
10.663,2512.558203473481,1902.243314629188,2239.197821995403
10.663,2450.4037388941733,1877.4978492353937,2239.279156203735
10.683,2292.3223915160684,1859.3746451333534,2192.640578534298
10.683,2365.9327565307,2013.914646202149,2442.093135683501
10.706,2293.0158193793945,1849.2785138677893,2276.3987697842667
10.706,2235.3251440150275,2019.1698692829953,2265.204967093114
10.726,2447.629211962955,1819.8534926389566,2235.123478532806
10.726,2212.1704091499964,1894.6263362763725,2300.8113506832074
10.747,2131.6669734731695,1871.7560286790854,2408.702342462097
10.747,2413.948706407795,1915.1708043226645,2054.0162709141664
10.748,2389.4854896488446,2009.5532210721042,2280.031151196276
10.748,2327.899929695593,1772.7983693737324,2425.1772119811294
10.769,2407.7658150418733,1912.4094552737686,2453.348097013449
10.769,2419.56293550834,1818.142889637199,2161.0184583590267
10.789,2476.4454918863053,1900.2951027401996,2355.5835327189807
10.789,2413.951704510109,1926.1066183600296,2401.44135716883
10.81,2451.0154718388853,1870.1625235467066,2260.154391211824
10.81,2069.3546102632126,1933.945420256905,2162.8619094669602
10.831,2351.156225248461,1849.2515721329564,2102.6652032365473
10.832,2195.7338619884836,1987.0719808926162,2179.8772047211964
10.853,2333.5015672885825,2042.5989389298393,2387.765922837808
10.853,2453.027603010857,1929.2122407891786,2234.3348967987104
10.875,2047.7892728312147,1992.418628454457,2262.7862794768344
10.875,2046.1107185918565,1872.465359116286,2187.472365480063
10.895,2176.2439359080113,1886.8810492785856,2404.109648039045
10.895,2330.8732461147415,1887.4701247384548,2546.357685947985
10.915,2169.5633699059345,1863.1397202120688,2283.7296701260902
10.915,2290.169181887704,1916.5472562303733,2311.487908864407
10.915,2374.5857351109894,1898.9950853758148,2329.454093459906
10.916,2207.7829627260194,1959.1394870058757,2283.9215283498966
10.936,2600.531740736878,1994.072730927187,2209.936998127042
10.936,2283.602069038258,1938.9943718581867,2251.963905060606
10.956,2262.749445968935,2004.9431808543354,2225.02859214119
10.956,2185.8008397199037,1764.2021720051775,2487.935262157828
10.977,2260.5056461134423,1814.734947575461,2233.7428042735414
10.977,2558.670351155374,1937.554867951754,2303.615061895075
10.998,2339.599782665405,1779.15110734984,2590.586375694096
10.999,2340.5704058498936,1815.1955444308035,2199.2611592428448
11.018,2332.0310155238103,1966.875277450944,2109.586676903096
11.018,2338.4642920157858,1734.587201616757,2081.787724602071
11.04,2307.287574939529,1999.2766280850171,2361.611912393991
11.04,2383.9631385046846,1786.9522320285034,2307.263911406714
11.06,2256.982046554432,1873.7465802568329,2350.209467359969
11.06,2242.2127705730045,1943.2318416679936,2148.2979134682337
11.082,2214.7832243554603,1716.5022836681687,2243.0513075143563
11.082,2171.529982695056,1876.07191993821,2229.285744885928
11.082,2490.3423424479815,1816.2870619659302,2286.3505400605986
11.082,2176.8344819540675,1768.664867220351,2378.902661935825
11.103,2290.9366538978034,2082.7072528087133,2317.1525726861364
11.103,2203.9295922603874,1987.9982240871173,2175.462776313847
11.123,2333.1367028286495,1820.7233359988243,2241.254654871476
11.124,2326.622791169515,1629.749030241133,2293.771498899891
11.146,2170.970861141278,1881.9440161326613,2271.1500439729343
11.146,2233.4506919326445,1949.4958340505755,2189.775921288339
11.167,2469.8232046280427,1794.64483798923,2149.111328045069
11.167,2268.2330733372564,1770.8919341248231,2135.5133720791428
11.188,2332.0938542311965,1809.0141079745113,2342.0261339752074
11.188,2172.4036322524003,1917.5375537423688,2354.2808893645433
11.21,2256.1856810342833,1655.0172642719513,2190.816271617932
11.21,2260.713598931446,1716.763883002844,2272.7753098794446
11.233,2132.9054169006577,1815.4018261099118,2269.073196721846
11.233,2514.0201680190207,1975.452235482157,2191.6113855808476
11.253,2304.646763505169,1778.15903724446,2340.427314556773
11.253,2091.917950269151,1879.1479272990443,2169.408474408151
11.254,2185.561590043162,1904.322587510695,2237.243653749762
11.254,2212.647059588024,1755.2209763015417,2324.8442573028196
11.275,2443.7158836480035,1882.6069882652134,2431.0311277795886
11.275,2212.6332100634054,1997.422368664133,2252.590821048965
11.296,2373.5095771659517,1960.9714421732685,2114.972829130439
11.296,2470.7878595165457,1843.5807155752802,2324.3580601010067
11.318,2213.8688163597067,1906.8718594324462,2322.771763213158
11.318,2214.5011706762393,1886.1577586091953,2292.1924166535077
11.338,2366.338796404484,1856.922718408827,2479.9949964925986
11.338,2274.0084481262747,1950.5325543306608,2318.6834126632593
11.36,2335.4869575459024,2027.514708915176,2104.598529533275
11.36,2292.04628590715,2016.9682003423923,2486.4993028585695
11.382,2156.428041281061,1845.4697755565855,2223.446130048716
11.382,2282.9137644173215,1948.4047383835373,2310.0856817756353
11.401,2446.0603616682947,1859.7729565813918,2401.95238809507
11.401,2386.286266561806,1944.593258063827,2221.9697422470285
11.422,2393.1369839309814,2036.8014322446177,2237.8852845291235
11.422,2401.4739043482023,1840.3323590389405,2257.0550282556896
11.422,2322.4395854837144,1765.875867458978,2369.380916905025
11.422,2351.5506594259036,2053.389904826085,2307.557471697922
11.443,2145.221844401615,1806.3103430482524,2135.2357060061104
11.443,2315.989430761589,1894.0588304171288,2385.490059173659
11.463,2103.5683805506337,2016.5116748807454,2199.857767604793
11.463,2424.2854154341026,1907.210012606229,2479.1905904011624
11.484,2474.713590992687,1997.0537587087529,2239.73161754654
11.484,2425.1885862299464,1941.8193976782236,2288.0830737008982
11.504,2199.6988054560584,1925.4607144629567,2112.9689781282264
11.504,2416.3206602382966,1907.7152294705177,2128.3546331948446
11.524,2237.3528760928857,1906.5669818510314,2415.027465603021
11.524,2384.2714418605187,1842.7924812343929,2295.54611289856
11.547,2142.6441268306944,1981.0217430909042,2265.4216901992017
11.547,2368.153597110693,1991.96393604952,2233.8371144997245
11.568,2416.588867960782,1684.5533104975132,2138.4657863590473
11.568,2259.698862230747,1979.8488238766352,2151.6092214501296
11.588,2290.927631373991,1862.8053451315752,2415.662240293796
11.588,2364.4843066673816,1922.9404533201273,2565.0336636006814
11.589,2383.769836129466,1952.7560746271067,2321.036063943957
11.589,2234.5339929676447,1997.2941666531608,2367.381459905475
11.61,2341.7719095842026,1864.6135897606423,2170.711279589468
11.61,2374.8389574805133,1903.529414524372,2159.9325965869302
11.63,2321.7854445225767,1626.238302358713,2075.506928318186
11.631,2193.3185813890254,1800.3667627448306,2067.5557563177877
11.651,2282.771165030937,1824.097497818877,2381.507221597498
11.652,2364.2559155737504,2000.0155871589589,2432.2458016190726
11.693,2276.7498530485045,1872.419923987247,2268.8966615538347
11.693,2201.4195293882935,1738.9374959695226,2165.7111885153686
11.693,2471.2000044606584,1985.1698557753386,2155.212742513732
11.693,2276.675916563595,1892.2618921289818,2553.474441418938
11.715,2383.4486368986127,1899.4237687386837,2249.4520916782208
11.715,2080.5085514666976,1952.4951597333666,2289.6988109772506
11.734,2309.3613774452265,1768.5852358469251,2514.6488927480577
11.734,2284.686400962415,1937.2326653244045,2330.693239521848
11.754,2180.4494608883924,1939.7648254479304,2281.962224059951
11.754,2392.064676371901,1886.5070214156758,2406.0197284193005
11.754,2137.0273691712405,1843.4706670415808,2079.9481804077104
11.754,2469.0744768567256,1752.2337907892131,2221.2184412455454
11.775,2179.4488320473915,1853.058583991122,2160.048220226722
11.775,2287.6711494435776,2027.973694359964,2209.8856435324055
11.796,2412.6377876993542,1950.4330640699582,2377.5981141642314
11.796,2271.212247149728,1861.38129388875,2371.965072352934
11.817,2361.4438979713104,2018.6812698028175,2205.52634072078
11.818,2270.59476563403,1808.2374607915,2365.538330327634
11.84,2480.77007987078,1958.6984485064784,2272.505628898952
11.84,2240.086153495042,1870.217077252053,2291.0656385256793
11.86,2217.448838282361,1947.9277626282756,2231.4947149423056
11.86,2163.671373720313,2048.2520894949243,2295.2360430968606
11.882,2183.0979580469116,1701.834798556587,2424.7568097024746
11.882,2259.543257114472,1788.7034325564648,2478.6587585816105
11.903,2376.6510805573216,1942.3869193688986,2346.919775448718
11.903,2512.389529558873,1876.9273774507749,2141.250657007969
11.922,2202.365979101609,1897.2510435069871,2093.4691208292197
11.922,2304.423274705488,1792.0271826531566,2164.215061933931
11.922,2335.7774199126916,2008.8904489866932,2189.703156788728
11.923,2210.0847633942008,1836.5616607676689,2261.9076267687383
11.942,2431.2085276000303,1831.7527139553254,2274.445188003492
11.943,2344.452539106146,1850.0850026938003,2372.162883102897
11.963,2320.100491502995,1902.0146087985459,2224.811829941984
11.963,2297.211653859414,1794.2335062550153,2429.918811177018
11.975,2225.0395376097345,1689.9192669565166,2206.6438787868883
11.975,2290.392978671047,2000.519701889258,2334.670806006616
11.997,2252.2852204220967,1792.2745443525396,2220.734950722682
11.997,2222.6397623116986,1819.0267931942212,2199.9311094485993
12.016,2245.0494962143334,1884.6754003246153,2291.8271012617447
12.016,2227.766807786114,1933.7214440915886,2189.558689443097
12.036,2390.279184671049,1782.0640904901768,2229.4382428031863
12.036,2248.695655505535,1995.7470142611023,2131.8653524453507
12.057,2398.6557964525864,1964.0313088033113,2201.841861086645
12.057,2289.6456472990917,2146.3887792426176,2328.65311506752
12.077,2311.2862860268233,1802.7076635583708,2220.249886636005
12.077,2364.872723093489,1972.1190212315882,2124.645531958225
12.078,2351.9583062209476,1917.7117189578673,2396.4440986950653
12.078,2260.7806818694185,1776.4264341757828,2279.8614613705795
12.1,2365.600831962391,1751.9533792187258,2274.9081951188414
12.1,2402.5349656424332,1930.242163383784,2389.4750106181023
12.118,2254.188100449212,1799.9711759989436,2407.0571608603263
12.118,2373.7438522432326,1741.1184187464623,2259.1100250796476
12.139,2527.55705473428,1871.4807285279499,2321.0830408665456
12.139,2292.9136999629113,1851.1579074834076,2446.2461856735918
12.159,2374.278783362271,1920.483562027651,2251.4480933782147
12.159,2434.9671475484724,2093.7090598254617,2383.8458854125097
12.18,2507.703187291244,1791.2351368801628,2362.9638320364143
12.18,2442.79399034479,1805.8267177115108,2505.630696676632
12.202,2111.399820450011,1852.4910872470198,2165.3859464935563
12.202,2309.876764451958,2106.911442085925,2014.4012948259874
12.223,2338.0382493779803,1819.3898759963488,2137.7770625322896
12.223,2032.0454185865733,1902.6014500933222,2280.9851590486705
12.243,2394.9642967608393,1913.523658349363,2356.8763196101495
12.243,2459.9055435843766,1786.2497979194598,2165.9943624620632
12.244,2320.097896284963,1830.646188313253,2249.8180898414944
12.244,2338.3584364362914,1995.7626005370773,2260.75104735853
12.265,2229.311374545575,1854.8692262346542,2378.4335581086943
12.265,2115.325077961967,1874.4401472734814,2288.2087235908934
12.284,2305.2478796229548,1983.0863509099518,2313.9737730934676
12.285,2307.1641084069533,1933.6984678176836,2203.2039294709957
12.305,2125.6092973193513,1941.055078210397,2224.9087907507937
12.305,2102.460549924241,1896.08304307636,2358.6501144534277
12.325,2382.902267130469,1846.136631280672,2534.2700759517643
12.325,2509.3322401655255,1921.5627917530062,2194.3196203999128
12.346,2314.339289050121,1901.997469489609,2321.1354061768056
12.346,2338.170780408967,1887.2815522922936,2079.5931206653695
12.368,2326.1683004261135,1748.2157064724677,2300.3581951528095
12.368,2513.013229230951,2019.219272576536,2281.2446802711665
12.389,2309.271201752327,1944.3431176017423,2269.219774391495
12.389,2284.997817557116,1771.4481386111852,2200.428393526586
12.41,2406.2446609691333,1780.8214380343172,2314.631866050687
12.411,2249.4892047028015,1982.133518877047,2101.8995369004815
12.411,2320.956267340152,2000.8559438109846,2358.8482511598786
12.411,2221.2984699907743,1953.8665730456019,2401.5240242359014
12.433,2348.0564850974874,1859.1180522710326,2389.291080409428
12.433,2341.128670968386,1851.3291483764806,2355.1070878276096
12.454,2476.1991647215846,1918.6332412910308,2214.8049063752146
12.454,2453.8332665912317,1973.5312377651094,2123.9875916381707
12.476,2381.3959289644704,1918.5982010682324,2151.170459519141
12.476,2291.4951634845356,1875.18572998678,2368.808279566075
12.495,2378.308073726674,1944.067432724609,2441.6901519626954
12.495,2195.47932952015,1957.6840245165818,2244.557940770756
12.537,2519.7580642800335,1937.299710752477,2191.424042202453
12.537,2258.9026663288487,1885.754013011672,2192.254185133287
12.537,2202.3258992361225,1848.1501816758066,2189.282195591076
12.537,2443.890097164104,1922.0562276009507,2276.639875437824
12.558,2437.262377891559,1883.976313847918,2327.9283050134245
12.558,2338.4328082749666,1915.687765643325,2231.3312775244617
12.578,2183.658643554135,1962.3333035192702,2350.2906400849292
12.578,2293.5500011165495,1840.1179677747396,2217.6525495778615
12.578,2301.3730288990605,1829.1415221835043,2304.17393879823
12.578,2383.1245007057264,1701.028664094011,2562.8878379000244
12.601,2433.3026218292966,2025.3272111094027,2275.1013091623604
12.601,2242.6924228443904,1914.6671264555862,2372.9869452521175
12.622,2342.2071390853575,1802.1135498399663,2238.7682669642822
12.622,2180.5608058392563,1900.753345769593,2256.01470783836
12.644,2179.390692790054,1984.4936605038195,2282.467584943487
12.644,2257.2943748024168,1837.3826641394005,2107.797760570891
12.664,2331.209068402163,1694.2736489455037,2179.3704893272516
12.664,2370.81854648844,2158.522362440497,2218.215023773318
12.684,2257.3295288328504,1891.3560493136335,2483.8701101820093
12.684,2222.570973734785,2064.9918425747537,2442.4968700120535
12.706,2330.2662637773055,1886.7468119929088,2287.735399013108
12.706,2357.715737948931,1975.8608587396334,2324.703546282319
12.727,2355.656141535215,1964.4375504534335,2240.8754624615826
12.727,2325.378877571278,1880.1513643678477,2252.756040934253
12.747,2408.253567528586,1824.0673792096293,2508.303150533517
12.747,2274.367246644887,1870.0351658504248,2008.2142376824359
12.747,2359.5815556149064,1859.5878299512526,2394.559851180845
12.747,2238.826046421157,1903.4509505789304,2349.353880003739
12.768,2190.2857604523588,1851.8720527668113,2294.132607536508
12.768,2548.465575047846,1949.539798344638,2326.4947177237527
12.788,2292.6500651051706,1901.8467303653545,2367.1786732987134
12.788,2323.349058551181,1936.893138627513,2424.540844074036
12.81,2302.4476230601203,1908.656491936575,2349.516621917505
12.81,2317.452878752797,2099.9035517499,2348.165990227156
12.829,2429.8850614043567,1820.099472583987,2094.472582646116
12.829,2306.8380521966947,1950.423289221952,2122.43571800851
12.852,2383.8438292820956,1988.4787175138194,2355.701745458207
12.852,2275.399487053299,2083.414034320904,2283.186831537857
12.871,2460.9704915074512,1881.7447496781501,2403.2839865836495
12.871,2295.556630919169,1986.6651710555157,2112.4988280443445
12.892,2293.7317876339353,1846.416796890178,2319.282649287835
12.892,2341.6028910696014,2029.6089466559222,2242.9431321911507
12.913,2292.7912617565084,1921.564097939528,2324.419913144581
12.913,2339.4195015918535,1804.8655810135392,2330.729705880263
12.913,2410.164236533646,1987.0257168124567,2318.6191130459774
12.913,2485.312854530902,1921.727754158261,2228.44785671311
12.934,2394.9765284557934,2119.7800252897214,2312.5234104957785
12.934,2403.320437369507,1739.821535927649,2134.693390007078
12.955,2374.8612336227307,1936.3379315860045,2346.3027947187384
12.955,2342.68408937249,2039.204232593923,2331.8593932307713
12.977,2237.9793108012673,1675.1520184461242,2324.87680767061
12.977,2260.862774623212,1801.1140642474952,2308.7640446141054
13.021,2324.8829270481638,2081.725298652765,2371.7601711936136
13.021,2268.5584320505163,1801.0353200170687,2405.9541526303274
13.021,2313.860474995672,2022.1004005982702,2457.8253769976614
13.021,2190.201639942488,1816.044389487791,2389.1395616348796
13.041,2351.8150289314262,1882.2371143246232,2222.4193757128855
13.041,2133.2572298356963,1886.2000410706428,2396.1260568758057
13.064,2242.8397849967396,1805.6465720599233,2440.520073476786
13.064,2058.768718226068,1837.4987699101523,2414.5159447106516
13.084,2086.4320847344306,1802.2658985701887,2221.366147254748
13.084,2344.6597179682108,1978.2531713522924,2219.0217701402457
13.085,2328.618888848499,1852.2343613424816,2398.7515798902436
13.085,2314.7372234568375,1981.6523013290182,2368.5572699265517
13.106,2417.093352424375,2013.1021325828274,2315.2403486714725
13.106,2364.806347852586,1811.0115859489847,2123.4794161130367
13.126,2261.2460578176465,1853.4738874410343,2121.626617318341
13.126,2270.7431743236166,1736.141149660843,2233.603127290015
13.147,2333.509316469962,1974.5756589403104,2358.886148001047
13.147,2247.691382853268,1803.1839241649263,2372.1829568112244
13.168,2285.5616642705827,1757.7062835725633,2236.3491043983995
13.168,2278.8421655377406,1982.6044547011898,2210.5877327465428
13.189,2404.4517932330286,1995.6481564142446,2211.3634381236598
13.19,2122.2544494781264,1724.7551334442414,2236.7046290663175
13.208,2244.2149740013665,1804.7878872932959,2504.170212483085
13.208,2338.6285675830413,1793.1305138333082,2215.54533274921
13.23,2311.6733953744224,1748.7257843295508,1997.8086888950395
13.23,2309.528003510367,1998.1478270760747,2104.319591076289
13.251,2299.955134028794,1893.4343635825007,2201.821679145358
13.251,2313.621616535271,1961.7059041397233,2113.204688396925
13.252,2402.6992681886654,1787.5000477505298,2398.616644551602
13.252,2135.7053385203535,1926.6669135972575,2149.911038657599
13.273,2250.612653195718,1775.048636091205,2450.389203854759
13.273,2238.454437573834,1778.3792239053596,2313.022544334044
13.294,2451.171991495409,1852.5234839666787,2244.7462179265995
13.294,2290.469389859899,1818.9699184515118,2348.7849590531923
13.316,2373.752628505954,1926.9978460418088,2279.2431909182283
13.316,2395.6953240909643,1960.7732529871585,2191.437628896818
13.337,2158.3173035292366,1844.7951254062332,2310.301851631337
13.337,2626.2421199788337,1837.8549710533084,2271.519465874465
13.357,2352.7234820238905,1936.185103125529,2332.026847663123
13.357,2366.802187964987,1818.9913812496025,2328.166134642183
13.377,2226.363050148004,2104.42720078366,2166.254409813586
13.377,2332.650426106271,1903.357526251654,2249.1315152265342
13.399,2189.396319300747,2030.678085041954,2385.4352442337636
13.4,2305.6153785308366,1938.2067369405315,2322.9180425146883
13.418,2498.1621133489703,1810.5261501218442,2419.0531169063115
13.418,2541.361659321355,1788.2402106992342,2276.1241353849423
13.419,2342.356188128498,1874.91918645399,2278.714066286675
13.419,2448.0820853263535,1792.6122105087295,2280.6950949652596
13.439,2249.3720253714473,1858.8126768057473,2235.806172109124
13.439,2327.3686103100804,2099.7245470430116,2161.9248595503764
13.461,2255.261166600988,1890.0580440622064,2244.438929399332
13.461,2278.135047401521,1946.830518302257,2075.6157805296393
13.481,2441.6699703334907,1946.0413604566274,2180.2489180025086
13.481,2283.9577443498347,1991.928965176525,2329.8777433051887
13.5,2145.1004590903403,1851.0797528557157,2335.7926530205914
13.5,2263.742648103427,1912.793823983439,2439.4073296044644
13.522,2297.4497042418834,1654.7198291407421,2181.9272262569984
13.523,2304.509316599143,1870.7895085853268,2154.8558878229182
13.542,2455.1445426301325,1969.6635964433635,2344.0254473905147
13.542,2241.9942807645434,1895.6168755152557,2236.5284687491717
13.562,2428.266967742782,1799.1502267848382,2238.907474511019
13.562,2301.884538452113,1795.2688591612225,2213.092484913153
13.585,2241.6494890925164,1875.7742948181299,2351.721508065986
13.585,2401.7735672751273,1939.0305744086172,2234.832893901983
13.585,2449.888798122013,2007.6751764498674,2485.0270420672337
13.585,2384.180436170496,1930.6093311603354,2098.891084915935
13.603,2335.4533251723155,1829.5892509787363,2060.165654383143
13.603,2317.9937537337228,1918.1413697565813,2286.0844374604962
13.624,2324.6198160431964,1645.2471349787756,2352.8862345257166
13.624,2227.762066963078,1934.6893983161256,2246.0711178514666
13.644,2221.1597871511035,1854.7123857852769,2371.176426811431
13.644,2331.202464900496,1810.6015588233947,2412.507274968392
13.664,2384.872923001317,1772.0470868331936,2370.225452031411
13.664,2422.5166616670585,1873.6276205468414,2265.367621517931
13.685,2354.257538234213,1927.5529753776486,2117.3554700602654
13.686,2282.483289387511,1914.0118059111157,2209.3154151475296
13.706,2331.217295132875,2001.9361904710277,2472.984167375615
13.706,2210.6016071150284,1845.7260271445502,2223.0372503010576
13.726,2250.925223254076,1976.4136646019392,2342.263899092264
13.726,2189.829745362147,1889.991645444971,2213.2364890050058
13.749,2253.7449809458785,1837.193405516616,2320.991865089059
13.749,2476.812199541485,1957.1235208587711,2272.986265823635
13.749,2505.096964151885,2087.564983009124,2452.4125286714807
13.749,2249.5292301411264,1975.1684476775008,2187.362511583633
13.768,2361.8297721863905,1892.8840716698296,2274.637065137023
13.768,2349.532001205628,1828.460360142826,2180.336470129781
13.789,2174.443815564721,1671.2450728318302,2381.550195116194
13.789,2291.3346305136356,1910.3426176010794,2300.5267321344677
13.809,2498.168827212525,1671.0304354037132,2246.184720337991
13.809,2221.39403540947,1868.3696600435549,2326.720777490145
13.83,2716.1041975797284,1803.4312210090054,2209.2077275250363
13.83,2003.03436403253,1996.5898669356723,2327.7711220331535
13.851,2170.660541847799,1909.2914219952222,2295.8952491878613
13.851,2275.5138444166982,1952.8310254297105,2333.2177765445344
13.871,2420.5330487023825,1882.6045319285765,2343.4688586191983
13.871,2275.850816094467,1868.3724469166862,2253.974826965279
13.892,2229.134111585429,1966.8187025696345,2266.5429166844006
13.892,2397.934204136438,1859.494595657775,2114.623289191805
13.914,2350.92675342222,2010.2189286028588,2212.47215416465
13.914,2414.9131082755152,2022.2397383385448,2248.2390986124806
13.914,2255.8587782713057,2025.4535968768519,2242.249844348944
13.914,2415.750058768062,1897.2810518347826,2217.53700908169
13.935,2219.0794344387195,1889.5681682108057,2375.399747076781
13.935,2171.945461329046,1935.3537942811095,2306.04431363572
13.955,2494.2147860583927,1687.5529478374294,2346.7603787928956
13.955,2157.231526982293,1790.5657901701165,2327.385595732263
13.977,2336.9263975423833,1828.7009704483012,2259.437544966955
13.977,2192.3888030446383,1876.058307586775,2425.008537740983
13.998,2261.928529150153,2048.8334602773443,2391.8585393717426
13.998,2381.013721305,1843.2272663043584,2149.6021117340397
14.018,2338.858559440027,1917.4925261289625,2173.0622773176397
14.018,2230.285017900649,1950.0094291646785,2282.6068405442024
14.04,2468.42530674578,1899.689966048773,2379.4822223412684
14.04,2516.8997339863954,1853.3764895986965,2315.6329318748944
14.06,2379.1300090859036,1717.0775184661618,2302.9479187691404
14.06,2323.7131016670296,1769.2453667409711,2239.752921297963
14.081,2304.5611253170055,1846.9751755049151,2146.1615051161198
14.081,2281.5010168118647,1842.457904588644,2232.5708256566854
14.082,2307.9813702064926,1722.8804659846005,2367.707402792732
14.082,2310.4540024189782,1969.698812440506,2316.026736031143
14.103,2247.3820083243054,1915.3606960118939,2365.34491323737
14.103,2436.635997597541,2019.557686280093,2272.1996477174403
14.124,2190.9210601504633,1880.7020294803986,2247.1960736673823
14.124,2344.817826247092,1773.4088308244193,2231.9995633737976
14.144,2388.726564944798,1884.3128193672885,2230.533345538477
14.144,2081.0718494919,1997.588659800178,2357.1253927512053
14.164,2355.7385270104096,1997.4957715634769,2196.9441055477723
14.164,2345.9524021487473,1884.1396331403757,2197.8429947271447
14.184,2252.51044053972,1841.7698167259146,2282.6679767379737
14.184,2325.8441418060575,1935.3255604322887,2228.7494148974656
14.205,2060.039759309682,1881.449071937938,2259.9701789617343
14.205,2212.95125274168,2036.4890224046976,2121.654689342473
14.247,2283.724542267913,1846.4800444525192,2210.603195713105
14.247,2347.347377704368,1934.483010570034,2321.9701436552323
14.247,2344.0154102775955,1712.0553741390293,2491.6151974690356
14.248,2218.3279743666603,1910.6492176275344,2360.042412404746
14.248,2203.9333428862155,1865.7345566267695,2255.0154328472204
14.248,2162.0524161762273,1887.71986462042,2326.2577532062264
14.269,2217.322781490271,1903.37834658648,2376.6752591563336
14.269,2336.0256352902866,1918.3042002399288,2250.6927072495464
14.288,2302.8975507451228,1842.9207923811794,2167.09177446972
14.288,2425.9446998473236,1943.7913323511955,2178.7635424444584
14.309,2222.5033212286826,1877.459538372122,2342.1889671612853
14.309,2318.3473382413017,1981.60332460701,2121.4374485795297
14.329,2388.8072264543875,1784.8038760763777,2214.128019649384
14.329,2435.7015367625368,1947.201995093058,2217.2178959927846
14.35,2411.7719667503643,1877.6943768795409,2235.506913556078
14.35,2295.3156676292965,1759.8348698839848,2261.1533477129506
14.371,2415.8910434374143,1917.9498574471434,2224.877382113521
14.371,2306.8592899645337,1764.871997861924,2172.799760712839
14.392,2281.533655102008,1758.0414198392252,2300.0088329257733
14.392,2433.9816622920216,1945.4214470290306,2495.8345765120475
14.433,2348.267861405048,1858.8095154959663,2230.422325413458
14.433,2174.738130038739,1849.1292472095968,2128.202582664596
14.433,2220.7755230964326,2061.354570389194,2073.5511649874775
14.433,2483.1533867170756,1959.7329579724005,2192.502887501291
14.434,2405.148594730718,1868.4509868060861,2284.11130449481
14.434,2186.224464012331,1983.156223932506,2146.928222979247
14.454,2339.786696710322,1893.3806126131267,2044.870873522125
14.454,2419.6189815567664,1962.0581882191725,2376.462167771849
14.474,2311.1082239234183,1811.2020856777158,2150.71079337943
14.475,2311.3646003491954,1895.192053355965,2250.53517357598
14.495,2531.0580296722496,1741.8243502106684,2147.8922445434073
14.495,2171.717040032926,2010.2684865055314,2253.514920350859
14.515,2262.945796953891,1969.251957826432,2134.3545745722017
14.516,2323.87975539257,1787.0227569977055,2133.8069301774417
14.557,2283.997327591698,1988.9916120013095,2228.760515675325
14.557,2366.2775686822574,1997.050947084237,2481.3463348994715
14.557,2427.4413921223527,1757.640075873496,2204.197024429326
14.557,2490.2083945517047,1839.0182713990325,2153.481102406979
14.577,2532.814617105952,1918.1003450298922,2391.396471643163
14.577,2284.4958157591823,1753.702199043115,2136.2335680278466
14.577,2447.1688721333603,1867.0542347472203,2327.427356230601
14.577,2286.540877168562,2020.060289447328,2376.134537009653
14.598,2177.4640735727417,1776.604190045685,2196.54975053555
14.598,2246.404576961878,1865.8352577921435,2212.7281964470512
14.619,2365.6818561263344,1767.7334463275306,2278.94984783594
14.619,2392.0425775892522,1744.1749824645756,2150.678739151739
14.639,2302.8256922660153,1868.5491531070422,2227.529486889848
14.639,2280.568809518889,1974.522866378694,2308.586022313984
14.66,2294.1765725915916,1968.8812360460254,2308.0343648271887
14.661,2465.278813981267,1860.7683537197136,2142.0227913414255
14.681,2409.8571698797837,2030.1446400504333,2272.7126469625973
14.681,2388.4533635322655,1845.1437953179889,2358.658664552752
14.703,2419.159410523924,1976.0666775692425,2242.1064036337107
14.703,2385.011748318881,1869.9904465462923,2170.74195144484
14.723,2404.287756074191,1869.7172950868082,2283.1469467291518
14.723,2151.0305025749212,1842.249106915699,2236.8106238731107
14.743,2379.826925737011,1966.0674094354513,2118.11636448999
14.743,2186.5414406997897,1893.355627521895,2190.103422655146
14.743,2584.2602032599425,1716.1135484563551,2347.0575354777698
14.743,2220.656410539371,1758.5029095333202,2379.6382502077404
14.764,2242.316616473632,1944.5994389805858,2213.2352462317294
14.764,2318.930683267783,1972.785496238092,2201.704806419037
14.784,2445.7793697944253,2001.478288507392,2320.8783350204003
14.784,2434.995692725858,1903.4698850525301,2396.3342159905546
14.804,2288.5026972578003,2032.0427833598758,2158.4786024131877
14.804,2133.305329845479,1742.510617718953,2306.7013047737546
14.826,2348.200874696887,1729.8895306587328,2321.9707686071974
14.826,2268.47728940938,1865.2137417577337,2207.5810206504148
14.847,2348.716478624756,1947.2654277901597,2442.3573128727467
14.847,2459.6636178196936,1883.93830574587,2277.2742986357175
14.869,2330.5030902185244,1797.9713712638743,2446.8038500330185
14.869,2163.0908151192825,1910.7111787069546,2514.564869815019
14.889,2504.8620990649865,1862.739114313556,2240.635659855734
14.889,2232.418933141961,1992.111574898653,2250.294123150141
14.909,2282.352660785687,1867.9265085627244,2485.795312068791
14.909,2398.826100485208,1756.9342048296594,2257.204838647711
14.909,2376.163938512692,1804.6113258521573,2370.3319664762107
14.909,2352.524592531735,1960.392567006382,2219.5238600684606
14.931,2087.7435449460627,1897.948601340199,2121.2628886860944
14.931,2279.4437126112994,1772.4632144570512,2143.331728631729
14.951,2182.1010656002886,1853.7245182437134,2306.83671031179
14.951,2390.2378267077065,2037.329523524669,2290.433172056756
14.971,2484.423701875462,1816.4020932856952,2271.027581657569
14.971,2318.3748209028868,1909.2340990415858,2325.5651548512365
15.01,2159.6371091186497,1983.9809424293896,2267.696018945147
15.01,2233.2783164732327,1930.1298633391987,2275.7454624562147
15.01,2439.7112252095108,1898.2118165309937,2118.306054973178
15.01,2401.9807495895666,1859.3217721072954,2317.365684870119
15.028,2481.632866111548,1881.8502835023355,2321.8263304306415
15.028,2537.669095851427,1907.8514505554995,2292.1106754692896
15.049,2234.8110202702696,1822.182832581922,2175.727507502497
15.049,2480.783379937606,1750.9331660367202,2332.3982636386345
15.07,2327.156829583473,1858.0274718008486,2242.9849547606045
15.07,2357.945413750922,1923.7382615759404,2295.536449246673
15.071,2348.806174674776,1883.4658551665075,2505.6823247887933
15.071,2221.9832873252362,1716.193795387002,2262.471197393003
15.091,2351.619257618145,1926.3025900165237,2342.091284700904
15.091,2452.535975355216,2006.697143465532,2417.644738922467
15.112,2348.1935992138947,1708.7864910410556,2312.2301976081776
15.112,2243.3272475690305,1864.469103138823,2350.211438913787
15.133,2354.6788225881337,2036.3421494629622,2348.5629983599356
15.133,2347.394909168334,1952.4364828681973,2258.993639533029
15.153,2169.446762672921,1839.994505514258,2403.32397065089
15.153,2200.1666192106836,1823.7257123206607,2435.7014234741628
15.198,2531.214568120091,1911.7483359336468,2236.9281237710966
15.198,2160.146242193511,1865.843766041973,2197.152843933671
15.198,2403.744303635593,1940.5635895052656,2120.2712676922556
15.198,2315.355282465223,1891.8391946928748,2277.746398648245
15.217,2442.8561553062364,1814.882929571421,2408.7819802652325
15.217,2264.3221613970027,1855.8930438090752,2198.4178428763503
15.237,2329.0214328187367,1928.635871861183,2121.4546845995083
15.237,2263.0143069095416,1956.4008630293981,2283.7246033127444
15.237,2393.4654527320363,1977.2667476674872,2271.0761839765682
15.237,2402.0600203078143,1771.8736147782547,2364.32721188266
15.28,2306.2436950145902,2021.8911474434692,2042.5592722742567
15.28,2379.075369444978,1780.6680739908036,2163.311262479714
15.281,2325.4705580736195,1788.3593443528737,2398.8267301634974
15.281,2352.550270497154,1917.4279910939604,2253.6112067161803
15.3,2280.9251221849368,1946.5969340699453,2237.974739697019
15.3,1999.5252377798868,1961.165566731264,2388.554829387841
15.345,2460.192039550071,1939.344398263474,2247.403797302496
15.345,2082.915879631129,1813.3766015758042,2259.9168991864185
15.345,2402.4737873235053,1826.3423414691476,2375.7285041159403
15.345,2210.1309114771625,2025.910996094707,2244.7528497784547
15.363,2447.905238306446,1802.7682203999766,2348.642738618942
15.363,2138.9608822197756,1943.3045902014876,2272.119158075231
15.383,2414.9096815908265,1867.4016111909684,2230.7595089152715
15.383,2507.301914659517,1860.4896416262864,2272.1470289917534
15.403,2432.8832651638627,1886.902303759904,2293.054140451637
15.403,2440.113836631237,1757.7514211882428,2225.052430946438
15.404,2347.725656825713,1968.9733912352467,2162.145617642386
15.404,2124.7312314397914,1995.9003317897773,2085.089464702099
15.423,2304.524901963418,1835.1909426685793,2380.236303011755
15.423,2308.826626264436,2039.4095887729147,2098.5336262433448
15.445,2334.3519651590464,2011.3466293334502,2474.0461428493118
15.445,2299.51879477743,1945.0339971413134,2443.1540530959273
15.465,2240.854983280031,2012.2670378886328,2340.5148833995067
15.465,2442.382841984288,1882.2587254103732,2380.725920230455
15.487,2274.746894637019,1829.3193130442012,2279.5168461868257
15.487,2392.670938270232,1755.7881923582831,2171.323955175417
15.509,2343.5204830726343,1824.5671430263758,2241.565742566339
15.509,2471.5974050534746,1739.1178692201463,2331.3932375668396
15.529,2477.4052984986856,1862.704606278616,1971.6146560714008
15.529,2272.995396008026,1846.1461011458396,2307.7826630966388
15.548,2260.079321428275,1871.7281638418362,2203.3780248308217
15.549,2469.9801606007386,1971.8287821670651,2231.130620627975
15.57,2639.715266979302,1938.7616758411718,2365.365853471191
15.57,2315.654537286962,1973.8255531125978,2132.952317168044
15.57,2303.023427637376,2034.255681228734,2301.161320512974
15.57,2333.127503527045,1852.103893514094,2288.0401486109154
15.594,2368.2991963276563,1998.0959000936714,2383.5982003285517
15.594,2319.085919373215,1923.473734009932,2094.262797844686
15.614,2440.0774725475903,1985.7702420469486,2260.924310234396
15.614,2299.8715973948624,1903.6687810184594,2065.0623434272966
15.636,2228.5736095202324,1910.5229088747883,2177.905485825797
15.636,2164.086128953862,1880.4797949921253,2334.7833166257665
15.655,2397.2881209032566,2052.648493771796,2220.2766389203425
15.655,2549.00214041563,1985.8579455199867,2236.0581058820685
15.677,2324.175337336047,1853.024354995887,2217.542968590426
15.677,2306.2736865417382,1906.7932385732909,2246.250808960685
15.697,2571.8714393152754,1884.967943285381,2211.8071169473887
15.697,2198.5766724815862,1754.4609513622365,2141.983913073748
15.718,2235.6326191135154,1814.9861822716855,2204.6602238882074
15.718,2330.0794494503557,1835.86742999126,2233.9638057515517
15.738,2166.7185324453308,1957.5107634056253,2325.2746772476858
15.738,2320.281818539731,1966.9671077858072,2409.1319699765577
15.739,2371.496648338446,1920.5016321458352,2345.980935753794
15.739,2328.064281902387,1858.239963837357,2281.4823176940795
15.758,2287.0114031444386,1776.8126008666752,2180.316344578665
15.758,2205.9090705206104,2043.037938617283,2316.8622276235196
15.778,2242.4654189062676,1864.7481481904808,2189.5759652493502
15.778,2444.1404080226534,1883.38061927145,2390.360276611881
15.798,2392.826593000822,1845.296699263777,2423.307924281885
15.798,2251.1174964065954,1853.3391833955332,2136.55411955945
15.82,2465.2452599546364,1872.4823988744927,2045.835146925462
15.82,2246.490438308086,1849.0210704932313,2173.2047007459983
15.842,2210.903636598423,1941.7289157648097,2210.0041886663516
15.842,2267.021317893279,1777.5134561927036,2315.262200729274
15.862,2208.3462236635896,1965.8861649409478,2492.8950736993324
15.862,2282.476821666558,1952.0710368722248,2269.983628197826
15.883,2255.242771677444,1881.2502851921229,2199.2663275142218
15.883,2464.2421190244213,1992.572054420464,2290.143153795139
15.904,2546.385729167256,1960.1540994200284,2182.1338131414473
15.904,2418.7039048260735,1874.4182031245496,2311.033871789448
15.904,2444.556320845499,1965.2595921403429,2428.1662680889585
15.904,2417.3296293439184,1905.946037288901,2348.2016908742376
15.925,2449.1626466864664,1887.7131390840586,2145.097276940436
15.925,2174.739255391522,1825.6964518502018,2263.7881428049495
15.947,2180.478412467282,1825.577890186611,2142.3941894447057
15.947,2429.607850579285,1878.6165605367087,2213.154409580546
15.967,2368.191217801886,1886.8935493587,2459.6056403628622
15.967,2444.873189940808,1861.8951517691808,2305.216667984439
15.987,2357.3956426012996,1855.1766336683781,2170.5312280276257
15.987,2427.722666539787,1953.4417640485242,2264.1532474646624
16.01,2382.7850882185644,1814.2031427196905,2201.8924805106003
16.01,2317.505652888647,1954.191079509178,2184.2631816031585
16.029,2380.5140314239006,2052.6893574357664,2235.5057748509125
16.029,2120.4815820362546,1935.1236416871816,2323.972406111052
16.05,2388.619614027566,1896.8479145549825,2107.7076339611585
16.05,2238.5746492079256,1710.1367887138517,2106.3098818733624
16.072,2441.419389906856,1798.0837043883253,2289.130083695079
16.072,2372.361497523495,1798.6433792058638,2340.895072232377
16.072,2249.735207009046,1729.5541350337185,2370.5802204395377
16.072,2379.6063700174873,1891.359771331746,2296.144943726159
16.092,2276.433323619494,1902.1701288387806,2376.4296080222207
16.092,2179.2839174477967,1900.2729002920632,2349.561683219469
16.112,2451.0822301403514,1858.5640131384926,2411.989215877989
16.113,2269.816841642231,1919.914669303323,2280.541436467482
16.133,2514.139017237753,1971.3114495821553,2369.442525172304
16.133,2271.615350526576,1787.592748048668,2324.4961850818286
16.155,2335.0538981961267,1849.9121773016002,2298.7589953376714
16.155,2171.115909562432,2026.9334193452585,2373.608961989895
16.178,2242.927903468937,1816.244235505339,2297.2604403574264
16.178,2404.1108121324637,1887.43354404432,2273.294942266091
16.198,2216.9278387037525,1917.4491344569853,2061.421308513756
16.198,2227.271928892832,1894.9220301301407,2252.253880488227
16.218,2290.8566775466675,1807.3754702896933,2395.07885379088
16.219,2217.543878242244,1822.8050941312931,2368.3906957224335
16.239,2199.3569641285967,1791.580909824862,2161.692582848041
16.239,2086.6822996314713,1859.6586633421957,2209.296668949104
16.239,2394.926750878562,1819.1741505750447,2264.239332757122
16.239,2406.1972002137245,1894.200748721761,2310.606897076321
16.258,2301.506512455354,1892.8090978601515,2352.4619599940493
16.258,2319.8877010104375,1885.131595478319,2140.30677294626
16.28,2358.9398008443723,1950.0025724132722,2191.1484747297254
16.281,2362.9058503737397,1956.2418327715752,2418.3715698810297
16.321,2195.521844494468,1826.9646445352776,2173.132287112504
16.322,2189.5146254317447,1923.5196700924882,2364.2576566928296
16.322,2245.862756495319,1886.388011305568,2304.653425335735
16.322,2290.609593337104,1790.3270379154167,2292.623547159207
16.344,2516.550177216985,1779.1644289516635,2354.972752185826
16.344,2334.476899592275,1980.0425737511564,2162.5124151215878
16.363,2340.042386227366,1848.372848481348,2311.7845790584183
16.363,2206.287811383658,1736.1893917401903,2232.1527108808955
16.385,2169.171355064673,1804.5910091846,2327.364926512985
16.385,2251.5379033080385,1880.078443703262,2104.560173730321
16.406,2115.54393298117,1840.4191179700038,2316.5573810152496
16.406,2320.015812283486,1970.805433141208,2171.3575343943417
16.407,2429.991787299057,1929.7784718408027,2120.8158039790483
16.407,2285.05500314019,1848.7357038663492,2186.1241648518976
16.426,2241.5191422592375,1804.1604595895114,2106.071817206267
16.426,2301.491234604719,2016.5966213385875,2281.0697439924484
16.448,2569.117032632217,2125.1073159849093,2248.7364113066387
16.448,2412.5137322732025,1916.1795363481442,2226.970886435818
