class,filename,is_aug,source_original,day,shift_samples,stretch_scale,gain,noise_snr_db
clipper,T1.csv,0,,6,,,,
clipper,T2.csv,0,,3,,,,
clipper,T3.csv,0,,2,,,,
clipper,T4.csv,0,,2,,,,
clipper,T5.csv,0,,7,,,,
clipper,T6.csv,0,,1,,,,
clipper,T7.csv,0,,5,,,,
clipper,T8.csv,0,,7,,,,
clipper,T9.csv,0,,9,,,,
clipper,T10.csv,0,,2,,,,
clipper,T11.csv,0,,3,,,,
clipper,T12.csv,0,,7,,,,
clipper,T13.csv,0,,1,,,,
clipper,T14.csv,0,,6,,,,
clipper,T15.csv,0,,1,,,,
clipper,T16.csv,0,,5,,,,
clipper,T17.csv,0,,3,,,,
clipper,T18.csv,0,,1,,,,
clipper,T19.csv,0,,5,,,,
clipper,T20.csv,0,,4,,,,
clipper,T21.csv,0,,10,,,,
clipper,T22.csv,0,,8,,,,
clipper,T23.csv,0,,1,,,,
clipper,T24.csv,0,,9,,,,
clipper,T25.csv,0,,7,,,,
clipper,T26.csv,0,,5,,,,
clipper,T27.csv,0,,1,,,,
clipper,T28.csv,0,,4,,,,
clipper,T29.csv,0,,3,,,,
clipper,T30.csv,0,,7,,,,
clipper,T31.csv,0,,9,,,,
clipper,T32.csv,0,,4,,,,
clipper,T33.csv,0,,1,,,,
clipper,T34.csv,0,,4,,,,
clipper,T35.csv,0,,4,,,,
clipper,T36.csv,0,,3,,,,
clipper,T37.csv,0,,3,,,,
clipper,T38.csv,0,,5,,,,
clipper,T39.csv,0,,8,,,,
clipper,T40.csv,0,,7,,,,
clipper,T41.csv,0,,6,,,,
clipper,T42.csv,0,,2,,,,
clipper,T43.csv,0,,5,,,,
clipper,T44.csv,0,,7,,,,
clipper,T45.csv,0,,8,,,,
clipper,T46.csv,0,,4,,,,
clipper,T47.csv,0,,3,,,,
clipper,T48.csv,0,,8,,,,
clipper,T49.csv,0,,10,,,,
clipper,T50.csv,0,,9,,,,
clipper,T51.csv,0,,6,,,,
clipper,T52.csv,0,,2,,,,
clipper,T53.csv,0,,10,,,,
clipper,T54.csv,0,,2,,,,
clipper,T55.csv,0,,10,,,,
clipper,T56.csv,0,,6,,,,
clipper,T57.csv,0,,6,,,,
clipper,T58.csv,0,,4,,,,
clipper,T59.csv,0,,8,,,,
clipper,T60.csv,0,,2,,,,
clipper,T61.csv,0,,8,,,,
clipper,T62.csv,0,,6,,,,
clipper,T63.csv,0,,5,,,,
clipper,T64.csv,0,,10,,,,
clipper,T65.csv,0,,9,,,,
clipper,T66.csv,0,,10,,,,
clipper,T67.csv,0,,9,,,,
clipper,T68.csv,0,,8,,,,
clipper,T69.csv,1,T27.csv,1,-117,1.0,1.0,19.87193424403443
clipper,T70.csv,1,T6.csv,1,39,1.0,1.0965767862665619,22.59858439136702
clipper,T71.csv,1,T6.csv,1,0,1.0,1.0,
clipper,T72.csv,1,T27.csv,1,1,1.0496069478683179,0.9133503772597399,
clipper,T73.csv,1,T15.csv,1,-94,1.0,0.9639668066133948,26.499888588935644
clipper,T74.csv,1,T13.csv,1,-62,1.0,0.9589750760562183,
clipper,T75.csv,1,T13.csv,1,-52,1.0049754436011165,1.0239136345765518,24.800009445001976
clipper,T76.csv,1,T13.csv,1,0,1.0431139270946146,1.0,19.322933840166797
clipper,T77.csv,1,T27.csv,1,-16,0.9315054651107033,1.0,24.398652027697576
clipper,T78.csv,1,T6.csv,1,102,1.0,1.0,24.298180254525512
clipper,T79.csv,1,T27.csv,1,37,1.0,0.9796215286306902,25.378759665176766
clipper,T80.csv,1,T27.csv,1,70,1.0817717369462667,1.0316933421479675,
clipper,T81.csv,1,T23.csv,1,81,1.0,0.9118075349726149,20.13783997495355
clipper,T82.csv,1,T6.csv,1,52,1.0832103262626485,1.0,27.726309412376246
clipper,T83.csv,1,T23.csv,1,0,1.0,0.9318302582853435,
clipper,T84.csv,1,T18.csv,1,0,1.0,1.034747435542038,
clipper,T85.csv,1,T6.csv,1,0,1.0,0.8956233793061544,20.64238700607363
clipper,T86.csv,1,T6.csv,1,-31,1.0296322033467487,1.0974074595892875,
clipper,T87.csv,1,T6.csv,1,0,0.9699291384840222,1.0300937512301034,
clipper,T88.csv,1,T13.csv,1,-50,1.0,1.0,
clipper,T89.csv,1,T13.csv,1,89,0.9035764781677683,0.974505791299631,24.67796301988078
clipper,T90.csv,1,T23.csv,1,0,0.9890196746858508,0.9527978186741085,
clipper,T91.csv,1,T23.csv,1,0,1.0,1.0990771959451897,20.157263632267647
clipper,T92.csv,1,T3.csv,2,0,1.0096724677751583,0.88866062780197,19.798530893482393
clipper,T93.csv,1,T52.csv,2,-21,0.9649424855524403,0.8903603908941894,18.41752240443575
clipper,T94.csv,1,T4.csv,2,-41,0.9648776005374218,0.9865372216956748,21.890568595765817
clipper,T95.csv,1,T54.csv,2,-90,0.9826714225618418,0.9437969479370231,
clipper,T96.csv,1,T54.csv,2,15,1.0676258270755807,1.0267240487900624,
clipper,T97.csv,1,T54.csv,2,0,1.0,0.9925157068771902,
clipper,T98.csv,1,T52.csv,2,137,0.9562502576754914,1.0,
clipper,T99.csv,1,T42.csv,2,-78,1.0083552337828523,1.0,
clipper,T100.csv,1,T4.csv,2,-222,1.0,0.9715401555105152,29.35934192256017
clipper,T101.csv,1,T42.csv,2,0,0.9732226431421162,1.0,
clipper,T102.csv,1,T52.csv,2,-173,0.904631990929183,1.1167544299742662,20.826359905687323
clipper,T103.csv,1,T10.csv,2,-56,1.0,0.8812026201811539,29.398911915571112
clipper,T104.csv,1,T60.csv,2,-71,1.0,0.9284950439513177,22.748460014753157
clipper,T105.csv,1,T60.csv,2,-66,1.0,1.0993061623936766,
clipper,T106.csv,1,T3.csv,2,0,1.0,1.0834764106906578,29.486068176576858
clipper,T107.csv,1,T60.csv,2,103,0.9120160831890408,1.0,28.287665004493306
clipper,T108.csv,1,T60.csv,2,0,0.9455047710763255,1.066278710139209,28.22652052823183
clipper,T109.csv,1,T4.csv,2,162,0.9041991355178254,1.0110057842001214,
clipper,T110.csv,1,T54.csv,2,0,0.9816314226116477,1.0904627107796603,28.712662427829976
clipper,T111.csv,1,T42.csv,2,-135,1.0093448794025168,0.936808315074462,
clipper,T112.csv,1,T10.csv,2,0,1.0,1.0,29.42444069585831
clipper,T113.csv,1,T10.csv,2,115,1.0,0.9634155527141854,23.75773652641331
clipper,T114.csv,1,T4.csv,2,0,1.0,1.0523502558285778,
clipper,T115.csv,1,T11.csv,3,-85,1.0,0.9882990072822179,21.62351801098522
clipper,T116.csv,1,T47.csv,3,-126,1.0009321549390713,1.0,22.743651112964177
clipper,T117.csv,1,T17.csv,3,3,1.020603067339486,1.0475776682043263,29.84432075408258
clipper,T118.csv,1,T2.csv,3,0,1.0,1.0223149836806087,
clipper,T119.csv,1,T2.csv,3,55,1.0240266695524158,1.0709287906498712,29.06896240997753
clipper,T120.csv,1,T29.csv,3,-134,1.0505233521057953,1.0753898953755332,
clipper,T121.csv,1,T2.csv,3,-94,0.9365955721964265,1.042299887708393,
clipper,T122.csv,1,T17.csv,3,0,1.0,0.9961228414352856,
clipper,T123.csv,1,T47.csv,3,77,0.9676522047181683,1.0,19.173474735663984
clipper,T124.csv,1,T17.csv,3,0,0.9623090575105309,1.0,
clipper,T125.csv,1,T36.csv,3,-25,1.0289188638453393,0.9627127540988946,21.467626978088223
clipper,T126.csv,1,T17.csv,3,-163,1.0034649670445628,0.9044642243734422,20.74370864045729
clipper,T127.csv,1,T47.csv,3,-13,1.0473659531512838,1.0094670587870822,21.77921580237624
clipper,T128.csv,1,T2.csv,3,0,1.072445556166171,1.0213201448102793,27.85534080752915
clipper,T129.csv,1,T37.csv,3,-159,1.0,1.0054138968144148,29.698911446374648
clipper,T130.csv,1,T29.csv,3,140,0.9744077542449086,1.0016292362417993,25.6999055533216
clipper,T131.csv,1,T36.csv,3,134,1.0754114829119727,1.0,22.926725288610726
clipper,T132.csv,1,T2.csv,3,0,1.0599634165582361,1.0341872584342637,24.54908468185964
clipper,T133.csv,1,T29.csv,3,107,1.0442564850215859,1.0,26.902312705683645
clipper,T134.csv,1,T2.csv,3,0,0.9361951780841918,1.0,25.15298056024954
clipper,T135.csv,1,T36.csv,3,29,1.0958580394154342,1.056046821737437,
clipper,T136.csv,1,T17.csv,3,-160,0.9746519815717944,1.100697416387657,26.12150396519842
clipper,T137.csv,1,T47.csv,3,-121,0.9149975809704036,1.0334609258491783,19.444693678218645
clipper,T138.csv,1,T46.csv,4,0,1.0563624272290897,1.0834439455098415,21.349739169135457
clipper,T139.csv,1,T35.csv,4,-58,0.9970566595243604,0.9595553113044493,
clipper,T140.csv,1,T58.csv,4,139,0.9237636155887406,1.0096410191245788,25.829492645111063
clipper,T141.csv,1,T32.csv,4,-75,1.0,1.1007666185374034,29.667427148204972
clipper,T142.csv,1,T35.csv,4,-59,0.9197586145510956,1.093084466505156,19.640077596131327
clipper,T143.csv,1,T28.csv,4,100,0.9261276389101861,1.0,
clipper,T144.csv,1,T46.csv,4,12,1.0,1.0,
clipper,T145.csv,1,T20.csv,4,0,1.0,1.0683277196821317,
clipper,T146.csv,1,T20.csv,4,-138,1.0,1.0,
clipper,T147.csv,1,T46.csv,4,-54,1.070840836348421,1.0,19.754783305337906
clipper,T148.csv,1,T28.csv,4,0,1.0,0.9638227209429543,22.247021433819796
clipper,T149.csv,1,T58.csv,4,99,0.9676632753505298,0.9119960708865488,24.157207173816424
clipper,T150.csv,1,T32.csv,4,19,1.058550647802517,1.0921466618951035,
clipper,T151.csv,1,T20.csv,4,0,1.0,0.9692525120886124,28.10747468415446
clipper,T152.csv,1,T58.csv,4,-75,1.0,1.0839069702718844,26.083787771401965
clipper,T153.csv,1,T28.csv,4,104,1.0,1.1023883097353415,27.551579665927843
clipper,T154.csv,1,T58.csv,4,-36,0.9511331051164453,1.091218380115158,
clipper,T155.csv,1,T20.csv,4,150,1.0,0.9844027583684267,26.043690130319607
clipper,T156.csv,1,T34.csv,4,0,1.0943370970080466,1.0,29.997722720480695
clipper,T157.csv,1,T32.csv,4,-128,1.0,0.9071391020875328,
clipper,T158.csv,1,T34.csv,4,0,1.0,1.0438441011846622,23.501965332088872
clipper,T159.csv,1,T46.csv,4,-136,1.0351298741521773,1.0,26.681836854225402
clipper,T160.csv,1,T58.csv,4,-126,1.0,1.0,18.11008880378226
clipper,T161.csv,1,T19.csv,5,-95,0.9095525476246556,1.0,
clipper,T162.csv,1,T16.csv,5,-105,1.0752669771947585,1.1046088909510394,23.890523244501537
clipper,T163.csv,1,T19.csv,5,104,1.0,1.0305896148909324,
clipper,T164.csv,1,T19.csv,5,104,1.0,0.9352224564910978,27.422215408575987
clipper,T165.csv,1,T16.csv,5,0,1.0,0.9553421807205497,18.35630286541211
clipper,T166.csv,1,T43.csv,5,119,1.077185835260667,0.9377038378680946,24.149006728779504
clipper,T167.csv,1,T19.csv,5,-71,1.0,1.0214893937003644,18.001950593785324
clipper,T168.csv,1,T43.csv,5,0,0.9380229644741973,1.0,
clipper,T169.csv,1,T43.csv,5,93,1.0,0.949990840746356,18.801513293506705
clipper,T170.csv,1,T43.csv,5,-107,1.0,1.0,28.98333163681943
clipper,T171.csv,1,T7.csv,5,205,0.9869746800470035,1.0766768904363477,21.062022053611777
clipper,T172.csv,1,T38.csv,5,-171,0.9413146879763891,0.9676183504841416,
clipper,T173.csv,1,T43.csv,5,-173,1.0,1.10891562163838,
clipper,T174.csv,1,T16.csv,5,-29,0.951105101889381,0.9708149273311529,26.140043591925807
clipper,T175.csv,1,T38.csv,5,-73,1.0,0.9930542495124525,29.985473937691694
clipper,T176.csv,1,T43.csv,5,0,1.0979525964712262,0.9832934100697847,22.545441366935368
clipper,T177.csv,1,T16.csv,5,-142,1.0,0.995069723155459,28.75579511136868
clipper,T178.csv,1,T16.csv,5,-39,1.0298175165723351,0.9119226184651419,22.372152555411898
clipper,T179.csv,1,T26.csv,5,-35,1.029845558884408,1.0,
clipper,T180.csv,1,T26.csv,5,130,0.9356673236795475,0.946869287284815,22.25096373293914
clipper,T181.csv,1,T19.csv,5,107,1.0,1.110825933271029,
clipper,T182.csv,1,T43.csv,5,-95,1.0,1.0681224080612326,
clipper,T183.csv,1,T43.csv,5,92,1.0,0.8969786295003253,29.182751061961028
clipper,T184.csv,1,T56.csv,6,-127,1.0,1.0271650786260922,
clipper,T185.csv,1,T14.csv,6,26,0.9187099489359922,0.9569515621399934,
clipper,T186.csv,1,T57.csv,6,136,0.9255002338678741,0.9296277836096151,
clipper,T187.csv,1,T41.csv,6,161,0.997560574329297,1.0,
clipper,T188.csv,1,T62.csv,6,-44,0.9520064184495551,1.041914840746223,22.23579866739361
clipper,T189.csv,1,T62.csv,6,0,1.0,0.8867055484575548,
clipper,T190.csv,1,T62.csv,6,-107,1.0497850420988488,1.0750281833184334,24.801783215146347
clipper,T191.csv,1,T1.csv,6,0,0.9716997163893053,0.9608364509092087,19.416562102746102
clipper,T192.csv,1,T14.csv,6,-164,1.0,1.003961868641167,
clipper,T193.csv,1,T62.csv,6,0,1.0,1.0,20.507313343356707
clipper,T194.csv,1,T1.csv,6,109,1.0,1.1013741367363994,
clipper,T195.csv,1,T62.csv,6,57,0.9596600458526119,1.1007943976112413,24.40439881466813
clipper,T196.csv,1,T41.csv,6,15,1.0135694148960277,1.0,19.256371641129117
clipper,T197.csv,1,T51.csv,6,73,1.0423541494378865,1.0130368600256092,24.154395147430385
clipper,T198.csv,1,T41.csv,6,0,1.0,1.0,20.52744405435635
clipper,T199.csv,1,T1.csv,6,0,1.0,1.084139297310829,22.9526859173747
clipper,T200.csv,1,T14.csv,6,17,0.9560418875784495,1.0,22.93699532305127
clipper,T201.csv,1,T56.csv,6,66,1.0403450249779165,1.105680131731419,21.036136095521538
clipper,T202.csv,1,T57.csv,6,-105,1.0,1.0,
clipper,T203.csv,1,T41.csv,6,4,1.0,1.0,19.928249487583667
clipper,T204.csv,1,T14.csv,6,-126,1.0,1.0761158746560555,
clipper,T205.csv,1,T57.csv,6,-35,0.9074805928082103,1.0,29.42959269494998
clipper,T206.csv,1,T51.csv,6,-87,0.9278292607235039,0.9982597798084782,24.92929651217272
clipper,T207.csv,1,T25.csv,7,-109,1.0,0.9982787425732842,29.129754222886255
clipper,T208.csv,1,T40.csv,7,138,0.9469237562256654,1.0,
clipper,T209.csv,1,T25.csv,7,-61,1.0726999919637803,1.050926125268423,28.511101235762467
clipper,T210.csv,1,T8.csv,7,-57,0.9608554865806774,1.1180280083710885,
clipper,T211.csv,1,T12.csv,7,-33,1.055696392659011,0.9391331873200255,
clipper,T212.csv,1,T8.csv,7,-78,1.0,1.0467255723200277,22.95085299929976
clipper,T213.csv,1,T8.csv,7,-56,0.9528697272212611,1.0169243015944678,22.665818652333936
clipper,T214.csv,1,T40.csv,7,0,1.0,1.0682431988203476,24.144833585290883
clipper,T215.csv,1,T30.csv,7,-16,1.0,1.0237963899355638,
clipper,T216.csv,1,T30.csv,7,-54,1.0,1.075227632032324,29.19527902424771
clipper,T217.csv,1,T12.csv,7,134,1.0,1.0,18.68049009846489
clipper,T218.csv,1,T40.csv,7,24,0.92312105973822,1.0,21.587930108545986
clipper,T219.csv,1,T30.csv,7,-25,0.9722439457896459,1.0,23.102652356798536
clipper,T220.csv,1,T25.csv,7,126,1.0,1.0200761902533715,24.146142063346666
clipper,T221.csv,1,T30.csv,7,-50,1.089308821039455,1.0,28.410691926042023
clipper,T222.csv,1,T25.csv,7,-76,1.0,1.0,
clipper,T223.csv,1,T12.csv,7,105,1.0022345893180997,1.0923050441225024,22.0444317337398
clipper,T224.csv,1,T8.csv,7,0,1.0,1.0,28.421046965805107
clipper,T225.csv,1,T8.csv,7,0,1.035141122687722,0.9095946060764517,24.483013007345793
clipper,T226.csv,1,T30.csv,7,-58,1.0,1.119620744985795,28.504748962987733
clipper,T227.csv,1,T25.csv,7,82,1.0,1.0557743272643134,20.58730595647196
clipper,T228.csv,1,T5.csv,7,126,1.0,1.095697554557016,
clipper,T229.csv,1,T44.csv,7,111,0.9056196353512153,1.051067119349444,28.12411646062283
clipper,T230.csv,1,T22.csv,8,-158,0.9517811557288749,0.9851399184697046,19.984603247820953
clipper,T231.csv,1,T68.csv,8,99,1.0998622108238938,0.8863875464999577,26.56006343706293
clipper,T232.csv,1,T22.csv,8,162,1.0,1.051822648921601,28.299617290255412
clipper,T233.csv,1,T39.csv,8,-47,1.0,1.0,23.005542127220778
clipper,T234.csv,1,T61.csv,8,-66,0.9291059680389915,0.944633022198506,28.64118094155631
clipper,T235.csv,1,T39.csv,8,0,0.9020080170446919,1.0352660870266364,25.10656962413973
clipper,T236.csv,1,T68.csv,8,141,1.0,0.9605602802239255,18.37209387186598
clipper,T237.csv,1,T61.csv,8,-85,1.0233736010220396,1.088275365661851,
clipper,T238.csv,1,T48.csv,8,-89,1.0,1.038472010366335,
clipper,T239.csv,1,T59.csv,8,-151,0.9082746219993468,1.0215833835415036,24.850047423193246
clipper,T240.csv,1,T22.csv,8,114,0.9701316654699347,1.0,19.27422405669851
clipper,T241.csv,1,T48.csv,8,31,1.0,1.0417814740960887,26.180706932099312
clipper,T242.csv,1,T48.csv,8,-3,1.0,1.047871099049736,23.07448486522501
clipper,T243.csv,1,T59.csv,8,-136,0.9286414214526744,1.1181653043003792,
clipper,T244.csv,1,T48.csv,8,137,1.0,1.0901015136495331,
clipper,T245.csv,1,T59.csv,8,-93,1.0,1.0,
clipper,T246.csv,1,T45.csv,8,0,1.0,1.0,
clipper,T247.csv,1,T59.csv,8,100,1.0,0.9949869577041819,27.36612071564719
clipper,T248.csv,1,T68.csv,8,0,0.9935587568678165,0.9859301541009287,
clipper,T249.csv,1,T22.csv,8,-30,1.0,1.1078723318849046,20.16690625374378
clipper,T250.csv,1,T61.csv,8,86,0.9466517083066716,1.0582430571612185,18.20077352046142
clipper,T251.csv,1,T61.csv,8,-4,1.0,0.9117951691690256,22.070122053419677
clipper,T252.csv,1,T22.csv,8,-78,1.0,1.0,23.905853789543286
clipper,T253.csv,1,T67.csv,9,-89,1.0,1.0071633540899076,22.513778754117183
clipper,T254.csv,1,T65.csv,9,0,1.0,0.9368974982215378,26.40238757855694
clipper,T255.csv,1,T31.csv,9,-105,1.0,1.0085458928605138,20.24629056530699
clipper,T256.csv,1,T67.csv,9,-8,1.0,1.0437086878144548,
clipper,T257.csv,1,T31.csv,9,9,1.0,1.0,29.95827599962311
clipper,T258.csv,1,T9.csv,9,-11,0.939034127735609,1.0,24.977654940519415
clipper,T259.csv,1,T31.csv,9,-222,1.0098980201250356,1.0,
clipper,T260.csv,1,T50.csv,9,0,1.0,1.0,25.829393298190354
clipper,T261.csv,1,T24.csv,9,43,0.9629019211555793,0.8824303191901521,
clipper,T262.csv,1,T50.csv,9,83,1.0,0.9597654436421206,
clipper,T263.csv,1,T9.csv,9,-122,1.0345679977637572,1.0,18.692921355214704
clipper,T264.csv,1,T67.csv,9,-180,1.080271000499029,1.0,26.306932074241466
clipper,T265.csv,1,T67.csv,9,-15,0.9695027984842601,0.9340488591222795,19.458466046759018
clipper,T266.csv,1,T31.csv,9,55,0.9688957448124048,0.986441162761608,27.328303160662838
clipper,T267.csv,1,T65.csv,9,0,1.0724308581660456,1.0544548575883943,27.50002594891382
clipper,T268.csv,1,T24.csv,9,0,1.0,1.0,20.512031612382845
clipper,T269.csv,1,T65.csv,9,66,0.9180871727469043,0.96413611697434,26.043876241759286
clipper,T270.csv,1,T9.csv,9,40,1.0,0.8820523011710162,25.76543289020392
clipper,T271.csv,1,T67.csv,9,0,1.0,1.0,21.235918560846567
clipper,T272.csv,1,T31.csv,9,-178,1.0702159817134236,1.0956364904693423,26.766596548532192
clipper,T273.csv,1,T67.csv,9,0,0.9152107658268499,1.0277637002622042,
clipper,T274.csv,1,T65.csv,9,113,1.0080513897418095,1.0484282476742095,22.13886791315082
clipper,T275.csv,1,T65.csv,9,16,0.9431211064580867,1.0,
clipper,T276.csv,1,T24.csv,9,162,0.9770460645953793,0.9006270578742754,
clipper,T277.csv,1,T49.csv,10,-111,1.0,1.0454379593874517,26.856332274226098
clipper,T278.csv,1,T53.csv,10,36,1.0264060119619598,1.0,
clipper,T279.csv,1,T49.csv,10,0,1.0,1.0,24.399539896069196
clipper,T280.csv,1,T64.csv,10,79,1.0195804446707528,1.0,
clipper,T281.csv,1,T64.csv,10,182,1.0397164132232755,1.0,23.893085427852682
clipper,T282.csv,1,T21.csv,10,-85,0.9257719357163289,1.0,22.221188837753825
clipper,T283.csv,1,T64.csv,10,-100,1.000532814613119,0.95369385731495,24.470230696655083
clipper,T284.csv,1,T53.csv,10,74,1.0,1.1093914887081264,22.825732392869362
clipper,T285.csv,1,T55.csv,10,31,1.0,1.1025638684939867,27.46690053691032
clipper,T286.csv,1,T21.csv,10,92,1.0,0.9196728236206052,27.881078902719835
clipper,T287.csv,1,T21.csv,10,-78,1.0,1.0,
clipper,T288.csv,1,T53.csv,10,0,1.0431590411038587,0.9391607339783137,21.18081732597384
clipper,T289.csv,1,T53.csv,10,0,1.0,1.1190128045667291,
clipper,T290.csv,1,T49.csv,10,-36,1.0001162471906297,1.0,
clipper,T291.csv,1,T21.csv,10,50,1.0,1.0,
clipper,T292.csv,1,T49.csv,10,9,1.0,1.091662211808757,
clipper,T293.csv,1,T64.csv,10,123,0.9477358117520237,0.9750913316439633,27.82039436667391
clipper,T294.csv,1,T21.csv,10,-53,1.0844848511316074,1.0381694781432858,
clipper,T295.csv,1,T21.csv,10,-32,1.0,0.9737061340827804,
clipper,T296.csv,1,T66.csv,10,-115,0.9981433066456545,1.0,22.694892808919292
clipper,T297.csv,1,T55.csv,10,0,0.9197631439377721,0.9676726051273726,24.301755367809765
clipper,T298.csv,1,T21.csv,10,-137,1.0031664838298593,0.9195466251122844,25.1664203114978
clipper,T299.csv,1,T64.csv,10,-33,1.0,1.047701679047737,24.379951664529692
clipper,T300.csv,1,T49.csv,10,-12,0.9042768946224133,1.0,26.962435782793754
earbud,T1.csv,0,,9,,,,
earbud,T2.csv,0,,7,,,,
earbud,T3.csv,0,,6,,,,
earbud,T4.csv,0,,4,,,,
earbud,T5.csv,0,,2,,,,
earbud,T6.csv,0,,8,,,,
earbud,T7.csv,0,,2,,,,
earbud,T8.csv,0,,7,,,,
earbud,T9.csv,0,,5,,,,
earbud,T10.csv,0,,1,,,,
earbud,T11.csv,0,,3,,,,
earbud,T12.csv,0,,7,,,,
earbud,T13.csv,0,,7,,,,
earbud,T14.csv,0,,7,,,,
earbud,T15.csv,0,,6,,,,
earbud,T16.csv,0,,8,,,,
earbud,T17.csv,0,,8,,,,
earbud,T18.csv,0,,3,,,,
earbud,T19.csv,0,,3,,,,
earbud,T20.csv,0,,8,,,,
earbud,T21.csv,0,,10,,,,
earbud,T22.csv,0,,6,,,,
earbud,T23.csv,0,,10,,,,
earbud,T24.csv,0,,3,,,,
earbud,T25.csv,0,,1,,,,
earbud,T26.csv,0,,4,,,,
earbud,T27.csv,0,,10,,,,
earbud,T28.csv,0,,3,,,,
earbud,T29.csv,0,,2,,,,
earbud,T30.csv,0,,4,,,,
earbud,T31.csv,0,,4,,,,
earbud,T32.csv,0,,5,,,,
earbud,T33.csv,0,,1,,,,
earbud,T34.csv,0,,4,,,,
earbud,T35.csv,0,,6,,,,
earbud,T36.csv,0,,5,,,,
earbud,T37.csv,0,,4,,,,
earbud,T38.csv,0,,7,,,,
earbud,T39.csv,0,,4,,,,
earbud,T40.csv,0,,2,,,,
earbud,T41.csv,0,,9,,,,
earbud,T42.csv,0,,2,,,,
earbud,T43.csv,0,,3,,,,
earbud,T44.csv,0,,9,,,,
earbud,T45.csv,0,,3,,,,
earbud,T46.csv,0,,8,,,,
earbud,T47.csv,0,,10,,,,
earbud,T48.csv,0,,8,,,,
earbud,T49.csv,0,,9,,,,
earbud,T50.csv,0,,2,,,,
earbud,T51.csv,0,,7,,,,
earbud,T52.csv,0,,2,,,,
earbud,T53.csv,0,,10,,,,
earbud,T54.csv,0,,5,,,,
earbud,T55.csv,0,,9,,,,
earbud,T56.csv,0,,5,,,,
earbud,T57.csv,0,,4,,,,
earbud,T58.csv,0,,5,,,,
earbud,T59.csv,0,,8,,,,
earbud,T60.csv,0,,3,,,,
earbud,T61.csv,0,,5,,,,
earbud,T62.csv,0,,1,,,,
earbud,T63.csv,0,,6,,,,
earbud,T64.csv,0,,4,,,,
earbud,T65.csv,0,,3,,,,
earbud,T66.csv,0,,7,,,,
earbud,T67.csv,0,,8,,,,
earbud,T68.csv,0,,3,,,,
earbud,T69.csv,0,,6,,,,
earbud,T70.csv,0,,8,,,,
earbud,T71.csv,0,,1,,,,
earbud,T72.csv,0,,7,,,,
earbud,T73.csv,0,,6,,,,
earbud,T74.csv,0,,8,,,,
earbud,T75.csv,0,,1,,,,
earbud,T76.csv,0,,5,,,,
earbud,T77.csv,0,,8,,,,
earbud,T78.csv,0,,7,,,,
earbud,T79.csv,0,,4,,,,
earbud,T80.csv,0,,6,,,,
earbud,T81.csv,0,,1,,,,
earbud,T82.csv,0,,2,,,,
earbud,T83.csv,0,,10,,,,
earbud,T84.csv,0,,6,,,,
earbud,T85.csv,0,,1,,,,
earbud,T86.csv,0,,8,,,,
earbud,T87.csv,0,,5,,,,
earbud,T88.csv,0,,3,,,,
earbud,T89.csv,0,,9,,,,
earbud,T90.csv,0,,10,,,,
earbud,T91.csv,0,,5,,,,
earbud,T92.csv,0,,6,,,,
earbud,T93.csv,0,,2,,,,
earbud,T94.csv,0,,8,,,,
earbud,T95.csv,0,,1,,,,
earbud,T96.csv,0,,2,,,,
earbud,T97.csv,0,,10,,,,
earbud,T98.csv,0,,1,,,,
earbud,T99.csv,0,,5,,,,
earbud,T100.csv,0,,1,,,,
earbud,T101.csv,0,,9,,,,
earbud,T102.csv,0,,4,,,,
earbud,T103.csv,0,,9,,,,
earbud,T104.csv,0,,6,,,,
earbud,T105.csv,0,,6,,,,
earbud,T106.csv,0,,10,,,,
earbud,T107.csv,0,,3,,,,
earbud,T108.csv,0,,2,,,,
earbud,T109.csv,0,,7,,,,
earbud,T110.csv,0,,10,,,,
earbud,T111.csv,0,,5,,,,
earbud,T112.csv,0,,2,,,,
earbud,T113.csv,0,,1,,,,
earbud,T114.csv,0,,9,,,,
earbud,T115.csv,0,,1,,,,
earbud,T116.csv,0,,4,,,,
earbud,T117.csv,0,,2,,,,
earbud,T118.csv,0,,10,,,,
earbud,T119.csv,0,,7,,,,
earbud,T120.csv,0,,6,,,,
earbud,T121.csv,0,,9,,,,
earbud,T122.csv,0,,9,,,,
earbud,T123.csv,0,,9,,,,
earbud,T124.csv,0,,9,,,,
earbud,T125.csv,0,,5,,,,
earbud,T126.csv,0,,4,,,,
earbud,T127.csv,0,,7,,,,
earbud,T128.csv,0,,3,,,,
earbud,T129.csv,0,,10,,,,
earbud,T130.csv,1,T33.csv,1,51,0.9303887233178425,0.9853764632594063,23.282558034454347
earbud,T131.csv,1,T100.csv,1,76,0.9769225548077398,0.9717133868719088,
earbud,T132.csv,1,T85.csv,1,-53,1.0,1.0402653609573982,
earbud,T133.csv,1,T95.csv,1,63,1.062913736133653,1.07854017838919,
earbud,T134.csv,1,T33.csv,1,64,1.0741461845318154,1.0391787482145813,
earbud,T135.csv,1,T71.csv,1,78,1.0245073901434216,0.8919211861683478,28.525508037585116
earbud,T136.csv,1,T95.csv,1,-150,1.029257081202553,0.9272656015827552,19.60521575655828
earbud,T137.csv,1,T98.csv,1,-75,1.0742500870055407,1.0,21.933906676639577
earbud,T138.csv,1,T81.csv,1,166,1.0,1.0061856674217857,27.482730581570422
earbud,T139.csv,1,T62.csv,1,-5,1.025374180559322,1.0,19.300745057773838
earbud,T140.csv,1,T95.csv,1,0,0.9986077475205175,0.9210783539584223,27.833573205801187
earbud,T141.csv,1,T115.csv,1,123,1.0,0.9382656412530452,
earbud,T142.csv,1,T113.csv,1,-8,1.0406032555176896,1.0,19.241469619935195
earbud,T143.csv,1,T113.csv,1,0,1.0586330591361646,1.0420149223825943,
earbud,T144.csv,1,T62.csv,1,-118,1.0003496884591203,1.0,22.72479957982553
earbud,T145.csv,1,T113.csv,1,46,1.0,1.0,
earbud,T146.csv,1,T71.csv,1,-33,0.9826641927579967,1.0187847399834056,
earbud,T147.csv,1,T52.csv,2,0,1.0739652199131686,0.9946013332811441,
earbud,T148.csv,1,T108.csv,2,0,1.0,1.0687573292682468,
earbud,T149.csv,1,T108.csv,2,-7,1.0,0.899160342792148,19.99698692206836
earbud,T150.csv,1,T50.csv,2,17,0.9690072323468781,1.07697331861385,18.543558147356908
earbud,T151.csv,1,T82.csv,2,163,0.9151747255923441,1.0,21.45712400586985
earbud,T152.csv,1,T93.csv,2,-94,0.926327008359604,0.9311740459826356,
earbud,T153.csv,1,T82.csv,2,56,0.9365577291565161,1.1076744128806755,23.893562633286404
earbud,T154.csv,1,T7.csv,2,48,1.0529113136689219,0.9255934673703101,20.45565837634978
earbud,T155.csv,1,T40.csv,2,-98,0.9732303180374158,0.9946576890254039,
earbud,T156.csv,1,T40.csv,2,127,1.0707675399426617,1.0,26.41688459582932
earbud,T157.csv,1,T7.csv,2,70,1.018664727749869,1.1026022458979887,
earbud,T158.csv,1,T50.csv,2,0,1.0,1.0753811646440863,
earbud,T159.csv,1,T5.csv,2,0,1.0,1.0,
earbud,T160.csv,1,T96.csv,2,32,1.0,1.0,
earbud,T161.csv,1,T93.csv,2,0,0.9072993024454973,1.0996241294752316,19.18850107762399
earbud,T162.csv,1,T40.csv,2,0,1.0538926786270062,0.9029048455327651,23.151246981462666
earbud,T163.csv,1,T96.csv,2,-156,1.0,1.1109332000940424,21.13604596556433
earbud,T164.csv,1,T24.csv,3,-78,1.0,0.9443015967370981,24.52488575441362
earbud,T165.csv,1,T11.csv,3,78,1.0,0.9363266735959577,23.632398487645222
earbud,T166.csv,1,T18.csv,3,-162,1.0,1.0,20.45214714291697
earbud,T167.csv,1,T107.csv,3,0,0.9465074961688197,1.038071131857498,21.88503000374039
earbud,T168.csv,1,T88.csv,3,-58,0.9223052170246498,1.0,20.942818020930503
earbud,T169.csv,1,T11.csv,3,86,1.0,1.0774235345894612,28.085184364378485
earbud,T170.csv,1,T24.csv,3,-60,1.0,1.0,23.935101706464387
earbud,T171.csv,1,T18.csv,3,109,0.9943833343097834,1.0,29.907160194387536
earbud,T172.csv,1,T11.csv,3,0,1.0,1.0,
earbud,T173.csv,1,T43.csv,3,-109,1.0298953214939566,1.0070765175694412,22.696548071336757
earbud,T174.csv,1,T18.csv,3,-10,1.0,0.9789265924371117,
earbud,T175.csv,1,T65.csv,3,-9,1.0,1.0740061932827067,
earbud,T176.csv,1,T24.csv,3,156,1.0264633562509333,1.097286847518771,26.942732876340017
earbud,T177.csv,1,T28.csv,3,-75,1.0392993867927018,1.0154833549568218,
earbud,T178.csv,1,T88.csv,3,0,1.0235083121665418,1.0,29.05499553984652
earbud,T179.csv,1,T60.csv,3,0,1.0845683358004043,1.014846699755972,
earbud,T180.csv,1,T24.csv,3,69,1.0,1.07198336482299,20.00010777847862
earbud,T181.csv,1,T64.csv,4,0,1.0210884158025058,1.0,25.80934944374778
earbud,T182.csv,1,T30.csv,4,-50,0.9802085671536982,0.9176229684822346,27.713942542229475
earbud,T183.csv,1,T116.csv,4,-72,1.028755751215745,1.0,
earbud,T184.csv,1,T79.csv,4,-167,1.0,1.0049877373905343,
earbud,T185.csv,1,T79.csv,4,0,1.0746058005750208,0.8936185441610475,27.19388925347837
earbud,T186.csv,1,T57.csv,4,133,1.0500655500357603,1.0,27.28283643761982
earbud,T187.csv,1,T31.csv,4,124,1.0588408813290122,1.0823752883322044,27.982875201613176
earbud,T188.csv,1,T126.csv,4,-86,1.0691496553370432,1.064479384964408,
earbud,T189.csv,1,T57.csv,4,0,1.0,0.9217158791063025,29.11699959653579
earbud,T190.csv,1,T126.csv,4,-143,1.0679804600287548,0.893848395950522,
earbud,T191.csv,1,T39.csv,4,0,1.0181400102834004,0.994370232892217,24.5063078164607
earbud,T192.csv,1,T31.csv,4,124,1.0,0.8821241612483921,20.17807817933906
earbud,T193.csv,1,T26.csv,4,-124,1.0,1.0,23.01627232438531
earbud,T194.csv,1,T26.csv,4,0,1.0,1.0,22.769072817840286
earbud,T195.csv,1,T102.csv,4,-94,0.9321921374712909,1.0,29.12842757414723
earbud,T196.csv,1,T39.csv,4,0,0.9273071794617622,1.0637388785711603,22.956223171856074
earbud,T197.csv,1,T37.csv,4,56,1.0,0.9958986412990789,27.831970526794414
earbud,T198.csv,1,T61.csv,5,-171,1.0,0.9953831373431207,26.876744166378515
earbud,T199.csv,1,T61.csv,5,-20,0.93790314387276,1.0292054229845804,
earbud,T200.csv,1,T76.csv,5,-155,1.012630995637414,0.9741297638474679,25.744020401236458
earbud,T201.csv,1,T111.csv,5,-89,1.0123475529929986,0.8883104695168638,24.79436054499636
earbud,T202.csv,1,T9.csv,5,0,1.0,1.0,18.116115746580903
earbud,T203.csv,1,T99.csv,5,17,1.0,0.9444633379189067,18.08935106615651
earbud,T204.csv,1,T99.csv,5,118,1.006948744722873,0.9258749789091215,26.169191728347293
earbud,T205.csv,1,T99.csv,5,73,1.0208393136818636,1.107850684741117,
earbud,T206.csv,1,T32.csv,5,35,1.0,1.0260611530853851,
earbud,T207.csv,1,T9.csv,5,0,1.0789146079595155,1.1170654424787705,20.123616472617016
earbud,T208.csv,1,T61.csv,5,0,1.021483837861764,1.0619797498036887,
earbud,T209.csv,1,T111.csv,5,0,0.9272526333884636,0.9224417443595809,21.2098745319735
earbud,T210.csv,1,T58.csv,5,0,1.0,1.0,26.7233260222984
earbud,T211.csv,1,T125.csv,5,-57,1.0318292452022686,1.0392698194417487,29.1845566520436
earbud,T212.csv,1,T32.csv,5,112,0.9487676691138915,0.8942064446427804,26.10949893460815
earbud,T213.csv,1,T54.csv,5,123,1.0,1.0234346634040334,
earbud,T214.csv,1,T54.csv,5,0,1.0244086876769503,0.9384283784989672,26.788960533559397
earbud,T215.csv,1,T35.csv,6,47,0.9145180110820976,1.0,25.926107410757005
earbud,T216.csv,1,T84.csv,6,0,1.0319649427183404,1.0557017900645942,27.385381936358073
earbud,T217.csv,1,T80.csv,6,0,0.9670509012386611,1.0,22.768323447183786
earbud,T218.csv,1,T22.csv,6,170,1.050776249844127,0.9472882585887479,24.340258599317547
earbud,T219.csv,1,T73.csv,6,141,1.0835390204439626,1.0,
earbud,T220.csv,1,T22.csv,6,221,1.025662027715085,1.0,
earbud,T221.csv,1,T63.csv,6,-13,1.0,1.0235109297236127,18.96623306663157
earbud,T222.csv,1,T80.csv,6,29,1.0,0.967951223585408,18.236333488020623
earbud,T223.csv,1,T35.csv,6,-4,1.0,1.0227736638683949,20.59131191936742
earbud,T224.csv,1,T15.csv,6,-75,1.0579455249184426,0.9120495895071579,26.067025101639196
earbud,T225.csv,1,T80.csv,6,172,0.9440347782913822,0.9914842884404476,
earbud,T226.csv,1,T120.csv,6,-12,1.0,1.1012983791174098,22.6149292629124
earbud,T227.csv,1,T84.csv,6,-108,1.0,1.0,25.84965985985006
earbud,T228.csv,1,T15.csv,6,-41,1.0,1.0577401596575988,29.752901131840172
earbud,T229.csv,1,T3.csv,6,-15,1.0,1.0,23.3936708398681
earbud,T230.csv,1,T104.csv,6,-115,1.0,1.0,24.00300553960261
earbud,T231.csv,1,T84.csv,6,138,0.9187351464285797,1.0,26.712274807846278
earbud,T232.csv,1,T2.csv,7,84,1.0,1.0324872364137974,
earbud,T233.csv,1,T8.csv,7,1,0.9185800281082995,1.016484077070397,22.2447853552391
earbud,T234.csv,1,T127.csv,7,0,1.0682179764294863,0.9244506599951401,24.39024740021984
earbud,T235.csv,1,T13.csv,7,29,0.9788876292463823,0.9634481847780156,18.27719160880227
earbud,T236.csv,1,T12.csv,7,-15,1.0,0.9006738280518126,
earbud,T237.csv,1,T51.csv,7,0,1.0023255557188449,0.9418680207451388,20.163361570197846
earbud,T238.csv,1,T66.csv,7,-144,1.005230146698577,1.001422777738757,22.201885436571146
earbud,T239.csv,1,T66.csv,7,-65,1.0,1.0778541442197114,24.79070146227543
earbud,T240.csv,1,T13.csv,7,12,0.9903435297857945,0.9985920554899423,23.306700449598196
earbud,T241.csv,1,T51.csv,7,175,1.0,1.0,
earbud,T242.csv,1,T2.csv,7,-8,0.9779597433497452,0.9411055267982683,29.29024850705908
earbud,T243.csv,1,T12.csv,7,0,1.0,1.0,
earbud,T244.csv,1,T51.csv,7,-25,1.0,1.0918249989198563,28.470390478568977
earbud,T245.csv,1,T2.csv,7,50,0.9879533791230759,1.0243576567320152,25.79233324101847
earbud,T246.csv,1,T51.csv,7,-81,0.9575484296117978,1.0555756771868832,23.988975814113374
earbud,T247.csv,1,T14.csv,7,58,1.0612500090847106,1.0,28.304176616547853
earbud,T248.csv,1,T127.csv,7,86,1.0,1.0,23.85620680772375
earbud,T249.csv,1,T94.csv,8,-57,0.9888690246410803,1.0901750927056675,21.591503546977872
earbud,T250.csv,1,T67.csv,8,0,1.0888930723746277,1.0691539848395666,20.883102462208175
earbud,T251.csv,1,T46.csv,8,54,0.9112010956174134,1.0,
earbud,T252.csv,1,T59.csv,8,0,1.0,1.003891441205079,19.508340377994273
earbud,T253.csv,1,T86.csv,8,-131,1.0,0.906950553475496,26.629065895787043
earbud,T254.csv,1,T86.csv,8,103,0.9821990844595581,1.09231705526724,25.655806572578918
earbud,T255.csv,1,T94.csv,8,-27,0.9398552434274505,1.1194720679502246,27.65647208971972
earbud,T256.csv,1,T70.csv,8,67,1.0143663632226927,0.9791750021745051,23.546142911986706
earbud,T257.csv,1,T77.csv,8,0,1.098871724065578,1.0572499814462633,24.853540600256316
earbud,T258.csv,1,T86.csv,8,4,1.0770458770420925,1.0,26.097625176670356
earbud,T259.csv,1,T67.csv,8,53,0.9688906324316154,1.094891191740968,27.601116828805907
earbud,T260.csv,1,T17.csv,8,-37,1.0,1.0,
earbud,T261.csv,1,T20.csv,8,71,1.0400282479681136,1.0,
earbud,T262.csv,1,T46.csv,8,-77,0.9310944419598173,0.9243997452187844,20.88908188696374
earbud,T263.csv,1,T20.csv,8,128,1.0,0.9264068925727231,24.64663857441959
earbud,T264.csv,1,T6.csv,8,14,1.094994113410753,0.9278536230683311,28.480857468311903
earbud,T265.csv,1,T74.csv,8,-161,0.980240560571578,0.9260072073376415,25.595036198977322
earbud,T266.csv,1,T123.csv,9,-78,0.9934329806985281,1.0,18.777832947337313
earbud,T267.csv,1,T114.csv,9,60,1.050997027100126,1.0,19.892392721233126
earbud,T268.csv,1,T1.csv,9,0,1.0418195108130084,1.004335824320338,25.299366519825064
earbud,T269.csv,1,T123.csv,9,-19,0.9486301438697912,1.0196403599712929,
earbud,T270.csv,1,T89.csv,9,58,1.0,0.9827942176537098,
earbud,T271.csv,1,T1.csv,9,-230,1.0903382240424724,1.0373153246771794,
earbud,T272.csv,1,T1.csv,9,-191,0.9672713792945131,1.0,22.654103630669507
earbud,T273.csv,1,T121.csv,9,-4,1.0,1.0,
earbud,T274.csv,1,T103.csv,9,-84,0.9739895522092751,0.9261293112753127,29.789971518981563
earbud,T275.csv,1,T114.csv,9,-131,1.0,0.983359245431495,26.081223412266176
earbud,T276.csv,1,T114.csv,9,8,1.0063314488773876,1.0,18.965785817218215
earbud,T277.csv,1,T44.csv,9,-45,1.0118602162798764,1.0,26.336786497711945
earbud,T278.csv,1,T1.csv,9,0,0.984597056414489,1.0494114672477388,
earbud,T279.csv,1,T114.csv,9,51,1.0,1.0,19.756294222909865
earbud,T280.csv,1,T41.csv,9,143,1.0679951021673073,0.9717981154254229,
earbud,T281.csv,1,T44.csv,9,56,0.9535628220899421,1.0410427967104419,
earbud,T282.csv,1,T41.csv,9,0,0.9056179696688959,1.0,27.663145776120707
earbud,T283.csv,1,T110.csv,10,-52,1.0,1.0,
earbud,T284.csv,1,T23.csv,10,-103,1.02762661576628,1.1065755992848196,29.782376215799715
earbud,T285.csv,1,T118.csv,10,92,1.0,1.0824463152121577,
earbud,T286.csv,1,T47.csv,10,81,0.9170559147073946,1.1085851806730929,24.804147953024113
earbud,T287.csv,1,T90.csv,10,0,1.091963029925086,0.9081218895224183,21.246993174744944
earbud,T288.csv,1,T23.csv,10,-73,1.0,1.0,26.5230061311732
earbud,T289.csv,1,T110.csv,10,-162,1.0224642778529633,0.9060739235755533,26.296311990474102
earbud,T290.csv,1,T47.csv,10,-20,1.0033084867841333,1.0086536929503813,
earbud,T291.csv,1,T110.csv,10,0,1.0264952987255231,1.0694872464554348,18.411231236165413
earbud,T292.csv,1,T110.csv,10,0,0.9172176731941113,1.0152719718052023,21.191646342110975
earbud,T293.csv,1,T21.csv,10,-53,0.9123926187409385,1.0840754818670124,
earbud,T294.csv,1,T110.csv,10,0,1.0,1.0768292393363164,18.3899191053586
earbud,T295.csv,1,T23.csv,10,9,1.0452146245135394,0.936016737696437,22.41888156660587
earbud,T296.csv,1,T90.csv,10,-37,1.0,0.9851002835317441,
earbud,T297.csv,1,T118.csv,10,-99,1.087203873594376,1.0,23.505819563881744
earbud,T298.csv,1,T110.csv,10,6,0.9342574887316217,1.1093189010419102,21.645313863008266
earbud,T299.csv,1,T110.csv,10,118,0.9021065812956374,0.9344762392635333,25.699301940790154
earbud,T300.csv,1,T106.csv,10,0,1.0,1.0,19.61359487618669
eraser,T1.csv,0,,7,,,,
eraser,T2.csv,0,,5,,,,
eraser,T3.csv,0,,8,,,,
eraser,T4.csv,0,,4,,,,
eraser,T5.csv,0,,2,,,,
eraser,T6.csv,0,,1,,,,
eraser,T7.csv,0,,2,,,,
eraser,T8.csv,0,,10,,,,
eraser,T9.csv,0,,10,,,,
eraser,T10.csv,0,,9,,,,
eraser,T11.csv,0,,1,,,,
eraser,T12.csv,0,,10,,,,
eraser,T13.csv,0,,1,,,,
eraser,T14.csv,0,,7,,,,
eraser,T15.csv,0,,4,,,,
eraser,T16.csv,0,,3,,,,
eraser,T17.csv,0,,10,,,,
eraser,T18.csv,0,,5,,,,
eraser,T19.csv,0,,8,,,,
eraser,T20.csv,0,,3,,,,
eraser,T21.csv,0,,5,,,,
eraser,T22.csv,0,,4,,,,
eraser,T23.csv,0,,6,,,,
eraser,T24.csv,0,,10,,,,
eraser,T25.csv,0,,3,,,,
eraser,T26.csv,0,,6,,,,
eraser,T27.csv,0,,3,,,,
eraser,T28.csv,0,,7,,,,
eraser,T29.csv,0,,2,,,,
eraser,T30.csv,0,,4,,,,
eraser,T31.csv,0,,1,,,,
eraser,T32.csv,0,,1,,,,
eraser,T33.csv,0,,7,,,,
eraser,T34.csv,0,,3,,,,
eraser,T35.csv,0,,8,,,,
eraser,T36.csv,0,,6,,,,
eraser,T37.csv,0,,2,,,,
eraser,T38.csv,0,,7,,,,
eraser,T39.csv,0,,10,,,,
eraser,T40.csv,0,,3,,,,
eraser,T41.csv,0,,4,,,,
eraser,T42.csv,0,,4,,,,
eraser,T43.csv,0,,5,,,,
eraser,T44.csv,0,,8,,,,
eraser,T45.csv,0,,9,,,,
eraser,T46.csv,0,,4,,,,
eraser,T47.csv,0,,4,,,,
eraser,T48.csv,0,,6,,,,
eraser,T49.csv,0,,6,,,,
eraser,T50.csv,0,,5,,,,
eraser,T51.csv,0,,6,,,,
eraser,T52.csv,0,,9,,,,
eraser,T53.csv,0,,7,,,,
eraser,T54.csv,0,,7,,,,
eraser,T55.csv,0,,1,,,,
eraser,T56.csv,0,,9,,,,
eraser,T57.csv,0,,7,,,,
eraser,T58.csv,0,,5,,,,
eraser,T59.csv,0,,3,,,,
eraser,T60.csv,0,,10,,,,
eraser,T61.csv,0,,2,,,,
eraser,T62.csv,0,,1,,,,
eraser,T63.csv,0,,9,,,,
eraser,T64.csv,0,,1,,,,
eraser,T65.csv,0,,7,,,,
eraser,T66.csv,0,,6,,,,
eraser,T67.csv,0,,6,,,,
eraser,T68.csv,0,,5,,,,
eraser,T69.csv,0,,2,,,,
eraser,T70.csv,0,,10,,,,
eraser,T71.csv,0,,6,,,,
eraser,T72.csv,0,,10,,,,
eraser,T73.csv,0,,9,,,,
eraser,T74.csv,0,,9,,,,
eraser,T75.csv,0,,8,,,,
eraser,T76.csv,0,,5,,,,
eraser,T77.csv,0,,2,,,,
eraser,T78.csv,0,,6,,,,
eraser,T79.csv,0,,10,,,,
eraser,T80.csv,0,,9,,,,
eraser,T81.csv,0,,1,,,,
eraser,T82.csv,0,,8,,,,
eraser,T83.csv,0,,5,,,,
eraser,T84.csv,0,,6,,,,
eraser,T85.csv,0,,8,,,,
eraser,T86.csv,0,,1,,,,
eraser,T87.csv,0,,4,,,,
eraser,T88.csv,0,,8,,,,
eraser,T89.csv,0,,8,,,,
eraser,T90.csv,0,,6,,,,
eraser,T91.csv,0,,7,,,,
eraser,T92.csv,0,,3,,,,
eraser,T93.csv,0,,7,,,,
eraser,T94.csv,0,,9,,,,
eraser,T95.csv,0,,9,,,,
eraser,T96.csv,0,,2,,,,
eraser,T97.csv,0,,1,,,,
eraser,T98.csv,0,,5,,,,
eraser,T99.csv,0,,2,,,,
eraser,T100.csv,0,,3,,,,
eraser,T101.csv,0,,3,,,,
eraser,T102.csv,0,,10,,,,
eraser,T103.csv,0,,8,,,,
eraser,T104.csv,0,,3,,,,
eraser,T105.csv,0,,3,,,,
eraser,T106.csv,0,,5,,,,
eraser,T107.csv,0,,6,,,,
eraser,T108.csv,0,,4,,,,
eraser,T109.csv,0,,7,,,,
eraser,T110.csv,0,,8,,,,
eraser,T111.csv,0,,1,,,,
eraser,T112.csv,0,,5,,,,
eraser,T113.csv,0,,10,,,,
eraser,T114.csv,0,,4,,,,
eraser,T115.csv,0,,1,,,,
eraser,T116.csv,0,,8,,,,
eraser,T117.csv,0,,4,,,,
eraser,T118.csv,0,,4,,,,
eraser,T119.csv,0,,9,,,,
eraser,T120.csv,0,,2,,,,
eraser,T121.csv,0,,9,,,,
eraser,T122.csv,0,,3,,,,
eraser,T123.csv,0,,2,,,,
eraser,T124.csv,0,,6,,,,
eraser,T125.csv,0,,10,,,,
eraser,T126.csv,0,,8,,,,
eraser,T127.csv,0,,7,,,,
eraser,T128.csv,0,,2,,,,
eraser,T129.csv,0,,8,,,,
eraser,T130.csv,0,,5,,,,
eraser,T131.csv,0,,3,,,,
eraser,T132.csv,0,,2,,,,
eraser,T133.csv,0,,1,,,,
eraser,T134.csv,0,,2,,,,
eraser,T135.csv,0,,5,,,,
eraser,T136.csv,0,,2,,,,
eraser,T137.csv,0,,9,,,,
eraser,T138.csv,0,,4,,,,
eraser,T139.csv,0,,9,,,,
eraser,T140.csv,0,,10,,,,
eraser,T141.csv,0,,3,,,,
eraser,T142.csv,0,,7,,,,
eraser,T143.csv,0,,4,,,,
eraser,T144.csv,0,,1,,,,
eraser,T145.csv,1,T55.csv,1,-115,1.0,1.0395564346605584,26.24467778008489
eraser,T146.csv,1,T144.csv,1,0,1.0,0.9301266325930033,29.228031989550995
eraser,T147.csv,1,T32.csv,1,157,0.9956823577146263,1.0,21.70802945483836
eraser,T148.csv,1,T31.csv,1,-276,1.0,1.0692419789493073,
eraser,T149.csv,1,T97.csv,1,0,1.0,1.0,20.409180225070134
eraser,T150.csv,1,T111.csv,1,34,1.0,1.0610135199938657,29.218728558585862
eraser,T151.csv,1,T55.csv,1,68,1.0,1.0895566332340394,
eraser,T152.csv,1,T31.csv,1,274,1.0,1.0,
eraser,T153.csv,1,T32.csv,1,140,1.0,1.0,18.546419587070666
eraser,T154.csv,1,T62.csv,1,-24,1.0329782276984725,1.0,
eraser,T155.csv,1,T13.csv,1,176,1.0688394323065666,0.9229190471866068,19.11849915584249
eraser,T156.csv,1,T97.csv,1,-26,1.0,1.0968695751260062,22.233832661089014
eraser,T157.csv,1,T97.csv,1,15,1.0872045181084184,1.0480530010772782,20.21331638851722
eraser,T158.csv,1,T32.csv,1,-81,0.9137878349398424,0.966196739138295,25.907375047085335
eraser,T159.csv,1,T64.csv,1,92,1.0,0.8918159587566029,29.38934396393205
eraser,T160.csv,1,T69.csv,2,107,0.9569001720689005,0.9293897319714415,21.857488586484557
eraser,T161.csv,1,T136.csv,2,10,1.0,1.0,22.721431905110066
eraser,T162.csv,1,T132.csv,2,112,0.9190843624740651,1.0,19.80066398425309
eraser,T163.csv,1,T136.csv,2,108,0.9229178847639885,0.9357123713005385,29.678030999286904
eraser,T164.csv,1,T7.csv,2,-17,1.0932898676723037,1.0,
eraser,T165.csv,1,T5.csv,2,88,0.9678437239135302,0.9257702739661906,24.537298241530394
eraser,T166.csv,1,T96.csv,2,39,0.9951089493288232,1.0,21.40357309677386
eraser,T167.csv,1,T120.csv,2,29,1.0297892916162152,0.898235486110321,
eraser,T168.csv,1,T120.csv,2,22,1.0457807323344905,1.0676149347116302,21.631338095305882
eraser,T169.csv,1,T7.csv,2,96,1.0,0.9637248031104009,29.339800631256125
eraser,T170.csv,1,T7.csv,2,0,1.0139990731511768,0.8860927149750424,21.92468898839424
eraser,T171.csv,1,T99.csv,2,150,0.9850513308926984,0.893259091494136,27.888310068731453
eraser,T172.csv,1,T37.csv,2,69,1.0480280472323733,1.0916484810856695,20.148643811265675
eraser,T173.csv,1,T99.csv,2,-96,0.9011974208205716,1.0056427410008446,26.192176611437205
eraser,T174.csv,1,T61.csv,2,115,1.0140175826482187,1.05459781108212,
eraser,T175.csv,1,T25.csv,3,0,1.062009126415469,0.9151475066366885,24.01419717976129
eraser,T176.csv,1,T141.csv,3,0,1.0,1.0,24.176329359340095
eraser,T177.csv,1,T40.csv,3,-46,0.9910618828179827,0.8996816919389532,22.086412946184858
eraser,T178.csv,1,T141.csv,3,24,1.0438839118470598,0.9243612867502402,27.16355166122228
eraser,T179.csv,1,T20.csv,3,55,1.0,1.048566013007178,
eraser,T180.csv,1,T141.csv,3,-21,0.9080919726890141,1.0847337757351894,29.349791559218726
eraser,T181.csv,1,T27.csv,3,0,1.0,1.0159623966563605,24.941970299876516
eraser,T182.csv,1,T40.csv,3,6,1.0038806300845564,0.985486752238534,
eraser,T183.csv,1,T34.csv,3,-125,1.0610417488695243,1.1055543220181738,23.464374084550144
eraser,T184.csv,1,T25.csv,3,134,1.0,0.9199207875413641,23.901581671909085
eraser,T185.csv,1,T92.csv,3,-72,0.9296044782876751,0.9163909563339897,19.925777265265488
eraser,T186.csv,1,T131.csv,3,167,0.9570160398279982,0.9995514519725421,26.413850926723153
eraser,T187.csv,1,T100.csv,3,-79,1.0,0.905253202579562,
eraser,T188.csv,1,T105.csv,3,0,1.0923423700390666,1.0222188427021954,29.895316343307236
eraser,T189.csv,1,T34.csv,3,-141,1.0,0.9271691505991717,
eraser,T190.csv,1,T108.csv,4,-114,1.0,0.9351125699434096,
eraser,T191.csv,1,T118.csv,4,52,1.0,1.088172773105301,21.733057955992926
eraser,T192.csv,1,T114.csv,4,-75,1.0,1.0,18.868435374036196
eraser,T193.csv,1,T87.csv,4,0,1.0,1.0,
eraser,T194.csv,1,T4.csv,4,9,0.9094953780090353,1.010929220211219,20.974222369192898
eraser,T195.csv,1,T114.csv,4,-160,1.0776700421839591,0.9473399162271978,
eraser,T196.csv,1,T138.csv,4,145,1.0,0.8879407239330779,28.90102171709422
eraser,T197.csv,1,T87.csv,4,-125,0.9697520591046952,1.0445260607337932,21.280617146198946
eraser,T198.csv,1,T41.csv,4,126,1.0110657679932633,0.8980517764378064,23.037237600405042
eraser,T199.csv,1,T143.csv,4,0,1.0,0.9417483151067884,24.40649960116592
eraser,T200.csv,1,T114.csv,4,-84,1.0055356723879902,1.0,
eraser,T201.csv,1,T15.csv,4,0,1.0159393570259772,1.0747194289482727,
eraser,T202.csv,1,T143.csv,4,0,0.9719713742521463,0.9899214256598686,19.848563964789086
eraser,T203.csv,1,T22.csv,4,-12,1.0247722372103185,1.0195718724295693,20.668975622126244
eraser,T204.csv,1,T41.csv,4,-195,1.0,1.05918329444337,26.30451908940199
eraser,T205.csv,1,T18.csv,5,112,0.9035075245328881,1.0,26.175157704917016
eraser,T206.csv,1,T18.csv,5,0,1.0,0.9264952901341041,25.648824832100946
eraser,T207.csv,1,T112.csv,5,-26,1.091283985868542,1.1190057750776425,19.292144124868482
eraser,T208.csv,1,T83.csv,5,130,1.064092752988295,1.0,
eraser,T209.csv,1,T21.csv,5,100,1.0375526492163587,1.092120840936457,
eraser,T210.csv,1,T50.csv,5,-62,1.0,1.0,21.81471222066046
eraser,T211.csv,1,T50.csv,5,-55,1.0507959396923696,1.1096319355744015,18.049641033562608
eraser,T212.csv,1,T98.csv,5,34,1.0,1.0575460804391053,27.202278617301793
eraser,T213.csv,1,T43.csv,5,-170,1.0,0.9028113992185355,18.76471203881986
eraser,T214.csv,1,T112.csv,5,5,1.0,0.9013660556947454,25.04127105358929
eraser,T215.csv,1,T58.csv,5,-80,0.9276733631347661,1.1160842377229836,
eraser,T216.csv,1,T43.csv,5,-30,1.0316005278414442,1.0,
eraser,T217.csv,1,T106.csv,5,0,1.0,0.9936332041680433,20.576937208376332
eraser,T218.csv,1,T106.csv,5,36,0.9511213328188579,1.0,18.07599098497389
eraser,T219.csv,1,T135.csv,5,128,1.0,1.0,26.644997412118016
eraser,T220.csv,1,T50.csv,5,59,0.9532050419935433,1.0913665735007267,26.690192487693423
eraser,T221.csv,1,T71.csv,6,86,0.9798568852185306,1.0,25.637495678683372
eraser,T222.csv,1,T67.csv,6,0,1.0694323187546153,1.0,22.423300434635095
eraser,T223.csv,1,T49.csv,6,-163,0.9934785615161978,1.0494380924643996,
eraser,T224.csv,1,T124.csv,6,-41,1.0,1.0398669579919637,
eraser,T225.csv,1,T23.csv,6,-9,1.030952525499802,1.0913132345996481,20.418773928237076
eraser,T226.csv,1,T26.csv,6,0,1.0,0.9096639446222982,19.152827133969357
eraser,T227.csv,1,T84.csv,6,0,1.0244445037119874,1.0294172503161456,
eraser,T228.csv,1,T66.csv,6,-139,1.0175134504865666,1.0,
eraser,T229.csv,1,T124.csv,6,138,0.93386822636278,1.0,
eraser,T230.csv,1,T49.csv,6,163,1.0,0.9673503708188486,18.913062337727517
eraser,T231.csv,1,T23.csv,6,-3,1.0130794083067571,0.9682382490510482,
eraser,T232.csv,1,T23.csv,6,-37,0.9606763003360758,1.0,
eraser,T233.csv,1,T51.csv,6,52,1.0,0.9211213936624221,19.7197746801305
eraser,T234.csv,1,T107.csv,6,8,0.9325590596720948,0.9203709066338798,20.44419520771105
eraser,T235.csv,1,T36.csv,6,-65,1.0,1.0283663214261771,21.554343488274263
eraser,T236.csv,1,T84.csv,6,0,1.0111755417943125,1.0349437372527446,23.339324797652885
eraser,T237.csv,1,T38.csv,7,0,0.9528023902800389,1.0,25.01588159354351
eraser,T238.csv,1,T28.csv,7,126,1.0,1.0,18.85724965646169
eraser,T239.csv,1,T109.csv,7,-113,1.0,1.0302250179913393,
eraser,T240.csv,1,T57.csv,7,126,0.9258233435744724,1.0,24.959479705767045
eraser,T241.csv,1,T65.csv,7,-16,1.0,0.9848083144867522,26.49372072582382
eraser,T242.csv,1,T109.csv,7,-20,1.0,1.042237089239536,18.9818382984985
eraser,T243.csv,1,T54.csv,7,143,0.9520953911516474,0.9011679737193641,21.181299366699463
eraser,T244.csv,1,T65.csv,7,0,1.0100874833548261,1.0,24.3209463003217
eraser,T245.csv,1,T1.csv,7,-151,1.0,0.8996132368226626,19.550289794418216
eraser,T246.csv,1,T14.csv,7,-20,1.0,1.0,19.37566397236708
eraser,T247.csv,1,T14.csv,7,-108,1.01207540735325,0.9665710730153649,20.307780540283897
eraser,T248.csv,1,T109.csv,7,0,1.0220010448637626,0.8842694264901841,
eraser,T249.csv,1,T28.csv,7,35,1.0,1.0,
eraser,T250.csv,1,T65.csv,7,-19,1.043173631428581,0.9517345885645505,25.63759508416649
eraser,T251.csv,1,T1.csv,7,0,1.0,1.0761687953882046,20.84400529959657
eraser,T252.csv,1,T142.csv,7,0,1.0062022889387092,1.1182126253578273,19.697398599414672
eraser,T253.csv,1,T82.csv,8,-144,1.0,1.0,22.43488348707522
eraser,T254.csv,1,T103.csv,8,-97,1.0,1.0026416757647307,22.377460106184536
eraser,T255.csv,1,T89.csv,8,-129,0.920238829920804,0.9224828606434774,23.2443976060521
eraser,T256.csv,1,T35.csv,8,-89,1.0,0.8832158996451565,20.042116230278666
eraser,T257.csv,1,T85.csv,8,0,0.9269743863715532,1.072042790079638,21.976284817681435
eraser,T258.csv,1,T35.csv,8,0,1.0,0.9335548433606043,24.4648859781351
eraser,T259.csv,1,T3.csv,8,0,1.0891942882678365,1.1135780103128379,21.334262633956516
eraser,T260.csv,1,T75.csv,8,-109,1.0,0.9544242206414151,19.51012675538896
eraser,T261.csv,1,T82.csv,8,-34,0.9373321537487013,1.0921063180702173,29.407163505544183
eraser,T262.csv,1,T126.csv,8,-174,1.0214590444697809,1.0341484921992583,19.312985936008598
eraser,T263.csv,1,T129.csv,8,0,1.033294433571326,0.9726509217168295,
eraser,T264.csv,1,T3.csv,8,0,1.0,0.9503399675118898,25.151143245174563
eraser,T265.csv,1,T82.csv,8,-143,0.9118343673998145,0.8976097706162807,25.599352857430233
eraser,T266.csv,1,T44.csv,8,0,1.0,0.9039656060551613,23.61503410054169
eraser,T267.csv,1,T110.csv,8,-38,1.0,1.0,
eraser,T268.csv,1,T44.csv,8,-157,1.0420933537242483,1.0311050817108338,23.905100698640965
eraser,T269.csv,1,T119.csv,9,70,0.9097231414798931,0.9745576002040038,20.970256271924402
eraser,T270.csv,1,T45.csv,9,0,1.0,0.9379677417569776,22.9950821518751
eraser,T271.csv,1,T73.csv,9,-92,1.0,1.0801564241487058,
eraser,T272.csv,1,T137.csv,9,82,1.0,1.0,29.685782149970354
eraser,T273.csv,1,T94.csv,9,32,1.0561964728652218,0.9837697553666459,
eraser,T274.csv,1,T139.csv,9,-89,1.0,1.0381116521952893,24.945728613072575
eraser,T275.csv,1,T74.csv,9,-36,0.9761155322662801,1.107179505166486,23.21438535007445
eraser,T276.csv,1,T95.csv,9,0,1.0,1.1188751423865606,21.276596498323443
eraser,T277.csv,1,T121.csv,9,127,0.9104123060130933,1.0,18.495883836966375
eraser,T278.csv,1,T52.csv,9,-62,1.0251492534835314,0.9829067362869748,
eraser,T279.csv,1,T56.csv,9,0,0.9812428762517268,0.9065487680869624,19.425780757692024
eraser,T280.csv,1,T139.csv,9,3,0.9949366610640447,1.0131172727124993,
eraser,T281.csv,1,T52.csv,9,-97,1.0780958105235803,1.0773247718268564,21.684537994619326
eraser,T282.csv,1,T137.csv,9,69,1.0,0.9144994748620091,28.212707572826652
eraser,T283.csv,1,T137.csv,9,45,1.0789285489899305,1.0,24.62411328235833
eraser,T284.csv,1,T52.csv,9,-111,1.0,1.057824396462394,21.55889921037423
eraser,T285.csv,1,T60.csv,10,31,1.055691267811755,1.0,
eraser,T286.csv,1,T8.csv,10,0,1.011459758904485,0.9017085269318628,
eraser,T287.csv,1,T12.csv,10,104,0.9656346136669759,0.9906582582228886,
eraser,T288.csv,1,T113.csv,10,90,1.0,1.1096677669467223,20.404744264236903
eraser,T289.csv,1,T39.csv,10,17,0.9687151803958576,1.1060016293728983,28.569423942265445
eraser,T290.csv,1,T125.csv,10,0,1.0132812270656886,0.9881228478527481,
eraser,T291.csv,1,T60.csv,10,-19,1.0,1.0337998356483196,
eraser,T292.csv,1,T125.csv,10,-168,1.0,0.9777571828390783,29.681048371838962
eraser,T293.csv,1,T102.csv,10,108,1.0,1.116797898059996,18.307156698485723
eraser,T294.csv,1,T140.csv,10,136,1.0,0.9383639818073447,27.45963823908349
eraser,T295.csv,1,T113.csv,10,0,1.0,1.0510301654992456,
eraser,T296.csv,1,T125.csv,10,67,0.9587217397235122,0.9422968976817214,19.13201948888534
eraser,T297.csv,1,T17.csv,10,65,1.0,1.044003880385752,26.528929352123676
eraser,T298.csv,1,T24.csv,10,0,0.9496559121125047,1.0950654397470245,23.897626351943767
eraser,T299.csv,1,T12.csv,10,0,1.045695820674513,0.9304198636327827,23.43366303661167
eraser,T300.csv,1,T125.csv,10,90,1.0,1.0,21.56680466476855
finger,T1.csv,0,,10,,,,
finger,T2.csv,0,,5,,,,
finger,T3.csv,0,,10,,,,
finger,T4.csv,0,,1,,,,
finger,T5.csv,0,,6,,,,
finger,T6.csv,0,,8,,,,
finger,T7.csv,0,,1,,,,
finger,T8.csv,0,,9,,,,
finger,T9.csv,0,,7,,,,
finger,T10.csv,0,,8,,,,
finger,T11.csv,0,,4,,,,
finger,T12.csv,0,,1,,,,
finger,T13.csv,0,,1,,,,
finger,T14.csv,0,,2,,,,
finger,T15.csv,0,,4,,,,
finger,T16.csv,0,,9,,,,
finger,T17.csv,0,,5,,,,
finger,T18.csv,0,,7,,,,
finger,T19.csv,0,,8,,,,
finger,T20.csv,0,,1,,,,
finger,T21.csv,0,,3,,,,
finger,T22.csv,0,,10,,,,
finger,T23.csv,0,,3,,,,
finger,T24.csv,0,,4,,,,
finger,T25.csv,0,,10,,,,
finger,T26.csv,0,,5,,,,
finger,T27.csv,0,,2,,,,
finger,T28.csv,0,,2,,,,
finger,T29.csv,0,,7,,,,
finger,T30.csv,0,,5,,,,
finger,T31.csv,0,,4,,,,
finger,T32.csv,0,,7,,,,
finger,T33.csv,0,,8,,,,
finger,T34.csv,0,,7,,,,
finger,T35.csv,0,,1,,,,
finger,T36.csv,0,,9,,,,
finger,T37.csv,0,,3,,,,
finger,T38.csv,0,,4,,,,
finger,T39.csv,0,,3,,,,
finger,T40.csv,0,,7,,,,
finger,T41.csv,0,,2,,,,
finger,T42.csv,0,,7,,,,
finger,T43.csv,0,,2,,,,
finger,T44.csv,0,,3,,,,
finger,T45.csv,0,,8,,,,
finger,T46.csv,0,,2,,,,
finger,T47.csv,0,,10,,,,
finger,T48.csv,0,,9,,,,
finger,T49.csv,0,,3,,,,
finger,T50.csv,0,,2,,,,
finger,T51.csv,0,,10,,,,
finger,T52.csv,0,,4,,,,
finger,T53.csv,0,,8,,,,
finger,T54.csv,0,,5,,,,
finger,T55.csv,0,,6,,,,
finger,T56.csv,0,,3,,,,
finger,T57.csv,0,,4,,,,
finger,T58.csv,0,,9,,,,
finger,T59.csv,0,,2,,,,
finger,T60.csv,0,,6,,,,
finger,T61.csv,0,,2,,,,
finger,T62.csv,0,,8,,,,
finger,T63.csv,0,,4,,,,
finger,T64.csv,0,,7,,,,
finger,T65.csv,0,,2,,,,
finger,T66.csv,0,,2,,,,
finger,T67.csv,0,,7,,,,
finger,T68.csv,0,,5,,,,
finger,T69.csv,0,,3,,,,
finger,T70.csv,0,,6,,,,
finger,T71.csv,0,,1,,,,
finger,T72.csv,0,,4,,,,
finger,T73.csv,0,,3,,,,
finger,T74.csv,0,,4,,,,
finger,T75.csv,0,,7,,,,
finger,T76.csv,0,,10,,,,
finger,T77.csv,0,,5,,,,
finger,T78.csv,0,,10,,,,
finger,T79.csv,0,,9,,,,
finger,T80.csv,0,,10,,,,
finger,T81.csv,0,,4,,,,
finger,T82.csv,0,,6,,,,
finger,T83.csv,0,,1,,,,
finger,T84.csv,0,,10,,,,
finger,T85.csv,0,,8,,,,
finger,T86.csv,0,,5,,,,
finger,T87.csv,0,,3,,,,
finger,T88.csv,0,,10,,,,
finger,T89.csv,0,,6,,,,
finger,T90.csv,0,,9,,,,
finger,T91.csv,0,,3,,,,
finger,T92.csv,0,,7,,,,
finger,T93.csv,0,,8,,,,
finger,T94.csv,0,,8,,,,
finger,T95.csv,0,,9,,,,
finger,T96.csv,0,,1,,,,
finger,T97.csv,0,,1,,,,
finger,T98.csv,0,,9,,,,
finger,T99.csv,0,,5,,,,
finger,T100.csv,0,,1,,,,
finger,T101.csv,0,,5,,,,
finger,T102.csv,0,,5,,,,
finger,T103.csv,0,,8,,,,
finger,T104.csv,0,,6,,,,
finger,T105.csv,0,,6,,,,
finger,T106.csv,0,,6,,,,
finger,T107.csv,0,,9,,,,
finger,T108.csv,0,,4,,,,
finger,T109.csv,0,,5,,,,
finger,T110.csv,0,,2,,,,
finger,T111.csv,0,,9,,,,
finger,T112.csv,0,,8,,,,
finger,T113.csv,0,,6,,,,
finger,T114.csv,0,,1,,,,
finger,T115.csv,0,,1,,,,
finger,T116.csv,0,,6,,,,
finger,T117.csv,0,,2,,,,
finger,T118.csv,0,,9,,,,
finger,T119.csv,0,,7,,,,
finger,T120.csv,0,,10,,,,
finger,T121.csv,0,,6,,,,
finger,T122.csv,0,,3,,,,
finger,T123.csv,1,T114.csv,1,170,1.0786681101138154,1.0104210231246036,
finger,T124.csv,1,T7.csv,1,0,1.0115288319498799,1.0144465987706992,
finger,T125.csv,1,T71.csv,1,0,1.022145235907797,0.9776042398097852,20.240863963631824
finger,T126.csv,1,T4.csv,1,0,0.9446488993012023,0.9431065734623172,27.464100687463695
finger,T127.csv,1,T83.csv,1,130,1.0,0.912867934070482,20.502252868143277
finger,T128.csv,1,T13.csv,1,-22,1.0705574022575806,0.973602656666088,20.7892659133274
finger,T129.csv,1,T13.csv,1,-72,1.0,0.9158744463908373,
finger,T130.csv,1,T83.csv,1,0,0.9799401922537424,1.0,25.992396922353212
finger,T131.csv,1,T35.csv,1,-61,1.054325412248656,0.888662229398197,27.968846250744598
finger,T132.csv,1,T20.csv,1,63,0.9925846791282174,0.9617659839656171,25.855587051254563
finger,T133.csv,1,T115.csv,1,0,1.0,0.9748701148017536,18.101462928489426
finger,T134.csv,1,T13.csv,1,0,1.0318207367433392,1.1068472328849832,27.82287757456926
finger,T135.csv,1,T13.csv,1,-150,1.0743327965748102,1.0,20.300429126770783
finger,T136.csv,1,T4.csv,1,0,1.0035321064612317,1.0,20.74085874820318
finger,T137.csv,1,T100.csv,1,-177,1.0,1.0245980366370189,20.04821027654804
finger,T138.csv,1,T13.csv,1,-86,1.0653703276504367,0.9603754608713988,
finger,T139.csv,1,T71.csv,1,161,1.0,0.9321680758865091,24.668163608336673
finger,T140.csv,1,T46.csv,2,38,0.9054598971013313,1.0785178332931762,18.38579772727641
finger,T141.csv,1,T43.csv,2,-47,1.0,0.9261220597065275,19.32611627574667
finger,T142.csv,1,T27.csv,2,-23,1.0,0.8899639007902782,18.223578855437584
finger,T143.csv,1,T117.csv,2,27,0.9639450381432357,0.9267875894862316,22.63333901864456
finger,T144.csv,1,T43.csv,2,-53,0.9735481790599414,1.0316810014677622,19.746659627240373
finger,T145.csv,1,T46.csv,2,-112,1.0,0.935550845449437,19.890199778009872
finger,T146.csv,1,T66.csv,2,37,0.9757321770932246,0.9000211105097593,
finger,T147.csv,1,T61.csv,2,168,1.0,1.0,29.514619860286125
finger,T148.csv,1,T50.csv,2,14,1.0,0.904522159137878,26.221180816616574
finger,T149.csv,1,T66.csv,2,0,1.0,1.040090171400653,
finger,T150.csv,1,T61.csv,2,-131,1.029061579394574,1.0,24.939457305633606
finger,T151.csv,1,T46.csv,2,-154,0.9106290691902068,0.9244991559228413,20.91695203155765
finger,T152.csv,1,T14.csv,2,0,0.934227060346478,1.0,
finger,T153.csv,1,T27.csv,2,0,1.0,1.0,
finger,T154.csv,1,T43.csv,2,174,1.0,0.9891608596301322,20.594284024846104
finger,T155.csv,1,T28.csv,2,0,1.0432992676077075,0.9968393460808636,
finger,T156.csv,1,T65.csv,2,0,1.0163738033680332,0.934597558105853,19.509438207858725
finger,T157.csv,1,T44.csv,3,0,1.0855506950209046,1.017921185889371,22.018717639908814
finger,T158.csv,1,T21.csv,3,160,0.9427896227878905,0.9078648873593114,21.89926829822245
finger,T159.csv,1,T23.csv,3,-110,0.9118227037479852,0.9965676835241073,22.182426274412727
finger,T160.csv,1,T87.csv,3,-26,1.0,1.0876289514856299,29.98605819301255
finger,T161.csv,1,T56.csv,3,-33,1.0,1.0151121818409572,24.787589226630946
finger,T162.csv,1,T49.csv,3,6,1.0,1.096699358832028,23.97269180481836
finger,T163.csv,1,T122.csv,3,0,0.913263072934197,1.0661865621704076,25.81798297827107
finger,T164.csv,1,T49.csv,3,13,1.0665573885119735,1.0,28.25791981198456
finger,T165.csv,1,T56.csv,3,0,1.0,0.9802729887478552,
finger,T166.csv,1,T87.csv,3,31,0.966865608607502,1.0,19.217021448782173
finger,T167.csv,1,T73.csv,3,-134,0.9200441728846576,0.9344314676289432,
finger,T168.csv,1,T23.csv,3,0,1.0,0.9613985785487806,27.40112502827671
finger,T169.csv,1,T56.csv,3,-14,1.0,1.0,26.5221923675448
finger,T170.csv,1,T87.csv,3,161,0.9111984028036152,1.0,
finger,T171.csv,1,T39.csv,3,-109,1.0894649685264157,1.046044158901639,27.208616425771517
finger,T172.csv,1,T44.csv,3,-23,1.0768876973587076,1.0,18.22404588382368
finger,T173.csv,1,T21.csv,3,24,0.9615672316582599,0.9753770426417168,
finger,T174.csv,1,T122.csv,3,117,1.0718218140269342,1.0550846563813618,24.415601057448082
finger,T175.csv,1,T57.csv,4,-84,1.0,1.063496724725409,29.97059121946056
finger,T176.csv,1,T11.csv,4,0,1.0,1.0512109322621506,27.45694030500519
finger,T177.csv,1,T72.csv,4,146,1.0,1.0860825715713631,27.868652207305857
finger,T178.csv,1,T72.csv,4,-47,1.015033527088644,0.9875704918641198,23.354321101911857
finger,T179.csv,1,T81.csv,4,0,1.0,0.9248544562970084,18.469068264868504
finger,T180.csv,1,T108.csv,4,130,1.0,1.0804135259649146,18.52324498858203
finger,T181.csv,1,T108.csv,4,8,0.9548153070631853,1.0,25.639927468677744
finger,T182.csv,1,T108.csv,4,21,0.946816993623564,0.9444604388926687,26.479852134401526
finger,T183.csv,1,T81.csv,4,-12,0.9341954045560464,1.0326401944972952,
finger,T184.csv,1,T31.csv,4,0,1.0,1.0,22.844434780908802
finger,T185.csv,1,T52.csv,4,0,1.0,1.0477532228165363,
finger,T186.csv,1,T57.csv,4,9,0.9496780342833868,0.93723589719827,
finger,T187.csv,1,T15.csv,4,87,0.9149378430652128,1.0551788042572392,22.452632041426206
finger,T188.csv,1,T81.csv,4,-11,1.001135225176796,0.8821745946678475,19.523129213115897
finger,T189.csv,1,T52.csv,4,-153,1.0,1.0,27.26677421761204
finger,T190.csv,1,T74.csv,4,-38,1.0925984434308922,1.0,
finger,T191.csv,1,T52.csv,4,173,1.0614305570438731,1.053014513135782,26.66895321236655
finger,T192.csv,1,T81.csv,4,149,0.9324160306168441,1.0287446869027357,27.07876563803086
finger,T193.csv,1,T17.csv,5,-126,1.0,0.9120542638543454,26.30104503976501
finger,T194.csv,1,T109.csv,5,116,0.9844371350737525,1.0441329288317078,29.87778302831659
finger,T195.csv,1,T54.csv,5,170,1.0,0.9184327531320546,21.79309796787641
finger,T196.csv,1,T99.csv,5,0,1.0,1.0723157255272076,
finger,T197.csv,1,T54.csv,5,33,1.0,1.0,
finger,T198.csv,1,T102.csv,5,-29,1.0727017667455918,0.9356212060841692,
finger,T199.csv,1,T77.csv,5,103,0.97691725797698,1.0,29.194799536741357
finger,T200.csv,1,T68.csv,5,169,1.080480257229674,1.0,20.03135490760291
finger,T201.csv,1,T77.csv,5,97,1.0,1.068139659224796,20.734022666323604
finger,T202.csv,1,T109.csv,5,-44,1.0,1.0545756270750637,18.80845666610344
finger,T203.csv,1,T54.csv,5,-56,0.9718784304806881,1.0,20.58598826892659
finger,T204.csv,1,T99.csv,5,-47,0.9080256189126625,1.0,
finger,T205.csv,1,T26.csv,5,17,0.941358012912415,0.9406300608815037,
finger,T206.csv,1,T30.csv,5,257,1.0,0.9116992948080427,20.26853906197934
finger,T207.csv,1,T77.csv,5,-15,1.0,1.0,
finger,T208.csv,1,T102.csv,5,76,1.0036930391258136,1.0,27.323166094346057
finger,T209.csv,1,T77.csv,5,14,0.976025902492968,1.0,20.3904011965153
finger,T210.csv,1,T102.csv,5,-87,1.0,0.8906453125649605,24.814283351086498
finger,T211.csv,1,T121.csv,6,98,1.0,0.895262335797904,22.455499139966943
finger,T212.csv,1,T60.csv,6,77,1.0,1.0,24.5466086728787
finger,T213.csv,1,T113.csv,6,0,1.0,1.066487274501339,25.538415283014533
finger,T214.csv,1,T113.csv,6,0,1.0173768811348924,0.9142592668595998,18.981397015977578
finger,T215.csv,1,T82.csv,6,147,0.9240001603993699,0.9249302380959137,24.399353587025196
finger,T216.csv,1,T104.csv,6,0,0.9950969559614942,1.0,27.032245931026004
finger,T217.csv,1,T106.csv,6,14,1.0,1.0,18.255503436361543
finger,T218.csv,1,T5.csv,6,-90,1.029949473019578,0.9257528116927654,18.580114337393656
finger,T219.csv,1,T82.csv,6,-56,1.0,0.8995885089946615,
finger,T220.csv,1,T82.csv,6,-86,1.0,1.0303175894673138,
finger,T221.csv,1,T70.csv,6,120,1.0,0.9518063430405943,
finger,T222.csv,1,T104.csv,6,0,0.9294027902212227,1.0,
finger,T223.csv,1,T113.csv,6,60,1.0,0.9609177580771145,20.671016114595552
finger,T224.csv,1,T113.csv,6,123,1.0,1.1086634333932808,25.589381159591994
finger,T225.csv,1,T116.csv,6,7,1.0,1.0,
finger,T226.csv,1,T89.csv,6,95,0.9031865911967986,1.0087746771385104,25.57580507962695
finger,T227.csv,1,T105.csv,6,66,1.0356293266270362,0.9378567903296969,
finger,T228.csv,1,T105.csv,6,-9,1.0673994236620155,1.0,
finger,T229.csv,1,T64.csv,7,0,1.0573387062501662,1.0,20.551015319030416
finger,T230.csv,1,T92.csv,7,120,0.9502046804515929,1.0,19.173582808933475
finger,T231.csv,1,T32.csv,7,204,1.0642765486353363,1.0,
finger,T232.csv,1,T67.csv,7,23,1.0,1.0687178034334308,
finger,T233.csv,1,T64.csv,7,130,1.0,0.9902469341716281,29.850654776721672
finger,T234.csv,1,T119.csv,7,136,1.003146255566371,0.976679958348773,27.824198352461337
finger,T235.csv,1,T29.csv,7,160,1.0174988472594735,1.0040494355628697,27.012384857251313
finger,T236.csv,1,T92.csv,7,-5,1.0,1.0,24.2912632328401
finger,T237.csv,1,T18.csv,7,-53,1.0024434453777424,1.0845671055652797,
finger,T238.csv,1,T34.csv,7,-54,1.0,1.0906668625871705,20.350800036000976
finger,T239.csv,1,T67.csv,7,-99,0.9984024150469744,1.0,24.752465484398055
finger,T240.csv,1,T92.csv,7,-61,1.0,1.0732965424753995,
finger,T241.csv,1,T92.csv,7,146,1.042682572187377,1.0,23.545195891034155
finger,T242.csv,1,T75.csv,7,-20,1.0848743829033243,1.0453628241478523,20.76470494223346
finger,T243.csv,1,T40.csv,7,62,1.0485079626749987,1.0615658969377577,25.458376137316137
finger,T244.csv,1,T18.csv,7,-27,1.0,1.0,
finger,T245.csv,1,T32.csv,7,-3,0.9926359787658092,1.1002431169021252,28.708555200097877
finger,T246.csv,1,T92.csv,7,-177,1.099125565575319,0.9450942661341202,20.683946456870924
finger,T247.csv,1,T45.csv,8,0,1.0920428788614263,0.8842972621310103,
finger,T248.csv,1,T33.csv,8,-148,0.9789068397529056,0.899805652159499,
finger,T249.csv,1,T33.csv,8,193,1.0908026551370145,0.9265992504787578,
finger,T250.csv,1,T19.csv,8,0,1.057779039980008,0.9657928723161808,29.4727290928776
finger,T251.csv,1,T6.csv,8,39,1.012787109642489,0.8938716432176816,21.665494388064634
finger,T252.csv,1,T6.csv,8,-25,1.0,1.0,
finger,T253.csv,1,T33.csv,8,202,1.0,1.0,
finger,T254.csv,1,T85.csv,8,-105,1.0,1.0,28.44575502341023
finger,T255.csv,1,T94.csv,8,-134,1.0,0.928929226940022,23.528885053056396
finger,T256.csv,1,T10.csv,8,167,0.9514331492676166,1.0,20.502822466644123
finger,T257.csv,1,T85.csv,8,87,1.0488679804452894,1.0,20.97595900885999
finger,T258.csv,1,T62.csv,8,43,1.0,0.9491563376093123,26.768077085242716
finger,T259.csv,1,T103.csv,8,104,1.0,1.1075302982100366,19.383062696087492
finger,T260.csv,1,T94.csv,8,-153,0.9977399573083567,0.9329968225670047,18.043710425270064
finger,T261.csv,1,T33.csv,8,120,1.0386328925329948,0.9761750190419882,21.796391219485734
finger,T262.csv,1,T112.csv,8,-144,1.0,1.0,20.519595755628934
finger,T263.csv,1,T112.csv,8,-143,0.9986075594099708,1.0,
finger,T264.csv,1,T62.csv,8,0,0.9200391936662852,1.0,23.346888051303253
finger,T265.csv,1,T95.csv,9,95,0.9520016005633667,1.0,
finger,T266.csv,1,T90.csv,9,170,1.0857379255884898,1.0262347597135246,
finger,T267.csv,1,T48.csv,9,103,0.9668773006181081,1.0,29.699234526062572
finger,T268.csv,1,T36.csv,9,-40,1.0496114997259631,1.0069123611650241,
finger,T269.csv,1,T111.csv,9,99,0.9815930069472584,0.8889521528423516,28.237800242696434
finger,T270.csv,1,T118.csv,9,0,1.035516099646467,1.0,26.729994444057816
finger,T271.csv,1,T8.csv,9,84,0.9055383777914511,1.0,
finger,T272.csv,1,T16.csv,9,83,1.0,1.0,
finger,T273.csv,1,T90.csv,9,9,1.0142648460360533,1.0,
finger,T274.csv,1,T48.csv,9,0,1.0,0.8833287873130784,
finger,T275.csv,1,T36.csv,9,-162,1.0995742354608427,1.090682224874964,26.81841436815259
finger,T276.csv,1,T118.csv,9,-20,1.0,1.0,25.029932757951734
finger,T277.csv,1,T98.csv,9,133,1.0837277414636681,1.0560415496422715,
finger,T278.csv,1,T95.csv,9,0,1.0080052868360234,1.0,28.45410086992341
finger,T279.csv,1,T8.csv,9,-157,1.0,0.9172149469307164,28.235900334379533
finger,T280.csv,1,T98.csv,9,30,1.0,0.9910142938398294,28.496687810156647
finger,T281.csv,1,T48.csv,9,-120,1.0,1.1043216583003879,25.58112684185059
finger,T282.csv,1,T16.csv,9,41,1.0,1.0381342267878293,
finger,T283.csv,1,T78.csv,10,163,0.9871272247493825,0.9087710064285103,23.674481292761083
finger,T284.csv,1,T22.csv,10,123,1.0,1.0706898787810166,28.617372664241472
finger,T285.csv,1,T78.csv,10,170,1.013875797309098,0.9252404438922948,21.377324928590298
finger,T286.csv,1,T88.csv,10,97,1.0567364160481598,1.0,19.964463457096617
finger,T287.csv,1,T80.csv,10,-29,1.0444744744736871,0.9567883392251173,19.595106247528694
finger,T288.csv,1,T80.csv,10,-147,0.9897396190321269,0.8972005854891443,
finger,T289.csv,1,T84.csv,10,-36,1.0,0.8900989513626784,22.302222505493383
finger,T290.csv,1,T51.csv,10,10,0.9023769936725733,1.0,18.78078216991984
finger,T291.csv,1,T78.csv,10,-153,1.0,0.9030926379492786,
finger,T292.csv,1,T84.csv,10,0,1.0,1.0157154171129612,22.51709232203232
finger,T293.csv,1,T120.csv,10,0,1.0,1.0,20.946381085081367
finger,T294.csv,1,T80.csv,10,52,1.0,1.0,
finger,T295.csv,1,T76.csv,10,55,0.917251227677294,0.903380312936727,
finger,T296.csv,1,T80.csv,10,-62,1.0,1.0045393099687112,29.13453897595718
finger,T297.csv,1,T78.csv,10,0,0.9193480922624756,1.0586471276140317,29.562624196165775
finger,T298.csv,1,T22.csv,10,-40,0.9338272158649,1.0703235501442905,29.152294194349885
finger,T299.csv,1,T120.csv,10,-142,0.9012265578592478,0.9512941517507234,19.536500841603107
finger,T300.csv,1,T78.csv,10,128,0.97404141647443,1.0292356301397543,23.271759096752664
hotpeltier,T1.csv,0,,9,,,,
hotpeltier,T2.csv,0,,9,,,,
hotpeltier,T3.csv,0,,10,,,,
hotpeltier,T4.csv,0,,4,,,,
hotpeltier,T5.csv,0,,4,,,,
hotpeltier,T6.csv,0,,4,,,,
hotpeltier,T7.csv,0,,6,,,,
hotpeltier,T8.csv,0,,7,,,,
hotpeltier,T9.csv,0,,1,,,,
hotpeltier,T10.csv,0,,10,,,,
hotpeltier,T11.csv,0,,2,,,,
hotpeltier,T12.csv,0,,10,,,,
hotpeltier,T13.csv,0,,8,,,,
hotpeltier,T14.csv,0,,3,,,,
hotpeltier,T15.csv,0,,5,,,,
hotpeltier,T16.csv,0,,6,,,,
hotpeltier,T17.csv,0,,9,,,,
hotpeltier,T18.csv,0,,2,,,,
hotpeltier,T19.csv,0,,7,,,,
hotpeltier,T20.csv,0,,3,,,,
hotpeltier,T21.csv,0,,1,,,,
hotpeltier,T22.csv,0,,2,,,,
hotpeltier,T23.csv,0,,9,,,,
hotpeltier,T24.csv,0,,4,,,,
hotpeltier,T25.csv,0,,2,,,,
hotpeltier,T26.csv,0,,8,,,,
hotpeltier,T27.csv,0,,4,,,,
hotpeltier,T28.csv,0,,7,,,,
hotpeltier,T29.csv,0,,2,,,,
hotpeltier,T30.csv,0,,5,,,,
hotpeltier,T31.csv,0,,3,,,,
hotpeltier,T32.csv,0,,10,,,,
hotpeltier,T33.csv,0,,3,,,,
hotpeltier,T34.csv,0,,3,,,,
hotpeltier,T35.csv,0,,6,,,,
hotpeltier,T36.csv,0,,7,,,,
hotpeltier,T37.csv,0,,1,,,,
hotpeltier,T38.csv,0,,5,,,,
hotpeltier,T39.csv,0,,7,,,,
hotpeltier,T40.csv,0,,1,,,,
hotpeltier,T41.csv,0,,6,,,,
hotpeltier,T42.csv,0,,6,,,,
hotpeltier,T43.csv,0,,2,,,,
hotpeltier,T44.csv,0,,10,,,,
hotpeltier,T45.csv,0,,8,,,,
hotpeltier,T46.csv,0,,4,,,,
hotpeltier,T47.csv,0,,2,,,,
hotpeltier,T48.csv,0,,3,,,,
hotpeltier,T49.csv,0,,7,,,,
hotpeltier,T50.csv,0,,3,,,,
hotpeltier,T51.csv,0,,1,,,,
hotpeltier,T52.csv,0,,6,,,,
hotpeltier,T53.csv,0,,8,,,,
hotpeltier,T54.csv,0,,7,,,,
hotpeltier,T55.csv,0,,3,,,,
hotpeltier,T56.csv,0,,5,,,,
hotpeltier,T57.csv,0,,8,,,,
hotpeltier,T58.csv,0,,2,,,,
hotpeltier,T59.csv,0,,10,,,,
hotpeltier,T60.csv,0,,7,,,,
hotpeltier,T61.csv,0,,5,,,,
hotpeltier,T62.csv,0,,3,,,,
hotpeltier,T63.csv,0,,8,,,,
hotpeltier,T64.csv,0,,10,,,,
hotpeltier,T65.csv,0,,6,,,,
hotpeltier,T66.csv,0,,6,,,,
hotpeltier,T67.csv,0,,9,,,,
hotpeltier,T68.csv,0,,7,,,,
hotpeltier,T69.csv,0,,2,,,,
hotpeltier,T70.csv,0,,8,,,,
hotpeltier,T71.csv,0,,4,,,,
hotpeltier,T72.csv,0,,3,,,,
hotpeltier,T73.csv,0,,6,,,,
hotpeltier,T74.csv,0,,6,,,,
hotpeltier,T75.csv,0,,9,,,,
hotpeltier,T76.csv,0,,2,,,,
hotpeltier,T77.csv,0,,5,,,,
hotpeltier,T78.csv,0,,5,,,,
hotpeltier,T79.csv,0,,9,,,,
hotpeltier,T80.csv,0,,4,,,,
hotpeltier,T81.csv,0,,1,,,,
hotpeltier,T82.csv,0,,10,,,,
hotpeltier,T83.csv,0,,4,,,,
hotpeltier,T84.csv,0,,4,,,,
hotpeltier,T85.csv,0,,10,,,,
hotpeltier,T86.csv,0,,2,,,,
hotpeltier,T87.csv,0,,5,,,,
hotpeltier,T88.csv,0,,5,,,,
hotpeltier,T89.csv,0,,1,,,,
hotpeltier,T90.csv,0,,2,,,,
hotpeltier,T91.csv,0,,4,,,,
hotpeltier,T92.csv,0,,9,,,,
hotpeltier,T93.csv,0,,8,,,,
hotpeltier,T94.csv,0,,9,,,,
hotpeltier,T95.csv,0,,8,,,,
hotpeltier,T96.csv,0,,1,,,,
hotpeltier,T97.csv,0,,3,,,,
hotpeltier,T98.csv,0,,7,,,,
hotpeltier,T99.csv,0,,8,,,,
hotpeltier,T100.csv,0,,7,,,,
hotpeltier,T101.csv,0,,7,,,,
hotpeltier,T102.csv,0,,5,,,,
hotpeltier,T103.csv,0,,1,,,,
hotpeltier,T104.csv,0,,1,,,,
hotpeltier,T105.csv,0,,5,,,,
hotpeltier,T106.csv,0,,1,,,,
hotpeltier,T107.csv,0,,6,,,,
hotpeltier,T108.csv,0,,6,,,,
hotpeltier,T109.csv,0,,9,,,,
hotpeltier,T110.csv,0,,4,,,,
hotpeltier,T111.csv,0,,10,,,,
hotpeltier,T112.csv,0,,9,,,,
hotpeltier,T113.csv,0,,10,,,,
hotpeltier,T114.csv,0,,1,,,,
hotpeltier,T115.csv,0,,5,,,,
hotpeltier,T116.csv,0,,3,,,,
hotpeltier,T117.csv,0,,8,,,,
hotpeltier,T118.csv,1,T96.csv,1,0,1.0,1.118856082520524,
hotpeltier,T119.csv,1,T51.csv,1,0,1.074140781744094,1.0,29.212015135681735
hotpeltier,T120.csv,1,T40.csv,1,-153,1.0,1.047550467673907,20.277224952048034
hotpeltier,T121.csv,1,T106.csv,1,0,1.0727560350458334,1.0,
hotpeltier,T122.csv,1,T51.csv,1,150,1.0289732626141546,1.0,26.65466481572804
hotpeltier,T123.csv,1,T103.csv,1,0,1.0440602046030416,1.1133632063403622,
hotpeltier,T124.csv,1,T96.csv,1,-148,1.082845265016845,1.0,21.727381641378923
hotpeltier,T125.csv,1,T106.csv,1,-76,1.0,1.1004089842992606,
hotpeltier,T126.csv,1,T40.csv,1,-40,1.006191356585817,1.0,25.593573617321358
hotpeltier,T127.csv,1,T51.csv,1,-48,1.0106225537034115,1.0611654718487937,19.459652030991325
hotpeltier,T128.csv,1,T96.csv,1,107,1.0,0.9920679692124141,27.024960460869845
hotpeltier,T129.csv,1,T21.csv,1,-18,0.9587643052210679,1.0,
hotpeltier,T130.csv,1,T114.csv,1,143,1.0036114825502638,0.9591683480728685,29.445649508737542
hotpeltier,T131.csv,1,T51.csv,1,131,1.0302650600840146,1.052211909108707,24.767912561523488
hotpeltier,T132.csv,1,T40.csv,1,49,1.0766188804377435,1.0936846151389665,28.34666767752507
hotpeltier,T133.csv,1,T51.csv,1,46,1.083780219072571,1.0,23.48602345269888
hotpeltier,T134.csv,1,T81.csv,1,0,0.9210135717294633,1.0765191939689878,28.77557596761646
hotpeltier,T135.csv,1,T81.csv,1,74,0.9200021441792156,0.9268316676888426,
hotpeltier,T136.csv,1,T69.csv,2,-141,1.0,0.9905583547812982,23.328430146480144
hotpeltier,T137.csv,1,T18.csv,2,164,1.0,1.046287466171681,23.51088295176165
hotpeltier,T138.csv,1,T22.csv,2,0,1.0,1.0,21.083759704608788
hotpeltier,T139.csv,1,T22.csv,2,-28,1.0,1.1144023722608507,27.905990373533122
hotpeltier,T140.csv,1,T25.csv,2,-136,1.073022034654674,1.0479619502799986,
hotpeltier,T141.csv,1,T47.csv,2,169,0.9828198525482695,0.9847390758011948,26.168775700990505
hotpeltier,T142.csv,1,T90.csv,2,5,1.0,1.0533644294192381,
hotpeltier,T143.csv,1,T22.csv,2,0,0.9755258806944549,0.9953153516249307,28.384036758326115
hotpeltier,T144.csv,1,T90.csv,2,-78,1.0,1.0,19.60945124239829
hotpeltier,T145.csv,1,T25.csv,2,-42,0.9867192670602408,1.0,19.12666510151171
hotpeltier,T146.csv,1,T18.csv,2,77,1.081062163280726,0.9032524819639259,
hotpeltier,T147.csv,1,T47.csv,2,101,0.9120517706020258,0.8844276882778495,22.93104368805284
hotpeltier,T148.csv,1,T47.csv,2,129,1.0,0.9062053118565865,19.992248649003162
hotpeltier,T149.csv,1,T43.csv,2,-67,1.0,1.0892110882454458,
hotpeltier,T150.csv,1,T69.csv,2,154,1.0,1.0,
hotpeltier,T151.csv,1,T58.csv,2,0,1.0,1.0200065717566942,28.343827744629813
hotpeltier,T152.csv,1,T47.csv,2,0,0.9761051899825549,1.0848793506201897,
hotpeltier,T153.csv,1,T11.csv,2,-83,0.9031255887169477,1.0,
hotpeltier,T154.csv,1,T33.csv,3,0,0.9834439140738227,1.0007149048273423,27.222620723471575
hotpeltier,T155.csv,1,T50.csv,3,-85,1.0634152687181015,1.0938609927017384,19.903438044325867
hotpeltier,T156.csv,1,T50.csv,3,-190,0.9353994855856779,0.993512936435134,27.56835074979324
hotpeltier,T157.csv,1,T72.csv,3,130,1.0,1.0,18.563061901448794
hotpeltier,T158.csv,1,T116.csv,3,55,1.0,1.0111375616404612,
hotpeltier,T159.csv,1,T14.csv,3,0,0.9135057573528442,0.9937440200871953,
hotpeltier,T160.csv,1,T72.csv,3,-150,1.0,0.9452485696860614,29.34310139944267
hotpeltier,T161.csv,1,T50.csv,3,0,0.9130692792340891,1.0,
hotpeltier,T162.csv,1,T55.csv,3,158,1.0,0.8911405912684768,22.819034271366426
hotpeltier,T163.csv,1,T14.csv,3,65,0.9497193291044189,1.0,
hotpeltier,T164.csv,1,T48.csv,3,27,1.0249673905778982,0.9369155909244261,
hotpeltier,T165.csv,1,T34.csv,3,-148,0.9112278408036902,1.0,24.212970081889694
hotpeltier,T166.csv,1,T50.csv,3,0,1.0,1.0,19.761791057764885
hotpeltier,T167.csv,1,T50.csv,3,86,0.9385947678535509,1.0192022865132369,29.101089566976313
hotpeltier,T168.csv,1,T62.csv,3,-45,0.975121155529867,1.1112723034911167,20.795327309744856
hotpeltier,T169.csv,1,T116.csv,3,0,1.0623454178164928,0.9224335196688335,24.545682062402918
hotpeltier,T170.csv,1,T116.csv,3,0,1.0,1.0233363099094166,25.531874049151078
hotpeltier,T171.csv,1,T62.csv,3,-115,1.0,1.0,
hotpeltier,T172.csv,1,T84.csv,4,-76,1.0,1.0,24.801811319631536
hotpeltier,T173.csv,1,T24.csv,4,-144,1.0,0.9580518850995404,25.702840600396435
hotpeltier,T174.csv,1,T80.csv,4,-117,0.923566850537124,1.0,18.581287056383665
hotpeltier,T175.csv,1,T24.csv,4,122,1.0,0.9057890106492307,
hotpeltier,T176.csv,1,T27.csv,4,0,1.0,1.0,28.314273973401797
hotpeltier,T177.csv,1,T71.csv,4,0,1.0,1.0,29.612741261372786
hotpeltier,T178.csv,1,T80.csv,4,169,1.095611594661554,1.0,
hotpeltier,T179.csv,1,T4.csv,4,64,0.9608757972847505,1.0,22.71178391099787
hotpeltier,T180.csv,1,T71.csv,4,111,1.0,1.0,24.98824551271225
hotpeltier,T181.csv,1,T46.csv,4,149,1.0,1.0760208043939474,22.41289713331897
hotpeltier,T182.csv,1,T91.csv,4,17,1.0388022455846457,0.9288461039358792,
hotpeltier,T183.csv,1,T91.csv,4,-79,1.0,1.0,26.520193417239447
hotpeltier,T184.csv,1,T71.csv,4,-166,1.0,1.1002048301850824,27.605017563484488
hotpeltier,T185.csv,1,T110.csv,4,-55,1.0204474806762425,1.0,26.230483764137908
hotpeltier,T186.csv,1,T6.csv,4,-75,0.9317729456129591,1.0,25.34067037850679
hotpeltier,T187.csv,1,T80.csv,4,45,0.9274125378640262,0.942328999122581,22.975336304714773
hotpeltier,T188.csv,1,T6.csv,4,136,0.9635604003998622,1.071303193448067,23.563680815647878
hotpeltier,T189.csv,1,T84.csv,4,112,1.0829891148568749,0.9877660243213306,19.484952880771818
hotpeltier,T190.csv,1,T88.csv,5,-71,1.0,0.9774657025876963,
hotpeltier,T191.csv,1,T15.csv,5,-11,0.9325853919420966,1.0204052528266594,
hotpeltier,T192.csv,1,T78.csv,5,173,1.0,0.9903004760384163,25.995501555966296
hotpeltier,T193.csv,1,T102.csv,5,-5,1.0,0.9647909640014583,
hotpeltier,T194.csv,1,T102.csv,5,-6,0.9405394618867167,1.0664072370766893,
hotpeltier,T195.csv,1,T105.csv,5,0,0.989232638946205,1.0703012845579316,25.829206935126045
hotpeltier,T196.csv,1,T15.csv,5,0,1.0,1.0,
hotpeltier,T197.csv,1,T30.csv,5,75,1.0,0.9236471036279734,18.087933780548433
hotpeltier,T198.csv,1,T105.csv,5,104,0.9857254644591179,0.9525739404118223,29.89132392703599
hotpeltier,T199.csv,1,T78.csv,5,3,1.085371755303744,1.0,18.13425845765893
hotpeltier,T200.csv,1,T38.csv,5,0,0.9417397124005269,1.009781100111603,
hotpeltier,T201.csv,1,T87.csv,5,75,1.0021285995216533,1.0,20.42252042909569
hotpeltier,T202.csv,1,T38.csv,5,0,1.0,1.0,26.383910135277212
hotpeltier,T203.csv,1,T15.csv,5,160,1.0,1.0346451127265988,22.22425925792077
hotpeltier,T204.csv,1,T61.csv,5,-123,1.0,1.0,
hotpeltier,T205.csv,1,T78.csv,5,-166,1.0,1.0431042856818897,18.56577345394127
hotpeltier,T206.csv,1,T77.csv,5,0,1.0,0.9770284941677554,20.738342065061698
hotpeltier,T207.csv,1,T56.csv,5,-139,1.0,1.0,
hotpeltier,T208.csv,1,T66.csv,6,59,1.0078380487312364,1.0,20.69110426139805
hotpeltier,T209.csv,1,T52.csv,6,-186,1.0,1.0288346331262868,19.636049587099617
hotpeltier,T210.csv,1,T52.csv,6,143,1.0198555259273407,1.0586539681059461,28.510591406830812
hotpeltier,T211.csv,1,T65.csv,6,-71,1.0,0.9641102983833676,19.16874392967953
hotpeltier,T212.csv,1,T42.csv,6,-161,1.0228485323252545,0.9083761960429106,29.066963496229246
hotpeltier,T213.csv,1,T65.csv,6,-131,0.9896692278208628,0.965982882943629,24.97811138326375
hotpeltier,T214.csv,1,T42.csv,6,62,0.9255189358910011,1.0,29.694383498874608
hotpeltier,T215.csv,1,T16.csv,6,-81,1.0,1.023636692065391,
hotpeltier,T216.csv,1,T66.csv,6,61,1.0436005555361954,0.9618133498190592,23.61931294139543
hotpeltier,T217.csv,1,T7.csv,6,0,1.0944039277830773,0.8903312837410834,22.02340369750123
hotpeltier,T218.csv,1,T108.csv,6,60,0.9354012806997306,0.9171657346953773,
hotpeltier,T219.csv,1,T73.csv,6,34,1.0,1.1068711851818298,
hotpeltier,T220.csv,1,T7.csv,6,0,1.0231355952976893,1.0,
hotpeltier,T221.csv,1,T52.csv,6,-16,1.0180653292075863,1.0537271007161433,29.885804960915838
hotpeltier,T222.csv,1,T41.csv,6,122,1.0,1.1065840171789112,
hotpeltier,T223.csv,1,T107.csv,6,0,1.0,1.0536634661020787,18.17772299445759
hotpeltier,T224.csv,1,T16.csv,6,-155,1.0,0.9889445057612705,
hotpeltier,T225.csv,1,T107.csv,6,136,1.0724782727650726,0.9998239749342827,19.94474848163825
hotpeltier,T226.csv,1,T8.csv,7,-147,1.0,0.9991319501987979,22.362819370653234
hotpeltier,T227.csv,1,T8.csv,7,-170,0.9052935528809929,1.0,29.589766270260554
hotpeltier,T228.csv,1,T36.csv,7,78,1.0058244507330625,1.0,
hotpeltier,T229.csv,1,T36.csv,7,-217,1.0162449100440984,1.1066537662848206,29.476315049859135
hotpeltier,T230.csv,1,T8.csv,7,-126,1.0,1.0,25.437528400025215
hotpeltier,T231.csv,1,T98.csv,7,159,1.0,0.9238829196177137,24.382675732353427
hotpeltier,T232.csv,1,T28.csv,7,-205,1.0,0.9725232442135932,18.97934733576483
hotpeltier,T233.csv,1,T36.csv,7,62,0.9456567973200285,1.0414530627196268,23.74207327978594
hotpeltier,T234.csv,1,T28.csv,7,-51,0.9775621765877971,0.9588458459660791,21.954398052773946
hotpeltier,T235.csv,1,T60.csv,7,-67,1.0016531593966789,0.9789191677224196,
hotpeltier,T236.csv,1,T100.csv,7,0,1.0,1.0,18.11604694464797
hotpeltier,T237.csv,1,T19.csv,7,-87,1.0,1.0,22.120342166922853
hotpeltier,T238.csv,1,T98.csv,7,0,1.0,0.9781143884954011,19.385322457287653
hotpeltier,T239.csv,1,T36.csv,7,-151,0.9278813877302228,0.8806123285601964,18.89204792781074
hotpeltier,T240.csv,1,T60.csv,7,-50,0.9067613941014612,1.0,19.895009408682654
hotpeltier,T241.csv,1,T101.csv,7,-17,1.0,1.0702408586753522,25.83962333592734
hotpeltier,T242.csv,1,T39.csv,7,123,0.9173633707359603,1.0830968671253245,
hotpeltier,T243.csv,1,T49.csv,7,88,1.0,0.9134285374817975,23.261367502946847
hotpeltier,T244.csv,1,T45.csv,8,-121,1.0,1.0363120150001544,22.193935260720913
hotpeltier,T245.csv,1,T99.csv,8,-37,1.0,1.1129692256926766,23.83666497511096
hotpeltier,T246.csv,1,T99.csv,8,75,1.0,1.0285960104713834,23.758005816484335
hotpeltier,T247.csv,1,T26.csv,8,22,1.0,1.0,26.5822773179857
hotpeltier,T248.csv,1,T45.csv,8,0,1.002457000573366,1.0826558418801973,20.523801827103746
hotpeltier,T249.csv,1,T57.csv,8,107,0.9047805078432303,1.0293505702346784,
hotpeltier,T250.csv,1,T26.csv,8,-43,1.0,1.0,18.615097231208978
hotpeltier,T251.csv,1,T99.csv,8,-141,1.0,1.108403024879102,19.57505319516491
hotpeltier,T252.csv,1,T13.csv,8,0,0.9803515089082374,0.9063514281033295,24.1658671621001
hotpeltier,T253.csv,1,T57.csv,8,0,1.042836220463628,1.0,26.308139998201778
hotpeltier,T254.csv,1,T99.csv,8,66,1.0,0.8837028463826959,
hotpeltier,T255.csv,1,T117.csv,8,134,0.9666695466034674,1.0,21.261543153758392
hotpeltier,T256.csv,1,T70.csv,8,28,1.0,0.9609029826505665,22.730015981810723
hotpeltier,T257.csv,1,T70.csv,8,103,1.0,1.0,
hotpeltier,T258.csv,1,T53.csv,8,124,1.0,1.0,19.748917597096096
hotpeltier,T259.csv,1,T26.csv,8,-74,1.0,0.997994223208148,23.766998094451004
hotpeltier,T260.csv,1,T99.csv,8,18,1.0,1.0,28.58584866992835
hotpeltier,T261.csv,1,T117.csv,8,90,1.0183610273572001,1.0,18.59986706076998
hotpeltier,T262.csv,1,T53.csv,8,191,1.0,1.0,26.96721201556054
hotpeltier,T263.csv,1,T2.csv,9,35,1.099967031369126,1.0,23.951798233840908
hotpeltier,T264.csv,1,T67.csv,9,74,0.9130945133092562,1.0123205671802114,18.02083982047671
hotpeltier,T265.csv,1,T112.csv,9,0,1.028245379341723,1.0892787498625236,19.23846793773156
hotpeltier,T266.csv,1,T109.csv,9,7,1.0,0.9205814631464333,21.402192452415754
hotpeltier,T267.csv,1,T2.csv,9,-56,1.0,0.9314898078429994,
hotpeltier,T268.csv,1,T109.csv,9,-23,1.0,1.0,
hotpeltier,T269.csv,1,T1.csv,9,-60,1.0900007352037093,0.9580526018645658,
hotpeltier,T270.csv,1,T75.csv,9,45,1.068566432748846,1.0,22.847960484336983
hotpeltier,T271.csv,1,T94.csv,9,-44,0.9644707536179169,1.0,22.553040298525673
hotpeltier,T272.csv,1,T79.csv,9,149,1.0527456136121587,0.9019625561293071,22.553491374256176
hotpeltier,T273.csv,1,T112.csv,9,36,0.989200877735804,1.0,28.764053257712714
hotpeltier,T274.csv,1,T75.csv,9,64,1.0,0.9477918755536224,28.648042317529995
hotpeltier,T275.csv,1,T2.csv,9,-13,0.922846095206797,1.0731184808733039,
hotpeltier,T276.csv,1,T94.csv,9,-95,1.0,1.0447702060637671,
hotpeltier,T277.csv,1,T112.csv,9,-102,1.0,1.099923095144712,19.835422310503958
hotpeltier,T278.csv,1,T75.csv,9,32,0.9853961044194337,1.0,
hotpeltier,T279.csv,1,T1.csv,9,77,1.0,0.9794074933102684,25.018860095407515
hotpeltier,T280.csv,1,T79.csv,9,154,1.0,1.0,23.670755255901327
hotpeltier,T281.csv,1,T92.csv,9,65,1.0,1.0,
hotpeltier,T282.csv,1,T10.csv,10,-1,0.9833685420025962,1.005263878373375,
hotpeltier,T283.csv,1,T64.csv,10,139,0.9584943248231567,0.8983645564037084,
hotpeltier,T284.csv,1,T59.csv,10,0,1.077099382255254,1.0211765576419936,19.834738418998718
hotpeltier,T285.csv,1,T113.csv,10,-143,0.9524459319057408,1.1167615929691943,24.243254896162775
hotpeltier,T286.csv,1,T82.csv,10,115,1.0,1.0,20.705870382895945
hotpeltier,T287.csv,1,T12.csv,10,-53,1.0179477540615451,1.117481885652057,
hotpeltier,T288.csv,1,T64.csv,10,-214,1.0160261155209471,1.0736285627842361,20.109407921956358
hotpeltier,T289.csv,1,T12.csv,10,-18,1.0,1.0,
hotpeltier,T290.csv,1,T85.csv,10,0,0.9251806745556802,1.107482529304929,
hotpeltier,T291.csv,1,T113.csv,10,-114,1.0,1.0981157472104215,24.558148955744905
hotpeltier,T292.csv,1,T44.csv,10,-101,1.0561621519177125,0.8918539263127336,
hotpeltier,T293.csv,1,T111.csv,10,120,1.005752009413978,1.0,19.743171501812398
hotpeltier,T294.csv,1,T85.csv,10,66,0.9057654975387636,0.8983976097588183,
hotpeltier,T295.csv,1,T82.csv,10,-112,0.953396005302023,1.0,29.654047477451403
hotpeltier,T296.csv,1,T82.csv,10,98,1.0,0.9423849614873333,
hotpeltier,T297.csv,1,T64.csv,10,109,0.9199565994303992,1.0191840857469012,24.227448544559763
hotpeltier,T298.csv,1,T111.csv,10,0,1.0,1.0457603419556696,18.15515028146931
hotpeltier,T299.csv,1,T44.csv,10,-125,0.977285876466531,1.0,
hotpeltier,T300.csv,1,T59.csv,10,6,0.9431132413124137,1.0219569846756962,
peltier,T1.csv,0,,7,,,,
peltier,T2.csv,0,,4,,,,
peltier,T3.csv,0,,1,,,,
peltier,T4.csv,0,,4,,,,
peltier,T5.csv,0,,5,,,,
peltier,T6.csv,0,,6,,,,
peltier,T7.csv,0,,9,,,,
peltier,T8.csv,0,,6,,,,
peltier,T9.csv,0,,3,,,,
peltier,T10.csv,0,,4,,,,
peltier,T11.csv,0,,7,,,,
peltier,T12.csv,0,,3,,,,
peltier,T13.csv,0,,7,,,,
peltier,T14.csv,0,,3,,,,
peltier,T15.csv,0,,4,,,,
peltier,T16.csv,0,,7,,,,
peltier,T17.csv,0,,7,,,,
peltier,T18.csv,0,,4,,,,
peltier,T19.csv,0,,3,,,,
peltier,T20.csv,0,,10,,,,
peltier,T21.csv,0,,5,,,,
peltier,T22.csv,0,,1,,,,
peltier,T23.csv,0,,8,,,,
peltier,T24.csv,0,,10,,,,
peltier,T25.csv,0,,5,,,,
peltier,T26.csv,0,,8,,,,
peltier,T27.csv,0,,6,,,,
peltier,T28.csv,0,,2,,,,
peltier,T29.csv,0,,6,,,,
peltier,T30.csv,0,,9,,,,
peltier,T31.csv,0,,6,,,,
peltier,T32.csv,0,,9,,,,
peltier,T33.csv,0,,3,,,,
peltier,T34.csv,0,,9,,,,
peltier,T35.csv,0,,1,,,,
peltier,T36.csv,0,,7,,,,
peltier,T37.csv,0,,9,,,,
peltier,T38.csv,0,,6,,,,
peltier,T39.csv,0,,4,,,,
peltier,T40.csv,0,,2,,,,
peltier,T41.csv,0,,8,,,,
peltier,T42.csv,0,,10,,,,
peltier,T43.csv,0,,5,,,,
peltier,T44.csv,0,,9,,,,
peltier,T45.csv,0,,8,,,,
peltier,T46.csv,0,,4,,,,
peltier,T47.csv,0,,1,,,,
peltier,T48.csv,0,,10,,,,
peltier,T49.csv,0,,6,,,,
peltier,T50.csv,0,,6,,,,
peltier,T51.csv,0,,3,,,,
peltier,T52.csv,0,,7,,,,
peltier,T53.csv,0,,3,,,,
peltier,T54.csv,0,,1,,,,
peltier,T55.csv,0,,2,,,,
peltier,T56.csv,0,,5,,,,
peltier,T57.csv,0,,7,,,,
peltier,T58.csv,0,,5,,,,
peltier,T59.csv,0,,8,,,,
peltier,T60.csv,0,,8,,,,
peltier,T61.csv,0,,5,,,,
peltier,T62.csv,0,,1,,,,
peltier,T63.csv,0,,10,,,,
peltier,T64.csv,0,,2,,,,
peltier,T65.csv,0,,5,,,,
peltier,T66.csv,0,,2,,,,
peltier,T67.csv,0,,9,,,,
peltier,T68.csv,0,,4,,,,
peltier,T69.csv,0,,8,,,,
peltier,T70.csv,0,,10,,,,
peltier,T71.csv,0,,9,,,,
peltier,T72.csv,0,,9,,,,
peltier,T73.csv,0,,1,,,,
peltier,T74.csv,0,,8,,,,
peltier,T75.csv,0,,5,,,,
peltier,T76.csv,0,,7,,,,
peltier,T77.csv,0,,6,,,,
peltier,T78.csv,0,,1,,,,
peltier,T79.csv,0,,3,,,,
peltier,T80.csv,0,,6,,,,
peltier,T81.csv,0,,1,,,,
peltier,T82.csv,0,,4,,,,
peltier,T83.csv,0,,3,,,,
peltier,T84.csv,0,,10,,,,
peltier,T85.csv,0,,7,,,,
peltier,T86.csv,0,,8,,,,
peltier,T87.csv,0,,5,,,,
peltier,T88.csv,0,,5,,,,
peltier,T89.csv,0,,2,,,,
peltier,T90.csv,0,,10,,,,
peltier,T91.csv,0,,1,,,,
peltier,T92.csv,0,,4,,,,
peltier,T93.csv,0,,3,,,,
peltier,T94.csv,0,,5,,,,
peltier,T95.csv,0,,2,,,,
peltier,T96.csv,0,,8,,,,
peltier,T97.csv,0,,7,,,,
peltier,T98.csv,0,,3,,,,
peltier,T99.csv,0,,2,,,,
peltier,T100.csv,0,,9,,,,
peltier,T101.csv,0,,8,,,,
peltier,T102.csv,0,,2,,,,
peltier,T103.csv,0,,4,,,,
peltier,T104.csv,0,,9,,,,
peltier,T105.csv,0,,1,,,,
peltier,T106.csv,0,,3,,,,
peltier,T107.csv,0,,2,,,,
peltier,T108.csv,0,,2,,,,
peltier,T109.csv,0,,10,,,,
peltier,T110.csv,0,,6,,,,
peltier,T111.csv,0,,1,,,,
peltier,T112.csv,0,,6,,,,
peltier,T113.csv,0,,10,,,,
peltier,T114.csv,0,,4,,,,
peltier,T115.csv,0,,10,,,,
peltier,T116.csv,0,,2,,,,
peltier,T117.csv,1,T47.csv,1,182,0.939525351380285,1.1170565924423947,22.34537469394706
peltier,T118.csv,1,T22.csv,1,0,1.0218933474067322,1.0,24.876089117392024
peltier,T119.csv,1,T54.csv,1,-22,0.9786581974809924,1.103887227203826,24.195586784333813
peltier,T120.csv,1,T78.csv,1,0,1.017040118868434,1.0,
peltier,T121.csv,1,T47.csv,1,-182,0.9103478665881973,1.0982731310432226,24.195884327793628
peltier,T122.csv,1,T78.csv,1,9,0.9711388564416503,0.9142536389725738,26.788648397820797
peltier,T123.csv,1,T91.csv,1,0,1.0,0.8817692750938801,23.951464622926935
peltier,T124.csv,1,T91.csv,1,169,0.9715845904655329,0.9668339094120045,20.3711226208156
peltier,T125.csv,1,T105.csv,1,-196,0.9834651335962713,1.0,22.550423540798104
peltier,T126.csv,1,T73.csv,1,-81,1.0,0.9376186797502296,26.1078057339271
peltier,T127.csv,1,T62.csv,1,0,1.0,0.9758196420003991,
peltier,T128.csv,1,T3.csv,1,0,1.0,1.0,29.717801332137725
peltier,T129.csv,1,T78.csv,1,19,1.0,0.8844252915844956,
peltier,T130.csv,1,T62.csv,1,-37,0.9728998855871239,1.119580162586198,19.14850208837885
peltier,T131.csv,1,T35.csv,1,-139,1.0,0.9158885151358223,29.13803898895934
peltier,T132.csv,1,T78.csv,1,1,1.0000525496946804,1.0638242212110176,
peltier,T133.csv,1,T47.csv,1,90,1.061825143896146,0.9649249773559738,
peltier,T134.csv,1,T62.csv,1,-153,1.0,1.0,25.187997220862623
peltier,T135.csv,1,T66.csv,2,85,1.0632014728186947,1.067927605097173,18.876374186668432
peltier,T136.csv,1,T89.csv,2,-86,1.0,1.1154523978208664,28.380076717884513
peltier,T137.csv,1,T66.csv,2,109,0.9416339208520235,1.0,22.539081106691526
peltier,T138.csv,1,T107.csv,2,154,0.9192191198488322,1.0,26.407418638488178
peltier,T139.csv,1,T116.csv,2,76,1.0,1.0934665417053842,
peltier,T140.csv,1,T66.csv,2,114,1.0,0.9586608435131795,
peltier,T141.csv,1,T102.csv,2,0,1.0,1.0423471046530652,28.528083214162486
peltier,T142.csv,1,T28.csv,2,-4,0.9354538433398891,1.0,29.55924951272329
peltier,T143.csv,1,T102.csv,2,46,1.0,1.0208285626092413,
peltier,T144.csv,1,T64.csv,2,-6,0.9290998878558234,0.9428022301688763,
peltier,T145.csv,1,T40.csv,2,140,1.0,0.9557392036612409,19.21943942243047
peltier,T146.csv,1,T64.csv,2,13,1.0,1.062065992360068,22.077129521020993
peltier,T147.csv,1,T116.csv,2,169,1.0828295203339924,1.077227185934821,20.353116550239587
peltier,T148.csv,1,T95.csv,2,0,0.9296245824900502,1.0,24.331935274655336
peltier,T149.csv,1,T99.csv,2,41,0.9497566708253117,1.0,18.93021780247158
peltier,T150.csv,1,T102.csv,2,-159,1.0922284926584649,1.1020026096797595,27.295415104357375
peltier,T151.csv,1,T64.csv,2,0,1.0402570310225252,0.9038014835342282,25.829136452370278
peltier,T152.csv,1,T116.csv,2,139,0.9031191177325721,1.0670481945738846,22.932454511444064
peltier,T153.csv,1,T79.csv,3,0,1.0,1.0,25.437985529047843
peltier,T154.csv,1,T98.csv,3,64,0.9735682202420023,0.9581851545954342,
peltier,T155.csv,1,T106.csv,3,-6,1.049998228508102,1.0586854103965921,
peltier,T156.csv,1,T79.csv,3,133,1.0,0.8919001615059183,27.50778009621652
peltier,T157.csv,1,T79.csv,3,23,0.9716534749447605,1.092760676098797,
peltier,T158.csv,1,T9.csv,3,32,1.0,1.0856575095495191,24.797162956661232
peltier,T159.csv,1,T12.csv,3,-109,1.0,1.0,
peltier,T160.csv,1,T33.csv,3,105,1.0,0.9683452816506355,25.11563904216613
peltier,T161.csv,1,T19.csv,3,103,1.0765154311645118,1.004535872748426,
peltier,T162.csv,1,T53.csv,3,64,1.0563088550456998,1.1105762244552413,21.821003297494578
peltier,T163.csv,1,T106.csv,3,146,1.0,1.091180957634979,
peltier,T164.csv,1,T19.csv,3,0,1.0047237362933201,1.0,22.640534169759686
peltier,T165.csv,1,T33.csv,3,-90,1.0939714839637882,1.0098280934033708,
peltier,T166.csv,1,T98.csv,3,-113,1.0366955109085938,1.0,
peltier,T167.csv,1,T93.csv,3,-101,1.0,1.0972776407938176,28.0318965402697
peltier,T168.csv,1,T51.csv,3,-41,1.0,1.108624596578223,
peltier,T169.csv,1,T79.csv,3,-125,1.0,1.0,
peltier,T170.csv,1,T83.csv,3,61,0.9422614999075533,1.0307377911821272,20.222474563409605
peltier,T171.csv,1,T82.csv,4,0,1.0,1.0356815799286747,20.335234979553107
peltier,T172.csv,1,T39.csv,4,-68,1.0,1.0495885134983458,24.520715422658245
peltier,T173.csv,1,T46.csv,4,0,1.0,1.0,27.092947746135238
peltier,T174.csv,1,T114.csv,4,162,1.0,1.051417733370771,19.128893442023283
peltier,T175.csv,1,T82.csv,4,-89,1.0925416470307714,1.1134943082207556,19.48485594985423
peltier,T176.csv,1,T39.csv,4,0,0.9114556435143686,0.8881678353268949,
peltier,T177.csv,1,T39.csv,4,178,1.0423127790839621,1.0,
peltier,T178.csv,1,T114.csv,4,-44,0.9272325599824148,1.0,
peltier,T179.csv,1,T68.csv,4,-174,1.0047423000019058,0.9766319780275082,23.255838005098607
peltier,T180.csv,1,T18.csv,4,208,1.0716595763376717,1.0,24.882736158170697
peltier,T181.csv,1,T18.csv,4,-72,1.0516456241467722,0.9640107841927745,23.944683290560864
peltier,T182.csv,1,T18.csv,4,61,1.078066903786177,1.0,
peltier,T183.csv,1,T15.csv,4,-174,1.0,0.9998544293382703,26.21153690350585
peltier,T184.csv,1,T4.csv,4,-105,0.9420924581235577,1.0674763230963793,26.98646903366864
peltier,T185.csv,1,T114.csv,4,78,1.0730169291782896,1.0,27.538551516457172
peltier,T186.csv,1,T15.csv,4,0,0.9075261997079421,1.0875368288324192,
peltier,T187.csv,1,T39.csv,4,0,1.0,0.9906195752856789,
peltier,T188.csv,1,T4.csv,4,-64,1.0,1.0896439480471496,21.5267759172988
peltier,T189.csv,1,T94.csv,5,42,1.0364513258635546,1.0,26.011267107454778
peltier,T190.csv,1,T75.csv,5,-167,0.9742444837123746,0.9465956973861435,24.933137574333315
peltier,T191.csv,1,T94.csv,5,15,1.0,0.927952996235878,
peltier,T192.csv,1,T25.csv,5,6,0.9642305913004927,1.0,
peltier,T193.csv,1,T43.csv,5,-73,1.0114198516647093,1.0,27.714252725151333
peltier,T194.csv,1,T43.csv,5,0,0.9099842568245775,0.9828580674405462,26.080971609784115
peltier,T195.csv,1,T94.csv,5,-187,1.04089049127646,0.9774195193776556,
peltier,T196.csv,1,T65.csv,5,0,1.09903766975126,1.100905942976637,29.066302706425777
peltier,T197.csv,1,T56.csv,5,-80,1.0,1.0,
peltier,T198.csv,1,T94.csv,5,0,0.9223575042365506,1.013215934819624,18.06699159780225
peltier,T199.csv,1,T87.csv,5,-186,0.9370349745441793,0.9870280609220561,
peltier,T200.csv,1,T75.csv,5,191,1.0035357423925713,0.9231436378725623,25.26150216775155
peltier,T201.csv,1,T87.csv,5,193,1.0,0.9316673966113517,28.070275941938537
peltier,T202.csv,1,T56.csv,5,88,0.9889786112189874,1.0659081647481925,29.64428197589757
peltier,T203.csv,1,T21.csv,5,121,1.0,1.0947567220555552,26.180120726013588
peltier,T204.csv,1,T43.csv,5,30,1.0,0.9787500741798615,23.99480810013925
peltier,T205.csv,1,T56.csv,5,-167,0.9266514077699884,1.0467738350669822,27.360924353659684
peltier,T206.csv,1,T43.csv,5,-159,0.9687664642997927,1.0,29.30147848876809
peltier,T207.csv,1,T38.csv,6,-62,0.9053820393314828,1.0,
peltier,T208.csv,1,T27.csv,6,0,0.9106528352353968,1.0752230368592306,18.878801659330236
peltier,T209.csv,1,T31.csv,6,44,1.0,1.0,25.395278887353392
peltier,T210.csv,1,T6.csv,6,48,1.018849386383051,1.0852008592136992,23.86893776642055
peltier,T211.csv,1,T112.csv,6,-100,0.9080129975898524,0.9100693559550115,19.597315264643324
peltier,T212.csv,1,T77.csv,6,-77,0.9905624283175033,1.0782249253267895,23.92853751093602
peltier,T213.csv,1,T27.csv,6,-51,0.9076680513027062,0.9543558682177176,
peltier,T214.csv,1,T31.csv,6,125,1.0,0.9147675525946699,
peltier,T215.csv,1,T6.csv,6,32,1.0,1.0675546774307016,
peltier,T216.csv,1,T6.csv,6,176,1.0,1.0647209820786243,
peltier,T217.csv,1,T77.csv,6,-23,1.0,0.9588771867221039,19.279653458080055
peltier,T218.csv,1,T31.csv,6,0,1.0,0.9226581976040982,
peltier,T219.csv,1,T112.csv,6,0,1.0,1.0,28.710633974084086
peltier,T220.csv,1,T27.csv,6,-45,1.040832282438184,1.0639691262197406,29.647991699040205
peltier,T221.csv,1,T110.csv,6,4,1.096659348403911,1.0,19.928265577069567
peltier,T222.csv,1,T50.csv,6,131,0.9435942539705748,1.0,21.532597855266957
peltier,T223.csv,1,T8.csv,6,-20,0.9253050096451599,1.097302195481598,29.614471841712433
peltier,T224.csv,1,T6.csv,6,38,1.0289455168215198,0.9975656072124877,22.26643295059883
peltier,T225.csv,1,T85.csv,7,48,1.0577183312697949,1.0,
peltier,T226.csv,1,T17.csv,7,-81,1.0,0.979943032874712,28.78280233247098
peltier,T227.csv,1,T57.csv,7,57,1.0953243803490342,1.068163017962872,
peltier,T228.csv,1,T57.csv,7,-142,1.0671076909206858,1.0196899834659,20.004713511094156
peltier,T229.csv,1,T57.csv,7,-104,0.9709565786709464,1.0,
peltier,T230.csv,1,T36.csv,7,0,0.9977965243926205,1.0011726922811635,28.195707358756597
peltier,T231.csv,1,T13.csv,7,-133,0.9079244723466686,1.0,
peltier,T232.csv,1,T1.csv,7,76,0.9609860997894962,0.9646617483991502,
peltier,T233.csv,1,T17.csv,7,126,1.0,0.9654020292893615,24.111956019428032
peltier,T234.csv,1,T57.csv,7,-42,0.9811837921688027,0.9362569826531072,
peltier,T235.csv,1,T11.csv,7,-122,0.9982220024644912,0.9738862654907987,22.696891339450602
peltier,T236.csv,1,T11.csv,7,85,1.0,0.9114141408067093,20.185028284555358
peltier,T237.csv,1,T52.csv,7,72,1.0524124871778224,1.008996195296932,
peltier,T238.csv,1,T57.csv,7,-153,0.9422252434008226,1.0508912512354671,21.978403980291294
peltier,T239.csv,1,T11.csv,7,-163,0.9097760542104336,0.9899353683733251,24.530972818238435
peltier,T240.csv,1,T85.csv,7,2,1.0,1.0611757575404372,
peltier,T241.csv,1,T97.csv,7,197,0.9992957277790769,1.012097527790227,23.71741515511247
peltier,T242.csv,1,T97.csv,7,105,1.0,1.0866432255384848,
peltier,T243.csv,1,T1.csv,7,-76,0.9943479994875305,0.9073610342787066,27.788619934881957
peltier,T244.csv,1,T41.csv,8,0,0.9456061492516717,1.0,
peltier,T245.csv,1,T41.csv,8,0,1.097111137495338,1.0,26.25648909472222
peltier,T246.csv,1,T96.csv,8,73,0.9183028722828084,0.9609996253956037,22.109912712049642
peltier,T247.csv,1,T59.csv,8,149,0.9537998762746561,1.0279079548214198,26.920816555511518
peltier,T248.csv,1,T26.csv,8,0,1.0,0.909500154281585,18.16664634317721
peltier,T249.csv,1,T45.csv,8,-88,1.0,0.9937611206227306,25.542356502491415
peltier,T250.csv,1,T26.csv,8,0,1.0,1.0,24.785175527399108
peltier,T251.csv,1,T86.csv,8,0,1.0,1.0,
peltier,T252.csv,1,T69.csv,8,-77,0.9108847591753744,0.9718094889667221,24.58160648719906
peltier,T253.csv,1,T96.csv,8,0,1.0,1.0456486969026282,24.155543072031488
peltier,T254.csv,1,T96.csv,8,0,0.96358688486342,1.0,28.157352623099065
peltier,T255.csv,1,T96.csv,8,-22,1.059837398126948,1.037583391226348,25.234973063114133
peltier,T256.csv,1,T45.csv,8,-31,1.0403640548785282,1.0,
peltier,T257.csv,1,T86.csv,8,193,1.0286411363584567,1.0729234321695016,18.01215633747857
peltier,T258.csv,1,T69.csv,8,-110,0.9082442017363213,1.084837108112895,18.203844792943862
peltier,T259.csv,1,T74.csv,8,-96,0.991602167538985,1.1004370013901847,18.21662288247525
peltier,T260.csv,1,T74.csv,8,159,0.9336997075453088,1.0,25.789327858504517
peltier,T261.csv,1,T59.csv,8,-78,0.9437552271997731,1.0,28.566006214810734
peltier,T262.csv,1,T96.csv,8,74,1.0,1.0,29.685008391022997
peltier,T263.csv,1,T67.csv,9,0,1.0,1.0836223200507804,25.604255289153976
peltier,T264.csv,1,T37.csv,9,0,1.0582658741595266,1.027978627253174,22.011495173092868
peltier,T265.csv,1,T100.csv,9,0,1.0,1.0723481981331529,20.25813996420446
peltier,T266.csv,1,T100.csv,9,110,1.0672092313077244,1.0,24.811792032920298
peltier,T267.csv,1,T7.csv,9,64,1.0779410510037972,1.0,19.16738452256913
peltier,T268.csv,1,T100.csv,9,-156,0.9412948144948683,1.0208873968768932,26.804963567409327
peltier,T269.csv,1,T30.csv,9,0,1.091144952391296,1.0658228806779027,
peltier,T270.csv,1,T34.csv,9,-7,1.0186873760282933,1.0,22.005420146470033
peltier,T271.csv,1,T104.csv,9,0,1.0,0.9653729943662562,
peltier,T272.csv,1,T34.csv,9,0,0.9208903001755696,1.0588651409369163,
peltier,T273.csv,1,T37.csv,9,-168,1.0292128513270515,1.0,26.572106535095887
peltier,T274.csv,1,T104.csv,9,-113,1.0911575016412753,1.0542561867348088,
peltier,T275.csv,1,T30.csv,9,0,0.9210208334397002,1.0,
peltier,T276.csv,1,T32.csv,9,-132,1.0339394506431185,1.0,
peltier,T277.csv,1,T34.csv,9,116,0.967601455232325,1.0,21.548952202676176
peltier,T278.csv,1,T32.csv,9,110,0.9116280356900047,1.0,
peltier,T279.csv,1,T72.csv,9,181,1.075100032190456,1.0895712973161928,22.758839266500352
peltier,T280.csv,1,T30.csv,9,-42,1.0364426258314392,0.90036896780424,27.663700523941202
peltier,T281.csv,1,T32.csv,9,0,1.0,0.9047617570294051,22.78006442170969
peltier,T282.csv,1,T20.csv,10,-161,1.0284679718291094,1.0,
peltier,T283.csv,1,T84.csv,10,-43,1.0,1.0,18.064485591065058
peltier,T284.csv,1,T90.csv,10,-109,1.0,0.9302032153008443,21.726217216495673
peltier,T285.csv,1,T113.csv,10,136,1.0,1.0058144967380729,
peltier,T286.csv,1,T90.csv,10,-110,1.0,0.9050463403963778,
peltier,T287.csv,1,T63.csv,10,-73,0.9610514664840497,1.0,18.88427918119173
peltier,T288.csv,1,T20.csv,10,-177,1.0,1.1099091178160678,29.47562190895753
peltier,T289.csv,1,T48.csv,10,51,1.0,1.1036470932542188,19.423485657558647
peltier,T290.csv,1,T63.csv,10,-40,1.0,0.9937622693321395,26.53199326200281
peltier,T291.csv,1,T63.csv,10,-206,0.9646899594263367,0.9689595694140479,20.543645996964013
peltier,T292.csv,1,T90.csv,10,-159,1.0303751981643945,1.0,
peltier,T293.csv,1,T24.csv,10,0,1.068707926162592,1.107224646584753,20.845900803272684
peltier,T294.csv,1,T115.csv,10,70,0.9097283230132369,1.0746213725149498,29.069587307796684
peltier,T295.csv,1,T48.csv,10,118,1.0,1.0,
peltier,T296.csv,1,T63.csv,10,79,1.0,1.0,21.053159743551223
peltier,T297.csv,1,T115.csv,10,-201,1.036690036874272,0.9676470555927321,
peltier,T298.csv,1,T113.csv,10,134,0.9035976176393755,1.0,26.546322807525844
peltier,T299.csv,1,T115.csv,10,0,1.0,1.0,
peltier,T300.csv,1,T48.csv,10,-28,0.9636371912101543,1.0978266575691067,
pen,T1.csv,0,,10,,,,
pen,T2.csv,0,,4,,,,
pen,T3.csv,0,,9,,,,
pen,T4.csv,0,,1,,,,
pen,T5.csv,0,,6,,,,
pen,T6.csv,0,,7,,,,
pen,T7.csv,0,,3,,,,
pen,T8.csv,0,,9,,,,
pen,T9.csv,0,,5,,,,
pen,T10.csv,0,,6,,,,
pen,T11.csv,0,,1,,,,
pen,T12.csv,0,,2,,,,
pen,T13.csv,0,,10,,,,
pen,T14.csv,0,,8,,,,
pen,T15.csv,0,,1,,,,
pen,T16.csv,0,,2,,,,
pen,T17.csv,0,,3,,,,
pen,T18.csv,0,,5,,,,
pen,T19.csv,0,,5,,,,
pen,T20.csv,0,,8,,,,
pen,T21.csv,0,,6,,,,
pen,T22.csv,0,,4,,,,
pen,T23.csv,0,,10,,,,
pen,T24.csv,0,,1,,,,
pen,T25.csv,0,,1,,,,
pen,T26.csv,0,,10,,,,
pen,T27.csv,0,,9,,,,
pen,T28.csv,0,,9,,,,
pen,T29.csv,0,,10,,,,
pen,T30.csv,0,,3,,,,
pen,T31.csv,0,,8,,,,
pen,T32.csv,0,,6,,,,
pen,T33.csv,0,,5,,,,
pen,T34.csv,0,,6,,,,
pen,T35.csv,0,,7,,,,
pen,T36.csv,0,,6,,,,
pen,T37.csv,0,,3,,,,
pen,T38.csv,0,,5,,,,
pen,T39.csv,0,,5,,,,
pen,T40.csv,0,,8,,,,
pen,T41.csv,0,,1,,,,
pen,T42.csv,0,,2,,,,
pen,T43.csv,0,,8,,,,
pen,T44.csv,0,,2,,,,
pen,T45.csv,0,,4,,,,
pen,T46.csv,0,,2,,,,
pen,T47.csv,0,,9,,,,
pen,T48.csv,0,,10,,,,
pen,T49.csv,0,,4,,,,
pen,T50.csv,0,,2,,,,
pen,T51.csv,0,,2,,,,
pen,T52.csv,0,,6,,,,
pen,T53.csv,0,,8,,,,
pen,T54.csv,0,,1,,,,
pen,T55.csv,0,,10,,,,
pen,T56.csv,0,,3,,,,
pen,T57.csv,0,,8,,,,
pen,T58.csv,0,,7,,,,
pen,T59.csv,0,,8,,,,
pen,T60.csv,0,,7,,,,
pen,T61.csv,0,,4,,,,
pen,T62.csv,0,,6,,,,
pen,T63.csv,0,,2,,,,
pen,T64.csv,0,,1,,,,
pen,T65.csv,0,,10,,,,
pen,T66.csv,0,,9,,,,
pen,T67.csv,0,,7,,,,
pen,T68.csv,0,,3,,,,
pen,T69.csv,0,,6,,,,
pen,T70.csv,0,,10,,,,
pen,T71.csv,0,,3,,,,
pen,T72.csv,0,,7,,,,
pen,T73.csv,0,,5,,,,
pen,T74.csv,0,,7,,,,
pen,T75.csv,0,,3,,,,
pen,T76.csv,0,,4,,,,
pen,T77.csv,0,,1,,,,
pen,T78.csv,0,,6,,,,
pen,T79.csv,0,,10,,,,
pen,T80.csv,0,,2,,,,
pen,T81.csv,0,,1,,,,
pen,T82.csv,0,,7,,,,
pen,T83.csv,0,,4,,,,
pen,T84.csv,0,,1,,,,
pen,T85.csv,0,,6,,,,
pen,T86.csv,0,,4,,,,
pen,T87.csv,0,,2,,,,
pen,T88.csv,0,,8,,,,
pen,T89.csv,0,,3,,,,
pen,T90.csv,0,,2,,,,
pen,T91.csv,0,,9,,,,
pen,T92.csv,0,,1,,,,
pen,T93.csv,0,,5,,,,
pen,T94.csv,0,,2,,,,
pen,T95.csv,0,,3,,,,
pen,T96.csv,0,,8,,,,
pen,T97.csv,0,,5,,,,
pen,T98.csv,0,,7,,,,
pen,T99.csv,0,,9,,,,
pen,T100.csv,0,,4,,,,
pen,T101.csv,0,,4,,,,
pen,T102.csv,0,,4,,,,
pen,T103.csv,0,,5,,,,
pen,T104.csv,0,,1,,,,
pen,T105.csv,0,,10,,,,
pen,T106.csv,0,,7,,,,
pen,T107.csv,0,,8,,,,
pen,T108.csv,0,,6,,,,
pen,T109.csv,0,,10,,,,
pen,T110.csv,0,,4,,,,
pen,T111.csv,0,,5,,,,
pen,T112.csv,0,,4,,,,
pen,T113.csv,0,,7,,,,
pen,T114.csv,0,,5,,,,
pen,T115.csv,0,,3,,,,
pen,T116.csv,0,,9,,,,
pen,T117.csv,0,,6,,,,
pen,T118.csv,0,,8,,,,
pen,T119.csv,0,,9,,,,
pen,T120.csv,0,,5,,,,
pen,T121.csv,0,,2,,,,
pen,T122.csv,0,,9,,,,
pen,T123.csv,0,,7,,,,
pen,T124.csv,0,,9,,,,
pen,T125.csv,0,,3,,,,
pen,T126.csv,0,,8,,,,
pen,T127.csv,0,,3,,,,
pen,T128.csv,0,,7,,,,
pen,T129.csv,1,T54.csv,1,22,1.0440349165812504,1.1164246535296503,
pen,T130.csv,1,T11.csv,1,0,1.0,0.9658034100415556,
pen,T131.csv,1,T77.csv,1,52,1.0,1.0,21.763989339731374
pen,T132.csv,1,T24.csv,1,126,1.0,1.0654996354204789,18.29196288627157
pen,T133.csv,1,T84.csv,1,64,1.0394546791760146,0.9147219604682941,27.128330444145842
pen,T134.csv,1,T15.csv,1,0,1.04015628687512,0.9096675754764142,29.609417182999888
pen,T135.csv,1,T25.csv,1,0,0.9263146122294773,1.010307739567099,22.545190110962793
pen,T136.csv,1,T15.csv,1,0,1.0,1.0809506565776612,20.04817917694603
pen,T137.csv,1,T11.csv,1,-156,1.0,1.0682394332386276,19.26833644282715
pen,T138.csv,1,T4.csv,1,54,1.061941882388684,0.9632652834182089,23.746186945015147
pen,T139.csv,1,T15.csv,1,-77,1.0,0.963685672115148,24.396323721873113
pen,T140.csv,1,T104.csv,1,-123,1.0740130390725176,0.9462015574606094,18.09958935435864
pen,T141.csv,1,T25.csv,1,-60,0.9463551680409543,0.9832794610852987,18.579172549998038
pen,T142.csv,1,T81.csv,1,8,1.034276904812462,0.9423930746890823,24.357749073193833
pen,T143.csv,1,T92.csv,1,0,1.0,1.1186730824706699,
pen,T144.csv,1,T81.csv,1,-96,1.097824263667613,1.1014428027218435,
pen,T145.csv,1,T25.csv,1,-137,1.0,0.8953188795941858,23.25778887812391
pen,T146.csv,1,T63.csv,2,120,1.0979747144842087,1.076906342641573,28.353522864649122
pen,T147.csv,1,T16.csv,2,109,1.0,1.0171259454082797,27.741550858757837
pen,T148.csv,1,T63.csv,2,-90,0.9667242196623606,1.0,21.069024800475663
pen,T149.csv,1,T94.csv,2,0,1.0116385127779204,1.0,29.50903440085773
pen,T150.csv,1,T46.csv,2,11,1.0385409286109502,1.0155024632714027,
pen,T151.csv,1,T94.csv,2,0,1.0,1.0,
pen,T152.csv,1,T51.csv,2,-69,0.9741164482708298,0.8970464592188614,27.166244434156113
pen,T153.csv,1,T46.csv,2,136,1.026883377029853,1.0,18.055213837277208
pen,T154.csv,1,T80.csv,2,-96,1.0627320032894851,1.0,
pen,T155.csv,1,T80.csv,2,0,1.0,0.9266205769109779,24.175755545165956
pen,T156.csv,1,T63.csv,2,-70,1.0,1.0,21.927611154651395
pen,T157.csv,1,T63.csv,2,16,1.083873380157099,1.0,19.640958783870268
pen,T158.csv,1,T16.csv,2,112,1.0,0.880682700797357,25.738541155216076
pen,T159.csv,1,T87.csv,2,84,1.076596816945162,1.0147280553540707,22.498087038596854
pen,T160.csv,1,T12.csv,2,0,0.9934417702317923,1.0358055100003212,19.61529359306111
pen,T161.csv,1,T51.csv,2,-197,1.0422886221613195,0.9779376658944168,20.365808542881975
pen,T162.csv,1,T94.csv,2,135,1.0015635225579502,1.0445199969401258,26.901320778322553
pen,T163.csv,1,T68.csv,3,96,1.0,1.0446179589529634,20.115046287526546
pen,T164.csv,1,T95.csv,3,-59,1.0,1.0694418626420394,18.3432191899423
pen,T165.csv,1,T56.csv,3,96,1.0,0.9306657807750056,
pen,T166.csv,1,T7.csv,3,-173,0.9076092007163528,0.903770170387957,18.39552640329656
pen,T167.csv,1,T17.csv,3,-147,1.0,1.0,28.42723986204107
pen,T168.csv,1,T37.csv,3,12,1.0223287982741416,1.0997245905393527,
pen,T169.csv,1,T115.csv,3,26,0.9058555905293282,1.0,21.79050497152338
pen,T170.csv,1,T95.csv,3,20,1.0637008446850764,1.0,19.957268935830378
pen,T171.csv,1,T95.csv,3,0,1.0106588912676826,1.0454225505048629,28.230834824315675
pen,T172.csv,1,T7.csv,3,-187,1.0551250143097106,0.969639532707397,
pen,T173.csv,1,T127.csv,3,82,1.0859646139371162,1.0,22.960548339833437
pen,T174.csv,1,T115.csv,3,-123,1.0,1.0105722436478428,20.827365815958476
pen,T175.csv,1,T56.csv,3,157,1.0305682123043518,1.0761822735880215,23.06492930493181
pen,T176.csv,1,T95.csv,3,0,1.0,1.0,
pen,T177.csv,1,T7.csv,3,-150,1.0837551894520423,0.9596880079254685,25.911605673946337
pen,T178.csv,1,T127.csv,3,-5,0.9740137756312618,1.0,
pen,T179.csv,1,T127.csv,3,98,1.0,1.0,22.596748240161258
pen,T180.csv,1,T45.csv,4,100,1.0952624798886998,0.9384990881410767,
pen,T181.csv,1,T86.csv,4,160,1.0,1.0917630210370723,
pen,T182.csv,1,T100.csv,4,-119,1.0,1.086304781895698,20.493907369749813
pen,T183.csv,1,T102.csv,4,132,1.0,1.0,21.73704891487755
pen,T184.csv,1,T86.csv,4,0,0.9314961025379186,0.9752676443079131,23.152689722024565
pen,T185.csv,1,T61.csv,4,0,1.0892539213207977,1.0,
pen,T186.csv,1,T45.csv,4,143,1.0,0.8864859510970778,19.759418950602164
pen,T187.csv,1,T101.csv,4,0,1.0,0.9534036371436927,29.171559290317383
pen,T188.csv,1,T83.csv,4,-48,1.0217257240823476,1.0900247109703418,26.541669001226907
pen,T189.csv,1,T102.csv,4,0,1.0,1.0,
pen,T190.csv,1,T86.csv,4,41,1.0,1.0751381093591692,18.850185413944505
pen,T191.csv,1,T22.csv,4,62,1.0,1.1138426971742754,19.503406832020783
pen,T192.csv,1,T86.csv,4,0,1.0601649211811377,0.9677199521499587,29.315425122752966
pen,T193.csv,1,T76.csv,4,0,0.9524379319649853,0.9438298086705335,
pen,T194.csv,1,T83.csv,4,-122,1.0,1.0,28.179633306747235
pen,T195.csv,1,T76.csv,4,-130,1.0,1.0,29.01319092323182
pen,T196.csv,1,T76.csv,4,73,1.0,0.9996950142092282,
pen,T197.csv,1,T111.csv,5,-120,1.0086491801522541,1.0657563041799403,
pen,T198.csv,1,T18.csv,5,-114,1.0024477547220374,0.9730269569323372,25.376206793312644
pen,T199.csv,1,T19.csv,5,38,1.0049439489640968,1.0503476664927804,19.768930156508123
pen,T200.csv,1,T39.csv,5,0,1.0,0.9609540159839974,25.029840480637795
pen,T201.csv,1,T73.csv,5,139,1.0137061541785695,0.999388669378305,24.154415388183327
pen,T202.csv,1,T114.csv,5,0,0.9403476319825036,1.0,
pen,T203.csv,1,T93.csv,5,0,1.0029726576429603,1.065381114766551,19.266499448076143
pen,T204.csv,1,T38.csv,5,112,1.0,0.971761804422338,
pen,T205.csv,1,T111.csv,5,152,0.9002743499892352,0.8956283089884626,26.37709850053083
pen,T206.csv,1,T73.csv,5,78,0.9524630414159883,1.0681778106375557,23.305587083365353
pen,T207.csv,1,T120.csv,5,68,0.9250577674382325,0.8880121796907603,25.27041049960794
pen,T208.csv,1,T97.csv,5,-17,0.9601801137308571,0.9511263769148857,22.232824739324723
pen,T209.csv,1,T9.csv,5,-113,1.0,1.0356242575784709,18.032054610903412
pen,T210.csv,1,T93.csv,5,-108,1.0113304274473502,1.067609718630759,22.435911440857367
pen,T211.csv,1,T18.csv,5,0,1.0,1.0,22.908186766582684
pen,T212.csv,1,T39.csv,5,-64,0.9200293416948023,1.0332137114958424,23.70894726743336
pen,T213.csv,1,T38.csv,5,-59,1.0640928480205796,1.0,20.93960263481097
pen,T214.csv,1,T36.csv,6,187,1.0,1.0802269677116523,24.910492933695558
pen,T215.csv,1,T10.csv,6,43,1.0517004970619488,1.0,23.513304196461416
pen,T216.csv,1,T117.csv,6,-151,1.0951527328671027,1.069161960670132,28.49525875478277
pen,T217.csv,1,T52.csv,6,0,1.0,1.0756504570018772,
pen,T218.csv,1,T69.csv,6,0,1.090728043425846,0.988380207076997,27.43315344595659
pen,T219.csv,1,T5.csv,6,-76,1.0989915643565875,1.0,28.672310930371836
pen,T220.csv,1,T85.csv,6,-85,0.9174201731781007,1.0,
pen,T221.csv,1,T69.csv,6,-88,0.9741621482427943,1.0273407234489733,28.78556089938269
pen,T222.csv,1,T62.csv,6,-123,1.0,1.0,29.22071178163087
pen,T223.csv,1,T52.csv,6,20,0.9936210431648601,1.0223214802335767,27.355164278043134
pen,T224.csv,1,T5.csv,6,0,1.0003074492574053,0.9819377615485819,24.523622740587
pen,T225.csv,1,T32.csv,6,-142,0.9745310781748643,0.9473062096553159,19.76641693223299
pen,T226.csv,1,T69.csv,6,0,1.0,1.0118804783797068,
pen,T227.csv,1,T36.csv,6,0,0.9422477075345572,1.1111761550207673,
pen,T228.csv,1,T78.csv,6,121,1.0575041286764477,1.0,22.858408531775133
pen,T229.csv,1,T117.csv,6,-7,1.0,0.8855581557564797,24.560325436830826
pen,T230.csv,1,T62.csv,6,169,0.9569359008990297,0.8900971586102115,20.215001592142393
pen,T231.csv,1,T113.csv,7,25,1.0,0.9975783823857147,19.74501089405719
pen,T232.csv,1,T82.csv,7,139,0.9167526982199757,1.1068911232398224,29.02278392832001
pen,T233.csv,1,T128.csv,7,126,1.0,1.0960954149557949,23.56931526852142
pen,T234.csv,1,T6.csv,7,185,1.0603768216843885,1.0236229381687518,25.754034457427863
pen,T235.csv,1,T60.csv,7,-20,1.0,1.0,21.905803792731387
pen,T236.csv,1,T67.csv,7,47,1.0553042694656927,0.8802716782366881,
pen,T237.csv,1,T98.csv,7,111,1.0,1.0,19.61190174430312
pen,T238.csv,1,T58.csv,7,-3,1.0,1.0,19.7868988530017
pen,T239.csv,1,T67.csv,7,-12,0.9216854310821748,1.0417067146395291,25.667984611550242
pen,T240.csv,1,T82.csv,7,0,0.9208927209918992,1.0,
pen,T241.csv,1,T123.csv,7,19,1.0,1.0001977971959015,25.45427910810463
pen,T242.csv,1,T82.csv,7,-142,1.0509180457392748,1.0783489703212281,25.185914795173353
pen,T243.csv,1,T35.csv,7,-45,1.0,1.1044597370013363,19.11869340378345
pen,T244.csv,1,T6.csv,7,-25,0.9800737680936282,1.0,25.023430424577352
pen,T245.csv,1,T113.csv,7,129,1.0,1.0843133872919162,29.97405629591131
pen,T246.csv,1,T106.csv,7,26,1.0860355443613283,1.0,
pen,T247.csv,1,T128.csv,7,44,1.0,1.0304482492144103,25.108223862113782
pen,T248.csv,1,T40.csv,8,119,1.0,1.0,20.539535111359662
pen,T249.csv,1,T118.csv,8,0,1.0,1.0577419961909287,28.848372436502107
pen,T250.csv,1,T31.csv,8,0,0.9993182387016848,1.0,22.494680189636007
pen,T251.csv,1,T43.csv,8,-143,1.0,1.0987645020503736,19.958802443005467
pen,T252.csv,1,T88.csv,8,64,1.0,0.9054124924186813,19.980565245853334
pen,T253.csv,1,T14.csv,8,118,1.0989492001947267,1.112644035892611,20.50731016551576
pen,T254.csv,1,T88.csv,8,69,1.0,1.0842923654972079,
pen,T255.csv,1,T57.csv,8,-128,0.903404445071341,0.9390230160785271,
pen,T256.csv,1,T20.csv,8,-67,1.0,0.9749020965610269,21.54144565089762
pen,T257.csv,1,T40.csv,8,-169,1.0,0.9550886313440827,19.546312076046437
pen,T258.csv,1,T20.csv,8,7,1.0,1.0,26.10911858186792
pen,T259.csv,1,T59.csv,8,-8,1.0,0.8940916933219025,
pen,T260.csv,1,T20.csv,8,14,1.0,0.9322175495684584,
pen,T261.csv,1,T107.csv,8,139,1.0,1.0322884327713129,19.14035200532219
pen,T262.csv,1,T31.csv,8,-14,1.091238143266044,0.9399280188772154,
pen,T263.csv,1,T59.csv,8,41,0.9454944617113645,0.9054909600237817,21.30346234333815
pen,T264.csv,1,T118.csv,8,0,0.978455307608078,1.0395089899975196,19.795726185691173
pen,T265.csv,1,T47.csv,9,109,1.0,1.0,20.750590104441276
pen,T266.csv,1,T116.csv,9,37,0.9615333997067897,1.0,
pen,T267.csv,1,T124.csv,9,-91,1.0,1.1109261458748905,26.629710220752763
pen,T268.csv,1,T47.csv,9,0,1.0935737289533574,0.9508325345567539,
pen,T269.csv,1,T91.csv,9,16,1.0,1.0755194818263807,
pen,T270.csv,1,T99.csv,9,0,1.0,0.9444198010447711,28.28166530487204
pen,T271.csv,1,T99.csv,9,-162,1.0,0.91736862321769,
pen,T272.csv,1,T28.csv,9,-124,1.0,1.0,20.22022388002021
pen,T273.csv,1,T99.csv,9,-162,0.9344321677346388,0.9827483474515784,
pen,T274.csv,1,T116.csv,9,51,1.0397862322632783,1.0,27.866309315245175
pen,T275.csv,1,T27.csv,9,0,1.0,1.04974705772022,21.29297729597879
pen,T276.csv,1,T91.csv,9,143,0.9118741633573825,1.0,18.252706597732278
pen,T277.csv,1,T28.csv,9,138,0.9462513351401669,0.952089253795499,
pen,T278.csv,1,T119.csv,9,-81,0.9862486584856286,1.0,18.94453145557532
pen,T279.csv,1,T116.csv,9,97,1.0,0.959000126321065,
pen,T280.csv,1,T124.csv,9,0,1.0,1.0,
pen,T281.csv,1,T27.csv,9,232,1.0,1.0,23.566879363610894
pen,T282.csv,1,T8.csv,9,-239,0.9127235730564617,0.8904970215194027,28.47342943664687
pen,T283.csv,1,T29.csv,10,82,0.9168583209553408,1.0461760824961481,27.59333903410729
pen,T284.csv,1,T55.csv,10,-16,1.0,1.0580948503233323,
pen,T285.csv,1,T48.csv,10,-185,1.0803821744879543,1.1106946248247052,22.743033446163796
pen,T286.csv,1,T70.csv,10,71,1.0,0.9308836181814772,
pen,T287.csv,1,T29.csv,10,0,0.9873312113069785,0.9216746273687729,23.266421663328515
pen,T288.csv,1,T1.csv,10,102,1.0636464442041706,1.0912748402007473,27.195331891331012
pen,T289.csv,1,T29.csv,10,99,1.0171812161421654,1.0,27.713712693552154
pen,T290.csv,1,T109.csv,10,-59,0.9548410379795412,0.9867557230479709,24.262219329535476
pen,T291.csv,1,T29.csv,10,0,1.0,0.9417920460274305,18.113385510615487
pen,T292.csv,1,T79.csv,10,90,0.9422992140756851,0.9673242384402563,22.250442061437724
pen,T293.csv,1,T79.csv,10,93,1.0558100033854583,0.9735776226155425,27.24814637624982
pen,T294.csv,1,T105.csv,10,0,0.9007137769910363,1.0825316923800217,19.18591689780918
pen,T295.csv,1,T65.csv,10,61,0.9127491444756486,1.087478775869184,23.492393567072032
pen,T296.csv,1,T23.csv,10,0,1.0006678579629034,0.9600972597302089,19.062847590549882
pen,T297.csv,1,T65.csv,10,-2,1.0699960943103193,1.0,28.698629564838406
pen,T298.csv,1,T70.csv,10,-73,1.0284827996312886,1.0,
pen,T299.csv,1,T65.csv,10,10,0.9638650874356841,1.040309470794982,29.754364023943367
pen,T300.csv,1,T48.csv,10,-144,1.0,0.9409064129888278,
sponge,T1.csv,0,,9,,,,
sponge,T2.csv,0,,3,,,,
sponge,T3.csv,0,,7,,,,
sponge,T4.csv,0,,5,,,,
sponge,T5.csv,0,,3,,,,
sponge,T6.csv,0,,3,,,,
sponge,T7.csv,0,,4,,,,
sponge,T8.csv,0,,4,,,,
sponge,T9.csv,0,,6,,,,
sponge,T10.csv,0,,7,,,,
sponge,T11.csv,0,,10,,,,
sponge,T12.csv,0,,7,,,,
sponge,T13.csv,0,,6,,,,
sponge,T14.csv,0,,9,,,,
sponge,T15.csv,0,,5,,,,
sponge,T16.csv,0,,8,,,,
sponge,T17.csv,0,,2,,,,
sponge,T18.csv,0,,7,,,,
sponge,T19.csv,0,,6,,,,
sponge,T20.csv,0,,6,,,,
sponge,T21.csv,0,,8,,,,
sponge,T22.csv,0,,2,,,,
sponge,T23.csv,0,,1,,,,
sponge,T24.csv,0,,10,,,,
sponge,T25.csv,0,,4,,,,
sponge,T26.csv,0,,10,,,,
sponge,T27.csv,0,,4,,,,
sponge,T28.csv,0,,4,,,,
sponge,T29.csv,0,,1,,,,
sponge,T30.csv,0,,1,,,,
sponge,T31.csv,0,,2,,,,
sponge,T32.csv,0,,2,,,,
sponge,T33.csv,0,,2,,,,
sponge,T34.csv,0,,4,,,,
sponge,T35.csv,0,,4,,,,
sponge,T36.csv,0,,5,,,,
sponge,T37.csv,0,,1,,,,
sponge,T38.csv,0,,5,,,,
sponge,T39.csv,0,,5,,,,
sponge,T40.csv,0,,10,,,,
sponge,T41.csv,0,,5,,,,
sponge,T42.csv,0,,7,,,,
sponge,T43.csv,0,,8,,,,
sponge,T44.csv,0,,9,,,,
sponge,T45.csv,0,,2,,,,
sponge,T46.csv,0,,1,,,,
sponge,T47.csv,0,,6,,,,
sponge,T48.csv,0,,10,,,,
sponge,T49.csv,0,,7,,,,
sponge,T50.csv,0,,2,,,,
sponge,T51.csv,0,,2,,,,
sponge,T52.csv,0,,8,,,,
sponge,T53.csv,0,,8,,,,
sponge,T54.csv,0,,5,,,,
sponge,T55.csv,0,,1,,,,
sponge,T56.csv,0,,2,,,,
sponge,T57.csv,0,,9,,,,
sponge,T58.csv,0,,4,,,,
sponge,T59.csv,0,,2,,,,
sponge,T60.csv,0,,8,,,,
sponge,T61.csv,0,,8,,,,
sponge,T62.csv,0,,6,,,,
sponge,T63.csv,0,,7,,,,
sponge,T64.csv,0,,10,,,,
sponge,T65.csv,0,,2,,,,
sponge,T66.csv,0,,7,,,,
sponge,T67.csv,0,,3,,,,
sponge,T68.csv,0,,4,,,,
sponge,T69.csv,0,,8,,,,
sponge,T70.csv,0,,4,,,,
sponge,T71.csv,0,,10,,,,
sponge,T72.csv,0,,3,,,,
sponge,T73.csv,0,,4,,,,
sponge,T74.csv,0,,1,,,,
sponge,T75.csv,0,,1,,,,
sponge,T76.csv,0,,9,,,,
sponge,T77.csv,0,,2,,,,
sponge,T78.csv,0,,6,,,,
sponge,T79.csv,0,,6,,,,
sponge,T80.csv,0,,5,,,,
sponge,T81.csv,0,,8,,,,
sponge,T82.csv,0,,9,,,,
sponge,T83.csv,0,,7,,,,
sponge,T84.csv,0,,9,,,,
sponge,T85.csv,0,,5,,,,
sponge,T86.csv,0,,7,,,,
sponge,T87.csv,0,,9,,,,
sponge,T88.csv,0,,3,,,,
sponge,T89.csv,0,,5,,,,
sponge,T90.csv,0,,1,,,,
sponge,T91.csv,0,,4,,,,
sponge,T92.csv,0,,1,,,,
sponge,T93.csv,0,,6,,,,
sponge,T94.csv,0,,10,,,,
sponge,T95.csv,0,,2,,,,
sponge,T96.csv,0,,9,,,,
sponge,T97.csv,0,,7,,,,
sponge,T98.csv,0,,4,,,,
sponge,T99.csv,0,,10,,,,
sponge,T100.csv,0,,2,,,,
sponge,T101.csv,0,,1,,,,
sponge,T102.csv,0,,8,,,,
sponge,T103.csv,0,,2,,,,
sponge,T104.csv,0,,1,,,,
sponge,T105.csv,0,,1,,,,
sponge,T106.csv,0,,9,,,,
sponge,T107.csv,0,,6,,,,
sponge,T108.csv,0,,7,,,,
sponge,T109.csv,0,,3,,,,
sponge,T110.csv,0,,2,,,,
sponge,T111.csv,0,,10,,,,
sponge,T112.csv,0,,5,,,,
sponge,T113.csv,0,,4,,,,
sponge,T114.csv,0,,3,,,,
sponge,T115.csv,0,,3,,,,
sponge,T116.csv,0,,1,,,,
sponge,T117.csv,0,,5,,,,
sponge,T118.csv,0,,10,,,,
sponge,T119.csv,0,,9,,,,
sponge,T120.csv,0,,3,,,,
sponge,T121.csv,0,,4,,,,
sponge,T122.csv,0,,9,,,,
sponge,T123.csv,0,,8,,,,
sponge,T124.csv,0,,9,,,,
sponge,T125.csv,0,,6,,,,
sponge,T126.csv,0,,6,,,,
sponge,T127.csv,0,,6,,,,
sponge,T128.csv,0,,2,,,,
sponge,T129.csv,0,,7,,,,
sponge,T130.csv,0,,3,,,,
sponge,T131.csv,0,,9,,,,
sponge,T132.csv,0,,9,,,,
sponge,T133.csv,0,,8,,,,
sponge,T134.csv,0,,2,,,,
sponge,T135.csv,0,,1,,,,
sponge,T136.csv,0,,5,,,,
sponge,T137.csv,0,,5,,,,
sponge,T138.csv,0,,5,,,,
sponge,T139.csv,0,,6,,,,
sponge,T140.csv,0,,9,,,,
sponge,T141.csv,0,,1,,,,
sponge,T142.csv,0,,7,,,,
sponge,T143.csv,0,,5,,,,
sponge,T144.csv,0,,3,,,,
sponge,T145.csv,0,,8,,,,
sponge,T146.csv,0,,10,,,,
sponge,T147.csv,0,,3,,,,
sponge,T148.csv,0,,3,,,,
sponge,T149.csv,0,,9,,,,
sponge,T150.csv,0,,6,,,,
sponge,T151.csv,0,,1,,,,
sponge,T152.csv,0,,7,,,,
sponge,T153.csv,0,,8,,,,
sponge,T154.csv,0,,3,,,,
sponge,T155.csv,0,,3,,,,
sponge,T156.csv,0,,4,,,,
sponge,T157.csv,0,,8,,,,
sponge,T158.csv,0,,10,,,,
sponge,T159.csv,0,,8,,,,
sponge,T160.csv,0,,5,,,,
sponge,T161.csv,0,,10,,,,
sponge,T162.csv,0,,7,,,,
sponge,T163.csv,0,,4,,,,
sponge,T164.csv,0,,5,,,,
sponge,T165.csv,0,,10,,,,
sponge,T166.csv,0,,10,,,,
sponge,T167.csv,0,,6,,,,
sponge,T168.csv,0,,1,,,,
sponge,T169.csv,0,,8,,,,
sponge,T170.csv,0,,10,,,,
sponge,T171.csv,0,,4,,,,
sponge,T172.csv,0,,6,,,,
sponge,T173.csv,0,,3,,,,
sponge,T174.csv,0,,7,,,,
sponge,T175.csv,0,,3,,,,
sponge,T176.csv,1,T101.csv,1,-56,0.9445045117714155,1.0021187127266846,
sponge,T177.csv,1,T168.csv,1,-38,1.0,0.8983042643122716,26.227167094407754
sponge,T178.csv,1,T168.csv,1,-55,1.0,1.0831965687584069,
sponge,T179.csv,1,T105.csv,1,95,1.0,0.8923375158801149,
sponge,T180.csv,1,T135.csv,1,-14,1.0674100502012143,1.0261922368214647,
sponge,T181.csv,1,T101.csv,1,51,0.9425952647661282,0.9249411327056697,24.774673600953964
sponge,T182.csv,1,T74.csv,1,-5,1.0,1.0066049680841205,24.975616002297862
sponge,T183.csv,1,T75.csv,1,-136,1.0,0.9906580576680424,
sponge,T184.csv,1,T105.csv,1,-149,0.9613049339792556,0.8944673585091159,23.319145938482244
sponge,T185.csv,1,T75.csv,1,0,1.0386611437047915,0.9810351175935942,22.2913217555813
sponge,T186.csv,1,T116.csv,1,-137,1.0,0.9376947257363392,
sponge,T187.csv,1,T29.csv,1,134,1.0401178930621962,1.0,
sponge,T188.csv,1,T65.csv,2,216,1.0,1.0,19.55195360921408
sponge,T189.csv,1,T110.csv,2,0,0.9949352566385888,0.9915795345972755,26.77726719193938
sponge,T190.csv,1,T95.csv,2,3,0.9694354472076738,1.0,29.46453038048034
sponge,T191.csv,1,T95.csv,2,-151,1.0292267666488484,1.0,29.76558881337143
sponge,T192.csv,1,T33.csv,2,0,1.0458820593123888,1.0585202997717176,28.92152163316793
sponge,T193.csv,1,T110.csv,2,44,1.006187124061378,1.0,21.345069707095913
sponge,T194.csv,1,T22.csv,2,176,0.9657055814543822,1.0917855188250831,25.210096890410668
sponge,T195.csv,1,T33.csv,2,29,0.9297969143529147,1.0,
sponge,T196.csv,1,T128.csv,2,0,0.9667701642737627,0.9488979470759248,19.244896553450907
sponge,T197.csv,1,T65.csv,2,-144,0.9848925883497186,1.110658514411702,22.107284622176014
sponge,T198.csv,1,T32.csv,2,-9,1.0024883536821363,1.0,29.287823906249855
sponge,T199.csv,1,T103.csv,2,151,0.930207629768026,0.8955377631783166,20.63472692996344
sponge,T200.csv,1,T67.csv,3,0,1.0664080439469552,0.9674233885218309,24.405078311254492
sponge,T201.csv,1,T173.csv,3,-193,1.0626382333037774,1.064715970196083,
sponge,T202.csv,1,T154.csv,3,-43,0.9986454367032969,0.9584123618102061,26.443021585791712
sponge,T203.csv,1,T2.csv,3,-160,1.0,1.0,
sponge,T204.csv,1,T72.csv,3,86,1.0,1.0,24.310493928486494
sponge,T205.csv,1,T148.csv,3,140,1.0,1.0,24.70550421737635
sponge,T206.csv,1,T72.csv,3,23,0.9765944193846328,1.0,
sponge,T207.csv,1,T6.csv,3,158,1.0236405041526253,0.9991585558217021,20.752104480333568
sponge,T208.csv,1,T155.csv,3,0,1.015950822263528,0.8802204035945025,29.08496835281287
sponge,T209.csv,1,T115.csv,3,0,1.0,1.0,23.916645944948467
sponge,T210.csv,1,T130.csv,3,0,1.0,1.0,
sponge,T211.csv,1,T147.csv,3,0,0.9721334606917115,1.0,23.65731701720761
sponge,T212.csv,1,T25.csv,4,80,1.0,1.0,22.781689942907906
sponge,T213.csv,1,T73.csv,4,-96,0.93070133744318,0.8927879663310151,
sponge,T214.csv,1,T171.csv,4,-155,0.9212190264922951,1.070493668559067,
sponge,T215.csv,1,T98.csv,4,86,1.014584305937832,1.0,21.84675625837391
sponge,T216.csv,1,T73.csv,4,-114,1.0,0.8909546114670843,
sponge,T217.csv,1,T156.csv,4,39,1.0,0.8945825221840099,29.006799302959124
sponge,T218.csv,1,T171.csv,4,-24,0.9423916082923809,1.0,18.285182009901284
sponge,T219.csv,1,T8.csv,4,163,1.0,1.099352451596161,
sponge,T220.csv,1,T25.csv,4,84,1.0,0.9646009019684185,25.546819718318496
sponge,T221.csv,1,T58.csv,4,0,1.0833559856288424,1.023807679775162,29.33021937513291
sponge,T222.csv,1,T70.csv,4,74,0.9096401895650305,1.0,
sponge,T223.csv,1,T58.csv,4,41,0.9527063050574366,1.0,25.063179941222486
sponge,T224.csv,1,T36.csv,5,2,0.9514982738632601,0.9712378497689153,28.042454598075324
sponge,T225.csv,1,T137.csv,5,137,0.9557902267464816,1.0037680119317178,25.596526212080065
sponge,T226.csv,1,T38.csv,5,0,0.9691982254747746,0.882506700954386,24.603612724946082
sponge,T227.csv,1,T38.csv,5,0,0.9265921986523481,0.9200386301967536,27.607107363878207
sponge,T228.csv,1,T138.csv,5,-74,0.9693518708452262,1.0444183072038353,19.53891284111391
sponge,T229.csv,1,T41.csv,5,58,1.0,1.073644759276999,26.548627589152876
sponge,T230.csv,1,T89.csv,5,-59,0.9216977910088647,1.0,20.03130036344814
sponge,T231.csv,1,T4.csv,5,165,1.029612342548028,1.049033100217491,24.18589603593778
sponge,T232.csv,1,T15.csv,5,-68,1.0,1.0,18.01995247844928
sponge,T233.csv,1,T112.csv,5,0,1.0,0.8907938545944052,21.002300526473356
sponge,T234.csv,1,T15.csv,5,-12,1.0,1.0681242097294708,23.71362017350281
sponge,T235.csv,1,T89.csv,5,188,0.9494038742264966,1.0,21.63461397116018
sponge,T236.csv,1,T126.csv,6,-149,1.070682110884135,1.0052691246888548,21.379166095176288
sponge,T237.csv,1,T126.csv,6,125,1.0,1.0,
sponge,T238.csv,1,T139.csv,6,-11,1.0,1.104130733016111,28.424515218608825
sponge,T239.csv,1,T47.csv,6,-72,1.0,1.0,28.543178227865056
sponge,T240.csv,1,T79.csv,6,-76,1.0,1.0719545827511352,
sponge,T241.csv,1,T172.csv,6,0,0.9052554298287763,0.9547730631907159,18.848186029719006
sponge,T242.csv,1,T139.csv,6,10,1.0,1.0,28.95323646249427
sponge,T243.csv,1,T62.csv,6,-113,1.0,1.0,27.669502891894076
sponge,T244.csv,1,T62.csv,6,0,1.0821824478900113,1.0,
sponge,T245.csv,1,T62.csv,6,-33,0.9097155120561632,0.9953191869236382,
sponge,T246.csv,1,T19.csv,6,-130,1.042594548523408,1.0,29.038926566225285
sponge,T247.csv,1,T127.csv,6,0,1.0,1.050580055909738,
sponge,T248.csv,1,T79.csv,6,56,1.0,1.0463313188311807,23.73461669458716
sponge,T249.csv,1,T162.csv,7,-118,1.05585829801546,1.0,
sponge,T250.csv,1,T42.csv,7,54,1.0,0.9133260616363541,
sponge,T251.csv,1,T66.csv,7,-38,1.0,1.0643677730961185,
sponge,T252.csv,1,T152.csv,7,0,1.0,0.9503646200342609,
sponge,T253.csv,1,T83.csv,7,59,1.0801937377810424,0.9000379826372231,19.74267896037032
sponge,T254.csv,1,T152.csv,7,-28,0.9534593328007279,1.0,20.081895983966984
sponge,T255.csv,1,T83.csv,7,143,1.00393004072235,0.9722253272388545,
sponge,T256.csv,1,T3.csv,7,-101,1.0,1.00559440343238,25.094651291088773
sponge,T257.csv,1,T152.csv,7,-131,1.0751080346841961,0.9953102693484573,22.72844910960262
sponge,T258.csv,1,T86.csv,7,-126,1.0070199901459704,1.0586656074055856,24.760161374768636
sponge,T259.csv,1,T49.csv,7,181,1.0,0.9782799423839676,
sponge,T260.csv,1,T12.csv,7,146,1.0,0.9207517232478745,26.03110387696406
sponge,T261.csv,1,T152.csv,7,16,1.0,1.0,29.56289344013118
sponge,T262.csv,1,T133.csv,8,2,1.0,1.0686693517110402,
sponge,T263.csv,1,T102.csv,8,-106,1.0,0.9514937089617955,24.095978164263958
sponge,T264.csv,1,T153.csv,8,0,1.0,0.9226739569094062,22.40776850115441
sponge,T265.csv,1,T81.csv,8,98,1.0,0.9870795176932289,29.22796804054775
sponge,T266.csv,1,T157.csv,8,70,1.002609222909898,1.0967134338725322,22.672063535154173
sponge,T267.csv,1,T102.csv,8,-11,1.091780246751552,1.0027298345348883,
sponge,T268.csv,1,T61.csv,8,0,1.0,1.0877870842999984,18.489577301887664
sponge,T269.csv,1,T145.csv,8,161,1.0,1.0,
sponge,T270.csv,1,T159.csv,8,0,1.0499563750843786,0.8878905193969159,20.532257205541622
sponge,T271.csv,1,T52.csv,8,3,0.915446375985529,1.0958213739676894,
sponge,T272.csv,1,T69.csv,8,111,1.0,0.9384204764764315,
sponge,T273.csv,1,T145.csv,8,0,0.9079017034821482,1.0358535868835679,18.120568506593358
sponge,T274.csv,1,T133.csv,8,185,0.9730586455653607,1.0104500554372364,
sponge,T275.csv,1,T106.csv,9,21,1.0090556252554703,0.9554617329195254,23.98213043969863
sponge,T276.csv,1,T106.csv,9,0,1.012886923935624,1.112679451323462,
sponge,T277.csv,1,T1.csv,9,-93,0.9096495046665987,1.0,24.869327957304307
sponge,T278.csv,1,T124.csv,9,-86,1.0,0.9464026547656266,19.690675652707377
sponge,T279.csv,1,T96.csv,9,88,1.0,0.9659401354703281,25.434351421527666
sponge,T280.csv,1,T1.csv,9,0,0.953403480612831,0.9868763004210788,
sponge,T281.csv,1,T14.csv,9,-26,1.0,1.0,29.465634016231846
sponge,T282.csv,1,T140.csv,9,0,0.9021353398903427,1.0,18.124358824171324
sponge,T283.csv,1,T106.csv,9,63,1.0,0.8975807780753547,25.668261457275186
sponge,T284.csv,1,T87.csv,9,-98,1.074133605008593,1.0,26.727586073855292
sponge,T285.csv,1,T122.csv,9,-42,1.0,1.0504194498499126,
sponge,T286.csv,1,T87.csv,9,0,1.0718820454747588,0.8981156331072455,18.062725798106104
sponge,T287.csv,1,T84.csv,9,93,1.0,1.0,
sponge,T288.csv,1,T99.csv,10,0,1.0668203481700003,0.924522396032141,28.501980689979654
sponge,T289.csv,1,T48.csv,10,-213,1.002648790031374,1.061280543905439,
sponge,T290.csv,1,T40.csv,10,4,1.0843472874438518,1.0,26.32843352598627
sponge,T291.csv,1,T24.csv,10,129,1.0368182813934554,0.9215434607311839,23.455322738473505
sponge,T292.csv,1,T111.csv,10,2,1.0,0.9147069826451807,27.015593593313174
sponge,T293.csv,1,T165.csv,10,-82,1.0439909981308009,0.9108862567339536,21.743558245164923
sponge,T294.csv,1,T24.csv,10,-108,0.9723408751117637,1.0,23.09496482592129
sponge,T295.csv,1,T146.csv,10,-3,0.9509009942397811,1.0,24.226768865732943
sponge,T296.csv,1,T48.csv,10,0,1.0,0.8836237526590145,29.39305438465729
sponge,T297.csv,1,T26.csv,10,-62,1.0189262700626172,0.9465895665449114,22.183633942169546
sponge,T298.csv,1,T111.csv,10,0,1.0,1.005949225410732,26.958972879169707
sponge,T299.csv,1,T118.csv,10,-5,0.9050799884741295,0.9909300769298477,
sponge,T300.csv,1,T161.csv,10,12,1.0,1.093174289164769,
