Time,25W,25X,25Y
0.008,1387.57947991313,1751.547381256475,4406.741144029581
0.008,1431.3555221049733,2266.826404877834,4714.956380787873
0.031,1743.0659863064102,2113.280580218737,4266.345199909043
0.031,1737.1780562009806,2181.0338008434546,3984.2595223521053
0.032,1753.801108024732,2362.749769406837,3745.667485325091
0.032,1584.697285210876,2265.64674538387,2994.184443069427
0.058,1509.691520646476,1961.4799980322412,3256.196860674599
0.058,1859.0273901583705,1947.9301984533624,3867.1072585615093
0.085,1845.5665286530036,1882.5115839804362,4710.379053662908
0.085,1545.0285989049887,2018.4386099415728,4840.209690919323
0.085,1901.7591340902986,1761.1124835885928,3690.065070493358
0.113,1723.1099291783971,1776.5780537136932,4205.2759367895305
0.113,1548.0739566529573,1888.484474326287,3274.0209830387953
0.14,1375.3571659773181,1261.760750810093,3646.920728511633
0.14,1624.3177491796505,1635.8626375001857,3711.4630829688863
0.14,1439.9654970973058,1623.7775231035869,2945.6460428225096
0.167,1450.0593358627243,1997.6365790391235,4062.6115080128357
0.168,1612.1379426725025,1797.4944844382164,3798.226226611988
0.194,2043.2862941502908,2336.4297877221297,3936.200457470765
0.194,1787.14443006145,2065.4654708029548,3893.076049472048
0.194,1262.8746827900668,2249.086618495531,4166.24701500404
0.194,1590.7736459309615,1988.745749328072,3719.306902501175
0.219,1702.0309244530483,2282.791044226418,4124.496625259001
0.246,1547.5049955342065,1873.2700132775367,4046.0549953436985
0.246,1759.7169774796278,2116.155969797064,3932.2308229653395
0.247,1471.9343915675047,2217.5735484086663,4281.294071636093
0.247,1781.5018075535584,2344.1324512045994,3233.580322677006
0.276,2019.9191615959535,2305.0220680449215,4690.806726563349
0.303,1792.3669678676963,1896.418201628303,3678.090451044688
0.303,1436.8600344178103,2042.041736348248,4022.1435590328247
0.303,1693.4771926708074,1916.925462529569,4690.8394768814105
0.303,1616.9675166317575,1955.3010342967614,3650.0643227160535
0.33,1842.6902530443908,1748.0096564028022,3817.796208425674
0.33,1365.1378034488355,1901.2355622879618,3757.24287704342
0.357,1680.2205604037733,2062.871221775971,4083.676975839294
0.357,1704.822140341109,2427.3653763547777,4002.35723006444
0.357,1575.2655824652174,2196.2622328074194,3200.192628030688
0.357,1796.0280775301594,2161.627240656427,3974.8977026342163
0.386,1619.6121824526838,2121.4210220701025,3960.9708183966554
0.386,1475.7831476654749,2084.934839561379,4390.29112511283
0.414,1807.7582371840758,2017.983076724066,3861.998632528007
0.415,1633.6941710641936,2159.359805333706,3382.850790131725
0.416,1637.327977895086,1917.977661521878,3402.8540602456214
0.416,1815.7851730645634,2091.1687371758603,3194.7587558022196
0.442,1587.7732116778711,2008.3406741701979,4884.42079661304
0.442,1491.8108258469244,2070.441130923036,3870.7694971954543
0.47,1516.556810989083,2118.340269193041,3435.874744734526
0.47,1447.8713384568114,2035.2750076948128,3727.485281160443
0.471,1588.548496928897,2405.7709651676932,4404.147442985284
0.471,1872.2227875192038,1726.464898010826,4168.329002350896
0.498,1799.6222198054927,1902.0833463509339,4875.039077624571
0.498,1815.5951117573852,1905.6980245920365,4233.317221881963
0.526,1733.5479437774059,1888.09474324286,4114.907106562854
0.526,1816.022406494916,1910.0602105480332,4380.794942193178
0.526,1703.8417113644075,1986.3266860981016,3358.255660696766
0.526,1604.2682653212185,1792.7394269022973,3938.9481768412693
0.555,1497.8854443659613,1825.0623446553352,2943.3041182463653
0.555,1962.2081406088082,2110.4610580609897,3792.324726919413
0.582,1892.503868709854,1923.8365227842069,4170.049970719048
0.582,1639.9784236067167,2152.435041116192,4739.519141954542
0.61,2006.3079640123506,2057.2755831775394,4374.662355013352
0.61,1697.9813467187037,1737.6750274112385,3539.950679308823
0.61,1826.0165755214205,1968.311922530241,3636.090212097911
0.611,1794.0386451883335,1829.861773615989,3658.770457386606
0.638,1598.6249191462828,2599.2518249489694,4004.577077766448
0.638,1883.8869246877132,2267.730695985561,3510.9058713414374
0.639,1727.7908345573896,2027.4818275186387,2804.4601797885825
0.639,1787.5007395122361,1894.1390011054848,3840.06046417272
0.665,1614.1065664209825,1861.890225684044,4105.658177806936
0.665,1439.6426911817177,2197.537447042289,4134.721494451119
0.693,1601.1527738075497,2030.5861164914322,3644.552074949829
0.693,1714.7013680339396,2152.3459314074576,4610.069014961551
0.693,1650.6111981666488,1822.8069814360974,4153.923215957551
0.693,1652.7026017318137,2022.9791605498056,2940.9870526042578
0.72,1363.8264404480221,2166.9509541709126,3885.4241447707964
0.72,1571.9440502638765,2099.7559070626576,3482.11920697273
0.747,1406.8502572766115,1952.0628199905884,3375.5008693223676
0.747,1790.8497859651345,2075.091483103705,4245.911413025045
0.748,1550.5393674699644,1816.478268038957,4070.7678215373135
0.748,1710.1331606258664,2126.384267297882,4053.4153717829795
0.775,1751.9988945922112,1923.0358587253304,4174.288106744953
0.775,1837.6342834597938,1979.2365593632182,3872.5773301571066
0.809,1586.7128258581888,2204.2520405037985,4124.092671941714
0.809,1885.436902927369,2046.1301297958591,3815.7163472675447
0.829,1567.376191735943,1861.3856957049904,4415.6496166071365
0.829,1743.5902317768205,1789.982321535171,3082.142319249223
0.829,1393.0316185482527,1958.9711154296915,3296.95592124197
0.83,1530.9770523361037,1829.9908608727494,3701.761000485562
0.85,1490.5573559804677,1941.395699690255,4415.388310109815
0.871,1780.5499709493479,1953.937947431326,3948.1457900875102
0.872,1403.1539816763132,2075.986807676344,4678.6676505176365
0.89,2007.0541295771056,2153.7208349407324,3855.766590615954
0.891,1893.913643563038,1798.2439394153387,3718.9905782495644
0.891,1423.1896970056914,1899.2305637654881,3607.7306421405215
0.891,1522.1796969966617,1995.2890888551563,3071.3251621221802
0.911,1432.0518096500975,1874.040295694841,2777.735846123333
0.911,1896.5642663443823,1727.485864373391,4020.06371880476
0.932,1636.5302330735565,2315.3627617306693,3869.4405452020005
0.932,1603.7862029046034,2530.608614242739,3857.596872754132
0.953,1738.239593982335,1577.9613861215585,4744.812368185742
0.953,2018.9892564901784,2204.738247409893,3839.8756399835506
0.975,1876.7821424643441,2083.3098311499834,3681.548784080975
0.975,1738.3358043932005,1809.888862297154,4216.419324283998
0.996,1382.9345708864716,1911.448942882408,3932.3862112243987
0.996,1779.0760607690454,1699.5074876856006,3404.9471722455364
1.018,1580.509651966209,1999.4066719108646,4157.720827539606
1.018,1838.3547377206621,1834.0648252016824,3936.658877429264
1.038,1522.97725896901,2098.3842136500325,4520.130208849374
1.038,1466.5368715027219,1853.1317690653993,4332.701577227772
1.058,1673.0573765106037,2138.5437131102117,3755.647392130254
1.058,1719.3523448841506,2066.095430703862,4012.3237203721005
1.059,1755.1024584734143,2078.486225599703,4551.935636736578
1.059,2076.4961768077374,2050.2513031593185,4040.465383832913
1.08,1728.8460025110803,2220.7376909427057,3600.064862615625
1.08,2020.5266380452495,1516.7326513389535,3803.756856687318
1.101,1666.350901481733,1534.807052526301,3707.870712389828
1.101,1638.6671126539773,2026.9263226937828,3036.4770950288125
1.122,1793.403754600113,2045.222681762728,4102.343332192662
1.122,1908.4693911355635,2356.721264323558,3448.7938281201127
1.145,1665.001832320103,2275.522247083145,3399.72198824611
1.145,1871.552701021619,2217.092791413176,4379.7790260075035
1.164,1495.910993765248,2235.6940806754506,4934.192711662688
1.164,1543.0806836197019,1994.7383749215176,4298.254610390402
1.185,1661.172694797791,1992.3025608741777,4869.123313186288
1.185,1751.8610897948704,1810.049085362176,3314.440187565125
1.205,1754.2126514561944,2063.7637083284712,3681.14409975479
1.205,1716.7717410541868,1830.0279424668747,3826.901473978763
1.228,1999.2284074177096,1837.972559757976,4019.835370028868
1.228,1585.0323847019986,1810.711592922711,3728.127791256769
1.229,1571.7803312385852,1798.1702860447913,3890.851649279237
1.229,1548.9102558513887,2286.9027606560944,4603.528274415198
1.247,1852.0388684688055,2068.235868379903,3880.107364198037
1.247,1705.003557986874,2102.927805767915,4871.3108319457615
1.268,1653.9866763565676,2100.570863765325,4174.56425806783
1.268,1959.1690024683644,2042.1615359004907,3996.3904774552498
1.289,1611.012644379468,1822.6051501389552,3623.701749035092
1.289,1870.2002753511174,2227.712171830191,3584.863732155899
1.332,1290.0033179045176,1934.013748954266,4190.569177360031
1.332,1842.5393713850349,1986.3010756822414,3446.1607920386127
1.332,1688.1579090567075,2108.4948240611043,4532.079840055123
1.333,1808.7617531425524,1860.9715107246293,4721.685601145567
1.354,1771.714634710172,1687.0847208710395,4006.7524522815124
1.354,1635.4400852285394,1884.9828733050595,3840.4856251946544
1.372,1641.1858924312126,1743.9906523975426,4147.519228006125
1.372,1580.5248903668878,1964.7403986941742,3785.4300400800903
1.393,1508.6792442492765,1986.4906474070435,3291.550750600377
1.394,1567.0663745391157,1867.0078133654654,4075.0109339908295
1.394,1334.240059930857,1955.9448858891458,4134.780373651231
1.394,1568.5608114819054,1546.3497720335024,4472.21398738055
1.415,1809.305836868642,1678.436831863846,4087.4665993666767
1.415,1664.1581897680078,2132.0875139913755,3572.9522588209734
1.435,1369.718324408076,2052.260528040048,3662.77847516909
1.435,1824.3773439921163,2028.096653195727,3832.931745068361
1.457,1753.264296680674,1891.896773085642,3209.2732653394482
1.457,1460.5217221086045,2076.67418211937,3064.3096607504003
1.479,1646.8246448296447,2214.8796186108693,4053.3329191664825
1.479,1704.8220633363105,1610.8446677358481,4336.232310377826
1.502,1550.8638664804237,1984.4909875905987,4001.974722709754
1.502,1253.0949178845508,2147.587908865054,3819.4981499059586
1.522,1814.7223034522901,2256.4653950627885,3929.5868017559537
1.522,1802.58845722603,2127.9372843249234,4197.93773537665
1.542,1787.2454637337753,2187.4626398956884,3890.121966842765
1.543,1943.4959872720592,2009.7821253432467,4068.9617528467597
1.563,1508.0088185919835,2271.0868744809445,3932.3507209670947
1.563,1441.692413588735,2230.510897734245,3120.0617409293063
1.563,1555.889115128665,1521.6717016790221,5042.402420922889
1.563,1703.0729378033222,1934.7192438840518,3896.390734175292
1.584,1877.570878989264,2095.5007413968706,3880.4926855614244
1.584,1935.0204745032186,1969.3301189656981,3885.5993155470273
1.605,1586.9630363130748,2031.0932348010206,4614.405145594114
1.605,1480.5497912275707,1985.0519493443178,4409.245434304639
1.627,1806.3321286630157,1776.8450220894879,4390.5162492332
1.627,1496.481500696136,1837.2705506272414,4437.9966945717115
1.647,1597.0140621539508,1956.956852036274,3591.9811693770125
1.647,1611.2844562687312,2041.8748790017191,3953.150554792988
1.668,1749.8997786158436,1866.487617470615,4171.460565987141
1.668,1351.556986358152,1998.9999067025337,3097.284795791398
1.691,2050.60452131638,1504.4098709325203,3786.840256041808
1.691,1677.8053062717377,1524.7704378271455,4583.059275266103
1.711,1862.322488376355,1789.6346066314445,4237.47903238489
1.711,1912.0571536280177,2097.4166220931183,3720.6737654095878
1.731,1766.9237302667962,2011.570370928827,4151.218650820635
1.731,1649.803684050116,2101.607495246134,4239.860922207492
1.732,1613.2068491838343,2142.0451455074044,3455.6481811645317
1.732,1740.7278216642367,2179.1428347775272,3556.680680699732
1.752,1922.3860751947443,2075.304488781623,3366.0925529828087
1.752,1716.3455029542104,1704.6283194359394,3680.047554217458
1.772,1782.482469354487,1605.166954740353,3928.5538595851413
1.772,1071.6888485372997,2083.591694427229,3401.586841896316
1.794,1618.304648581642,2133.3500453178576,4370.582206928017
1.794,1608.048738676269,2385.4492627776544,4341.875299656837
1.815,1872.136590465991,2242.735281673011,4304.367464274346
1.815,1522.3659531115445,1958.2045616775383,4386.147737263934
1.837,1842.743917978433,1747.123494408088,3598.2026543922634
1.837,1555.6504109794405,1861.1171731626741,3549.12775231682
1.859,1769.9890875717292,2364.317904978963,3527.6182335254803
1.859,1389.1900547120713,2077.4700870038905,3758.2742095677017
1.88,2124.8946349056905,1784.4480126178312,3408.7917306469894
1.88,1627.4575293921437,1405.3126369504375,3561.2909817772543
1.899,1328.8952944541388,1543.7816350139358,3895.3407395259283
1.899,1470.3357217744447,1921.7867733861383,3934.025266475259
1.9,1878.6432266064246,2142.570786126191,3119.776882228213
1.9,1966.7935285143976,1938.160655054196,4048.407955101467
1.921,1743.9474152144512,2043.1125671265906,4279.660547853313
1.921,1835.9044876803782,1800.3063292957293,3690.2519028802953
1.941,1291.9974132551001,2176.4682918679778,3763.531410690831
1.941,1686.0842619282223,1905.8750301240152,3796.0216219465847
1.962,1813.8249414596007,1792.4262677394279,4055.27430617498
1.962,1605.2094566106687,1799.5511839980934,2819.995906186954
2.004,1613.7133075141255,2167.8968682849995,4281.571808852924
2.005,1734.027981396575,1905.385842521228,4215.1436216419215
2.005,1670.5948980407316,2206.563052325474,4191.36761631189
2.005,1767.7156881419357,2191.3132513608894,3768.65135652296
2.025,1943.2385547621577,2162.076752128482,3257.6900832879987
2.025,1640.1638044539636,1713.6442046406287,3483.9144401741155
2.045,1933.3837285553075,2011.0423258764993,4052.2514259513378
2.045,1604.4481601567225,1619.0106960565633,3216.601989391046
2.066,1811.9885621040128,2256.2480945291177,4246.415252682049
2.066,1288.2274323038569,1995.648373755496,3266.6079073757005
2.066,1400.2062282647448,2083.9172109873703,3176.7057381186983
2.066,2215.204527603265,2073.234418519732,4220.047224963201
2.087,1799.884128444798,1793.2276129707366,4421.924312975314
2.087,1420.7648537338564,1861.7490896348056,4300.519078639574
2.107,1740.022871979916,2117.6649283210218,3832.055531111376
2.107,1804.641204924096,2222.746952706384,3873.9988417870145
2.128,1551.783041222682,2409.1094481284163,4019.011307537341
2.129,1531.7067075430884,1480.5301591864493,4595.598758761153
2.15,1543.6080853169667,2051.6543167991827,2625.113533720582
2.15,1722.976311662892,2008.1929210211495,3562.9570564545984
2.171,1421.6249734681503,1422.088543678416,3910.7511091302454
2.171,1814.7921658897296,2413.3672988142844,4180.190478088406
2.192,1798.5160143181142,1955.8330148875707,3839.3309367820984
2.192,1678.811968374174,1724.9512752642277,4222.394441720164
2.216,1585.5014506897764,1917.8299450845855,3701.3557304952533
2.216,1692.856225523928,1710.9282631432488,4162.9761423783475
2.234,2044.6609737662689,2045.8859902223473,3944.932601168648
2.234,1625.1465596650885,1857.6006978506161,3058.3193187449783
2.234,1562.3371827394428,2176.9446785072773,4187.331421151868
2.234,1485.8888225861492,2265.3850622134146,4033.1926486126604
2.255,1750.0033008217122,1905.3620930097675,3550.9255009914314
2.255,1819.6742232252102,2087.397307946737,3840.3628113729997
2.276,1821.161988043277,1819.5431718397317,4096.043801285124
2.276,2042.0286736907847,1886.0354620934334,3996.5368546974464
2.299,1977.2883746346583,1467.530916878221,4044.1754801661473
2.299,1569.306109138932,2319.661229801959,4096.151540996665
2.322,1535.1197917590423,2368.4667688847726,3739.390743640278
2.322,1473.3997488114742,1801.8022137830794,4057.975643720334
2.342,1584.6611805046543,1896.0244041154422,3419.5125500174713
2.342,1626.3897901189675,1884.5446574733705,3796.3957399768033
2.385,1648.9385538561796,2086.422333740768,3758.764234246629
2.385,1802.4666179852898,2202.0695727276493,4102.020773549944
2.385,1649.1872403498276,1956.8256488481231,3868.3990769214975
2.385,1714.120976517807,2227.757769351465,4478.614925805318
2.406,1619.12707441632,2242.3028622239367,4250.608606535608
2.406,1691.276147235463,2029.3117538607246,3066.3512936078496
2.406,1651.4607313223114,1985.1306187010998,4543.45129752613
2.406,1764.2872596107975,2158.2085377609387,4138.044380071784
2.426,1750.9734773298555,2246.8387739451996,3997.8760288649464
2.426,1700.9075211532572,1925.0861451494743,4443.563680326243
2.447,1690.1019687550388,2063.3576148993893,4156.104713815333
2.447,1854.065188557115,1973.2925558575373,4223.943946815844
2.468,1964.0761844396031,2341.0833611852718,4310.215945132202
2.469,1407.197367512798,2117.1709938858285,4569.369354799592
2.489,1565.1425205960325,1876.4607897488124,4294.541531283887
2.489,1789.626515736222,2066.0318663647954,3993.541989250686
2.511,1928.328572668388,1813.5600748109414,4242.79477777852
2.511,1572.8569711432567,2119.729577083062,2965.5727396322823
2.532,1441.7187157815417,1794.4066749383885,3169.2153950336456
2.532,1897.0487271207696,1688.8798123388344,4989.875574866745
2.553,1757.391418986998,1758.8997296558327,3900.173885440564
2.553,1610.596201409816,1951.2375852451937,4167.342327106834
2.573,2166.388824785291,2032.8547543216425,4048.374502774162
2.573,1530.1334752243163,2015.1433145752583,4112.267412430353
2.575,1680.2728705470904,1856.760397111074,3589.6162420631645
2.575,1660.7810962690098,2008.8969514928967,3572.0163897494044
2.592,1566.2716807767185,1748.2947142892085,3893.800632905313
2.592,1672.6439554672722,1931.0275888692177,2721.744911170109
2.614,1398.3719302709283,2250.0930735373026,3419.121204760621
2.614,1523.4761959044693,1938.3834537526375,4046.199569910388
2.636,1777.4173586759825,1880.0219206608995,3330.48836611938
2.636,1550.7042518776782,2050.71717563761,4149.956977874716
2.655,1639.3700514193058,2004.5517797339855,4394.718587542854
2.655,1772.7891110582368,1910.1615033442108,3613.768392411711
2.676,1853.6509747623675,1622.872555467483,3445.7673335287127
2.676,1534.8999118635047,2046.8509620525583,3766.5769185717954
2.696,1786.5757463271757,1732.8227291947726,4622.508602852407
2.696,1594.7039131287058,1763.6219042824973,3420.4606311547104
2.718,1553.2088434172365,2225.191052294692,2693.2582545353425
2.718,1700.6541330572463,1967.218934711068,4147.842788218553
2.738,1529.3245380706717,2430.5090987909275,4069.125630701613
2.738,1629.653919909879,1970.113818815462,3750.795007907765
2.738,1792.5493661061028,1934.265337552692,3637.99308049773
2.738,1581.4204891603108,1808.007994511353,3655.22117010837
2.759,1415.5639794874724,1849.4955116066794,4281.868020082706
2.759,1485.7863048834438,2479.2079268411435,4547.883920213823
2.78,1108.4974058878975,1923.4458264746197,4040.4760487802755
2.78,1362.3405262888755,1880.3435630654435,3623.991990713912
2.801,1493.2372480348965,1946.619074839958,3330.7458310413695
2.801,1771.9951587300948,2115.0575890028126,3895.9718301865028
2.822,1608.9284577674741,2035.0639482429888,3180.0537653982774
2.822,1615.9947297856743,2229.769885598545,3466.1296244971027
2.842,1794.4317203559065,2232.0440400541715,3772.8098655571334
2.842,1733.4790916556444,1666.3142376053097,4817.957352700896
2.863,1479.364553557852,1756.366121911711,4700.624283197448
2.863,1713.2956307474362,2012.0769563193173,4130.1291299175455
2.884,1474.6711706501826,2051.136896637436,3787.745023514569
2.884,1640.9293148059242,1640.243371127107,3137.141152900711
2.904,1883.5647290457098,2076.2067131959507,3385.555405654465
2.905,1479.9899616999176,1673.2700502045218,4052.3790385546
2.905,1678.0797649568583,1727.0087788812136,3800.390069038181
2.905,1583.193602527539,2246.5208681345202,4320.973879773709
2.927,1782.697235798841,1841.845485366654,4521.079101152734
2.927,1749.36680751922,1953.5590472786637,3908.7897830406687
2.949,2014.164773418332,2326.5029023880156,4248.1363371712905
2.949,1501.8362241232455,2295.526435951299,4259.568924770487
2.969,1528.2297048959435,2112.274851937213,3867.549957200057
2.969,1627.9319307062178,1938.7896248346487,3173.9597762146595
2.989,1420.893263085729,1615.888848405637,3433.304028112261
2.989,1779.1694368628084,2152.4209843981253,4014.6488143895604
3.01,1930.0046192776092,2061.194670693109,3776.8257826877725
3.01,1501.14968391502,2438.203684016131,4225.807038447962
3.03,1685.6225910819485,2018.9160188549515,4100.684927425628
3.03,1638.360429676558,1674.201473796139,3468.2269001296945
3.051,1883.0690883044065,1689.2686275740543,4328.60095229068
3.051,1291.5846002221547,1899.2243471946294,3383.8455304824183
3.075,1478.4808626076701,2063.5646346605963,4297.419125879334
3.075,1524.7425608214787,2093.182365561236,4334.736815528264
3.075,1880.2879727910622,1635.9889342909257,3585.9677754277736
3.075,1665.0078684014563,1852.247578344146,4184.132731711336
3.097,1808.1079175034286,1978.6264672687737,3762.960328695588
3.097,1319.8852354703258,2032.3082537578334,3472.0012991737663
3.117,1588.8910265170828,2035.0171020624161,3324.435838365446
3.117,1754.1567164353696,2360.2033569656005,3638.194698182507
3.139,1517.6690788822912,2043.212207661724,3892.0652137246575
3.139,1944.907296344941,2164.7120087323433,3854.8493959726106
3.16,1710.1328588685567,1977.4261835084062,3533.717759724452
3.16,1437.1322112714943,2017.0494305211246,4469.467161358658
3.18,2076.812107030691,2246.3301639725387,3622.888102845265
3.18,1674.9830013171688,1930.055560620394,4467.344034090933
3.202,1396.3205900383223,2314.9000496314015,4425.465064841091
3.202,1536.8114686801723,2077.5552036930926,3082.9596774578085
3.246,1596.1167619597386,2098.7247634211303,4422.496323069379
3.246,2006.9908727591414,2123.420599307895,4310.140397902764
3.247,1591.569065276821,1731.631521377069,4849.715102671667
3.247,1698.145959179143,1718.0889110717378,3720.061931514926
3.247,1384.0358837267504,1769.4017964407105,2989.499699984823
3.247,1675.5606326818424,2060.72715289698,3602.627687646769
3.267,1515.3940673916345,2082.8342685370576,3155.8214265230154
3.267,1996.840423365326,2009.4416964085458,3710.5279278658204
3.287,1875.6776939530134,1784.2745803371972,3780.172628820659
3.287,1948.8375130147915,1881.7415437691777,5105.361844005198
3.307,1478.431175436775,2248.5456271395688,3819.829129119135
3.308,1824.8039348848047,1951.8328211100688,3705.6979264351135
3.328,1609.8599997445176,1910.586518262091,3883.4415846199677
3.328,1589.6859044362072,1808.4350403780415,3956.4952069957894
3.349,1486.8394975893652,2051.6282527097555,4358.774571872813
3.349,1740.258974571074,1813.1068591201904,3777.1696510496513
3.37,1474.4151750561232,2055.780065521554,3869.5014940541128
3.37,1605.7754389200954,2053.568851110486,3309.391494088629
3.39,1688.1562539997879,2225.021693362152,4067.6981499695926
3.39,1758.9029376075384,1667.6726616771348,4538.956409068472
3.411,1928.827245995236,1697.6442672706205,2885.936291944451
3.411,1816.312208256678,1664.7319238253367,5129.839699974914
3.412,1699.7024203976189,1739.4568387531851,4540.568252596194
3.412,1761.589208454673,1757.7909920400584,3660.387251617634
3.433,1936.6651428884145,1762.1228659968658,3581.152655347781
3.433,1792.1626430164952,2105.679409568824,3360.4610848403677
3.453,1876.7413668704035,2205.844086465935,3335.5778527380667
3.453,1711.7618731011896,1921.9222947702067,3829.1238463681725
3.475,1393.4439046294613,2150.987691567948,4337.456505740876
3.475,1731.4375030028305,2000.992108255097,4731.2687313126635
3.495,1572.195466122506,2202.8507748596503,3432.5806373519363
3.495,1931.5514889338906,1793.7684107679831,4109.030466346512
3.515,1783.3806271163871,1874.7897439346457,3564.908973832843
3.515,1707.8707107890257,2045.054020709857,4249.277770275755
3.536,2031.336192113863,1861.434332257495,4206.578611583578
3.536,1523.1717290012516,1827.8376115828255,3217.327460771351
3.558,1343.8942679458746,2260.632479702985,2958.215758407239
3.558,2118.226308183172,1855.5092388004064,3601.2545037105338
3.578,1526.9693366752133,2347.7496392122407,3252.042233162085
3.578,1676.6398793484059,1773.5789013831302,4546.795086889834
3.578,1878.3914811852999,1996.4478864426267,4309.020836285189
3.578,1669.3257142102466,2194.73737095672,4340.366402239017
3.598,2059.7559116085754,1710.2062403268824,4395.6654388690895
3.599,1775.7004924862194,2153.8886883352848,3880.5030948379276
3.62,1434.2202927075955,2072.6379422275254,3494.6866621286567
3.62,1520.9702404255636,2275.764269549926,3703.077655859927
3.639,1583.50771877513,2281.790529900155,3483.1360790215786
3.639,1761.2885567758522,1838.2065674916394,3621.9230456313526
3.661,1488.7105510089661,1694.4637997331083,4493.954760042776
3.661,1552.4313887829492,2186.307501819733,4896.766996110903
3.681,1799.9937683395524,1721.4395458175034,3767.070069808677
3.681,1892.0409881415092,1714.7747111147937,3907.566520617197
3.701,1748.0260192577878,2008.6567064022595,4860.93463982096
3.701,1913.9029085477357,2056.2565503778455,4134.126073460665
3.724,1693.2382367777905,1970.6871279789573,3785.0799300665144
3.724,1911.263863741382,2041.0338657302764,2798.4282693660607
3.746,1372.562485505673,2069.6727016797786,4403.822701303581
3.746,1425.9881652477616,1878.6346356898935,4054.9269451464056
3.747,1617.7764139357273,1904.9816621328564,4740.007394036821
3.747,1509.7793581232265,2164.4943190896706,3512.6631510141656
3.767,2042.7157895785524,1898.2613035288236,4046.2791761110507
3.767,1838.3042752086462,1781.57349583337,4042.6696458461684
3.787,1707.2188030923924,1999.9988055108556,4047.5898330661225
3.787,1629.8216057946888,1919.7637957774148,4045.7960852714145
3.807,1837.2727111039383,1956.5831516287992,3191.950359353802
3.807,1192.3554677728855,2124.723057268173,3624.6001333311824
3.828,1598.362707483107,2267.66505387222,3073.9000067913917
3.828,1722.7085439068292,2254.659293398104,4885.326105163426
3.849,1646.98920738634,2238.671047829986,3483.6206540732337
3.85,1614.6207195764443,2333.809119323374,4917.231376783219
3.87,1850.492121248018,2237.145866300428,4368.271929257888
3.87,2056.9734754364986,2010.8655617847676,4096.362155564538
3.892,1975.0288473412404,1542.464736721031,3427.528438495704
3.892,1753.098261483066,1993.4774220978682,3972.614663577372
3.916,1670.9828005369618,2407.5280758187378,4619.954424964634
3.916,1491.9031538343963,2074.0425062342697,3367.9421971764605
3.917,1626.4333351289931,1938.630229176165,2647.2934747813006
3.917,1766.2546281508098,1835.5211116329926,3890.8723794637162
3.956,1913.6881522355102,2124.793208339868,4575.106455556982
3.956,1724.038870790185,2014.8144945432136,3993.8744680222553
3.956,1574.2047476945097,2296.488511631558,4982.564280421511
3.956,1625.8402821868515,1933.1102924396816,4346.650596907166
3.974,1712.2902992315894,2046.0271801983276,3488.778089843214
3.974,1542.3534551925986,1868.5611394187142,3155.383772414483
3.995,1982.164132434817,1873.890522966447,3742.901130115749
3.995,1462.9043644398985,1673.098554652537,3470.115684723489
4.016,1961.7752130313877,2149.1407484011133,3675.968188292673
4.016,1651.439953989822,2264.822147944111,4403.937426691862
4.038,1439.9594122472686,2102.981436319713,3712.9452996147165
4.038,1963.3177526220006,2359.3000582455297,4756.119704507558
4.059,1527.0747950747468,1980.8843384024583,3591.9682629693743
4.059,1820.091606751511,1882.8665093391937,3915.661914056265
4.078,1775.7457839074373,1909.0140158056952,4495.956717229658
4.079,1526.8586324013693,1882.3032310183244,4387.680188782374
4.079,1444.9861940062776,1660.3737438536702,4373.187678507049
4.079,1660.6372080678364,2069.0463728312175,3835.4003745024042
4.1,1556.156860493399,1811.502608862881,3397.6402408732006
4.1,1625.0091840395658,2095.91190132938,4145.767328513661
4.12,1702.4114019119663,2002.550402262749,4010.1295482628702
4.12,1860.9093031311581,2079.1152418179868,4820.927725582692
4.141,1640.3063281962518,1795.3881182221285,4565.8547466528535
4.141,2301.554629659952,2091.0861047161666,4685.6609514890515
4.162,1561.0653040141638,1991.3804285144192,4250.099375449702
4.162,1990.06814283206,1810.162917609109,4605.117658016152
4.183,2092.464206033049,1929.978621198225,3895.995303187715
4.183,1625.5174361508027,2155.412196342144,3115.0954499285044
4.203,1429.5438702782242,1915.3792822842208,3876.160869607156
4.203,2021.8433025645513,2249.1709180393627,3644.685192578835
4.224,1676.1907611218087,2113.922869209748,3414.864179870439
4.224,1622.577225084931,2111.4098280020935,3413.0658642212034
4.245,1624.9572784268641,1947.5547863031804,4085.6597384271727
4.245,1876.5937289431386,1848.3126169991365,3722.527904859607
4.245,1670.8094545124968,2002.688554632244,4937.322766643054
4.245,1718.0520422733243,1689.7468986468807,3574.7638643802625
4.265,1511.0816242775797,2001.4542589822122,3828.6441165366264
4.265,1599.1051198899136,2142.606682133166,3856.1062310033794
4.286,1520.5932964452018,1783.5335086413145,3966.7224063441768
4.286,1788.4797053560649,1954.1686600625665,4292.798004960187
4.308,1650.2058706582056,1906.2586726677666,3615.206337760853
4.308,1554.8970851509007,1929.8400043325337,4498.209738385534
4.328,2202.3511267388685,1665.2609237788283,4434.474606798903
4.328,2036.9340350924404,1669.4984641519763,4444.813212797033
4.351,1973.9950506629903,1814.1965988542793,4407.618229574034
4.351,1865.358070451574,2273.8537572145815,3629.8889236310692
4.37,1952.6464118515955,1950.4128103769276,3586.485687728674
4.37,1693.8836626025159,1918.5671841938408,3146.2295613891465
4.391,1788.928096772193,1869.5735381460959,3707.3737735896266
4.391,1839.9400071790903,2016.707509232369,3367.9095410195623
4.412,1306.2714226048656,1979.6666202759452,3738.873805282551
4.412,1714.1967990932117,2090.225050665277,3718.688963344457
4.412,1511.2850425149336,1804.1689247230229,4652.545137770772
4.412,1743.1770301608274,1953.6998976036775,3943.984453901798
4.432,1563.3910517300906,1673.1875621157815,3649.4018511600716
4.432,1708.500170795926,2093.829563854825,4345.372901589994
4.454,1855.8510964865247,2163.8238045022304,3650.210763864006
4.454,1827.3268009740334,2145.260530992631,4279.175387528122
4.475,1550.663952053745,2040.7161645856381,4117.285311164304
4.475,1756.2445961870471,2233.6113203419636,2908.3275400617276
4.495,2021.711208601574,2086.791811487077,4059.247066409719
4.495,2194.0984346351815,2147.208367023403,4173.597546685512
4.517,1437.7588518474072,1604.5713673703378,3801.0184329574845
4.517,1582.2811863396648,1797.1860979854682,3737.659936352765
4.537,1780.1034805687218,2245.3329232193805,3883.8107015059077
4.537,1509.5475901349969,1663.2140722563734,4256.2568207177965
4.557,1577.7711914637368,1760.5801134426927,3670.4582767415327
4.557,1637.258080028651,1660.2521157966746,4261.4298388484685
4.578,1553.202666821241,1818.5246904356295,4163.935939723466
4.578,1369.8801670204346,1706.2184311185142,3668.9366178036034
4.578,1655.8020123722856,1755.476021036594,3494.866564029961
4.578,2025.8317380373442,2012.3930220622049,3774.790728174013
4.598,1887.8388712773735,2417.00729506071,3985.8720092923872
4.598,1667.7216904447803,2046.425663468858,4536.8823515925515
4.62,1819.6675443011222,1518.731911473111,4784.994077953179
4.62,1321.7199311921845,1838.9931214502592,4156.648893666318
4.643,1816.1899514483484,1889.8781377966664,4032.546630062686
4.643,1964.4066252358396,1935.2261377424693,3467.93141522141
4.662,1926.8292965810695,1833.0593878966579,3834.1605207195757
4.662,1852.9253161203617,2056.3971277103406,3845.2713098220834
4.683,1452.9093910013073,1919.1960760020092,3924.828751194938
4.683,1503.51736747781,1825.6158746485744,4261.2114259519285
4.703,1865.6073797378597,1687.6970323009625,4073.3378407712403
4.703,1586.3905980964882,1569.4363390325977,4024.2414915806776
4.723,1820.492677393678,1800.4851142143712,3934.3015402208566
4.723,1557.1994162525862,1906.7759955878523,2965.3692562149763
4.766,1645.3825643259022,2226.551676486894,3469.1431673179186
4.766,1650.0922000523553,2139.766757243047,3808.799318994782
4.766,1834.5120037995457,1814.4627477754645,4354.190598970704
4.766,1520.1835623760114,2059.5639979038237,3760.8604799686914
4.767,1960.8225447859295,1985.1947918528808,3566.176021101115
4.767,1576.6539413315927,2148.3175079696402,4444.298630925636
4.785,1285.277520921011,1885.312653492792,3834.450127436403
4.785,1874.678442773717,2079.0824403809297,3767.132337476331
4.806,1986.3761199341645,2091.665781612577,4484.176844488045
4.807,1722.6600503896268,1978.9132593606835,3272.577378482108
4.827,1443.0945706191296,2100.5313476691267,3414.3969530472355
4.827,1612.7539204228603,1806.6952263312833,4193.533874248509
4.848,1793.7042757141778,2362.9247454470637,3844.566886344183
4.848,1489.316448328436,2103.2967293118195,4309.652126245375
4.868,1628.5142796077837,2004.6666810158438,3794.1308097083265
4.868,1728.0681281358002,1971.1268611355067,3797.97929102798
4.891,1625.2550085311561,2008.6031709439314,3720.814592258394
4.891,1838.0242815284241,2056.1612342452377,3698.581928367692
4.911,1802.5650451461308,1785.955795166328,4068.327937226458
4.911,1541.0523726919978,2025.0494405970667,4214.674435477566
4.912,2016.3998018101124,2082.848688223645,3127.6401986902492
4.912,1864.1678603515177,2229.9460131398077,3915.2016213440234
4.952,1769.7032905103729,2179.9088899262115,4065.534177227351
4.952,1764.2922928267262,1724.4133640594803,3723.206861707795
4.952,1791.278001419338,2023.721832336262,3447.692815677583
4.954,1940.083579705788,1898.550557960584,4343.667760645523
4.973,1719.5687337315749,1860.4631614498608,4527.816238239584
4.974,2025.575262770324,1754.7957267082124,4344.406304709031
4.996,2052.1612226823427,1900.9615309407757,3956.6004725768807
4.996,1776.4892316473702,2026.726691138721,3496.957166904389
5.016,1518.562646944171,2051.3203369990265,3816.262009104531
5.016,1632.1568766398032,1942.9750066974675,3964.9873635843223
5.037,1316.8137000595673,2039.1421911979335,3265.288028170913
5.037,1799.3144210725127,1743.2307625448782,3422.166898034333
5.057,1661.4934908067967,1783.6460615487254,3418.4145164729844
5.057,1847.3168282744582,2017.7058754351135,4724.260537215482
5.079,1900.7776313393256,2114.5363022478896,4330.602468823759
5.079,2169.3781719154067,1666.4658555877718,3479.037433311616
5.079,1719.0475801103712,2145.717708967112,4292.920059428952
5.079,1441.9868331912892,1894.3201033808612,3736.682290087036
5.099,1738.4231923787959,2249.2662610211523,3051.371784550599
5.099,1726.2844823698697,2467.209215636122,3269.35673134465
5.142,1536.3158125193174,1826.7488580422971,4417.028973658775
5.142,1815.2857731321515,1969.7016642177853,3672.078861010843
5.142,1895.662063219178,1576.3007310137982,3746.679848148906
5.143,1616.5009486660051,2191.864913303071,3075.2464407348893
5.162,1570.5919625401064,2354.027767231436,3868.8061896867994
5.162,1533.604715210275,2018.5922196903232,3842.0655501544097
5.183,1716.5428291934145,1571.098191309712,4306.863186548468
5.183,1941.9856709259798,1846.9465785095415,3839.0903201579795
5.204,1607.6007703699106,2002.8912133701158,4041.849581877116
5.204,1721.984704795104,1847.1281137392562,4110.557066851389
5.225,1805.7909340997521,2188.994347345486,3254.9939151669423
5.225,1962.33099528731,2176.268942119864,3510.5969780168543
5.247,1385.9016955594523,2050.835442728001,3622.5943533336454
5.247,1797.3022212550259,2040.0084793365063,3815.3690184680913
5.247,1718.4647928895877,1845.1231088305146,4090.0553992188065
5.248,1807.0481099132178,2095.432776723901,4445.150945262478
5.266,1735.9755340042068,1910.6020807999466,4222.874682361432
5.266,1831.7557499967363,2151.451834944208,3608.8648920453625
5.288,1768.8174714345541,1906.5941854384473,3196.592640916292
5.288,1676.1947024734068,2057.0337699030856,4184.63416109877
5.308,1793.786653667035,1943.651817961274,4660.923456184244
5.308,1647.2814637820582,1858.8454206673555,3891.3155316968778
5.329,1701.8233322643828,1748.1928413847154,3394.1225110450687
5.33,1797.221605359892,2112.707454693297,4567.455665616843
5.35,1734.561020386587,2142.382827208134,3411.1979898171326
5.35,1913.5018339037053,1835.381574913246,3810.6381683169575
5.371,1504.5490898613675,2072.7069089561346,3587.7162610920614
5.371,1828.346716928421,2212.046886289224,3625.4243616878093
5.393,1733.4253896262899,1957.9640506379308,4313.81983740589
5.393,1748.4865447135453,1923.4005107799494,3587.4544051985
5.409,1422.849030868623,1935.7906236453155,3982.2283656557443
5.41,1750.5323840785547,2009.0629448543868,4097.012050094203
5.41,1584.760744146325,1547.9353275078083,4052.205580833017
5.41,1604.370148317276,1973.3482455053402,3554.290106928218
5.43,1938.8355863838003,1952.9662683546574,3889.373089377734
5.43,1703.0970096995834,1625.2737066197396,4438.957546370659
5.453,1812.6833645157308,1982.9689427361277,4229.492627213845
5.454,1458.5578085589568,1889.323940676752,4780.914399433661
5.473,1362.1745207115969,1661.850551900147,3471.077768906028
5.473,2118.5258906268946,2072.3521503921934,3379.1378609313792
5.494,1405.0138623271796,1761.4489827770149,3799.0413238726173
5.495,1417.878933388439,2139.7163798265196,3143.225947131506
5.517,1567.784398971949,1780.2950346547875,3578.0619544436067
5.517,1718.9107735131006,1762.7780780081425,4316.309954943064
5.536,1902.5175950863531,2430.0617197999204,4523.342610209755
5.536,1686.032787839302,2109.7781158060734,4470.654357116057
5.557,2093.744336647156,1929.775359748642,3790.707326113671
5.557,1490.479474206645,2093.69635469693,3405.124097707967
5.578,1541.0766524068686,1714.4016854334748,2841.138874031163
5.578,1729.5872265938715,2011.4039275158682,3033.412717516793
5.578,1772.4781548694139,1491.9828172169973,3931.4311757008
5.578,1789.3688037210184,1983.6294833858728,3964.961440551266
5.6,1856.9339835468895,2071.062717535177,2972.769890705541
5.6,1450.4688779144233,1967.149277567978,4811.095583405698
5.621,1927.2542229352098,1780.614091807418,3651.4986322418313
5.621,2006.9281631617255,1893.0455078867635,4756.053819324261
5.641,1632.6688315534868,2016.4002752112235,4416.397122387131
5.641,2271.728404490824,1569.0953660047676,4510.2335986685
5.662,1431.660630680384,2162.235981019625,3831.6709323761083
5.662,1517.4219794384558,1982.971742527995,3203.05360346549
5.682,1703.8747025672592,2162.3694906549954,4488.071481108761
5.682,1234.6966385474109,1833.955571543448,3062.8525384082654
5.704,1858.2528691731725,2133.7714640522026,3718.811505465892
5.704,1599.6501072535602,2166.3558673861226,4324.680503195514
5.724,1642.0490814533862,1720.5823384388095,4324.695793997616
5.724,1803.657747989639,2443.5651440111524,3599.772956619066
5.744,1896.3001147819632,1954.9946413918192,3553.21336762593
5.744,1515.1718726294337,2172.8364688388306,4084.844424006231
5.745,1429.0392123591905,2027.493160309752,3290.2031081423675
5.745,2020.7673825216668,1953.289698055929,3883.199242230501
5.765,1680.085538565057,2225.4553897109436,3977.181235339347
5.765,1727.8648730734376,2081.909228880062,3716.1014809283743
5.806,1464.4870500180232,2042.7595917022763,3456.520753305064
5.806,1796.4350651873233,2135.1928942263594,4551.279087541768
5.806,1602.6893952042826,1860.47345937837,3335.646371520127
5.806,1856.765666410734,1883.133682161859,4466.2724297420555
5.827,1844.740760399886,2040.1920490798566,3630.2707139154845
5.827,1676.50921660987,2333.2359405756183,4801.416164907341
5.848,1561.9992158118666,1894.444029458493,3895.082873581996
5.848,1677.697265805857,1899.8579075020914,3651.496583763676
5.868,1762.9321633486047,1880.2879864877593,4085.63668004021
5.868,1614.7521704160758,2212.665644773897,3539.2716031971777
5.889,1754.5064422643031,1782.1463708706726,3013.9748404156053
5.889,1651.1950600651464,2228.724543950602,3588.5799864899814
5.909,1594.7280254141688,2144.908572064074,4455.008342705179
5.909,2116.9606344317804,1935.4129484368386,4237.535114776768
5.909,1770.9794483070764,1977.311237974073,3487.2407043521653
5.909,1881.821126807853,2264.5851771081952,4463.802804682296
5.93,1949.6024482346977,1991.6959574685077,4185.51242661151
5.93,1496.2505455227365,1736.586699505217,3556.522148065638
5.951,1789.143952197654,2082.0416996881327,3881.322767369108
5.951,1563.371398430686,1777.2554069216455,3908.3009183506047
5.97,1784.3790364836864,1653.6644134355445,3406.616326760999
5.97,1805.260157840043,1845.2914644086181,4264.179316714755
5.99,1635.424954771951,2067.9228166978255,4141.510284659766
5.991,1947.6827612425152,2085.544936003355,4778.089474976979
6.012,1884.348922154136,2236.335569516521,4139.75656135884
6.012,1784.9703691689124,2078.2661033838754,4247.956046155615
6.034,2018.5361679450484,1816.9164327102174,3483.398891749148
6.034,1835.7101356971593,2194.4565696474797,3237.245687638106
6.054,1504.9455696249665,2220.2126287389797,3809.334575061884
6.054,1568.1562727009034,2205.166404156852,3321.98898975398
6.075,1236.0482308216829,2008.7104463235155,2648.4301860836676
6.075,1374.2815066289486,1925.206483990237,3794.368738975497
6.075,1695.296945563798,2439.2412052481104,4116.589838204956
6.075,1388.8086987050738,1732.5302012931882,3146.5722339459808
6.096,1591.711496586925,2314.792829937568,4003.6290471605184
6.096,1858.779314237534,2267.5334714542078,4118.225668062057
6.117,2109.0852016351314,2014.4794701314604,3262.4432994983554
6.117,1817.780575350076,2000.4790288253766,3948.5602228023818
6.138,1685.3423025404466,2041.6887416747759,3770.2169067248915
6.138,1675.3129565056445,1844.919088946746,3417.3710588143144
6.158,1337.7969118164895,2191.070148196096,3324.091775860882
6.158,1597.1775085579318,2069.2944905713193,4181.5927744747405
6.18,1656.6909519021704,1331.0505257796522,4433.17930904443
6.18,2179.493389490696,2289.263013646094,4083.324349693361
6.201,1749.5331036420027,1828.1434070359542,3567.8377103370667
6.201,1750.7068800643801,2053.584538321863,3354.4208606671446
6.223,1859.7842290103922,2095.5937007917223,3115.976540815304
6.223,1707.9652835758288,1544.7276452784308,4070.317230469115
6.243,1428.7348484273139,1873.2693215944387,3859.7558987893276
6.244,1481.6684888139848,2199.3620541103064,3069.444562979818
6.244,1437.6604997443142,2081.8787162764397,2935.5794245617108
6.244,1886.3006331821857,1734.9960222579257,4262.525439417868
6.264,1826.9769035642662,1983.426075018048,3247.683203475603
6.264,1786.9436633617788,2280.696114237731,4552.285975867869
6.284,1718.43193269848,2093.182844441702,4273.221548534146
6.284,1525.1853895380834,2088.5081320215436,3405.8991530516428
6.308,1561.9989572895042,1806.9675193000298,3401.2859807765476
6.308,1844.533444516619,1993.1755249118169,3501.270126954571
6.326,1794.476126242791,2223.9036745672756,3706.457237263923
6.326,1760.4536647858397,2133.5024693221258,3446.587400211261
6.347,1348.036112040444,2107.7342395871588,3162.9838811138434
6.347,1658.396460003718,1820.4622980954377,3839.292638194291
6.368,1657.8525228029775,2233.033610457307,4041.740673923556
6.368,1436.5435013323754,1915.4464906775381,3817.132826077148
6.388,1833.6664564821547,1878.3952624915598,4393.138226381349
6.388,1829.5538854656702,1966.0449346888388,3802.2105774823685
6.409,1582.5256447818294,2322.7429483683463,3404.248712765653
6.409,1598.247408402844,1700.5649112618426,3798.17329724368
6.409,1666.5808437001806,2214.41048186443,4023.111856636661
6.409,1653.414230058374,1705.4928668984205,3623.5417701439465
6.43,1704.9982788701893,1941.7967028119224,2908.424794072667
6.43,1540.350012571761,1765.7141648330087,3872.3883267044653
6.472,1447.7824834732814,2002.7138928955324,3683.645716987401
6.472,1878.7633748625358,2142.435330330295,4826.446441179645
6.472,1663.7397506645714,2020.740629836866,4139.66104784404
6.472,1713.6790928942837,1625.488926346633,4079.166094046691
6.493,1528.1630441140094,1852.1572542416293,4849.492608354149
6.493,1525.964052991979,1869.4800915459057,3821.146102311217
6.513,1719.0392086846307,1968.7481956596575,3190.2591861466435
6.513,1868.4758418051479,2130.2998258256434,3445.5980219266476
6.534,1762.1742269300487,2096.445863728038,4242.279442701213
6.534,1523.0675819713304,1980.5610949491736,3925.141454189274
6.555,1727.835692021933,1895.659248074463,3135.349239366657
6.555,1712.0907660871926,2156.9130420659226,4752.113123508018
6.577,1469.3801741130399,1620.7483190586522,4016.6187560171197
6.577,1476.4538988632062,2000.8352385276532,3942.4293606481788
6.578,1682.152030587779,1813.6679556385739,3698.4984610623455
6.578,1666.761412307538,1575.1295064232772,3313.082270741235
6.597,1453.374926452373,1527.6263448188768,3691.135830019755
6.597,1654.6532788787097,2013.4602633147451,4140.466724479611
6.617,1904.6749071578272,2129.5830940046176,4601.067729267353
6.617,1416.7730801174823,1645.8476001190722,4578.078157836722
6.637,1534.5295889802494,1989.4677858396865,4100.517633083701
6.638,1812.3747561391453,1778.5013200249587,2906.701746461547
6.659,1562.4458259376336,1570.0083581137178,3930.3654109296494
6.659,1654.7544618423951,2064.5779355762234,4326.479437794571
6.679,1908.151731541418,1841.0696507013756,4596.7912291799175
6.679,1694.2709427095972,1909.1389783994043,3696.3505623623105
6.702,1298.0770076414146,1992.1113359515377,3493.4272563254985
6.702,1650.8835829094833,2040.0451696515067,3216.027747026272
6.72,1838.139091950478,1870.9851403459616,3611.87596001471
6.72,1846.3467544338732,1924.870517427708,4595.812618457513
6.741,1757.0783641987339,1727.133951759335,4415.1059553853165
6.741,1493.1521205665128,1977.6642208655182,3630.8624693063684
6.741,1557.986968405387,1922.6673506528514,4598.006608657584
6.741,1721.9353875400018,1754.544064265452,4224.775624651325
6.764,1447.8741423409522,2258.545349790824,3245.7535534101035
6.764,1436.106076619215,1540.0431775317315,3088.4573117922746
6.782,1442.4724157725645,1912.9740275825902,4687.878526502967
6.783,1442.8713230572046,1875.8139259444154,3902.015889391238
6.804,1806.1050566669326,1565.3694645032992,3895.95543922498
6.804,1827.5425706426083,1978.7970281659113,3773.8891850419723
6.826,2350.166689976164,1898.1414576261895,4142.954069120334
6.826,1945.2096622553297,2011.9113724448741,4173.4078621998915
6.846,1390.116178503356,1938.4633329354754,4001.0510898727402
6.846,1955.6451109321877,1840.0708473662062,4492.285683293882
6.866,1811.980166919554,2215.487647787098,4304.19095828099
6.866,1720.093862262402,2313.48254485683,4429.642347467891
6.887,1788.376839185056,1303.8940353686571,3394.647779304744
6.887,1559.3997936899332,2021.1556099393829,3225.1362428908797
6.907,1922.4545748593453,1879.671444551817,3531.8543409829063
6.907,1593.3738706304189,1834.1291291003854,3759.658525604409
6.907,1791.240882866869,1952.311396651321,3600.9254378540195
6.908,1799.1058287097671,2387.0500723360137,4127.84758840166
6.928,2088.1966738176875,2357.3295561974583,3863.5530298274853
6.928,1962.7194153188698,1942.7911954656481,3170.4903433219333
6.948,1554.7117540674446,2402.0697995329815,4162.597803142897
6.948,1509.5523796349096,2362.1464747864998,3490.6747724923594
6.968,1368.0775708368524,2091.6686621096346,2818.807939195527
6.968,1733.724617030126,2053.295074557861,3255.514624208562
6.992,1821.8309657643292,2355.8725867866383,3266.731071841925
6.992,1870.0094989273464,1794.4810519000816,3942.5974662757335
7.033,1616.2505547330122,2347.4126548059526,4292.515705749699
7.033,1561.7867762750582,1834.8797192077427,4225.890131077592
7.033,1799.3450704857416,2307.419518084846,4878.3205606273805
7.033,1634.5984807810592,1940.9352109341062,3865.9037998888252
7.054,1653.6132339732553,2070.871796642424,4132.221950310056
7.054,1685.0186768766125,1955.1216004470762,3799.6268039472207
7.077,1391.3190603139833,1897.6041201600863,3332.213767797665
7.077,1342.0892951073622,2032.7371397180482,3315.318541555859
7.077,1596.7265028193103,1724.6553596413255,3708.398167249858
7.077,1739.3698715219332,2129.5116012627495,3139.708323019421
7.097,1510.6073927191044,2350.5201688244433,3828.7634827527936
7.097,1712.099344088911,2089.4817837031383,4013.26054239233
7.117,1550.092435058917,1979.3919132912347,3564.307548585022
7.117,1642.4428282956155,1844.8728188307214,3556.6495370169487
7.137,1517.6751255061533,1868.0433347435078,4459.236840398679
7.138,1926.3606532630677,2067.8681181564775,4057.3583858196357
7.159,1602.0888804815438,2030.17630910333,3610.7426737389123
7.159,1554.9114598570477,2127.6606052393427,3369.1888228104804
7.179,1785.1780949489957,1801.073615834733,4388.012173544821
7.179,2118.2532504945293,2021.6538809098993,4248.601080379841
7.201,1720.9636071303094,2035.370209198272,4572.502011043125
7.201,1514.4629979885067,2022.9613872769626,4709.115483600332
7.223,1450.362323574138,1835.3629178167607,3381.034057913087
7.223,1928.0738572495025,1921.4607971916332,3328.8907713314306
7.243,1291.5627431536736,2008.8016190173994,3623.360251283327
7.243,1560.1390559672027,2416.088116786067,4172.2913019636135
7.243,1712.4866722666502,1903.7302337749102,2968.158888554744
7.243,1732.3495524069588,1948.9880211154139,3722.620725022089
7.264,1883.4942658227092,1768.6403224605401,4964.021329553499
7.264,1672.1899374155464,2159.2506571805247,3600.7472518932923
7.285,1899.5701179078744,2061.334274781251,5069.06988504196
7.285,2079.8865019447744,1545.9694581814001,3930.6613061880157
7.306,1534.2574939551687,2379.355794139545,4583.166566885715
7.306,1572.7905168845834,1747.2532125831422,4286.489083164923
7.322,1854.4733688832107,1655.3583988356627,3827.704775221684
7.323,1974.889938939408,2204.0532896599793,3982.4517969640556
7.344,2025.0909987872542,2330.2745476230953,3739.007543111721
7.344,1630.4359475954889,2216.3437552518003,3726.8543046495265
7.364,1794.0738215344772,1929.3944956423645,4034.2644260315474
7.364,2086.7807977637717,1730.0775538785092,4213.122520126731
7.386,1679.0305023580008,2271.3290888953566,4146.413034438629
7.386,1650.48309383246,1925.4400436819255,4818.321539564647
7.406,2214.2499113748554,2092.405528868912,3781.608699873584
7.406,1657.4904459392822,1817.0769896468005,4088.0313922678724
7.407,1648.1514088761865,1939.1534527934516,4212.287940482296
7.407,1622.2491153192466,1469.943972435568,3236.9843729615377
7.428,1750.9446942771308,1818.463727165538,4027.0418345614216
7.428,1515.3490340621877,1965.0168744857065,2593.480224830264
7.449,1562.016799625102,1896.4472487555126,3945.562070166831
7.449,1811.4775336303296,2178.017198640453,3973.5193324527604
7.468,1593.5061358897972,1741.947317628396,3775.5662009050866
7.468,1464.3360037920856,2281.9643614462166,4032.549304192547
7.489,1843.6406705966501,1870.6263898978616,4232.92626931339
7.489,1850.7608475804732,1742.3149363916841,4556.926301656298
7.509,1468.954485985374,1853.9132347849718,3738.9495160730758
7.509,1297.2782363859105,2081.9628095139583,3332.5277377399743
7.53,2030.9622939016008,1985.6750573446718,3499.9310798453566
7.53,1227.055555224919,1462.4285638930978,3575.2643719634048
7.552,1780.8213393631647,2312.029304484,3942.705599164463
7.552,2138.5499750621307,2126.500998629978,3453.912994287921
7.573,1595.613112642451,2017.4649361889847,4156.834349586879
7.573,1749.0578646252088,2202.420127756503,3454.3857159388303
7.573,1655.8342403265347,2163.603851797046,3627.001876790312
7.573,1657.5480829578614,2099.4959961401337,4120.332625209374
7.595,1414.0093195817394,2096.0469598131544,4426.459384704205
7.595,1678.1290374539317,2107.037973262815,4232.597865537947
7.615,1630.0046620576209,2134.8115417564904,3455.698450985466
7.615,1739.3812105787674,2168.1345519232773,2923.400705952834
7.637,1569.9671899778891,2040.1384558205998,3945.2414110982463
7.637,1634.568708062685,2166.0850647025277,3411.527382736241
7.658,1963.425891884598,1814.322803963586,3919.166421164847
7.658,1308.6411193537733,2315.951265198836,3999.5918992379934
7.678,1807.4808363470888,1772.4666669365297,3745.409941633407
7.678,1775.400147177618,2416.7366079435624,4353.716798257119
7.701,1658.2143310367462,1900.3660368076175,4151.992752992798
7.701,1664.5756934951053,1844.0510982054236,3680.387603106954
7.722,1639.2326216626582,1607.9150186277345,2780.8734526451126
7.722,1342.0496917460066,1924.5890536077782,3763.187994915357
7.743,1553.8940932804976,2099.7156095073046,3850.9300075292917
7.743,1656.496956518633,1677.0435867423935,3872.9788027223317
7.762,1696.8583269016078,1986.9762500524837,3952.15789056825
7.762,1655.4373898447366,2005.0360409800892,4598.726628397242
7.783,1617.6105975976861,2232.0764987104053,3786.8365243186936
7.783,1750.8058081717527,1702.750438858295,3885.654565503904
7.783,1806.221017979217,2054.537546018376,2729.016617982861
7.783,1468.5010693492923,1816.667527936738,3562.418442342326
7.805,1705.835961080084,1952.0042645428225,4482.609799715674
7.805,1734.1680407414385,2162.824857058862,4424.616054857303
7.824,1922.4525855106804,1784.2892991652288,3353.80432732834
7.824,1813.1715074203312,2110.463526928719,3394.2454623903513
7.844,1218.921367782225,1650.1428206643857,4167.003494500664
7.844,1556.8463867460446,1786.551180157261,4598.049616747288
7.886,1747.5016174925922,1387.0389569637514,4075.607361601039
7.886,1873.5945855464145,2001.711955853773,5011.6834597154075
7.886,1863.871140215576,1755.2193389269626,4042.4811715083224
7.886,1476.0882750514277,2563.8707098894274,4250.569061488755
7.906,1677.2534607773619,1909.3303846525257,3650.118313533646
7.906,1722.812607302759,2049.089413156654,2921.4399391607126
7.906,1603.0888265027027,1566.5680335616426,4081.928934422303
7.906,1912.9762029740589,2254.4035154303697,3638.425743764882
7.927,1932.990475078279,2016.6128128463433,3656.1605920057946
7.927,1352.8641162742629,1991.16970596929,3905.188185857701
7.948,1831.0575735351947,2061.3807367147256,3946.738778181939
7.948,1690.318847219879,1900.3718104407437,3897.975248830831
7.968,1627.4450158820496,2020.1128822223461,3367.24671101452
7.968,1553.3659139652027,1786.6260428640705,3801.07320336688
7.99,2031.51265521172,1843.081758533117,3339.842775363617
7.99,1656.5695559292083,1792.3735500846815,3760.5993002511027
8.011,1637.4390048045504,1826.00028246447,3777.2011629980916
8.012,1433.3332102567513,1973.3737773466298,3777.6024352247014
8.033,1838.050683044725,2069.0353277426484,4312.236038574704
8.033,1784.0819535466214,2118.350813266631,3894.3251646583276
8.054,1773.4550989742993,1900.5161755259119,4412.611492475481
8.054,2007.1853163243788,2253.3390406214785,2992.6273926418535
8.075,1800.3927286619041,2178.0100802996617,4136.66189697949
8.075,1929.2435794305468,2032.8648025065663,3973.451114379627
8.075,1559.0233441552382,1973.7570843338171,3295.587356689988
8.076,1716.3914906552848,1818.5398575800994,3677.6616078688276
8.096,1790.88317492888,2152.026058104504,4590.749777573169
8.096,1484.180170973749,2066.7884008734127,4624.233279207895
8.116,1934.9420358326156,2091.382923463458,4539.981893778346
8.116,1901.9623348685468,1998.28120536197,4412.755659021926
8.138,1744.2917176939875,1890.5538203024385,3999.6164464099998
8.138,1718.6199775570483,2022.682007809655,3832.655353966165
8.179,1508.2922581278772,2224.8572341989984,3802.3263655365577
8.179,1627.9041889374112,1752.6251219856454,4388.151854278198
8.179,2026.525602839275,1988.5792419181325,3815.5960558154684
8.179,1768.0801317973855,2116.640011238014,3879.3794175503085
8.198,1865.2586488698305,1618.621698115688,3585.9566842772847
8.198,1866.2733640193742,2039.7556329076897,3655.7857477981643
8.219,1456.3166019344424,1945.127949891654,4442.579425053165
8.219,1930.9169095894167,1804.156306899374,3296.3462781968865
8.24,1350.3272652287392,1931.1611988652048,4533.515608671917
8.241,1627.5462688758853,2304.8254920006443,3998.4734034466687
8.241,1657.9208973034583,1927.6809564484097,4165.788690690225
8.241,1474.317653389614,1965.939867924164,3941.9981600106594
8.261,1358.1175534021356,2102.9012478980826,3305.336441284551
8.261,1923.972950497744,1470.178668564537,3803.7648434980692
8.28,2032.0361844558556,1807.4512324898749,3610.495437324737
8.28,1807.6499328795462,1905.1245407919653,4124.948954455352
8.301,1910.378463839138,1938.6999062321008,3862.8624457085593
8.301,1780.6989258017093,2112.8948384442956,4814.78373851134
8.321,1713.9153817459485,1810.531988031091,3573.4544052484653
8.321,1933.680336907049,2107.076304174112,4149.395408424488
8.343,1306.3008025579916,1749.6606426679164,4554.092788550049
8.344,1521.7782320141032,1972.3768579304876,3972.2299454923286
8.362,1349.0217505653384,1792.5163507150537,3279.244149074535
8.362,1322.9774031367322,1877.1429068875368,3671.563593901262
8.382,1733.1423477714147,2448.1027126765953,4060.7936565088585
8.382,1605.2587797085862,2008.5812084825309,4437.697374280119
8.405,1745.0371758876624,1656.0210621293286,3569.0100349570207
8.405,1947.7003762240277,1852.3945252693422,4647.716357186834
8.405,1648.6130789815882,2022.985919828097,3218.34655332646
8.405,1731.0520340743935,2272.4386782731685,3703.127645696714
8.425,1737.9048874074074,1749.778984993065,3410.565094585016
8.425,1357.9959509012567,2087.3385037424637,3382.44601443421
8.446,1707.9161260106555,1963.1563757203965,4018.3271752786704
8.446,1682.2378288451885,1948.7238098529779,3876.968244337859
8.468,1856.9555900674468,1961.1870105338205,3925.0104100002195
8.468,1777.6800240097068,1873.6403285013412,3532.9758559859993
8.489,1604.196332538255,2103.735692625678,4097.147418835516
8.49,1859.7809511969576,1955.5895273101141,4241.2049912969405
8.511,1860.8817427094368,2219.1563719697365,4582.072932227498
8.512,1843.1536743332651,2244.6656623404783,3625.5462902790982
8.533,1434.8279334648082,1842.839140119382,3748.752934612414
8.533,1789.671577045896,1945.1407664338965,3377.326279797586
8.552,1598.6848589792414,2163.59241882644,3281.342408258875
8.552,1644.6653957557023,2206.743397629797,2679.5567024899915
8.573,1533.6847324269847,2434.5426394890474,4046.1480340772214
8.573,1889.8146413850945,2149.351083236901,4120.0465780126215
8.573,1674.425185698209,1644.9727256694473,3368.991946791771
8.573,1853.1617682000217,1973.8164228500264,4257.330357011433
8.592,1885.6870108211212,2223.475646081465,4243.209590168015
8.592,1462.9191452068321,2430.9947854958555,4364.040372574702
8.613,1907.527067659393,2026.9458893740125,3738.5545779155923
8.613,1650.3189092089713,2320.7350910793625,3509.963629360881
8.637,1782.3099360053445,1944.0901752521906,3482.83437114935
8.637,1572.525660826366,1778.4930797519612,3394.6311118698604
8.658,1823.3728326370167,2073.244264811946,4198.09890045856
8.658,1447.0000102206423,2292.0367136423906,3771.016740706437
8.679,1618.6008414621306,1808.449988986334,3396.7092688836497
8.679,1667.031724996034,2095.39100667996,3868.446036861721
8.701,1718.850156955703,2019.4395324362554,3524.3099548297973
8.701,1769.9932725643073,1800.414543185665,4373.52966968751
8.723,1837.25841336008,2099.4387986320094,3188.9009801993775
8.723,1735.9704989543366,1757.9540380828396,4450.310138705423
8.743,1559.0509528712628,1696.6959087390244,3351.6340680812805
8.743,1479.0243320283157,1899.5039512775732,3958.1637664067935
8.743,1811.5520664622993,1807.5234454868475,4938.760319710264
8.743,1854.034755978212,1886.5593847486466,4685.447477656878
8.764,1626.4943339671968,1810.601414623858,4605.478687468623
8.764,1698.3721679189848,1896.536445188865,4400.97341883857
8.785,1531.3875463464497,2155.3491219420653,3408.9602654187297
8.785,1888.81882265596,2250.829567409794,4006.2592839903928
8.806,2133.758447871475,2157.516680441803,4185.30319101157
8.806,1764.2487504727853,1991.7920872786476,3387.7451619238736
8.826,1443.7512693196575,2311.774877997762,3250.7146722486314
8.826,1694.407711304742,1903.5816933707044,3111.0675048731227
8.847,1570.272024233983,2318.7304410698216,3976.834879297894
8.847,1796.7339936267642,1909.5067644793564,3582.4970167649453
8.867,1507.0556271140526,2204.2469841349903,4004.430598370795
8.867,1988.6645219385914,1735.8510577588795,3953.352170417049
8.889,2050.2298902053676,1904.0806345926167,4196.812996434395
8.889,2122.4674696220154,1499.6785467464674,3900.1114458517372
8.908,1647.4466700602807,2070.8927135592135,3201.7272845294874
8.908,1673.5793861042491,2105.383366082614,3916.4178395641898
8.928,1525.5816306336249,1905.8489756587683,3210.1859318700053
8.928,1442.3696536767964,2089.214831036104,3750.4033282123273
8.928,1589.77112425711,1863.5976747886698,3983.668999541621
8.928,1455.0204142492946,2068.7304152567476,4194.4181326127555
8.95,2119.5844958231564,1975.1203226796144,4901.730521773738
8.95,1981.4983878011517,1788.4972030383456,4637.164414928909
8.969,1628.6870026933307,2391.9128721710867,4112.306929719975
8.969,2079.9530842851377,2376.308989518086,3936.297547166821
8.991,1531.7578556019366,1653.3141676186583,3517.487390621505
8.991,1799.2533041520305,1942.9962911467346,3441.5777966975247
9.012,1783.4532955480006,1333.349274432077,3009.130838958917
9.012,1552.4114281848476,2068.3938135636567,3257.6708869782606
9.032,1504.973006392058,2034.1580370995384,4245.555356172636
9.032,1855.4190448272643,1856.825125950565,3411.19627324318
9.053,2046.8716610035142,2208.750364927016,4054.1667257921076
9.053,1853.4769499917093,2070.814310091456,3881.439626256252
9.074,1919.719608484528,1947.6557103590485,3963.2650849249985
9.074,2099.940867188915,1636.010673886651,4515.597832790867
9.074,1561.7244906495503,1847.0986041802234,4537.312687147408
9.074,1584.479736899044,1939.2471148274806,3890.3952103788943
9.096,1652.597813899912,1736.0039525489733,3467.9005861815313
9.096,1313.8259003718897,1980.3771710645365,3083.0291975578225
9.118,1603.953956181977,1820.7898697189316,4075.465875562196
9.118,1788.6835583345032,2253.631400824963,3939.2849906373276
9.138,1607.2982599935094,1644.1451496596187,4229.783607305553
9.138,1983.0554055739433,2007.2846145358071,3850.940240496937
9.159,2086.9755638865286,1621.3532151232569,3803.2252928784724
9.159,1936.3246318449815,1878.9775181822733,4479.571743753783
9.18,1574.6851327770212,1993.071778276375,4136.1013249534835
9.18,1655.3340363930988,1849.4010826392275,3501.2814331288164
9.201,1458.8385985140435,1711.5048629921125,3127.730012363975
9.201,1407.3466580403826,1576.520972203891,3409.7005847542514
9.221,1516.982006731775,2108.03963585749,3395.4483244830076
9.221,1822.4071528818324,1977.5231864745012,3651.4408000236895
9.245,1849.1236250692252,1948.4358450594148,4346.651704442655
9.245,1714.0621127483291,1856.7400305065107,4438.178235557603
9.245,1689.5333037763828,2035.6825130002212,3919.4695044907844
9.245,1802.1132735638807,1990.4848176434582,5153.883016466961
9.263,1713.2169741226855,1894.7498437438308,4124.272811601017
9.263,2056.8822602003884,2002.9888639484263,3398.414046215159
9.285,1394.888545688582,2048.7356333078055,3999.145773870896
9.285,1959.9531659128165,1504.0760225625402,3234.828176372499
9.305,1257.047170293263,2163.3777959643035,3357.766225035718
9.305,1640.3092248566754,2041.8113321923186,3613.797505239378
9.325,1973.261388488524,2259.123503762493,4035.279289121949
9.325,1826.896651289677,1972.2575788372283,3328.790734979369
9.346,1606.3547829777115,2232.78757595792,4042.7984981205036
9.346,1956.3082656098468,2169.115378075707,3682.1541551467817
9.366,1555.8237538448334,1774.0674385717766,3399.6972064055944
9.366,1719.0882399580225,1522.1516831776032,4124.311141941564
9.388,1360.3914361478996,2099.5849349795894,3472.2099409005746
9.388,1044.5663384428112,2421.452259692369,4031.8149901328197
9.408,1442.3623161506375,1960.6488021527782,4047.402005122007
9.408,1480.1993753978254,2153.656840968978,4134.308317575573
9.408,1720.844811234875,1761.6028944448515,3876.1820118612054
9.408,1969.1605222978528,1993.49582746577,3531.545674374429
9.429,1977.0791038078185,1608.6976028208255,4743.959410509025
9.429,1822.4543005240691,2229.5798563018657,3778.072425894941
9.45,1988.4322809614077,1694.4857320225467,3454.956702727896
9.45,1602.3630267353822,1935.9518403875309,3272.104036373397
9.47,1393.7677287039044,2187.6626069283616,3281.12974755729
9.47,1876.604568977424,2032.579166130689,3694.5638392070755
9.491,1444.9388103860833,2071.7326524039695,3563.5917927417636
9.491,1690.5538090111236,2028.8852546728385,3392.982581901418
9.512,1925.48652839063,2052.3699958456464,4520.002025737717
9.512,1804.2526896546942,2043.4575146470852,3697.8051858052086
9.532,1872.519102153712,1941.0247844487421,3605.815047498721
9.532,2015.7714687043126,2000.7479794960457,3926.0713619795797
9.552,1801.3023219399606,1625.6804106240163,3881.9458918994906
9.552,2067.7184119494204,1775.4100364834799,4864.85768896415
9.573,1559.1647068044695,1953.97922128687,3901.030192665729
9.573,2170.0272763127937,2068.24567449823,3506.3958833675047
9.573,1577.3985712794758,1973.0652846022151,4834.189318024178
9.574,1173.6313228246784,2024.737070999815,3306.869311602138
9.593,1705.38883273317,1739.9316813167072,3606.7202990760884
9.593,1660.6124263524152,1903.0081478679815,3988.580836760511
9.616,1881.6666557315382,1894.345536665542,3847.982903481712
9.616,2067.9686922563947,1779.8641430646865,3878.310899432359
9.635,1707.7915714274777,1858.9885157673748,3962.0915370458247
9.635,1893.2496679985225,1848.0967930467089,5020.401222923546
9.656,1447.7282878635765,1723.4634099040854,4059.338185095906
9.656,1735.9600364442852,1794.4417595197992,3684.274120171008
9.677,1803.3335624148403,1957.7201209061445,3714.361375440623
9.678,2108.1663749169525,2268.0696517238134,3604.167682142455
9.697,1817.0041837406175,2229.809366534451,4245.198645339623
9.697,1820.7596064629604,1851.8784739665023,3222.031409823936
9.719,1803.1469782876409,1759.6460542955806,3843.2956200693134
9.719,1863.4437846261085,1933.5971468956084,4578.335966306593
9.74,1678.884003253801,2267.5929680397394,4224.680036255273
9.74,1692.9793280693762,2025.0679926212515,3517.2538881766523
9.74,1735.0545649339736,1775.034201551233,4888.946133255144
9.74,1944.7551164917486,2070.0047875603036,3349.456979524598
9.781,1428.6345268746395,1976.5881497137166,4295.97357126209
9.781,2038.5710910198268,1789.8996384353038,3984.125873753992
9.781,1756.0702096933767,2001.795380142368,4343.25676896239
9.781,1751.6827008031719,1985.5508452562751,3941.8434276700355
9.801,1754.3039827913444,1780.9549492923752,3663.2686926148226
9.801,2243.705534511902,1834.9948687923406,4401.136542101973
9.822,1565.4556877422528,2024.0748671388526,3969.7523358101935
9.822,2075.580788365417,1648.7934066177293,4418.165433257417
9.843,1588.9336558463422,1993.2169485138945,3878.0479326814047
9.843,1337.8204650194125,1787.2418052420355,3989.0449244594665
9.865,1705.7206580412696,2259.7654112873074,3711.092845842477
9.865,1758.9094381069149,1638.5912433920507,4575.787809043387
9.885,1848.8696690135246,1821.6648311040744,4332.802922701065
9.885,1781.247357878357,2079.099775678241,4055.7236034336825
9.907,1596.834452018532,1941.1118315455176,3443.0902257561834
9.908,2272.521946958838,2130.261461641756,3701.8943869720088
9.908,1975.1933188491403,2379.7049994979006,3822.6314909517746
9.908,1750.5385205018692,1975.3731178931755,3423.890344333382
9.926,1269.8117072308894,1854.9946484060724,3938.0192830279943
9.926,1788.9383005739412,2082.2660581858668,3266.882732023864
9.949,1624.576246909624,1723.7428212002867,3440.1329876088244
9.949,1805.8222718715338,2495.7194053892013,3649.9990948486666
9.972,1976.0893466946018,1833.402612112588,4577.352871369283
9.972,1715.2323943630447,2007.3554404326312,4169.290191608147
9.991,1844.3362726296405,1947.9315138938687,3835.803328042269
9.991,1809.1756777199241,1750.7096479180366,4104.446148741405
10.012,1889.9221158973194,1863.4655404668933,3898.2684702394145
10.012,1644.6787574702003,1887.102003155489,3699.789147966163
10.034,1682.8663797368008,1617.7496231174973,3531.228536080608
10.034,1832.2364970748586,1743.8848870873644,3843.4589177716252
10.056,1704.9048891519062,1741.7499612284498,3556.95513939343
10.056,1749.0294933025793,2028.3085930044742,3770.693045902623
10.077,1766.9951416198649,1928.016735180116,3738.150689717482
10.077,1708.2398600017063,1829.1758087017452,3851.5587782472744
10.097,1673.519950550994,1756.6955362716253,4006.6306402757286
10.097,1944.735232048378,1927.0576078102642,3537.1149304303117
10.099,1618.3403559753367,1899.2546155278787,4000.328630326741
10.099,1705.0985757179096,2204.858293271174,4720.5917553369845
10.118,1746.8884043423202,2042.193394299218,3363.97570798598
10.118,1818.496905456077,1911.7499848397579,2630.372416459735
10.139,1568.7246184417754,1501.032108046937,3080.5312010252555
10.139,1696.1576974598897,2260.250374311827,3988.263784148993
10.16,1987.7934987020483,2091.358285390091,4007.8509094917563
10.16,1561.7664384658754,1562.0060759944922,4013.2793705255235
10.18,1834.2478621240577,2172.8524406625265,3510.3568271806994
10.18,1751.235690370771,2119.97855299783,4180.408833600593
10.201,1628.283882517618,1745.889601487398,4058.3629517709282
10.201,1784.0358515173082,1969.4215063317627,4072.1235887764237
10.222,1506.7699324283844,2007.2906590325356,3293.2368204538298
10.223,1610.729403848489,1798.0885272147023,3492.502672946805
10.243,1504.3339438800756,2258.74330318232,3691.4493036666145
10.243,1656.949129469631,2240.7888852353135,3507.346480411828
10.243,1533.2747731034094,1989.8686457327008,3863.0842581056313
10.244,2016.7141354276555,1819.0380103944042,4395.507136374594
10.263,1962.2679793702173,2033.017410485174,4197.111876251101
10.263,1590.121972792083,1949.9390425752301,4462.064148572876
10.288,1850.444039879203,1925.6398660070506,3925.704355581475
10.288,1249.3838603141708,1988.212666487543,3878.908885583511
10.307,1452.8472070884643,1809.7980744824117,3817.190165793337
10.307,1466.5028182747103,1905.1183959343539,3878.8177234766595
10.328,1523.064794219354,2078.281401438379,3968.860369392933
10.328,1287.4218331943603,1820.766899594201,3473.814193588088
10.349,1557.4240513788473,1951.3790695175692,4730.297387209488
10.35,1632.9627961893407,2099.3584970715942,4281.824148017421
10.37,1810.2832323216874,1961.9736462515139,3979.238188541877
10.37,1861.3566649510076,1671.346129009054,3631.7181218681526
10.391,1732.2373387429639,2200.657977277477,4028.6423487241527
10.391,1614.149699977074,1817.9873961456376,3613.360159292576
10.414,1442.9476816408983,1630.4351637756013,3135.661971091341
10.414,1426.5829615988762,1802.8066142358193,3885.2863627417078
10.415,1591.1339264187495,2296.7269787303653,3749.689722502449
10.415,1766.3558486697873,1927.8906067611508,3794.1782800231613
10.434,1741.8277552927111,2061.370392003566,3279.70948908683
10.434,1414.197022786414,1942.9715890533446,4190.016607956433
10.454,1816.9928562790133,2314.8462914608363,4026.1057694647893
10.454,1846.9019268012976,1929.3060252124103,3449.537356126303
10.475,1816.964643888289,1861.6628242245358,3321.0290187328806
10.475,1681.8471438177783,1808.8276282127788,3554.4142242544067
10.496,1833.1415786629632,2055.945755528707,3327.1937673204425
10.496,1672.7837615852102,2162.8608218120407,3779.456737407176
10.516,2000.248347981988,1778.3023945630596,4032.0027618306717
10.516,1524.2336164781389,2048.481695430937,3543.0674803948573
10.537,1767.4705366940975,1833.396881856999,4357.534542050624
10.537,1898.3130588638992,2014.5654743906239,4140.033873351679
10.56,1957.1455294948903,1663.6290840243107,4483.582572405305
10.56,1903.73124755435,2109.494278609648,4069.8419225814155
10.58,1510.4930668537258,1801.0623662917285,3538.3533880330824
10.58,1843.8509987062066,1702.0328780702898,4022.4389436927404
10.58,1482.5735650317856,1954.9758196362095,3530.6678254867097
10.581,1785.0628981087782,1961.5902145540824,3891.1041878274445
10.601,1624.200003770477,2288.1746721419504,3292.5321185684575
10.601,1515.2014144903274,1668.3013236169572,3573.906219567666
10.621,1772.3009246736121,2154.073217110466,3991.126086796389
10.621,1757.0313968078678,1890.8183271916291,3587.8790425534858
10.643,2026.7953233049,2113.2465847348053,3704.3689204840616
10.643,1903.2895687524858,1998.7638933266142,3527.04050531752
10.663,1510.108287307787,2155.2117067535582,2945.9610217838604
10.663,1729.1022071589282,1553.0605839859163,3205.340342603332
10.683,1660.265192228209,1685.422563965107,4092.5775809838547
10.683,1557.8795448082603,1737.6146513774393,2909.5493969855584
10.706,1939.7346202258054,1725.3408189650088,3991.1767559704203
10.706,1695.1034278556212,2206.341181371575,3750.601410815241
10.726,1363.4399209190342,2079.4608431903926,3802.1150231840284
10.726,1719.179541180919,1639.506509505433,4393.716970045528
10.747,2392.451466006113,2249.876815314063,3848.403905979163
10.747,1945.7034917008982,2503.608131346709,4518.855960709614
10.748,1411.6640230056928,1817.0720606507466,4006.449624523635
10.748,1621.384376334451,2300.753404075379,3730.9932493806696
10.769,1654.95672111038,1550.5673869319296,3959.882599655371
10.769,1552.36903226328,2201.3827030752636,3367.3022422106264
10.789,1622.2006564981732,2042.616461571881,3474.6342253208277
10.789,2092.593507586948,2015.0345589576652,3585.376253711588
10.81,1926.1396297858096,2194.046563921415,4301.350544675942
10.81,1804.2418358923715,1875.5883193706431,3920.823718892929
10.831,2106.8506186056125,1519.732704230224,4455.594785042263
10.832,1912.3656334940963,2022.8766313937929,3964.561236166183
10.853,1955.2719881565372,1805.7018803207523,3995.368833451337
10.853,2065.3022866485535,2627.069889982283,3123.8520433358976
10.875,1619.007933350493,2148.6259151269724,4354.639937527965
10.875,1648.9715976038688,1857.5065699967215,4091.757687381322
10.895,1585.520475953461,2015.386491848152,4151.403052025896
10.895,1614.641155056766,2103.9154077681933,4061.396857140585
10.915,1663.252310857871,2135.8749829192943,4097.727034696336
10.915,1780.6551262854564,1816.3276363725995,3900.370394505767
10.915,1795.4466256604398,1502.4994220034434,4074.546757654877
10.916,1856.8548743573963,2055.2239768352424,3724.7292767882946
10.936,1708.411871775888,1907.8802429849816,3720.4982682898244
10.936,1810.2797282786607,2363.85257806088,3439.6633742560707
10.956,1488.0957629518011,2036.6930662309744,4903.708071921042
10.956,1664.5126045096506,1798.061994098477,3796.232625657298
10.977,1491.650306216491,1485.8814324685502,2844.4270448209927
10.977,1804.4263879159084,1982.145918363207,3649.214571781598
10.998,1507.6601314681368,1966.6091792436364,4537.735980885828
10.999,1857.660054610291,2304.043454604984,3803.9580418442306
11.018,2317.7075948963743,2069.8124636530856,4196.036017542576
11.018,1936.1008699558938,2055.670009390522,5140.532769712887
11.04,1630.7330156090538,2190.5561933537274,4671.47093060125
11.04,1899.909576211943,1757.5343861071194,3338.0840291735985
11.06,1733.9779417596649,2017.3730298866512,3765.823392775263
11.06,1502.6227630052917,1983.6731331330632,3673.5821552160264
11.082,1694.242763965324,1795.059354224677,3739.8375707787127
11.082,1668.4308248167233,1878.6276168955258,3682.8697140111753
11.082,2002.9913870892126,2196.411758831167,4301.8069870681375
11.082,2073.3267403882214,2217.8279262031238,3721.7789703562994
11.103,2091.2136161573235,2077.917619512033,4380.524531142289
11.103,2235.5583365068223,2309.767939504469,4447.457773867367
11.123,1778.2554141356413,1918.6143168815481,4058.447904971545
11.124,1817.278094506892,2021.1921054648278,3268.7964593447587
11.146,1589.083434856957,2024.2743660250671,3827.726285600753
11.146,1680.2739632487835,1470.9302593840162,3337.883582898873
11.167,1676.9437698025943,1662.7507628082974,4006.9001886076503
11.167,1617.1593916251973,2052.4353717534655,3178.18809649582
11.188,1726.8518483376595,1877.0895865010812,3783.1921081803403
11.188,2093.9130728375976,1940.3483851705375,3429.340691335132
11.21,1844.8745537532034,2085.806675173568,4637.431827374079
11.21,2093.5713145154727,1755.735975217321,4907.030388029546
11.233,1795.5868923717064,2056.839985904418,3785.4283517965414
11.233,1756.146747746794,2249.133217264452,3795.238348160243
11.253,1463.1935476710755,2078.178345095897,3048.4456465412395
11.253,1789.4826376567023,1455.1176042173906,3706.8701434149025
11.254,1578.8861662569486,2273.449341188542,3676.917060871698
11.254,1312.850155700419,1814.7785730363983,3858.5647185888647
11.275,1708.0775152252334,2160.2811383663247,4663.029384184107
11.275,1805.663009878498,1925.5342387054059,3964.9202796447844
11.296,2102.0472515773276,2118.4734126687995,4376.5659384089995
11.296,1837.5097656378728,2237.417015842444,4005.8997891902504
11.318,1881.9618423801337,1714.290365986533,4196.430996183417
11.318,1388.060210076609,1728.5499792393239,3631.402060221968
11.338,1887.8217031068089,2001.8855956754312,3141.1401953714826
11.338,1633.9105684418382,1798.2196957608453,3878.697101977048
11.36,1192.5462775757271,2041.8787827912465,3771.54891155496
11.36,1691.6787288338703,1827.5589987136411,2518.7796675502495
11.382,1590.5507711066928,2022.9724649716761,3865.22767377733
11.382,1787.0391440860913,1563.2231764838855,3733.1813144111006
11.401,1835.5691326418148,1954.0300352033971,4064.5924211263186
11.401,1693.7048814090062,2120.443487335289,4415.774219002108
11.422,2057.788736138418,2275.7901504982374,3839.4603411813932
11.422,1833.9217875502518,1703.3910708044386,3832.3384963509234
11.422,1803.711649399367,1289.82123989156,3982.0699138476775
11.422,2008.5960950370177,1958.7922597375389,3906.748878364922
11.443,1664.0509466047108,1791.5522796768385,3912.464202182186
11.443,1423.0149505246764,2217.222354501826,3973.9525422551396
11.463,1597.4042692126338,1656.6236310552617,4118.57461300892
11.463,1912.4507901566194,1690.045774565987,3866.7708268056062
11.484,1829.0370253766175,1759.6493375220566,4595.961588917641
11.484,1715.6192671616723,2154.4929069921386,3942.815162088509
11.504,1822.3358065757316,1910.6807276387233,3309.3192099957764
11.504,1719.2207297022421,2402.5863887471014,4090.558208345952
11.524,1457.4161688272084,1624.6136771984643,3629.20200753397
11.524,1818.1879953187106,1753.342735577396,4056.3940539777805
11.547,1866.9370722553094,2065.0190951658815,3165.655650563568
11.547,1469.7001266640204,1770.4788405894822,3449.6139784841916
11.568,1478.5411535827527,1777.2957065597832,3312.768196901998
11.568,1944.459000630676,1701.3558450999426,3455.2332339016466
11.588,1860.3293821228697,1902.424225627298,4409.527469895865
11.588,1855.4540588030516,2155.9397164529637,3638.179211090762
11.589,1861.4769414621999,1664.4448391936662,3561.1999253390613
11.589,1698.5300825461889,1877.900744802071,3362.6468276135033
11.61,1834.8501493160168,2082.5541435609716,3934.6761270393204
11.61,1670.8474960639746,1963.396301477492,3439.0133143891453
11.63,1645.4830281240872,1637.7859985691878,4222.077391249656
11.631,1690.756858571669,1974.884080359767,3542.9370175356885
11.651,1766.7942775778195,1789.0543293011947,4055.9865705674165
11.652,1577.4480621105122,2116.5249381050667,3868.064641842647
11.693,1898.7258969855254,1697.5981069484899,4122.271528155537
11.693,1826.3454353699888,1911.9696641037096,4480.64585746776
11.693,1383.2881227963503,1887.6901494498618,3921.6909551434273
11.693,1648.9347947685185,2095.224485248339,4241.008669175035
11.715,1869.2040230936705,1952.905229136682,4318.399232216048
11.715,1490.9904404827005,1959.199102865581,3539.5017475618824
11.734,1617.281612777391,1641.2014005130845,4024.5559060609116
11.734,1507.5643153999538,1897.7381789672002,4600.557413639855
11.754,1960.9122558751333,2227.632843427209,4409.41861704144
11.754,1742.2675300726387,1978.6067295988155,2845.5267900501376
11.754,2212.7020120544294,1903.3233668787643,4046.5828789289335
11.754,2059.547803759828,1788.832614957999,4111.886925785594
11.775,1442.0678834084802,2176.094522657126,3795.3694734011256
11.775,1918.8335238314294,1938.2651504182018,3421.7642335197106
11.796,1903.119229599562,2162.9383690184823,3967.920521526224
11.796,1511.111378485466,1782.0672130983671,3595.8870334277212
11.817,1868.4466816036042,2017.272440393734,3705.5089165582253
11.818,1749.995111198258,2172.8249317317227,3303.9642697996615
11.84,1513.1720359849771,1756.1086383541121,3964.2529805473173
11.84,2037.1674924350941,1695.1544459301224,4486.597322850985
11.86,1496.5637797117722,1823.4237370951753,4067.1330049831377
11.86,1364.1598685675146,1705.7607605815963,4505.89383720714
11.882,1490.040020250611,1627.7700914094198,3723.872893393062
11.882,1582.486509083935,2286.543387168427,3103.41832795868
11.903,1784.9516604983944,2001.0835093550108,3553.569835843166
11.903,1490.2153527517316,1813.773439748598,3972.951611359537
11.922,1654.2886087482154,2035.6127320132423,3423.7719514466557
11.922,1819.858689509072,2200.108284533484,3883.42483083105
11.922,1662.9583351112467,1700.2979849845965,3857.8567296813353
11.923,1291.8193110978225,2164.2288770382747,3549.979702185276
11.942,1913.6876282343144,2119.9922391272926,4367.0809175964405
11.943,1774.6598175383976,1788.0982730269534,4443.964050051197
11.963,1773.6229152493927,1745.7682008691145,4505.49928197586
11.963,1562.565058528338,1864.9424585612314,4005.569847050582
11.975,1732.8345041678201,1646.9210137783525,3755.5346186959223
11.975,1772.9602633882491,1728.1986463644412,3557.825389558457
11.997,1575.4508156400232,1767.314369619342,3779.14942689292
11.997,1499.759694474272,1500.9402134376405,3090.534308940376
12.016,1524.7692503883516,1926.3398121012738,3398.583536637806
12.016,1426.4755017788932,1808.1948251568501,4377.398823398313
12.036,1795.6175845940722,1978.022255400397,4922.981144215224
12.036,1933.504861864092,1865.5585839025068,4075.624486535341
12.057,1943.2743472639654,2220.665822680407,3808.5220166494946
12.057,1896.091396791626,1813.7845119682636,4038.3267491396577
12.077,1589.723280275755,2136.1896705502045,3556.498622029237
12.077,1561.712334005388,1906.977465199004,3759.910759656332
12.078,1835.5978846111896,2217.6697044726143,3922.124073533945
12.078,1427.4884548708346,2038.630154659598,3335.4530703480427
12.1,1872.0983977902445,1796.024014169116,4053.3041371223376
12.1,1774.2178820139238,1920.5872088528527,4240.150229383654
12.118,1930.9113210225914,2238.989870152406,4506.668688322477
12.118,1588.0224375458827,1870.2035334670368,4164.6556138058
12.139,1512.7256112345306,2179.552847141531,3616.548552536276
12.139,1765.968462597035,1757.1209471415407,2915.704250863485
12.159,1923.7234504132039,2095.5652803540056,3920.516392594071
12.159,1824.8761144089412,2196.856181794885,4192.6902498704985
12.18,1698.4804456765157,2193.8162190717285,3328.1732986320426
12.18,1655.3014309131581,1909.7876744808984,3314.2084481074985
12.202,1792.475500115421,1718.2288313757074,3636.7586491692637
12.202,1654.2856454911675,1691.2211592871631,3494.3265050076916
12.223,2044.6252568247335,1988.8574851783528,4045.477056857146
12.223,1635.0078637944466,1918.4310730420132,4149.9592577312615
12.243,1834.4541800019208,1830.9279633455221,3767.152645023945
12.243,1479.4763234143738,2554.5193694847308,4307.804683313923
12.244,1677.9234339835211,2235.926830660896,3967.0573715992837
12.244,1627.8668672644267,2255.34542096069,3000.869086087282
12.265,1689.2818584668657,1878.6404176942087,3852.8583565630806
12.265,1768.6288738287028,1635.019807779891,4117.803632240414
12.284,2027.017329485533,2136.252989590252,3959.387280138201
12.285,1829.8630273173665,2020.3968682926059,3280.9793327202633
12.305,1655.2066617521932,2104.2953672891063,3526.5951493853963
12.305,1668.4874986873706,1992.4743512522377,4196.028340886875
12.325,1658.400110885151,2122.544677202631,4300.768944565022
12.325,1485.219869430914,1841.032537933208,3476.171384795299
12.346,1712.2132448926272,2090.2312139390274,3784.3609377698876
12.346,1597.921004141327,2047.60021068811,3776.1867264299603
12.368,1703.5370907879128,1990.3494858805634,3672.3246536305733
12.368,1359.989664644439,1832.3506484926293,3517.9429447950197
12.389,1795.1450277750293,2036.2032280554247,4004.8143794261296
12.389,1788.299762584683,2225.1073624586343,4584.016103537698
12.41,1541.8386732390584,2149.475562422198,3910.8326919253523
12.411,1860.650715304816,2021.0728629100765,4023.8084860736835
12.411,1897.2888750897512,2343.347724156785,3924.2036252161633
12.411,1357.8228796126778,1874.5917686935766,3963.2365141360506
12.433,1642.0702671368954,2086.0410820132306,3855.7520512595324
12.433,1680.0148414660441,2191.081873966436,3405.0033933372656
12.454,1468.3139032928823,1746.0713111946748,3681.899969026732
12.454,1695.7952891616146,2044.8554236857374,4373.069520998538
12.476,1581.0775645253514,2003.370567599156,4303.2069221616075
12.476,1684.8971908767887,2033.8464659719532,4573.939348118999
12.495,1747.314873672973,2048.054679017104,3952.9367573884733
12.495,2018.7541749607112,2402.1308879039134,4395.99940683966
12.537,1743.5415227520061,1967.6054655904527,4477.453764315698
12.537,1627.554796279176,1936.6415864493965,3297.781532309752
12.537,1861.7533741440247,1807.4045889964796,3321.0690167854023
12.537,1551.2036180047994,1832.5370016732427,4338.487106938648
12.558,1764.245650074115,2241.3423881723475,2282.7764300128683
12.558,1658.0037180070497,2257.6960763602847,3601.9310330229637
12.578,1913.0536790579376,2037.658763887221,4028.059724720021
12.578,1179.7044770748257,2253.7347114571485,3607.796790295758
12.578,2044.7819556470108,2133.3065324628296,4434.178493799476
12.578,1756.0365154455992,2065.8420076570033,4414.1446521008265
12.601,1775.1858325868848,1770.999409972693,4240.648701878508
12.601,1451.964057345267,2054.7907508199955,3339.501619480887
12.622,1853.9265069018202,2106.5917769877433,4056.0762574462465
12.622,1998.517813682492,1974.5294178195657,4381.165692173021
12.644,1657.481004754599,1905.967587424348,4082.969662446556
12.644,1604.5795593252262,1647.602655024687,4067.405146771539
12.664,1811.122163840955,1958.68023481295,3617.276243637279
12.664,1364.6043699295278,2307.9951225370487,3633.4598229241838
12.684,1756.2733080159396,1657.0256845705069,4453.809411302298
12.684,1902.6070606556789,1966.7240392365472,3836.1964547754737
12.706,1779.0649367458996,2046.4916384144715,4068.4860225450075
12.706,1541.091629590256,1845.461043780273,4274.46532623647
12.727,1561.6359980603256,2079.9501874565667,4172.345039691498
12.727,1350.0281081032235,2059.900214713993,3826.2005934261115
12.747,1501.7754514434935,1971.9192073091324,3611.2417907676413
12.747,1421.0458727841333,1750.7251975245515,3477.325230429317
12.747,1901.8233430111857,1935.472528455438,3657.978635342888
12.747,1622.883384506775,2302.0760385592725,3904.4494546274573
12.768,1865.6012509444836,1945.4463020928492,2955.3259746537583
12.768,1863.3847269343028,1861.518113333087,4281.85412125858
12.788,1522.258828327485,2397.1944048268106,4033.188621073921
12.788,1736.805892192817,1865.4023670128938,3547.2521671672084
12.81,1656.592116454395,2144.18345553115,4304.187209962308
12.81,1727.2704325932486,2185.9480745148753,3576.605206296637
12.829,1745.9056338042806,2017.948603648364,3016.1471963065796
12.829,1879.430341927749,1937.339705587894,3293.367235759468
12.852,1748.7531922114274,1707.897815462789,3073.176137911146
12.852,1758.792362295009,2097.867186926312,3965.7152222983923
12.871,1668.874505694402,2578.744841540319,4052.042497736316
12.871,1501.1317837575136,2082.1315196795063,4634.740218821768
12.892,1498.68644667608,1867.7937333751129,3331.1137730360642
12.892,1633.7895976691252,2095.0384702182605,4306.427176046091
12.913,1561.028131216275,1676.3478232722755,3462.0840190763397
12.913,1546.389023503433,2359.9989156572155,4247.613158618765
12.913,1322.7167490573743,1727.5710375597475,3638.889429998069
12.913,1269.6566954298933,1784.8349109031653,4206.0560659008315
12.934,1960.755490662016,1917.4993020477236,3889.0502489665096
12.934,1885.1130814879873,1945.3332358260436,3885.4622730408137
12.955,1775.1778824276507,1978.3784593788548,4135.6725920556955
12.955,1829.020191419927,1879.6510448999154,3526.0538283084516
12.977,1565.1676869419487,2313.2850748719648,4264.301649673992
12.977,1657.1802901015046,1798.256844601719,4030.2901422967125
13.021,1822.6591575027444,1788.5607072629193,3180.168469084411
13.021,1653.9927908143788,2129.172601658801,3125.996675460052
13.021,1933.2784425340967,1893.3925002598235,3286.2949607508026
13.021,1481.9639827179512,1878.2516814381163,3329.8732020455923
13.041,1756.8312949225867,2416.048204576317,4456.689785810753
13.041,1484.1481831440205,1937.2087395646276,5108.312442603477
13.064,1513.7416574158033,2084.690661354837,3357.125071238018
13.064,1761.1661328332425,1615.6310945828677,3666.129624526623
13.084,1696.7847991589958,1857.5982988175438,3496.803975009893
13.084,1933.223795873669,1827.2534343627476,3841.1683086057565
13.085,1712.0703811625783,1824.8882263069545,3044.555664196952
13.085,1328.0575528410156,1765.470090391073,3685.811813886699
13.106,1617.8009122083017,2279.853363407803,3507.670458041156
13.106,1774.8383636104638,2162.0411690894875,3279.410853132921
13.126,1639.501389054609,2231.0829699341953,4428.145562029771
13.126,2180.6663652464026,1820.9607953985756,4190.76323015229
13.147,1835.254267809604,2106.7770025562345,4318.01271709427
13.147,1802.2978543177476,1618.8545097722915,3945.0052483791687
13.168,1489.0248158432894,2229.4887972525785,4141.270680779279
13.168,1538.838231481824,1855.6745708972637,3857.0539644739047
13.189,1828.0418207756495,2026.3842435410404,4126.686276702466
13.19,1709.8573752029388,2152.1952440978494,4018.2278243664423
13.208,1858.3418065531287,1903.1293568318017,4261.643270535743
13.208,1464.8861718742191,2079.448210612678,4045.297611723094
13.23,1864.9664302281733,2064.5218634090447,2791.451125368035
13.23,1623.7953571074459,2439.72202968589,3695.706346080085
13.251,1650.780222812202,2188.6313626120022,4901.466164809121
13.251,1761.8275804936022,2359.6260900392076,4457.923900252955
13.252,1669.9440052527427,1972.737741748448,3666.0354267728126
13.252,1744.2089146999265,2087.86426987555,3480.2405231147072
13.273,1615.072235687683,2326.8191816309927,3812.5874862343944
13.273,1372.3367842734986,2023.0932373062903,4196.854628896033
13.294,1728.676865498205,1850.052850191552,3659.448413255981
13.294,1690.5731388509346,1904.63392491086,3607.6113672367587
13.316,1483.987967044874,1861.6870046911206,3771.7466659496113
13.316,1810.4633773700878,1770.3091044095095,4073.9221543859385
13.337,1747.5336440857725,1786.0918361081124,4032.8657592885875
13.337,1786.76666829456,1759.2606465020256,4420.037250079808
13.357,1985.1242378584247,2197.8477500223244,4148.026986196433
13.357,1608.0582595632823,2003.7619111637412,3686.7325332467967
13.377,1546.3705871022892,1916.305136109642,3850.2826930135457
13.377,2097.670968670237,1769.7686139714694,4060.0338638383873
13.399,1847.3690971383696,1883.4537479790056,3733.5539145712146
13.4,1456.6057597229542,2181.5452862661596,3511.178518706789
13.418,1979.3946847009565,2017.3708583434257,3755.0129434012415
13.418,1931.0991345024095,2342.104116649413,3653.4096802168665
13.419,1762.7574887468068,1843.7780473444848,4186.960141357446
13.419,2126.376755856721,1981.0144257376649,3735.3354030509918
13.439,1715.766670393103,1913.3566065552302,4690.148173491622
13.439,1729.7641516285953,2246.305452793861,4333.156650901537
13.461,1647.7866746609582,1828.1526983056822,3634.711131991578
13.461,1886.4646313946807,2096.79184554483,3892.154251376386
13.481,1700.0004662595134,1902.8653758395274,3514.685747619872
13.481,1857.1651334856952,1628.5959746980836,3222.977556556364
13.5,1958.5020414595137,1819.6310234743232,3468.5595691427607
13.5,1448.8292827091666,2072.6207629599867,3509.2557557007467
13.522,1759.8167213761915,1912.1321560634688,3826.8412338239327
13.523,1714.1178775507037,1847.1978149751994,3977.120602156603
13.542,1601.8066154524045,1759.679709859371,4944.30678717696
13.542,1744.4033206981508,1698.9903574531058,3847.8981716828102
13.562,1717.5764463641897,2209.381579740858,3465.4376280581982
13.562,1237.148646882014,1830.925034968409,3926.1642649478954
13.585,1065.8200540496507,1931.3907184102081,3721.7623671301476
13.585,1613.7115082825053,1950.0314609167112,3042.249870370811
13.585,1850.4086723509145,1946.4317891082133,3968.311546044107
13.585,1963.7157314529977,2119.181831002131,3271.1192150337656
13.603,1767.9541660002217,1633.5184340893113,4033.888331616055
13.603,1349.6784869885344,2034.6796690378033,3807.225530072465
13.624,1973.153463941335,2076.176647844473,4382.8222015652545
13.624,1631.3239221177314,2020.9691014308985,3468.481045971279
13.644,1449.5726639896118,2444.592957183734,3424.762229046853
13.644,1546.5509424692802,1645.1977810227881,3847.235268980533
13.664,1657.9860204374952,2206.3996981818955,3221.2113815484386
13.664,1806.1636834840047,2242.4753040131864,3813.568229660726
13.685,1726.779134113534,2151.214581369279,4281.278814414609
13.686,1537.7538754947057,1841.6162860837987,3712.298752381981
13.706,1968.8095344092342,1998.6027154305575,4102.530774337421
13.706,1770.3991830370676,2116.4489680353877,3997.5177974352014
13.726,1620.0344413056605,2080.1864016041745,3943.7027919439056
13.726,1735.7553620742715,1853.7531760078355,3837.067226540644
13.749,1755.492791222741,2204.8359283316795,3310.82496711679
13.749,1754.5721228243972,1812.4274720413714,2575.7001890031497
13.749,1386.6357402043643,2235.2337696799914,3819.0276411032523
13.749,1733.1178844547358,1880.9741466830662,3210.950000391071
13.768,2139.6317084595476,2142.136052411217,4003.519296553283
13.768,1865.3401260924559,2091.228821597749,4009.779412603225
13.789,1763.0775355061417,2222.3123089124774,4307.58581399726
13.789,1670.8658926661658,2061.7409929729783,3747.823246285101
13.809,1886.659010939573,2308.437384215762,3603.716692399543
13.809,1229.8232224100668,1915.2946563840428,4041.828919817417
13.83,1679.1175165695252,2326.5305784242223,3569.3695763083147
13.83,1414.9098583277205,2198.0168340150162,3569.882307051309
13.851,1759.068534274053,1885.0686387118144,3828.9599288292666
13.851,1574.2527746622525,1827.6987342461798,3682.555981755054
13.871,1686.677498302698,1668.6453114052038,3635.483318142543
13.871,2047.4170223522715,2370.8083675982703,4672.219674834265
13.892,1765.826054838895,2035.3887360428143,4310.535110847799
13.892,2029.804838688497,1989.8808214478574,3835.120440239842
13.914,1846.9312033032963,1958.022607199866,3862.8529584461367
13.914,1984.1255142125317,2162.9128856237526,4409.1486417023325
13.914,1659.978537279849,1646.1212479691812,3961.2361575209857
13.914,1886.2235204807666,1719.6319755299157,3796.7362756523376
13.935,1527.0528152690056,2058.570973397786,2573.907231380409
13.935,1723.3403644027428,2147.9732894607887,3859.8532118315497
13.955,1491.2059360683731,2013.3192194448877,4156.023136881617
13.955,1886.2727855757382,1889.209393845253,4050.878615499004
13.977,1755.710984266368,2619.715856008133,4174.097853713427
13.977,1762.0496950035026,2165.8371476998145,3773.0076156564974
13.998,1735.4957929235845,1813.7761390567575,3945.931269987395
13.998,2018.2346178256612,2058.523462756027,4184.538401130566
14.018,1614.5045689682597,2387.742556631153,2998.562735611234
14.018,2009.4570864195284,1997.9036901580378,3355.605745794053
14.04,1587.1383714754852,2166.0297866799992,3044.094734955921
14.04,1717.1679931719113,2416.470904341568,2676.3845541225764
14.06,1719.8697921292999,1727.398004745955,4406.741485579468
14.06,1641.4687164556044,1724.5612722691271,4262.845204976672
14.081,1726.6266927596266,2018.657342392298,3494.7799907184835
14.081,2097.1680485498878,2027.3603281828714,3932.619234994525
14.082,1976.0871396692987,2180.473430883037,3713.1767945693155
14.082,1735.6909896084214,2035.1655881640904,4238.433832521959
14.103,1824.6293679820947,1942.1880681080504,3518.306696625313
14.103,1630.8086882756213,1880.8038684443823,3390.8999787428093
14.124,1787.3426083576687,1938.7714990889806,3184.896668065027
14.124,1599.7136029998278,1869.861144298639,3236.036436818301
14.144,1971.0502177802487,1855.3269065598884,4116.204288256153
14.144,1562.5901938540806,2016.551109383036,3984.532625799849
14.164,2192.7723683754684,1749.1197406951158,4167.386042622659
14.164,1823.552349786324,2154.1791135015815,3888.5840695621455
14.184,1437.0558518815455,1919.1993186116824,3025.8187508163146
14.184,1561.217834684835,2479.582373682173,3928.479702867835
14.205,1741.093132965878,2011.1275981467115,3166.1709318878256
14.205,1619.5993334160328,2053.572502709948,4219.859499865143
14.247,1567.4951593824728,1843.0259415155833,3717.644158929967
14.247,1322.6377451625476,2317.7980891755933,4493.713182377466
14.247,1539.1556608374567,2068.679968000188,3923.0614674884955
14.248,1977.602216174722,2332.0070658161894,4060.9558481854147
14.248,1966.166014789107,1933.4200429141486,4032.453847854726
14.248,1806.3015686740707,2021.49721533385,4065.007989321986
14.269,1583.5274214475444,1956.5447412074777,3669.0892174154874
14.269,1806.2075152538064,2023.9687559340127,3328.315292255314
14.288,2027.7523689808115,1860.481442103912,3652.2982418277184
14.288,1575.2024630982376,2093.2488531089734,4348.368235690644
14.309,1357.2389665144829,2269.166488310544,3646.2332238645004
14.309,1417.5095751500558,1785.8224740836856,3281.5137528610403
14.329,1615.7016694586164,1934.586615081688,3971.1061482971195
14.329,1568.6549468361704,1885.816718468063,4554.318879730744
14.35,1895.9003313795008,2089.6515641407054,3921.8573805500664
14.35,2125.7302332417016,2147.2375788082427,4428.842569628018
14.371,1619.2699951616464,1985.8834755191199,4055.2415766404347
14.371,1823.0349486396756,2092.056191851505,3786.7796313325325
14.392,1713.2793874253798,2265.520765972785,3352.415419344316
14.392,1740.073378285509,2213.9140739997088,3474.4087973803175
14.433,1509.0769469810841,1671.6321270509382,2670.6221541619116
14.433,1253.6158888513555,2328.304545548359,3234.6483776459536
14.433,2131.755476309734,2000.8380118342104,3804.3683213412946
14.433,1740.9861725601795,2113.129114143854,4378.628297399168
14.434,1772.908402817007,1981.529191043963,4583.59530967745
14.434,1620.5334123749083,1656.8664447367696,3875.652509943866
14.454,1661.3272781248286,2090.7258768775077,4452.254179412627
14.454,1708.4045392453793,2386.7474046111925,3112.4718559024122
14.474,2225.0517032002763,1853.406055826808,3876.3334642678437
14.475,1866.2687584964185,1840.7681422891471,3987.7853902125416
14.495,1530.6112401942746,2056.785922861681,3322.180070660739
14.495,1376.2291783334485,2261.4914599298227,3311.2661125643117
14.515,1752.5937021319157,1901.2688025658242,3433.2459274136354
14.516,1632.3697627178183,1647.6237325626262,3711.3133364970145
14.557,1565.7842392328573,1998.8097499650792,4402.71241785474
14.557,1928.9765924771511,1978.1761488317704,3931.444498992798
14.557,1625.1157799192636,1948.755039873774,4099.054144114599
14.557,1751.6665923744333,2064.6115629754454,3504.073984197462
14.577,2050.487222252311,2163.18105648774,3771.0109418559314
14.577,2028.6890741938682,1939.7598488281617,3817.027988568365
14.577,1215.2188355579547,1847.4759212756553,3175.231694398954
14.577,1423.7919601295953,2177.0664915455263,3053.180670805712
14.598,1770.034980032778,1874.057153803325,4032.8495135048106
14.598,1731.1751560903197,2003.8996719146542,4078.469294493532
14.619,1613.9426060505878,1900.2498336742299,4024.1377059205647
14.619,1639.2809889094578,1852.2859317080831,4458.055436820473
14.639,1682.0593637655709,2113.7597047596723,3912.9072927847988
14.639,1791.9189282988148,2235.582477965395,3964.2518837472785
14.66,1418.8287325946087,1656.9955686884161,3177.618232652111
14.661,1908.6396492343808,2022.466349705446,3860.8780800773993
14.681,1326.0657157272522,1874.8895864989981,3090.312881178773
14.681,1916.7964188791755,2191.510532751586,3036.26841391326
14.703,1739.7718193804037,1633.1983961343474,3688.1018363136714
14.703,1619.561901303723,2097.683276538777,3942.0767027772295
14.723,1751.4318135375054,2305.6081646575567,3254.8839453990295
14.723,1926.7768708252563,1984.8105147412264,4131.148519800931
14.743,1875.071153109952,2015.0903376780595,4026.6006721751924
14.743,1351.556923858185,2032.2992311785385,3795.6087213755764
14.743,1587.8760197608656,1733.1249549958684,2934.1292161434003
14.743,1539.2904228535358,2174.7015124276663,4021.035237470664
14.764,1415.512764218884,1934.969664663072,3603.8083156964067
14.764,1199.4655780663418,1700.7061167922661,3411.52190359951
14.784,1587.4417620366655,1780.429719984458,3901.6177134157956
14.784,1536.0732922157463,2191.032065894783,4102.2437006506125
14.804,1765.2855789305177,1835.4913852171153,3795.9682296492815
14.804,2095.349067609191,1982.0363264186276,3821.9168161201915
14.826,1809.5779325591798,1965.5035967116855,4104.8309823237405
14.826,1726.615164237374,1980.629327221869,4018.437552303014
14.847,1619.3588862349122,2292.2920299782472,3555.205138293911
14.847,1477.2734903823416,2216.186027339268,4043.640706888986
14.869,1576.1981946141364,2051.8294784014074,2503.4661339030863
14.869,1944.596979490365,2040.3961383615833,2767.5846410930467
14.889,1583.085686475899,2374.3934061424698,4420.5730873874345
14.889,1507.5872841623636,2091.522466973726,3744.2362741399734
14.909,1729.6246616572978,2175.054285970541,4116.079730827787
14.909,1933.9419455024877,2040.2614326618157,4514.31507229974
14.909,1651.2878795381769,1910.5667218303136,3990.8550136304607
14.909,1513.5790838849366,2274.0026706553754,3877.1304003974114
14.931,1820.2926660692551,2102.513483990247,4050.5649126499134
14.931,1534.2787328808097,2122.926274159561,4189.564361737739
14.951,1516.4220217185962,2098.399186718745,3761.8323018229185
14.951,1525.3767075961352,2272.1206435479608,3585.890371153505
14.971,1428.069097719869,1976.1113877380387,4823.645864614838
14.971,1702.950824774182,1888.4519871278121,4882.145709273835
15.01,1772.2660060765652,1828.299548312958,3912.643460633448
15.01,1757.4504188773512,1732.636806972138,3890.9399349697705
15.01,1704.3426468321616,1757.9572773263997,4268.580436834081
15.01,1338.091724712905,2307.092963710603,3835.5406646084793
15.028,1683.081062623856,2220.6083067556156,3372.4855402375897
15.028,1801.6578211357437,2064.220160296228,2943.0559436012954
15.049,1750.7785638128364,2193.8012574568775,4033.778481781963
15.049,1587.5665436042536,1871.842427139769,2913.6984779565364
15.07,1747.010812582341,2042.4382440001966,4411.4600937413015
15.07,1611.1087395247332,2206.046739058759,3759.2837750403323
15.071,1750.4198839281196,1743.1705755332605,4477.6978753183075
15.071,1527.0236250152157,1990.5372218681541,4236.3804943748655
15.091,1784.644178517253,2285.8338559193653,3960.086997465897
15.091,1723.773062854129,1729.8915798709966,3687.3387489102324
15.112,1687.445746137947,1765.166963599519,3865.295445002547
15.112,1490.9274661506556,2149.4032806003565,3833.5550558349883
15.133,1525.2388794784993,1897.4302560064816,3496.0787251664074
15.133,1442.0513574586232,2291.9785088844724,3337.1110305378083
15.153,2108.9238641009006,2232.4255656234327,4981.8082397504195
15.153,1652.2902058169204,2039.8714152434818,4241.823292534999
15.198,1868.4926783036203,1706.9334283756502,4206.997671717783
15.198,1655.2180338704834,2371.396478716431,3389.7369562704507
15.198,1709.7473978602277,2194.440179869303,4457.600625426601
15.198,1918.3307243635895,1952.7173781666102,4119.996058819692
15.217,2012.1780468012473,2161.001955803802,3692.867332381099
15.217,1555.507540930537,2220.5613732397574,3644.4390400125485
15.237,1695.572188330572,1708.5903322536808,3749.9861145996533
15.237,1700.758742953573,2054.1905945597837,4212.057536926055
15.237,1392.970301626995,2369.543723901308,4209.792715139531
15.237,1799.9221886058194,2191.9026989661074,4726.899073394341
15.28,1621.8443752136852,1671.9510674072333,4011.4884017483864
15.28,1959.9788767424354,2280.093435735488,4004.93178687252
15.281,1618.2672949882478,2018.8107346651898,4313.35675158937
15.281,1730.2616925694902,2322.853663255236,3984.5107128008826
15.3,1496.7943133346732,1959.914411318787,4188.063851424029
15.3,1952.8981232177155,2048.212460898886,2861.4957401829424
15.345,1539.0741135881583,2109.1616213230964,3680.5385867989876
15.345,1550.0068036485513,1780.7762328929834,3488.5866801609072
15.345,1853.1218132473591,1773.4432269791787,3978.1511446420786
15.345,1919.6135574802386,2069.6339304664693,4433.372666876028
15.363,1455.1692928865857,1797.1335261787372,4929.679105411442
