Time,25W,25X,25Y
0.008,1633.1596635504932,2082.811757187438,3790.7576066979536
0.008,1741.0847294202958,2292.466843727193,3894.1276148949796
0.031,1955.148018027307,2184.4500773623904,4785.056620722668
0.031,2005.6822841999663,2058.042805427301,3967.988898073281
0.032,1841.082654590963,2145.87563108303,4367.907586701738
0.032,1947.6374065451087,2042.5199923166508,4391.891386904541
0.058,1708.3630400114705,2230.5723371470444,4070.0605069978747
0.058,2018.6927925071784,2468.783981154401,3882.64636608549
0.085,1999.9859532363569,2315.6838163465845,4593.528415308526
0.085,1956.0265516621603,2207.5466584974247,4311.456733323523
0.085,1881.3112522402325,2239.0684138186584,5059.148277607632
0.113,1944.5470205343556,1980.230101218454,4172.822941163849
0.113,2030.960735768645,2245.6161062015553,4569.973717266429
0.14,2099.7452071271173,2009.7815142616603,3946.788824527424
0.14,1703.3972981421791,1937.6142413646392,3840.52185774832
0.14,2020.8936342179068,2238.060118415526,3944.6411145936863
0.167,1386.9837712185094,2170.6977987409136,3775.14987742261
0.168,1748.9291106601618,2107.140464857376,3789.625397687605
0.194,1861.2612753271903,2827.1161716388974,4582.042772522159
0.194,2018.5531480945572,2146.294399506114,4352.109143331569
0.194,2094.791535455456,2159.4912181626,4591.285115232068
0.194,2003.5744597999494,2199.406831131489,5011.4373666468755
0.219,2033.9695232108718,1979.1351936084652,4156.281544622307
0.246,1849.2442532118944,2002.7919691078962,4788.621899106306
0.246,1870.930439555882,2067.784632232576,3900.1460847887292
0.247,1747.1226421709814,2200.5738407904205,4399.76118320609
0.247,1832.5346470109853,2218.329228081667,4072.3768086366413
0.276,1827.6104001418303,1991.8057897361969,4222.67969643624
0.303,2157.449272144786,2321.3784818493255,4625.324912179035
0.303,1666.5756404359172,1935.6409903128826,4267.757611800764
0.303,1970.0775512099406,2082.30667066108,4137.218116995029
0.303,1967.8983256613005,2200.7400660290687,4299.931085537834
0.33,1797.50665593313,2133.4124378978795,4415.479004254212
0.33,1903.1963704537227,1933.8445684661028,4660.989794527377
0.357,1917.032521421897,2428.813208587273,4048.920888730056
0.357,1942.6551245932442,2283.119182384773,3800.7170520480718
0.357,1922.3703170972844,1956.8755652175946,4003.978468521864
0.357,1953.007454744894,2227.1162485802597,3258.8731992147423
0.386,1765.4898136154338,2249.950608297883,4115.416491654995
0.386,1897.4304376682326,2118.9587961928796,4214.966040534767
0.414,1954.0895350184292,1780.2322471797172,4584.018389529695
0.415,1845.0761112245675,1859.2586397727534,4809.435597274656
0.416,1806.5415868734442,2129.9344343426583,4207.11410122575
0.416,2056.1355460353534,2237.3777456365065,4867.963671687916
0.442,1958.9997581001307,2160.965082358496,4200.352171762059
0.442,1814.9495532675708,2108.7265150781604,3907.5334801492804
0.47,1592.9138227808337,2389.888973831116,3213.1173047749403
0.47,1526.8727662126769,2041.9356075837075,3743.962200566797
0.471,1798.0694352917508,2193.020333314327,4131.583234479343
0.471,1897.8727152359147,2175.348313287804,4253.554445366474
0.498,2059.816496723256,2043.0899519732084,4868.913851808162
0.498,1925.6179585881039,2129.6350994007266,4629.29385655373
0.526,1703.6475496167172,2413.464999588894,4510.704115642654
0.526,2031.0491278445204,2083.1273601173507,4741.231430652411
0.526,1702.0828720094896,2085.464723261575,3497.2909172039967
0.526,2054.871438888642,1789.2839513527051,4205.795943577176
0.555,1701.3644035810232,2189.5212261066827,4141.484259914668
0.555,1755.966050503936,2094.240699719046,3530.4717974058526
0.582,1656.2350306096293,1854.783768336581,4266.482160488974
0.582,2193.2335723862193,2150.2319529462375,4696.391051822468
0.61,1969.847426561792,2587.355278058003,4971.727402033654
0.61,1847.8918179389957,2130.8738056036514,4329.615907583794
0.61,1783.4277376951725,2049.1824332083524,4578.386838070084
0.611,1915.8202691018816,2302.9856518239103,4747.827910467218
0.638,2091.1030664118753,2299.4549731482384,4535.587844389813
0.638,2095.760812787784,2079.411071080699,3798.1713402247187
0.639,1774.7054237252873,2258.6231505378787,3833.5258559393715
0.639,1686.4642059159899,2099.133175117682,3683.7453160503837
0.665,1786.6783123911657,1905.054476759826,4508.348591634736
0.665,1755.2138290790365,1802.0429901324205,3807.7243170841507
0.693,1832.2599562031417,2016.089618800206,4520.105922167563
0.693,1731.730686228895,1819.2520021084902,4453.590569377858
0.693,2055.151321146778,2289.2038214760437,4872.688981215389
0.693,1856.7220817076714,2368.0095468890527,4823.367998173556
0.72,1810.446060495403,2265.388273026626,4059.4690268588943
0.72,1880.5417831363102,2079.0162469949623,4447.871012650996
0.747,1631.5174269102413,2252.0912871868704,4167.66826510129
0.747,1923.1098544909703,2235.8378257770014,4316.1785793728595
0.748,2015.1496026452746,2088.502452118881,4488.611534153149
0.748,1836.6034255595418,2132.5884786836846,4040.023368854394
0.775,1777.3569634057633,1936.3070743906494,4569.333130114198
0.775,1808.0801445113666,2052.9112550202262,4133.97272544264
0.809,2189.510810505641,2033.2666593011065,4680.346066979825
0.809,1694.9498553949306,2130.7574790283743,4313.792895196395
0.829,2045.385612964308,2465.9068261307966,4984.25790089582
0.829,1698.3665635280684,2563.7868710502107,4030.537550335488
0.829,1801.1532756629265,2289.424876609648,4260.351096624694
0.83,1563.3452630465995,2295.252511910194,3496.5300295868547
0.85,2187.3751547043753,2074.3050908260643,4231.820467460113
0.871,1937.3894949376356,2207.4279805830834,4397.637738806792
0.872,2146.7883595463954,2280.759512371361,4083.5288269549264
0.89,2054.4930547726985,2250.5951493226994,4281.921334949677
0.891,2206.688764675088,1891.9077724980293,5224.493385699081
0.891,1774.373407886047,2286.347852189969,4757.6374029271565
0.891,1927.5274355081724,2023.36041675325,3965.500247120638
0.911,2162.721723229562,2156.5128330529974,3712.396524414548
0.911,1710.4673177805926,2388.756068987948,4180.866248674447
0.932,1978.5420671414172,2053.948853634169,4252.469580544387
0.932,1706.9444499050064,2393.9251130445036,4952.577508854683
0.953,1862.7105676724095,1946.924638626991,4179.78423451692
0.953,1695.1435142992482,2125.9475596560246,4284.294824379654
0.975,1793.00177508542,1867.3972371454697,4509.935736849487
0.975,2050.2343808860264,2277.7201492477047,4448.224227449982
0.996,1759.2386327096833,2180.9081179883265,4898.699635608978
0.996,1715.7646487904594,2355.6985973785663,4169.406709755514
1.018,1617.255123167697,2339.0765396576007,4549.876720303287
1.018,1660.8819732171526,2337.7122519923255,4441.394401972087
1.038,1499.5003080489457,2320.6495610766947,3778.4474187840483
1.038,1858.3795477345382,2200.873535544531,4642.6833714563145
1.058,2200.7932782829153,2182.718775998395,4527.071043045536
1.058,1823.2902025743895,2413.708918080217,4366.593424252612
1.059,2233.439260728335,1890.5677994600699,4452.014744754327
1.059,2023.6316550550835,2478.3603694072153,4269.987169084705
1.08,2059.299897467839,2157.8688900297857,4582.3799853605115
1.08,1977.410898132121,2236.8976503061826,4297.52729577689
1.101,1927.3453853391898,2160.2911552895716,4521.9104774588495
1.101,1802.8985342363353,2109.859862643931,3778.5541316284775
1.122,1880.878170916895,2069.547481676975,3640.507382597989
1.122,1751.548278590648,2210.610761357152,4288.601161228282
1.145,1974.4415861481984,1975.811558441184,4358.242427996018
1.145,1857.894080380528,1943.366462508033,4939.273712723203
1.164,2027.4990953073197,2211.2644092537,4221.199872552581
1.164,1973.1132568393566,2208.141348634655,3792.3621235201754
1.185,2118.1893286440795,2072.2657292699905,4152.177761951804
1.185,2165.8310564513113,2148.189290744025,4223.086396671582
1.205,1840.5364891768172,2130.5584401392066,4150.500521612762
1.205,1867.525558408725,1796.6979976104299,3874.741658004523
1.228,1751.7831630155868,2293.1793896759127,4346.302252065269
1.228,1892.0564156013438,2442.0460646260153,4443.189451824204
1.229,1981.8614191514373,2301.5723749102353,4434.479443193528
1.229,1745.5151982338955,1960.409749055463,4642.619060217295
1.247,1894.825123999654,2522.8151837094456,4111.540946536275
1.247,1931.9513393675422,2426.207344457628,4988.141570586808
1.268,1891.4093629217373,2266.10656309618,5179.742225420471
1.268,1783.0239028426624,2173.201941190681,4041.0097941725508
1.289,1710.258435040816,2102.7944124817204,3710.8357358844337
1.289,2046.3444390494815,2054.848709749275,4253.911777284079
1.332,1653.9921777404684,2122.811761671476,4020.0531531704214
1.332,1816.8892164727422,2118.972664060762,4224.211987789536
1.332,1952.3312297414473,2274.881184009471,4035.272439470657
1.333,1829.0000415686802,2100.9899134527705,4457.186308195087
1.354,2051.3457727107616,2320.658660869914,4799.699206060896
1.354,1880.574820215154,2103.7200165657237,4790.863574923207
1.372,2154.1526862905816,2411.428681372849,3946.464992331904
1.372,1590.065133765932,2269.5522506737548,4139.2135614209865
1.393,1877.5593615795774,2100.0160175581063,4597.363704112295
1.394,1929.1715798064104,2274.5452908458583,4617.706843527
1.394,1406.334628589709,1845.737375554982,3696.3520596973813
1.394,1863.3686471734352,1896.4307640574161,4236.83339563736
1.415,1819.753611776099,2260.6428892295153,4665.652013174809
1.415,2016.1358712522335,2615.4575213447038,4227.919847989523
1.435,1928.1377395648065,2226.300906997162,4552.356033280566
1.435,1934.4240534462851,2110.8170408902342,4444.698566876361
1.457,2125.958535412749,2114.5189374435768,4438.22897239936
1.457,1856.6605923512689,2397.0911224953197,3640.0513940923056
1.479,1856.5960824174256,2246.450043873363,4308.315653716409
1.479,2337.7494648895195,2305.087774284373,3667.6569820783834
1.502,1973.7988428260971,2185.5048322282446,3705.9551162278367
1.502,1707.6549603930775,2028.2911227729412,4535.296638494672
1.522,2040.6185650307543,2200.1471679478186,4517.063152176173
1.522,1591.764145347183,2393.546120843345,4607.085672735972
1.542,1816.6082733876497,2388.504287807257,5114.1458336203505
1.543,2093.505901923322,2130.8903243851328,4309.957054492178
1.563,2283.555222807956,2095.804341691048,4647.821533590651
1.563,1712.9579100092906,1797.4160679390993,4228.98096264476
1.563,1740.3484263613452,2196.575133887861,4658.538600007144
1.563,1943.8640902612997,1932.1518107098764,3824.2756601934234
1.584,1904.619105247277,2132.5164104942214,4110.579087490058
1.584,1958.5047447372726,2251.3760935411465,4430.428773124296
1.605,1555.088550209329,2221.165813368501,5044.038196315942
1.605,1793.0818639315041,2104.3162502125883,4421.680208375845
1.627,1831.206106308272,2312.6978876234634,4608.435902742675
1.627,1860.202082096513,2640.9081568476495,4053.519664056424
1.647,1877.5529843242327,2291.5627019830886,4286.157005364327
1.647,1780.8506892795926,2464.0473093826427,4417.079697527015
1.668,2164.110373659264,2129.940680680507,4304.564861271934
1.668,1931.0789291908116,2103.407475247838,3791.8588039440624
1.691,1990.2294232883346,1910.1999355405956,3576.5829391554
1.691,1947.5269246332189,2241.0246144771477,4962.363800838401
1.711,1839.2905807555435,2233.0389575093277,4323.379842114736
1.711,2001.0705769102294,1870.6295858157016,3962.122756945306
1.731,1769.175609341239,2347.242719117777,4573.080396693333
1.731,1964.8713842282298,2090.533747254337,4625.798711878989
1.732,1806.8712024099302,2252.1618655133266,4778.105675071772
1.732,1918.2706120988728,2289.1067331814393,4370.548979002298
1.752,1803.1791915037852,1946.113994033016,3933.9296707828025
1.752,1751.2239455867086,2604.584412573916,4351.375213819468
1.772,1906.23896688654,2125.520089974147,4222.751649207393
1.772,1884.9400470833616,2318.8336165826386,4158.058563912932
1.794,1695.8238357340815,2224.046924007478,3980.179458385642
1.794,1730.1303235430191,2459.7468826298523,4657.81832113183
1.815,1986.7160136558725,2166.762663254718,4640.15692079107
1.815,1821.362848981218,2145.018812215595,4141.009882533761
1.837,1893.7775267836057,2330.3839559434573,4442.219328208471
1.837,1933.7147075114838,2217.3246311945404,4658.184460566
1.859,1963.9036353623112,2115.738604396821,4459.0691790748715
1.859,1821.9018424113626,2069.9202320252734,4365.504680048651
1.88,1869.081935206045,2052.3481726421196,3693.2757383290295
1.88,1824.320087991807,2153.5720332834,4863.503737175522
1.899,2118.0205254655075,2092.9523241628663,3711.0116464872576
1.899,2044.152235928472,2553.506775745869,4372.334067349852
1.9,1843.5263295192458,2208.7851278961234,4377.594064875489
1.9,2071.446619754744,2283.6279717328257,4930.635535506576
1.921,2036.2487604273185,2239.439821393675,5178.394381256139
1.921,2076.3853251400255,2190.867475147968,4428.996214080546
1.941,1758.9341515768842,1973.440811443215,3955.065556796145
1.941,1879.450263173616,2021.6414431111812,4141.296968205509
1.962,1786.4168401708855,2006.8981323747034,3898.6440341299044
1.962,1638.5376040131737,2133.004047399816,4251.491403591136
2.004,1968.1374092561114,2347.0009703820288,3820.6931124690905
2.005,2046.9788840617834,2169.05640111524,5036.684555645276
2.005,1706.2054366766513,2270.387589968553,4197.629083409176
2.005,2102.8232269995274,2115.9473972240553,4761.683395161421
2.025,2132.6348933589406,2256.79996907481,4126.322733160938
2.025,2126.0661208535794,2120.2665267412017,4789.604481162247
2.045,1676.8323952280734,2089.562773367627,3886.930397870789
2.045,1929.87296890252,2183.152972721986,3615.6828973088845
2.066,1702.7491598107372,2198.607600883679,3894.0564457708747
2.066,1790.2248547157367,2246.5066836404335,3690.573645456836
2.066,1776.008634077972,2250.8848310949083,3241.406924241782
2.066,1704.7460747046966,2332.8253922583776,4475.561617860671
2.087,2018.5339738323823,2236.6646717228787,4785.1268176460735
2.087,1926.7897588580797,2457.280050616294,4225.879212059896
2.107,1931.7634867514967,2173.3491193383315,4114.418168368676
2.107,1887.1247359686918,1811.1247964688446,4347.148814010885
2.128,1907.7391436709229,2067.545996831941,4465.214281284597
2.129,1824.7641297412283,2366.760594875286,4260.533927987892
2.15,2065.9167876024194,1929.731907842048,4440.272812641278
2.15,1657.0003370287968,2494.014427947155,3495.6250524204984
2.171,1706.6773480636218,2218.225831559717,3777.3390764470205
2.171,1816.6452196305227,2368.5132956039365,4640.990722968537
2.192,1682.5449336181193,2541.936875924271,5013.892375697911
2.192,1923.0864725408214,2415.0007519473966,4712.6699988256205
2.216,2123.0319526728463,2386.103878137859,4941.625325847233
2.216,1783.5289688272173,2024.405506931972,4177.16578022276
2.234,1975.9815414753648,2182.8334843081293,3912.026277622762
2.234,1706.8335102349927,2333.308331288173,3865.1742803977604
2.234,1892.6579200464114,2584.937668002899,4079.1850148200765
2.234,1762.1819303908544,2268.190171445208,3507.9597919575776
2.255,1824.1607668660636,2246.183838765742,3348.1068947669164
2.255,1873.9030306719328,2307.8671771039067,4547.692494566411
2.276,1847.221130320783,2220.4886491160564,4442.812881714441
2.276,1916.3659239109613,2459.273090030893,4680.976778969212
2.299,2062.7607156273516,2227.081560928223,4579.905409625148
2.299,1896.3390912616583,2119.962031862444,4188.376817832764
2.322,1862.8094064871286,2215.2905623736756,4321.886313832897
2.322,2120.4758073362245,2219.748846421901,4285.732573242839
2.342,1489.8323108450002,2434.193129530249,3953.1022204466312
2.342,1822.4096618602637,1956.314170441674,4448.746687214815
2.385,1681.2361771585697,2150.2676081731825,3439.2866719107337
2.385,1806.3423533927948,2134.8820982947964,4189.100575492646
2.385,1959.184798356595,2441.737445841447,4167.797676476087
2.385,2152.9672623114097,2184.2961086826426,4487.4428533281525
2.406,2196.2260591465893,2231.8905458278828,4710.590624752893
2.406,2080.9971957382827,2315.3497922703077,4529.922933083511
2.406,1893.6472388215643,2143.016369965569,4323.901091637167
2.406,1792.0287317735695,2057.4446736700975,3983.815040112684
2.426,1778.9557254880285,2293.322235830166,3786.3074913629002
2.426,1731.1142548676473,2042.8531550171235,3972.1164210897396
2.447,2022.0517231360536,2130.178941909627,3772.3386092680557
2.447,1879.4701527328434,2007.1524321598033,3839.5052243475848
2.468,1853.8849040866378,2181.688466073041,4281.283515423505
2.469,1916.100275669282,2222.190353178669,5112.4721075525285
2.489,1849.5946812906761,1997.9947898955693,4543.110875592183
2.489,1865.676909241602,2136.3215035928197,3522.830995276413
2.511,2135.5568778004476,1921.6158404241594,4342.3268730691225
2.511,1806.1171500270457,2018.2744342599922,4734.322762942622
2.532,1973.8960668242385,2343.500868666323,3628.59562941119
2.532,1608.965019016679,1861.6969901332343,4048.5255261192983
2.553,1937.6334365421715,2214.7993276298703,3704.869187318712
2.553,2097.2729223897254,2430.846013690507,4423.114236331256
2.573,1744.3165384203817,2284.117951504013,4696.571463418561
2.573,1918.9897358976143,2065.9483376192456,5006.293303350112
2.575,2280.6429350382195,2160.4301972674234,4267.400623703317
2.575,2075.24929554684,1877.995631100618,4613.086163430902
2.592,1878.5954305854627,2237.8055298908484,4307.24213195384
2.592,2019.4969545145016,2228.595775928723,4462.392838405598
2.614,1743.418417770899,2254.192487335789,3981.0525771955718
2.614,1812.155021347431,2140.9109295134867,3864.1404274581937
2.636,1923.43044749437,2028.2679665340481,3901.124308830747
2.636,2209.0406237460465,2189.8473910119883,4201.083494047991
2.655,1716.8433999263566,2030.5334990303165,4120.844575981315
2.655,2056.5634500379756,2104.1046276909187,4471.681987658475
2.676,1947.616280543602,2162.2058820770076,4509.246194302876
2.676,1873.243745329423,2174.2146068145016,4135.996129807892
2.696,1937.262830709882,2469.64463043207,5247.745438305111
2.696,1839.6914430413954,2255.0836537324317,4106.530194296323
2.718,2071.521393312181,2208.7752924987285,3619.298395735844
2.718,1826.064224938109,2067.3770989933114,3382.397483069661
2.738,1795.1898603520672,2088.0168078158763,3788.3390611517384
2.738,1984.8032893332834,2305.4994830259197,4501.584006370658
2.738,1741.715738117805,2203.2013145926417,4930.525424806855
2.738,1639.556120850913,2190.284680333436,4489.907258338493
2.759,2027.9753648314468,2115.2117828172213,4963.102809194633
2.759,2034.067713053933,2496.425820512283,4301.857611370731
2.78,2134.544219445468,2238.1121398048117,4239.000813808729
2.78,1804.2522939317355,1927.2633737734907,4228.002677729436
2.801,1745.8751058355099,2563.6047893588475,4001.772127721266
2.801,1673.6911837577147,2167.7254447072496,3509.1231327241167
2.822,1702.565382063795,2069.8695088381364,3855.1539944943597
2.822,2213.707484313176,2046.287900586562,4112.302780209686
2.842,2083.6656408575554,2023.4271990987143,4872.882657091492
2.842,2011.0693910498433,2373.421043611492,4037.2512843149
2.863,1714.1900401041105,2013.3533232322707,4470.478446472585
2.863,1708.8155470957174,2261.563629928516,4816.54904936691
2.884,1629.4798069951732,1997.1041090555566,4389.813308417261
2.884,2184.4019033872005,2079.1268713690124,3868.9273842424755
2.904,1786.0736327226682,2101.083064868722,4311.813155504121
2.905,1885.379905201255,2085.132898331782,3154.0419457503554
2.905,1660.498298475163,2089.4740384613947,4133.448855624008
2.905,1764.6290524909894,2219.9310159596,4170.855288495124
2.927,2013.0787757589335,2139.513381300922,4547.97420636443
2.927,1880.165838338173,2168.6728980810085,3767.3177235038916
2.949,1925.2122790516348,2127.584430116547,4166.571336603332
2.949,1623.9585184968703,2246.490995710846,4326.295957976737
2.969,1754.062416091959,2240.514193282178,4320.453462880662
2.969,1815.8077715294087,2131.340113014273,4142.151092308543
2.989,1897.2700672223214,1966.2522334906184,4086.820940272954
2.989,1872.613948926652,2162.974136040259,4448.827829888521
3.01,1782.5079242857107,2363.4369183389927,3986.895365034735
3.01,1974.1762929953024,1951.5070625836993,4700.163349435658
3.03,2147.004721949236,2008.2416953926247,4706.047827028512
3.03,1948.6967192849966,2291.194150115643,4482.080930158706
3.051,1674.1828256720985,2351.5515414213082,4470.374795285706
3.051,1966.8706860110904,2210.9391716456926,4799.3378227624835
3.075,1888.0752622104621,2140.4526393874517,4393.904065231357
3.075,2052.644421468106,1896.4999110257409,4217.453273520005
3.075,1996.493931805327,2132.7543882304667,4179.550199220618
3.075,1792.3011609977107,2092.3357163067667,3683.0600948934502
3.097,1668.4516511118024,2004.990930924014,4359.884045406214
3.097,1928.960230389169,2442.00878043244,4460.068633975468
3.117,1608.7528295817456,2124.706932498676,4698.039502179737
3.117,2137.646254231846,2302.321357056759,4465.679635065018
3.139,1906.1699012975296,2028.960676103766,4634.717509163914
3.139,1868.6948609785381,2092.054203431084,4570.085004803749
3.16,1840.227064300867,2303.461058856242,3669.8627517635855
3.16,2171.3119903551938,2421.98595669951,4191.614546623866
3.18,1748.9021776870945,1900.3572515810124,4255.503307065779
3.18,1959.8268933454942,2338.1616770081414,3572.3960418009437
3.202,1971.082388964971,2081.145773587125,4408.598731495218
3.202,1927.8542877464397,2246.7224343424027,4432.5139287718375
3.246,1832.6361999799365,1994.0188041361266,4220.702233010624
3.246,1913.7046109527128,2199.564004560196,4322.085034905769
3.247,1783.545834749656,2318.791719474385,4528.135207639856
3.247,2212.7007969576644,2183.3538879127364,4918.519831958369
3.247,1768.6077753877087,2064.546765408175,4187.271067590556
3.247,1816.0243873896559,2217.037836314693,4232.201600946759
3.267,2146.7182400183674,2436.6785775614712,4060.3865012512747
3.267,1706.6455220318476,2260.3098473238483,3441.386355638051
3.287,1759.605589207527,2205.928519785308,4897.858414578159
3.287,1458.6027298889549,2229.452818432239,4435.715946134685
3.307,2061.2701547280403,2175.523660330179,4421.645639695616
3.308,1663.6979771312724,2472.6880177468684,4572.52106966834
3.328,1801.9500821914744,2102.825764800431,4233.7297208813525
3.328,2011.105539596562,2139.8724218736074,3907.195331614275
3.349,1936.560615205868,2229.4707300698033,4072.7305896073703
3.349,1837.5512964587076,1878.8213398782964,4242.365506416428
3.37,2006.3099606319502,2030.4486331292583,3875.786494854673
3.37,1704.0895747305576,2321.3607277927986,3478.295816622117
3.39,1617.596851843583,2360.08718138917,4634.233491601142
3.39,1958.2396203150108,2218.0245041389576,4412.1125824716955
3.411,1890.1086014780665,2358.1069210159867,5089.941755515369
3.411,2064.483525841796,1890.1466058517672,4874.701496193583
3.412,1752.6250126579619,1997.2252350413721,4591.877723920707
3.412,1570.2849457496166,2294.2781112755983,4292.23570680325
3.433,1790.5039156291725,2215.111449382224,4046.7770210197746
3.433,1852.8995693888246,2173.605516930853,4519.06884571552
3.453,1632.4474147127878,2447.365405091651,3435.217133198213
3.453,1728.7469403179,2112.514049189542,3692.1614219828234
3.475,2015.9157894183707,2248.714993591711,4487.2980036263
3.475,1414.1535565913755,2200.5237526749775,4336.699957811369
3.495,2022.1013692672552,1841.0899478880158,4508.21496000606
3.495,2175.387044965256,2138.359206733012,4302.4013374451715
3.515,1780.498004454768,1893.793703073277,4837.953176195123
3.515,1991.862449337835,2176.286094546246,4459.539175119444
3.536,1756.4971870553177,2426.9782424028053,4336.311797825594
3.536,2177.6713113984065,2184.1117040032113,4259.246503023567
3.558,1909.827405845261,2398.985960916438,4017.3071138930422
3.558,1603.9948878906616,1913.0938512865657,3937.122269661973
3.578,1903.1066992792232,2356.5160630923133,4770.257636938294
3.578,1704.3730269188163,2452.681483684652,4275.4225154671
3.578,2106.441258298396,2043.7908311573624,4619.471220904915
3.578,2193.2482256158078,2272.495982461542,3913.3452092401617
3.598,1723.6658327337225,1929.8117167030591,4573.786992830497
3.599,1877.2022775622013,2362.3836108359183,4025.4590060330092
3.62,1741.7229927450264,2210.939165067876,4231.61546938684
3.62,1783.864173260742,1898.9982601324862,4635.932585962089
3.639,1603.271596602057,2254.268495041165,2756.851501951457
3.639,1681.38451800963,2185.530140817681,3803.6368913019814
3.661,1834.9147214012303,1942.7971924994733,4656.978900180125
3.661,1828.0010195890115,2039.4873869243534,5060.365974860215
3.681,1903.420407990616,2097.8993727304137,4256.62462648152
3.681,2040.0269629495706,2453.1523136457176,4161.92868165099
3.701,2102.199402891769,2080.5414958670763,4630.8152401213
3.701,1896.4392281970577,2085.923649419829,4030.0940725057385
3.724,1784.8818153575355,1777.898349463614,4109.075136453684
3.724,2171.806437622933,2128.193823269443,4117.316462724909
3.746,1555.6966481724114,2276.2161504933465,3847.061434599141
3.746,1767.0724906002229,2199.9673277453317,3893.565982008686
3.747,1658.0896628162589,2013.6668128846316,5342.614169010445
3.747,2073.2785128193327,2433.5106716348737,5133.2854713449615
3.767,2110.4532879550698,2136.575068514301,4315.8438115224
3.767,2098.255450308487,2323.388317584937,3995.704096015832
3.787,2328.494645378148,2046.0066526550872,4289.454694433326
3.787,1870.1884192093935,2001.1893559534901,4418.99262714863
3.807,1710.307408172305,2158.3640855610242,4137.377734996178
3.807,1850.9480214696066,2200.0489053874144,3884.705331402442
3.828,1809.87893313921,2092.9445473654678,3960.5596700874726
3.828,1725.545275686556,2471.2768854068045,4164.890527863502
3.849,2108.8358759042776,2238.36866717071,4291.357495475638
3.85,2030.5800052028221,2301.9099700354973,4567.489373637172
3.87,2029.5925357131616,2109.4502652745605,5067.681429273855
3.87,1746.831121550109,2174.0380164894063,4755.692236898049
3.892,1746.0664040680763,2259.5152142618085,4677.275833460976
3.892,1861.3062149047978,1936.2512368312168,4273.142077976358
3.916,2024.517170664075,2174.4979699509377,3928.179889622689
3.916,1693.1935774624533,2357.9464304997323,3980.1002535908756
3.917,1864.1619141120846,2385.1718320426085,3446.5994979550355
3.917,1819.79625628073,2519.2019469768234,4071.0135479508654
3.956,1859.5711000753017,2107.1480599896213,4342.154634503034
3.956,1868.6740543790681,1965.6995294021056,4657.384951958975
3.956,1994.847476075453,2228.290325706264,4423.365094707791
3.956,2303.9117670109686,2110.4118397179545,3764.073396707856
3.974,2279.1087389456397,2427.5030913296896,4942.369362437648
3.974,2319.3752285054384,2026.8879299615694,4911.722839411688
3.995,2052.4230423884223,2020.1007921631297,4616.184468744124
3.995,1452.7462603769304,2219.3201586875803,3406.366594631429
4.016,1923.0328483706082,2215.0966917589076,3816.0158660465017
4.016,1662.3162010234555,2287.411688783734,3609.5473913192195
4.038,2112.0972603274354,2190.222719065587,5248.5076257960645
4.038,1970.2774313123878,2140.876825611576,4829.661274594325
4.059,1888.0843193433948,2341.1028178848155,4563.984227936523
4.059,1973.5394969848592,2181.1821137887305,4421.586362721823
4.078,2039.929877147236,2059.1245965305816,4298.522240865803
4.079,1860.8367921697818,1956.2117408863144,4685.06611757689
4.079,1736.7461643805736,2453.6973978821156,4391.472568558773
4.079,1880.7001474897227,2412.174042435614,3765.2068863329337
4.1,1780.6795005604354,2125.292823739132,3592.4032703929747
4.1,1975.027475692385,2086.294024472826,3752.8444472684973
4.12,1711.65439881542,2287.957275556085,5203.817037407081
4.12,1846.004285777266,2121.5423188443165,4547.832830974544
4.141,1681.8661438121446,2029.6838260164386,4556.726427441937
4.141,2034.7361263762982,2055.28113031414,4815.622360639513
4.162,1984.4703449328479,2185.35854593465,5200.245602821313
4.162,1902.602155224577,2294.8063616684617,3898.6249397476904
4.183,1880.9798914636976,2135.892727977824,4251.048953568063
4.183,1919.935642445461,2339.844421970622,3962.354763541856
4.203,1566.416027240073,2221.4980074714626,3118.185198614949
4.203,1761.7975707529383,2186.1233034730685,4030.7692826252255
4.224,1841.3575502603467,2295.9799231181714,4532.95000857058
4.224,1770.3567435994385,2187.6742742868596,4737.55014972255
4.245,1925.4863938194321,1958.505303364736,4545.2825877124715
4.245,1983.5688218323382,2631.461795055197,4399.304216792699
4.245,2202.058498105966,2674.041745412368,4380.729469349942
4.245,2152.4445619301987,2287.595844169965,4680.393524593763
4.265,1866.9285128115362,2288.3285756170953,4540.97370220688
4.265,1638.310284978233,2167.7165257342467,4188.922826079532
4.286,1706.5336387650163,1952.0081207180738,4141.281405074053
4.286,1627.2565994289912,2303.4345538952025,4014.8977908293787
4.308,2162.570992545423,2302.1920061872233,4730.746410855151
4.308,2200.251929849306,2487.4664161375895,4131.999697696536
4.328,1849.9581835495956,1971.9979422644492,4002.421060709609
4.328,1922.617883103085,1946.3989277610215,4714.782139002865
4.351,1906.1506676432132,2191.383626252495,4400.853858466542
4.351,2101.840428920372,2582.1163580414377,4498.8676821873105
4.37,1826.0526580289259,2110.887550307977,3544.303034535693
4.37,2045.096921418896,2234.703422004526,4188.225354600186
4.391,1784.6305825546478,1825.1012399788624,3644.66218260398
4.391,1929.646752154834,2377.6344743929167,3693.1213508051865
4.412,1948.6312159755303,2051.9729585624214,4358.055707982391
4.412,1894.652733396942,1886.4019748700614,4231.883240761429
4.412,2033.0730838377979,2331.51170534181,4430.674061160382
4.412,1946.3133231586276,2128.1322873039853,4609.664845082124
4.432,2064.7364903807807,2322.46328022931,4710.480748695978
4.432,1869.4971941276979,2019.7919030915318,4842.543648825201
4.454,1697.2911009764716,2085.4675184203707,4303.600722185601
4.454,1959.1232171648496,2153.750321050159,4555.536297100702
4.475,2052.074481545138,2438.2657632828514,3967.464715203581
4.475,1981.4802929984262,2207.4108874900294,3487.449415622379
4.495,1767.3369061804576,2498.117291567826,4564.121604736654
4.495,1865.5314287453552,2278.7985565940576,4836.2321982874255
4.517,2202.421727413251,2087.5007109830735,3953.9751122723796
4.517,2126.3262142073263,2138.457545888134,4671.33938625742
4.537,2008.149309849393,1837.8743081382027,4079.005660862166
4.537,2040.076129080451,2038.1764836051404,4732.307896367975
4.557,2059.462308666091,2212.598016759521,4024.1717638326763
4.557,1871.1170760855211,2070.376118557958,4224.493433782031
4.578,1880.3521462475308,1974.443261368983,4124.992402433449
4.578,1799.8340179815898,2470.9278158081393,3491.291979403667
4.578,1617.3427435889757,2001.5319255874178,4404.16318510461
4.578,1941.983043660939,2123.7041759735366,4730.686319214758
4.598,1914.1802593036516,1990.0312251517362,4014.837608450065
4.598,1911.1689870861896,2255.0615434584283,4398.57072281193
4.62,1988.5239430433053,2420.0922248054767,4347.869747901798
4.62,1910.6050330268822,2306.9020236319943,4374.727864162409
4.643,1719.3493700507056,2262.2299733834047,4611.731494215117
4.643,1743.1570774564839,1999.4856427792631,3575.3770276039486
4.662,1842.616088629283,2012.1138327101014,4476.041867003666
4.662,1933.5836341230429,2481.3863349190437,3455.9157327054954
4.683,1804.720174172531,2261.228087019931,3745.500914733532
4.683,1963.1509088543658,2141.3168790165523,3937.107853635371
4.703,1920.1126190241412,2550.3942399844036,5148.174255384286
4.703,1962.8795480026668,1938.6848742907212,5046.738714754127
4.723,2365.511092117097,2266.0348047425014,4588.611363216883
4.723,1866.7752720099206,1936.9336704910097,4820.767940787857
4.766,1668.6160288379654,2274.8409407035333,4642.316781704741
4.766,1796.5375791754,2094.177507637304,4178.66017636796
4.766,2006.0432364989133,2063.345316027623,3543.018977531338
4.766,1792.3308730593194,2149.5024672757563,3788.5396115235026
4.767,1873.4367012748833,2235.380457327327,4282.556250652364
4.767,1741.8081370161208,2350.604297785042,4476.733690362593
4.785,1755.3298997038023,2395.6102625854473,3822.3249440606164
4.785,2053.069869504363,2303.0270095933674,4508.482599203145
4.806,1983.8481057634763,2365.662075534464,5046.663476264037
4.807,1942.3498577804505,2653.0469002215686,4814.792161574667
4.827,1762.1141893045708,1966.211765732788,4092.5538044791747
4.827,1616.984371130093,2448.6955996841857,3397.6687269899603
4.848,1563.2259591836735,2071.1600569247853,3846.9897126597516
4.848,1623.4717974755245,2091.858918677784,3431.4939716637496
4.868,1884.1158287408205,2134.9544710025425,4009.241993572781
4.868,2267.5139852301572,1967.2247311071822,4146.343685004948
4.891,1950.1349327955384,2226.2829774885427,4782.119548221437
4.891,1970.0771124017526,1938.375159649022,4262.40185785161
4.911,1924.9359213245834,2063.6447216947604,4600.755174646927
4.911,2194.4747606861324,2012.7375567783315,5217.869315748949
4.912,1548.4736660004041,2192.9143480378366,4289.300684817064
4.912,2041.5559217660052,2446.1544183424526,4366.752066317029
4.952,1679.1436454995628,2182.5012743852835,3603.0969287719086
4.952,1806.6292154381063,2251.9294248012366,3661.7753422158003
4.952,2079.915040090225,2265.952425727695,3987.7110513341026
4.954,2067.757842650161,2431.9337641745356,4403.394577242079
4.973,1834.9405523997314,2076.3572829350096,4486.747991055639
4.974,2003.1651300022836,1996.6769679473393,3819.7383420622473
4.996,1997.8577192438495,1968.0493458277824,4474.108314501133
4.996,1876.1454939322027,2212.418401328997,4440.927541915534
5.016,1818.1088115097148,2078.1517421443464,3137.6335376989955
5.016,1766.8554785406081,2339.105709244606,4627.007946537599
5.037,1652.6861805471344,2201.382581976001,3383.321012376055
5.037,1616.112861774429,2431.8058972406902,3834.5388478789246
5.057,2077.942988748474,2069.5063902751085,4249.486108678076
5.057,1941.4695637893062,2097.8820296483095,3739.179431395961
5.079,1549.815615249062,2256.450837297417,4294.017430631013
5.079,2003.0484181288443,2445.816266640513,4553.334308681595
5.079,2140.6843918708896,2328.055675019707,4151.975121846885
5.079,1869.799435897126,2206.8923968078175,4965.72158455058
5.099,1756.9599360090374,2923.5993909415843,3898.5570954431946
5.099,1758.158450786788,2300.1154298485853,3555.8405979400823
5.142,1991.6058792319147,2365.3392138356344,3729.3567617208714
5.142,1449.1667958596404,2151.2124423240534,4172.45793484204
5.142,1935.2245145704949,2147.9649032059815,4338.013310463261
5.143,1796.2331845155697,2264.654945104429,4713.4998199159345
5.162,2119.796202094682,2073.174592781102,4485.112411257291
5.162,1838.7295521852407,2395.1947325379006,4416.909361456169
5.183,1794.0006715984794,2194.225453241578,5208.6704989596265
5.183,1910.4919067219564,2068.029425714416,4117.601398251933
5.204,1705.5483151947476,2288.818787334444,3758.1487178011466
5.204,2066.108499595675,2098.47966725339,4417.50441016649
5.225,2101.97253672488,2326.69080445831,3716.5398584566733
5.225,1814.4209880519468,2094.0868802550854,3084.334258706759
5.247,1837.394828637231,2134.213993297204,3840.8702535995094
5.247,1904.3734193283135,2142.480497301436,4601.820124304545
5.247,1983.500262910788,2409.015697631321,4220.427440436923
5.248,2086.4293512201393,2013.0295512956422,4271.3313707270945
5.266,2174.930585818599,2407.5977446628503,4657.012306835054
5.266,1851.310519800248,2176.759801203908,4864.201831237912
5.288,1601.142533138452,2188.5488158858566,3981.076804879402
5.288,2008.6638661461097,2288.6905574361363,4805.887249414258
5.308,1726.2571254830389,2034.5243987231424,4044.8906094745375
5.308,1661.0614440393786,2145.9888032868985,3892.040418809777
5.329,2112.533983802972,2132.5778591025296,4518.792181840859
5.33,1813.8623680146939,1957.3365825494213,4297.685555464521
5.35,2197.6406648177776,2322.6704607310385,3946.5072606037966
5.35,1861.0400899220713,2066.291939820275,4722.436367937728
5.371,2100.6027163440012,2054.5787077799937,4776.85694317151
5.371,2026.19176534888,1982.9190010221582,4519.65263962625
5.393,1795.205946593082,2054.4893658819046,4417.76364488315
5.393,1858.7543960642308,2197.8214123172856,4326.1042205508575
5.409,1557.4839252227546,2128.336917072529,3712.808294498988
5.41,1772.7258229690392,2084.379191460222,3682.3565565318704
5.41,2049.615587791089,2227.5567548599324,4388.766942124186
5.41,2096.2596951407177,2521.5258403014172,4731.928977939487
5.43,2277.3979537542054,2122.5529279720736,4641.068132936676
5.43,2018.7924745989121,2202.0509946498523,4657.23134509024
5.453,1947.8420144609327,2252.0147005817735,4413.252396421547
5.454,2211.9183042610684,1970.0975908761575,3659.222299149467
5.473,2014.6605783087116,2255.794345335099,4763.348569121697
5.473,2029.1750588944462,2008.9527141516887,4429.763952431271
5.494,1527.821486074701,1820.6121559941905,3427.6830966336183
5.495,2102.582304080366,2112.6797453492854,3855.5247720006523
5.517,1767.0440727737168,2251.6424209794,4201.3476471806025
5.517,1819.2027487926835,1835.130659558393,4568.207926417388
5.536,2309.5311483364612,2196.7144167452175,4147.9298120225185
5.536,1923.7604436800727,2091.419757112922,3725.170677287243
5.557,2262.4413771796967,1921.5603389074672,4531.295800907715
5.557,1874.2391216239841,2319.580060348022,4616.7394137980755
5.578,1682.418769402526,2019.880568835689,3843.5477289264304
5.578,1974.4139397514236,2201.1546955453846,4413.292168547699
5.578,1647.5022104388356,2051.772402537148,3302.762931104728
5.578,1588.974781049251,2012.961233319186,3593.4031021113265
5.6,2191.97138880903,1992.6673746301672,4009.813055860742
5.6,2112.8136741490753,2133.9786596978797,4340.18725011865
5.621,2103.343523649954,2105.35860964084,4530.2341403531545
5.621,2066.5167825538397,2201.763793979652,5213.831948930793
5.641,2422.97274155323,2061.046585353106,4334.808569078703
5.641,2192.2208667628,2636.894643339805,4548.622348301296
5.662,1707.6210683436823,2334.9397706012355,4221.842765150299
5.662,1992.9294344707723,2056.453842147531,4279.516440603288
5.682,1927.6122846870835,2091.311287289925,3932.8918487330097
5.682,1677.7957030430725,2462.4761927768313,4115.850490501414
5.704,1802.792899994511,2151.681085747723,3792.369408612455
5.704,2005.7852325293597,2093.8446385863613,4008.893539303093
5.724,1847.198420050467,2122.744603043618,4142.323088672669
5.724,1949.8691080731933,1992.0132520083162,3840.3485277591008
5.744,2193.763371379014,2597.533157309158,4341.4924254652005
5.744,1891.0378641403954,2200.9461631711233,4735.836360416566
5.745,2163.7230489857634,2137.502449782794,4030.8125606554654
5.745,2027.0978409702523,1806.0075388906048,4164.573665723459
5.765,1904.324077029635,2352.6667149173504,3835.0579046595312
5.765,1757.9601054494037,2335.5286843142476,3951.2405413173724
5.806,1696.045546092454,2347.2392118632065,4565.1560213955245
5.806,1941.7292879366066,2288.5970702486966,4119.4319575149
5.806,1726.2842490655382,2248.4345949931007,4462.16145511428
5.806,1992.8544408588198,1939.9353804832892,4416.270872842216
5.827,2213.0489585786895,2178.2068077572508,5055.015095455003
5.827,2089.6250298165432,2115.2164322958165,4138.619333954702
5.848,1984.311857999919,2268.183183782047,4025.930966513402
5.848,2149.623064991178,2230.950963326399,4503.949612239514
5.868,1832.4002310312449,2334.1999121435497,3502.702450379703
5.868,1713.7213501831716,2285.5923554850087,3229.983268769712
5.889,1720.0641643153358,2096.1765147922206,4756.31630358688
5.889,1914.5626298779587,2225.086327236521,4222.125545025244
5.909,2016.784327057701,1939.2044940504768,4207.901798246885
5.909,1755.7307373237218,1794.7453407825737,4458.384197608396
5.909,1854.8339319000552,2296.3990942416403,4429.39368798998
5.909,2287.1694946107496,2392.478006994862,4777.197281596404
5.93,2075.58425848011,1970.6926271854727,4432.043462039084
5.93,1808.5310879831397,2432.4188032506727,4200.334359769269
5.951,1772.3139112118943,2044.0370211393238,3654.9561447167353
5.951,1634.8096948073717,2126.201814800579,3655.6763053419786
5.97,1558.7763284404161,1826.2483427405796,4653.997140601372
5.97,1973.3354400748906,2306.5056661697563,4146.125591569969
5.99,1932.4962740121812,2231.729542958849,4064.150562719185
5.991,1945.775751727934,1880.4673030157267,4785.41975267675
6.012,2210.8203133649927,2130.649524905706,3531.9357382427524
6.012,2122.9344298631017,1983.5828179365603,4798.279965407727
6.034,2285.8282990298403,2315.203912036448,4416.498892801932
6.034,1991.8905942462982,2000.3737466851208,4380.793959474176
6.054,1649.2631221105194,2058.055315187057,3973.5456993515922
6.054,1573.5093442345099,2053.2773054425365,3063.820406566856
6.075,1720.6577287894102,2105.79140784235,4056.3335769020596
6.075,1875.5073845883335,2191.2870512216546,3966.440939470038
6.075,2055.9190057427995,2012.049914273342,4468.788654388324
6.075,2025.1180048806982,2145.422788547444,4633.980351814365
6.096,2105.071702112381,2372.8482141095587,4301.849991929717
6.096,2195.743725640436,2224.700483333923,4704.0597098299495
6.117,1772.719872310463,2107.119432528435,4414.081551083266
6.117,2006.7118706563426,2089.4502822255404,3934.4201700560943
6.138,1889.7887142198542,2065.5528884158925,3787.8616940318666
6.138,1454.969096301355,2292.7953332214156,3647.486322937297
6.158,1806.2338450966884,2326.2902881268187,4418.351333857807
6.158,1889.2729132191669,1936.1672783859544,4084.697343646248
6.18,1665.241950238851,2323.769660685002,4357.694030011722
6.18,2039.195750219646,2351.4398333942627,4763.084885293585
6.201,1938.4498270073368,1942.418314533667,4557.336388027897
6.201,2275.8451683876788,2339.9833238785022,4307.883586784221
6.223,1923.9932484130384,2077.099623313449,3925.958659749368
6.223,1857.4667861288597,2120.7991794451323,4031.2863824336446
6.243,1972.9254967710592,2063.798104045944,4242.178358071991
6.244,1772.8973379064012,1942.6518944983643,4133.115355429878
6.244,1718.0057950118496,2430.317162977804,3668.8424128857387
6.244,1914.0255395073361,2145.5811613160813,4503.705896174907
6.264,2073.8152379794064,2312.300608798765,4164.360824560083
6.264,1545.7998074293102,2312.880454781833,4317.971120924342
6.284,2111.6993075143578,2259.5152087618417,4190.286861423203
6.284,2001.8377868180874,2000.802876957874,4967.5001820112175
6.308,1917.0870704823465,2219.6026965179863,4478.927868730384
6.308,1740.897448029134,2138.261972784956,4711.048596502925
6.326,1600.236448369604,2229.9828554349856,3985.334341003231
6.326,2061.2566880166887,1975.248721936175,4022.7875080182394
6.347,1804.8413940836022,2259.1846607953344,3674.7725205096845
6.347,2009.6592636159849,2031.8892627210353,4599.612128598899
6.368,2061.5459920050466,1972.4032722895174,4356.461796599927
6.368,2076.608046208867,2142.5197720007654,4236.812794821284
6.388,1974.7264452251527,2238.4187380487365,4357.219539900578
6.388,2163.697148181066,1926.8359144678236,4096.762903005039
6.409,1867.370245241123,2309.8029344527577,4327.313353400925
6.409,1998.5711086909914,2041.6070224977486,4254.504543935218
6.409,1894.362675146281,2189.73829043309,4280.001698081502
6.409,1988.614250386133,1855.5944386358728,3870.617599269323
6.43,1921.4965041086828,2271.2324891124263,4523.9097556249435
6.43,1823.5090663790925,2124.938176079761,4612.137435461418
6.472,1974.6633800256136,2252.976888975485,4872.232975548018
6.472,1909.7228900470145,2305.1173679885924,4785.74747869565
6.472,2016.5878071647965,2070.3090176103724,4397.556542801406
6.472,2063.5703004693382,2066.7520394977655,4954.6542374501
6.493,1794.9535069425276,2192.8169008527834,3874.959773299204
6.493,1706.2216006696199,2343.963589693987,4392.792810579322
6.513,1653.5674462316256,2316.6103390694466,4121.389968506654
6.513,2134.0099575745594,2079.3064079060914,4549.324357394551
6.534,1813.7545988432853,2121.853743186073,4333.648470559055
6.534,2050.2825206377906,2067.624574805549,3776.676042717762
6.555,2016.250040811339,2164.9686918143984,4555.971593142644
6.555,1969.6770478011085,2201.0636607983884,5033.034484305619
6.577,1948.0461215047496,2393.825176229654,4462.562737988317
6.577,2075.993133486498,2182.3696474270578,5301.480315746984
6.578,2099.275480839163,2208.0320106920913,4442.93126034247
6.578,1644.668268313544,2196.8908279471384,4102.321422565857
6.597,1723.9946811282018,2083.0597058204316,3933.394950203207
6.597,1961.996217389502,1918.933551638395,4337.472644308031
6.617,1961.4799961355511,2271.4441186698004,4020.2981030661335
6.617,2019.2714266074051,2172.728672113266,3805.3622952165706
6.637,1861.4966318691672,2528.6722826864047,4600.101251489324
6.638,1824.4083218293358,2443.844609042929,4543.612158651955
6.659,2048.3349597172105,2239.488411021508,4289.546646229611
6.659,1799.6579568119218,1911.0545353519844,4805.337057963305
6.679,1986.6665143075802,2029.3723499540124,4191.074723538898
6.679,1838.5743977490336,2422.3227187343696,3824.324224513679
6.702,1872.1687470321299,1833.2066023571742,3917.180451598031
6.702,1869.6629278117032,2470.700702372544,3651.723281261007
6.72,1780.2233148847934,2323.285577881859,3702.114418374666
6.72,2014.0059880766453,2189.4922105326405,4190.670679923812
6.741,1834.4912559359846,2565.59289124822,5146.9873822324225
6.741,1925.5279016038883,2244.0813303827044,4394.6258351518045
6.741,2310.030969899089,2265.1971164574393,4683.87840640668
6.741,2188.505628642567,2090.693124763418,4323.000987169756
6.764,1850.926355718359,2225.0160670620876,4070.1185248248507
6.764,1815.6368455118572,2305.7175993894643,4039.5616776507886
6.782,1990.0862238469497,2038.9648724096962,4226.153462807988
6.783,1601.9627273429228,2196.0910424846343,3954.2715022840707
6.804,1918.9141064989044,2222.13551478352,3974.816768953773
6.804,2108.727562418287,2262.164390781749,3756.5762816068077
6.826,1921.018527988982,2234.340762324607,4275.494957641631
6.826,1917.992342766041,2141.975498304111,4100.958988171089
6.846,2298.829708891384,2214.1834563464504,4834.312471215026
6.846,2212.7776253352145,2103.500520796868,5272.70323869595
6.866,1995.6405216485628,1953.8470000169614,3716.4663021965707
6.866,1788.3362312733884,2165.14799819655,4169.870098236539
6.887,2083.81095091737,2163.428053921915,4295.417614769684
6.887,2083.279198008217,2055.4887752646246,4014.089070880097
6.907,1448.367319625184,2127.123386168135,4732.589401860364
6.907,1587.3566132010849,2433.4673206278217,4304.343857135806
6.907,1839.8179096925153,2287.379706011959,3918.5309498263437
6.908,1919.3203936811785,2447.3236678858207,4097.244268625824
6.928,2074.7516138409505,1904.6868319626008,4411.576980099211
6.928,2257.5705768854828,2237.8859211522245,4707.001490369664
6.948,2009.2898633438197,1986.6795098131095,4241.43209389524
6.948,1739.1895809736543,2217.2173850948006,4280.946908009594
6.968,1935.3740166832838,1946.5711143090816,4550.291918124085
6.968,1679.7627258310883,2087.691438085689,4265.339703214937
6.992,2087.343572956845,1865.8383733818578,4007.8765844272416
6.992,2057.0421691400793,2046.9698912738547,4304.230547864577
7.033,1663.8153203116349,2471.868707590911,4398.948806294596
7.033,1886.5802809028316,2289.1378423065785,4488.26371005389
7.033,1928.1906080544713,2031.0381380608167,4302.895841994363
7.033,1982.5803426379102,1762.651222303007,3931.5340656864855
7.054,2020.535933782715,2167.863844338652,4372.37406058318
7.054,1856.6824438243664,2026.8131204304577,3652.917821561994
7.077,1885.5265703491302,2264.1686809244993,3440.618245375343
7.077,1628.9633105361108,2423.915546022707,3919.2661025111533
7.077,1571.5250132393053,1998.9827017532016,4926.067971070702
7.077,1889.2334218956253,2595.9806492434495,3844.8761941154303
7.097,1915.3529008946805,2522.4710409587005,4581.31197456275
7.097,1659.4907540444867,2362.6260845703055,4428.102608163507
7.117,2140.0398396114024,1943.8024304291755,4233.6588977956335
7.117,2254.9450412432757,2288.7995847088837,4704.11525402943
7.137,1709.3727543711316,2148.239613270722,4238.150441977568
7.138,1892.022682418355,2092.9833928227786,3930.1639178146643
7.159,1993.5685129619824,2379.5549443750747,3579.3798610078275
7.159,1883.9798111239802,2242.8271229911206,3578.3312734844726
7.179,1639.3118514714017,2009.6481387198446,3957.9828918272715
7.179,1912.9569132837817,2211.697608854567,3601.2046795868055
7.201,1809.1528917661433,2157.9663337497022,4688.600245014134
7.201,2042.103884520805,2108.064169639674,4320.159666318858
7.223,2105.344405652046,2296.6372045951357,4211.6216089316795
7.223,1985.6909969493418,2292.108896052383,4977.515083472636
7.243,1741.688972744969,2023.685485615031,4015.8429907112964
7.243,1866.9012852153153,2451.6887559379,4215.2039900071295
7.243,2166.710348142552,2331.964082699444,3834.3585372326465
7.243,1752.7407838194679,2044.6680471087589,4131.053917138128
7.264,1845.7678145592993,2190.6448976059837,4118.631309934095
7.264,1714.184665156036,2155.831958677321,4576.191774964997
7.285,2145.1706822385563,1986.3001288023913,4363.53374749298
7.285,1963.8227552214291,2064.090961569069,4203.283671312609
7.306,2326.792909201477,2108.280854195269,4294.644544282489
7.306,2135.4231253413577,2512.8539289742375,4694.020867287651
7.322,1866.6274869616866,2188.242248404872,3858.1667581073057
7.323,1920.3639947492984,2119.8220211031135,4795.71141446057
7.344,1920.2327545599535,2364.871116225913,3988.90848088272
7.344,1658.0778528771702,2349.426258195671,4015.0920989819233
7.364,2018.2687514193901,2031.4230660651208,4694.074280695697
7.364,1793.2821057103022,2321.180835180478,3505.2462902470147
7.386,1867.9724772196716,2008.50406038786,4252.914066602391
7.386,1958.0066266866452,2206.0099459474695,4188.3034451163
7.406,2271.4047737845217,2220.8271314907597,4515.783458721745
7.406,1947.243182506364,2215.5809400501475,4155.400939656837
7.407,1965.2223467149713,2009.0234254359675,4064.6868502787165
7.407,1800.264968396691,1988.1953129902454,4829.619660925651
7.428,1961.4940782800793,2086.5831080947637,3682.8482141064387
7.428,1873.3845961416414,1942.1666994706795,4383.098404632646
7.449,1626.5591284857214,2160.3252020961622,4198.22968004625
7.449,1806.98222779566,2240.9726923419253,4187.314549661281
7.468,1910.5561165751838,2175.91673369246,5114.51022390988
7.468,2070.5719620149075,2224.482036958078,4301.736168654962
7.489,2141.542237819082,2109.6030268122545,4713.080038554708
7.489,2198.7043319428044,2010.7994459328731,4173.041272409341
7.509,1748.6413635180443,2314.942907088572,4187.317155276947
7.509,1914.5454031090148,2151.002527975982,5182.663789447881
7.53,1785.8326658444464,2201.5062364289615,3595.2962525148478
7.53,1700.4163671567976,2350.756228048276,3980.971523102935
7.552,1744.3470193546611,2396.4455804436775,4142.992655524232
7.552,1893.5684328075847,2259.35819035291,4733.248448964884
7.573,1749.8542904659462,2220.0380175039168,4381.97227733089
7.573,1963.400412060218,2218.5515131897673,4886.904860530735
7.573,2287.2526835283575,2388.4960935291433,4760.9302593769935
7.573,2243.818421692199,2336.7382331071226,4195.175950495111
7.595,2078.4885446948833,2032.1632076956178,3735.2523070924703
7.595,2342.361051224042,2340.93858609965,4597.939453982444
7.615,1705.3974910523732,2131.787455738733,3894.900912574507
7.615,1650.6571384189674,2366.5201137058652,3949.9285960966477
7.637,1795.5367116472105,2212.8550904107433,3483.2092699967197
7.637,2041.4876100423835,2283.0682653070353,3828.6939221840053
7.658,1873.2674724311462,2243.415348880775,4774.205403481208
7.658,1751.535250493876,2096.944039112844,4492.888984885256
7.678,2199.5601153204957,1995.9749917513357,4861.284833162737
7.678,2232.5387529347663,2148.801403536159,4480.04552464122
7.701,1833.332293948617,2063.7283441260133,3858.19289316561
7.701,1882.9904025566632,2202.1595080060156,4403.123335294019
7.722,2172.914951126498,2468.9447775337903,3966.398485414012
7.722,1792.2989899297456,2131.670969568074,3765.704750192351
7.743,1868.3591090807165,2421.418970892227,3997.968923939272
7.743,1976.1800109434175,2131.8500682358167,4574.385800927752
7.762,1964.051592378178,2507.8271766273974,3909.707547496721
7.762,1950.8264677587208,2244.279830049009,4509.994253643354
7.783,2041.028334597236,2048.439026375529,4195.250380344062
7.783,2066.9760557352133,2152.3431195258504,4660.853298832955
7.783,2160.3294013829277,2124.735760912293,4568.0651215174385
7.783,1792.4873083774837,2154.7781600406583,3925.634540532142
7.805,1850.4405528043892,2010.3998392117746,4390.580201165307
7.805,1666.8688215402178,2137.8226094061924,4467.437289878137
7.824,1993.7887564226005,2024.1292328094394,3798.0618956694507
7.824,1920.068750095141,2227.9105344581867,4836.243902825883
7.844,1813.7129249060906,2179.65025871449,4058.23651272537
7.844,1754.5910187313164,2198.5341424952194,4427.442714387034
7.886,2301.2109384338805,2072.023542188958,4537.679985796139
7.886,2490.497359998043,2132.511930137825,4430.9124425292275
7.886,1838.4197541709932,2532.103559517642,4267.95144326505
7.886,1828.676018257436,2273.232586027903,3851.9598088693183
7.906,1891.811371049325,2328.2283338202747,3856.3108717560863
7.906,1579.674325258016,2297.1650422847247,4458.071128984308
7.906,1696.9037686620513,1739.1901806752562,4539.0269250717565
7.906,1730.7798191099462,2177.9178377828835,4249.912414275883
7.927,1988.529166449079,2285.188947955954,4059.584237886116
7.927,1819.6321358026235,1959.0331185536193,4677.925365144871
7.948,2015.413478917872,2218.1813205460544,4931.855390335858
7.948,1943.0316280058225,2157.3013548132753,4227.451501178831
7.968,1646.9602035796174,1921.4452493462607,3938.550944531218
7.968,1851.7891388261867,2090.3368821383133,3944.1277254402758
7.99,1693.8332010670856,2246.485702871342,4187.438597413288
7.99,1917.7500331303295,1997.6549218036673,4213.477146033244
8.011,1703.8844455193,2255.747412920754,3947.820362361755
8.012,1780.797653669536,2115.236455444338,4294.187926581435
8.033,1999.36126730415,1893.2506706586314,4370.828726984292
8.033,1617.0252947551999,2306.4422375368226,5245.278975359563
8.054,1734.928467151895,2305.144217927873,4340.829966818003
8.054,2284.6133725066074,2259.1310115448455,4609.603103480973
8.075,1476.2174516898567,2254.8000890632056,3819.499984453634
8.075,1956.5155193364908,1991.1531844384722,4218.496385903731
8.075,1789.0177993375917,1974.7846559489183,3470.538534356191
8.076,1700.2386086888193,2149.288522481489,3734.5265542681245
8.096,1778.77519883036,2106.9274018207752,3832.431858876738
8.096,1641.1725494594216,2194.9186337992783,3783.7085346005306
8.116,1945.8280363102306,2105.4139831835637,4472.513084235054
8.116,1775.8351054211137,2252.298041138991,4373.029651271953
8.138,1784.0718616440747,2042.250337150489,4301.901115377155
8.138,2125.6227850022706,2598.7629366846118,4578.580255114594
8.179,1796.7551592573723,2406.4890152647013,4066.8380431140654
8.179,2099.054711199259,2307.953836375216,4126.70098580733
8.179,1939.5827002219603,2112.8282713544386,3758.1154310763764
8.179,2088.0658916819516,2522.464613031674,3866.2584191229917
8.198,1598.3611550215523,2151.60030367646,4023.383099585537
8.198,1566.4651766074685,2177.879806499774,3997.170400252958
8.219,1990.6197444044517,1935.6909557757147,3858.911635027971
8.219,1800.626349679303,2143.710491874924,4309.19971835776
8.24,2104.2374503453734,2042.1312355112957,4525.941623757638
8.241,1960.1930535798342,2128.274334740121,4412.183245758814
8.241,2096.778198457525,2126.232176818635,4392.835815580234
8.241,2101.867324343988,2384.733507719512,4417.736147741246
8.261,2057.24837588378,2010.5874705181961,3739.5658719454586
8.261,1931.4888091656007,2339.48481897169,3951.4984930286423
8.28,1616.1289479973698,1956.692036982161,3706.925725298439
8.28,1683.14153301369,2350.2054630182565,4061.5494567810206
8.301,1746.5530955734678,2011.171455878538,4536.531581393827
8.301,1860.9157729452797,1945.6724437057626,4089.2295306054125
8.321,2290.3305992089927,2138.6567588991484,4151.248313012205
8.321,2175.051918889849,2204.220194249902,4123.044933706921
8.343,1937.5521945253115,2004.0229605881807,4440.961168844529
8.344,1844.4108101813003,2053.143210198941,4705.5051948895425
8.362,1940.278843309056,2133.4350640482603,4336.214769631088
8.362,1748.320048344785,2267.235413616622,4034.5534061337016
8.382,1797.2721420298005,2247.830627049986,3982.2252140815895
8.382,1639.2240843805023,2195.371407295458,4085.0534527622945
8.405,1885.3626862677866,2148.620674124619,4325.488520453331
8.405,1994.2395341261818,2221.2981267364153,4368.056392599302
8.405,2165.4722518193576,2178.919014301289,4345.524867238223
8.405,1997.6196502604878,2018.5501879663689,4526.544512449097
8.425,1738.5002469383687,1955.172154155862,3362.4163164512997
8.425,1777.3896713891447,1939.9008220546978,4089.726175036952
8.446,1656.7382007719186,1924.6334683495677,3465.4807121995427
8.446,1792.9948805152114,2208.2122550554213,4315.839538981529
8.468,1869.9458189018433,1982.8029744215532,3408.814369342842
8.468,1792.7326602467238,2141.600482171315,4247.574649981459
8.489,1897.6170120240301,2117.427745157144,4503.327380767254
8.49,1958.4535770758434,2434.6655841379365,4613.3007840473
8.511,2110.543961922197,2096.3998277321766,4431.417396411937
8.512,2124.8904666121052,2122.065154621782,4446.634127612238
8.533,1978.3841890274166,2041.8997789637783,4096.650049500924
8.533,1662.104517080091,2485.814721524394,3769.7724244024107
8.552,1791.351094010244,1913.273397363001,4489.977559439907
8.552,1736.2447921164498,2097.5690225338053,4190.808088580756
8.573,1911.1533924828702,2303.1772634187682,4275.318504074362
8.573,1702.565231668524,1936.1830022502356,3626.7759315519424
8.573,1739.9811882544752,2155.7445583753656,4233.660773715844
8.573,1957.0018971771322,2037.2183507365055,4991.899731927675
8.592,1987.1009386402495,2083.9775761450046,4622.526982055439
8.592,2092.9423795313933,2072.918942397828,4711.0968582752685
8.613,1643.4532035129591,2216.6740615511185,4487.380107828603
8.613,1977.0447018158452,2279.1610114079585,4121.694118479791
8.637,1903.0720187919678,2234.8304091729406,4597.940843077821
8.637,1907.201640891798,2572.572224924154,4507.042765918963
8.658,2201.3964536380236,1680.2608845486861,3941.079792883243
8.658,1841.5515333942035,2146.9456317670215,3847.0984717051037
8.679,1699.0764502626387,2200.946205683391,4798.573851339823
8.679,2085.055158261957,2140.1567531987243,4439.287994487972
8.701,2220.3814935022897,2304.5739589903283,4550.20412702483
8.701,1767.1751538230194,2431.5912016604675,4359.994691791488
8.723,1840.2435447598593,2181.388686766409,3910.560811786638
8.723,1771.760007764064,2262.4719793846098,3613.3981480029
8.743,1661.0614146523076,2014.572442392795,4687.783996128937
8.743,1971.4821424334216,2105.0130914872652,4124.577034401855
8.743,1761.5614374038355,2250.304509799784,4415.220095962211
8.743,1729.2844524268228,1868.1701060729115,3891.740371604189
8.764,2027.8774715036493,2137.7373999643073,3904.4337173779386
8.764,2014.9579979912394,2053.8248755441805,4692.761730516646
8.785,2116.4559521662054,2458.371605015719,4776.863296383984
8.785,2037.8732506572283,2118.097283101015,4048.6031230971257
8.806,1881.8342399778917,2084.3741292393715,4106.003616057813
8.806,1658.7717235379264,2227.5751635338265,4345.219089358655
8.826,1755.1743625463819,2532.8544578629235,4026.100292011328
8.826,1897.3385655529814,2209.965733602503,4705.285283901383
8.847,1807.7556656398897,1918.3073957911015,3753.6397655371284
8.847,1718.6227668162103,2334.830116740624,4569.471017161366
8.867,1957.8277482322092,1885.7968454948364,4831.618408352175
8.867,1827.5805971252967,2207.5873319228776,4553.738060401045
8.889,2135.0606889221876,2418.332795978504,5257.406902072507
8.889,2005.4830549908706,2047.4245446029254,4910.804920919275
8.908,2174.2536230264514,1930.7230474958526,3901.0610440539667
8.908,1941.22563499965,2351.0389672311794,4798.585269737199
8.928,1646.7367123398594,2459.3375101454717,4398.3233164288795
8.928,1786.8854128150479,2078.2077047623743,4593.785608212868
8.928,1937.8883646592456,2099.5859898271638,3372.6148499225897
8.928,1991.1467513528921,2360.684931692585,3796.2384741683295
8.95,1943.2396446892778,2182.7754617716405,4803.432287652254
8.95,2025.4557530079098,2517.496014290989,5364.000175763189
8.969,2006.0091902911026,1958.2647913088508,4571.292503498885
8.969,2002.5641788467487,2177.555407533259,4663.70727200945
8.991,1682.7754521289314,2261.1336490610047,4069.338046758163
8.991,1644.7989561960637,2200.4240285431006,4638.772009253816
9.012,1985.0211403639696,2442.6293679899854,4389.1949634546045
9.012,1959.9653678141208,2740.9785171687013,4896.440297233476
9.032,1443.4000926306476,2335.7433838225647,3807.0996739702937
9.032,1819.0543939606587,2392.578433355103,3775.9449993980597
9.053,1658.544120008025,2023.6743042792343,4924.132774358819
9.053,1864.1890232573053,2353.320098489385,4381.53593536903
9.074,2067.4526157775877,2539.803429450581,4137.261293443309
9.074,2382.612104538502,2248.691845836007,4490.3793813852235
9.074,1894.8034211624495,2114.809666439182,4362.765745643898
9.074,2160.40102543292,2195.3436633211645,4139.002025355891
9.096,1716.1738294588977,2223.262717972157,4077.502626149023
9.096,1788.3181581104977,2006.5099016088661,4234.559617853876
9.118,1955.265871484374,2260.062249152094,4132.842634947155
9.118,1662.1764321703204,2309.4867083556765,3747.483658674325
9.138,1926.7673494149014,2118.81552928447,3882.674860436639
9.138,1839.5643150080243,2035.0690336248178,4339.591958025284
9.159,1920.8893415179475,2236.7101922268585,5080.8324314618085
9.159,2004.2334520068173,2287.6863496995943,4507.958530933063
9.18,1925.1489868702417,2593.256331799859,5138.381035734597
9.18,1868.3053735558733,1982.4201349712712,4193.162982483028
9.201,2165.093979854173,2398.730528331441,4087.555962412694
9.201,1745.9928469948043,2047.054275429677,3654.706481237694
9.221,1516.9479866557672,2009.5304313133627,3884.233168762199
9.221,1654.8417521409115,2290.1617300103703,4238.813280025376
9.245,1700.6749582691036,1999.8573272480635,4285.646461392043
9.245,1902.7618244914636,2311.3065374581624,5071.443563362187
9.245,1811.772791011552,2263.054919799457,4618.421338680412
9.245,1974.1431778640706,1883.0307629851852,4378.473440116826
9.263,1588.3191091292156,2531.6272327869733,4162.836001936818
9.263,1748.235588170767,1766.8011669079726,4771.071994654943
9.285,1780.7166939149574,1863.5513728386832,4981.222340750696
9.285,1871.3104025149412,2141.3895567646628,3791.183398940063
9.305,1871.319329534268,2249.568680434038,4129.505638379998
9.305,1880.1748132377786,2186.2449373205413,3858.2694996153627
9.325,1801.481154517176,2293.688919897067,4568.463660504643
9.325,1894.8317647933814,2351.309346683994,4582.0499432426695
9.346,1889.098424801816,2160.5180100756747,4638.55541630394
9.346,2106.9824967180325,2405.465186180729,4282.707269371155
9.366,2102.211481119103,2324.8301585604713,3851.6127598433345
9.366,1845.144224514147,2090.756822969334,4185.001004583847
9.388,1756.1759146665063,2073.84190506505,4371.312092504545
9.388,1985.481775257791,2163.017569418666,4022.872322856556
9.408,1933.674680746747,2104.0100928986753,4115.009195616236
9.408,1771.264065282795,2595.7075503836595,3805.7083715617377
9.408,1711.59569425605,1929.4429475520196,4650.9592852171045
9.408,1909.8925051097149,1954.8283039257585,4134.83085608476
9.429,1894.3950873693527,1871.166102460837,4578.263019122066
9.429,2051.9867124898583,2026.0292375548388,4949.556183694786
9.45,1759.4123261507941,2041.1381494178686,3939.146275644811
9.45,2026.8213060092648,2439.953043661818,4051.575235384573
9.47,2074.816763952331,2130.7803656625297,4521.45716164276
9.47,1819.9929179198248,1967.114065794911,4087.4188237861486
9.491,1794.2670056391185,2581.6635001680256,4420.8881869182005
9.491,1636.3264937037866,2227.6018655706243,4078.6075828070702
9.512,1967.4710870142155,2143.8360551226497,4342.495163103876
9.512,1716.5673480461326,2219.2663489536535,4362.185044923039
9.532,2318.9284176799197,2385.7097780589615,4530.655843462954
9.532,1760.719241551654,2242.744040276936,4484.204646656899
9.552,1930.6661749326329,2123.9763804256822,4595.946633115164
9.552,1748.9173688698404,2158.3298390230334,3863.0886160762757
9.573,1727.139208290256,2303.177805001456,4389.66274426791
9.573,1909.4634948004034,2515.3901330767676,4547.960196178521
9.573,1777.1492680803858,2378.3029985229205,3966.679107407086
9.574,1591.8970337000858,2216.7102539220778,4129.946376644952
9.593,1952.6107421822728,2460.323212835869,4306.425922972986
9.593,2386.83448385721,2279.5444096974506,4856.351724346348
9.616,2088.343971013161,2291.724017880397,5149.860292686218
9.616,2197.1623801734117,2412.3327491872124,4404.5438924637565
9.635,2034.949250247256,2022.458047055786,4647.495411036408
9.635,1780.8407107749479,2341.8034844954973,4220.936894911035
9.656,1791.2474546778903,2375.8228984414777,4449.219488389277
9.656,1986.4537488610938,2238.451381926314,3849.963975170575
9.677,1975.3750865669258,2115.3946546257584,4232.642926552069
9.678,1741.883117094732,1699.64640329771,4209.182066822519
9.697,2042.5323381771643,2392.9931194460905,4443.392762520373
9.697,2017.6417617002514,2393.608807537172,4326.283147259212
9.719,2158.2816097710543,2339.071113333454,4278.151726522626
9.719,1940.2882290558093,2235.2547930866713,4610.225452500427
9.74,1911.735853357165,2295.2078634978266,4047.003873733812
9.74,1835.4398687269963,2070.263094546596,4480.73096023765
9.74,1893.2947003136103,2270.960892755508,3909.1068105190498
9.74,2095.19209166177,2022.515462219225,4218.554518379103
9.781,1697.349855724453,2192.0795681270397,3770.01912470965
9.781,1723.679673688577,2165.1328654680806,3673.764058854178
9.781,1934.9824732190632,2460.44126004796,4379.822571474884
9.781,1874.6641735254543,2108.264500056257,4632.538007736976
9.801,2111.776153596481,1973.12942483585,4195.677127826451
9.801,1998.7912717453282,2079.3525413347656,4891.041301977231
9.822,2029.533218365874,2325.0736443091973,4054.0632520229738
9.822,2003.68263806522,2245.786246536045,3891.8543825271413
9.843,1679.7405725827105,2236.3469737456126,4255.55130102299
9.843,1909.6292088452858,2288.153237043089,3551.6445209932263
9.865,1665.2936062546187,1808.2184041591213,4210.972120240512
9.865,2204.194351631141,2089.126621706848,4635.202730802468
9.885,1824.6078075823466,2022.0978849134892,4455.116077184508
9.885,1912.893121214867,2035.8172176423022,4298.271773322307
9.907,1820.0789832079215,2101.33411444419,4067.2816596314838
9.908,1851.7743881677045,2112.6748755660687,4791.357716664896
9.908,1776.583631783713,2484.735682066152,4254.254502885561
9.908,1771.4978800449019,2176.3136078999155,3998.3572145478706
9.926,1626.4484630174325,2412.486612538244,4061.51516819256
9.926,1741.1108055605596,2241.550872093466,4229.091208114275
9.949,1567.2799504255613,2305.9676770422866,4236.011163394737
9.949,1770.0955186180354,1997.9070692066703,3257.5599885918396
9.972,1766.1281608050672,2164.8876188539452,4691.076084391579
9.972,1830.3485402617755,2526.4937413830125,4268.169100034056
9.991,2313.3926128270455,2306.0498064414014,4491.127968599357
9.991,1973.938005798579,2374.191472672786,4788.798937165902
10.012,1922.7501273405323,2270.378808878576,4706.142582657639
10.012,1732.0991143952656,2265.7816063251644,4191.008119536132
10.034,1697.8567012179567,2240.809691981822,3714.714942225561
10.034,1683.176401631209,2168.672144280749,4650.491986286562
10.056,1760.5027068030622,2242.7054239478966,3502.7489579856274
10.056,1936.1868111645522,2115.2660612433506,3802.4165227815806
10.077,2009.9911058518198,2217.95642719745,4569.369549809977
10.077,1410.3883406530072,1989.3861450385234,3986.2901139240444
10.097,2293.9455177896925,2092.9960389175226,5270.1691147661895
10.097,1946.3966514702604,2333.8371969355294,4485.622987800443
10.099,1908.11130103827,2244.8570497849464,4136.495397128504
10.099,2051.9006829988803,1999.293143135872,5090.724448149743
10.118,1776.0609555259564,2259.605827188504,4212.539127241852
10.118,1729.339677046297,2471.7722955136037,4419.185226373613
10.139,1654.7404573982217,2123.3880894473677,3445.8441965599072
10.139,1816.7696949362062,2381.431811309643,3272.462216729856
10.16,1829.9673019425231,2281.68553728798,4082.800462448028
10.16,1927.0791063955653,2342.152439235378,4357.096166146897
10.18,2125.7748603024443,2129.961651508811,4687.942386931796
10.18,1952.4545859838981,2007.0873881466232,4863.682696574402
10.201,1874.4212721771112,2066.8544328163916,4749.310651894384
10.201,1722.740529703088,2424.7721726530003,4628.627146231134
10.222,1831.1829733027096,2442.490174947101,3913.890972212966
10.223,1970.463964730389,2345.6828802650484,4209.948444893915
10.243,1727.5951370205091,2059.4398474887344,3498.1230296042318
10.243,1666.7047137350678,2131.945499644795,3976.336316794569
10.243,2000.6929771832674,2288.5984315558608,4695.5286400553905
10.244,2197.139123425459,2166.296359427787,4078.8870818329237
10.263,1903.5574517030673,1982.882732382535,4650.865559102186
10.263,1786.66535543701,1985.254918917992,4591.953871125904
10.288,2091.303888824031,2090.7976533544743,4614.037314697427
10.288,1864.441791817289,2295.6073505399577,4155.354094838447
10.307,1868.3049477423724,2260.76499620179,4343.659813643751
10.307,1950.736616024577,2194.380240717701,3989.9631697826017
10.328,1819.5230154362148,2060.1578177372894,3307.3299697977573
10.328,1667.4323633410836,2240.9315643935124,3910.979642963541
10.349,2045.636257582027,2154.244663272336,4765.154507584184
10.35,1898.7822101025758,1935.6109815085265,4467.57701718573
10.37,2187.724195931389,2371.7815953960285,4545.129840447178
10.37,2092.079934620963,2494.5785813580037,4121.753169285332
10.391,1584.9032576975987,2166.223833891193,4261.877270563213
10.391,1661.8972134194837,1775.5414256747442,4748.552418970951
10.414,1862.4197921974599,2135.3827454330353,4446.865561017677
10.414,1493.0647619008382,2501.632832970663,3973.414436171844
10.415,1689.2975100750998,2115.3873628322604,3084.949407628626
10.415,1767.0465739654412,2004.8632654983746,3412.0438543827813
10.434,1951.2268947258228,2344.3609049893735,4128.279807311717
10.434,2003.7354631277503,2395.328076429134,4250.33318372598
10.454,2097.7809503787057,2430.3700066751776,3746.9348070446986
10.454,2073.9796524271496,2346.839398218915,4155.148873899459
10.475,2011.805735876295,2239.217750580213,4485.385075178046
10.475,1620.6526941950076,2066.2120807802908,4543.9842026418155
10.496,1868.1658014075822,2580.8508732451523,4209.757022471463
10.496,1706.540610770784,2075.823095739103,3941.981049021735
10.516,1920.948017272706,2289.571893889202,3743.2944035037126
10.516,1672.9199445309657,2178.6042381301636,4258.088832205059
10.537,2165.266217487054,2047.679308483488,4374.521525775923
10.537,1643.9186765405257,2127.901403802817,4607.980425850956
10.56,2190.433534785132,2252.197384795143,4341.379738571794
10.56,1835.6879333294316,2456.7307499844333,4507.906099396043
10.58,1997.430590541556,1855.0473186042123,4302.200112123387
10.58,1795.8387753577053,2204.9788216184793,4595.401519789723
10.58,1856.0172480506694,2237.1217884176667,3241.085139058077
10.581,1929.2922307497279,2193.0348967112072,4242.743146172077
10.601,2114.8083785379686,2395.6767233001106,3734.4267377746187
10.601,1777.7365053916428,2118.2424034130495,3565.109544361507
10.621,1977.4755358606308,2055.099206062507,4145.666220479933
10.621,2180.7631248351554,2151.252469893146,4648.123198246298
10.643,1981.8590894888628,2263.1403566804165,4640.1898501573205
10.643,1989.8331196791498,2271.2778385793154,4339.9681557942195
10.663,2174.4447176355743,2350.8146662840195,4235.832619319752
10.663,2095.8243579361715,2027.0244436096054,4604.848278285207
10.683,1782.051154661077,2430.4654663226447,4359.238703822741
10.683,2005.4417630098471,2395.2586505240674,4035.3761012423975
10.706,1827.9569398873762,2305.744459055514,3293.8816707927012
10.706,1874.4385370105279,2115.845080481284,4434.628413597813
10.726,1967.494180791814,2505.0584587512353,4898.720683518187
10.726,1849.3481129995405,1992.6875522201317,4390.6160674422035
10.747,1962.7875459939428,2493.240461085873,4845.208342549934
10.747,1704.9588594360896,1790.335022213755,4595.620182665227
10.748,2026.272629504651,2218.94689638114,3895.5775694557037
10.748,1709.1839709358146,2178.987975040547,3490.00295217011
10.769,1698.776210175195,2300.8690798052526,4470.805534731637
10.769,1747.5639627565936,2343.789473147497,4213.7428173080725
10.789,1691.5616336682422,2094.02089591716,3665.0626008483887
10.789,1912.196644764965,2212.103878759402,3425.233877212339
10.81,1916.5019075885157,2162.2357963671348,4429.7628725524355
10.81,2010.2063608278045,2346.8353908224763,4196.8433260788215
10.831,1527.9851936330592,2301.9800079288216,4633.326771822837
10.832,1914.3960661410822,2448.9854631104668,5024.655547701552
10.853,1815.3013124549896,2031.0400385352089,4627.665448582662
10.853,1898.0352652467705,2367.8749140770615,4378.639248463055
10.875,1810.4041248317708,2530.138432187255,4303.966477379125
10.875,1785.3899193739765,1890.604807083404,3851.488394968456
10.895,1586.9783789192063,2024.9715515734467,3564.706478144995
10.895,1762.1348323360216,2554.9402557795124,3755.1690805410276
10.915,1955.9614642439428,2386.165635564426,4068.1590742387925
10.915,1797.6089090423875,2106.2695468406764,3891.901512944936
10.915,1833.1092990650318,2409.3625151884353,4494.281442829808
10.916,1951.9856916413778,2391.2834485774088,4798.960564976971
10.936,1601.4191609461989,1970.3973751256187,4189.760390156167
10.936,1617.672413048441,2166.9891835245667,4311.1046057228095
10.956,2037.3617431927044,2567.974460100011,4373.555628903162
10.956,1838.406235930439,2341.431899692088,3784.4080852320376
10.977,1575.7542784864756,2266.3083175819893,3241.2537133793803
10.977,1936.431662179795,2039.6097887099097,3213.3460726381904
10.998,2065.8532715678334,2431.1147958090405,5146.1111689653735
10.999,1819.8208211869412,2067.098070941085,4910.608661188917
11.018,1896.9586312650079,2313.878231064412,4357.664048325777
11.018,1865.7077945235897,2057.4407054077888,4625.145830742408
11.04,2051.3405010369565,1903.2254607777415,4011.829758698926
11.04,1986.3237370482839,2021.8487420239312,4210.747723772885
11.06,1907.7212188761614,2184.2714620064685,4039.5207767491074
11.06,2038.9773406696663,2131.165358818731,4423.001375817407
11.082,1758.8273950422013,2367.5159764549194,3384.8245985800636
11.082,1723.1658514042826,2215.57026854313,3795.8134233905203
11.082,1706.1562691659633,1973.2498361740995,4221.614653976307
11.082,1868.942254071771,2167.017936675529,4331.734857486782
11.103,1874.8375411559693,2443.8701453394856,4962.805381185207
11.103,1686.201236493804,2055.851976966846,4458.5975059914645
11.123,1976.2016160970343,2410.248122797347,4462.351911501038
11.124,1987.4922272419396,2366.033626549089,4301.350578229407
11.146,2000.34325031556,2024.9677270104041,4680.273715574673
11.146,1848.2489022521672,2058.1513441306392,4759.276779381054
11.167,1558.862893348283,1891.2630824701191,3393.246476349119
11.167,2035.0621602093113,2226.595714099266,3994.386836900231
11.188,1817.213192352657,2444.0291711499585,4463.555347981867
11.188,2064.738389430882,2511.7701046038833,4341.741959370146
11.21,1778.3458821877778,1910.1542459570928,4266.560208501303
11.21,1973.2874826176765,2402.128244605454,4320.737285282882
11.233,1955.3825620113525,2166.4205234510923,4303.761456081493
11.233,1766.2375514917753,2061.8618147917946,4391.858892260841
11.253,1914.0258994761537,2108.3612762295948,4078.2792312056554
11.253,1965.7585416240663,2014.636871620712,3993.417354103605
11.254,1661.5780311171075,2652.1302925698433,3781.601618264381
11.254,1775.4355649673473,2144.0102596752995,4000.0280977542534
11.275,1840.6145061716124,2386.511218406983,4022.2335651237613
11.275,2191.4372120369417,2007.5158692365717,4695.326987232488
11.296,2196.3719760601957,2243.3539427605438,4584.598206177632
11.296,1923.5316967640467,2132.64820034683,4593.828958874644
11.318,1902.2343713998503,2309.796577655307,4503.135768068687
11.318,1800.3883036325592,1809.1228959282219,4656.390161056127
11.338,1737.3329796381915,2315.11258712091,4410.0984639028175
11.338,2039.0358740887093,2203.902648436806,4278.509073862422
11.36,1564.2723963993728,2171.3956742178866,3294.9644067094623
11.36,1845.919588848187,2074.790331913749,3603.211449340052
11.382,1892.0977141707665,2312.1667486437536,4631.21229639792
11.382,1794.8826129654083,2378.1953218414383,4459.468462755522
11.401,2123.031514045223,2260.708085570736,4641.622688421938
11.401,2012.8753543021442,2083.114119956008,4752.177819665909
11.422,1922.2281560290708,2027.8846388854563,4151.293064798089
11.422,2004.9669293185334,2265.2879238776345,4098.018548155287
11.422,1866.7562197326,2291.279206325868,4702.4035274989
11.422,1765.2693182716614,2151.324993970252,4532.537384026951
11.443,1651.7878770881778,2196.799768559404,3492.335438809414
11.443,1860.7524903196677,2115.9673703966523,3213.103937084652
11.463,2170.5372039012304,2247.7453475491616,4274.250799616988
11.463,2000.1421038130825,2274.4234244908175,4669.130636470245
11.484,1871.9632138394609,2140.3373932379773,4534.21135861633
11.484,2212.5121424742174,2098.0449041541233,4445.131594741503
11.504,2079.6193722951575,2181.9731565228394,4359.510218287294
11.504,2024.3143679251395,2192.0912140010037,4145.309034762018
11.524,1983.4837981510161,2163.4570022137264,4798.047272538639
11.524,1770.7540727857756,2000.9705400047144,3925.6322019753457
11.547,2142.895090615981,2325.62313280428,3526.422357052629
11.547,1670.4169341969518,1958.1029153196757,4148.53667313732
11.568,2097.3425365245184,1982.3368433722574,4538.945233910898
11.568,1872.0519751876107,2233.850138342022,4068.016232304555
11.588,2087.9105377380292,2530.730148739512,4700.86748074139
11.588,1784.3187428556635,2247.907313615257,4471.262733968753
11.589,1759.880432528014,2606.630813418513,4697.4012258806015
11.589,1722.1427810539726,1990.3745044012585,4083.648261491835
11.61,2095.183466754962,2622.6232217372512,3633.558967747543
11.61,1950.4425235929302,2370.7966215932365,5094.466325833552
11.63,1746.9529628176022,2199.4336731135763,4239.655987850946
11.631,1754.5903272211683,2254.826403222963,4091.4183699101127
11.651,1970.6647825809623,2169.234242802217,4599.032394346691
11.652,2311.163019822646,1966.89718555644,4176.427606398077
11.693,1995.1496693669492,1952.821508996739,4708.912879822309
11.693,1660.8016160004067,2480.9377529172484,4298.093967754686
11.693,1971.0702416123393,2139.0475928313213,3885.7216211475434
11.693,1782.097325588006,2220.318062463294,4510.206348540272
11.715,2161.0643998020205,2207.105146003776,4065.718130706212
11.715,1627.3958787155784,1989.6605616579893,4094.3845484794424
11.734,1548.6290373713734,2322.5371558247134,3881.2548958023785
11.734,1541.1494447492723,2306.727794639314,4083.0634107078304
11.754,1749.9333254451956,2527.964737809428,3715.367848528246
11.754,1860.2653944290075,2164.4066182408847,4663.970972158943
11.754,1989.128786817115,1999.1819644189816,4846.641680467859
11.754,2001.2790101290097,2153.996887558777,4758.014029152755
11.775,1846.3052406119293,2547.6804169128427,4707.274639658923
11.775,1990.921269718077,2411.3538812328643,4979.2217334848865
11.796,1905.0783092420759,2420.096742405277,4548.699105031806
11.796,1939.5378047431864,2108.8743510369145,4243.563728318476
11.817,1829.7232714070203,1967.899714830838,3876.676421376034
11.818,1833.750545965783,2056.5048279744074,4159.2457697203845
11.84,2112.1079592592096,2194.9109985403757,4770.994503587507
11.84,1822.999935499669,2009.8793220432597,4235.555142097876
11.86,1849.0391858212863,2334.517104715689,5070.199601597875
11.86,2083.5807451240516,2189.377643626594,4789.405482178399
11.882,1993.0940401294995,2173.9455023225883,4748.334964688664
11.882,1864.7529202313626,2228.0360221362985,4463.527268963617
11.903,1848.0299312881173,2558.5135347073888,4498.692158086003
11.903,1932.717364611571,2257.19619749172,3731.8136236800397
11.922,1765.763647988276,2115.3474652152854,5012.2455283506315
11.922,2089.2954693721185,2141.3124925059415,3622.143022961819
11.922,2036.857584771848,2080.688915858313,5090.893505074725
11.923,1951.8035235216287,2188.739499559767,4732.64221782005
11.942,1951.1604370887078,1846.702402753944,4712.582350873451
11.943,2016.1407829830791,2084.1305554121,3981.3185257656723
11.963,1774.1975461824659,2345.8127418353297,4406.787400232009
11.963,1901.9327953954084,2298.1840960775057,4622.065350652584
11.975,1873.1958556647933,2403.7373148313213,4449.359081633686
11.975,1807.6790357396455,2158.053856834979,4539.274583955813
11.997,1645.0379397107588,2064.2946255120683,4000.419098570056
11.997,1965.2747726214766,2245.3917705235726,3699.9492355180037
12.016,1860.0977015652704,2390.1240278189653,4034.5198386020975
12.016,1693.4935427091818,2364.5487040060366,4392.161203250595
12.036,1688.7546618430283,2064.230417919899,4265.560113283547
12.036,1713.216571781519,2281.729667160685,4498.15471787924
12.057,1780.0481038710823,2430.983240849931,4699.593731580673
12.057,1832.4443622404956,2101.47001234707,4854.5766315181245
12.077,1761.1138803570861,2272.195547027992,4638.378841022774
12.077,1714.126498235711,2214.8084755126665,3718.9155157500745
12.078,1759.2137606304661,2105.762230924876,4142.3462719065865
12.078,1698.366544139972,2223.8303041431755,3976.055221383113
12.1,1962.8850341066782,2286.2237523538615,4480.653235487469
12.1,2074.5993481503983,2789.077681045246,3725.355920262118
12.118,1985.69561215692,2166.624993081903,4443.796580399684
12.118,2018.7219130685053,2039.1692354833842,4957.075634047005
12.139,1683.312312306772,2310.4836399026767,5317.12081259645
12.139,1799.591686150801,2337.6691070688535,4238.945023378709
12.159,1755.863070105556,2266.5295496789026,4139.185572594904
12.159,1676.0780709631651,2088.896609234447,4154.36089077207
12.18,1552.5293311055796,2068.494623534303,3492.032217791464
12.18,1849.7589789959673,2198.6781113447196,3814.522300029265
12.202,1939.5524102013424,1984.4813350316986,4052.936794794583
12.202,1771.5190279243147,1968.0595365775528,4566.043278960393
12.223,1609.9696217547491,2387.3953362174275,4251.100385082885
12.223,2149.934611748268,2313.769439603762,4321.418861537842
12.243,1914.9642518967091,2189.7838365978637,4547.320990289416
12.243,1677.901401635257,2261.897697535201,4411.958625465544
12.244,2005.9687752513023,2107.4544754498866,4264.000963394019
12.244,1729.680264476323,1874.7946841547955,4645.376181672049
12.265,1657.9767693239958,2072.8036836973793,3849.4699611146875
12.265,1593.1428418107434,2311.2472097312493,3711.958741742749
12.284,1826.6665225013162,2313.9292468950825,4002.0605516047685
12.285,1951.2184803829398,1849.4049584473912,4359.415672490427
12.305,2061.7370419318813,2347.8228923195943,4443.237560131803
12.305,1780.0662663720068,2405.713909103183,4249.232182210332
12.325,2017.525409755277,2258.3341074485334,4848.826712328528
12.325,1992.4713950607488,2384.689891350608,4683.775535952283
12.346,1934.0746683624516,1856.3780455635133,4546.930785842075
12.346,1851.7448640937434,2470.9350736922393,4469.130249692643
12.368,1815.3179524245634,2094.2829581752712,3815.626113957582
12.368,2094.7752020349117,2140.510587627055,4240.536000659672
12.389,1888.8640637200276,2012.3591689620944,3832.306876981375
12.389,1859.1904630069491,2411.501189351834,4469.150247026012
12.41,1564.0883067456857,2214.2413766074114,4648.599711065987
12.411,1928.7026611316878,2160.8539769144495,4546.471014093915
12.411,2149.786810242906,2071.035833036365,4456.496036218415
12.411,2049.9103480322865,2372.227806131674,4637.987587810232
12.433,1812.535380758665,2192.2411010913575,3436.20331143498
12.433,2008.4248988638533,1862.3640032091137,4164.002015297841
12.454,1853.6953680279128,2216.652536816569,4007.9123031960303
12.454,1744.203928165733,2130.495094132901,3305.1849687102263
12.476,1893.9554259114993,2167.2847851115553,4263.658044881003
12.476,1876.8095276700512,2575.4167941849705,4520.673507253501
12.495,2082.5911713632017,2280.5889756740917,4616.008974082359
12.495,1762.9343329253893,2292.6316405091625,4329.005920870363
12.537,1860.5049851727233,2334.190559543253,4731.556273941049
12.537,1850.5203352761357,2190.2069235624413,4984.465322568301
12.537,1728.4379854317435,2009.9300151282907,4068.3897303207655
12.537,1949.9095891997913,2515.59317341636,3866.5695591406693
12.558,1804.774901552636,2323.2445538391275,3546.4932461502262
12.558,1686.7862366191919,2276.9892880567763,3866.340107371213
12.578,2013.0522415774512,2178.3394651032663,4362.864093517231
12.578,1912.080699241388,2354.930284625033,4122.224717533691
12.578,1906.5018295369828,1902.1990160572946,3960.6762375894687
12.578,1987.5928089150675,2174.057917710948,4631.690317229047
12.601,1991.9036105239206,1979.2225169875967,4328.178781786734
12.601,2113.9423914148847,2251.440968382598,4450.620119866605
12.622,1697.8638713900832,2105.903231224514,3591.356944118643
12.622,1892.3046805940482,2295.5063887720835,3871.2788903217693
12.644,1775.7574435311385,2224.751484696376,3599.4319982988973
12.644,1927.4425165107211,2287.391663056223,4349.70812491905
12.664,1946.1086424493294,2225.1137199085647,4283.125665150183
12.664,1996.9176399359592,2314.563434271741,4900.1845933098375
12.684,2273.0999078417963,2190.464676769381,4686.703366844604
12.684,2055.3746432100525,2206.8749256025912,4345.468884006854
12.706,1783.193992578305,2228.130043768818,5104.328274285542
12.706,2064.2217222952063,2418.9786075280754,4827.269361422042
12.727,1892.5409570150014,2087.536472867793,4440.02435558552
12.727,1719.7373992131345,2153.459537901015,3910.7399489926574
12.747,1672.4076611146504,1886.5166706592186,3765.425773668283
12.747,1895.4337426666368,2057.5307031508187,3962.795365964069
12.747,1930.763613997945,2084.0823843592093,4273.738831096745
12.747,1917.5380354195856,2033.804046453303,4675.98342068422
12.768,2169.100620387772,2152.192918884102,4681.641510972733
12.768,1779.3677018644407,2230.9545628534947,4671.124083673109
12.788,2056.627978962833,2435.5656416584707,4864.023365309906
12.788,2016.485682077718,2014.5317103523444,4360.146020272711
12.81,1704.260587630113,2322.1211394630786,4216.215275519321
12.81,1752.8273887121577,1990.9252011550047,4668.244653649845
12.829,1918.5101214855206,2348.1286360069266,3790.9357289727004
12.829,1947.252160059627,2211.454530740911,3647.7093461360487
12.852,1904.977076427947,2331.784600243111,4943.16251189973
12.852,1847.3772092863467,2181.081093346763,4475.364951048234
12.871,1782.5062716195553,2243.6664968728455,4439.650693452409
12.871,1914.535301223234,2255.3533164173555,5075.61371553171
12.892,2057.8070961899307,2129.898564881925,5167.079779884235
12.892,1943.3000526592036,1986.4040416659814,3904.3124027696686
12.913,2177.141627202734,2335.912802580559,4097.373713964116
12.913,1617.2249600139628,2189.135873510381,5106.675671103018
12.913,2124.467963259799,2020.037002894972,3053.0569501678006
12.913,1699.1690744324012,2037.6619653964874,4190.452848666366
12.934,1594.1404580171982,2414.0261679657447,4087.072470457037
12.934,2090.40614403151,2241.5034803982526,4852.0321086906415
12.955,1821.4232293573368,2293.068638064037,4355.508714433352
12.955,2020.5841968929583,2354.2430106525594,4671.096988930836
12.977,2310.001080966387,2177.486041826991,4250.801699241623
12.977,2028.2069308895796,2364.1280003707043,5117.032557841093
13.021,1988.9576570636318,2155.428595269031,4078.854060099208
13.021,1788.7977070517443,2340.094413701074,4484.2552359636675
13.021,1878.403357397047,2279.385499258244,4078.2960355997893
13.021,1598.1016374638632,2335.2804964527254,4813.043144208976
13.041,1817.336896128542,2194.3112856821263,4099.154435126908
13.041,1909.8383633202557,2020.6542413735895,4112.241013797673
13.064,2156.723992928786,1917.127621408965,4773.9068932564305
13.064,2032.331896529404,1935.271196428683,4590.343885681361
13.084,1908.6663763879556,2414.197431024038,4238.516572183093
13.084,1943.6327937506312,2277.4562490647545,4977.21726052234
13.085,2278.183323041473,2345.04832630801,4862.103663793935
13.085,1840.988510093501,2094.493218199105,3981.108847857008
13.106,1685.118669760935,2229.3434902182485,4111.041595525185
13.106,1668.261313123578,2143.1120495650057,3903.665018568975
13.126,1972.1304162843448,2425.623549156505,4943.660923809677
13.126,1849.0298822840869,2072.1597984285295,4096.102647729978
13.147,2278.917254562574,2252.5212614383813,4267.048392589212
13.147,2017.0764645013546,1988.3675426460811,4301.828197181996
13.168,1978.2042775454693,2399.283520493869,4839.153344117681
13.168,2040.0011591256548,2252.866523721626,4394.673851230193
13.189,1807.4593158099262,2206.2088899389614,3617.591719521871
13.19,2010.6208361678007,2351.242139827683,4214.693910738888
13.208,2036.7890511324053,2361.1806048272133,3555.7791887473695
13.208,1638.4423077446431,2280.833828212823,4363.466716892236
13.23,2053.18904796931,2374.8623129251723,4084.4695216468745
13.23,1824.2809044256157,2205.3666553530747,4281.446060188456
13.251,1853.9763614867193,2203.131184604526,4512.4001607513355
13.251,1935.7131127342777,2139.0803677146578,3879.871239429525
13.252,2178.714771681103,1810.8025454547399,4813.782018342543
13.252,2007.083637393163,2363.0243870917625,4363.059336829542
13.273,1798.353946891703,2311.6908372088806,3812.4817547671078
13.273,1948.98789120893,2111.997309325038,4452.043673602885
13.294,1756.5114597038084,2342.598758222073,3860.3087580531515
13.294,1600.5162904973442,2063.38396451396,4259.155333730293
13.316,2034.21456112003,2216.4045884877637,4765.015339920954
13.316,2079.541712129151,2096.5860823376215,3983.9052661134715
13.337,2035.5572340845572,2440.5242787345774,4874.839835967699
13.337,1989.8283611448035,2385.45203742808,4610.327948457029
13.357,2232.4590938696824,2215.4467319534197,4701.838508311919
13.357,1926.4308601241623,2159.5136595261633,4440.0448075409595
13.377,1918.9703122544065,2048.5662596554166,3900.7852183717064
13.377,1772.8508657147754,2146.8808929003562,4263.81778610031
13.399,1748.3466288680083,2512.077922089799,4522.616649302537
13.4,1911.2139230519465,1992.8856091408256,4659.893380999592
13.418,1767.2626343686693,2063.947146123105,3792.948418525655
13.418,1916.9022380969634,2011.6787297259423,4067.8157645150727
13.419,1761.942775079492,1986.0538212611439,4492.0171658280005
13.419,2161.2150875805623,2137.293549456252,4539.551265969648
13.439,1768.528900283374,2166.711621886519,4531.221810068999
13.439,2008.8763808969036,2381.058803206206,4634.114565893315
13.461,1917.896968666356,2390.072312434782,4337.618014014756
13.461,1889.5498205734166,2348.3321627293853,4760.219367355779
13.481,2031.2759156277148,2218.6029219701795,3910.4904513018423
13.481,2087.2251566549035,2200.881812741122,3944.9620706208816
13.5,1879.4070219039347,2229.2625298777143,4350.626111277927
13.5,2021.2677983857052,2690.2106334560713,4271.755666773453
13.522,1922.5786218567941,2285.9477690163794,4620.959232721645
13.523,1811.939700665237,2406.6805615916323,3837.361964846662
13.542,1985.4281963785527,2171.3440090165145,4586.710553420312
13.542,2233.9225810046773,2376.083298708019,4158.632937714401
13.562,1929.2778051271907,2222.3650657852827,4500.12104857036
13.562,1872.1933615023368,2279.5043050623317,4041.5744733559404
13.585,1823.8520222513232,2480.679399937742,4498.9829242021415
13.585,2038.2563449210882,1868.3043584421619,4604.6723409133765
13.585,2032.8194208120858,2356.577863657403,4348.167604709255
13.585,1862.5920899534058,2017.8241922805041,3918.8398613960244
13.603,1749.2559428911948,2408.013988746761,4532.548572831916
13.603,1855.0427708316586,2293.172189874098,4384.393401962527
13.624,2083.573681720412,2376.149336890612,4814.879381688624
13.624,1888.1866998949135,2230.33466600656,4913.777789966722
13.644,1700.5297929499532,2148.1352620709026,3843.8508281715212
13.644,1801.999115809687,2189.3409448016755,3905.515703528884
13.664,1954.3639672253137,2143.345644469143,4260.025243628027
13.664,2013.0401758197809,2097.4636547380424,4421.13295036042
13.685,2096.9704741270375,2380.235138648168,3871.48173823362
13.686,1645.3964375535336,2145.365033079062,4017.706988777197
13.706,1835.20651398547,2298.46889718359,4485.16084909704
13.706,1892.3297451270205,2334.358242012942,4436.62077945124
13.726,1821.9255566801633,2139.3466745472087,4474.244815850775
13.726,1918.4096210280745,2111.5875237827267,4576.847920102069
13.749,1885.641544064894,2179.366839679953,3925.5512737807435
13.749,1944.8339821512989,2200.995228449486,4383.678656721183
13.749,1802.9197318853414,2065.079646776262,4307.949560347335
13.749,1864.0063470787138,2034.5160543159518,4626.616304175634
13.768,1776.4399604202383,2275.126159971236,3991.957401838247
13.768,1858.4991687129643,2259.363023361038,4249.43599288331
13.789,1814.3422470355067,2372.632944965775,4526.531864651078
13.789,2008.5697150010421,1957.6921380701776,4263.877033318586
13.809,1851.6006565919324,2197.004824465773,4732.503597134904
13.809,2030.9952430752753,2485.0130054269225,4538.9967394394835
13.83,1882.4733928792625,2186.748179215251,4755.30762279587
13.83,1997.2629638621652,2065.4331761315084,4244.630678893065
13.851,1885.9728862400239,2216.266795380995,4678.996814902943
13.851,1955.607764966357,2226.9550575099306,4388.879962762579
13.871,1777.1739109332507,2184.5175668480692,4124.329016783941
13.871,1936.8969390832528,2218.8349293124234,4088.9581963902706
13.892,1943.5754912536609,2180.0523673519174,4352.2802120933
13.892,1861.0032763897452,2174.818415037001,4747.569079216892
13.914,2097.8965886565297,2119.2356625992393,4734.102844356763
13.914,2103.1264051608327,2302.4736334415793,4343.081255419586
13.914,1617.0960417067838,2108.3439540658023,4505.24616695905
13.914,1994.4303009337,2181.1956794281355,4224.257308648317
13.935,1807.7168753761453,1780.7811836372666,4239.9255012238
13.935,1859.3576139990016,2068.6340003586474,4375.949483511071
13.955,2151.5642218910384,2177.371729828276,4916.9993036698725
13.955,2059.366251230789,2579.688922808189,4688.537302169475
13.977,1854.512437137256,2271.605079171251,4327.358990957532
13.977,2112.539734194622,2341.0468856449115,5108.995715907658
13.998,1955.9518346876423,1926.2638130095877,4929.115715346308
13.998,1936.464526962535,2344.7429433117095,4332.25421587503
14.018,2282.3850265020606,2040.1238373839947,3931.278064871744
14.018,2058.6653338814936,2044.9993163562158,3980.947234656866
14.04,1904.8602801657667,2261.8245178778407,4799.234576427568
14.04,2252.1379953826267,2043.7591091861875,5056.904313759758
14.06,1981.6600062860336,1906.6974576430976,4383.082208523933
14.06,1879.0390490790608,2589.489834296567,3901.186026382063
14.081,1771.2982982221622,2384.05501305132,3432.861325942751
14.081,1972.7885024576292,2551.362879380697,4243.8736807269315
14.082,1831.3619558984792,2236.8732801570573,4935.831417965445
14.082,1764.888288699722,1901.7249520341716,4402.67754761638
14.103,2091.5160000540372,1797.6988332379215,4376.671051788548
14.103,1725.965829611116,2225.555678995022,4045.8703212295823
14.124,1912.7971336984172,1949.8601884891482,3889.171458629386
14.124,1607.185059513462,2330.2489192722974,3677.5649243379294
14.144,1808.2485605991208,1963.0707904274752,3784.1237544111564
14.144,1447.3268643217193,2103.5572217470312,4151.13278204621
14.164,1898.6469888166089,2147.4642677691804,4280.323141793652
14.164,1858.6591943126075,2111.837149035342,4411.084999241164
14.184,1780.114899373444,2138.594379521648,4440.070172978478
14.184,2048.9589427547144,2516.509653426257,4779.322298100182
14.205,2236.5239296567024,2237.981902214177,4129.867002408231
14.205,2210.150749988512,2034.4987132563833,4193.774570628236
14.247,1793.0541558273244,2260.6129603491217,4319.835230594882
14.247,1572.6063705551028,2317.0907328297885,4308.641155194893
14.247,1545.602893152792,2138.104893695161,3466.822980077579
14.248,1663.4456223570312,2559.970229195345,4623.773887994786
14.248,1842.30287086201,2099.249140853367,4436.85021474587
14.248,1990.3560215555724,2106.339190522653,4067.3328393704664
14.269,1889.4088284493143,2522.52291459576,4203.7057388804415
14.269,1911.7866114113099,2509.391954261838,3966.2724247988403
14.288,2009.0839102367906,2108.7164708737614,3819.740026967488
14.288,2068.1462274162645,2236.2961343000384,4596.681639755503
14.309,1872.7876282227974,2195.886995479086,3579.1064020708986
14.309,1865.0543848158368,2484.201171949067,4183.575834766766
14.329,1510.2983213687537,2282.4940898858954,3915.7686431196266
14.329,1862.124499615369,2038.6175790129578,4600.270309837036
14.35,1820.0657398833127,2487.8598010573783,4143.649751706452
14.35,1856.37587447858,2009.705138310796,4338.162772346773
14.371,1642.457023214841,2472.0727394402097,4742.190789866301
14.371,2240.5405132553688,1881.433475505206,4625.024901508003
14.392,1942.4216931765816,2089.7634659217883,3596.4786675956843
14.392,1913.5553617405724,2290.4372484953965,4747.818627143085
14.433,1873.9898745666826,2257.934553721393,4139.982251295429
14.433,1703.922305530757,2201.965054984889,3655.729889829871
14.433,1681.9077716182278,1931.9511285882666,4038.9151510888587
14.433,1902.6004825962677,2094.386080660804,4223.7521298216425
14.434,1859.922961444564,2222.783123789201,4863.937599379903
14.434,2064.172098529536,2124.965134591629,4918.047544792046
14.454,2021.935488044916,2449.418358098355,4924.05261876909
14.454,1708.2042796277944,2430.7846591554544,5029.448159981043
14.474,1917.4652391802113,2140.3122164883034,4307.464325468294
14.475,1948.8519494921331,2405.2499578677584,4123.314709879738
14.495,1685.5532981315528,1704.2884704228932,4050.9786848363583
14.495,1672.367869223193,2336.024921040873,3574.810509427563
14.515,1648.601376491351,2286.2263549777617,3954.378184773221
14.516,1817.076199929013,2217.831791546491,4904.277170764934
14.557,1645.6939982512738,2201.9175602496193,4581.996004115579
14.557,1848.8199119729197,2069.259826796714,4421.857157997701
14.557,2205.414780989986,2198.8248581592875,5050.030011473409
14.557,1778.657316845704,2183.682826284966,3836.820867372263
14.577,1991.5323843218082,2435.508290171208,4671.942017282522
14.577,1716.9571719978358,2341.5958260480743,4144.577542130895
14.577,1828.1717325746934,2185.826019602409,4334.012223603645
14.577,1706.0623476194094,2232.0165255386914,3350.955645887135
14.598,1695.5935721134374,2090.849306810305,3729.2898134193442
14.598,1911.3137902686738,2179.144596171942,4469.812534559778
14.619,1914.1149715617428,2596.003971108119,4587.238799648713
14.619,1717.2200350595551,2212.503471817605,4223.495639339496
14.639,1952.1065081340091,2365.06396487015,4141.002219668275
14.639,1577.918659788097,2168.988308718891,4705.949407655249
14.66,1825.3102317384332,2277.630619097047,4674.512015214306
14.661,1663.8127381613913,2244.3737379009594,4693.266797715094
14.681,1740.2542350510562,2112.6992324235644,3936.2680865201246
14.681,1721.2654913627428,2103.0890629062706,3793.9925712134127
14.703,1642.6511522720793,2241.5100081704313,3838.1722035390867
14.703,2064.217288218334,2162.184561502284,4594.164484108908
14.723,1988.772229568273,2332.593012485796,4436.0248906963425
14.723,2062.502004679296,2073.6933808564263,4916.873038839685
14.743,1952.721176478234,2418.2267464126703,4792.380244669902
14.743,1626.7714516276624,2069.6139316390186,4335.709284750512
14.743,2013.5870795857718,2482.7280253844037,4191.629358451497
14.743,1774.8310372262354,2379.3154867176254,3810.539335748979
14.764,1920.2864497350279,2239.4879058343136,3771.0984087634442
14.764,1662.790117980141,2012.632594531948,4332.34103855643
14.784,1650.493702925174,1822.6058694774945,4179.922334748835
14.784,2153.4078617831346,2199.7178787450284,4713.828575584531
14.804,1832.293450103653,2159.0981334848275,5234.105801128087
14.804,2047.3986182664821,2373.881395678715,4706.550939446696
14.826,2155.5711190782035,1993.858732955247,3963.3393930160555
14.826,1933.1131347823707,2001.0158444746335,4458.16686497632
14.847,2099.2983306428546,2125.4034121591594,4449.23944497989
14.847,1604.5043921499566,2543.349382413726,4051.7935073018193
14.869,2012.1338922398693,2206.7817220514557,4167.161074497488
14.869,1685.1697920697766,2333.900541537611,3580.806961612829
14.889,1756.19966793715,2016.9039531696521,3725.61980365509
14.889,2039.59113620894,2102.870720153533,4476.293098735355
14.909,2049.315052976603,2257.4554491324293,4416.317337185125
14.909,2329.552099735635,2220.840842762721,4815.073646548842
14.909,2081.707587642274,2156.3785446537568,4183.661162752264
14.909,1853.7393736381914,2405.565821952851,4655.2233029994
14.931,1869.0996244124813,2411.7510112592663,4503.704048024338
14.931,1729.4060570080937,2096.6033212685106,3595.4027563365103
14.951,1624.0290626468338,2195.3126550609186,4546.665918907806
14.951,1871.0759325979534,2204.319488667127,3797.0563830706024
14.971,1960.3991691953697,2260.154245762345,3576.9031545255784
14.971,2040.925888302762,1868.5361726269546,3896.833514300958
15.01,1791.400195059345,2059.5669147296367,4847.062721270334
15.01,1950.8278865146815,2213.851088999499,4493.199728090112
15.01,2050.2085521465797,2348.869280734644,3994.172864374482
15.01,1707.5360761427578,2426.2271449326686,4191.086532102131
15.028,1819.6751017847585,2009.5256501310962,4356.4510536813505
15.028,1814.3328356846614,2292.8019785034094,4301.368154966556
15.049,1829.719148628192,2222.00885725177,4537.4131922248225
15.049,1696.9033599588765,2386.1438726477504,3829.851502560498
15.07,1679.4857276749926,2217.679978261556,3855.7564921586554
15.07,2131.7455079044685,2102.7193999184087,4458.557816877034
15.071,1833.4144794605047,2200.0189172156524,4364.709209255519
15.071,2015.3481818735593,2199.968430000313,4574.989173830862
15.091,1925.4976656108418,2141.0509702608406,4482.003149026493
15.091,1684.7121408059547,2100.5620337634537,4639.797850403688
15.112,2005.6621772364126,2399.579099031869,3987.860309314863
15.112,1623.99470050867,2257.974612079789,3894.722362461017
15.133,1713.3061513837458,2074.920722861274,3783.390250107517
15.133,1933.673705600884,2022.7446402474955,3882.873675051541
15.153,1873.806073161248,2013.8887533263126,3344.2340196776254
15.153,1691.059781988267,1925.9246780568592,4545.073867987672
15.198,1915.0992753041469,2070.115023386736,4037.467059770232
15.198,1949.4491420339752,2260.428324523176,5454.912564404481
15.198,2269.6562244893116,2250.2882068521253,4590.706881446512
15.198,1706.7393373345878,2064.2515323054267,4555.0074316209775
15.217,2028.8717801014845,2366.6784022010784,4304.983010076556
15.217,1860.9587470235597,2159.1734084739464,4385.3591434180635
15.237,1958.274811362636,2229.1610737746596,5010.003712867038
15.237,1822.7103064690118,2171.373639599352,3382.50992099812
15.237,1851.4209193794813,1942.356069536725,3598.6585439172795
15.237,2091.4955721354354,2041.8678665635962,4947.99573535227
15.28,1799.3667643330991,2150.3455580309624,4489.663456588651
15.28,1988.006698136547,2272.0850884777096,4627.064349906095
15.281,1960.525884092675,2283.679200536765,4629.109537923274
15.281,1986.8357063491594,2207.311589732104,4994.330468636744
15.3,1872.7661778672184,1955.0149628656086,4169.41922626169
15.3,1814.223918219868,2396.052601629291,4929.699772730951
15.345,1852.744305477124,2175.6375452779444,4231.035542588974
15.345,1764.9502416228604,2156.2193604407994,4319.269632509373
15.345,1661.6972857039204,2416.0536935906816,4498.945437484129
15.345,1999.4472919385937,2112.271079567822,4778.864272886292
15.363,1855.4989770515344,1969.581636276858,4816.18457512911
